world,seed,condition,step,phase,method,chain,split,cohort_definition,ordinary_n,exception_n,ordinary_accuracy,exception_accuracy,balanced_accuracy
0,0,company,0,low,direct,company,all,phase_native_not_same_people,1920,128,0.0,0.0,0.0
0,0,company,0,low,direct,company,trained,phase_native_not_same_people,960,64,0.0,0.0,0.0
0,0,company,0,low,direct,company,heldout,phase_native_not_same_people,960,64,0.0,0.0,0.0
0,0,company,0,low,direct,project,all,phase_native_not_same_people,1920,128,0.0,0.0,0.0
0,0,company,0,low,direct,project,trained,phase_native_not_same_people,960,64,0.0,0.0,0.0
0,0,company,0,low,direct,project,heldout,phase_native_not_same_people,960,64,0.0,0.0,0.0
0,0,company,0,high,direct,company,all,phase_native_not_same_people,1024,1024,0.0,0.0,0.0
0,0,company,0,high,direct,company,trained,phase_native_not_same_people,512,512,0.0,0.0,0.0
0,0,company,0,high,direct,company,heldout,phase_native_not_same_people,512,512,0.0,0.0,0.0
0,0,company,0,high,direct,project,all,phase_native_not_same_people,1024,1024,0.0,0.0,0.0
0,0,company,0,high,direct,project,trained,phase_native_not_same_people,512,512,0.0,0.0,0.0
0,0,company,0,high,direct,project,heldout,phase_native_not_same_people,512,512,0.0,0.0,0.0
0,0,company,1280,low,direct,company,all,phase_native_not_same_people,1920,128,0.459375,0.3828125,0.42109375
0,0,company,1280,low,direct,company,trained,phase_native_not_same_people,960,64,0.7822916666666667,0.734375,0.7583333333333333
0,0,company,1280,low,direct,company,heldout,phase_native_not_same_people,960,64,0.13645833333333332,0.03125,0.08385416666666666
0,0,company,1280,low,direct,project,all,phase_native_not_same_people,1920,128,0.3927083333333333,0.3828125,0.38776041666666666
0,0,company,1280,low,direct,project,trained,phase_native_not_same_people,960,64,0.74375,0.765625,0.7546875
0,0,company,1280,low,direct,project,heldout,phase_native_not_same_people,960,64,0.041666666666666664,0.0,0.020833333333333332
0,0,company,1280,high,direct,company,all,phase_native_not_same_people,1024,1024,0.45703125,0.392578125,0.4248046875
0,0,company,1280,high,direct,company,trained,phase_native_not_same_people,512,512,0.78515625,0.732421875,0.7587890625
0,0,company,1280,high,direct,company,heldout,phase_native_not_same_people,512,512,0.12890625,0.052734375,0.0908203125
0,0,company,1280,high,direct,project,all,phase_native_not_same_people,1024,1024,0.4150390625,0.369140625,0.39208984375
0,0,company,1280,high,direct,project,trained,phase_native_not_same_people,512,512,0.755859375,0.71875,0.7373046875
0,0,company,1280,high,direct,project,heldout,phase_native_not_same_people,512,512,0.07421875,0.01953125,0.046875
0,0,company,2560,low,direct,company,all,phase_native_not_same_people,1920,128,0.8567708333333334,0.640625,0.7486979166666667
0,0,company,2560,low,direct,company,trained,phase_native_not_same_people,960,64,1.0,1.0,1.0
0,0,company,2560,low,direct,company,heldout,phase_native_not_same_people,960,64,0.7135416666666666,0.28125,0.4973958333333333
0,0,company,2560,low,direct,project,all,phase_native_not_same_people,1920,128,0.9390625,0.5625,0.75078125
0,0,company,2560,low,direct,project,trained,phase_native_not_same_people,960,64,1.0,1.0,1.0
0,0,company,2560,low,direct,project,heldout,phase_native_not_same_people,960,64,0.878125,0.125,0.5015625
0,0,company,2560,high,direct,company,all,phase_native_not_same_people,1024,1024,0.580078125,0.51953125,0.5498046875
0,0,company,2560,high,direct,company,trained,phase_native_not_same_people,512,512,0.978515625,0.986328125,0.982421875
0,0,company,2560,high,direct,company,heldout,phase_native_not_same_people,512,512,0.181640625,0.052734375,0.1171875
0,0,company,2560,high,direct,project,all,phase_native_not_same_people,1024,1024,0.783203125,0.4921875,0.6376953125
0,0,company,2560,high,direct,project,trained,phase_native_not_same_people,512,512,0.966796875,0.951171875,0.958984375
0,0,company,2560,high,direct,project,heldout,phase_native_not_same_people,512,512,0.599609375,0.033203125,0.31640625
0,0,company,5120,low,direct,company,all,phase_native_not_same_people,1920,128,0.9963541666666667,0.90625,0.9513020833333333
0,0,company,5120,low,direct,company,trained,phase_native_not_same_people,960,64,1.0,1.0,1.0
0,0,company,5120,low,direct,company,heldout,phase_native_not_same_people,960,64,0.9927083333333333,0.8125,0.9026041666666667
0,0,company,5120,low,direct,project,all,phase_native_not_same_people,1920,128,0.9885416666666667,0.578125,0.7833333333333333
0,0,company,5120,low,direct,project,trained,phase_native_not_same_people,960,64,0.9989583333333333,1.0,0.9994791666666667
0,0,company,5120,low,direct,project,heldout,phase_native_not_same_people,960,64,0.978125,0.15625,0.5671875
0,0,company,5120,high,direct,company,all,phase_native_not_same_people,1024,1024,0.9794921875,0.857421875,0.91845703125
0,0,company,5120,high,direct,company,trained,phase_native_not_same_people,512,512,1.0,0.9921875,0.99609375
0,0,company,5120,high,direct,company,heldout,phase_native_not_same_people,512,512,0.958984375,0.72265625,0.8408203125
0,0,company,5120,high,direct,project,all,phase_native_not_same_people,1024,1024,0.984375,0.916015625,0.9501953125
0,0,company,5120,high,direct,project,trained,phase_native_not_same_people,512,512,0.99609375,0.99609375,0.99609375
0,0,company,5120,high,direct,project,heldout,phase_native_not_same_people,512,512,0.97265625,0.8359375,0.904296875
0,0,company,10240,low,direct,company,all,phase_native_not_same_people,1920,128,0.990625,0.90625,0.9484375
0,0,company,10240,low,direct,company,trained,phase_native_not_same_people,960,64,0.996875,0.984375,0.990625
0,0,company,10240,low,direct,company,heldout,phase_native_not_same_people,960,64,0.984375,0.828125,0.90625
0,0,company,10240,low,direct,project,all,phase_native_not_same_people,1920,128,0.9947916666666666,0.5546875,0.7747395833333333
0,0,company,10240,low,direct,project,trained,phase_native_not_same_people,960,64,1.0,0.96875,0.984375
0,0,company,10240,low,direct,project,heldout,phase_native_not_same_people,960,64,0.9895833333333334,0.140625,0.5651041666666667
0,0,company,10240,high,direct,company,all,phase_native_not_same_people,1024,1024,0.9931640625,0.89453125,0.94384765625
0,0,company,10240,high,direct,company,trained,phase_native_not_same_people,512,512,1.0,1.0,1.0
0,0,company,10240,high,direct,company,heldout,phase_native_not_same_people,512,512,0.986328125,0.7890625,0.8876953125
0,0,company,10240,high,direct,project,all,phase_native_not_same_people,1024,1024,0.9716796875,0.93359375,0.95263671875
0,0,company,10240,high,direct,project,trained,phase_native_not_same_people,512,512,0.98828125,0.99609375,0.9921875
0,0,company,10240,high,direct,project,heldout,phase_native_not_same_people,512,512,0.955078125,0.87109375,0.9130859375
0,0,company,15360,low,direct,company,all,phase_native_not_same_people,1920,128,0.9953125,0.9140625,0.9546875
0,0,company,15360,low,direct,company,trained,phase_native_not_same_people,960,64,1.0,1.0,1.0
0,0,company,15360,low,direct,company,heldout,phase_native_not_same_people,960,64,0.990625,0.828125,0.909375
0,0,company,15360,low,direct,project,all,phase_native_not_same_people,1920,128,0.9838541666666667,0.6015625,0.7927083333333333
0,0,company,15360,low,direct,project,trained,phase_native_not_same_people,960,64,0.9958333333333333,1.0,0.9979166666666667
0,0,company,15360,low,direct,project,heldout,phase_native_not_same_people,960,64,0.971875,0.203125,0.5875
0,0,company,15360,high,direct,company,all,phase_native_not_same_people,1024,1024,0.9931640625,0.8857421875,0.939453125
0,0,company,15360,high,direct,company,trained,phase_native_not_same_people,512,512,1.0,0.99609375,0.998046875
0,0,company,15360,high,direct,company,heldout,phase_native_not_same_people,512,512,0.986328125,0.775390625,0.880859375
0,0,company,15360,high,direct,project,all,phase_native_not_same_people,1024,1024,0.9794921875,0.92578125,0.95263671875
0,0,company,15360,high,direct,project,trained,phase_native_not_same_people,512,512,0.994140625,0.99609375,0.9951171875
0,0,company,15360,high,direct,project,heldout,phase_native_not_same_people,512,512,0.96484375,0.85546875,0.91015625
0,0,company,15360,low,two_step,company,all,phase_native_not_same_people,1920,128,0.9979166666666667,0.984375,0.9911458333333334
0,0,company,15360,low,two_step,company,trained,phase_native_not_same_people,960,64,0.9989583333333333,0.984375,0.9916666666666667
0,0,company,15360,low,two_step,company,heldout,phase_native_not_same_people,960,64,0.996875,0.984375,0.990625
0,0,company,15360,high,two_step,company,all,phase_native_not_same_people,1024,1024,1.0,0.994140625,0.9970703125
0,0,company,15360,high,two_step,company,trained,phase_native_not_same_people,512,512,1.0,0.998046875,0.9990234375
0,0,company,15360,high,two_step,company,heldout,phase_native_not_same_people,512,512,1.0,0.990234375,0.9951171875
0,0,company,15360,low,two_step,project,all,phase_native_not_same_people,1920,128,0.99375,0.9765625,0.98515625
0,0,company,15360,low,two_step,project,trained,phase_native_not_same_people,960,64,0.9958333333333333,0.96875,0.9822916666666667
0,0,company,15360,low,two_step,project,heldout,phase_native_not_same_people,960,64,0.9916666666666667,0.984375,0.9880208333333333
0,0,company,15360,high,two_step,project,all,phase_native_not_same_people,1024,1024,0.966796875,0.96484375,0.9658203125
0,0,company,15360,high,two_step,project,trained,phase_native_not_same_people,512,512,0.96484375,0.96875,0.966796875
0,0,company,15360,high,two_step,project,heldout,phase_native_not_same_people,512,512,0.96875,0.9609375,0.96484375
0,0,project,0,low,direct,company,all,phase_native_not_same_people,1920,128,0.0,0.0,0.0
0,0,project,0,low,direct,company,trained,phase_native_not_same_people,960,64,0.0,0.0,0.0
0,0,project,0,low,direct,company,heldout,phase_native_not_same_people,960,64,0.0,0.0,0.0
0,0,project,0,low,direct,project,all,phase_native_not_same_people,1920,128,0.0,0.0,0.0
0,0,project,0,low,direct,project,trained,phase_native_not_same_people,960,64,0.0,0.0,0.0
0,0,project,0,low,direct,project,heldout,phase_native_not_same_people,960,64,0.0,0.0,0.0
0,0,project,0,high,direct,company,all,phase_native_not_same_people,1024,1024,0.0,0.0,0.0
0,0,project,0,high,direct,company,trained,phase_native_not_same_people,512,512,0.0,0.0,0.0
0,0,project,0,high,direct,company,heldout,phase_native_not_same_people,512,512,0.0,0.0,0.0
0,0,project,0,high,direct,project,all,phase_native_not_same_people,1024,1024,0.0,0.0,0.0
0,0,project,0,high,direct,project,trained,phase_native_not_same_people,512,512,0.0,0.0,0.0
0,0,project,0,high,direct,project,heldout,phase_native_not_same_people,512,512,0.0,0.0,0.0
0,0,project,1280,low,direct,company,all,phase_native_not_same_people,1920,128,0.53125,0.390625,0.4609375
0,0,project,1280,low,direct,company,trained,phase_native_not_same_people,960,64,0.8354166666666667,0.765625,0.8005208333333333
0,0,project,1280,low,direct,company,heldout,phase_native_not_same_people,960,64,0.22708333333333333,0.015625,0.12135416666666667
0,0,project,1280,low,direct,project,all,phase_native_not_same_people,1920,128,0.4015625,0.390625,0.39609375
0,0,project,1280,low,direct,project,trained,phase_native_not_same_people,960,64,0.75625,0.734375,0.7453125
0,0,project,1280,low,direct,project,heldout,phase_native_not_same_people,960,64,0.046875,0.046875,0.046875
0,0,project,1280,high,direct,company,all,phase_native_not_same_people,1024,1024,0.5361328125,0.3935546875,0.46484375
0,0,project,1280,high,direct,company,trained,phase_native_not_same_people,512,512,0.84375,0.748046875,0.7958984375
0,0,project,1280,high,direct,company,heldout,phase_native_not_same_people,512,512,0.228515625,0.0390625,0.1337890625
0,0,project,1280,high,direct,project,all,phase_native_not_same_people,1024,1024,0.4072265625,0.3876953125,0.3974609375
0,0,project,1280,high,direct,project,trained,phase_native_not_same_people,512,512,0.755859375,0.75,0.7529296875
0,0,project,1280,high,direct,project,heldout,phase_native_not_same_people,512,512,0.05859375,0.025390625,0.0419921875
0,0,project,2560,low,direct,company,all,phase_native_not_same_people,1920,128,0.9864583333333333,0.65625,0.8213541666666666
0,0,project,2560,low,direct,company,trained,phase_native_not_same_people,960,64,0.9989583333333333,0.921875,0.9604166666666667
0,0,project,2560,low,direct,company,heldout,phase_native_not_same_people,960,64,0.9739583333333334,0.390625,0.6822916666666667
0,0,project,2560,low,direct,project,all,phase_native_not_same_people,1920,128,0.984375,0.578125,0.78125
0,0,project,2560,low,direct,project,trained,phase_native_not_same_people,960,64,1.0,0.96875,0.984375
0,0,project,2560,low,direct,project,heldout,phase_native_not_same_people,960,64,0.96875,0.1875,0.578125
0,0,project,2560,high,direct,company,all,phase_native_not_same_people,1024,1024,0.97265625,0.5517578125,0.76220703125
0,0,project,2560,high,direct,company,trained,phase_native_not_same_people,512,512,0.998046875,0.9921875,0.9951171875
0,0,project,2560,high,direct,company,heldout,phase_native_not_same_people,512,512,0.947265625,0.111328125,0.529296875
0,0,project,2560,high,direct,project,all,phase_native_not_same_people,1024,1024,0.8984375,0.5732421875,0.73583984375
0,0,project,2560,high,direct,project,trained,phase_native_not_same_people,512,512,1.0,0.9921875,0.99609375
0,0,project,2560,high,direct,project,heldout,phase_native_not_same_people,512,512,0.796875,0.154296875,0.4755859375
0,0,project,5120,low,direct,company,all,phase_native_not_same_people,1920,128,0.9989583333333333,0.7578125,0.8783854166666667
0,0,project,5120,low,direct,company,trained,phase_native_not_same_people,960,64,1.0,1.0,1.0
0,0,project,5120,low,direct,company,heldout,phase_native_not_same_people,960,64,0.9979166666666667,0.515625,0.7567708333333334
0,0,project,5120,low,direct,project,all,phase_native_not_same_people,1920,128,0.9880208333333333,0.625,0.8065104166666667
0,0,project,5120,low,direct,project,trained,phase_native_not_same_people,960,64,1.0,0.984375,0.9921875
0,0,project,5120,low,direct,project,heldout,phase_native_not_same_people,960,64,0.9760416666666667,0.265625,0.6208333333333333
0,0,project,5120,high,direct,company,all,phase_native_not_same_people,1024,1024,0.99609375,0.841796875,0.9189453125
0,0,project,5120,high,direct,company,trained,phase_native_not_same_people,512,512,1.0,1.0,1.0
0,0,project,5120,high,direct,company,heldout,phase_native_not_same_people,512,512,0.9921875,0.68359375,0.837890625
0,0,project,5120,high,direct,project,all,phase_native_not_same_people,1024,1024,0.9873046875,0.916015625,0.95166015625
0,0,project,5120,high,direct,project,trained,phase_native_not_same_people,512,512,0.998046875,1.0,0.9990234375
0,0,project,5120,high,direct,project,heldout,phase_native_not_same_people,512,512,0.9765625,0.83203125,0.904296875
0,0,project,10240,low,direct,company,all,phase_native_not_same_people,1920,128,0.9958333333333333,0.7578125,0.8768229166666667
0,0,project,10240,low,direct,company,trained,phase_native_not_same_people,960,64,1.0,0.984375,0.9921875
0,0,project,10240,low,direct,company,heldout,phase_native_not_same_people,960,64,0.9916666666666667,0.53125,0.7614583333333333
0,0,project,10240,low,direct,project,all,phase_native_not_same_people,1920,128,0.9869791666666666,0.65625,0.8216145833333333
0,0,project,10240,low,direct,project,trained,phase_native_not_same_people,960,64,0.996875,0.984375,0.990625
0,0,project,10240,low,direct,project,heldout,phase_native_not_same_people,960,64,0.9770833333333333,0.328125,0.6526041666666667
0,0,project,10240,high,direct,company,all,phase_native_not_same_people,1024,1024,0.994140625,0.8798828125,0.93701171875
0,0,project,10240,high,direct,company,trained,phase_native_not_same_people,512,512,1.0,1.0,1.0
0,0,project,10240,high,direct,company,heldout,phase_native_not_same_people,512,512,0.98828125,0.759765625,0.8740234375
0,0,project,10240,high,direct,project,all,phase_native_not_same_people,1024,1024,0.9912109375,0.9619140625,0.9765625
0,0,project,10240,high,direct,project,trained,phase_native_not_same_people,512,512,1.0,0.998046875,0.9990234375
0,0,project,10240,high,direct,project,heldout,phase_native_not_same_people,512,512,0.982421875,0.92578125,0.9541015625
0,0,project,15360,low,direct,company,all,phase_native_not_same_people,1920,128,0.9979166666666667,0.734375,0.8661458333333334
0,0,project,15360,low,direct,company,trained,phase_native_not_same_people,960,64,1.0,1.0,1.0
0,0,project,15360,low,direct,company,heldout,phase_native_not_same_people,960,64,0.9958333333333333,0.46875,0.7322916666666667
0,0,project,15360,low,direct,project,all,phase_native_not_same_people,1920,128,0.99375,0.734375,0.8640625
0,0,project,15360,low,direct,project,trained,phase_native_not_same_people,960,64,1.0,1.0,1.0
0,0,project,15360,low,direct,project,heldout,phase_native_not_same_people,960,64,0.9875,0.46875,0.728125
0,0,project,15360,high,direct,company,all,phase_native_not_same_people,1024,1024,0.9931640625,0.9267578125,0.9599609375
0,0,project,15360,high,direct,company,trained,phase_native_not_same_people,512,512,1.0,1.0,1.0
0,0,project,15360,high,direct,company,heldout,phase_native_not_same_people,512,512,0.986328125,0.853515625,0.919921875
0,0,project,15360,high,direct,project,all,phase_native_not_same_people,1024,1024,0.9921875,0.962890625,0.9775390625
0,0,project,15360,high,direct,project,trained,phase_native_not_same_people,512,512,1.0,0.99609375,0.998046875
0,0,project,15360,high,direct,project,heldout,phase_native_not_same_people,512,512,0.984375,0.9296875,0.95703125
0,0,project,15360,low,two_step,company,all,phase_native_not_same_people,1920,128,0.9953125,0.9765625,0.9859375
0,0,project,15360,low,two_step,company,trained,phase_native_not_same_people,960,64,0.9979166666666667,0.984375,0.9911458333333334
0,0,project,15360,low,two_step,company,heldout,phase_native_not_same_people,960,64,0.9927083333333333,0.96875,0.9807291666666667
0,0,project,15360,high,two_step,company,all,phase_native_not_same_people,1024,1024,0.9990234375,0.994140625,0.99658203125
0,0,project,15360,high,two_step,company,trained,phase_native_not_same_people,512,512,1.0,0.99609375,0.998046875
0,0,project,15360,high,two_step,company,heldout,phase_native_not_same_people,512,512,0.998046875,0.9921875,0.9951171875
0,0,project,15360,low,two_step,project,all,phase_native_not_same_people,1920,128,0.9994791666666667,0.9921875,0.9958333333333333
0,0,project,15360,low,two_step,project,trained,phase_native_not_same_people,960,64,1.0,1.0,1.0
0,0,project,15360,low,two_step,project,heldout,phase_native_not_same_people,960,64,0.9989583333333333,0.984375,0.9916666666666667
0,0,project,15360,high,two_step,project,all,phase_native_not_same_people,1024,1024,0.9716796875,0.9775390625,0.974609375
0,0,project,15360,high,two_step,project,trained,phase_native_not_same_people,512,512,0.966796875,0.9765625,0.9716796875
0,0,project,15360,high,two_step,project,heldout,phase_native_not_same_people,512,512,0.9765625,0.978515625,0.9775390625
0,0,neither,0,low,direct,company,all,phase_native_not_same_people,1920,128,0.0,0.0,0.0
0,0,neither,0,low,direct,company,trained,phase_native_not_same_people,960,64,0.0,0.0,0.0
0,0,neither,0,low,direct,company,heldout,phase_native_not_same_people,960,64,0.0,0.0,0.0
0,0,neither,0,low,direct,project,all,phase_native_not_same_people,1920,128,0.0,0.0,0.0
0,0,neither,0,low,direct,project,trained,phase_native_not_same_people,960,64,0.0,0.0,0.0
0,0,neither,0,low,direct,project,heldout,phase_native_not_same_people,960,64,0.0,0.0,0.0
0,0,neither,0,high,direct,company,all,phase_native_not_same_people,1024,1024,0.0,0.0,0.0
0,0,neither,0,high,direct,company,trained,phase_native_not_same_people,512,512,0.0,0.0,0.0
0,0,neither,0,high,direct,company,heldout,phase_native_not_same_people,512,512,0.0,0.0,0.0
0,0,neither,0,high,direct,project,all,phase_native_not_same_people,1024,1024,0.0,0.0,0.0
0,0,neither,0,high,direct,project,trained,phase_native_not_same_people,512,512,0.0,0.0,0.0
0,0,neither,0,high,direct,project,heldout,phase_native_not_same_people,512,512,0.0,0.0,0.0
0,0,neither,1280,low,direct,company,all,phase_native_not_same_people,1920,128,0.4901041666666667,0.390625,0.44036458333333334
0,0,neither,1280,low,direct,company,trained,phase_native_not_same_people,960,64,0.8145833333333333,0.75,0.7822916666666666
0,0,neither,1280,low,direct,company,heldout,phase_native_not_same_people,960,64,0.165625,0.03125,0.0984375
0,0,neither,1280,low,direct,project,all,phase_native_not_same_people,1920,128,0.3567708333333333,0.265625,0.31119791666666663
0,0,neither,1280,low,direct,project,trained,phase_native_not_same_people,960,64,0.6677083333333333,0.5,0.5838541666666667
0,0,neither,1280,low,direct,project,heldout,phase_native_not_same_people,960,64,0.04583333333333333,0.03125,0.03854166666666667
0,0,neither,1280,high,direct,company,all,phase_native_not_same_people,1024,1024,0.10546875,0.08984375,0.09765625
0,0,neither,1280,high,direct,company,trained,phase_native_not_same_people,512,512,0.166015625,0.150390625,0.158203125
0,0,neither,1280,high,direct,company,heldout,phase_native_not_same_people,512,512,0.044921875,0.029296875,0.037109375
0,0,neither,1280,high,direct,project,all,phase_native_not_same_people,1024,1024,0.0927734375,0.08984375,0.09130859375
0,0,neither,1280,high,direct,project,trained,phase_native_not_same_people,512,512,0.146484375,0.150390625,0.1484375
0,0,neither,1280,high,direct,project,heldout,phase_native_not_same_people,512,512,0.0390625,0.029296875,0.0341796875
0,0,neither,2560,low,direct,company,all,phase_native_not_same_people,1920,128,0.959375,0.671875,0.815625
0,0,neither,2560,low,direct,company,trained,phase_native_not_same_people,960,64,1.0,0.984375,0.9921875
0,0,neither,2560,low,direct,company,heldout,phase_native_not_same_people,960,64,0.91875,0.359375,0.6390625
0,0,neither,2560,low,direct,project,all,phase_native_not_same_people,1920,128,0.7427083333333333,0.59375,0.6682291666666667
0,0,neither,2560,low,direct,project,trained,phase_native_not_same_people,960,64,0.9958333333333333,1.0,0.9979166666666667
0,0,neither,2560,low,direct,project,heldout,phase_native_not_same_people,960,64,0.4895833333333333,0.1875,0.33854166666666663
0,0,neither,2560,high,direct,company,all,phase_native_not_same_people,1024,1024,0.576171875,0.3935546875,0.48486328125
0,0,neither,2560,high,direct,company,trained,phase_native_not_same_people,512,512,0.82421875,0.73828125,0.78125
0,0,neither,2560,high,direct,company,heldout,phase_native_not_same_people,512,512,0.328125,0.048828125,0.1884765625
0,0,neither,2560,high,direct,project,all,phase_native_not_same_people,1024,1024,0.494140625,0.3935546875,0.44384765625
0,0,neither,2560,high,direct,project,trained,phase_native_not_same_people,512,512,0.759765625,0.76171875,0.7607421875
0,0,neither,2560,high,direct,project,heldout,phase_native_not_same_people,512,512,0.228515625,0.025390625,0.126953125
0,0,neither,5120,low,direct,company,all,phase_native_not_same_people,1920,128,0.9947916666666666,0.6328125,0.8138020833333333
0,0,neither,5120,low,direct,company,trained,phase_native_not_same_people,960,64,0.9989583333333333,0.984375,0.9916666666666667
0,0,neither,5120,low,direct,company,heldout,phase_native_not_same_people,960,64,0.990625,0.28125,0.6359375
0,0,neither,5120,low,direct,project,all,phase_native_not_same_people,1920,128,0.9911458333333333,0.640625,0.8158854166666667
0,0,neither,5120,low,direct,project,trained,phase_native_not_same_people,960,64,1.0,0.984375,0.9921875
0,0,neither,5120,low,direct,project,heldout,phase_native_not_same_people,960,64,0.9822916666666667,0.296875,0.6395833333333334
0,0,neither,5120,high,direct,company,all,phase_native_not_same_people,1024,1024,0.98828125,0.89453125,0.94140625
0,0,neither,5120,high,direct,company,trained,phase_native_not_same_people,512,512,1.0,1.0,1.0
0,0,neither,5120,high,direct,company,heldout,phase_native_not_same_people,512,512,0.9765625,0.7890625,0.8828125
0,0,neither,5120,high,direct,project,all,phase_native_not_same_people,1024,1024,0.962890625,0.8759765625,0.91943359375
0,0,neither,5120,high,direct,project,trained,phase_native_not_same_people,512,512,1.0,1.0,1.0
0,0,neither,5120,high,direct,project,heldout,phase_native_not_same_people,512,512,0.92578125,0.751953125,0.8388671875
0,0,neither,10240,low,direct,company,all,phase_native_not_same_people,1920,128,0.9984375,0.65625,0.82734375
0,0,neither,10240,low,direct,company,trained,phase_native_not_same_people,960,64,1.0,1.0,1.0
0,0,neither,10240,low,direct,company,heldout,phase_native_not_same_people,960,64,0.996875,0.3125,0.6546875
0,0,neither,10240,low,direct,project,all,phase_native_not_same_people,1920,128,0.99375,0.59375,0.79375
0,0,neither,10240,low,direct,project,trained,phase_native_not_same_people,960,64,0.9989583333333333,0.96875,0.9838541666666667
0,0,neither,10240,low,direct,project,heldout,phase_native_not_same_people,960,64,0.9885416666666667,0.21875,0.6036458333333333
0,0,neither,10240,high,direct,company,all,phase_native_not_same_people,1024,1024,0.9833984375,0.935546875,0.95947265625
0,0,neither,10240,high,direct,company,trained,phase_native_not_same_people,512,512,0.99609375,1.0,0.998046875
0,0,neither,10240,high,direct,company,heldout,phase_native_not_same_people,512,512,0.970703125,0.87109375,0.9208984375
0,0,neither,10240,high,direct,project,all,phase_native_not_same_people,1024,1024,0.9677734375,0.8759765625,0.921875
0,0,neither,10240,high,direct,project,trained,phase_native_not_same_people,512,512,1.0,1.0,1.0
0,0,neither,10240,high,direct,project,heldout,phase_native_not_same_people,512,512,0.935546875,0.751953125,0.84375
0,0,neither,15360,low,direct,company,all,phase_native_not_same_people,1920,128,0.9973958333333334,0.6640625,0.8307291666666667
0,0,neither,15360,low,direct,company,trained,phase_native_not_same_people,960,64,1.0,1.0,1.0
0,0,neither,15360,low,direct,company,heldout,phase_native_not_same_people,960,64,0.9947916666666666,0.328125,0.6614583333333333
0,0,neither,15360,low,direct,project,all,phase_native_not_same_people,1920,128,0.9958333333333333,0.640625,0.8182291666666667
0,0,neither,15360,low,direct,project,trained,phase_native_not_same_people,960,64,1.0,1.0,1.0
0,0,neither,15360,low,direct,project,heldout,phase_native_not_same_people,960,64,0.9916666666666667,0.28125,0.6364583333333333
0,0,neither,15360,high,direct,company,all,phase_native_not_same_people,1024,1024,0.9697265625,0.9287109375,0.94921875
0,0,neither,15360,high,direct,company,trained,phase_native_not_same_people,512,512,0.994140625,0.990234375,0.9921875
0,0,neither,15360,high,direct,company,heldout,phase_native_not_same_people,512,512,0.9453125,0.8671875,0.90625
0,0,neither,15360,high,direct,project,all,phase_native_not_same_people,1024,1024,0.978515625,0.900390625,0.939453125
0,0,neither,15360,high,direct,project,trained,phase_native_not_same_people,512,512,0.998046875,0.99609375,0.9970703125
0,0,neither,15360,high,direct,project,heldout,phase_native_not_same_people,512,512,0.958984375,0.8046875,0.8818359375
0,0,neither,15360,low,two_step,company,all,phase_native_not_same_people,1920,128,1.0,0.9765625,0.98828125
0,0,neither,15360,low,two_step,company,trained,phase_native_not_same_people,960,64,1.0,1.0,1.0
0,0,neither,15360,low,two_step,company,heldout,phase_native_not_same_people,960,64,1.0,0.953125,0.9765625
0,0,neither,15360,high,two_step,company,all,phase_native_not_same_people,1024,1024,0.9912109375,0.9912109375,0.9912109375
0,0,neither,15360,high,two_step,company,trained,phase_native_not_same_people,512,512,0.99609375,0.998046875,0.9970703125
0,0,neither,15360,high,two_step,company,heldout,phase_native_not_same_people,512,512,0.986328125,0.984375,0.9853515625
0,0,neither,15360,low,two_step,project,all,phase_native_not_same_people,1920,128,1.0,0.9921875,0.99609375
0,0,neither,15360,low,two_step,project,trained,phase_native_not_same_people,960,64,1.0,1.0,1.0
0,0,neither,15360,low,two_step,project,heldout,phase_native_not_same_people,960,64,1.0,0.984375,0.9921875
0,0,neither,15360,high,two_step,project,all,phase_native_not_same_people,1024,1024,0.9970703125,0.9970703125,0.9970703125
0,0,neither,15360,high,two_step,project,trained,phase_native_not_same_people,512,512,1.0,0.998046875,0.9990234375
0,0,neither,15360,high,two_step,project,heldout,phase_native_not_same_people,512,512,0.994140625,0.99609375,0.9951171875
0,1,company,0,low,direct,company,all,phase_native_not_same_people,1920,128,0.0,0.0,0.0
0,1,company,0,low,direct,company,trained,phase_native_not_same_people,960,64,0.0,0.0,0.0
0,1,company,0,low,direct,company,heldout,phase_native_not_same_people,960,64,0.0,0.0,0.0
0,1,company,0,low,direct,project,all,phase_native_not_same_people,1920,128,0.0,0.0,0.0
0,1,company,0,low,direct,project,trained,phase_native_not_same_people,960,64,0.0,0.0,0.0
0,1,company,0,low,direct,project,heldout,phase_native_not_same_people,960,64,0.0,0.0,0.0
0,1,company,0,high,direct,company,all,phase_native_not_same_people,1024,1024,0.0,0.0,0.0
0,1,company,0,high,direct,company,trained,phase_native_not_same_people,512,512,0.0,0.0,0.0
0,1,company,0,high,direct,company,heldout,phase_native_not_same_people,512,512,0.0,0.0,0.0
0,1,company,0,high,direct,project,all,phase_native_not_same_people,1024,1024,0.0,0.0,0.0
0,1,company,0,high,direct,project,trained,phase_native_not_same_people,512,512,0.0,0.0,0.0
0,1,company,0,high,direct,project,heldout,phase_native_not_same_people,512,512,0.0,0.0,0.0
0,1,company,1280,low,direct,company,all,phase_native_not_same_people,1920,128,0.4869791666666667,0.3828125,0.43489583333333337
0,1,company,1280,low,direct,company,trained,phase_native_not_same_people,960,64,0.7854166666666667,0.75,0.7677083333333333
0,1,company,1280,low,direct,company,heldout,phase_native_not_same_people,960,64,0.18854166666666666,0.015625,0.10208333333333333
0,1,company,1280,low,direct,project,all,phase_native_not_same_people,1920,128,0.39427083333333335,0.34375,0.3690104166666667
0,1,company,1280,low,direct,project,trained,phase_native_not_same_people,960,64,0.7385416666666667,0.6875,0.7130208333333333
0,1,company,1280,low,direct,project,heldout,phase_native_not_same_people,960,64,0.05,0.0,0.025
0,1,company,1280,high,direct,company,all,phase_native_not_same_people,1024,1024,0.341796875,0.2900390625,0.31591796875
0,1,company,1280,high,direct,company,trained,phase_native_not_same_people,512,512,0.591796875,0.52734375,0.5595703125
0,1,company,1280,high,direct,company,heldout,phase_native_not_same_people,512,512,0.091796875,0.052734375,0.072265625
0,1,company,1280,high,direct,project,all,phase_native_not_same_people,1024,1024,0.298828125,0.240234375,0.26953125
0,1,company,1280,high,direct,project,trained,phase_native_not_same_people,512,512,0.546875,0.447265625,0.4970703125
0,1,company,1280,high,direct,project,heldout,phase_native_not_same_people,512,512,0.05078125,0.033203125,0.0419921875
0,1,company,2560,low,direct,company,all,phase_native_not_same_people,1920,128,0.7213541666666666,0.546875,0.6341145833333333
0,1,company,2560,low,direct,company,trained,phase_native_not_same_people,960,64,0.996875,1.0,0.9984375
0,1,company,2560,low,direct,company,heldout,phase_native_not_same_people,960,64,0.44583333333333336,0.09375,0.26979166666666665
0,1,company,2560,low,direct,project,all,phase_native_not_same_people,1920,128,0.8614583333333333,0.5390625,0.7002604166666666
0,1,company,2560,low,direct,project,trained,phase_native_not_same_people,960,64,0.9989583333333333,1.0,0.9994791666666667
0,1,company,2560,low,direct,project,heldout,phase_native_not_same_people,960,64,0.7239583333333334,0.078125,0.4010416666666667
0,1,company,2560,high,direct,company,all,phase_native_not_same_people,1024,1024,0.537109375,0.48046875,0.5087890625
0,1,company,2560,high,direct,company,trained,phase_native_not_same_people,512,512,0.904296875,0.90234375,0.9033203125
0,1,company,2560,high,direct,company,heldout,phase_native_not_same_people,512,512,0.169921875,0.05859375,0.1142578125
0,1,company,2560,high,direct,project,all,phase_native_not_same_people,1024,1024,0.697265625,0.4560546875,0.57666015625
0,1,company,2560,high,direct,project,trained,phase_native_not_same_people,512,512,0.916015625,0.869140625,0.892578125
0,1,company,2560,high,direct,project,heldout,phase_native_not_same_people,512,512,0.478515625,0.04296875,0.2607421875
0,1,company,5120,low,direct,company,all,phase_native_not_same_people,1920,128,0.9703125,0.6171875,0.79375
0,1,company,5120,low,direct,company,trained,phase_native_not_same_people,960,64,1.0,1.0,1.0
0,1,company,5120,low,direct,company,heldout,phase_native_not_same_people,960,64,0.940625,0.234375,0.5875
0,1,company,5120,low,direct,project,all,phase_native_not_same_people,1920,128,0.978125,0.5859375,0.78203125
0,1,company,5120,low,direct,project,trained,phase_native_not_same_people,960,64,0.9989583333333333,0.96875,0.9838541666666667
0,1,company,5120,low,direct,project,heldout,phase_native_not_same_people,960,64,0.9572916666666667,0.203125,0.5802083333333333
0,1,company,5120,high,direct,company,all,phase_native_not_same_people,1024,1024,0.9931640625,0.9580078125,0.9755859375
0,1,company,5120,high,direct,company,trained,phase_native_not_same_people,512,512,1.0,1.0,1.0
0,1,company,5120,high,direct,company,heldout,phase_native_not_same_people,512,512,0.986328125,0.916015625,0.951171875
0,1,company,5120,high,direct,project,all,phase_native_not_same_people,1024,1024,0.97265625,0.9052734375,0.93896484375
0,1,company,5120,high,direct,project,trained,phase_native_not_same_people,512,512,0.998046875,1.0,0.9990234375
0,1,company,5120,high,direct,project,heldout,phase_native_not_same_people,512,512,0.947265625,0.810546875,0.87890625
0,1,company,10240,low,direct,company,all,phase_native_not_same_people,1920,128,0.9854166666666667,0.6875,0.8364583333333333
0,1,company,10240,low,direct,company,trained,phase_native_not_same_people,960,64,1.0,0.984375,0.9921875
0,1,company,10240,low,direct,company,heldout,phase_native_not_same_people,960,64,0.9708333333333333,0.390625,0.6807291666666666
0,1,company,10240,low,direct,project,all,phase_native_not_same_people,1920,128,0.9729166666666667,0.5703125,0.7716145833333333
0,1,company,10240,low,direct,project,trained,phase_native_not_same_people,960,64,0.996875,0.984375,0.990625
0,1,company,10240,low,direct,project,heldout,phase_native_not_same_people,960,64,0.9489583333333333,0.15625,0.5526041666666667
0,1,company,10240,high,direct,company,all,phase_native_not_same_people,1024,1024,0.99609375,0.9384765625,0.96728515625
0,1,company,10240,high,direct,company,trained,phase_native_not_same_people,512,512,1.0,1.0,1.0
0,1,company,10240,high,direct,company,heldout,phase_native_not_same_people,512,512,0.9921875,0.876953125,0.9345703125
0,1,company,10240,high,direct,project,all,phase_native_not_same_people,1024,1024,0.984375,0.923828125,0.9541015625
0,1,company,10240,high,direct,project,trained,phase_native_not_same_people,512,512,1.0,1.0,1.0
0,1,company,10240,high,direct,project,heldout,phase_native_not_same_people,512,512,0.96875,0.84765625,0.908203125
0,1,company,15360,low,direct,company,all,phase_native_not_same_people,1920,128,0.9916666666666667,0.7109375,0.8513020833333333
0,1,company,15360,low,direct,company,trained,phase_native_not_same_people,960,64,0.9989583333333333,1.0,0.9994791666666667
0,1,company,15360,low,direct,company,heldout,phase_native_not_same_people,960,64,0.984375,0.421875,0.703125
0,1,company,15360,low,direct,project,all,phase_native_not_same_people,1920,128,0.99375,0.6328125,0.81328125
0,1,company,15360,low,direct,project,trained,phase_native_not_same_people,960,64,1.0,1.0,1.0
0,1,company,15360,low,direct,project,heldout,phase_native_not_same_people,960,64,0.9875,0.265625,0.6265625
0,1,company,15360,high,direct,company,all,phase_native_not_same_people,1024,1024,0.998046875,0.947265625,0.97265625
0,1,company,15360,high,direct,company,trained,phase_native_not_same_people,512,512,1.0,1.0,1.0
0,1,company,15360,high,direct,company,heldout,phase_native_not_same_people,512,512,0.99609375,0.89453125,0.9453125
0,1,company,15360,high,direct,project,all,phase_native_not_same_people,1024,1024,0.9814453125,0.9306640625,0.9560546875
0,1,company,15360,high,direct,project,trained,phase_native_not_same_people,512,512,1.0,1.0,1.0
0,1,company,15360,high,direct,project,heldout,phase_native_not_same_people,512,512,0.962890625,0.861328125,0.912109375
0,1,company,15360,low,two_step,company,all,phase_native_not_same_people,1920,128,0.896875,0.8828125,0.88984375
0,1,company,15360,low,two_step,company,trained,phase_native_not_same_people,960,64,0.9177083333333333,0.90625,0.9119791666666667
0,1,company,15360,low,two_step,company,heldout,phase_native_not_same_people,960,64,0.8760416666666667,0.859375,0.8677083333333333
0,1,company,15360,high,two_step,company,all,phase_native_not_same_people,1024,1024,1.0,0.998046875,0.9990234375
0,1,company,15360,high,two_step,company,trained,phase_native_not_same_people,512,512,1.0,0.998046875,0.9990234375
0,1,company,15360,high,two_step,company,heldout,phase_native_not_same_people,512,512,1.0,0.998046875,0.9990234375
0,1,company,15360,low,two_step,project,all,phase_native_not_same_people,1920,128,0.9479166666666666,0.9296875,0.9388020833333333
0,1,company,15360,low,two_step,project,trained,phase_native_not_same_people,960,64,0.94375,0.96875,0.95625
0,1,company,15360,low,two_step,project,heldout,phase_native_not_same_people,960,64,0.9520833333333333,0.890625,0.9213541666666667
0,1,company,15360,high,two_step,project,all,phase_native_not_same_people,1024,1024,0.99609375,0.998046875,0.9970703125
0,1,company,15360,high,two_step,project,trained,phase_native_not_same_people,512,512,0.998046875,1.0,0.9990234375
0,1,company,15360,high,two_step,project,heldout,phase_native_not_same_people,512,512,0.994140625,0.99609375,0.9951171875
0,1,project,0,low,direct,company,all,phase_native_not_same_people,1920,128,0.0,0.0,0.0
0,1,project,0,low,direct,company,trained,phase_native_not_same_people,960,64,0.0,0.0,0.0
0,1,project,0,low,direct,company,heldout,phase_native_not_same_people,960,64,0.0,0.0,0.0
0,1,project,0,low,direct,project,all,phase_native_not_same_people,1920,128,0.0,0.0,0.0
0,1,project,0,low,direct,project,trained,phase_native_not_same_people,960,64,0.0,0.0,0.0
0,1,project,0,low,direct,project,heldout,phase_native_not_same_people,960,64,0.0,0.0,0.0
0,1,project,0,high,direct,company,all,phase_native_not_same_people,1024,1024,0.0,0.0,0.0
0,1,project,0,high,direct,company,trained,phase_native_not_same_people,512,512,0.0,0.0,0.0
0,1,project,0,high,direct,company,heldout,phase_native_not_same_people,512,512,0.0,0.0,0.0
0,1,project,0,high,direct,project,all,phase_native_not_same_people,1024,1024,0.0,0.0,0.0
0,1,project,0,high,direct,project,trained,phase_native_not_same_people,512,512,0.0,0.0,0.0
0,1,project,0,high,direct,project,heldout,phase_native_not_same_people,512,512,0.0,0.0,0.0
0,1,project,1280,low,direct,company,all,phase_native_not_same_people,1920,128,0.5395833333333333,0.359375,0.44947916666666665
0,1,project,1280,low,direct,company,trained,phase_native_not_same_people,960,64,0.8302083333333333,0.703125,0.7666666666666666
0,1,project,1280,low,direct,company,heldout,phase_native_not_same_people,960,64,0.24895833333333334,0.015625,0.13229166666666667
0,1,project,1280,low,direct,project,all,phase_native_not_same_people,1920,128,0.37604166666666666,0.3359375,0.3559895833333333
0,1,project,1280,low,direct,project,trained,phase_native_not_same_people,960,64,0.7177083333333333,0.65625,0.6869791666666667
0,1,project,1280,low,direct,project,heldout,phase_native_not_same_people,960,64,0.034375,0.015625,0.025
0,1,project,1280,high,direct,company,all,phase_native_not_same_people,1024,1024,0.55078125,0.38671875,0.46875
0,1,project,1280,high,direct,company,trained,phase_native_not_same_people,512,512,0.830078125,0.734375,0.7822265625
0,1,project,1280,high,direct,company,heldout,phase_native_not_same_people,512,512,0.271484375,0.0390625,0.1552734375
0,1,project,1280,high,direct,project,all,phase_native_not_same_people,1024,1024,0.38671875,0.3818359375,0.38427734375
0,1,project,1280,high,direct,project,trained,phase_native_not_same_people,512,512,0.728515625,0.73828125,0.7333984375
0,1,project,1280,high,direct,project,heldout,phase_native_not_same_people,512,512,0.044921875,0.025390625,0.03515625
0,1,project,2560,low,direct,company,all,phase_native_not_same_people,1920,128,0.9734375,0.5703125,0.771875
0,1,project,2560,low,direct,company,trained,phase_native_not_same_people,960,64,0.996875,0.9375,0.9671875
0,1,project,2560,low,direct,company,heldout,phase_native_not_same_people,960,64,0.95,0.203125,0.5765625
0,1,project,2560,low,direct,project,all,phase_native_not_same_people,1920,128,0.9328125,0.7578125,0.8453125
0,1,project,2560,low,direct,project,trained,phase_native_not_same_people,960,64,0.9989583333333333,1.0,0.9994791666666667
0,1,project,2560,low,direct,project,heldout,phase_native_not_same_people,960,64,0.8666666666666667,0.515625,0.6911458333333333
0,1,project,2560,high,direct,company,all,phase_native_not_same_people,1024,1024,0.8232421875,0.5244140625,0.673828125
0,1,project,2560,high,direct,company,trained,phase_native_not_same_people,512,512,0.99609375,0.984375,0.990234375
0,1,project,2560,high,direct,company,heldout,phase_native_not_same_people,512,512,0.650390625,0.064453125,0.357421875
0,1,project,2560,high,direct,project,all,phase_native_not_same_people,1024,1024,0.64453125,0.5595703125,0.60205078125
0,1,project,2560,high,direct,project,trained,phase_native_not_same_people,512,512,0.982421875,0.986328125,0.984375
0,1,project,2560,high,direct,project,heldout,phase_native_not_same_people,512,512,0.306640625,0.1328125,0.2197265625
0,1,project,5120,low,direct,company,all,phase_native_not_same_people,1920,128,0.9760416666666667,0.6171875,0.7966145833333333
0,1,project,5120,low,direct,company,trained,phase_native_not_same_people,960,64,1.0,1.0,1.0
0,1,project,5120,low,direct,company,heldout,phase_native_not_same_people,960,64,0.9520833333333333,0.234375,0.5932291666666667
0,1,project,5120,low,direct,project,all,phase_native_not_same_people,1920,128,0.9875,0.703125,0.8453125
0,1,project,5120,low,direct,project,trained,phase_native_not_same_people,960,64,0.9989583333333333,1.0,0.9994791666666667
0,1,project,5120,low,direct,project,heldout,phase_native_not_same_people,960,64,0.9760416666666667,0.40625,0.6911458333333333
0,1,project,5120,high,direct,company,all,phase_native_not_same_people,1024,1024,0.9404296875,0.703125,0.82177734375
0,1,project,5120,high,direct,company,trained,phase_native_not_same_people,512,512,1.0,0.998046875,0.9990234375
0,1,project,5120,high,direct,company,heldout,phase_native_not_same_people,512,512,0.880859375,0.408203125,0.64453125
0,1,project,5120,high,direct,project,all,phase_native_not_same_people,1024,1024,0.93359375,0.810546875,0.8720703125
0,1,project,5120,high,direct,project,trained,phase_native_not_same_people,512,512,0.998046875,0.998046875,0.998046875
0,1,project,5120,high,direct,project,heldout,phase_native_not_same_people,512,512,0.869140625,0.623046875,0.74609375
0,1,project,10240,low,direct,company,all,phase_native_not_same_people,1920,128,0.9890625,0.6640625,0.8265625
0,1,project,10240,low,direct,company,trained,phase_native_not_same_people,960,64,0.9979166666666667,0.984375,0.9911458333333334
0,1,project,10240,low,direct,company,heldout,phase_native_not_same_people,960,64,0.9802083333333333,0.34375,0.6619791666666667
0,1,project,10240,low,direct,project,all,phase_native_not_same_people,1920,128,0.9901041666666667,0.6953125,0.8427083333333334
0,1,project,10240,low,direct,project,trained,phase_native_not_same_people,960,64,1.0,0.984375,0.9921875
0,1,project,10240,low,direct,project,heldout,phase_native_not_same_people,960,64,0.9802083333333333,0.40625,0.6932291666666667
0,1,project,10240,high,direct,company,all,phase_native_not_same_people,1024,1024,0.943359375,0.7744140625,0.85888671875
0,1,project,10240,high,direct,company,trained,phase_native_not_same_people,512,512,0.998046875,0.994140625,0.99609375
0,1,project,10240,high,direct,company,heldout,phase_native_not_same_people,512,512,0.888671875,0.5546875,0.7216796875
0,1,project,10240,high,direct,project,all,phase_native_not_same_people,1024,1024,0.9599609375,0.8095703125,0.884765625
0,1,project,10240,high,direct,project,trained,phase_native_not_same_people,512,512,0.99609375,0.99609375,0.99609375
0,1,project,10240,high,direct,project,heldout,phase_native_not_same_people,512,512,0.923828125,0.623046875,0.7734375
0,1,project,15360,low,direct,company,all,phase_native_not_same_people,1920,128,0.9984375,0.59375,0.79609375
0,1,project,15360,low,direct,company,trained,phase_native_not_same_people,960,64,1.0,1.0,1.0
0,1,project,15360,low,direct,company,heldout,phase_native_not_same_people,960,64,0.996875,0.1875,0.5921875
0,1,project,15360,low,direct,project,all,phase_native_not_same_people,1920,128,0.9973958333333334,0.7109375,0.8541666666666667
0,1,project,15360,low,direct,project,trained,phase_native_not_same_people,960,64,1.0,1.0,1.0
0,1,project,15360,low,direct,project,heldout,phase_native_not_same_people,960,64,0.9947916666666666,0.421875,0.7083333333333333
0,1,project,15360,high,direct,company,all,phase_native_not_same_people,1024,1024,0.958984375,0.8310546875,0.89501953125
0,1,project,15360,high,direct,company,trained,phase_native_not_same_people,512,512,0.99609375,0.99609375,0.99609375
0,1,project,15360,high,direct,company,heldout,phase_native_not_same_people,512,512,0.921875,0.666015625,0.7939453125
0,1,project,15360,high,direct,project,all,phase_native_not_same_people,1024,1024,0.9697265625,0.8291015625,0.8994140625
0,1,project,15360,high,direct,project,trained,phase_native_not_same_people,512,512,1.0,0.994140625,0.9970703125
0,1,project,15360,high,direct,project,heldout,phase_native_not_same_people,512,512,0.939453125,0.6640625,0.8017578125
0,1,project,15360,low,two_step,company,all,phase_native_not_same_people,1920,128,1.0,0.9921875,0.99609375
0,1,project,15360,low,two_step,company,trained,phase_native_not_same_people,960,64,1.0,1.0,1.0
0,1,project,15360,low,two_step,company,heldout,phase_native_not_same_people,960,64,1.0,0.984375,0.9921875
0,1,project,15360,high,two_step,company,all,phase_native_not_same_people,1024,1024,0.9970703125,0.982421875,0.98974609375
0,1,project,15360,high,two_step,company,trained,phase_native_not_same_people,512,512,0.998046875,0.9921875,0.9951171875
0,1,project,15360,high,two_step,company,heldout,phase_native_not_same_people,512,512,0.99609375,0.97265625,0.984375
0,1,project,15360,low,two_step,project,all,phase_native_not_same_people,1920,128,1.0,1.0,1.0
0,1,project,15360,low,two_step,project,trained,phase_native_not_same_people,960,64,1.0,1.0,1.0
0,1,project,15360,low,two_step,project,heldout,phase_native_not_same_people,960,64,1.0,1.0,1.0
0,1,project,15360,high,two_step,project,all,phase_native_not_same_people,1024,1024,0.998046875,0.9951171875,0.99658203125
0,1,project,15360,high,two_step,project,trained,phase_native_not_same_people,512,512,0.998046875,0.99609375,0.9970703125
0,1,project,15360,high,two_step,project,heldout,phase_native_not_same_people,512,512,0.998046875,0.994140625,0.99609375
0,1,neither,0,low,direct,company,all,phase_native_not_same_people,1920,128,0.0,0.0,0.0
0,1,neither,0,low,direct,company,trained,phase_native_not_same_people,960,64,0.0,0.0,0.0
0,1,neither,0,low,direct,company,heldout,phase_native_not_same_people,960,64,0.0,0.0,0.0
0,1,neither,0,low,direct,project,all,phase_native_not_same_people,1920,128,0.0,0.0,0.0
0,1,neither,0,low,direct,project,trained,phase_native_not_same_people,960,64,0.0,0.0,0.0
0,1,neither,0,low,direct,project,heldout,phase_native_not_same_people,960,64,0.0,0.0,0.0
0,1,neither,0,high,direct,company,all,phase_native_not_same_people,1024,1024,0.0,0.0,0.0
0,1,neither,0,high,direct,company,trained,phase_native_not_same_people,512,512,0.0,0.0,0.0
0,1,neither,0,high,direct,company,heldout,phase_native_not_same_people,512,512,0.0,0.0,0.0
0,1,neither,0,high,direct,project,all,phase_native_not_same_people,1024,1024,0.0,0.0,0.0
0,1,neither,0,high,direct,project,trained,phase_native_not_same_people,512,512,0.0,0.0,0.0
0,1,neither,0,high,direct,project,heldout,phase_native_not_same_people,512,512,0.0,0.0,0.0
0,1,neither,1280,low,direct,company,all,phase_native_not_same_people,1920,128,0.2635416666666667,0.1484375,0.20598958333333334
0,1,neither,1280,low,direct,company,trained,phase_native_not_same_people,960,64,0.43645833333333334,0.296875,0.3666666666666667
0,1,neither,1280,low,direct,company,heldout,phase_native_not_same_people,960,64,0.090625,0.0,0.0453125
0,1,neither,1280,low,direct,project,all,phase_native_not_same_people,1920,128,0.23125,0.109375,0.1703125
0,1,neither,1280,low,direct,project,trained,phase_native_not_same_people,960,64,0.4166666666666667,0.21875,0.31770833333333337
0,1,neither,1280,low,direct,project,heldout,phase_native_not_same_people,960,64,0.04583333333333333,0.0,0.022916666666666665
0,1,neither,1280,high,direct,company,all,phase_native_not_same_people,1024,1024,0.0322265625,0.03125,0.03173828125
0,1,neither,1280,high,direct,company,trained,phase_native_not_same_people,512,512,0.033203125,0.03125,0.0322265625
0,1,neither,1280,high,direct,company,heldout,phase_native_not_same_people,512,512,0.03125,0.03125,0.03125
0,1,neither,1280,high,direct,project,all,phase_native_not_same_people,1024,1024,0.0322265625,0.0322265625,0.0322265625
0,1,neither,1280,high,direct,project,trained,phase_native_not_same_people,512,512,0.033203125,0.03125,0.0322265625
0,1,neither,1280,high,direct,project,heldout,phase_native_not_same_people,512,512,0.03125,0.033203125,0.0322265625
0,1,neither,2560,low,direct,company,all,phase_native_not_same_people,1920,128,0.7052083333333333,0.4609375,0.5830729166666666
0,1,neither,2560,low,direct,company,trained,phase_native_not_same_people,960,64,0.9416666666666667,0.84375,0.8927083333333333
0,1,neither,2560,low,direct,company,heldout,phase_native_not_same_people,960,64,0.46875,0.078125,0.2734375
0,1,neither,2560,low,direct,project,all,phase_native_not_same_people,1920,128,0.5276041666666667,0.4609375,0.4942708333333333
0,1,neither,2560,low,direct,project,trained,phase_native_not_same_people,960,64,0.8989583333333333,0.859375,0.8791666666666667
0,1,neither,2560,low,direct,project,heldout,phase_native_not_same_people,960,64,0.15625,0.0625,0.109375
0,1,neither,2560,high,direct,company,all,phase_native_not_same_people,1024,1024,0.4140625,0.33984375,0.376953125
0,1,neither,2560,high,direct,company,trained,phase_native_not_same_people,512,512,0.69140625,0.626953125,0.6591796875
0,1,neither,2560,high,direct,company,heldout,phase_native_not_same_people,512,512,0.13671875,0.052734375,0.0947265625
0,1,neither,2560,high,direct,project,all,phase_native_not_same_people,1024,1024,0.416015625,0.33984375,0.3779296875
0,1,neither,2560,high,direct,project,trained,phase_native_not_same_people,512,512,0.71484375,0.64453125,0.6796875
0,1,neither,2560,high,direct,project,heldout,phase_native_not_same_people,512,512,0.1171875,0.03515625,0.076171875
0,1,neither,5120,low,direct,company,all,phase_native_not_same_people,1920,128,0.9395833333333333,0.6796875,0.8096354166666666
0,1,neither,5120,low,direct,company,trained,phase_native_not_same_people,960,64,0.9989583333333333,0.953125,0.9760416666666667
0,1,neither,5120,low,direct,company,heldout,phase_native_not_same_people,960,64,0.8802083333333334,0.40625,0.6432291666666667
0,1,neither,5120,low,direct,project,all,phase_native_not_same_people,1920,128,0.9604166666666667,0.625,0.7927083333333333
0,1,neither,5120,low,direct,project,trained,phase_native_not_same_people,960,64,0.9979166666666667,0.984375,0.9911458333333334
0,1,neither,5120,low,direct,project,heldout,phase_native_not_same_people,960,64,0.9229166666666667,0.265625,0.5942708333333333
0,1,neither,5120,high,direct,company,all,phase_native_not_same_people,1024,1024,0.810546875,0.625,0.7177734375
0,1,neither,5120,high,direct,company,trained,phase_native_not_same_people,512,512,1.0,0.998046875,0.9990234375
0,1,neither,5120,high,direct,company,heldout,phase_native_not_same_people,512,512,0.62109375,0.251953125,0.4365234375
0,1,neither,5120,high,direct,project,all,phase_native_not_same_people,1024,1024,0.7626953125,0.6279296875,0.6953125
0,1,neither,5120,high,direct,project,trained,phase_native_not_same_people,512,512,0.998046875,0.994140625,0.99609375
0,1,neither,5120,high,direct,project,heldout,phase_native_not_same_people,512,512,0.52734375,0.26171875,0.39453125
0,1,neither,10240,low,direct,company,all,phase_native_not_same_people,1920,128,0.9604166666666667,0.7265625,0.8434895833333333
0,1,neither,10240,low,direct,company,trained,phase_native_not_same_people,960,64,0.9989583333333333,1.0,0.9994791666666667
0,1,neither,10240,low,direct,company,heldout,phase_native_not_same_people,960,64,0.921875,0.453125,0.6875
0,1,neither,10240,low,direct,project,all,phase_native_not_same_people,1920,128,0.9885416666666667,0.6171875,0.8028645833333333
0,1,neither,10240,low,direct,project,trained,phase_native_not_same_people,960,64,1.0,1.0,1.0
0,1,neither,10240,low,direct,project,heldout,phase_native_not_same_people,960,64,0.9770833333333333,0.234375,0.6057291666666667
0,1,neither,10240,high,direct,company,all,phase_native_not_same_people,1024,1024,0.9326171875,0.7763671875,0.8544921875
0,1,neither,10240,high,direct,company,trained,phase_native_not_same_people,512,512,0.998046875,0.994140625,0.99609375
0,1,neither,10240,high,direct,company,heldout,phase_native_not_same_people,512,512,0.8671875,0.55859375,0.712890625
0,1,neither,10240,high,direct,project,all,phase_native_not_same_people,1024,1024,0.9013671875,0.7548828125,0.828125
0,1,neither,10240,high,direct,project,trained,phase_native_not_same_people,512,512,0.998046875,0.99609375,0.9970703125
0,1,neither,10240,high,direct,project,heldout,phase_native_not_same_people,512,512,0.8046875,0.513671875,0.6591796875
0,1,neither,15360,low,direct,company,all,phase_native_not_same_people,1920,128,0.98125,0.734375,0.8578125
0,1,neither,15360,low,direct,company,trained,phase_native_not_same_people,960,64,1.0,1.0,1.0
0,1,neither,15360,low,direct,company,heldout,phase_native_not_same_people,960,64,0.9625,0.46875,0.715625
0,1,neither,15360,low,direct,project,all,phase_native_not_same_people,1920,128,0.9911458333333333,0.6328125,0.8119791666666667
0,1,neither,15360,low,direct,project,trained,phase_native_not_same_people,960,64,1.0,1.0,1.0
0,1,neither,15360,low,direct,project,heldout,phase_native_not_same_people,960,64,0.9822916666666667,0.265625,0.6239583333333334
0,1,neither,15360,high,direct,company,all,phase_native_not_same_people,1024,1024,0.9580078125,0.837890625,0.89794921875
0,1,neither,15360,high,direct,company,trained,phase_native_not_same_people,512,512,1.0,0.99609375,0.998046875
0,1,neither,15360,high,direct,company,heldout,phase_native_not_same_people,512,512,0.916015625,0.6796875,0.7978515625
0,1,neither,15360,high,direct,project,all,phase_native_not_same_people,1024,1024,0.919921875,0.80859375,0.8642578125
0,1,neither,15360,high,direct,project,trained,phase_native_not_same_people,512,512,1.0,0.998046875,0.9990234375
0,1,neither,15360,high,direct,project,heldout,phase_native_not_same_people,512,512,0.83984375,0.619140625,0.7294921875
0,1,neither,15360,low,two_step,company,all,phase_native_not_same_people,1920,128,0.9973958333333334,0.9921875,0.9947916666666667
0,1,neither,15360,low,two_step,company,trained,phase_native_not_same_people,960,64,1.0,0.984375,0.9921875
0,1,neither,15360,low,two_step,company,heldout,phase_native_not_same_people,960,64,0.9947916666666666,1.0,0.9973958333333333
0,1,neither,15360,high,two_step,company,all,phase_native_not_same_people,1024,1024,0.998046875,0.97265625,0.9853515625
0,1,neither,15360,high,two_step,company,trained,phase_native_not_same_people,512,512,0.998046875,0.978515625,0.98828125
0,1,neither,15360,high,two_step,company,heldout,phase_native_not_same_people,512,512,0.998046875,0.966796875,0.982421875
0,1,neither,15360,low,two_step,project,all,phase_native_not_same_people,1920,128,0.9932291666666667,0.984375,0.9888020833333333
0,1,neither,15360,low,two_step,project,trained,phase_native_not_same_people,960,64,0.9947916666666666,1.0,0.9973958333333333
0,1,neither,15360,low,two_step,project,heldout,phase_native_not_same_people,960,64,0.9916666666666667,0.96875,0.9802083333333333
0,1,neither,15360,high,two_step,project,all,phase_native_not_same_people,1024,1024,0.986328125,0.9853515625,0.98583984375
0,1,neither,15360,high,two_step,project,trained,phase_native_not_same_people,512,512,0.990234375,0.990234375,0.990234375
0,1,neither,15360,high,two_step,project,heldout,phase_native_not_same_people,512,512,0.982421875,0.98046875,0.9814453125
1,0,company,0,low,direct,company,all,phase_native_not_same_people,1920,128,0.0,0.0,0.0
1,0,company,0,low,direct,company,trained,phase_native_not_same_people,960,64,0.0,0.0,0.0
1,0,company,0,low,direct,company,heldout,phase_native_not_same_people,960,64,0.0,0.0,0.0
1,0,company,0,low,direct,project,all,phase_native_not_same_people,1920,128,0.0,0.0,0.0
1,0,company,0,low,direct,project,trained,phase_native_not_same_people,960,64,0.0,0.0,0.0
1,0,company,0,low,direct,project,heldout,phase_native_not_same_people,960,64,0.0,0.0,0.0
1,0,company,0,high,direct,company,all,phase_native_not_same_people,1024,1024,0.0,0.0,0.0
1,0,company,0,high,direct,company,trained,phase_native_not_same_people,512,512,0.0,0.0,0.0
1,0,company,0,high,direct,company,heldout,phase_native_not_same_people,512,512,0.0,0.0,0.0
1,0,company,0,high,direct,project,all,phase_native_not_same_people,1024,1024,0.0,0.0,0.0
1,0,company,0,high,direct,project,trained,phase_native_not_same_people,512,512,0.0,0.0,0.0
1,0,company,0,high,direct,project,heldout,phase_native_not_same_people,512,512,0.0,0.0,0.0
1,0,company,1280,low,direct,company,all,phase_native_not_same_people,1920,128,0.4630208333333333,0.4375,0.45026041666666666
1,0,company,1280,low,direct,company,trained,phase_native_not_same_people,960,64,0.7791666666666667,0.828125,0.8036458333333334
1,0,company,1280,low,direct,company,heldout,phase_native_not_same_people,960,64,0.146875,0.046875,0.096875
1,0,company,1280,low,direct,project,all,phase_native_not_same_people,1920,128,0.41510416666666666,0.359375,0.3872395833333333
1,0,company,1280,low,direct,project,trained,phase_native_not_same_people,960,64,0.7791666666666667,0.671875,0.7255208333333334
1,0,company,1280,low,direct,project,heldout,phase_native_not_same_people,960,64,0.051041666666666666,0.046875,0.04895833333333333
1,0,company,1280,high,direct,company,all,phase_native_not_same_people,1024,1024,0.4541015625,0.380859375,0.41748046875
1,0,company,1280,high,direct,company,trained,phase_native_not_same_people,512,512,0.78125,0.716796875,0.7490234375
1,0,company,1280,high,direct,company,heldout,phase_native_not_same_people,512,512,0.126953125,0.044921875,0.0859375
1,0,company,1280,high,direct,project,all,phase_native_not_same_people,1024,1024,0.3994140625,0.3232421875,0.361328125
1,0,company,1280,high,direct,project,trained,phase_native_not_same_people,512,512,0.7265625,0.623046875,0.6748046875
1,0,company,1280,high,direct,project,heldout,phase_native_not_same_people,512,512,0.072265625,0.0234375,0.0478515625
1,0,company,2560,low,direct,company,all,phase_native_not_same_people,1920,128,0.8635416666666667,0.546875,0.7052083333333333
1,0,company,2560,low,direct,company,trained,phase_native_not_same_people,960,64,1.0,0.96875,0.984375
1,0,company,2560,low,direct,company,heldout,phase_native_not_same_people,960,64,0.7270833333333333,0.125,0.42604166666666665
1,0,company,2560,low,direct,project,all,phase_native_not_same_people,1920,128,0.8348958333333333,0.5390625,0.6869791666666667
1,0,company,2560,low,direct,project,trained,phase_native_not_same_people,960,64,0.9989583333333333,1.0,0.9994791666666667
1,0,company,2560,low,direct,project,heldout,phase_native_not_same_people,960,64,0.6708333333333333,0.078125,0.37447916666666664
1,0,company,2560,high,direct,company,all,phase_native_not_same_people,1024,1024,0.5009765625,0.4609375,0.48095703125
1,0,company,2560,high,direct,company,trained,phase_native_not_same_people,512,512,0.884765625,0.89453125,0.8896484375
1,0,company,2560,high,direct,company,heldout,phase_native_not_same_people,512,512,0.1171875,0.02734375,0.072265625
1,0,company,2560,high,direct,project,all,phase_native_not_same_people,1024,1024,0.7080078125,0.4931640625,0.6005859375
1,0,company,2560,high,direct,project,trained,phase_native_not_same_people,512,512,0.916015625,0.912109375,0.9140625
1,0,company,2560,high,direct,project,heldout,phase_native_not_same_people,512,512,0.5,0.07421875,0.287109375
1,0,company,5120,low,direct,company,all,phase_native_not_same_people,1920,128,0.9869791666666666,0.7421875,0.8645833333333333
1,0,company,5120,low,direct,company,trained,phase_native_not_same_people,960,64,1.0,0.984375,0.9921875
1,0,company,5120,low,direct,company,heldout,phase_native_not_same_people,960,64,0.9739583333333334,0.5,0.7369791666666667
1,0,company,5120,low,direct,project,all,phase_native_not_same_people,1920,128,0.9817708333333334,0.90625,0.9440104166666667
1,0,company,5120,low,direct,project,trained,phase_native_not_same_people,960,64,1.0,1.0,1.0
1,0,company,5120,low,direct,project,heldout,phase_native_not_same_people,960,64,0.9635416666666666,0.8125,0.8880208333333333
1,0,company,5120,high,direct,company,all,phase_native_not_same_people,1024,1024,0.83984375,0.6953125,0.767578125
1,0,company,5120,high,direct,company,trained,phase_native_not_same_people,512,512,0.998046875,0.99609375,0.9970703125
1,0,company,5120,high,direct,company,heldout,phase_native_not_same_people,512,512,0.681640625,0.39453125,0.5380859375
1,0,company,5120,high,direct,project,all,phase_native_not_same_people,1024,1024,0.9140625,0.76953125,0.841796875
1,0,company,5120,high,direct,project,trained,phase_native_not_same_people,512,512,1.0,1.0,1.0
1,0,company,5120,high,direct,project,heldout,phase_native_not_same_people,512,512,0.828125,0.5390625,0.68359375
1,0,company,10240,low,direct,company,all,phase_native_not_same_people,1920,128,0.9677083333333333,0.78125,0.8744791666666667
1,0,company,10240,low,direct,company,trained,phase_native_not_same_people,960,64,0.9979166666666667,0.984375,0.9911458333333334
1,0,company,10240,low,direct,company,heldout,phase_native_not_same_people,960,64,0.9375,0.578125,0.7578125
1,0,company,10240,low,direct,project,all,phase_native_not_same_people,1920,128,0.9854166666666667,0.8671875,0.9263020833333333
1,0,company,10240,low,direct,project,trained,phase_native_not_same_people,960,64,0.9989583333333333,1.0,0.9994791666666667
1,0,company,10240,low,direct,project,heldout,phase_native_not_same_people,960,64,0.971875,0.734375,0.853125
1,0,company,10240,high,direct,company,all,phase_native_not_same_people,1024,1024,0.939453125,0.7890625,0.8642578125
1,0,company,10240,high,direct,company,trained,phase_native_not_same_people,512,512,1.0,1.0,1.0
1,0,company,10240,high,direct,company,heldout,phase_native_not_same_people,512,512,0.87890625,0.578125,0.728515625
1,0,company,10240,high,direct,project,all,phase_native_not_same_people,1024,1024,0.939453125,0.7958984375,0.86767578125
1,0,company,10240,high,direct,project,trained,phase_native_not_same_people,512,512,1.0,1.0,1.0
1,0,company,10240,high,direct,project,heldout,phase_native_not_same_people,512,512,0.87890625,0.591796875,0.7353515625
1,0,company,15360,low,direct,company,all,phase_native_not_same_people,1920,128,0.9994791666666667,0.828125,0.9138020833333333
1,0,company,15360,low,direct,company,trained,phase_native_not_same_people,960,64,1.0,1.0,1.0
1,0,company,15360,low,direct,company,heldout,phase_native_not_same_people,960,64,0.9989583333333333,0.65625,0.8276041666666667
1,0,company,15360,low,direct,project,all,phase_native_not_same_people,1920,128,0.9953125,0.8359375,0.915625
1,0,company,15360,low,direct,project,trained,phase_native_not_same_people,960,64,1.0,1.0,1.0
1,0,company,15360,low,direct,project,heldout,phase_native_not_same_people,960,64,0.990625,0.671875,0.83125
1,0,company,15360,high,direct,company,all,phase_native_not_same_people,1024,1024,0.96875,0.8212890625,0.89501953125
1,0,company,15360,high,direct,company,trained,phase_native_not_same_people,512,512,1.0,1.0,1.0
1,0,company,15360,high,direct,company,heldout,phase_native_not_same_people,512,512,0.9375,0.642578125,0.7900390625
1,0,company,15360,high,direct,project,all,phase_native_not_same_people,1024,1024,0.9541015625,0.8388671875,0.896484375
1,0,company,15360,high,direct,project,trained,phase_native_not_same_people,512,512,1.0,1.0,1.0
1,0,company,15360,high,direct,project,heldout,phase_native_not_same_people,512,512,0.908203125,0.677734375,0.79296875
1,0,company,15360,low,two_step,company,all,phase_native_not_same_people,1920,128,0.9984375,0.9765625,0.9875
1,0,company,15360,low,two_step,company,trained,phase_native_not_same_people,960,64,0.9979166666666667,1.0,0.9989583333333334
1,0,company,15360,low,two_step,company,heldout,phase_native_not_same_people,960,64,0.9989583333333333,0.953125,0.9760416666666667
1,0,company,15360,high,two_step,company,all,phase_native_not_same_people,1024,1024,1.0,0.99609375,0.998046875
1,0,company,15360,high,two_step,company,trained,phase_native_not_same_people,512,512,1.0,0.99609375,0.998046875
1,0,company,15360,high,two_step,company,heldout,phase_native_not_same_people,512,512,1.0,0.99609375,0.998046875
1,0,company,15360,low,two_step,project,all,phase_native_not_same_people,1920,128,1.0,1.0,1.0
1,0,company,15360,low,two_step,project,trained,phase_native_not_same_people,960,64,1.0,1.0,1.0
1,0,company,15360,low,two_step,project,heldout,phase_native_not_same_people,960,64,1.0,1.0,1.0
1,0,company,15360,high,two_step,project,all,phase_native_not_same_people,1024,1024,0.9970703125,0.9970703125,0.9970703125
1,0,company,15360,high,two_step,project,trained,phase_native_not_same_people,512,512,0.998046875,1.0,0.9990234375
1,0,company,15360,high,two_step,project,heldout,phase_native_not_same_people,512,512,0.99609375,0.994140625,0.9951171875
1,0,project,0,low,direct,company,all,phase_native_not_same_people,1920,128,0.0,0.0,0.0
1,0,project,0,low,direct,company,trained,phase_native_not_same_people,960,64,0.0,0.0,0.0
1,0,project,0,low,direct,company,heldout,phase_native_not_same_people,960,64,0.0,0.0,0.0
1,0,project,0,low,direct,project,all,phase_native_not_same_people,1920,128,0.0,0.0,0.0
1,0,project,0,low,direct,project,trained,phase_native_not_same_people,960,64,0.0,0.0,0.0
1,0,project,0,low,direct,project,heldout,phase_native_not_same_people,960,64,0.0,0.0,0.0
1,0,project,0,high,direct,company,all,phase_native_not_same_people,1024,1024,0.0,0.0,0.0
1,0,project,0,high,direct,company,trained,phase_native_not_same_people,512,512,0.0,0.0,0.0
1,0,project,0,high,direct,company,heldout,phase_native_not_same_people,512,512,0.0,0.0,0.0
1,0,project,0,high,direct,project,all,phase_native_not_same_people,1024,1024,0.0,0.0,0.0
1,0,project,0,high,direct,project,trained,phase_native_not_same_people,512,512,0.0,0.0,0.0
1,0,project,0,high,direct,project,heldout,phase_native_not_same_people,512,512,0.0,0.0,0.0
1,0,project,1280,low,direct,company,all,phase_native_not_same_people,1920,128,0.5302083333333333,0.421875,0.47604166666666664
1,0,project,1280,low,direct,company,trained,phase_native_not_same_people,960,64,0.8645833333333334,0.78125,0.8229166666666667
1,0,project,1280,low,direct,company,heldout,phase_native_not_same_people,960,64,0.19583333333333333,0.0625,0.12916666666666665
1,0,project,1280,low,direct,project,all,phase_native_not_same_people,1920,128,0.41875,0.3671875,0.39296875
1,0,project,1280,low,direct,project,trained,phase_native_not_same_people,960,64,0.7895833333333333,0.6875,0.7385416666666667
1,0,project,1280,low,direct,project,heldout,phase_native_not_same_people,960,64,0.04791666666666667,0.046875,0.04739583333333333
1,0,project,1280,high,direct,company,all,phase_native_not_same_people,1024,1024,0.529296875,0.388671875,0.458984375
1,0,project,1280,high,direct,company,trained,phase_native_not_same_people,512,512,0.8203125,0.759765625,0.7900390625
1,0,project,1280,high,direct,company,heldout,phase_native_not_same_people,512,512,0.23828125,0.017578125,0.1279296875
1,0,project,1280,high,direct,project,all,phase_native_not_same_people,1024,1024,0.419921875,0.390625,0.4052734375
1,0,project,1280,high,direct,project,trained,phase_native_not_same_people,512,512,0.783203125,0.744140625,0.763671875
1,0,project,1280,high,direct,project,heldout,phase_native_not_same_people,512,512,0.056640625,0.037109375,0.046875
1,0,project,2560,low,direct,company,all,phase_native_not_same_people,1920,128,0.9885416666666667,0.6171875,0.8028645833333333
1,0,project,2560,low,direct,company,trained,phase_native_not_same_people,960,64,1.0,0.875,0.9375
1,0,project,2560,low,direct,company,heldout,phase_native_not_same_people,960,64,0.9770833333333333,0.359375,0.6682291666666667
1,0,project,2560,low,direct,project,all,phase_native_not_same_people,1920,128,0.990625,0.734375,0.8625
1,0,project,2560,low,direct,project,trained,phase_native_not_same_people,960,64,1.0,0.984375,0.9921875
1,0,project,2560,low,direct,project,heldout,phase_native_not_same_people,960,64,0.98125,0.484375,0.7328125
1,0,project,2560,high,direct,company,all,phase_native_not_same_people,1024,1024,0.962890625,0.583984375,0.7734375
1,0,project,2560,high,direct,company,trained,phase_native_not_same_people,512,512,1.0,0.990234375,0.9951171875
1,0,project,2560,high,direct,company,heldout,phase_native_not_same_people,512,512,0.92578125,0.177734375,0.5517578125
1,0,project,2560,high,direct,project,all,phase_native_not_same_people,1024,1024,0.865234375,0.646484375,0.755859375
1,0,project,2560,high,direct,project,trained,phase_native_not_same_people,512,512,0.998046875,0.998046875,0.998046875
1,0,project,2560,high,direct,project,heldout,phase_native_not_same_people,512,512,0.732421875,0.294921875,0.513671875
1,0,project,5120,low,direct,company,all,phase_native_not_same_people,1920,128,0.9958333333333333,0.7109375,0.8533854166666667
1,0,project,5120,low,direct,company,trained,phase_native_not_same_people,960,64,1.0,0.984375,0.9921875
1,0,project,5120,low,direct,company,heldout,phase_native_not_same_people,960,64,0.9916666666666667,0.4375,0.7145833333333333
1,0,project,5120,low,direct,project,all,phase_native_not_same_people,1920,128,0.9697916666666667,0.7109375,0.8403645833333333
1,0,project,5120,low,direct,project,trained,phase_native_not_same_people,960,64,0.996875,1.0,0.9984375
1,0,project,5120,low,direct,project,heldout,phase_native_not_same_people,960,64,0.9427083333333334,0.421875,0.6822916666666667
1,0,project,5120,high,direct,company,all,phase_native_not_same_people,1024,1024,0.9833984375,0.9150390625,0.94921875
1,0,project,5120,high,direct,company,trained,phase_native_not_same_people,512,512,0.99609375,0.99609375,0.99609375
1,0,project,5120,high,direct,company,heldout,phase_native_not_same_people,512,512,0.970703125,0.833984375,0.90234375
1,0,project,5120,high,direct,project,all,phase_native_not_same_people,1024,1024,0.9912109375,0.9287109375,0.9599609375
1,0,project,5120,high,direct,project,trained,phase_native_not_same_people,512,512,1.0,0.998046875,0.9990234375
1,0,project,5120,high,direct,project,heldout,phase_native_not_same_people,512,512,0.982421875,0.859375,0.9208984375
1,0,project,10240,low,direct,company,all,phase_native_not_same_people,1920,128,0.9973958333333334,0.671875,0.8346354166666667
1,0,project,10240,low,direct,company,trained,phase_native_not_same_people,960,64,0.9989583333333333,0.96875,0.9838541666666667
1,0,project,10240,low,direct,company,heldout,phase_native_not_same_people,960,64,0.9958333333333333,0.375,0.6854166666666667
1,0,project,10240,low,direct,project,all,phase_native_not_same_people,1920,128,0.9973958333333334,0.8203125,0.9088541666666667
1,0,project,10240,low,direct,project,trained,phase_native_not_same_people,960,64,1.0,1.0,1.0
1,0,project,10240,low,direct,project,heldout,phase_native_not_same_people,960,64,0.9947916666666666,0.640625,0.8177083333333333
1,0,project,10240,high,direct,company,all,phase_native_not_same_people,1024,1024,0.9736328125,0.8916015625,0.9326171875
1,0,project,10240,high,direct,company,trained,phase_native_not_same_people,512,512,0.990234375,0.99609375,0.9931640625
1,0,project,10240,high,direct,company,heldout,phase_native_not_same_people,512,512,0.95703125,0.787109375,0.8720703125
1,0,project,10240,high,direct,project,all,phase_native_not_same_people,1024,1024,0.98828125,0.9365234375,0.96240234375
1,0,project,10240,high,direct,project,trained,phase_native_not_same_people,512,512,1.0,1.0,1.0
1,0,project,10240,high,direct,project,heldout,phase_native_not_same_people,512,512,0.9765625,0.873046875,0.9248046875
1,0,project,15360,low,direct,company,all,phase_native_not_same_people,1920,128,0.9958333333333333,0.6875,0.8416666666666667
1,0,project,15360,low,direct,company,trained,phase_native_not_same_people,960,64,1.0,1.0,1.0
1,0,project,15360,low,direct,company,heldout,phase_native_not_same_people,960,64,0.9916666666666667,0.375,0.6833333333333333
1,0,project,15360,low,direct,project,all,phase_native_not_same_people,1920,128,0.9958333333333333,0.8046875,0.9002604166666667
1,0,project,15360,low,direct,project,trained,phase_native_not_same_people,960,64,1.0,1.0,1.0
1,0,project,15360,low,direct,project,heldout,phase_native_not_same_people,960,64,0.9916666666666667,0.609375,0.8005208333333333
1,0,project,15360,high,direct,company,all,phase_native_not_same_people,1024,1024,0.9814453125,0.9189453125,0.9501953125
1,0,project,15360,high,direct,company,trained,phase_native_not_same_people,512,512,0.9921875,0.99609375,0.994140625
1,0,project,15360,high,direct,company,heldout,phase_native_not_same_people,512,512,0.970703125,0.841796875,0.90625
1,0,project,15360,high,direct,project,all,phase_native_not_same_people,1024,1024,0.9853515625,0.9375,0.96142578125
1,0,project,15360,high,direct,project,trained,phase_native_not_same_people,512,512,0.998046875,1.0,0.9990234375
1,0,project,15360,high,direct,project,heldout,phase_native_not_same_people,512,512,0.97265625,0.875,0.923828125
1,0,project,15360,low,two_step,company,all,phase_native_not_same_people,1920,128,0.9984375,0.984375,0.99140625
1,0,project,15360,low,two_step,company,trained,phase_native_not_same_people,960,64,0.9989583333333333,1.0,0.9994791666666667
1,0,project,15360,low,two_step,company,heldout,phase_native_not_same_people,960,64,0.9979166666666667,0.96875,0.9833333333333334
1,0,project,15360,high,two_step,company,all,phase_native_not_same_people,1024,1024,0.9931640625,0.9931640625,0.9931640625
1,0,project,15360,high,two_step,company,trained,phase_native_not_same_people,512,512,0.998046875,0.994140625,0.99609375
1,0,project,15360,high,two_step,company,heldout,phase_native_not_same_people,512,512,0.98828125,0.9921875,0.990234375
1,0,project,15360,low,two_step,project,all,phase_native_not_same_people,1920,128,0.9979166666666667,1.0,0.9989583333333334
1,0,project,15360,low,two_step,project,trained,phase_native_not_same_people,960,64,0.9989583333333333,1.0,0.9994791666666667
1,0,project,15360,low,two_step,project,heldout,phase_native_not_same_people,960,64,0.996875,1.0,0.9984375
1,0,project,15360,high,two_step,project,all,phase_native_not_same_people,1024,1024,0.97265625,0.9873046875,0.97998046875
1,0,project,15360,high,two_step,project,trained,phase_native_not_same_people,512,512,0.962890625,0.986328125,0.974609375
1,0,project,15360,high,two_step,project,heldout,phase_native_not_same_people,512,512,0.982421875,0.98828125,0.9853515625
1,0,neither,0,low,direct,company,all,phase_native_not_same_people,1920,128,0.0,0.0,0.0
1,0,neither,0,low,direct,company,trained,phase_native_not_same_people,960,64,0.0,0.0,0.0
1,0,neither,0,low,direct,company,heldout,phase_native_not_same_people,960,64,0.0,0.0,0.0
1,0,neither,0,low,direct,project,all,phase_native_not_same_people,1920,128,0.0,0.0,0.0
1,0,neither,0,low,direct,project,trained,phase_native_not_same_people,960,64,0.0,0.0,0.0
1,0,neither,0,low,direct,project,heldout,phase_native_not_same_people,960,64,0.0,0.0,0.0
1,0,neither,0,high,direct,company,all,phase_native_not_same_people,1024,1024,0.0,0.0,0.0
1,0,neither,0,high,direct,company,trained,phase_native_not_same_people,512,512,0.0,0.0,0.0
1,0,neither,0,high,direct,company,heldout,phase_native_not_same_people,512,512,0.0,0.0,0.0
1,0,neither,0,high,direct,project,all,phase_native_not_same_people,1024,1024,0.0,0.0,0.0
1,0,neither,0,high,direct,project,trained,phase_native_not_same_people,512,512,0.0,0.0,0.0
1,0,neither,0,high,direct,project,heldout,phase_native_not_same_people,512,512,0.0,0.0,0.0
1,0,neither,1280,low,direct,company,all,phase_native_not_same_people,1920,128,0.471875,0.34375,0.4078125
1,0,neither,1280,low,direct,company,trained,phase_native_not_same_people,960,64,0.7958333333333333,0.640625,0.7182291666666667
1,0,neither,1280,low,direct,company,heldout,phase_native_not_same_people,960,64,0.14791666666666667,0.046875,0.09739583333333333
1,0,neither,1280,low,direct,project,all,phase_native_not_same_people,1920,128,0.3734375,0.296875,0.33515625
1,0,neither,1280,low,direct,project,trained,phase_native_not_same_people,960,64,0.6875,0.5625,0.625
1,0,neither,1280,low,direct,project,heldout,phase_native_not_same_people,960,64,0.059375,0.03125,0.0453125
1,0,neither,1280,high,direct,company,all,phase_native_not_same_people,1024,1024,0.0966796875,0.087890625,0.09228515625
1,0,neither,1280,high,direct,company,trained,phase_native_not_same_people,512,512,0.15625,0.14453125,0.150390625
1,0,neither,1280,high,direct,company,heldout,phase_native_not_same_people,512,512,0.037109375,0.03125,0.0341796875
1,0,neither,1280,high,direct,project,all,phase_native_not_same_people,1024,1024,0.0986328125,0.0869140625,0.0927734375
1,0,neither,1280,high,direct,project,trained,phase_native_not_same_people,512,512,0.154296875,0.142578125,0.1484375
1,0,neither,1280,high,direct,project,heldout,phase_native_not_same_people,512,512,0.04296875,0.03125,0.037109375
1,0,neither,2560,low,direct,company,all,phase_native_not_same_people,1920,128,0.8432291666666667,0.53125,0.6872395833333333
1,0,neither,2560,low,direct,company,trained,phase_native_not_same_people,960,64,0.9708333333333333,0.921875,0.9463541666666666
1,0,neither,2560,low,direct,company,heldout,phase_native_not_same_people,960,64,0.715625,0.140625,0.428125
1,0,neither,2560,low,direct,project,all,phase_native_not_same_people,1920,128,0.5666666666666667,0.515625,0.5411458333333333
1,0,neither,2560,low,direct,project,trained,phase_native_not_same_people,960,64,0.9395833333333333,0.953125,0.9463541666666666
1,0,neither,2560,low,direct,project,heldout,phase_native_not_same_people,960,64,0.19375,0.078125,0.1359375
1,0,neither,2560,high,direct,company,all,phase_native_not_same_people,1024,1024,0.6044921875,0.3974609375,0.5009765625
1,0,neither,2560,high,direct,company,trained,phase_native_not_same_people,512,512,0.818359375,0.767578125,0.79296875
1,0,neither,2560,high,direct,company,heldout,phase_native_not_same_people,512,512,0.390625,0.02734375,0.208984375
1,0,neither,2560,high,direct,project,all,phase_native_not_same_people,1024,1024,0.4873046875,0.3876953125,0.4375
1,0,neither,2560,high,direct,project,trained,phase_native_not_same_people,512,512,0.783203125,0.734375,0.7587890625
1,0,neither,2560,high,direct,project,heldout,phase_native_not_same_people,512,512,0.19140625,0.041015625,0.1162109375
1,0,neither,5120,low,direct,company,all,phase_native_not_same_people,1920,128,0.9807291666666667,0.6015625,0.7911458333333333
1,0,neither,5120,low,direct,company,trained,phase_native_not_same_people,960,64,1.0,1.0,1.0
1,0,neither,5120,low,direct,company,heldout,phase_native_not_same_people,960,64,0.9614583333333333,0.203125,0.5822916666666667
1,0,neither,5120,low,direct,project,all,phase_native_not_same_people,1920,128,0.9536458333333333,0.5703125,0.7619791666666667
1,0,neither,5120,low,direct,project,trained,phase_native_not_same_people,960,64,1.0,1.0,1.0
1,0,neither,5120,low,direct,project,heldout,phase_native_not_same_people,960,64,0.9072916666666667,0.140625,0.5239583333333333
1,0,neither,5120,high,direct,company,all,phase_native_not_same_people,1024,1024,0.9013671875,0.658203125,0.77978515625
1,0,neither,5120,high,direct,company,trained,phase_native_not_same_people,512,512,1.0,0.99609375,0.998046875
1,0,neither,5120,high,direct,company,heldout,phase_native_not_same_people,512,512,0.802734375,0.3203125,0.5615234375
1,0,neither,5120,high,direct,project,all,phase_native_not_same_people,1024,1024,0.830078125,0.68359375,0.7568359375
1,0,neither,5120,high,direct,project,trained,phase_native_not_same_people,512,512,0.994140625,0.990234375,0.9921875
1,0,neither,5120,high,direct,project,heldout,phase_native_not_same_people,512,512,0.666015625,0.376953125,0.521484375
1,0,neither,10240,low,direct,company,all,phase_native_not_same_people,1920,128,0.9854166666666667,0.609375,0.7973958333333333
1,0,neither,10240,low,direct,company,trained,phase_native_not_same_people,960,64,1.0,1.0,1.0
1,0,neither,10240,low,direct,company,heldout,phase_native_not_same_people,960,64,0.9708333333333333,0.21875,0.5947916666666666
1,0,neither,10240,low,direct,project,all,phase_native_not_same_people,1920,128,0.965625,0.5703125,0.76796875
1,0,neither,10240,low,direct,project,trained,phase_native_not_same_people,960,64,0.9979166666666667,0.984375,0.9911458333333334
1,0,neither,10240,low,direct,project,heldout,phase_native_not_same_people,960,64,0.9333333333333333,0.15625,0.5447916666666667
1,0,neither,10240,high,direct,company,all,phase_native_not_same_people,1024,1024,0.92578125,0.7138671875,0.81982421875
1,0,neither,10240,high,direct,company,trained,phase_native_not_same_people,512,512,0.990234375,0.982421875,0.986328125
1,0,neither,10240,high,direct,company,heldout,phase_native_not_same_people,512,512,0.861328125,0.4453125,0.6533203125
1,0,neither,10240,high,direct,project,all,phase_native_not_same_people,1024,1024,0.9365234375,0.7685546875,0.8525390625
1,0,neither,10240,high,direct,project,trained,phase_native_not_same_people,512,512,1.0,0.998046875,0.9990234375
1,0,neither,10240,high,direct,project,heldout,phase_native_not_same_people,512,512,0.873046875,0.5390625,0.7060546875
1,0,neither,15360,low,direct,company,all,phase_native_not_same_people,1920,128,0.9942708333333333,0.609375,0.8018229166666666
1,0,neither,15360,low,direct,company,trained,phase_native_not_same_people,960,64,1.0,1.0,1.0
1,0,neither,15360,low,direct,company,heldout,phase_native_not_same_people,960,64,0.9885416666666667,0.21875,0.6036458333333333
1,0,neither,15360,low,direct,project,all,phase_native_not_same_people,1920,128,0.9833333333333333,0.578125,0.7807291666666667
1,0,neither,15360,low,direct,project,trained,phase_native_not_same_people,960,64,1.0,0.984375,0.9921875
1,0,neither,15360,low,direct,project,heldout,phase_native_not_same_people,960,64,0.9666666666666667,0.171875,0.5692708333333334
1,0,neither,15360,high,direct,company,all,phase_native_not_same_people,1024,1024,0.970703125,0.8125,0.8916015625
1,0,neither,15360,high,direct,company,trained,phase_native_not_same_people,512,512,0.99609375,0.998046875,0.9970703125
1,0,neither,15360,high,direct,company,heldout,phase_native_not_same_people,512,512,0.9453125,0.626953125,0.7861328125
1,0,neither,15360,high,direct,project,all,phase_native_not_same_people,1024,1024,0.9794921875,0.8369140625,0.908203125
1,0,neither,15360,high,direct,project,trained,phase_native_not_same_people,512,512,0.998046875,1.0,0.9990234375
1,0,neither,15360,high,direct,project,heldout,phase_native_not_same_people,512,512,0.9609375,0.673828125,0.8173828125
1,0,neither,15360,low,two_step,company,all,phase_native_not_same_people,1920,128,0.9994791666666667,0.9765625,0.9880208333333333
1,0,neither,15360,low,two_step,company,trained,phase_native_not_same_people,960,64,0.9989583333333333,0.984375,0.9916666666666667
1,0,neither,15360,low,two_step,company,heldout,phase_native_not_same_people,960,64,1.0,0.96875,0.984375
1,0,neither,15360,high,two_step,company,all,phase_native_not_same_people,1024,1024,0.998046875,0.9912109375,0.99462890625
1,0,neither,15360,high,two_step,company,trained,phase_native_not_same_people,512,512,0.998046875,0.9921875,0.9951171875
1,0,neither,15360,high,two_step,company,heldout,phase_native_not_same_people,512,512,0.998046875,0.990234375,0.994140625
1,0,neither,15360,low,two_step,project,all,phase_native_not_same_people,1920,128,0.996875,1.0,0.9984375
1,0,neither,15360,low,two_step,project,trained,phase_native_not_same_people,960,64,0.9958333333333333,1.0,0.9979166666666667
1,0,neither,15360,low,two_step,project,heldout,phase_native_not_same_people,960,64,0.9979166666666667,1.0,0.9989583333333334
1,0,neither,15360,high,two_step,project,all,phase_native_not_same_people,1024,1024,0.9990234375,0.9990234375,0.9990234375
1,0,neither,15360,high,two_step,project,trained,phase_native_not_same_people,512,512,0.998046875,1.0,0.9990234375
1,0,neither,15360,high,two_step,project,heldout,phase_native_not_same_people,512,512,1.0,0.998046875,0.9990234375
1,1,company,0,low,direct,company,all,phase_native_not_same_people,1920,128,0.0,0.0,0.0
1,1,company,0,low,direct,company,trained,phase_native_not_same_people,960,64,0.0,0.0,0.0
1,1,company,0,low,direct,company,heldout,phase_native_not_same_people,960,64,0.0,0.0,0.0
1,1,company,0,low,direct,project,all,phase_native_not_same_people,1920,128,0.0,0.0,0.0
1,1,company,0,low,direct,project,trained,phase_native_not_same_people,960,64,0.0,0.0,0.0
1,1,company,0,low,direct,project,heldout,phase_native_not_same_people,960,64,0.0,0.0,0.0
1,1,company,0,high,direct,company,all,phase_native_not_same_people,1024,1024,0.0,0.0,0.0
1,1,company,0,high,direct,company,trained,phase_native_not_same_people,512,512,0.0,0.0,0.0
1,1,company,0,high,direct,company,heldout,phase_native_not_same_people,512,512,0.0,0.0,0.0
1,1,company,0,high,direct,project,all,phase_native_not_same_people,1024,1024,0.0,0.0,0.0
1,1,company,0,high,direct,project,trained,phase_native_not_same_people,512,512,0.0,0.0,0.0
1,1,company,0,high,direct,project,heldout,phase_native_not_same_people,512,512,0.0,0.0,0.0
1,1,company,1280,low,direct,company,all,phase_native_not_same_people,1920,128,0.4895833333333333,0.4140625,0.45182291666666663
1,1,company,1280,low,direct,company,trained,phase_native_not_same_people,960,64,0.825,0.765625,0.7953125
1,1,company,1280,low,direct,company,heldout,phase_native_not_same_people,960,64,0.15416666666666667,0.0625,0.10833333333333334
1,1,company,1280,low,direct,project,all,phase_native_not_same_people,1920,128,0.409375,0.3515625,0.38046875
1,1,company,1280,low,direct,project,trained,phase_native_not_same_people,960,64,0.753125,0.6875,0.7203125
1,1,company,1280,low,direct,project,heldout,phase_native_not_same_people,960,64,0.065625,0.015625,0.040625
1,1,company,1280,high,direct,company,all,phase_native_not_same_people,1024,1024,0.53125,0.4306640625,0.48095703125
1,1,company,1280,high,direct,company,trained,phase_native_not_same_people,512,512,0.87109375,0.791015625,0.8310546875
1,1,company,1280,high,direct,company,heldout,phase_native_not_same_people,512,512,0.19140625,0.0703125,0.130859375
1,1,company,1280,high,direct,project,all,phase_native_not_same_people,1024,1024,0.3994140625,0.330078125,0.36474609375
1,1,company,1280,high,direct,project,trained,phase_native_not_same_people,512,512,0.716796875,0.625,0.6708984375
1,1,company,1280,high,direct,project,heldout,phase_native_not_same_people,512,512,0.08203125,0.03515625,0.05859375
1,1,company,2560,low,direct,company,all,phase_native_not_same_people,1920,128,0.9098958333333333,0.53125,0.7205729166666667
1,1,company,2560,low,direct,company,trained,phase_native_not_same_people,960,64,1.0,0.984375,0.9921875
1,1,company,2560,low,direct,company,heldout,phase_native_not_same_people,960,64,0.8197916666666667,0.078125,0.44895833333333335
1,1,company,2560,low,direct,project,all,phase_native_not_same_people,1920,128,0.96875,0.5546875,0.76171875
1,1,company,2560,low,direct,project,trained,phase_native_not_same_people,960,64,0.9958333333333333,0.953125,0.9744791666666667
1,1,company,2560,low,direct,project,heldout,phase_native_not_same_people,960,64,0.9416666666666667,0.15625,0.5489583333333333
1,1,company,2560,high,direct,company,all,phase_native_not_same_people,1024,1024,0.6513671875,0.5283203125,0.58984375
1,1,company,2560,high,direct,company,trained,phase_native_not_same_people,512,512,1.0,0.99609375,0.998046875
1,1,company,2560,high,direct,company,heldout,phase_native_not_same_people,512,512,0.302734375,0.060546875,0.181640625
1,1,company,2560,high,direct,project,all,phase_native_not_same_people,1024,1024,0.9091796875,0.6162109375,0.7626953125
1,1,company,2560,high,direct,project,trained,phase_native_not_same_people,512,512,1.0,1.0,1.0
1,1,company,2560,high,direct,project,heldout,phase_native_not_same_people,512,512,0.818359375,0.232421875,0.525390625
1,1,company,5120,low,direct,company,all,phase_native_not_same_people,1920,128,0.9963541666666667,0.859375,0.9278645833333333
1,1,company,5120,low,direct,company,trained,phase_native_not_same_people,960,64,1.0,1.0,1.0
1,1,company,5120,low,direct,company,heldout,phase_native_not_same_people,960,64,0.9927083333333333,0.71875,0.8557291666666667
1,1,company,5120,low,direct,project,all,phase_native_not_same_people,1920,128,0.9833333333333333,0.59375,0.7885416666666667
1,1,company,5120,low,direct,project,trained,phase_native_not_same_people,960,64,0.9989583333333333,0.984375,0.9916666666666667
1,1,company,5120,low,direct,project,heldout,phase_native_not_same_people,960,64,0.9677083333333333,0.203125,0.5854166666666667
1,1,company,5120,high,direct,company,all,phase_native_not_same_people,1024,1024,0.9931640625,0.9501953125,0.9716796875
1,1,company,5120,high,direct,company,trained,phase_native_not_same_people,512,512,1.0,1.0,1.0
1,1,company,5120,high,direct,company,heldout,phase_native_not_same_people,512,512,0.986328125,0.900390625,0.943359375
1,1,company,5120,high,direct,project,all,phase_native_not_same_people,1024,1024,0.9755859375,0.9130859375,0.9443359375
1,1,company,5120,high,direct,project,trained,phase_native_not_same_people,512,512,1.0,1.0,1.0
1,1,company,5120,high,direct,project,heldout,phase_native_not_same_people,512,512,0.951171875,0.826171875,0.888671875
1,1,company,10240,low,direct,company,all,phase_native_not_same_people,1920,128,0.9838541666666667,0.78125,0.8825520833333333
1,1,company,10240,low,direct,company,trained,phase_native_not_same_people,960,64,0.996875,0.984375,0.990625
1,1,company,10240,low,direct,company,heldout,phase_native_not_same_people,960,64,0.9708333333333333,0.578125,0.7744791666666666
1,1,company,10240,low,direct,project,all,phase_native_not_same_people,1920,128,0.9859375,0.6171875,0.8015625
1,1,company,10240,low,direct,project,trained,phase_native_not_same_people,960,64,0.9989583333333333,1.0,0.9994791666666667
1,1,company,10240,low,direct,project,heldout,phase_native_not_same_people,960,64,0.9729166666666667,0.234375,0.6036458333333333
1,1,company,10240,high,direct,company,all,phase_native_not_same_people,1024,1024,0.994140625,0.966796875,0.98046875
1,1,company,10240,high,direct,company,trained,phase_native_not_same_people,512,512,1.0,1.0,1.0
1,1,company,10240,high,direct,company,heldout,phase_native_not_same_people,512,512,0.98828125,0.93359375,0.9609375
1,1,company,10240,high,direct,project,all,phase_native_not_same_people,1024,1024,0.9677734375,0.919921875,0.94384765625
1,1,company,10240,high,direct,project,trained,phase_native_not_same_people,512,512,1.0,0.998046875,0.9990234375
1,1,company,10240,high,direct,project,heldout,phase_native_not_same_people,512,512,0.935546875,0.841796875,0.888671875
1,1,company,15360,low,direct,company,all,phase_native_not_same_people,1920,128,0.9921875,0.84375,0.91796875
1,1,company,15360,low,direct,company,trained,phase_native_not_same_people,960,64,1.0,1.0,1.0
1,1,company,15360,low,direct,company,heldout,phase_native_not_same_people,960,64,0.984375,0.6875,0.8359375
1,1,company,15360,low,direct,project,all,phase_native_not_same_people,1920,128,0.9911458333333333,0.640625,0.8158854166666667
1,1,company,15360,low,direct,project,trained,phase_native_not_same_people,960,64,0.9989583333333333,1.0,0.9994791666666667
1,1,company,15360,low,direct,project,heldout,phase_native_not_same_people,960,64,0.9833333333333333,0.28125,0.6322916666666667
1,1,company,15360,high,direct,company,all,phase_native_not_same_people,1024,1024,0.99609375,0.9775390625,0.98681640625
1,1,company,15360,high,direct,company,trained,phase_native_not_same_people,512,512,1.0,1.0,1.0
1,1,company,15360,high,direct,company,heldout,phase_native_not_same_people,512,512,0.9921875,0.955078125,0.9736328125
1,1,company,15360,high,direct,project,all,phase_native_not_same_people,1024,1024,0.96484375,0.9208984375,0.94287109375
1,1,company,15360,high,direct,project,trained,phase_native_not_same_people,512,512,0.998046875,1.0,0.9990234375
1,1,company,15360,high,direct,project,heldout,phase_native_not_same_people,512,512,0.931640625,0.841796875,0.88671875
1,1,company,15360,low,two_step,company,all,phase_native_not_same_people,1920,128,0.9994791666666667,0.96875,0.9841145833333333
1,1,company,15360,low,two_step,company,trained,phase_native_not_same_people,960,64,1.0,0.984375,0.9921875
1,1,company,15360,low,two_step,company,heldout,phase_native_not_same_people,960,64,0.9989583333333333,0.953125,0.9760416666666667
1,1,company,15360,high,two_step,company,all,phase_native_not_same_people,1024,1024,1.0,0.9990234375,0.99951171875
1,1,company,15360,high,two_step,company,trained,phase_native_not_same_people,512,512,1.0,1.0,1.0
1,1,company,15360,high,two_step,company,heldout,phase_native_not_same_people,512,512,1.0,0.998046875,0.9990234375
1,1,company,15360,low,two_step,project,all,phase_native_not_same_people,1920,128,1.0,1.0,1.0
1,1,company,15360,low,two_step,project,trained,phase_native_not_same_people,960,64,1.0,1.0,1.0
1,1,company,15360,low,two_step,project,heldout,phase_native_not_same_people,960,64,1.0,1.0,1.0
1,1,company,15360,high,two_step,project,all,phase_native_not_same_people,1024,1024,1.0,0.9970703125,0.99853515625
1,1,company,15360,high,two_step,project,trained,phase_native_not_same_people,512,512,1.0,0.99609375,0.998046875
1,1,company,15360,high,two_step,project,heldout,phase_native_not_same_people,512,512,1.0,0.998046875,0.9990234375
1,1,project,0,low,direct,company,all,phase_native_not_same_people,1920,128,0.0,0.0,0.0
1,1,project,0,low,direct,company,trained,phase_native_not_same_people,960,64,0.0,0.0,0.0
1,1,project,0,low,direct,company,heldout,phase_native_not_same_people,960,64,0.0,0.0,0.0
1,1,project,0,low,direct,project,all,phase_native_not_same_people,1920,128,0.0,0.0,0.0
1,1,project,0,low,direct,project,trained,phase_native_not_same_people,960,64,0.0,0.0,0.0
1,1,project,0,low,direct,project,heldout,phase_native_not_same_people,960,64,0.0,0.0,0.0
1,1,project,0,high,direct,company,all,phase_native_not_same_people,1024,1024,0.0,0.0,0.0
1,1,project,0,high,direct,company,trained,phase_native_not_same_people,512,512,0.0,0.0,0.0
1,1,project,0,high,direct,company,heldout,phase_native_not_same_people,512,512,0.0,0.0,0.0
1,1,project,0,high,direct,project,all,phase_native_not_same_people,1024,1024,0.0,0.0,0.0
1,1,project,0,high,direct,project,trained,phase_native_not_same_people,512,512,0.0,0.0,0.0
1,1,project,0,high,direct,project,heldout,phase_native_not_same_people,512,512,0.0,0.0,0.0
1,1,project,1280,low,direct,company,all,phase_native_not_same_people,1920,128,0.5463541666666667,0.40625,0.47630208333333335
1,1,project,1280,low,direct,company,trained,phase_native_not_same_people,960,64,0.84375,0.75,0.796875
1,1,project,1280,low,direct,company,heldout,phase_native_not_same_people,960,64,0.24895833333333334,0.0625,0.15572916666666667
1,1,project,1280,low,direct,project,all,phase_native_not_same_people,1920,128,0.3854166666666667,0.34375,0.36458333333333337
1,1,project,1280,low,direct,project,trained,phase_native_not_same_people,960,64,0.725,0.671875,0.6984375
1,1,project,1280,low,direct,project,heldout,phase_native_not_same_people,960,64,0.04583333333333333,0.015625,0.030729166666666665
1,1,project,1280,high,direct,company,all,phase_native_not_same_people,1024,1024,0.5419921875,0.3857421875,0.4638671875
1,1,project,1280,high,direct,company,trained,phase_native_not_same_people,512,512,0.84375,0.75390625,0.798828125
1,1,project,1280,high,direct,company,heldout,phase_native_not_same_people,512,512,0.240234375,0.017578125,0.12890625
1,1,project,1280,high,direct,project,all,phase_native_not_same_people,1024,1024,0.41015625,0.376953125,0.3935546875
1,1,project,1280,high,direct,project,trained,phase_native_not_same_people,512,512,0.7578125,0.720703125,0.7392578125
1,1,project,1280,high,direct,project,heldout,phase_native_not_same_people,512,512,0.0625,0.033203125,0.0478515625
1,1,project,2560,low,direct,company,all,phase_native_not_same_people,1920,128,0.9869791666666666,0.578125,0.7825520833333333
1,1,project,2560,low,direct,company,trained,phase_native_not_same_people,960,64,0.9979166666666667,0.90625,0.9520833333333334
1,1,project,2560,low,direct,company,heldout,phase_native_not_same_people,960,64,0.9760416666666667,0.25,0.6130208333333333
1,1,project,2560,low,direct,project,all,phase_native_not_same_people,1920,128,0.9786458333333333,0.6953125,0.8369791666666666
1,1,project,2560,low,direct,project,trained,phase_native_not_same_people,960,64,1.0,0.984375,0.9921875
1,1,project,2560,low,direct,project,heldout,phase_native_not_same_people,960,64,0.9572916666666667,0.40625,0.6817708333333333
1,1,project,2560,high,direct,company,all,phase_native_not_same_people,1024,1024,0.8505859375,0.5341796875,0.6923828125
1,1,project,2560,high,direct,company,trained,phase_native_not_same_people,512,512,1.0,1.0,1.0
1,1,project,2560,high,direct,company,heldout,phase_native_not_same_people,512,512,0.701171875,0.068359375,0.384765625
1,1,project,2560,high,direct,project,all,phase_native_not_same_people,1024,1024,0.783203125,0.6005859375,0.69189453125
1,1,project,2560,high,direct,project,trained,phase_native_not_same_people,512,512,0.998046875,1.0,0.9990234375
1,1,project,2560,high,direct,project,heldout,phase_native_not_same_people,512,512,0.568359375,0.201171875,0.384765625
1,1,project,5120,low,direct,company,all,phase_native_not_same_people,1920,128,0.9958333333333333,0.7578125,0.8768229166666667
1,1,project,5120,low,direct,company,trained,phase_native_not_same_people,960,64,1.0,0.96875,0.984375
1,1,project,5120,low,direct,company,heldout,phase_native_not_same_people,960,64,0.9916666666666667,0.546875,0.7692708333333333
1,1,project,5120,low,direct,project,all,phase_native_not_same_people,1920,128,0.984375,0.796875,0.890625
1,1,project,5120,low,direct,project,trained,phase_native_not_same_people,960,64,1.0,1.0,1.0
1,1,project,5120,low,direct,project,heldout,phase_native_not_same_people,960,64,0.96875,0.59375,0.78125
1,1,project,5120,high,direct,company,all,phase_native_not_same_people,1024,1024,0.9638671875,0.7626953125,0.86328125
1,1,project,5120,high,direct,company,trained,phase_native_not_same_people,512,512,1.0,1.0,1.0
1,1,project,5120,high,direct,company,heldout,phase_native_not_same_people,512,512,0.927734375,0.525390625,0.7265625
1,1,project,5120,high,direct,project,all,phase_native_not_same_people,1024,1024,0.9658203125,0.8818359375,0.923828125
1,1,project,5120,high,direct,project,trained,phase_native_not_same_people,512,512,1.0,0.998046875,0.9990234375
1,1,project,5120,high,direct,project,heldout,phase_native_not_same_people,512,512,0.931640625,0.765625,0.8486328125
1,1,project,10240,low,direct,company,all,phase_native_not_same_people,1920,128,0.9973958333333334,0.6640625,0.8307291666666667
1,1,project,10240,low,direct,company,trained,phase_native_not_same_people,960,64,0.9989583333333333,0.984375,0.9916666666666667
1,1,project,10240,low,direct,company,heldout,phase_native_not_same_people,960,64,0.9958333333333333,0.34375,0.6697916666666667
1,1,project,10240,low,direct,project,all,phase_native_not_same_people,1920,128,0.9942708333333333,0.8359375,0.9151041666666666
1,1,project,10240,low,direct,project,trained,phase_native_not_same_people,960,64,1.0,1.0,1.0
1,1,project,10240,low,direct,project,heldout,phase_native_not_same_people,960,64,0.9885416666666667,0.671875,0.8302083333333333
1,1,project,10240,high,direct,company,all,phase_native_not_same_people,1024,1024,0.9716796875,0.8505859375,0.9111328125
1,1,project,10240,high,direct,company,trained,phase_native_not_same_people,512,512,1.0,1.0,1.0
1,1,project,10240,high,direct,company,heldout,phase_native_not_same_people,512,512,0.943359375,0.701171875,0.822265625
1,1,project,10240,high,direct,project,all,phase_native_not_same_people,1024,1024,0.9794921875,0.9208984375,0.9501953125
1,1,project,10240,high,direct,project,trained,phase_native_not_same_people,512,512,0.998046875,0.998046875,0.998046875
1,1,project,10240,high,direct,project,heldout,phase_native_not_same_people,512,512,0.9609375,0.84375,0.90234375
1,1,project,15360,low,direct,company,all,phase_native_not_same_people,1920,128,0.9989583333333333,0.6640625,0.8315104166666667
1,1,project,15360,low,direct,company,trained,phase_native_not_same_people,960,64,1.0,1.0,1.0
1,1,project,15360,low,direct,company,heldout,phase_native_not_same_people,960,64,0.9979166666666667,0.328125,0.6630208333333334
1,1,project,15360,low,direct,project,all,phase_native_not_same_people,1920,128,0.9942708333333333,0.859375,0.9268229166666666
1,1,project,15360,low,direct,project,trained,phase_native_not_same_people,960,64,1.0,1.0,1.0
1,1,project,15360,low,direct,project,heldout,phase_native_not_same_people,960,64,0.9885416666666667,0.71875,0.8536458333333333
1,1,project,15360,high,direct,company,all,phase_native_not_same_people,1024,1024,0.984375,0.91796875,0.951171875
1,1,project,15360,high,direct,company,trained,phase_native_not_same_people,512,512,1.0,0.99609375,0.998046875
1,1,project,15360,high,direct,company,heldout,phase_native_not_same_people,512,512,0.96875,0.83984375,0.904296875
1,1,project,15360,high,direct,project,all,phase_native_not_same_people,1024,1024,0.990234375,0.9404296875,0.96533203125
1,1,project,15360,high,direct,project,trained,phase_native_not_same_people,512,512,0.998046875,0.998046875,0.998046875
1,1,project,15360,high,direct,project,heldout,phase_native_not_same_people,512,512,0.982421875,0.8828125,0.9326171875
1,1,project,15360,low,two_step,company,all,phase_native_not_same_people,1920,128,1.0,1.0,1.0
1,1,project,15360,low,two_step,company,trained,phase_native_not_same_people,960,64,1.0,1.0,1.0
1,1,project,15360,low,two_step,company,heldout,phase_native_not_same_people,960,64,1.0,1.0,1.0
1,1,project,15360,high,two_step,company,all,phase_native_not_same_people,1024,1024,1.0,0.99609375,0.998046875
1,1,project,15360,high,two_step,company,trained,phase_native_not_same_people,512,512,1.0,1.0,1.0
1,1,project,15360,high,two_step,company,heldout,phase_native_not_same_people,512,512,1.0,0.9921875,0.99609375
1,1,project,15360,low,two_step,project,all,phase_native_not_same_people,1920,128,0.9979166666666667,0.984375,0.9911458333333334
1,1,project,15360,low,two_step,project,trained,phase_native_not_same_people,960,64,0.9989583333333333,0.984375,0.9916666666666667
1,1,project,15360,low,two_step,project,heldout,phase_native_not_same_people,960,64,0.996875,0.984375,0.990625
1,1,project,15360,high,two_step,project,all,phase_native_not_same_people,1024,1024,0.955078125,0.931640625,0.943359375
1,1,project,15360,high,two_step,project,trained,phase_native_not_same_people,512,512,0.974609375,0.947265625,0.9609375
1,1,project,15360,high,two_step,project,heldout,phase_native_not_same_people,512,512,0.935546875,0.916015625,0.92578125
1,1,neither,0,low,direct,company,all,phase_native_not_same_people,1920,128,0.0,0.0,0.0
1,1,neither,0,low,direct,company,trained,phase_native_not_same_people,960,64,0.0,0.0,0.0
1,1,neither,0,low,direct,company,heldout,phase_native_not_same_people,960,64,0.0,0.0,0.0
1,1,neither,0,low,direct,project,all,phase_native_not_same_people,1920,128,0.0,0.0,0.0
1,1,neither,0,low,direct,project,trained,phase_native_not_same_people,960,64,0.0,0.0,0.0
1,1,neither,0,low,direct,project,heldout,phase_native_not_same_people,960,64,0.0,0.0,0.0
1,1,neither,0,high,direct,company,all,phase_native_not_same_people,1024,1024,0.0,0.0,0.0
1,1,neither,0,high,direct,company,trained,phase_native_not_same_people,512,512,0.0,0.0,0.0
1,1,neither,0,high,direct,company,heldout,phase_native_not_same_people,512,512,0.0,0.0,0.0
1,1,neither,0,high,direct,project,all,phase_native_not_same_people,1024,1024,0.0,0.0,0.0
1,1,neither,0,high,direct,project,trained,phase_native_not_same_people,512,512,0.0,0.0,0.0
1,1,neither,0,high,direct,project,heldout,phase_native_not_same_people,512,512,0.0,0.0,0.0
1,1,neither,1280,low,direct,company,all,phase_native_not_same_people,1920,128,0.5135416666666667,0.3359375,0.42473958333333334
1,1,neither,1280,low,direct,company,trained,phase_native_not_same_people,960,64,0.8322916666666667,0.625,0.7286458333333333
1,1,neither,1280,low,direct,company,heldout,phase_native_not_same_people,960,64,0.19479166666666667,0.046875,0.12083333333333333
1,1,neither,1280,low,direct,project,all,phase_native_not_same_people,1920,128,0.375,0.2578125,0.31640625
1,1,neither,1280,low,direct,project,trained,phase_native_not_same_people,960,64,0.690625,0.515625,0.603125
1,1,neither,1280,low,direct,project,heldout,phase_native_not_same_people,960,64,0.059375,0.0,0.0296875
1,1,neither,1280,high,direct,company,all,phase_native_not_same_people,1024,1024,0.318359375,0.2392578125,0.27880859375
1,1,neither,1280,high,direct,company,trained,phase_native_not_same_people,512,512,0.537109375,0.443359375,0.490234375
1,1,neither,1280,high,direct,company,heldout,phase_native_not_same_people,512,512,0.099609375,0.03515625,0.0673828125
1,1,neither,1280,high,direct,project,all,phase_native_not_same_people,1024,1024,0.2744140625,0.216796875,0.24560546875
1,1,neither,1280,high,direct,project,trained,phase_native_not_same_people,512,512,0.47265625,0.404296875,0.4384765625
1,1,neither,1280,high,direct,project,heldout,phase_native_not_same_people,512,512,0.076171875,0.029296875,0.052734375
1,1,neither,2560,low,direct,company,all,phase_native_not_same_people,1920,128,0.8807291666666667,0.5,0.6903645833333334
1,1,neither,2560,low,direct,company,trained,phase_native_not_same_people,960,64,1.0,0.921875,0.9609375
1,1,neither,2560,low,direct,company,heldout,phase_native_not_same_people,960,64,0.7614583333333333,0.078125,0.4197916666666667
1,1,neither,2560,low,direct,project,all,phase_native_not_same_people,1920,128,0.7416666666666667,0.5078125,0.6247395833333333
1,1,neither,2560,low,direct,project,trained,phase_native_not_same_people,960,64,0.9979166666666667,0.984375,0.9911458333333334
1,1,neither,2560,low,direct,project,heldout,phase_native_not_same_people,960,64,0.48541666666666666,0.03125,0.2583333333333333
1,1,neither,2560,high,direct,company,all,phase_native_not_same_people,1024,1024,0.6044921875,0.412109375,0.50830078125
1,1,neither,2560,high,direct,company,trained,phase_native_not_same_people,512,512,0.865234375,0.798828125,0.83203125
1,1,neither,2560,high,direct,company,heldout,phase_native_not_same_people,512,512,0.34375,0.025390625,0.1845703125
1,1,neither,2560,high,direct,project,all,phase_native_not_same_people,1024,1024,0.515625,0.4072265625,0.46142578125
1,1,neither,2560,high,direct,project,trained,phase_native_not_same_people,512,512,0.79296875,0.77734375,0.78515625
1,1,neither,2560,high,direct,project,heldout,phase_native_not_same_people,512,512,0.23828125,0.037109375,0.1376953125
1,1,neither,5120,low,direct,company,all,phase_native_not_same_people,1920,128,0.9953125,0.703125,0.84921875
1,1,neither,5120,low,direct,company,trained,phase_native_not_same_people,960,64,1.0,1.0,1.0
1,1,neither,5120,low,direct,company,heldout,phase_native_not_same_people,960,64,0.990625,0.40625,0.6984375
1,1,neither,5120,low,direct,project,all,phase_native_not_same_people,1920,128,0.9869791666666666,0.640625,0.8138020833333333
1,1,neither,5120,low,direct,project,trained,phase_native_not_same_people,960,64,1.0,1.0,1.0
1,1,neither,5120,low,direct,project,heldout,phase_native_not_same_people,960,64,0.9739583333333334,0.28125,0.6276041666666667
1,1,neither,5120,high,direct,company,all,phase_native_not_same_people,1024,1024,0.9248046875,0.765625,0.84521484375
1,1,neither,5120,high,direct,company,trained,phase_native_not_same_people,512,512,1.0,1.0,1.0
1,1,neither,5120,high,direct,company,heldout,phase_native_not_same_people,512,512,0.849609375,0.53125,0.6904296875
1,1,neither,5120,high,direct,project,all,phase_native_not_same_people,1024,1024,0.9130859375,0.87109375,0.89208984375
1,1,neither,5120,high,direct,project,trained,phase_native_not_same_people,512,512,1.0,1.0,1.0
1,1,neither,5120,high,direct,project,heldout,phase_native_not_same_people,512,512,0.826171875,0.7421875,0.7841796875
1,1,neither,10240,low,direct,company,all,phase_native_not_same_people,1920,128,0.9901041666666667,0.703125,0.8466145833333334
1,1,neither,10240,low,direct,company,trained,phase_native_not_same_people,960,64,1.0,0.96875,0.984375
1,1,neither,10240,low,direct,company,heldout,phase_native_not_same_people,960,64,0.9802083333333333,0.4375,0.7088541666666667
1,1,neither,10240,low,direct,project,all,phase_native_not_same_people,1920,128,0.9901041666666667,0.65625,0.8231770833333334
1,1,neither,10240,low,direct,project,trained,phase_native_not_same_people,960,64,0.9989583333333333,1.0,0.9994791666666667
1,1,neither,10240,low,direct,project,heldout,phase_native_not_same_people,960,64,0.98125,0.3125,0.646875
1,1,neither,10240,high,direct,company,all,phase_native_not_same_people,1024,1024,0.9560546875,0.80078125,0.87841796875
1,1,neither,10240,high,direct,company,trained,phase_native_not_same_people,512,512,1.0,0.99609375,0.998046875
1,1,neither,10240,high,direct,company,heldout,phase_native_not_same_people,512,512,0.912109375,0.60546875,0.7587890625
1,1,neither,10240,high,direct,project,all,phase_native_not_same_people,1024,1024,0.927734375,0.8671875,0.8974609375
1,1,neither,10240,high,direct,project,trained,phase_native_not_same_people,512,512,1.0,1.0,1.0
1,1,neither,10240,high,direct,project,heldout,phase_native_not_same_people,512,512,0.85546875,0.734375,0.794921875
1,1,neither,15360,low,direct,company,all,phase_native_not_same_people,1920,128,0.9953125,0.640625,0.81796875
1,1,neither,15360,low,direct,company,trained,phase_native_not_same_people,960,64,1.0,0.96875,0.984375
1,1,neither,15360,low,direct,company,heldout,phase_native_not_same_people,960,64,0.990625,0.3125,0.6515625
1,1,neither,15360,low,direct,project,all,phase_native_not_same_people,1920,128,0.9932291666666667,0.6171875,0.8052083333333333
1,1,neither,15360,low,direct,project,trained,phase_native_not_same_people,960,64,1.0,1.0,1.0
1,1,neither,15360,low,direct,project,heldout,phase_native_not_same_people,960,64,0.9864583333333333,0.234375,0.6104166666666666
1,1,neither,15360,high,direct,company,all,phase_native_not_same_people,1024,1024,0.958984375,0.8525390625,0.90576171875
1,1,neither,15360,high,direct,company,trained,phase_native_not_same_people,512,512,0.994140625,0.9921875,0.9931640625
1,1,neither,15360,high,direct,company,heldout,phase_native_not_same_people,512,512,0.923828125,0.712890625,0.818359375
1,1,neither,15360,high,direct,project,all,phase_native_not_same_people,1024,1024,0.9365234375,0.8935546875,0.9150390625
1,1,neither,15360,high,direct,project,trained,phase_native_not_same_people,512,512,1.0,1.0,1.0
1,1,neither,15360,high,direct,project,heldout,phase_native_not_same_people,512,512,0.873046875,0.787109375,0.830078125
1,1,neither,15360,low,two_step,company,all,phase_native_not_same_people,1920,128,1.0,0.9921875,0.99609375
1,1,neither,15360,low,two_step,company,trained,phase_native_not_same_people,960,64,1.0,0.984375,0.9921875
1,1,neither,15360,low,two_step,company,heldout,phase_native_not_same_people,960,64,1.0,1.0,1.0
1,1,neither,15360,high,two_step,company,all,phase_native_not_same_people,1024,1024,0.994140625,0.9833984375,0.98876953125
1,1,neither,15360,high,two_step,company,trained,phase_native_not_same_people,512,512,0.998046875,0.98828125,0.9931640625
1,1,neither,15360,high,two_step,company,heldout,phase_native_not_same_people,512,512,0.990234375,0.978515625,0.984375
1,1,neither,15360,low,two_step,project,all,phase_native_not_same_people,1920,128,0.9984375,1.0,0.99921875
1,1,neither,15360,low,two_step,project,trained,phase_native_not_same_people,960,64,0.9989583333333333,1.0,0.9994791666666667
1,1,neither,15360,low,two_step,project,heldout,phase_native_not_same_people,960,64,0.9979166666666667,1.0,0.9989583333333334
1,1,neither,15360,high,two_step,project,all,phase_native_not_same_people,1024,1024,0.9990234375,0.9970703125,0.998046875
1,1,neither,15360,high,two_step,project,trained,phase_native_not_same_people,512,512,1.0,0.998046875,0.9990234375
1,1,neither,15360,high,two_step,project,heldout,phase_native_not_same_people,512,512,0.998046875,0.99609375,0.9970703125
