world,seed,condition,chain,kind,weight,alpha,step,reused,source,S_n,S_correct,S_accuracy,S_root_n,S_root_correct,S_root_accuracy,S_actual_n,S_actual_correct,S_actual_accuracy,E_changed_n,E_changed_correct,E_changed_accuracy,E_changed_root_n,E_changed_root_correct,E_changed_root_accuracy,E_changed_actual_n,E_changed_actual_correct,E_changed_actual_accuracy,D_n,D_correct,D_accuracy,D_conflict_n,D_conflict_correct,D_conflict_accuracy,D_probe_n,D_probe_correct,D_probe_accuracy,D_trained_n,D_trained_correct,D_trained_accuracy,D_heldout_n,D_heldout_correct,D_heldout_accuracy,D_conflict_trained_n,D_conflict_trained_correct,D_conflict_trained_accuracy,D_conflict_heldout_n,D_conflict_heldout_correct,D_conflict_heldout_accuracy,D_probe_trained_n,D_probe_trained_correct,D_probe_trained_accuracy,D_probe_heldout_n,D_probe_heldout_correct,D_probe_heldout_accuracy,D_probe_conflict_trained_n,D_probe_conflict_trained_correct,D_probe_conflict_trained_accuracy,D_probe_conflict_heldout_n,D_probe_conflict_heldout_correct,D_probe_conflict_heldout_accuracy,U_full_n,U_full_known,U_full_unknown,U_full_broken,U_full_rate,U_full_strata_0_n,U_full_strata_0_known,U_full_strata_0_unknown,U_full_strata_0_broken,U_full_strata_0_rate,U_full_strata_1_n,U_full_strata_1_known,U_full_strata_1_unknown,U_full_strata_1_broken,U_full_strata_1_rate,U_full_strata_2_n,U_full_strata_2_known,U_full_strata_2_unknown,U_full_strata_2_broken,U_full_strata_2_rate,U_full_strata_3_n,U_full_strata_3_known,U_full_strata_3_unknown,U_full_strata_3_broken,U_full_strata_3_rate,U_heldout_n,U_heldout_known,U_heldout_unknown,U_heldout_broken,U_heldout_rate,U_heldout_strata_0_n,U_heldout_strata_0_known,U_heldout_strata_0_unknown,U_heldout_strata_0_broken,U_heldout_strata_0_rate,U_heldout_strata_1_n,U_heldout_strata_1_known,U_heldout_strata_1_unknown,U_heldout_strata_1_broken,U_heldout_strata_1_rate,U_heldout_strata_2_n,U_heldout_strata_2_known,U_heldout_strata_2_unknown,U_heldout_strata_2_broken,U_heldout_strata_2_rate,U_heldout_strata_3_n,U_heldout_strata_3_known,U_heldout_strata_3_unknown,U_heldout_strata_3_broken,U_heldout_strata_3_rate,U_unseen_n,U_unseen_known,U_unseen_unknown,U_unseen_broken,U_unseen_rate,U_unseen_strata_0_n,U_unseen_strata_0_known,U_unseen_strata_0_unknown,U_unseen_strata_0_broken,U_unseen_strata_0_rate,U_unseen_strata_1_n,U_unseen_strata_1_known,U_unseen_strata_1_unknown,U_unseen_strata_1_broken,U_unseen_strata_1_rate,U_unseen_strata_2_n,U_unseen_strata_2_known,U_unseen_strata_2_unknown,U_unseen_strata_2_broken,U_unseen_strata_2_rate,U_unseen_strata_3_n,U_unseen_strata_3_known,U_unseen_strata_3_unknown,U_unseen_strata_3_broken,U_unseen_strata_3_rate,U_S_unchanged_n,U_S_unchanged_known,U_S_unchanged_unknown,U_S_unchanged_broken,U_S_unchanged_rate,U_D_probe_unchanged_n,U_D_probe_unchanged_known,U_D_probe_unchanged_unknown,U_D_probe_unchanged_broken,U_D_probe_unchanged_rate,U_replay_n,U_replay_known,U_replay_unknown,U_replay_broken,U_replay_rate,U_other_chain_n,U_other_chain_known,U_other_chain_unknown,U_other_chain_broken,U_other_chain_rate,U_independent_n,U_independent_known,U_independent_unknown,U_independent_broken,U_independent_rate,fixed_person_new_default_accuracy,fixed_person_new_actual_accuracy,fixed_person_old_default_accuracy,fixed_person_n,fixed_person_ambiguous_hits,fixed_person_other_answers,fixed_person_termination_errors
0,0,company,company,coherent,uniform,0.03225806451612903,0,True,results/bios-cross-scale-dev-v1/width-256/world-0-seed-0-company/edits/company-coherent-mlp,93,0,0.0,3,0,0.0,90,0,0.0,93,0,0.0,3,0,0.0,90,0,0.0,96,0,0.0,45,0,0.0,96,0,0.0,48,0,0.0,48,0,0.0,21,0,0.0,24,0,0.0,48,0,0.0,48,0,0.0,21,0,0.0,24,0,0.0,20419,20150,269,0,0.0,6,6,0,0,0.0,768,753,15,0,0.0,5917,5861,56,0,0.0,13728,13530,198,0,0.0,7286,7162,124,0,0.0,2,2,0,0,0.0,231,225,6,0,0.0,2745,2723,22,0,0.0,4308,4212,96,0,0.0,16323,16104,219,0,0.0,4,4,0,0,0.0,607,594,13,0,0.0,4914,4869,45,0,0.0,10798,10637,161,0,0.0,0,0,0,0,,0,0,0,0,,4096,4046,50,0,0.0,6208,6102,106,0,0.0,8192,8085,107,0,0.0,0.0,0.0,1.0,24,0,0,0
0,0,company,company,coherent,uniform,0.03225806451612903,32,True,results/bios-cross-scale-dev-v1/width-256/world-0-seed-0-company/edits/company-coherent-mlp,93,31,0.3333333333333333,3,1,0.3333333333333333,90,30,0.3333333333333333,93,31,0.3333333333333333,3,1,0.3333333333333333,90,30,0.3333333333333333,96,17,0.17708333333333334,45,11,0.24444444444444444,96,17,0.17708333333333334,48,7,0.14583333333333334,48,10,0.20833333333333334,21,5,0.23809523809523808,24,6,0.25,48,7,0.14583333333333334,48,10,0.20833333333333334,21,5,0.23809523809523808,24,6,0.25,20419,20150,269,237,0.011761786600496277,6,6,0,0,0.0,768,753,15,18,0.02390438247011952,5917,5861,56,25,0.0042654837058522434,13728,13530,198,194,0.014338507021433852,7286,7162,124,78,0.010890812622172577,2,2,0,0,0.0,231,225,6,5,0.022222222222222223,2745,2723,22,10,0.003672420124862284,4308,4212,96,63,0.014957264957264958,16323,16104,219,193,0.011984600099354198,4,4,0,0,0.0,607,594,13,17,0.02861952861952862,4914,4869,45,23,0.00472376257958513,10798,10637,161,153,0.014383754818087806,0,0,0,0,,0,0,0,0,,4096,4046,50,44,0.010874938210578349,6208,6102,106,64,0.010488364470665356,8192,8085,107,148,0.018305504019789733,0.25,0.0,0.625,24,0,3,0
0,0,company,company,coherent,uniform,0.03225806451612903,128,True,results/bios-cross-scale-dev-v1/width-256/world-0-seed-0-company/edits/company-coherent-mlp,93,93,1.0,3,3,1.0,90,90,1.0,93,93,1.0,3,3,1.0,90,90,1.0,96,95,0.9895833333333334,45,45,1.0,96,95,0.9895833333333334,48,47,0.9791666666666666,48,48,1.0,21,21,1.0,24,24,1.0,48,47,0.9791666666666666,48,48,1.0,21,21,1.0,24,24,1.0,20419,20150,269,99,0.004913151364764268,6,6,0,0,0.0,768,753,15,6,0.00796812749003984,5917,5861,56,28,0.004777341750554513,13728,13530,198,65,0.004804138950480414,7286,7162,124,49,0.006841664339569953,2,2,0,0,0.0,231,225,6,2,0.008888888888888889,2745,2723,22,15,0.005508630187293426,4308,4212,96,32,0.007597340930674264,16323,16104,219,94,0.00583705911574764,4,4,0,0,0.0,607,594,13,6,0.010101010101010102,4914,4869,45,28,0.005750667488190594,10798,10637,161,60,0.005640688163956003,0,0,0,0,,0,0,0,0,,4096,4046,50,5,0.001235788433020267,6208,6102,106,44,0.007210750573582432,8192,8085,107,27,0.003339517625231911,1.0,0.0,0.0,24,0,0,0
0,0,company,company,coherent,uniform,0.03225806451612903,512,True,results/bios-cross-scale-dev-v1/width-256/world-0-seed-0-company/edits/company-coherent-mlp,93,93,1.0,3,3,1.0,90,90,1.0,93,93,1.0,3,3,1.0,90,90,1.0,96,96,1.0,45,45,1.0,96,96,1.0,48,48,1.0,48,48,1.0,21,21,1.0,24,24,1.0,48,48,1.0,48,48,1.0,21,21,1.0,24,24,1.0,20419,20150,269,60,0.002977667493796526,6,6,0,0,0.0,768,753,15,5,0.006640106241699867,5917,5861,56,14,0.0023886708752772563,13728,13530,198,41,0.0030303030303030303,7286,7162,124,28,0.003909522479754258,2,2,0,0,0.0,231,225,6,2,0.008888888888888889,2745,2723,22,7,0.002570694087403599,4308,4212,96,19,0.004510921177587844,16323,16104,219,59,0.003663686040735221,4,4,0,0,0.0,607,594,13,5,0.008417508417508417,4914,4869,45,14,0.002875333744095297,10798,10637,161,40,0.0037604587759706683,0,0,0,0,,0,0,0,0,,4096,4046,50,1,0.00024715768660405336,6208,6102,106,23,0.0037692559816453622,8192,8085,107,22,0.0027210884353741495,1.0,0.0,0.0,24,0,0,0
0,0,company,company,coherent,root125,0.125,0,False,results/bios-followup-v1/editing/world-0-seed-0-company/edits/company-coherent-root125,93,0,0.0,3,0,0.0,90,0,0.0,93,0,0.0,3,0,0.0,90,0,0.0,96,0,0.0,45,0,0.0,96,0,0.0,48,0,0.0,48,0,0.0,21,0,0.0,24,0,0.0,48,0,0.0,48,0,0.0,21,0,0.0,24,0,0.0,20419,20150,269,0,0.0,6,6,0,0,0.0,768,753,15,0,0.0,5917,5861,56,0,0.0,13728,13530,198,0,0.0,7286,7162,124,0,0.0,2,2,0,0,0.0,231,225,6,0,0.0,2745,2723,22,0,0.0,4308,4212,96,0,0.0,16323,16104,219,0,0.0,4,4,0,0,0.0,607,594,13,0,0.0,4914,4869,45,0,0.0,10798,10637,161,0,0.0,0,0,0,0,,0,0,0,0,,4096,4046,50,0,0.0,6208,6102,106,0,0.0,8192,8085,107,0,0.0,0.0,0.0,1.0,24,0,0,0
0,0,company,company,coherent,root125,0.125,32,False,results/bios-followup-v1/editing/world-0-seed-0-company/edits/company-coherent-root125,93,29,0.3118279569892473,3,1,0.3333333333333333,90,28,0.3111111111111111,93,29,0.3118279569892473,3,1,0.3333333333333333,90,28,0.3111111111111111,96,15,0.15625,45,10,0.2222222222222222,96,15,0.15625,48,7,0.14583333333333334,48,8,0.16666666666666666,21,5,0.23809523809523808,24,5,0.20833333333333334,48,7,0.14583333333333334,48,8,0.16666666666666666,21,5,0.23809523809523808,24,5,0.20833333333333334,20419,20150,269,231,0.011464019851116626,6,6,0,0,0.0,768,753,15,17,0.02257636122177955,5917,5861,56,25,0.0042654837058522434,13728,13530,198,189,0.013968957871396896,7286,7162,124,74,0.010332309410779112,2,2,0,0,0.0,231,225,6,5,0.022222222222222223,2745,2723,22,10,0.003672420124862284,4308,4212,96,59,0.014007597340930674,16323,16104,219,186,0.011549925484351714,4,4,0,0,0.0,607,594,13,16,0.026936026936026935,4914,4869,45,22,0.004518381597864038,10798,10637,161,148,0.013913697471091472,0,0,0,0,,0,0,0,0,,4096,4046,50,45,0.011122095897182402,6208,6102,106,58,0.00950508030154048,8192,8085,107,148,0.018305504019789733,0.20833333333333334,0.0,0.625,24,0,4,0
0,0,company,company,coherent,root125,0.125,128,False,results/bios-followup-v1/editing/world-0-seed-0-company/edits/company-coherent-root125,93,93,1.0,3,3,1.0,90,90,1.0,93,93,1.0,3,3,1.0,90,90,1.0,96,95,0.9895833333333334,45,45,1.0,96,95,0.9895833333333334,48,47,0.9791666666666666,48,48,1.0,21,21,1.0,24,24,1.0,48,47,0.9791666666666666,48,48,1.0,21,21,1.0,24,24,1.0,20419,20150,269,104,0.005161290322580645,6,6,0,0,0.0,768,753,15,6,0.00796812749003984,5917,5861,56,29,0.004947961098788603,13728,13530,198,69,0.005099778270509978,7286,7162,124,49,0.006841664339569953,2,2,0,0,0.0,231,225,6,3,0.013333333333333334,2745,2723,22,15,0.005508630187293426,4308,4212,96,31,0.0073599240265906935,16323,16104,219,96,0.005961251862891207,4,4,0,0,0.0,607,594,13,6,0.010101010101010102,4914,4869,45,29,0.005956048469911686,10798,10637,161,61,0.0057346996333552695,0,0,0,0,,0,0,0,0,,4096,4046,50,8,0.001977261492832427,6208,6102,106,46,0.0075385119632907244,8192,8085,107,29,0.0035868893011750153,1.0,0.0,0.0,24,0,0,0
0,0,company,company,coherent,root125,0.125,512,False,results/bios-followup-v1/editing/world-0-seed-0-company/edits/company-coherent-root125,93,93,1.0,3,3,1.0,90,90,1.0,93,93,1.0,3,3,1.0,90,90,1.0,96,96,1.0,45,45,1.0,96,96,1.0,48,48,1.0,48,48,1.0,21,21,1.0,24,24,1.0,48,48,1.0,48,48,1.0,21,21,1.0,24,24,1.0,20419,20150,269,61,0.0030272952853598015,6,6,0,0,0.0,768,753,15,4,0.005312084993359893,5917,5861,56,16,0.002729909571745436,13728,13530,198,41,0.0030303030303030303,7286,7162,124,29,0.004049148282602625,2,2,0,0,0.0,231,225,6,1,0.0044444444444444444,2745,2723,22,8,0.0029379360998898272,4308,4212,96,20,0.004748338081671415,16323,16104,219,57,0.0035394932935916544,4,4,0,0,0.0,607,594,13,4,0.006734006734006734,4914,4869,45,15,0.0030807147258163892,10798,10637,161,38,0.003572435837172135,0,0,0,0,,0,0,0,0,,4096,4046,50,4,0.0009886307464162135,6208,6102,106,23,0.0037692559816453622,8192,8085,107,21,0.0025974025974025974,1.0,0.0,0.0,24,0,0,0
0,0,company,company,coherent,root250,0.25,0,False,results/bios-followup-v1/editing/world-0-seed-0-company/edits/company-coherent-root250,93,0,0.0,3,0,0.0,90,0,0.0,93,0,0.0,3,0,0.0,90,0,0.0,96,0,0.0,45,0,0.0,96,0,0.0,48,0,0.0,48,0,0.0,21,0,0.0,24,0,0.0,48,0,0.0,48,0,0.0,21,0,0.0,24,0,0.0,20419,20150,269,0,0.0,6,6,0,0,0.0,768,753,15,0,0.0,5917,5861,56,0,0.0,13728,13530,198,0,0.0,7286,7162,124,0,0.0,2,2,0,0,0.0,231,225,6,0,0.0,2745,2723,22,0,0.0,4308,4212,96,0,0.0,16323,16104,219,0,0.0,4,4,0,0,0.0,607,594,13,0,0.0,4914,4869,45,0,0.0,10798,10637,161,0,0.0,0,0,0,0,,0,0,0,0,,4096,4046,50,0,0.0,6208,6102,106,0,0.0,8192,8085,107,0,0.0,0.0,0.0,1.0,24,0,0,0
0,0,company,company,coherent,root250,0.25,32,False,results/bios-followup-v1/editing/world-0-seed-0-company/edits/company-coherent-root250,93,25,0.26881720430107525,3,1,0.3333333333333333,90,24,0.26666666666666666,93,25,0.26881720430107525,3,1,0.3333333333333333,90,24,0.26666666666666666,96,13,0.13541666666666666,45,9,0.2,96,13,0.13541666666666666,48,6,0.125,48,7,0.14583333333333334,21,4,0.19047619047619047,24,5,0.20833333333333334,48,6,0.125,48,7,0.14583333333333334,21,4,0.19047619047619047,24,5,0.20833333333333334,20419,20150,269,216,0.010719602977667494,6,6,0,0,0.0,768,753,15,15,0.0199203187250996,5917,5861,56,23,0.0039242450093840645,13728,13530,198,178,0.013155949741315596,7286,7162,124,71,0.009913432002234013,2,2,0,0,0.0,231,225,6,5,0.022222222222222223,2745,2723,22,9,0.0033051781123760557,4308,4212,96,57,0.013532763532763533,16323,16104,219,176,0.01092896174863388,4,4,0,0,0.0,607,594,13,14,0.02356902356902357,4914,4869,45,20,0.004107619634421853,10798,10637,161,142,0.013349628654695873,0,0,0,0,,0,0,0,0,,4096,4046,50,40,0.009886307464162136,6208,6102,106,54,0.008849557522123894,8192,8085,107,139,0.017192331478045764,0.20833333333333334,0.0,0.6666666666666666,24,0,3,0
0,0,company,company,coherent,root250,0.25,128,False,results/bios-followup-v1/editing/world-0-seed-0-company/edits/company-coherent-root250,93,93,1.0,3,3,1.0,90,90,1.0,93,93,1.0,3,3,1.0,90,90,1.0,96,95,0.9895833333333334,45,45,1.0,96,95,0.9895833333333334,48,47,0.9791666666666666,48,48,1.0,21,21,1.0,24,24,1.0,48,47,0.9791666666666666,48,48,1.0,21,21,1.0,24,24,1.0,20419,20150,269,106,0.005260545905707196,6,6,0,0,0.0,768,753,15,5,0.006640106241699867,5917,5861,56,30,0.0051185804470226925,13728,13530,198,71,0.00524759793052476,7286,7162,124,48,0.006702038536721586,2,2,0,0,0.0,231,225,6,2,0.008888888888888889,2745,2723,22,16,0.0058758721997796545,4308,4212,96,30,0.007122507122507123,16323,16104,219,98,0.006085444610034774,4,4,0,0,0.0,607,594,13,5,0.008417508417508417,4914,4869,45,30,0.0061614294516327784,10798,10637,161,63,0.005922722572153803,0,0,0,0,,0,0,0,0,,4096,4046,50,8,0.001977261492832427,6208,6102,106,49,0.008030154047853164,8192,8085,107,27,0.003339517625231911,1.0,0.0,0.0,24,0,0,0
0,0,company,company,coherent,root250,0.25,512,False,results/bios-followup-v1/editing/world-0-seed-0-company/edits/company-coherent-root250,93,93,1.0,3,3,1.0,90,90,1.0,93,93,1.0,3,3,1.0,90,90,1.0,96,96,1.0,45,45,1.0,96,96,1.0,48,48,1.0,48,48,1.0,21,21,1.0,24,24,1.0,48,48,1.0,48,48,1.0,21,21,1.0,24,24,1.0,20419,20150,269,55,0.002729528535980149,6,6,0,0,0.0,768,753,15,4,0.005312084993359893,5917,5861,56,15,0.0025592902235113462,13728,13530,198,36,0.0026607538802660754,7286,7162,124,28,0.003909522479754258,2,2,0,0,0.0,231,225,6,1,0.0044444444444444444,2745,2723,22,7,0.002570694087403599,4308,4212,96,20,0.004748338081671415,16323,16104,219,53,0.0032911077993045207,4,4,0,0,0.0,607,594,13,4,0.006734006734006734,4914,4869,45,14,0.002875333744095297,10798,10637,161,35,0.003290401428974335,0,0,0,0,,0,0,0,0,,4096,4046,50,2,0.0004943153732081067,6208,6102,106,22,0.003605375286791216,8192,8085,107,17,0.0021026592455163882,1.0,0.0,0.0,24,0,0,0
0,0,company,company,coherent,root500,0.5,0,False,results/bios-followup-v1/editing/world-0-seed-0-company/edits/company-coherent-root500,93,0,0.0,3,0,0.0,90,0,0.0,93,0,0.0,3,0,0.0,90,0,0.0,96,0,0.0,45,0,0.0,96,0,0.0,48,0,0.0,48,0,0.0,21,0,0.0,24,0,0.0,48,0,0.0,48,0,0.0,21,0,0.0,24,0,0.0,20419,20150,269,0,0.0,6,6,0,0,0.0,768,753,15,0,0.0,5917,5861,56,0,0.0,13728,13530,198,0,0.0,7286,7162,124,0,0.0,2,2,0,0,0.0,231,225,6,0,0.0,2745,2723,22,0,0.0,4308,4212,96,0,0.0,16323,16104,219,0,0.0,4,4,0,0,0.0,607,594,13,0,0.0,4914,4869,45,0,0.0,10798,10637,161,0,0.0,0,0,0,0,,0,0,0,0,,4096,4046,50,0,0.0,6208,6102,106,0,0.0,8192,8085,107,0,0.0,0.0,0.0,1.0,24,0,0,0
0,0,company,company,coherent,root500,0.5,32,False,results/bios-followup-v1/editing/world-0-seed-0-company/edits/company-coherent-root500,93,18,0.1935483870967742,3,1,0.3333333333333333,90,17,0.18888888888888888,93,18,0.1935483870967742,3,1,0.3333333333333333,90,17,0.18888888888888888,96,10,0.10416666666666667,45,7,0.15555555555555556,96,10,0.10416666666666667,48,4,0.08333333333333333,48,6,0.125,21,3,0.14285714285714285,24,4,0.16666666666666666,48,4,0.08333333333333333,48,6,0.125,21,3,0.14285714285714285,24,4,0.16666666666666666,20419,20150,269,189,0.009379652605459057,6,6,0,0,0.0,768,753,15,12,0.01593625498007968,5917,5861,56,18,0.0030711482682136155,13728,13530,198,159,0.011751662971175166,7286,7162,124,58,0.00809829656520525,2,2,0,0,0.0,231,225,6,3,0.013333333333333334,2745,2723,22,6,0.0022034520749173708,4308,4212,96,49,0.011633428300094967,16323,16104,219,153,0.009500745156482861,4,4,0,0,0.0,607,594,13,11,0.018518518518518517,4914,4869,45,15,0.0030807147258163892,10798,10637,161,127,0.011939456613706873,0,0,0,0,,0,0,0,0,,4096,4046,50,36,0.008897676717745922,6208,6102,106,45,0.007374631268436578,8192,8085,107,126,0.015584415584415584,0.16666666666666666,0.0,0.75,24,0,2,0
0,0,company,company,coherent,root500,0.5,128,False,results/bios-followup-v1/editing/world-0-seed-0-company/edits/company-coherent-root500,93,93,1.0,3,3,1.0,90,90,1.0,93,93,1.0,3,3,1.0,90,90,1.0,96,95,0.9895833333333334,45,45,1.0,96,95,0.9895833333333334,48,47,0.9791666666666666,48,48,1.0,21,21,1.0,24,24,1.0,48,47,0.9791666666666666,48,48,1.0,21,21,1.0,24,24,1.0,20419,20150,269,103,0.00511166253101737,6,6,0,0,0.0,768,753,15,5,0.006640106241699867,5917,5861,56,31,0.005289199795256782,13728,13530,198,67,0.004951958610495196,7286,7162,124,46,0.006422786931024853,2,2,0,0,0.0,231,225,6,1,0.0044444444444444444,2745,2723,22,16,0.0058758721997796545,4308,4212,96,29,0.006885090218423552,16323,16104,219,95,0.005899155489319424,4,4,0,0,0.0,607,594,13,5,0.008417508417508417,4914,4869,45,31,0.0063668104333538715,10798,10637,161,59,0.005546676694556736,0,0,0,0,,0,0,0,0,,4096,4046,50,8,0.001977261492832427,6208,6102,106,46,0.0075385119632907244,8192,8085,107,26,0.0032158317872603586,1.0,0.0,0.0,24,0,0,0
0,0,company,company,coherent,root500,0.5,512,False,results/bios-followup-v1/editing/world-0-seed-0-company/edits/company-coherent-root500,93,93,1.0,3,3,1.0,90,90,1.0,93,93,1.0,3,3,1.0,90,90,1.0,96,96,1.0,45,45,1.0,96,96,1.0,48,48,1.0,48,48,1.0,21,21,1.0,24,24,1.0,48,48,1.0,48,48,1.0,21,21,1.0,24,24,1.0,20419,20150,269,52,0.0025806451612903226,6,6,0,0,0.0,768,753,15,4,0.005312084993359893,5917,5861,56,13,0.002218051527043167,13728,13530,198,35,0.0025868440502586844,7286,7162,124,25,0.0034906450712091593,2,2,0,0,0.0,231,225,6,1,0.0044444444444444444,2745,2723,22,5,0.001836210062431142,4308,4212,96,19,0.004510921177587844,16323,16104,219,50,0.0031048186785891706,4,4,0,0,0.0,607,594,13,4,0.006734006734006734,4914,4869,45,12,0.0024645717806531116,10798,10637,161,34,0.0031963899595750683,0,0,0,0,,0,0,0,0,,4096,4046,50,2,0.0004943153732081067,6208,6102,106,22,0.003605375286791216,8192,8085,107,16,0.001978973407544836,1.0,0.0,0.0,24,0,0,0
0,0,company,company,exception,uniform,0.03225806451612903,0,True,results/bios-cross-scale-dev-v1/width-256/world-0-seed-0-company/edits/company-exception-mlp,93,0,0.0,3,0,0.0,90,0,0.0,93,0,0.0,3,0,0.0,90,0,0.0,96,0,0.0,45,0,0.0,96,0,0.0,48,0,0.0,48,0,0.0,21,0,0.0,24,0,0.0,48,0,0.0,48,0,0.0,21,0,0.0,24,0,0.0,20419,20150,269,0,0.0,6,6,0,0,0.0,768,753,15,0,0.0,5917,5861,56,0,0.0,13728,13530,198,0,0.0,7286,7162,124,0,0.0,2,2,0,0,0.0,231,225,6,0,0.0,2745,2723,22,0,0.0,4308,4212,96,0,0.0,16323,16104,219,0,0.0,4,4,0,0,0.0,607,594,13,0,0.0,4914,4869,45,0,0.0,10798,10637,161,0,0.0,0,0,0,0,,0,0,0,0,,4096,4046,50,0,0.0,6208,6102,106,0,0.0,8192,8085,107,0,0.0,0.0,0.0,1.0,24,0,0,0
0,0,company,company,exception,uniform,0.03225806451612903,32,True,results/bios-cross-scale-dev-v1/width-256/world-0-seed-0-company/edits/company-exception-mlp,93,6,0.06451612903225806,3,0,0.0,90,6,0.06666666666666667,93,6,0.06451612903225806,3,0,0.0,90,6,0.06666666666666667,96,0,0.0,45,0,0.0,96,0,0.0,48,0,0.0,48,0,0.0,21,0,0.0,24,0,0.0,48,0,0.0,48,0,0.0,21,0,0.0,24,0,0.0,20419,20150,269,233,0.011563275434243176,6,6,0,0,0.0,768,753,15,11,0.014608233731739707,5917,5861,56,34,0.005801057839959051,13728,13530,198,188,0.013895048041389505,7286,7162,124,70,0.009773806199385646,2,2,0,0,0.0,231,225,6,3,0.013333333333333334,2745,2723,22,12,0.0044069041498347415,4308,4212,96,55,0.013057929724596391,16323,16104,219,184,0.011425732737208148,4,4,0,0,0.0,607,594,13,10,0.016835016835016835,4914,4869,45,28,0.005750667488190594,10798,10637,161,146,0.013725674532292939,0,0,0,0,,0,0,0,0,,4096,4046,50,49,0.012110726643598616,6208,6102,106,59,0.009668960996394626,8192,8085,107,140,0.017316017316017316,0.0,0.041666666666666664,0.625,24,0,8,0
0,0,company,company,exception,uniform,0.03225806451612903,128,True,results/bios-cross-scale-dev-v1/width-256/world-0-seed-0-company/edits/company-exception-mlp,93,93,1.0,3,3,1.0,90,90,1.0,93,93,1.0,3,3,1.0,90,90,1.0,96,53,0.5520833333333334,45,11,0.24444444444444444,96,53,0.5520833333333334,48,29,0.6041666666666666,48,24,0.5,21,8,0.38095238095238093,24,3,0.125,48,29,0.6041666666666666,48,24,0.5,21,8,0.38095238095238093,24,3,0.125,20419,20150,269,203,0.010074441687344914,6,6,0,0,0.0,768,753,15,16,0.021248339973439574,5917,5861,56,48,0.008189728715236308,13728,13530,198,139,0.010273466371027346,7286,7162,124,91,0.01270594805920134,2,2,0,0,0.0,231,225,6,5,0.022222222222222223,2745,2723,22,22,0.008079324274697026,4308,4212,96,64,0.015194681861348529,16323,16104,219,179,0.01111525086934923,4,4,0,0,0.0,607,594,13,15,0.025252525252525252,4914,4869,45,44,0.009036763195728076,10798,10637,161,120,0.011281376327912006,0,0,0,0,,0,0,0,0,,4096,4046,50,24,0.005931784478497282,6208,6102,106,96,0.015732546705998034,8192,8085,107,57,0.007050092764378479,0.125,0.875,0.0,24,0,0,0
0,0,company,company,exception,uniform,0.03225806451612903,512,True,results/bios-cross-scale-dev-v1/width-256/world-0-seed-0-company/edits/company-exception-mlp,93,93,1.0,3,3,1.0,90,90,1.0,93,93,1.0,3,3,1.0,90,90,1.0,96,55,0.5729166666666666,45,10,0.2222222222222222,96,55,0.5729166666666666,48,29,0.6041666666666666,48,26,0.5416666666666666,21,6,0.2857142857142857,24,4,0.16666666666666666,48,29,0.6041666666666666,48,26,0.5416666666666666,21,6,0.2857142857142857,24,4,0.16666666666666666,20419,20150,269,71,0.003523573200992556,6,6,0,0,0.0,768,753,15,8,0.010624169986719787,5917,5861,56,12,0.002047432178809077,13728,13530,198,51,0.00376940133037694,7286,7162,124,30,0.004188774085450991,2,2,0,0,0.0,231,225,6,3,0.013333333333333334,2745,2723,22,6,0.0022034520749173708,4308,4212,96,21,0.004985754985754986,16323,16104,219,71,0.004408842523596622,4,4,0,0,0.0,607,594,13,8,0.013468013468013467,4914,4869,45,12,0.0024645717806531116,10798,10637,161,51,0.004794584939362603,0,0,0,0,,0,0,0,0,,4096,4046,50,0,0.0,6208,6102,106,24,0.003933136676499509,8192,8085,107,33,0.004081632653061225,0.16666666666666666,0.8333333333333334,0.0,24,0,0,0
0,0,company,company,exception,root125,0.125,0,False,results/bios-followup-v1/editing/world-0-seed-0-company/edits/company-exception-root125,93,0,0.0,3,0,0.0,90,0,0.0,93,0,0.0,3,0,0.0,90,0,0.0,96,0,0.0,45,0,0.0,96,0,0.0,48,0,0.0,48,0,0.0,21,0,0.0,24,0,0.0,48,0,0.0,48,0,0.0,21,0,0.0,24,0,0.0,20419,20150,269,0,0.0,6,6,0,0,0.0,768,753,15,0,0.0,5917,5861,56,0,0.0,13728,13530,198,0,0.0,7286,7162,124,0,0.0,2,2,0,0,0.0,231,225,6,0,0.0,2745,2723,22,0,0.0,4308,4212,96,0,0.0,16323,16104,219,0,0.0,4,4,0,0,0.0,607,594,13,0,0.0,4914,4869,45,0,0.0,10798,10637,161,0,0.0,0,0,0,0,,0,0,0,0,,4096,4046,50,0,0.0,6208,6102,106,0,0.0,8192,8085,107,0,0.0,0.0,0.0,1.0,24,0,0,0
0,0,company,company,exception,root125,0.125,32,False,results/bios-followup-v1/editing/world-0-seed-0-company/edits/company-exception-root125,93,6,0.06451612903225806,3,1,0.3333333333333333,90,5,0.05555555555555555,93,6,0.06451612903225806,3,1,0.3333333333333333,90,5,0.05555555555555555,96,0,0.0,45,0,0.0,96,0,0.0,48,0,0.0,48,0,0.0,21,0,0.0,24,0,0.0,48,0,0.0,48,0,0.0,21,0,0.0,24,0,0.0,20419,20150,269,236,0.011712158808933002,6,6,0,0,0.0,768,753,15,14,0.01859229747675963,5917,5861,56,33,0.005630438491724962,13728,13530,198,189,0.013968957871396896,7286,7162,124,72,0.01005305780508238,2,2,0,0,0.0,231,225,6,3,0.013333333333333334,2745,2723,22,12,0.0044069041498347415,4308,4212,96,57,0.013532763532763533,16323,16104,219,186,0.011549925484351714,4,4,0,0,0.0,607,594,13,12,0.020202020202020204,4914,4869,45,28,0.005750667488190594,10798,10637,161,146,0.013725674532292939,0,0,0,0,,0,0,0,0,,4096,4046,50,50,0.012357884330202669,6208,6102,106,60,0.00983284169124877,8192,8085,107,143,0.017687074829931974,0.0,0.041666666666666664,0.625,24,0,8,0
0,0,company,company,exception,root125,0.125,128,False,results/bios-followup-v1/editing/world-0-seed-0-company/edits/company-exception-root125,93,93,1.0,3,3,1.0,90,90,1.0,93,93,1.0,3,3,1.0,90,90,1.0,96,51,0.53125,45,10,0.2222222222222222,96,51,0.53125,48,28,0.5833333333333334,48,23,0.4791666666666667,21,7,0.3333333333333333,24,3,0.125,48,28,0.5833333333333334,48,23,0.4791666666666667,21,7,0.3333333333333333,24,3,0.125,20419,20150,269,203,0.010074441687344914,6,6,0,0,0.0,768,753,15,18,0.02390438247011952,5917,5861,56,52,0.008872206108172668,13728,13530,198,133,0.009830007390983001,7286,7162,124,88,0.012287070650656241,2,2,0,0,0.0,231,225,6,6,0.02666666666666667,2745,2723,22,25,0.00918105031215571,4308,4212,96,57,0.013532763532763533,16323,16104,219,180,0.011177347242921014,4,4,0,0,0.0,607,594,13,17,0.02861952861952862,4914,4869,45,49,0.010063668104333538,10798,10637,161,114,0.010717307511516404,0,0,0,0,,0,0,0,0,,4096,4046,50,23,0.005684626791893228,6208,6102,106,95,0.015568666011143888,8192,8085,107,54,0.006679035250463822,0.125,0.875,0.0,24,0,0,0
0,0,company,company,exception,root125,0.125,512,False,results/bios-followup-v1/editing/world-0-seed-0-company/edits/company-exception-root125,93,93,1.0,3,3,1.0,90,90,1.0,93,93,1.0,3,3,1.0,90,90,1.0,96,54,0.5625,45,10,0.2222222222222222,96,54,0.5625,48,29,0.6041666666666666,48,25,0.5208333333333334,21,6,0.2857142857142857,24,4,0.16666666666666666,48,29,0.6041666666666666,48,25,0.5208333333333334,21,6,0.2857142857142857,24,4,0.16666666666666666,20419,20150,269,71,0.003523573200992556,6,6,0,0,0.0,768,753,15,7,0.009296148738379814,5917,5861,56,14,0.0023886708752772563,13728,13530,198,50,0.003695491500369549,7286,7162,124,28,0.003909522479754258,2,2,0,0,0.0,231,225,6,3,0.013333333333333334,2745,2723,22,7,0.002570694087403599,4308,4212,96,18,0.004273504273504274,16323,16104,219,70,0.004346746150024838,4,4,0,0,0.0,607,594,13,7,0.011784511784511785,4914,4869,45,14,0.002875333744095297,10798,10637,161,49,0.004606562000564069,0,0,0,0,,0,0,0,0,,4096,4046,50,1,0.00024715768660405336,6208,6102,106,22,0.003605375286791216,8192,8085,107,33,0.004081632653061225,0.16666666666666666,0.8333333333333334,0.0,24,0,0,0
0,0,company,company,exception,root250,0.25,0,False,results/bios-followup-v1/editing/world-0-seed-0-company/edits/company-exception-root250,93,0,0.0,3,0,0.0,90,0,0.0,93,0,0.0,3,0,0.0,90,0,0.0,96,0,0.0,45,0,0.0,96,0,0.0,48,0,0.0,48,0,0.0,21,0,0.0,24,0,0.0,48,0,0.0,48,0,0.0,21,0,0.0,24,0,0.0,20419,20150,269,0,0.0,6,6,0,0,0.0,768,753,15,0,0.0,5917,5861,56,0,0.0,13728,13530,198,0,0.0,7286,7162,124,0,0.0,2,2,0,0,0.0,231,225,6,0,0.0,2745,2723,22,0,0.0,4308,4212,96,0,0.0,16323,16104,219,0,0.0,4,4,0,0,0.0,607,594,13,0,0.0,4914,4869,45,0,0.0,10798,10637,161,0,0.0,0,0,0,0,,0,0,0,0,,4096,4046,50,0,0.0,6208,6102,106,0,0.0,8192,8085,107,0,0.0,0.0,0.0,1.0,24,0,0,0
0,0,company,company,exception,root250,0.25,32,False,results/bios-followup-v1/editing/world-0-seed-0-company/edits/company-exception-root250,93,4,0.043010752688172046,3,1,0.3333333333333333,90,3,0.03333333333333333,93,4,0.043010752688172046,3,1,0.3333333333333333,90,3,0.03333333333333333,96,0,0.0,45,0,0.0,96,0,0.0,48,0,0.0,48,0,0.0,21,0,0.0,24,0,0.0,48,0,0.0,48,0,0.0,21,0,0.0,24,0,0.0,20419,20150,269,223,0.011066997518610422,6,6,0,0,0.0,768,753,15,15,0.0199203187250996,5917,5861,56,28,0.004777341750554513,13728,13530,198,180,0.013303769401330377,7286,7162,124,65,0.009075677185143814,2,2,0,0,0.0,231,225,6,3,0.013333333333333334,2745,2723,22,10,0.003672420124862284,4308,4212,96,52,0.012345679012345678,16323,16104,219,180,0.011177347242921014,4,4,0,0,0.0,607,594,13,13,0.021885521885521887,4914,4869,45,25,0.0051345245430273155,10798,10637,161,142,0.013349628654695873,0,0,0,0,,0,0,0,0,,4096,4046,50,43,0.010627780523974296,6208,6102,106,54,0.008849557522123894,8192,8085,107,141,0.017439703153988868,0.0,0.041666666666666664,0.7083333333333334,24,0,6,0
0,0,company,company,exception,root250,0.25,128,False,results/bios-followup-v1/editing/world-0-seed-0-company/edits/company-exception-root250,93,92,0.989247311827957,3,3,1.0,90,89,0.9888888888888889,93,92,0.989247311827957,3,3,1.0,90,89,0.9888888888888889,96,52,0.5416666666666666,45,10,0.2222222222222222,96,52,0.5416666666666666,48,29,0.6041666666666666,48,23,0.4791666666666667,21,7,0.3333333333333333,24,3,0.125,48,29,0.6041666666666666,48,23,0.4791666666666667,21,7,0.3333333333333333,24,3,0.125,20419,20150,269,200,0.009925558312655087,6,6,0,0,0.0,768,753,15,16,0.021248339973439574,5917,5861,56,55,0.009384064152874936,13728,13530,198,129,0.009534368070953437,7286,7162,124,87,0.012147444847807875,2,2,0,0,0.0,231,225,6,5,0.022222222222222223,2745,2723,22,27,0.009915534337128168,4308,4212,96,55,0.013057929724596391,16323,16104,219,177,0.010991058122205664,4,4,0,0,0.0,607,594,13,15,0.025252525252525252,4914,4869,45,52,0.010679811049496817,10798,10637,161,110,0.010341261633919338,0,0,0,0,,0,0,0,0,,4096,4046,50,23,0.005684626791893228,6208,6102,106,93,0.015240904621435595,8192,8085,107,50,0.006184291898577613,0.125,0.875,0.0,24,0,0,0
0,0,company,company,exception,root250,0.25,512,False,results/bios-followup-v1/editing/world-0-seed-0-company/edits/company-exception-root250,93,93,1.0,3,3,1.0,90,90,1.0,93,93,1.0,3,3,1.0,90,90,1.0,96,55,0.5729166666666666,45,10,0.2222222222222222,96,55,0.5729166666666666,48,30,0.625,48,25,0.5208333333333334,21,6,0.2857142857142857,24,4,0.16666666666666666,48,30,0.625,48,25,0.5208333333333334,21,6,0.2857142857142857,24,4,0.16666666666666666,20419,20150,269,68,0.0033746898263027295,6,6,0,0,0.0,768,753,15,7,0.009296148738379814,5917,5861,56,14,0.0023886708752772563,13728,13530,198,47,0.003473762010347376,7286,7162,124,27,0.003769896676905892,2,2,0,0,0.0,231,225,6,3,0.013333333333333334,2745,2723,22,7,0.002570694087403599,4308,4212,96,17,0.004036087369420703,16323,16104,219,68,0.004222553402881272,4,4,0,0,0.0,607,594,13,7,0.011784511784511785,4914,4869,45,14,0.002875333744095297,10798,10637,161,47,0.004418539061765535,0,0,0,0,,0,0,0,0,,4096,4046,50,0,0.0,6208,6102,106,22,0.003605375286791216,8192,8085,107,30,0.0037105751391465678,0.16666666666666666,0.8333333333333334,0.0,24,0,0,0
0,0,company,company,exception,root500,0.5,0,True,results/bios-mechanism-dev-v1/p1/width-256/world-0-seed-0-company/edits/company-class-balanced-exception,93,0,0.0,3,0,0.0,90,0,0.0,93,0,0.0,3,0,0.0,90,0,0.0,96,0,0.0,45,0,0.0,96,0,0.0,48,0,0.0,48,0,0.0,21,0,0.0,24,0,0.0,48,0,0.0,48,0,0.0,21,0,0.0,24,0,0.0,20419,20150,269,0,0.0,6,6,0,0,0.0,768,753,15,0,0.0,5917,5861,56,0,0.0,13728,13530,198,0,0.0,7286,7162,124,0,0.0,2,2,0,0,0.0,231,225,6,0,0.0,2745,2723,22,0,0.0,4308,4212,96,0,0.0,16323,16104,219,0,0.0,4,4,0,0,0.0,607,594,13,0,0.0,4914,4869,45,0,0.0,10798,10637,161,0,0.0,0,0,0,0,,0,0,0,0,,4096,4046,50,0,0.0,6208,6102,106,0,0.0,8192,8085,107,0,0.0,0.0,0.0,1.0,24,0,0,0
0,0,company,company,exception,root500,0.5,32,True,results/bios-mechanism-dev-v1/p1/width-256/world-0-seed-0-company/edits/company-class-balanced-exception,93,2,0.021505376344086023,3,1,0.3333333333333333,90,1,0.011111111111111112,93,2,0.021505376344086023,3,1,0.3333333333333333,90,1,0.011111111111111112,96,0,0.0,45,0,0.0,96,0,0.0,48,0,0.0,48,0,0.0,21,0,0.0,24,0,0.0,48,0,0.0,48,0,0.0,21,0,0.0,24,0,0.0,20419,20150,269,175,0.008684863523573201,6,6,0,0,0.0,768,753,15,11,0.014608233731739707,5917,5861,56,17,0.0029005289199795256,13728,13530,198,147,0.010864745011086474,7286,7162,124,51,0.0071209159452666855,2,2,0,0,0.0,231,225,6,2,0.008888888888888889,2745,2723,22,5,0.001836210062431142,4308,4212,96,44,0.010446343779677113,16323,16104,219,143,0.008879781420765027,4,4,0,0,0.0,607,594,13,11,0.018518518518518517,4914,4869,45,15,0.0030807147258163892,10798,10637,161,117,0.010999341919714205,0,0,0,0,,0,0,0,0,,4096,4046,50,32,0.007909045971329708,6208,6102,106,40,0.006555227794165847,8192,8085,107,118,0.014594928880643166,0.0,0.0,0.7916666666666666,24,0,5,0
0,0,company,company,exception,root500,0.5,128,True,results/bios-mechanism-dev-v1/p1/width-256/world-0-seed-0-company/edits/company-class-balanced-exception,93,92,0.989247311827957,3,3,1.0,90,89,0.9888888888888889,93,92,0.989247311827957,3,3,1.0,90,89,0.9888888888888889,96,54,0.5625,45,12,0.26666666666666666,96,54,0.5625,48,30,0.625,48,24,0.5,21,7,0.3333333333333333,24,5,0.20833333333333334,48,30,0.625,48,24,0.5,21,7,0.3333333333333333,24,5,0.20833333333333334,20419,20150,269,180,0.008933002481389578,6,6,0,0,0.0,768,753,15,11,0.014608233731739707,5917,5861,56,55,0.009384064152874936,13728,13530,198,114,0.008425720620842573,7286,7162,124,78,0.010890812622172577,2,2,0,0,0.0,231,225,6,4,0.017777777777777778,2745,2723,22,28,0.010282776349614395,4308,4212,96,46,0.010921177587844255,16323,16104,219,159,0.009873323397913561,4,4,0,0,0.0,607,594,13,10,0.016835016835016835,4914,4869,45,52,0.010679811049496817,10798,10637,161,97,0.009119112531728871,0,0,0,0,,0,0,0,0,,4096,4046,50,21,0.005190311418685121,6208,6102,106,81,0.01327433628318584,8192,8085,107,43,0.005318491032776747,0.20833333333333334,0.7916666666666666,0.0,24,0,0,0
0,0,company,company,exception,root500,0.5,512,True,results/bios-mechanism-dev-v1/p1/width-256/world-0-seed-0-company/edits/company-class-balanced-exception,93,93,1.0,3,3,1.0,90,90,1.0,93,93,1.0,3,3,1.0,90,90,1.0,96,54,0.5625,45,9,0.2,96,54,0.5625,48,30,0.625,48,24,0.5,21,6,0.2857142857142857,24,3,0.125,48,30,0.625,48,24,0.5,21,6,0.2857142857142857,24,3,0.125,20419,20150,269,73,0.0036228287841191067,6,6,0,0,0.0,768,753,15,7,0.009296148738379814,5917,5861,56,15,0.0025592902235113462,13728,13530,198,51,0.00376940133037694,7286,7162,124,26,0.0036302708740575257,2,2,0,0,0.0,231,225,6,3,0.013333333333333334,2745,2723,22,7,0.002570694087403599,4308,4212,96,16,0.003798670465337132,16323,16104,219,70,0.004346746150024838,4,4,0,0,0.0,607,594,13,7,0.011784511784511785,4914,4869,45,15,0.0030807147258163892,10798,10637,161,48,0.004512550531164802,0,0,0,0,,0,0,0,0,,4096,4046,50,3,0.0007414730598121602,6208,6102,106,23,0.0037692559816453622,8192,8085,107,33,0.004081632653061225,0.125,0.875,0.0,24,0,0,0
0,0,company,project,coherent,uniform,0.03225806451612903,0,True,results/bios-cross-scale-dev-v1/width-256/world-0-seed-0-company/edits/project-coherent-mlp,93,0,0.0,3,0,0.0,90,0,0.0,93,0,0.0,3,0,0.0,90,0,0.0,96,0,0.0,45,0,0.0,96,0,0.0,48,0,0.0,48,0,0.0,18,0,0.0,27,0,0.0,48,0,0.0,48,0,0.0,18,0,0.0,27,0,0.0,20419,20151,268,0,0.0,6,6,0,0,0.0,768,755,13,0,0.0,5917,5813,104,0,0.0,13728,13577,151,0,0.0,7286,7152,134,0,0.0,2,2,0,0,0.0,231,229,2,0,0.0,2745,2662,83,0,0.0,4308,4259,49,0,0.0,16323,16095,228,0,0.0,4,4,0,0,0.0,617,610,7,0,0.0,4931,4832,99,0,0.0,10771,10649,122,0,0.0,0,0,0,0,,0,0,0,0,,4096,4056,40,0,0.0,6208,6151,57,0,0.0,8192,8085,107,0,0.0,0.0,0.0,1.0,27,0,0,0
0,0,company,project,coherent,uniform,0.03225806451612903,32,True,results/bios-cross-scale-dev-v1/width-256/world-0-seed-0-company/edits/project-coherent-mlp,93,21,0.22580645161290322,3,0,0.0,90,21,0.23333333333333334,93,21,0.22580645161290322,3,0,0.0,90,21,0.23333333333333334,96,6,0.0625,45,2,0.044444444444444446,96,6,0.0625,48,5,0.10416666666666667,48,1,0.020833333333333332,18,1,0.05555555555555555,27,1,0.037037037037037035,48,5,0.10416666666666667,48,1,0.020833333333333332,18,1,0.05555555555555555,27,1,0.037037037037037035,20419,20151,268,238,0.011810828246737135,6,6,0,0,0.0,768,755,13,16,0.02119205298013245,5917,5813,104,59,0.010149664544985377,13728,13577,151,163,0.012005597701996022,7286,7152,134,53,0.007410514541387025,2,2,0,0,0.0,231,229,2,5,0.021834061135371178,2745,2662,83,19,0.007137490608564989,4308,4259,49,29,0.0068091101197464195,16323,16095,228,178,0.011059335197266231,4,4,0,0,0.0,617,610,7,12,0.019672131147540985,4931,4832,99,45,0.009312913907284769,10771,10649,122,121,0.01136256925532914,0,0,0,0,,0,0,0,0,,4096,4056,40,60,0.014792899408284023,6208,6151,57,33,0.005364981303853032,8192,8085,107,145,0.017934446505875078,0.037037037037037035,0.0,0.8518518518518519,27,0,3,0
0,0,company,project,coherent,uniform,0.03225806451612903,128,True,results/bios-cross-scale-dev-v1/width-256/world-0-seed-0-company/edits/project-coherent-mlp,93,93,1.0,3,3,1.0,90,90,1.0,93,93,1.0,3,3,1.0,90,90,1.0,96,71,0.7395833333333334,45,32,0.7111111111111111,96,71,0.7395833333333334,48,32,0.6666666666666666,48,39,0.8125,18,9,0.5,27,23,0.8518518518518519,48,32,0.6666666666666666,48,39,0.8125,18,9,0.5,27,23,0.8518518518518519,20419,20151,268,150,0.007443799315170463,6,6,0,0,0.0,768,755,13,11,0.01456953642384106,5917,5813,104,55,0.009461551694477894,13728,13577,151,84,0.006186933785077705,7286,7152,134,57,0.007969798657718121,2,2,0,0,0.0,231,229,2,6,0.026200873362445413,2745,2662,83,15,0.005634861006761833,4308,4259,49,36,0.008452688424512796,16323,16095,228,133,0.008263435849642746,4,4,0,0,0.0,617,610,7,10,0.01639344262295082,4931,4832,99,47,0.00972682119205298,10771,10649,122,76,0.0071368203587191285,0,0,0,0,,0,0,0,0,,4096,4056,40,17,0.004191321499013806,6208,6151,57,59,0.009591936270525118,8192,8085,107,36,0.0044526901669758815,0.8518518518518519,0.0,0.14814814814814814,27,0,0,0
0,0,company,project,coherent,uniform,0.03225806451612903,512,True,results/bios-cross-scale-dev-v1/width-256/world-0-seed-0-company/edits/project-coherent-mlp,93,93,1.0,3,3,1.0,90,90,1.0,93,93,1.0,3,3,1.0,90,90,1.0,96,78,0.8125,45,35,0.7777777777777778,96,78,0.8125,48,37,0.7708333333333334,48,41,0.8541666666666666,18,11,0.6111111111111112,27,24,0.8888888888888888,48,37,0.7708333333333334,48,41,0.8541666666666666,18,11,0.6111111111111112,27,24,0.8888888888888888,20419,20151,268,73,0.003622649000049625,6,6,0,0,0.0,768,755,13,7,0.009271523178807948,5917,5813,104,26,0.004472733528298641,13728,13577,151,40,0.0029461589452750977,7286,7152,134,32,0.0044742729306487695,2,2,0,0,0.0,231,229,2,4,0.017467248908296942,2745,2662,83,12,0.004507888805409466,4308,4259,49,16,0.0037567504108945763,16323,16095,228,71,0.004411307859583722,4,4,0,0,0.0,617,610,7,7,0.011475409836065573,4931,4832,99,25,0.005173841059602649,10771,10649,122,39,0.003662315710395342,0,0,0,0,,0,0,0,0,,4096,4056,40,2,0.0004930966469428008,6208,6151,57,22,0.003576654202568688,8192,8085,107,25,0.0030921459492888066,0.8888888888888888,0.0,0.07407407407407407,27,0,1,0
0,0,company,project,coherent,root125,0.125,0,False,results/bios-followup-v1/editing/world-0-seed-0-company/edits/project-coherent-root125,93,0,0.0,3,0,0.0,90,0,0.0,93,0,0.0,3,0,0.0,90,0,0.0,96,0,0.0,45,0,0.0,96,0,0.0,48,0,0.0,48,0,0.0,18,0,0.0,27,0,0.0,48,0,0.0,48,0,0.0,18,0,0.0,27,0,0.0,20419,20151,268,0,0.0,6,6,0,0,0.0,768,755,13,0,0.0,5917,5813,104,0,0.0,13728,13577,151,0,0.0,7286,7152,134,0,0.0,2,2,0,0,0.0,231,229,2,0,0.0,2745,2662,83,0,0.0,4308,4259,49,0,0.0,16323,16095,228,0,0.0,4,4,0,0,0.0,617,610,7,0,0.0,4931,4832,99,0,0.0,10771,10649,122,0,0.0,0,0,0,0,,0,0,0,0,,4096,4056,40,0,0.0,6208,6151,57,0,0.0,8192,8085,107,0,0.0,0.0,0.0,1.0,27,0,0,0
0,0,company,project,coherent,root125,0.125,32,False,results/bios-followup-v1/editing/world-0-seed-0-company/edits/project-coherent-root125,93,21,0.22580645161290322,3,1,0.3333333333333333,90,20,0.2222222222222222,93,21,0.22580645161290322,3,1,0.3333333333333333,90,20,0.2222222222222222,96,5,0.052083333333333336,45,1,0.022222222222222223,96,5,0.052083333333333336,48,4,0.08333333333333333,48,1,0.020833333333333332,18,0,0.0,27,1,0.037037037037037035,48,4,0.08333333333333333,48,1,0.020833333333333332,18,0,0.0,27,1,0.037037037037037035,20419,20151,268,238,0.011810828246737135,6,6,0,0,0.0,768,755,13,16,0.02119205298013245,5917,5813,104,57,0.009805608119731636,13728,13577,151,165,0.012152905649259778,7286,7152,134,53,0.007410514541387025,2,2,0,0,0.0,231,229,2,5,0.021834061135371178,2745,2662,83,19,0.007137490608564989,4308,4259,49,29,0.0068091101197464195,16323,16095,228,180,0.011183597390493943,4,4,0,0,0.0,617,610,7,12,0.019672131147540985,4931,4832,99,45,0.009312913907284769,10771,10649,122,123,0.011550380317400695,0,0,0,0,,0,0,0,0,,4096,4056,40,58,0.014299802761341223,6208,6151,57,34,0.005527556494878881,8192,8085,107,146,0.01805813234384663,0.037037037037037035,0.0,0.8518518518518519,27,0,3,0
0,0,company,project,coherent,root125,0.125,128,False,results/bios-followup-v1/editing/world-0-seed-0-company/edits/project-coherent-root125,93,93,1.0,3,3,1.0,90,90,1.0,93,93,1.0,3,3,1.0,90,90,1.0,96,71,0.7395833333333334,45,32,0.7111111111111111,96,71,0.7395833333333334,48,31,0.6458333333333334,48,40,0.8333333333333334,18,9,0.5,27,23,0.8518518518518519,48,31,0.6458333333333334,48,40,0.8333333333333334,18,9,0.5,27,23,0.8518518518518519,20419,20151,268,159,0.00789042727408069,6,6,0,0,0.0,768,755,13,11,0.01456953642384106,5917,5813,104,58,0.009977636332358507,13728,13577,151,90,0.006628857626868969,7286,7152,134,63,0.008808724832214765,2,2,0,0,0.0,231,229,2,6,0.026200873362445413,2745,2662,83,16,0.006010518407212622,4308,4259,49,41,0.009626672927917352,16323,16095,228,142,0.008822615719167443,4,4,0,0,0.0,617,610,7,10,0.01639344262295082,4931,4832,99,50,0.010347682119205299,10771,10649,122,82,0.007700253544933797,0,0,0,0,,0,0,0,0,,4096,4056,40,17,0.004191321499013806,6208,6151,57,68,0.011055112989757762,8192,8085,107,33,0.004081632653061225,0.8518518518518519,0.0,0.14814814814814814,27,0,0,0
0,0,company,project,coherent,root125,0.125,512,False,results/bios-followup-v1/editing/world-0-seed-0-company/edits/project-coherent-root125,93,93,1.0,3,3,1.0,90,90,1.0,93,93,1.0,3,3,1.0,90,90,1.0,96,77,0.8020833333333334,45,34,0.7555555555555555,96,77,0.8020833333333334,48,37,0.7708333333333334,48,40,0.8333333333333334,18,11,0.6111111111111112,27,23,0.8518518518518519,48,37,0.7708333333333334,48,40,0.8333333333333334,18,11,0.6111111111111112,27,23,0.8518518518518519,20419,20151,268,72,0.003573023671281822,6,6,0,0,0.0,768,755,13,7,0.009271523178807948,5917,5813,104,26,0.004472733528298641,13728,13577,151,39,0.00287250497164322,7286,7152,134,30,0.0041946308724832215,2,2,0,0,0.0,231,229,2,4,0.017467248908296942,2745,2662,83,12,0.004507888805409466,4308,4259,49,14,0.003287156609532754,16323,16095,228,70,0.004349176762969867,4,4,0,0,0.0,617,610,7,7,0.011475409836065573,4931,4832,99,25,0.005173841059602649,10771,10649,122,38,0.0035684101793595643,0,0,0,0,,0,0,0,0,,4096,4056,40,2,0.0004930966469428008,6208,6151,57,21,0.0034140790115428387,8192,8085,107,25,0.0030921459492888066,0.8518518518518519,0.0,0.1111111111111111,27,0,1,0
0,0,company,project,coherent,root250,0.25,0,False,results/bios-followup-v1/editing/world-0-seed-0-company/edits/project-coherent-root250,93,0,0.0,3,0,0.0,90,0,0.0,93,0,0.0,3,0,0.0,90,0,0.0,96,0,0.0,45,0,0.0,96,0,0.0,48,0,0.0,48,0,0.0,18,0,0.0,27,0,0.0,48,0,0.0,48,0,0.0,18,0,0.0,27,0,0.0,20419,20151,268,0,0.0,6,6,0,0,0.0,768,755,13,0,0.0,5917,5813,104,0,0.0,13728,13577,151,0,0.0,7286,7152,134,0,0.0,2,2,0,0,0.0,231,229,2,0,0.0,2745,2662,83,0,0.0,4308,4259,49,0,0.0,16323,16095,228,0,0.0,4,4,0,0,0.0,617,610,7,0,0.0,4931,4832,99,0,0.0,10771,10649,122,0,0.0,0,0,0,0,,0,0,0,0,,4096,4056,40,0,0.0,6208,6151,57,0,0.0,8192,8085,107,0,0.0,0.0,0.0,1.0,27,0,0,0
0,0,company,project,coherent,root250,0.25,32,False,results/bios-followup-v1/editing/world-0-seed-0-company/edits/project-coherent-root250,93,19,0.20430107526881722,3,1,0.3333333333333333,90,18,0.2,93,19,0.20430107526881722,3,1,0.3333333333333333,90,18,0.2,96,4,0.041666666666666664,45,1,0.022222222222222223,96,4,0.041666666666666664,48,3,0.0625,48,1,0.020833333333333332,18,0,0.0,27,1,0.037037037037037035,48,3,0.0625,48,1,0.020833333333333332,18,0,0.0,27,1,0.037037037037037035,20419,20151,268,216,0.010719071013845467,6,6,0,0,0.0,768,755,13,16,0.02119205298013245,5917,5813,104,52,0.008945467056597283,13728,13577,151,148,0.010900788097517862,7286,7152,134,51,0.007130872483221477,2,2,0,0,0.0,231,229,2,5,0.021834061135371178,2745,2662,83,18,0.0067618332081141996,4308,4259,49,28,0.006574313219065508,16323,16095,228,165,0.010251630941286114,4,4,0,0,0.0,617,610,7,11,0.018032786885245903,4931,4832,99,42,0.00869205298013245,10771,10649,122,112,0.010517419476007137,0,0,0,0,,0,0,0,0,,4096,4056,40,51,0.01257396449704142,6208,6151,57,29,0.0047146805397496345,8192,8085,107,134,0.016573902288188003,0.037037037037037035,0.0,0.8518518518518519,27,0,3,0
0,0,company,project,coherent,root250,0.25,128,False,results/bios-followup-v1/editing/world-0-seed-0-company/edits/project-coherent-root250,93,93,1.0,3,3,1.0,90,90,1.0,93,93,1.0,3,3,1.0,90,90,1.0,96,70,0.7291666666666666,45,32,0.7111111111111111,96,70,0.7291666666666666,48,31,0.6458333333333334,48,39,0.8125,18,9,0.5,27,23,0.8518518518518519,48,31,0.6458333333333334,48,39,0.8125,18,9,0.5,27,23,0.8518518518518519,20419,20151,268,158,0.007840801945312888,6,6,0,0,0.0,768,755,13,12,0.015894039735099338,5917,5813,104,59,0.010149664544985377,13728,13577,151,87,0.006407895705973337,7286,7152,134,60,0.008389261744966443,2,2,0,0,0.0,231,229,2,6,0.026200873362445413,2745,2662,83,17,0.006386175807663411,4308,4259,49,37,0.008687485325193707,16323,16095,228,138,0.008574091332712022,4,4,0,0,0.0,617,610,7,10,0.01639344262295082,4931,4832,99,50,0.010347682119205299,10771,10649,122,78,0.007324631420790684,0,0,0,0,,0,0,0,0,,4096,4056,40,20,0.004930966469428008,6208,6151,57,66,0.010729962607706063,8192,8085,107,33,0.004081632653061225,0.8518518518518519,0.0,0.14814814814814814,27,0,0,0
0,0,company,project,coherent,root250,0.25,512,False,results/bios-followup-v1/editing/world-0-seed-0-company/edits/project-coherent-root250,93,93,1.0,3,3,1.0,90,90,1.0,93,93,1.0,3,3,1.0,90,90,1.0,96,76,0.7916666666666666,45,33,0.7333333333333333,96,76,0.7916666666666666,48,36,0.75,48,40,0.8333333333333334,18,10,0.5555555555555556,27,23,0.8518518518518519,48,36,0.75,48,40,0.8333333333333334,18,10,0.5555555555555556,27,23,0.8518518518518519,20419,20151,268,75,0.0037218996575852314,6,6,0,0,0.0,768,755,13,8,0.010596026490066225,5917,5813,104,26,0.004472733528298641,13728,13577,151,41,0.003019812918906975,7286,7152,134,32,0.0044742729306487695,2,2,0,0,0.0,231,229,2,5,0.021834061135371178,2745,2662,83,12,0.004507888805409466,4308,4259,49,15,0.003521953510213665,16323,16095,228,74,0.004597701149425287,4,4,0,0,0.0,617,610,7,8,0.013114754098360656,4931,4832,99,26,0.005380794701986755,10771,10649,122,40,0.0037562212414311204,0,0,0,0,,0,0,0,0,,4096,4056,40,1,0.0002465483234714004,6208,6151,57,24,0.003901804584620387,8192,8085,107,25,0.0030921459492888066,0.8518518518518519,0.0,0.1111111111111111,27,0,1,0
0,0,company,project,coherent,root500,0.5,0,False,results/bios-followup-v1/editing/world-0-seed-0-company/edits/project-coherent-root500,93,0,0.0,3,0,0.0,90,0,0.0,93,0,0.0,3,0,0.0,90,0,0.0,96,0,0.0,45,0,0.0,96,0,0.0,48,0,0.0,48,0,0.0,18,0,0.0,27,0,0.0,48,0,0.0,48,0,0.0,18,0,0.0,27,0,0.0,20419,20151,268,0,0.0,6,6,0,0,0.0,768,755,13,0,0.0,5917,5813,104,0,0.0,13728,13577,151,0,0.0,7286,7152,134,0,0.0,2,2,0,0,0.0,231,229,2,0,0.0,2745,2662,83,0,0.0,4308,4259,49,0,0.0,16323,16095,228,0,0.0,4,4,0,0,0.0,617,610,7,0,0.0,4931,4832,99,0,0.0,10771,10649,122,0,0.0,0,0,0,0,,0,0,0,0,,4096,4056,40,0,0.0,6208,6151,57,0,0.0,8192,8085,107,0,0.0,0.0,0.0,1.0,27,0,0,0
0,0,company,project,coherent,root500,0.5,32,False,results/bios-followup-v1/editing/world-0-seed-0-company/edits/project-coherent-root500,93,9,0.0967741935483871,3,1,0.3333333333333333,90,8,0.08888888888888889,93,9,0.0967741935483871,3,1,0.3333333333333333,90,8,0.08888888888888889,96,1,0.010416666666666666,45,0,0.0,96,1,0.010416666666666666,48,1,0.020833333333333332,48,0,0.0,18,0,0.0,27,0,0.0,48,1,0.020833333333333332,48,0,0.0,18,0,0.0,27,0,0.0,20419,20151,268,192,0.009528063123418192,6,6,0,0,0.0,768,755,13,12,0.015894039735099338,5917,5813,104,49,0.00842938241871667,13728,13577,151,131,0.009648670545775945,7286,7152,134,48,0.006711409395973154,2,2,0,0,0.0,231,229,2,4,0.017467248908296942,2745,2662,83,17,0.006386175807663411,4308,4259,49,27,0.006339516318384597,16323,16095,228,148,0.009195402298850575,4,4,0,0,0.0,617,610,7,8,0.013114754098360656,4931,4832,99,40,0.008278145695364239,10771,10649,122,100,0.0093905531035778,0,0,0,0,,0,0,0,0,,4096,4056,40,44,0.010848126232741617,6208,6151,57,27,0.004389530157697935,8192,8085,107,115,0.01422387136672851,0.0,0.0,0.8888888888888888,27,0,3,0
0,0,company,project,coherent,root500,0.5,128,False,results/bios-followup-v1/editing/world-0-seed-0-company/edits/project-coherent-root500,93,93,1.0,3,3,1.0,90,90,1.0,93,93,1.0,3,3,1.0,90,90,1.0,96,65,0.6770833333333334,45,30,0.6666666666666666,96,65,0.6770833333333334,48,28,0.5833333333333334,48,37,0.7708333333333334,18,8,0.4444444444444444,27,22,0.8148148148148148,48,28,0.5833333333333334,48,37,0.7708333333333334,18,8,0.4444444444444444,27,22,0.8148148148148148,20419,20151,268,160,0.007940052602848495,6,6,0,0,0.0,768,755,13,10,0.013245033112582781,5917,5813,104,55,0.009461551694477894,13728,13577,151,95,0.0069971274950283565,7286,7152,134,63,0.008808724832214765,2,2,0,0,0.0,231,229,2,5,0.021834061135371178,2745,2662,83,17,0.006386175807663411,4308,4259,49,41,0.009626672927917352,16323,16095,228,138,0.008574091332712022,4,4,0,0,0.0,617,610,7,8,0.013114754098360656,4931,4832,99,45,0.009312913907284769,10771,10649,122,85,0.00798197013804113,0,0,0,0,,0,0,0,0,,4096,4056,40,22,0.005424063116370809,6208,6151,57,69,0.011217688180783612,8192,8085,107,36,0.0044526901669758815,0.8148148148148148,0.0,0.18518518518518517,27,0,0,0
0,0,company,project,coherent,root500,0.5,512,False,results/bios-followup-v1/editing/world-0-seed-0-company/edits/project-coherent-root500,93,93,1.0,3,3,1.0,90,90,1.0,93,93,1.0,3,3,1.0,90,90,1.0,96,71,0.7395833333333334,45,32,0.7111111111111111,96,71,0.7395833333333334,48,32,0.6666666666666666,48,39,0.8125,18,9,0.5,27,23,0.8518518518518519,48,32,0.6666666666666666,48,39,0.8125,18,9,0.5,27,23,0.8518518518518519,20419,20151,268,70,0.0034737730137462163,6,6,0,0,0.0,768,755,13,8,0.010596026490066225,5917,5813,104,22,0.0037846206777911577,13728,13577,151,40,0.0029461589452750977,7286,7152,134,31,0.004334451901565996,2,2,0,0,0.0,231,229,2,5,0.021834061135371178,2745,2662,83,11,0.004132231404958678,4308,4259,49,15,0.003521953510213665,16323,16095,228,68,0.004224914569742156,4,4,0,0,0.0,617,610,7,8,0.013114754098360656,4931,4832,99,21,0.004346026490066225,10771,10649,122,39,0.003662315710395342,0,0,0,0,,0,0,0,0,,4096,4056,40,2,0.0004930966469428008,6208,6151,57,22,0.003576654202568688,8192,8085,107,26,0.0032158317872603586,0.8518518518518519,0.0,0.1111111111111111,27,0,1,0
0,0,company,project,exception,uniform,0.03225806451612903,0,True,results/bios-cross-scale-dev-v1/width-256/world-0-seed-0-company/edits/project-exception-mlp,93,0,0.0,3,0,0.0,90,0,0.0,93,0,0.0,3,0,0.0,90,0,0.0,96,0,0.0,45,0,0.0,96,0,0.0,48,0,0.0,48,0,0.0,18,0,0.0,27,0,0.0,48,0,0.0,48,0,0.0,18,0,0.0,27,0,0.0,20419,20151,268,0,0.0,6,6,0,0,0.0,768,755,13,0,0.0,5917,5813,104,0,0.0,13728,13577,151,0,0.0,7286,7152,134,0,0.0,2,2,0,0,0.0,231,229,2,0,0.0,2745,2662,83,0,0.0,4308,4259,49,0,0.0,16323,16095,228,0,0.0,4,4,0,0,0.0,617,610,7,0,0.0,4931,4832,99,0,0.0,10771,10649,122,0,0.0,0,0,0,0,,0,0,0,0,,4096,4056,40,0,0.0,6208,6151,57,0,0.0,8192,8085,107,0,0.0,0.0,0.0,1.0,27,0,0,0
0,0,company,project,exception,uniform,0.03225806451612903,32,True,results/bios-cross-scale-dev-v1/width-256/world-0-seed-0-company/edits/project-exception-mlp,93,15,0.16129032258064516,3,0,0.0,90,15,0.16666666666666666,93,15,0.16129032258064516,3,0,0.0,90,15,0.16666666666666666,96,1,0.010416666666666666,45,0,0.0,96,1,0.010416666666666666,48,1,0.020833333333333332,48,0,0.0,18,0,0.0,27,0,0.0,48,1,0.020833333333333332,48,0,0.0,18,0,0.0,27,0,0.0,20419,20151,268,233,0.011562701602898118,6,6,0,0,0.0,768,755,13,17,0.022516556291390728,5917,5813,104,53,0.009117495269224153,13728,13577,151,163,0.012005597701996022,7286,7152,134,52,0.00727069351230425,2,2,0,0,0.0,231,229,2,3,0.013100436681222707,2745,2662,83,17,0.006386175807663411,4308,4259,49,32,0.0075135008217891526,16323,16095,228,180,0.011183597390493943,4,4,0,0,0.0,617,610,7,12,0.019672131147540985,4931,4832,99,42,0.00869205298013245,10771,10649,122,126,0.011832096910508029,0,0,0,0,,0,0,0,0,,4096,4056,40,53,0.013067061143984222,6208,6151,57,14,0.0022760526743618925,8192,8085,107,165,0.02040816326530612,0.0,0.0,0.8518518518518519,27,0,4,0
0,0,company,project,exception,uniform,0.03225806451612903,128,True,results/bios-cross-scale-dev-v1/width-256/world-0-seed-0-company/edits/project-exception-mlp,93,93,1.0,3,3,1.0,90,90,1.0,93,93,1.0,3,3,1.0,90,90,1.0,96,27,0.28125,45,0,0.0,96,27,0.28125,48,16,0.3333333333333333,48,11,0.22916666666666666,18,0,0.0,27,0,0.0,48,16,0.3333333333333333,48,11,0.22916666666666666,18,0,0.0,27,0,0.0,20419,20151,268,167,0.008287429904223115,6,6,0,0,0.0,768,755,13,16,0.02119205298013245,5917,5813,104,66,0.011353862033373473,13728,13577,151,85,0.006260587758709583,7286,7152,134,57,0.007969798657718121,2,2,0,0,0.0,231,229,2,7,0.03056768558951965,2745,2662,83,20,0.007513148009015778,4308,4259,49,30,0.00704390702042733,16323,16095,228,149,0.00925753339546443,4,4,0,0,0.0,617,610,7,14,0.022950819672131147,4931,4832,99,56,0.011589403973509934,10771,10649,122,79,0.007418536951826462,0,0,0,0,,0,0,0,0,,4096,4056,40,18,0.004437869822485207,6208,6151,57,50,0.008128759551292473,8192,8085,107,46,0.005689548546691404,0.0,0.7037037037037037,0.18518518518518517,27,0,3,0
0,0,company,project,exception,uniform,0.03225806451612903,512,True,results/bios-cross-scale-dev-v1/width-256/world-0-seed-0-company/edits/project-exception-mlp,93,93,1.0,3,3,1.0,90,90,1.0,93,93,1.0,3,3,1.0,90,90,1.0,96,24,0.25,45,0,0.0,96,24,0.25,48,15,0.3125,48,9,0.1875,18,0,0.0,27,0,0.0,48,15,0.3125,48,9,0.1875,18,0,0.0,27,0,0.0,20419,20151,268,70,0.0034737730137462163,6,6,0,0,0.0,768,755,13,7,0.009271523178807948,5917,5813,104,20,0.003440564252537416,13728,13577,151,43,0.00316712086617073,7286,7152,134,21,0.002936241610738255,2,2,0,0,0.0,231,229,2,3,0.013100436681222707,2745,2662,83,8,0.003005259203606311,4308,4259,49,10,0.0023479690068091102,16323,16095,228,68,0.004224914569742156,4,4,0,0,0.0,617,610,7,7,0.011475409836065573,4931,4832,99,19,0.003932119205298013,10771,10649,122,42,0.003944032303502676,0,0,0,0,,0,0,0,0,,4096,4056,40,2,0.0004930966469428008,6208,6151,57,15,0.002438627865387742,8192,8085,107,34,0.0042053184910327765,0.0,0.6666666666666666,0.2222222222222222,27,0,3,0
0,0,company,project,exception,root125,0.125,0,False,results/bios-followup-v1/editing/world-0-seed-0-company/edits/project-exception-root125,93,0,0.0,3,0,0.0,90,0,0.0,93,0,0.0,3,0,0.0,90,0,0.0,96,0,0.0,45,0,0.0,96,0,0.0,48,0,0.0,48,0,0.0,18,0,0.0,27,0,0.0,48,0,0.0,48,0,0.0,18,0,0.0,27,0,0.0,20419,20151,268,0,0.0,6,6,0,0,0.0,768,755,13,0,0.0,5917,5813,104,0,0.0,13728,13577,151,0,0.0,7286,7152,134,0,0.0,2,2,0,0,0.0,231,229,2,0,0.0,2745,2662,83,0,0.0,4308,4259,49,0,0.0,16323,16095,228,0,0.0,4,4,0,0,0.0,617,610,7,0,0.0,4931,4832,99,0,0.0,10771,10649,122,0,0.0,0,0,0,0,,0,0,0,0,,4096,4056,40,0,0.0,6208,6151,57,0,0.0,8192,8085,107,0,0.0,0.0,0.0,1.0,27,0,0,0
0,0,company,project,exception,root125,0.125,32,False,results/bios-followup-v1/editing/world-0-seed-0-company/edits/project-exception-root125,93,13,0.13978494623655913,3,0,0.0,90,13,0.14444444444444443,93,13,0.13978494623655913,3,0,0.0,90,13,0.14444444444444443,96,1,0.010416666666666666,45,0,0.0,96,1,0.010416666666666666,48,1,0.020833333333333332,48,0,0.0,18,0,0.0,27,0,0.0,48,1,0.020833333333333332,48,0,0.0,18,0,0.0,27,0,0.0,20419,20151,268,235,0.011661952260433725,6,6,0,0,0.0,768,755,13,19,0.025165562913907286,5917,5813,104,51,0.00877343884397041,13728,13577,151,165,0.012152905649259778,7286,7152,134,51,0.007130872483221477,2,2,0,0,0.0,231,229,2,5,0.021834061135371178,2745,2662,83,15,0.005634861006761833,4308,4259,49,31,0.007278703921108241,16323,16095,228,180,0.011183597390493943,4,4,0,0,0.0,617,610,7,14,0.022950819672131147,4931,4832,99,39,0.008071192052980132,10771,10649,122,127,0.011926002441543807,0,0,0,0,,0,0,0,0,,4096,4056,40,55,0.013560157790927022,6208,6151,57,16,0.002601203056413591,8192,8085,107,167,0.020655534941249228,0.0,0.0,0.8888888888888888,27,0,3,0
0,0,company,project,exception,root125,0.125,128,False,results/bios-followup-v1/editing/world-0-seed-0-company/edits/project-exception-root125,93,93,1.0,3,3,1.0,90,90,1.0,93,93,1.0,3,3,1.0,90,90,1.0,96,26,0.2708333333333333,45,0,0.0,96,26,0.2708333333333333,48,15,0.3125,48,11,0.22916666666666666,18,0,0.0,27,0,0.0,48,15,0.3125,48,11,0.22916666666666666,18,0,0.0,27,0,0.0,20419,20151,268,171,0.008485931219294328,6,6,0,0,0.0,768,755,13,15,0.019867549668874173,5917,5813,104,66,0.011353862033373473,13728,13577,151,90,0.006628857626868969,7286,7152,134,58,0.008109619686800894,2,2,0,0,0.0,231,229,2,7,0.03056768558951965,2745,2662,83,19,0.007137490608564989,4308,4259,49,32,0.0075135008217891526,16323,16095,228,153,0.00950605778191985,4,4,0,0,0.0,617,610,7,13,0.021311475409836064,4931,4832,99,56,0.011589403973509934,10771,10649,122,84,0.007888064607005352,0,0,0,0,,0,0,0,0,,4096,4056,40,18,0.004437869822485207,6208,6151,57,52,0.008453909933344172,8192,8085,107,48,0.005936920222634508,0.0,0.7037037037037037,0.18518518518518517,27,0,3,0
0,0,company,project,exception,root125,0.125,512,False,results/bios-followup-v1/editing/world-0-seed-0-company/edits/project-exception-root125,93,93,1.0,3,3,1.0,90,90,1.0,93,93,1.0,3,3,1.0,90,90,1.0,96,22,0.22916666666666666,45,0,0.0,96,22,0.22916666666666666,48,13,0.2708333333333333,48,9,0.1875,18,0,0.0,27,0,0.0,48,13,0.2708333333333333,48,9,0.1875,18,0,0.0,27,0,0.0,20419,20151,268,69,0.003424147684978413,6,6,0,0,0.0,768,755,13,6,0.007947019867549669,5917,5813,104,20,0.003440564252537416,13728,13577,151,43,0.00316712086617073,7286,7152,134,21,0.002936241610738255,2,2,0,0,0.0,231,229,2,3,0.013100436681222707,2745,2662,83,8,0.003005259203606311,4308,4259,49,10,0.0023479690068091102,16323,16095,228,68,0.004224914569742156,4,4,0,0,0.0,617,610,7,6,0.009836065573770493,4931,4832,99,20,0.0041390728476821195,10771,10649,122,42,0.003944032303502676,0,0,0,0,,0,0,0,0,,4096,4056,40,1,0.0002465483234714004,6208,6151,57,14,0.0022760526743618925,8192,8085,107,34,0.0042053184910327765,0.0,0.6666666666666666,0.2222222222222222,27,0,3,0
0,0,company,project,exception,root250,0.25,0,False,results/bios-followup-v1/editing/world-0-seed-0-company/edits/project-exception-root250,93,0,0.0,3,0,0.0,90,0,0.0,93,0,0.0,3,0,0.0,90,0,0.0,96,0,0.0,45,0,0.0,96,0,0.0,48,0,0.0,48,0,0.0,18,0,0.0,27,0,0.0,48,0,0.0,48,0,0.0,18,0,0.0,27,0,0.0,20419,20151,268,0,0.0,6,6,0,0,0.0,768,755,13,0,0.0,5917,5813,104,0,0.0,13728,13577,151,0,0.0,7286,7152,134,0,0.0,2,2,0,0,0.0,231,229,2,0,0.0,2745,2662,83,0,0.0,4308,4259,49,0,0.0,16323,16095,228,0,0.0,4,4,0,0,0.0,617,610,7,0,0.0,4931,4832,99,0,0.0,10771,10649,122,0,0.0,0,0,0,0,,0,0,0,0,,4096,4056,40,0,0.0,6208,6151,57,0,0.0,8192,8085,107,0,0.0,0.0,0.0,1.0,27,0,0,0
0,0,company,project,exception,root250,0.25,32,False,results/bios-followup-v1/editing/world-0-seed-0-company/edits/project-exception-root250,93,9,0.0967741935483871,3,0,0.0,90,9,0.1,93,9,0.0967741935483871,3,0,0.0,90,9,0.1,96,1,0.010416666666666666,45,0,0.0,96,1,0.010416666666666666,48,1,0.020833333333333332,48,0,0.0,18,0,0.0,27,0,0.0,48,1,0.020833333333333332,48,0,0.0,18,0,0.0,27,0,0.0,20419,20151,268,222,0.011016822986452285,6,6,0,0,0.0,768,755,13,16,0.02119205298013245,5917,5813,104,46,0.007913297780836057,13728,13577,151,160,0.01178463578110039,7286,7152,134,47,0.006571588366890381,2,2,0,0,0.0,231,229,2,5,0.021834061135371178,2745,2662,83,12,0.004507888805409466,4308,4259,49,30,0.00704390702042733,16323,16095,228,169,0.010500155327741534,4,4,0,0,0.0,617,610,7,11,0.018032786885245903,4931,4832,99,35,0.007243377483443708,10771,10649,122,123,0.011550380317400695,0,0,0,0,,0,0,0,0,,4096,4056,40,53,0.013067061143984222,6208,6151,57,20,0.003251503820516989,8192,8085,107,155,0.0191713048855906,0.0,0.0,0.8888888888888888,27,0,3,0
0,0,company,project,exception,root250,0.25,128,False,results/bios-followup-v1/editing/world-0-seed-0-company/edits/project-exception-root250,93,93,1.0,3,3,1.0,90,90,1.0,93,93,1.0,3,3,1.0,90,90,1.0,96,25,0.2604166666666667,45,0,0.0,96,25,0.2604166666666667,48,14,0.2916666666666667,48,11,0.22916666666666666,18,0,0.0,27,0,0.0,48,14,0.2916666666666667,48,11,0.22916666666666666,18,0,0.0,27,0,0.0,20419,20151,268,174,0.008634807205597736,6,6,0,0,0.0,768,755,13,16,0.02119205298013245,5917,5813,104,66,0.011353862033373473,13728,13577,151,92,0.006776165574132725,7286,7152,134,58,0.008109619686800894,2,2,0,0,0.0,231,229,2,7,0.03056768558951965,2745,2662,83,18,0.0067618332081141996,4308,4259,49,33,0.007748297722470063,16323,16095,228,154,0.009568188878533706,4,4,0,0,0.0,617,610,7,14,0.022950819672131147,4931,4832,99,55,0.011382450331125827,10771,10649,122,85,0.00798197013804113,0,0,0,0,,0,0,0,0,,4096,4056,40,20,0.004930966469428008,6208,6151,57,53,0.008616485124370021,8192,8085,107,50,0.006184291898577613,0.0,0.7037037037037037,0.18518518518518517,27,0,3,0
0,0,company,project,exception,root250,0.25,512,False,results/bios-followup-v1/editing/world-0-seed-0-company/edits/project-exception-root250,93,93,1.0,3,3,1.0,90,90,1.0,93,93,1.0,3,3,1.0,90,90,1.0,96,22,0.22916666666666666,45,0,0.0,96,22,0.22916666666666666,48,13,0.2708333333333333,48,9,0.1875,18,0,0.0,27,0,0.0,48,13,0.2708333333333333,48,9,0.1875,18,0,0.0,27,0,0.0,20419,20151,268,76,0.0037715249863530345,6,6,0,0,0.0,768,755,13,5,0.006622516556291391,5917,5813,104,23,0.0039566488904180285,13728,13577,151,48,0.003535390734330117,7286,7152,134,26,0.003635346756152125,2,2,0,0,0.0,231,229,2,2,0.008733624454148471,2745,2662,83,10,0.003756574004507889,4308,4259,49,14,0.003287156609532754,16323,16095,228,74,0.004597701149425287,4,4,0,0,0.0,617,610,7,5,0.00819672131147541,4931,4832,99,22,0.004552980132450331,10771,10649,122,47,0.0044135599586815665,0,0,0,0,,0,0,0,0,,4096,4056,40,2,0.0004930966469428008,6208,6151,57,17,0.0027637782474394406,8192,8085,107,35,0.004329004329004329,0.0,0.6666666666666666,0.2222222222222222,27,0,3,0
0,0,company,project,exception,root500,0.5,0,True,results/bios-mechanism-dev-v1/p1/width-256/world-0-seed-0-company/edits/project-class-balanced-exception,93,0,0.0,3,0,0.0,90,0,0.0,93,0,0.0,3,0,0.0,90,0,0.0,96,0,0.0,45,0,0.0,96,0,0.0,48,0,0.0,48,0,0.0,18,0,0.0,27,0,0.0,48,0,0.0,48,0,0.0,18,0,0.0,27,0,0.0,20419,20151,268,0,0.0,6,6,0,0,0.0,768,755,13,0,0.0,5917,5813,104,0,0.0,13728,13577,151,0,0.0,7286,7152,134,0,0.0,2,2,0,0,0.0,231,229,2,0,0.0,2745,2662,83,0,0.0,4308,4259,49,0,0.0,16323,16095,228,0,0.0,4,4,0,0,0.0,617,610,7,0,0.0,4931,4832,99,0,0.0,10771,10649,122,0,0.0,0,0,0,0,,0,0,0,0,,4096,4056,40,0,0.0,6208,6151,57,0,0.0,8192,8085,107,0,0.0,0.0,0.0,1.0,27,0,0,0
0,0,company,project,exception,root500,0.5,32,True,results/bios-mechanism-dev-v1/p1/width-256/world-0-seed-0-company/edits/project-class-balanced-exception,93,3,0.03225806451612903,3,1,0.3333333333333333,90,2,0.022222222222222223,93,3,0.03225806451612903,3,1,0.3333333333333333,90,2,0.022222222222222223,96,0,0.0,45,0,0.0,96,0,0.0,48,0,0.0,48,0,0.0,18,0,0.0,27,0,0.0,48,0,0.0,48,0,0.0,18,0,0.0,27,0,0.0,20419,20151,268,196,0.009726564438489405,6,6,0,0,0.0,768,755,13,15,0.019867549668874173,5917,5813,104,48,0.0082573542060898,13728,13577,151,133,0.0097959784930397,7286,7152,134,47,0.006571588366890381,2,2,0,0,0.0,231,229,2,4,0.017467248908296942,2745,2662,83,16,0.006010518407212622,4308,4259,49,27,0.006339516318384597,16323,16095,228,147,0.009133271202236719,4,4,0,0,0.0,617,610,7,10,0.01639344262295082,4931,4832,99,38,0.007864238410596027,10771,10649,122,99,0.009296647572542022,0,0,0,0,,0,0,0,0,,4096,4056,40,49,0.012080867850098619,6208,6151,57,24,0.003901804584620387,8192,8085,107,123,0.015213358070500928,0.0,0.0,0.8888888888888888,27,0,3,0
0,0,company,project,exception,root500,0.5,128,True,results/bios-mechanism-dev-v1/p1/width-256/world-0-seed-0-company/edits/project-class-balanced-exception,93,93,1.0,3,3,1.0,90,90,1.0,93,93,1.0,3,3,1.0,90,90,1.0,96,23,0.23958333333333334,45,1,0.022222222222222223,96,23,0.23958333333333334,48,14,0.2916666666666667,48,9,0.1875,18,0,0.0,27,1,0.037037037037037035,48,14,0.2916666666666667,48,9,0.1875,18,0,0.0,27,1,0.037037037037037035,20419,20151,268,170,0.008436305890526524,6,6,0,0,0.0,768,755,13,14,0.018543046357615896,5917,5813,104,62,0.01066574918286599,13728,13577,151,94,0.006923473521396479,7286,7152,134,57,0.007969798657718121,2,2,0,0,0.0,231,229,2,6,0.026200873362445413,2745,2662,83,19,0.007137490608564989,4308,4259,49,32,0.0075135008217891526,16323,16095,228,148,0.009195402298850575,4,4,0,0,0.0,617,610,7,12,0.019672131147540985,4931,4832,99,52,0.01076158940397351,10771,10649,122,84,0.007888064607005352,0,0,0,0,,0,0,0,0,,4096,4056,40,22,0.005424063116370809,6208,6151,57,58,0.009429361079499269,8192,8085,107,47,0.0058132343846629565,0.037037037037037035,0.6296296296296297,0.2222222222222222,27,0,3,0
0,0,company,project,exception,root500,0.5,512,True,results/bios-mechanism-dev-v1/p1/width-256/world-0-seed-0-company/edits/project-class-balanced-exception,93,93,1.0,3,3,1.0,90,90,1.0,93,93,1.0,3,3,1.0,90,90,1.0,96,19,0.19791666666666666,45,0,0.0,96,19,0.19791666666666666,48,11,0.22916666666666666,48,8,0.16666666666666666,18,0,0.0,27,0,0.0,48,11,0.22916666666666666,48,8,0.16666666666666666,18,0,0.0,27,0,0.0,20419,20151,268,72,0.003573023671281822,6,6,0,0,0.0,768,755,13,5,0.006622516556291391,5917,5813,104,22,0.0037846206777911577,13728,13577,151,45,0.0033144288134344846,7286,7152,134,23,0.003215883668903803,2,2,0,0,0.0,231,229,2,2,0.008733624454148471,2745,2662,83,10,0.003756574004507889,4308,4259,49,11,0.002582765907490021,16323,16095,228,70,0.004349176762969867,4,4,0,0,0.0,617,610,7,5,0.00819672131147541,4931,4832,99,21,0.004346026490066225,10771,10649,122,44,0.004131843365574232,0,0,0,0,,0,0,0,0,,4096,4056,40,2,0.0004930966469428008,6208,6151,57,16,0.002601203056413591,8192,8085,107,33,0.004081632653061225,0.0,0.6666666666666666,0.2222222222222222,27,0,3,0
0,0,project,company,coherent,uniform,0.03225806451612903,0,True,results/bios-cross-scale-dev-v1/width-256/world-0-seed-0-project/edits/company-coherent-mlp,93,0,0.0,3,0,0.0,90,0,0.0,93,0,0.0,3,0,0.0,90,0,0.0,96,0,0.0,45,0,0.0,96,0,0.0,48,0,0.0,48,0,0.0,21,0,0.0,24,0,0.0,48,0,0.0,48,0,0.0,21,0,0.0,24,0,0.0,20419,20205,214,0,0.0,6,5,1,0,0.0,768,766,2,0,0.0,5917,5839,78,0,0.0,13728,13595,133,0,0.0,7286,7173,113,0,0.0,2,1,1,0,0.0,231,229,2,0,0.0,2745,2699,46,0,0.0,4308,4244,64,0,0.0,16323,16141,182,0,0.0,4,3,1,0,0.0,607,605,2,0,0.0,4914,4843,71,0,0.0,10798,10690,108,0,0.0,0,0,0,0,,0,0,0,0,,4096,4064,32,0,0.0,6208,6122,86,0,0.0,8192,8143,49,0,0.0,0.0,0.0,1.0,24,0,0,0
0,0,project,company,coherent,uniform,0.03225806451612903,32,True,results/bios-cross-scale-dev-v1/width-256/world-0-seed-0-project/edits/company-coherent-mlp,93,74,0.7956989247311828,3,0,0.0,90,74,0.8222222222222222,93,74,0.7956989247311828,3,0,0.0,90,74,0.8222222222222222,96,16,0.16666666666666666,45,10,0.2222222222222222,96,16,0.16666666666666666,48,7,0.14583333333333334,48,9,0.1875,21,4,0.19047619047619047,24,6,0.25,48,7,0.14583333333333334,48,9,0.1875,21,4,0.19047619047619047,24,6,0.25,20419,20205,214,280,0.013857955951497154,6,5,1,0,0.0,768,766,2,13,0.016971279373368148,5917,5839,78,90,0.015413598218873096,13728,13595,133,177,0.013019492460463406,7286,7173,113,84,0.011710581346716854,2,1,1,0,0.0,231,229,2,2,0.008733624454148471,2745,2699,46,22,0.008151167098925528,4308,4244,64,60,0.01413760603204524,16323,16141,182,224,0.013877702744563535,4,3,1,0,0.0,607,605,2,12,0.019834710743801654,4914,4843,71,69,0.014247367334296924,10798,10690,108,143,0.013376987839101965,0,0,0,0,,0,0,0,0,,4096,4064,32,56,0.013779527559055118,6208,6122,86,142,0.02319503430251552,8192,8143,49,47,0.00577182856441115,0.25,0.0,0.75,24,0,0,0
0,0,project,company,coherent,uniform,0.03225806451612903,128,True,results/bios-cross-scale-dev-v1/width-256/world-0-seed-0-project/edits/company-coherent-mlp,93,93,1.0,3,3,1.0,90,90,1.0,93,93,1.0,3,3,1.0,90,90,1.0,96,83,0.8645833333333334,45,39,0.8666666666666667,96,83,0.8645833333333334,48,43,0.8958333333333334,48,40,0.8333333333333334,21,19,0.9047619047619048,24,20,0.8333333333333334,48,43,0.8958333333333334,48,40,0.8333333333333334,21,19,0.9047619047619048,24,20,0.8333333333333334,20419,20205,214,161,0.007968324672110864,6,5,1,1,0.2,768,766,2,13,0.016971279373368148,5917,5839,78,35,0.005994177085117315,13728,13595,133,112,0.008238322912835602,7286,7173,113,76,0.010595287885124774,2,1,1,1,1.0,231,229,2,5,0.021834061135371178,2745,2699,46,15,0.005557613931085587,4308,4244,64,55,0.012959472196041471,16323,16141,182,145,0.008983334365900502,4,3,1,1,0.3333333333333333,607,605,2,11,0.01818181818181818,4914,4843,71,31,0.006400991121205864,10798,10690,108,102,0.009541627689429373,0,0,0,0,,0,0,0,0,,4096,4064,32,16,0.003937007874015748,6208,6122,86,108,0.017641293694870958,8192,8143,49,16,0.0019648778091612426,0.8333333333333334,0.0,0.16666666666666666,24,0,0,0
0,0,project,company,coherent,uniform,0.03225806451612903,512,True,results/bios-cross-scale-dev-v1/width-256/world-0-seed-0-project/edits/company-coherent-mlp,93,93,1.0,3,3,1.0,90,90,1.0,93,93,1.0,3,3,1.0,90,90,1.0,96,79,0.8229166666666666,45,38,0.8444444444444444,96,79,0.8229166666666666,48,42,0.875,48,37,0.7708333333333334,21,19,0.9047619047619048,24,19,0.7916666666666666,48,42,0.875,48,37,0.7708333333333334,21,19,0.9047619047619048,24,19,0.7916666666666666,20419,20205,214,70,0.0034644889878742884,6,5,1,1,0.2,768,766,2,1,0.0013054830287206266,5917,5839,78,22,0.003767768453502312,13728,13595,133,46,0.0033835969106289078,7286,7173,113,35,0.004879408894465356,2,1,1,1,1.0,231,229,2,0,0.0,2745,2699,46,11,0.004075583549462764,4308,4244,64,23,0.005419415645617342,16323,16141,182,70,0.004336782107676104,4,3,1,1,0.3333333333333333,607,605,2,1,0.001652892561983471,4914,4843,71,22,0.0045426388602106136,10798,10690,108,46,0.004303086997193639,0,0,0,0,,0,0,0,0,,4096,4064,32,0,0.0,6208,6122,86,40,0.006533812479581836,8192,8143,49,7,0.0008596340415080437,0.7916666666666666,0.0,0.20833333333333334,24,0,0,0
0,0,project,company,coherent,root125,0.125,0,False,results/bios-followup-v1/editing/world-0-seed-0-project/edits/company-coherent-root125,93,0,0.0,3,0,0.0,90,0,0.0,93,0,0.0,3,0,0.0,90,0,0.0,96,0,0.0,45,0,0.0,96,0,0.0,48,0,0.0,48,0,0.0,21,0,0.0,24,0,0.0,48,0,0.0,48,0,0.0,21,0,0.0,24,0,0.0,20419,20205,214,0,0.0,6,5,1,0,0.0,768,766,2,0,0.0,5917,5839,78,0,0.0,13728,13595,133,0,0.0,7286,7173,113,0,0.0,2,1,1,0,0.0,231,229,2,0,0.0,2745,2699,46,0,0.0,4308,4244,64,0,0.0,16323,16141,182,0,0.0,4,3,1,0,0.0,607,605,2,0,0.0,4914,4843,71,0,0.0,10798,10690,108,0,0.0,0,0,0,0,,0,0,0,0,,4096,4064,32,0,0.0,6208,6122,86,0,0.0,8192,8143,49,0,0.0,0.0,0.0,1.0,24,0,0,0
0,0,project,company,coherent,root125,0.125,32,False,results/bios-followup-v1/editing/world-0-seed-0-project/edits/company-coherent-root125,93,73,0.7849462365591398,3,0,0.0,90,73,0.8111111111111111,93,73,0.7849462365591398,3,0,0.0,90,73,0.8111111111111111,96,23,0.23958333333333334,45,13,0.28888888888888886,96,23,0.23958333333333334,48,9,0.1875,48,14,0.2916666666666667,21,6,0.2857142857142857,24,7,0.2916666666666667,48,9,0.1875,48,14,0.2916666666666667,21,6,0.2857142857142857,24,7,0.2916666666666667,20419,20205,214,315,0.015590200445434299,6,5,1,0,0.0,768,766,2,16,0.020887728459530026,5917,5839,78,100,0.01712622024319233,13728,13595,133,199,0.01463773446119897,7286,7173,113,95,0.013244109856405967,2,1,1,0,0.0,231,229,2,3,0.013100436681222707,2745,2699,46,26,0.00963319748054835,4308,4244,64,66,0.015551366635249765,16323,16141,182,251,0.015550461557524316,4,3,1,0,0.0,607,605,2,15,0.024793388429752067,4914,4843,71,77,0.015899236010737148,10798,10690,108,159,0.014873713751169318,0,0,0,0,,0,0,0,0,,4096,4064,32,64,0.015748031496062992,6208,6122,86,164,0.026788631166285527,8192,8143,49,50,0.006140243153628884,0.2916666666666667,0.0,0.7083333333333334,24,0,0,0
0,0,project,company,coherent,root125,0.125,128,False,results/bios-followup-v1/editing/world-0-seed-0-project/edits/company-coherent-root125,93,93,1.0,3,3,1.0,90,90,1.0,93,93,1.0,3,3,1.0,90,90,1.0,96,84,0.875,45,40,0.8888888888888888,96,84,0.875,48,42,0.875,48,42,0.875,21,19,0.9047619047619048,24,21,0.875,48,42,0.875,48,42,0.875,21,19,0.9047619047619048,24,21,0.875,20419,20205,214,169,0.008364266270725068,6,5,1,1,0.2,768,766,2,14,0.018276762402088774,5917,5839,78,42,0.007193012502140777,13728,13595,133,112,0.008238322912835602,7286,7173,113,83,0.011571169664017845,2,1,1,1,1.0,231,229,2,5,0.021834061135371178,2745,2699,46,20,0.007410151908114116,4308,4244,64,57,0.013430725730442978,16323,16141,182,154,0.00954092063688743,4,3,1,1,0.3333333333333333,607,605,2,12,0.019834710743801654,4914,4843,71,38,0.007846376213091059,10798,10690,108,103,0.009635173058933582,0,0,0,0,,0,0,0,0,,4096,4064,32,15,0.0036909448818897637,6208,6122,86,110,0.01796798431885005,8192,8143,49,15,0.001842072946088665,0.875,0.0,0.125,24,0,0,0
0,0,project,company,coherent,root125,0.125,512,False,results/bios-followup-v1/editing/world-0-seed-0-project/edits/company-coherent-root125,93,93,1.0,3,3,1.0,90,90,1.0,93,93,1.0,3,3,1.0,90,90,1.0,96,77,0.8020833333333334,45,37,0.8222222222222222,96,77,0.8020833333333334,48,42,0.875,48,35,0.7291666666666666,21,19,0.9047619047619048,24,18,0.75,48,42,0.875,48,35,0.7291666666666666,21,19,0.9047619047619048,24,18,0.75,20419,20205,214,69,0.003414996288047513,6,5,1,1,0.2,768,766,2,1,0.0013054830287206266,5917,5839,78,21,0.0035965062510703886,13728,13595,133,46,0.0033835969106289078,7286,7173,113,35,0.004879408894465356,2,1,1,1,1.0,231,229,2,0,0.0,2745,2699,46,10,0.003705075954057058,4308,4244,64,24,0.005655042412818096,16323,16141,182,69,0.004274828077566446,4,3,1,1,0.3333333333333333,607,605,2,1,0.001652892561983471,4914,4843,71,21,0.0043361552756555856,10798,10690,108,46,0.004303086997193639,0,0,0,0,,0,0,0,0,,4096,4064,32,0,0.0,6208,6122,86,40,0.006533812479581836,8192,8143,49,7,0.0008596340415080437,0.75,0.0,0.25,24,0,0,0
0,0,project,company,coherent,root250,0.25,0,False,results/bios-followup-v1/editing/world-0-seed-0-project/edits/company-coherent-root250,93,0,0.0,3,0,0.0,90,0,0.0,93,0,0.0,3,0,0.0,90,0,0.0,96,0,0.0,45,0,0.0,96,0,0.0,48,0,0.0,48,0,0.0,21,0,0.0,24,0,0.0,48,0,0.0,48,0,0.0,21,0,0.0,24,0,0.0,20419,20205,214,0,0.0,6,5,1,0,0.0,768,766,2,0,0.0,5917,5839,78,0,0.0,13728,13595,133,0,0.0,7286,7173,113,0,0.0,2,1,1,0,0.0,231,229,2,0,0.0,2745,2699,46,0,0.0,4308,4244,64,0,0.0,16323,16141,182,0,0.0,4,3,1,0,0.0,607,605,2,0,0.0,4914,4843,71,0,0.0,10798,10690,108,0,0.0,0,0,0,0,,0,0,0,0,,4096,4064,32,0,0.0,6208,6122,86,0,0.0,8192,8143,49,0,0.0,0.0,0.0,1.0,24,0,0,0
0,0,project,company,coherent,root250,0.25,32,False,results/bios-followup-v1/editing/world-0-seed-0-project/edits/company-coherent-root250,93,64,0.6881720430107527,3,1,0.3333333333333333,90,63,0.7,93,64,0.6881720430107527,3,1,0.3333333333333333,90,63,0.7,96,32,0.3333333333333333,45,15,0.3333333333333333,96,32,0.3333333333333333,48,14,0.2916666666666667,48,18,0.375,21,7,0.3333333333333333,24,8,0.3333333333333333,48,14,0.2916666666666667,48,18,0.375,21,7,0.3333333333333333,24,8,0.3333333333333333,20419,20205,214,348,0.017223459539717892,6,5,1,1,0.2,768,766,2,18,0.02349869451697128,5917,5839,78,102,0.017468744648056173,13728,13595,133,227,0.016697315189407872,7286,7173,113,106,0.014777638366095079,2,1,1,0,0.0,231,229,2,4,0.017467248908296942,2745,2699,46,28,0.010374212671359764,4308,4244,64,74,0.017436380772855798,16323,16141,182,277,0.01716126634037544,4,3,1,1,0.3333333333333333,607,605,2,16,0.026446280991735537,4914,4843,71,79,0.0163122031798472,10798,10690,108,181,0.016931711880261928,0,0,0,0,,0,0,0,0,,4096,4064,32,71,0.017470472440944882,6208,6122,86,193,0.03152564521398236,8192,8143,49,51,0.006263048016701462,0.3333333333333333,0.0,0.6666666666666666,24,0,0,0
0,0,project,company,coherent,root250,0.25,128,False,results/bios-followup-v1/editing/world-0-seed-0-project/edits/company-coherent-root250,93,93,1.0,3,3,1.0,90,90,1.0,93,93,1.0,3,3,1.0,90,90,1.0,96,81,0.84375,45,39,0.8666666666666667,96,81,0.84375,48,42,0.875,48,39,0.8125,21,19,0.9047619047619048,24,20,0.8333333333333334,48,42,0.875,48,39,0.8125,21,19,0.9047619047619048,24,20,0.8333333333333334,20419,20205,214,171,0.008463251670378619,6,5,1,1,0.2,768,766,2,13,0.016971279373368148,5917,5839,78,44,0.007535536907004624,13728,13595,133,113,0.00831187936741449,7286,7173,113,86,0.011989404712114874,2,1,1,1,1.0,231,229,2,4,0.017467248908296942,2745,2699,46,22,0.008151167098925528,4308,4244,64,59,0.013901979264844487,16323,16141,182,156,0.009664828697106748,4,3,1,1,0.3333333333333333,607,605,2,11,0.01818181818181818,4914,4843,71,40,0.008259343382201115,10798,10690,108,104,0.009728718428437793,0,0,0,0,,0,0,0,0,,4096,4064,32,15,0.0036909448818897637,6208,6122,86,111,0.018131329630839594,8192,8143,49,14,0.0017192680830160874,0.8333333333333334,0.0,0.16666666666666666,24,0,0,0
0,0,project,company,coherent,root250,0.25,512,False,results/bios-followup-v1/editing/world-0-seed-0-project/edits/company-coherent-root250,93,93,1.0,3,3,1.0,90,90,1.0,93,93,1.0,3,3,1.0,90,90,1.0,96,77,0.8020833333333334,45,37,0.8222222222222222,96,77,0.8020833333333334,48,42,0.875,48,35,0.7291666666666666,21,19,0.9047619047619048,24,18,0.75,48,42,0.875,48,35,0.7291666666666666,21,19,0.9047619047619048,24,18,0.75,20419,20205,214,67,0.003316010888393962,6,5,1,1,0.2,768,766,2,1,0.0013054830287206266,5917,5839,78,21,0.0035965062510703886,13728,13595,133,44,0.003236484001471129,7286,7173,113,34,0.004739997211766346,2,1,1,1,1.0,231,229,2,0,0.0,2745,2699,46,10,0.003705075954057058,4308,4244,64,23,0.005419415645617342,16323,16141,182,67,0.004150920017347129,4,3,1,1,0.3333333333333333,607,605,2,1,0.001652892561983471,4914,4843,71,21,0.0043361552756555856,10798,10690,108,44,0.00411599625818522,0,0,0,0,,0,0,0,0,,4096,4064,32,0,0.0,6208,6122,86,38,0.006207121855602744,8192,8143,49,7,0.0008596340415080437,0.75,0.0,0.25,24,0,0,0
0,0,project,company,coherent,root500,0.5,0,False,results/bios-followup-v1/editing/world-0-seed-0-project/edits/company-coherent-root500,93,0,0.0,3,0,0.0,90,0,0.0,93,0,0.0,3,0,0.0,90,0,0.0,96,0,0.0,45,0,0.0,96,0,0.0,48,0,0.0,48,0,0.0,21,0,0.0,24,0,0.0,48,0,0.0,48,0,0.0,21,0,0.0,24,0,0.0,20419,20205,214,0,0.0,6,5,1,0,0.0,768,766,2,0,0.0,5917,5839,78,0,0.0,13728,13595,133,0,0.0,7286,7173,113,0,0.0,2,1,1,0,0.0,231,229,2,0,0.0,2745,2699,46,0,0.0,4308,4244,64,0,0.0,16323,16141,182,0,0.0,4,3,1,0,0.0,607,605,2,0,0.0,4914,4843,71,0,0.0,10798,10690,108,0,0.0,0,0,0,0,,0,0,0,0,,4096,4064,32,0,0.0,6208,6122,86,0,0.0,8192,8143,49,0,0.0,0.0,0.0,1.0,24,0,0,0
0,0,project,company,coherent,root500,0.5,32,False,results/bios-followup-v1/editing/world-0-seed-0-project/edits/company-coherent-root500,93,40,0.43010752688172044,3,1,0.3333333333333333,90,39,0.43333333333333335,93,40,0.43010752688172044,3,1,0.3333333333333333,90,39,0.43333333333333335,96,23,0.23958333333333334,45,11,0.24444444444444444,96,23,0.23958333333333334,48,8,0.16666666666666666,48,15,0.3125,21,4,0.19047619047619047,24,7,0.2916666666666667,48,8,0.16666666666666666,48,15,0.3125,21,4,0.19047619047619047,24,7,0.2916666666666667,20419,20205,214,370,0.018312298935906954,6,5,1,1,0.2,768,766,2,19,0.024804177545691905,5917,5839,78,111,0.019010104469943483,13728,13595,133,239,0.01757999264435454,7286,7173,113,106,0.014777638366095079,2,1,1,0,0.0,231,229,2,4,0.017467248908296942,2745,2699,46,27,0.010003705075954057,4308,4244,64,75,0.01767200754005655,16323,16141,182,294,0.01821448485223964,4,3,1,1,0.3333333333333333,607,605,2,17,0.02809917355371901,4914,4843,71,87,0.017964071856287425,10798,10690,108,189,0.017680074836295603,0,0,0,0,,0,0,0,0,,4096,4064,32,76,0.018700787401574805,6208,6122,86,200,0.03266906239790918,8192,8143,49,57,0.006999877195136927,0.2916666666666667,0.0,0.7083333333333334,24,0,0,0
0,0,project,company,coherent,root500,0.5,128,False,results/bios-followup-v1/editing/world-0-seed-0-project/edits/company-coherent-root500,93,93,1.0,3,3,1.0,90,90,1.0,93,93,1.0,3,3,1.0,90,90,1.0,96,80,0.8333333333333334,45,40,0.8888888888888888,96,80,0.8333333333333334,48,41,0.8541666666666666,48,39,0.8125,21,19,0.9047619047619048,24,21,0.875,48,41,0.8541666666666666,48,39,0.8125,21,19,0.9047619047619048,24,21,0.875,20419,20205,214,181,0.008958178668646375,6,5,1,1,0.2,768,766,2,12,0.015665796344647518,5917,5839,78,50,0.008563110121596164,13728,13595,133,118,0.008679661640308938,7286,7173,113,93,0.012965286491007947,2,1,1,1,1.0,231,229,2,3,0.013100436681222707,2745,2699,46,26,0.00963319748054835,4308,4244,64,63,0.014844486333647502,16323,16141,182,163,0.010098506907874357,4,3,1,1,0.3333333333333333,607,605,2,10,0.01652892561983471,4914,4843,71,45,0.009291761304976255,10798,10690,108,107,0.010009354536950421,0,0,0,0,,0,0,0,0,,4096,4064,32,18,0.0044291338582677165,6208,6122,86,117,0.01911140150277687,8192,8143,49,12,0.0014736583568709322,0.875,0.0,0.125,24,0,0,0
0,0,project,company,coherent,root500,0.5,512,False,results/bios-followup-v1/editing/world-0-seed-0-project/edits/company-coherent-root500,93,93,1.0,3,3,1.0,90,90,1.0,93,93,1.0,3,3,1.0,90,90,1.0,96,76,0.7916666666666666,45,37,0.8222222222222222,96,76,0.7916666666666666,48,41,0.8541666666666666,48,35,0.7291666666666666,21,19,0.9047619047619048,24,18,0.75,48,41,0.8541666666666666,48,35,0.7291666666666666,21,19,0.9047619047619048,24,18,0.75,20419,20205,214,69,0.003414996288047513,6,5,1,1,0.2,768,766,2,1,0.0013054830287206266,5917,5839,78,25,0.004281555060798082,13728,13595,133,42,0.0030893710923133506,7286,7173,113,39,0.005437055625261397,2,1,1,1,1.0,231,229,2,0,0.0,2745,2699,46,15,0.005557613931085587,4308,4244,64,23,0.005419415645617342,16323,16141,182,69,0.004274828077566446,4,3,1,1,0.3333333333333333,607,605,2,1,0.001652892561983471,4914,4843,71,25,0.005162089613875697,10798,10690,108,42,0.0039289055191768,0,0,0,0,,0,0,0,0,,4096,4064,32,0,0.0,6208,6122,86,36,0.005880431231623653,8192,8143,49,7,0.0008596340415080437,0.75,0.0,0.25,24,0,0,0
0,0,project,company,exception,uniform,0.03225806451612903,0,True,results/bios-cross-scale-dev-v1/width-256/world-0-seed-0-project/edits/company-exception-mlp,93,0,0.0,3,0,0.0,90,0,0.0,93,0,0.0,3,0,0.0,90,0,0.0,96,0,0.0,45,0,0.0,96,0,0.0,48,0,0.0,48,0,0.0,21,0,0.0,24,0,0.0,48,0,0.0,48,0,0.0,21,0,0.0,24,0,0.0,20419,20205,214,0,0.0,6,5,1,0,0.0,768,766,2,0,0.0,5917,5839,78,0,0.0,13728,13595,133,0,0.0,7286,7173,113,0,0.0,2,1,1,0,0.0,231,229,2,0,0.0,2745,2699,46,0,0.0,4308,4244,64,0,0.0,16323,16141,182,0,0.0,4,3,1,0,0.0,607,605,2,0,0.0,4914,4843,71,0,0.0,10798,10690,108,0,0.0,0,0,0,0,,0,0,0,0,,4096,4064,32,0,0.0,6208,6122,86,0,0.0,8192,8143,49,0,0.0,0.0,0.0,1.0,24,0,0,0
0,0,project,company,exception,uniform,0.03225806451612903,32,True,results/bios-cross-scale-dev-v1/width-256/world-0-seed-0-project/edits/company-exception-mlp,93,25,0.26881720430107525,3,0,0.0,90,25,0.2777777777777778,93,25,0.26881720430107525,3,0,0.0,90,25,0.2777777777777778,96,1,0.010416666666666666,45,0,0.0,96,1,0.010416666666666666,48,0,0.0,48,1,0.020833333333333332,21,0,0.0,24,0,0.0,48,0,0.0,48,1,0.020833333333333332,21,0,0.0,24,0,0.0,20419,20205,214,268,0.013264043553575848,6,5,1,0,0.0,768,766,2,14,0.018276762402088774,5917,5839,78,89,0.015242336016441172,13728,13595,133,165,0.012136815005516733,7286,7173,113,78,0.010874111250522794,2,1,1,0,0.0,231,229,2,4,0.017467248908296942,2745,2699,46,21,0.007780659503519822,4308,4244,64,53,0.012488218661639962,16323,16141,182,216,0.013382070503686264,4,3,1,0,0.0,607,605,2,13,0.021487603305785124,4914,4843,71,69,0.014247367334296924,10798,10690,108,134,0.012535079513564078,0,0,0,0,,0,0,0,0,,4096,4064,32,52,0.012795275590551181,6208,6122,86,135,0.022051617118588697,8192,8143,49,43,0.00528060911212084,0.0,0.0,1.0,24,0,0,0
0,0,project,company,exception,uniform,0.03225806451612903,128,True,results/bios-cross-scale-dev-v1/width-256/world-0-seed-0-project/edits/company-exception-mlp,93,93,1.0,3,3,1.0,90,90,1.0,93,93,1.0,3,3,1.0,90,90,1.0,96,42,0.4375,45,12,0.26666666666666666,96,42,0.4375,48,23,0.4791666666666667,48,19,0.3958333333333333,21,5,0.23809523809523808,24,7,0.2916666666666667,48,23,0.4791666666666667,48,19,0.3958333333333333,21,5,0.23809523809523808,24,7,0.2916666666666667,20419,20205,214,184,0.0091066567681267,6,5,1,0,0.0,768,766,2,9,0.01174934725848564,5917,5839,78,43,0.007364274704572701,13728,13595,133,132,0.009709452004413387,7286,7173,113,87,0.012128816394813885,2,1,1,0,0.0,231,229,2,3,0.013100436681222707,2745,2699,46,20,0.007410151908114116,4308,4244,64,64,0.015080113100848256,16323,16141,182,167,0.010346323028312992,4,3,1,0,0.0,607,605,2,8,0.013223140495867768,4914,4843,71,41,0.008465826966756143,10798,10690,108,118,0.011038353601496726,0,0,0,0,,0,0,0,0,,4096,4064,32,17,0.004183070866141733,6208,6122,86,125,0.02041816399869324,8192,8143,49,15,0.001842072946088665,0.2916666666666667,0.4166666666666667,0.25,24,0,1,0
0,0,project,company,exception,uniform,0.03225806451612903,512,True,results/bios-cross-scale-dev-v1/width-256/world-0-seed-0-project/edits/company-exception-mlp,93,93,1.0,3,3,1.0,90,90,1.0,93,93,1.0,3,3,1.0,90,90,1.0,96,44,0.4583333333333333,45,14,0.3111111111111111,96,44,0.4583333333333333,48,22,0.4583333333333333,48,22,0.4583333333333333,21,5,0.23809523809523808,24,9,0.375,48,22,0.4583333333333333,48,22,0.4583333333333333,21,5,0.23809523809523808,24,9,0.375,20419,20205,214,71,0.0035139816877010643,6,5,1,0,0.0,768,766,2,3,0.0039164490861618795,5917,5839,78,20,0.0034252440486384657,13728,13595,133,48,0.0035307098197866864,7286,7173,113,34,0.004739997211766346,2,1,1,0,0.0,231,229,2,0,0.0,2745,2699,46,12,0.00444609114486847,4308,4244,64,22,0.0051837888784165885,16323,16141,182,71,0.004398736137785763,4,3,1,0,0.0,607,605,2,3,0.0049586776859504135,4914,4843,71,20,0.0041296716911005575,10798,10690,108,48,0.004490177736202058,0,0,0,0,,0,0,0,0,,4096,4064,32,0,0.0,6208,6122,86,43,0.0070238484155504734,8192,8143,49,8,0.0009824389045806213,0.375,0.2916666666666667,0.2916666666666667,24,0,1,0
0,0,project,company,exception,root125,0.125,0,False,results/bios-followup-v1/editing/world-0-seed-0-project/edits/company-exception-root125,93,0,0.0,3,0,0.0,90,0,0.0,93,0,0.0,3,0,0.0,90,0,0.0,96,0,0.0,45,0,0.0,96,0,0.0,48,0,0.0,48,0,0.0,21,0,0.0,24,0,0.0,48,0,0.0,48,0,0.0,21,0,0.0,24,0,0.0,20419,20205,214,0,0.0,6,5,1,0,0.0,768,766,2,0,0.0,5917,5839,78,0,0.0,13728,13595,133,0,0.0,7286,7173,113,0,0.0,2,1,1,0,0.0,231,229,2,0,0.0,2745,2699,46,0,0.0,4308,4244,64,0,0.0,16323,16141,182,0,0.0,4,3,1,0,0.0,607,605,2,0,0.0,4914,4843,71,0,0.0,10798,10690,108,0,0.0,0,0,0,0,,0,0,0,0,,4096,4064,32,0,0.0,6208,6122,86,0,0.0,8192,8143,49,0,0.0,0.0,0.0,1.0,24,0,0,0
0,0,project,company,exception,root125,0.125,32,False,results/bios-followup-v1/editing/world-0-seed-0-project/edits/company-exception-root125,93,23,0.24731182795698925,3,0,0.0,90,23,0.25555555555555554,93,23,0.24731182795698925,3,0,0.0,90,23,0.25555555555555554,96,1,0.010416666666666666,45,0,0.0,96,1,0.010416666666666666,48,0,0.0,48,1,0.020833333333333332,21,0,0.0,24,0,0.0,48,0,0.0,48,1,0.020833333333333332,21,0,0.0,24,0,0.0,20419,20205,214,307,0.015194258846820094,6,5,1,0,0.0,768,766,2,19,0.024804177545691905,5917,5839,78,99,0.016954958040760405,13728,13595,133,189,0.013902169915410077,7286,7173,113,88,0.012268228077512896,2,1,1,0,0.0,231,229,2,5,0.021834061135371178,2745,2699,46,24,0.00889218228973694,4308,4244,64,59,0.013901979264844487,16323,16141,182,248,0.015364599467195341,4,3,1,0,0.0,607,605,2,18,0.02975206611570248,4914,4843,71,78,0.016105719595292174,10798,10690,108,152,0.01421889616463985,0,0,0,0,,0,0,0,0,,4096,4064,32,59,0.014517716535433071,6208,6122,86,159,0.025971904606337796,8192,8143,49,48,0.005894633427483729,0.0,0.0,0.9583333333333334,24,0,1,0
0,0,project,company,exception,root125,0.125,128,False,results/bios-followup-v1/editing/world-0-seed-0-project/edits/company-exception-root125,93,93,1.0,3,3,1.0,90,90,1.0,93,93,1.0,3,3,1.0,90,90,1.0,96,49,0.5104166666666666,45,16,0.35555555555555557,96,49,0.5104166666666666,48,26,0.5416666666666666,48,23,0.4791666666666667,21,6,0.2857142857142857,24,10,0.4166666666666667,48,26,0.5416666666666666,48,23,0.4791666666666667,21,6,0.2857142857142857,24,10,0.4166666666666667,20419,20205,214,202,0.00999752536500866,6,5,1,0,0.0,768,766,2,10,0.013054830287206266,5917,5839,78,57,0.009761945538619627,13728,13595,133,135,0.009930121368150056,7286,7173,113,103,0.014359403317998048,2,1,1,0,0.0,231,229,2,3,0.013100436681222707,2745,2699,46,31,0.01148573545757688,4308,4244,64,69,0.016258246936852027,16323,16141,182,187,0.011585403630506164,4,3,1,0,0.0,607,605,2,9,0.01487603305785124,4914,4843,71,55,0.011356597150526533,10798,10690,108,123,0.011506080449017774,0,0,0,0,,0,0,0,0,,4096,4064,32,15,0.0036909448818897637,6208,6122,86,130,0.021234890558640966,8192,8143,49,14,0.0017192680830160874,0.4166666666666667,0.3333333333333333,0.25,24,0,0,0
0,0,project,company,exception,root125,0.125,512,False,results/bios-followup-v1/editing/world-0-seed-0-project/edits/company-exception-root125,93,93,1.0,3,3,1.0,90,90,1.0,93,93,1.0,3,3,1.0,90,90,1.0,96,47,0.4895833333333333,45,16,0.35555555555555557,96,47,0.4895833333333333,48,24,0.5,48,23,0.4791666666666667,21,6,0.2857142857142857,24,10,0.4166666666666667,48,24,0.5,48,23,0.4791666666666667,21,6,0.2857142857142857,24,10,0.4166666666666667,20419,20205,214,69,0.003414996288047513,6,5,1,0,0.0,768,766,2,3,0.0039164490861618795,5917,5839,78,18,0.003082719643774619,13728,13595,133,48,0.0035307098197866864,7286,7173,113,34,0.004739997211766346,2,1,1,0,0.0,231,229,2,0,0.0,2745,2699,46,11,0.004075583549462764,4308,4244,64,23,0.005419415645617342,16323,16141,182,69,0.004274828077566446,4,3,1,0,0.0,607,605,2,3,0.0049586776859504135,4914,4843,71,18,0.003716704521990502,10798,10690,108,48,0.004490177736202058,0,0,0,0,,0,0,0,0,,4096,4064,32,0,0.0,6208,6122,86,43,0.0070238484155504734,8192,8143,49,8,0.0009824389045806213,0.4166666666666667,0.2916666666666667,0.25,24,0,1,0
0,0,project,company,exception,root250,0.25,0,False,results/bios-followup-v1/editing/world-0-seed-0-project/edits/company-exception-root250,93,0,0.0,3,0,0.0,90,0,0.0,93,0,0.0,3,0,0.0,90,0,0.0,96,0,0.0,45,0,0.0,96,0,0.0,48,0,0.0,48,0,0.0,21,0,0.0,24,0,0.0,48,0,0.0,48,0,0.0,21,0,0.0,24,0,0.0,20419,20205,214,0,0.0,6,5,1,0,0.0,768,766,2,0,0.0,5917,5839,78,0,0.0,13728,13595,133,0,0.0,7286,7173,113,0,0.0,2,1,1,0,0.0,231,229,2,0,0.0,2745,2699,46,0,0.0,4308,4244,64,0,0.0,16323,16141,182,0,0.0,4,3,1,0,0.0,607,605,2,0,0.0,4914,4843,71,0,0.0,10798,10690,108,0,0.0,0,0,0,0,,0,0,0,0,,4096,4064,32,0,0.0,6208,6122,86,0,0.0,8192,8143,49,0,0.0,0.0,0.0,1.0,24,0,0,0
0,0,project,company,exception,root250,0.25,32,False,results/bios-followup-v1/editing/world-0-seed-0-project/edits/company-exception-root250,93,20,0.21505376344086022,3,0,0.0,90,20,0.2222222222222222,93,20,0.21505376344086022,3,0,0.0,90,20,0.2222222222222222,96,1,0.010416666666666666,45,0,0.0,96,1,0.010416666666666666,48,0,0.0,48,1,0.020833333333333332,21,0,0.0,24,0,0.0,48,0,0.0,48,1,0.020833333333333332,21,0,0.0,24,0,0.0,20419,20205,214,344,0.01702548874041079,6,5,1,1,0.2,768,766,2,20,0.02610966057441253,5917,5839,78,110,0.01883884226751156,13728,13595,133,213,0.01566752482530342,7286,7173,113,97,0.013522933221803988,2,1,1,0,0.0,231,229,2,5,0.021834061135371178,2745,2699,46,26,0.00963319748054835,4308,4244,64,66,0.015551366635249765,16323,16141,182,277,0.01716126634037544,4,3,1,1,0.3333333333333333,607,605,2,19,0.03140495867768595,4914,4843,71,87,0.017964071856287425,10798,10690,108,170,0.015902712815715623,0,0,0,0,,0,0,0,0,,4096,4064,32,67,0.016486220472440943,6208,6122,86,181,0.029565501470107808,8192,8143,49,52,0.006385852879774039,0.0,0.041666666666666664,0.9166666666666666,24,0,1,0
0,0,project,company,exception,root250,0.25,128,False,results/bios-followup-v1/editing/world-0-seed-0-project/edits/company-exception-root250,93,93,1.0,3,3,1.0,90,90,1.0,93,93,1.0,3,3,1.0,90,90,1.0,96,51,0.53125,45,18,0.4,96,51,0.53125,48,26,0.5416666666666666,48,25,0.5208333333333334,21,6,0.2857142857142857,24,12,0.5,48,26,0.5416666666666666,48,25,0.5208333333333334,21,6,0.2857142857142857,24,12,0.5,20419,20205,214,212,0.010492452363276417,6,5,1,0,0.0,768,766,2,10,0.013054830287206266,5917,5839,78,63,0.010789518753211167,13728,13595,133,139,0.010224347186465612,7286,7173,113,110,0.015335285096891119,2,1,1,0,0.0,231,229,2,3,0.013100436681222707,2745,2699,46,34,0.012597258243793997,4308,4244,64,73,0.01720075400565504,16323,16141,182,195,0.012081035871383433,4,3,1,0,0.0,607,605,2,9,0.01487603305785124,4914,4843,71,59,0.012182531488746646,10798,10690,108,127,0.011880261927034612,0,0,0,0,,0,0,0,0,,4096,4064,32,17,0.004183070866141733,6208,6122,86,132,0.021561581182620058,8192,8143,49,16,0.0019648778091612426,0.5,0.3333333333333333,0.16666666666666666,24,0,0,0
0,0,project,company,exception,root250,0.25,512,False,results/bios-followup-v1/editing/world-0-seed-0-project/edits/company-exception-root250,93,93,1.0,3,3,1.0,90,90,1.0,93,93,1.0,3,3,1.0,90,90,1.0,96,50,0.5208333333333334,45,18,0.4,96,50,0.5208333333333334,48,26,0.5416666666666666,48,24,0.5,21,7,0.3333333333333333,24,11,0.4583333333333333,48,26,0.5416666666666666,48,24,0.5,21,7,0.3333333333333333,24,11,0.4583333333333333,20419,20205,214,72,0.0035634743875278397,6,5,1,0,0.0,768,766,2,4,0.005221932114882507,5917,5839,78,18,0.003082719643774619,13728,13595,133,50,0.003677822728944465,7286,7173,113,36,0.005018820577164366,2,1,1,0,0.0,231,229,2,1,0.004366812227074236,2745,2699,46,12,0.00444609114486847,4308,4244,64,23,0.005419415645617342,16323,16141,182,71,0.004398736137785763,4,3,1,0,0.0,607,605,2,4,0.006611570247933884,4914,4843,71,18,0.003716704521990502,10798,10690,108,49,0.004583723105706267,0,0,0,0,,0,0,0,0,,4096,4064,32,1,0.00024606299212598425,6208,6122,86,45,0.007350539039529565,8192,8143,49,9,0.0011052437676531991,0.4583333333333333,0.20833333333333334,0.2916666666666667,24,0,1,0
0,0,project,company,exception,root500,0.5,0,True,results/bios-mechanism-dev-v1/p1/width-256/world-0-seed-0-project/edits/company-class-balanced-exception,93,0,0.0,3,0,0.0,90,0,0.0,93,0,0.0,3,0,0.0,90,0,0.0,96,0,0.0,45,0,0.0,96,0,0.0,48,0,0.0,48,0,0.0,21,0,0.0,24,0,0.0,48,0,0.0,48,0,0.0,21,0,0.0,24,0,0.0,20419,20205,214,0,0.0,6,5,1,0,0.0,768,766,2,0,0.0,5917,5839,78,0,0.0,13728,13595,133,0,0.0,7286,7173,113,0,0.0,2,1,1,0,0.0,231,229,2,0,0.0,2745,2699,46,0,0.0,4308,4244,64,0,0.0,16323,16141,182,0,0.0,4,3,1,0,0.0,607,605,2,0,0.0,4914,4843,71,0,0.0,10798,10690,108,0,0.0,0,0,0,0,,0,0,0,0,,4096,4064,32,0,0.0,6208,6122,86,0,0.0,8192,8143,49,0,0.0,0.0,0.0,1.0,24,0,0,0
0,0,project,company,exception,root500,0.5,32,True,results/bios-mechanism-dev-v1/p1/width-256/world-0-seed-0-project/edits/company-class-balanced-exception,93,8,0.08602150537634409,3,0,0.0,90,8,0.08888888888888889,93,8,0.08602150537634409,3,0,0.0,90,8,0.08888888888888889,96,1,0.010416666666666666,45,1,0.022222222222222223,96,1,0.010416666666666666,48,0,0.0,48,1,0.020833333333333332,21,0,0.0,24,1,0.041666666666666664,48,0,0.0,48,1,0.020833333333333332,21,0,0.0,24,1,0.041666666666666664,20419,20205,214,393,0.01945063103192279,6,5,1,1,0.2,768,766,2,18,0.02349869451697128,5917,5839,78,123,0.021065250899126562,13728,13595,133,251,0.018462670099301214,7286,7173,113,116,0.01617175519308518,2,1,1,0,0.0,231,229,2,5,0.021834061135371178,2745,2699,46,30,0.011115227862171175,4308,4244,64,81,0.019085768143261076,16323,16141,182,314,0.01945356545443281,4,3,1,1,0.3333333333333333,607,605,2,16,0.026446280991735537,4914,4843,71,95,0.01961594053272765,10798,10690,108,202,0.01889616463985033,0,0,0,0,,0,0,0,0,,4096,4064,32,79,0.019438976377952756,6208,6122,86,214,0.03495589676576282,8192,8143,49,55,0.006754267468991772,0.041666666666666664,0.0,0.875,24,0,2,0
0,0,project,company,exception,root500,0.5,128,True,results/bios-mechanism-dev-v1/p1/width-256/world-0-seed-0-project/edits/company-class-balanced-exception,93,92,0.989247311827957,3,3,1.0,90,89,0.9888888888888889,93,92,0.989247311827957,3,3,1.0,90,89,0.9888888888888889,96,60,0.625,45,22,0.4888888888888889,96,60,0.625,48,31,0.6458333333333334,48,29,0.6041666666666666,21,8,0.38095238095238093,24,14,0.5833333333333334,48,31,0.6458333333333334,48,29,0.6041666666666666,21,8,0.38095238095238093,24,14,0.5833333333333334,20419,20205,214,218,0.01078940856223707,6,5,1,0,0.0,768,766,2,10,0.013054830287206266,5917,5839,78,72,0.012330878575098476,13728,13595,133,136,0.010003677822728945,7286,7173,113,112,0.015614108462289139,2,1,1,0,0.0,231,229,2,3,0.013100436681222707,2745,2699,46,38,0.014079288625416821,4308,4244,64,71,0.016729500471253534,16323,16141,182,199,0.012328851991822067,4,3,1,0,0.0,607,605,2,9,0.01487603305785124,4914,4843,71,66,0.01362791658063184,10798,10690,108,124,0.011599625818521983,0,0,0,0,,0,0,0,0,,4096,4064,32,19,0.004675196850393701,6208,6122,86,133,0.021724926494609605,8192,8143,49,12,0.0014736583568709322,0.5833333333333334,0.20833333333333334,0.20833333333333334,24,0,0,0
0,0,project,company,exception,root500,0.5,512,True,results/bios-mechanism-dev-v1/p1/width-256/world-0-seed-0-project/edits/company-class-balanced-exception,93,93,1.0,3,3,1.0,90,90,1.0,93,93,1.0,3,3,1.0,90,90,1.0,96,56,0.5833333333333334,45,21,0.4666666666666667,96,56,0.5833333333333334,48,29,0.6041666666666666,48,27,0.5625,21,8,0.38095238095238093,24,13,0.5416666666666666,48,29,0.6041666666666666,48,27,0.5625,21,8,0.38095238095238093,24,13,0.5416666666666666,20419,20205,214,77,0.0038109378866617175,6,5,1,0,0.0,768,766,2,4,0.005221932114882507,5917,5839,78,19,0.0032539818462065423,13728,13595,133,54,0.003972048547260022,7286,7173,113,37,0.005158232259863377,2,1,1,0,0.0,231,229,2,1,0.004366812227074236,2745,2699,46,11,0.004075583549462764,4308,4244,64,25,0.00589066918001885,16323,16141,182,76,0.004708506288334056,4,3,1,0,0.0,607,605,2,4,0.006611570247933884,4914,4843,71,19,0.0039231881065455295,10798,10690,108,53,0.004957904583723105,0,0,0,0,,0,0,0,0,,4096,4064,32,1,0.00024606299212598425,6208,6122,86,48,0.007840574975498203,8192,8143,49,10,0.0012280486307257768,0.5416666666666666,0.125,0.2916666666666667,24,0,1,0
0,0,project,project,coherent,uniform,0.03225806451612903,0,True,results/bios-cross-scale-dev-v1/width-256/world-0-seed-0-project/edits/project-coherent-mlp,93,0,0.0,3,0,0.0,90,0,0.0,93,0,0.0,3,0,0.0,90,0,0.0,96,0,0.0,45,0,0.0,96,0,0.0,48,0,0.0,48,0,0.0,18,0,0.0,27,0,0.0,48,0,0.0,48,0,0.0,18,0,0.0,27,0,0.0,20419,20208,211,0,0.0,6,6,0,0,0.0,768,757,11,0,0.0,5917,5835,82,0,0.0,13728,13610,118,0,0.0,7286,7178,108,0,0.0,2,2,0,0,0.0,231,226,5,0,0.0,2745,2693,52,0,0.0,4308,4257,51,0,0.0,16323,16147,176,0,0.0,4,4,0,0,0.0,617,607,10,0,0.0,4931,4861,70,0,0.0,10771,10675,96,0,0.0,0,0,0,0,,0,0,0,0,,4096,4061,35,0,0.0,6208,6128,80,0,0.0,8192,8143,49,0,0.0,0.0,0.0,1.0,27,0,0,0
0,0,project,project,coherent,uniform,0.03225806451612903,32,True,results/bios-cross-scale-dev-v1/width-256/world-0-seed-0-project/edits/project-coherent-mlp,93,13,0.13978494623655913,3,0,0.0,90,13,0.14444444444444443,93,13,0.13978494623655913,3,0,0.0,90,13,0.14444444444444443,96,0,0.0,45,0,0.0,96,0,0.0,48,0,0.0,48,0,0.0,18,0,0.0,27,0,0.0,48,0,0.0,48,0,0.0,18,0,0.0,27,0,0.0,20419,20208,211,180,0.008907363420427554,6,6,0,1,0.16666666666666666,768,757,11,5,0.0066050198150594455,5917,5835,82,84,0.014395886889460155,13728,13610,118,90,0.006612784717119765,7286,7178,108,58,0.008080245193647256,2,2,0,1,0.5,231,226,5,2,0.008849557522123894,2745,2693,52,30,0.011139992573338284,4308,4257,51,25,0.005872680291284942,16323,16147,176,146,0.009041927292995603,4,4,0,1,0.25,617,607,10,5,0.008237232289950576,4931,4861,70,64,0.013166015223205102,10771,10675,96,76,0.00711943793911007,0,0,0,0,,0,0,0,0,,4096,4061,35,34,0.008372322088155627,6208,6128,80,34,0.005548302872062663,8192,8143,49,61,0.007491096647427238,0.0,0.0,0.8518518518518519,27,0,4,0
0,0,project,project,coherent,uniform,0.03225806451612903,128,True,results/bios-cross-scale-dev-v1/width-256/world-0-seed-0-project/edits/project-coherent-mlp,93,93,1.0,3,3,1.0,90,90,1.0,93,93,1.0,3,3,1.0,90,90,1.0,96,91,0.9479166666666666,45,44,0.9777777777777777,96,91,0.9479166666666666,48,45,0.9375,48,46,0.9583333333333334,18,17,0.9444444444444444,27,27,1.0,48,45,0.9375,48,46,0.9583333333333334,18,17,0.9444444444444444,27,27,1.0,20419,20208,211,141,0.006977434679334917,6,6,0,1,0.16666666666666666,768,757,11,4,0.005284015852047556,5917,5835,82,60,0.010282776349614395,13728,13610,118,76,0.0055841293166789124,7286,7178,108,79,0.01100585121203678,2,2,0,1,0.5,231,226,5,1,0.004424778761061947,2745,2693,52,34,0.012625324916450055,4308,4257,51,43,0.010101010101010102,16323,16147,176,129,0.00798910014244132,4,4,0,1,0.25,617,607,10,3,0.004942339373970346,4931,4861,70,56,0.011520263320304465,10771,10675,96,69,0.0064637002341920375,0,0,0,0,,0,0,0,0,,4096,4061,35,12,0.002954937207584339,6208,6128,80,67,0.010933420365535249,8192,8143,49,12,0.0014736583568709322,1.0,0.0,0.0,27,0,0,0
0,0,project,project,coherent,uniform,0.03225806451612903,512,True,results/bios-cross-scale-dev-v1/width-256/world-0-seed-0-project/edits/project-coherent-mlp,93,93,1.0,3,3,1.0,90,90,1.0,93,93,1.0,3,3,1.0,90,90,1.0,96,95,0.9895833333333334,45,45,1.0,96,95,0.9895833333333334,48,48,1.0,48,47,0.9791666666666666,18,18,1.0,27,27,1.0,48,48,1.0,48,47,0.9791666666666666,18,18,1.0,27,27,1.0,20419,20208,211,67,0.003315518606492478,6,6,0,0,0.0,768,757,11,2,0.002642007926023778,5917,5835,82,25,0.004284490145672665,13728,13610,118,40,0.0029390154298310064,7286,7178,108,40,0.005572582892170521,2,2,0,0,0.0,231,226,5,1,0.004424778761061947,2745,2693,52,14,0.0051986632008912,4308,4257,51,25,0.005872680291284942,16323,16147,176,67,0.004149377593360996,4,4,0,0,0.0,617,607,10,2,0.0032948929159802307,4931,4861,70,25,0.0051429746965644925,10771,10675,96,40,0.003747072599531616,0,0,0,0,,0,0,0,0,,4096,4061,35,0,0.0,6208,6128,80,35,0.005711488250652741,8192,8143,49,7,0.0008596340415080437,1.0,0.0,0.0,27,0,0,0
0,0,project,project,coherent,root125,0.125,0,False,results/bios-followup-v1/editing/world-0-seed-0-project/edits/project-coherent-root125,93,0,0.0,3,0,0.0,90,0,0.0,93,0,0.0,3,0,0.0,90,0,0.0,96,0,0.0,45,0,0.0,96,0,0.0,48,0,0.0,48,0,0.0,18,0,0.0,27,0,0.0,48,0,0.0,48,0,0.0,18,0,0.0,27,0,0.0,20419,20208,211,0,0.0,6,6,0,0,0.0,768,757,11,0,0.0,5917,5835,82,0,0.0,13728,13610,118,0,0.0,7286,7178,108,0,0.0,2,2,0,0,0.0,231,226,5,0,0.0,2745,2693,52,0,0.0,4308,4257,51,0,0.0,16323,16147,176,0,0.0,4,4,0,0,0.0,617,607,10,0,0.0,4931,4861,70,0,0.0,10771,10675,96,0,0.0,0,0,0,0,,0,0,0,0,,4096,4061,35,0,0.0,6208,6128,80,0,0.0,8192,8143,49,0,0.0,0.0,0.0,1.0,27,0,0,0
0,0,project,project,coherent,root125,0.125,32,False,results/bios-followup-v1/editing/world-0-seed-0-project/edits/project-coherent-root125,93,14,0.15053763440860216,3,0,0.0,90,14,0.15555555555555556,93,14,0.15053763440860216,3,0,0.0,90,14,0.15555555555555556,96,1,0.010416666666666666,45,1,0.022222222222222223,96,1,0.010416666666666666,48,0,0.0,48,1,0.020833333333333332,18,0,0.0,27,1,0.037037037037037035,48,0,0.0,48,1,0.020833333333333332,18,0,0.0,27,1,0.037037037037037035,20419,20208,211,180,0.008907363420427554,6,6,0,1,0.16666666666666666,768,757,11,5,0.0066050198150594455,5917,5835,82,87,0.014910025706940874,13728,13610,118,87,0.00639235855988244,7286,7178,108,58,0.008080245193647256,2,2,0,1,0.5,231,226,5,2,0.008849557522123894,2745,2693,52,31,0.011511325659116228,4308,4257,51,24,0.005637773079633545,16323,16147,176,145,0.00897999628413947,4,4,0,1,0.25,617,607,10,5,0.008237232289950576,4931,4861,70,67,0.013783172186792841,10771,10675,96,72,0.006744730679156909,0,0,0,0,,0,0,0,0,,4096,4061,35,35,0.008618566855454321,6208,6128,80,34,0.005548302872062663,8192,8143,49,58,0.007122682058209505,0.037037037037037035,0.0,0.8148148148148148,27,0,4,0
0,0,project,project,coherent,root125,0.125,128,False,results/bios-followup-v1/editing/world-0-seed-0-project/edits/project-coherent-root125,93,93,1.0,3,3,1.0,90,90,1.0,93,93,1.0,3,3,1.0,90,90,1.0,96,93,0.96875,45,45,1.0,96,93,0.96875,48,47,0.9791666666666666,48,46,0.9583333333333334,18,18,1.0,27,27,1.0,48,47,0.9791666666666666,48,46,0.9583333333333334,18,18,1.0,27,27,1.0,20419,20208,211,150,0.007422802850356294,6,6,0,1,0.16666666666666666,768,757,11,6,0.007926023778071334,5917,5835,82,59,0.01011139674378749,13728,13610,118,84,0.006171932402645114,7286,7178,108,83,0.01156310950125383,2,2,0,1,0.5,231,226,5,2,0.008849557522123894,2745,2693,52,33,0.012253991830672113,4308,4257,51,47,0.011040638947615691,16323,16147,176,136,0.00842261720443426,4,4,0,1,0.25,617,607,10,4,0.006589785831960461,4931,4861,70,55,0.011314544332441884,10771,10675,96,76,0.00711943793911007,0,0,0,0,,0,0,0,0,,4096,4061,35,14,0.003447426742181729,6208,6128,80,75,0.012238903394255875,8192,8143,49,12,0.0014736583568709322,1.0,0.0,0.0,27,0,0,0
0,0,project,project,coherent,root125,0.125,512,False,results/bios-followup-v1/editing/world-0-seed-0-project/edits/project-coherent-root125,93,93,1.0,3,3,1.0,90,90,1.0,93,93,1.0,3,3,1.0,90,90,1.0,96,95,0.9895833333333334,45,45,1.0,96,95,0.9895833333333334,48,48,1.0,48,47,0.9791666666666666,18,18,1.0,27,27,1.0,48,48,1.0,48,47,0.9791666666666666,18,18,1.0,27,27,1.0,20419,20208,211,70,0.003463974663499604,6,6,0,0,0.0,768,757,11,2,0.002642007926023778,5917,5835,82,27,0.004627249357326478,13728,13610,118,41,0.003012490815576782,7286,7178,108,43,0.00599052660908331,2,2,0,0,0.0,231,226,5,1,0.004424778761061947,2745,2693,52,16,0.005941329372447085,4308,4257,51,26,0.00610758750293634,16323,16147,176,70,0.004335170619929399,4,4,0,0,0.0,617,607,10,2,0.0032948929159802307,4931,4861,70,27,0.005554412672289653,10771,10675,96,41,0.0038407494145199063,0,0,0,0,,0,0,0,0,,4096,4061,35,0,0.0,6208,6128,80,35,0.005711488250652741,8192,8143,49,8,0.0009824389045806213,1.0,0.0,0.0,27,0,0,0
0,0,project,project,coherent,root250,0.25,0,False,results/bios-followup-v1/editing/world-0-seed-0-project/edits/project-coherent-root250,93,0,0.0,3,0,0.0,90,0,0.0,93,0,0.0,3,0,0.0,90,0,0.0,96,0,0.0,45,0,0.0,96,0,0.0,48,0,0.0,48,0,0.0,18,0,0.0,27,0,0.0,48,0,0.0,48,0,0.0,18,0,0.0,27,0,0.0,20419,20208,211,0,0.0,6,6,0,0,0.0,768,757,11,0,0.0,5917,5835,82,0,0.0,13728,13610,118,0,0.0,7286,7178,108,0,0.0,2,2,0,0,0.0,231,226,5,0,0.0,2745,2693,52,0,0.0,4308,4257,51,0,0.0,16323,16147,176,0,0.0,4,4,0,0,0.0,617,607,10,0,0.0,4931,4861,70,0,0.0,10771,10675,96,0,0.0,0,0,0,0,,0,0,0,0,,4096,4061,35,0,0.0,6208,6128,80,0,0.0,8192,8143,49,0,0.0,0.0,0.0,1.0,27,0,0,0
0,0,project,project,coherent,root250,0.25,32,False,results/bios-followup-v1/editing/world-0-seed-0-project/edits/project-coherent-root250,93,10,0.10752688172043011,3,0,0.0,90,10,0.1111111111111111,93,10,0.10752688172043011,3,0,0.0,90,10,0.1111111111111111,96,0,0.0,45,0,0.0,96,0,0.0,48,0,0.0,48,0,0.0,18,0,0.0,27,0,0.0,48,0,0.0,48,0,0.0,18,0,0.0,27,0,0.0,20419,20208,211,187,0.009253760886777514,6,6,0,1,0.16666666666666666,768,757,11,5,0.0066050198150594455,5917,5835,82,96,0.016452442159383032,13728,13610,118,85,0.006245407788390889,7286,7178,108,59,0.008219559765951519,2,2,0,1,0.5,231,226,5,2,0.008849557522123894,2745,2693,52,34,0.012625324916450055,4308,4257,51,22,0.00516795865633075,16323,16147,176,148,0.009165789310707871,4,4,0,1,0.25,617,607,10,5,0.008237232289950576,4931,4861,70,72,0.01481176712610574,10771,10675,96,70,0.006557377049180328,0,0,0,0,,0,0,0,0,,4096,4061,35,39,0.009603545924649102,6208,6128,80,38,0.006201044386422976,8192,8143,49,52,0.006385852879774039,0.0,0.0,0.8148148148148148,27,0,5,0
0,0,project,project,coherent,root250,0.25,128,False,results/bios-followup-v1/editing/world-0-seed-0-project/edits/project-coherent-root250,93,93,1.0,3,3,1.0,90,90,1.0,93,93,1.0,3,3,1.0,90,90,1.0,96,94,0.9791666666666666,45,45,1.0,96,94,0.9791666666666666,48,47,0.9791666666666666,48,47,0.9791666666666666,18,18,1.0,27,27,1.0,48,47,0.9791666666666666,48,47,0.9791666666666666,18,18,1.0,27,27,1.0,20419,20208,211,154,0.007620744259699129,6,6,0,1,0.16666666666666666,768,757,11,7,0.009247027741083224,5917,5835,82,60,0.010282776349614395,13728,13610,118,86,0.006318883174136664,7286,7178,108,86,0.01198105321816662,2,2,0,1,0.5,231,226,5,2,0.008849557522123894,2745,2693,52,34,0.012625324916450055,4308,4257,51,49,0.011510453370918487,16323,16147,176,141,0.008732272248714932,4,4,0,1,0.25,617,607,10,5,0.008237232289950576,4931,4861,70,56,0.011520263320304465,10771,10675,96,79,0.0074004683840749414,0,0,0,0,,0,0,0,0,,4096,4061,35,13,0.0032011819748830337,6208,6128,80,78,0.012728459530026109,8192,8143,49,11,0.0013508534937983544,1.0,0.0,0.0,27,0,0,0
0,0,project,project,coherent,root250,0.25,512,False,results/bios-followup-v1/editing/world-0-seed-0-project/edits/project-coherent-root250,93,93,1.0,3,3,1.0,90,90,1.0,93,93,1.0,3,3,1.0,90,90,1.0,96,95,0.9895833333333334,45,45,1.0,96,95,0.9895833333333334,48,48,1.0,48,47,0.9791666666666666,18,18,1.0,27,27,1.0,48,48,1.0,48,47,0.9791666666666666,18,18,1.0,27,27,1.0,20419,20208,211,72,0.0035629453681710215,6,6,0,0,0.0,768,757,11,2,0.002642007926023778,5917,5835,82,27,0.004627249357326478,13728,13610,118,43,0.003159441587068332,7286,7178,108,44,0.006129841181387573,2,2,0,0,0.0,231,226,5,1,0.004424778761061947,2745,2693,52,16,0.005941329372447085,4308,4257,51,27,0.006342494714587738,16323,16147,176,72,0.004459032637641667,4,4,0,0,0.0,617,607,10,2,0.0032948929159802307,4931,4861,70,27,0.005554412672289653,10771,10675,96,43,0.004028103044496487,0,0,0,0,,0,0,0,0,,4096,4061,35,0,0.0,6208,6128,80,37,0.006037859007832898,8192,8143,49,8,0.0009824389045806213,1.0,0.0,0.0,27,0,0,0
0,0,project,project,coherent,root500,0.5,0,False,results/bios-followup-v1/editing/world-0-seed-0-project/edits/project-coherent-root500,93,0,0.0,3,0,0.0,90,0,0.0,93,0,0.0,3,0,0.0,90,0,0.0,96,0,0.0,45,0,0.0,96,0,0.0,48,0,0.0,48,0,0.0,18,0,0.0,27,0,0.0,48,0,0.0,48,0,0.0,18,0,0.0,27,0,0.0,20419,20208,211,0,0.0,6,6,0,0,0.0,768,757,11,0,0.0,5917,5835,82,0,0.0,13728,13610,118,0,0.0,7286,7178,108,0,0.0,2,2,0,0,0.0,231,226,5,0,0.0,2745,2693,52,0,0.0,4308,4257,51,0,0.0,16323,16147,176,0,0.0,4,4,0,0,0.0,617,607,10,0,0.0,4931,4861,70,0,0.0,10771,10675,96,0,0.0,0,0,0,0,,0,0,0,0,,4096,4061,35,0,0.0,6208,6128,80,0,0.0,8192,8143,49,0,0.0,0.0,0.0,1.0,27,0,0,0
0,0,project,project,coherent,root500,0.5,32,False,results/bios-followup-v1/editing/world-0-seed-0-project/edits/project-coherent-root500,93,3,0.03225806451612903,3,0,0.0,90,3,0.03333333333333333,93,3,0.03225806451612903,3,0,0.0,90,3,0.03333333333333333,96,0,0.0,45,0,0.0,96,0,0.0,48,0,0.0,48,0,0.0,18,0,0.0,27,0,0.0,48,0,0.0,48,0,0.0,18,0,0.0,27,0,0.0,20419,20208,211,232,0.011480601741884403,6,6,0,1,0.16666666666666666,768,757,11,3,0.003963011889035667,5917,5835,82,121,0.0207369323050557,13728,13610,118,107,0.007861866274797943,7286,7178,108,72,0.010030649205906938,2,2,0,1,0.5,231,226,5,1,0.004424778761061947,2745,2693,52,37,0.013739324173783884,4308,4257,51,33,0.007751937984496124,16323,16147,176,173,0.010714064532111229,4,4,0,1,0.25,617,607,10,3,0.004942339373970346,4931,4861,70,82,0.016868957004731535,10771,10675,96,87,0.008149882903981265,0,0,0,0,,0,0,0,0,,4096,4061,35,59,0.014528441270623,6208,6128,80,57,0.009301566579634464,8192,8143,49,53,0.006508657742846617,0.0,0.0,0.8148148148148148,27,0,4,1
0,0,project,project,coherent,root500,0.5,128,False,results/bios-followup-v1/editing/world-0-seed-0-project/edits/project-coherent-root500,93,93,1.0,3,3,1.0,90,90,1.0,93,93,1.0,3,3,1.0,90,90,1.0,96,94,0.9791666666666666,45,45,1.0,96,94,0.9791666666666666,48,47,0.9791666666666666,48,47,0.9791666666666666,18,18,1.0,27,27,1.0,48,47,0.9791666666666666,48,47,0.9791666666666666,18,18,1.0,27,27,1.0,20419,20208,211,155,0.0076702296120348375,6,6,0,1,0.16666666666666666,768,757,11,7,0.009247027741083224,5917,5835,82,58,0.009940017137960583,13728,13610,118,89,0.00653930933137399,7286,7178,108,88,0.012259682362775146,2,2,0,1,0.5,231,226,5,2,0.008849557522123894,2745,2693,52,31,0.011511325659116228,4308,4257,51,54,0.012684989429175475,16323,16147,176,142,0.008794203257571066,4,4,0,1,0.25,617,607,10,5,0.008237232289950576,4931,4861,70,54,0.011108825344579305,10771,10675,96,82,0.007681498829039813,0,0,0,0,,0,0,0,0,,4096,4061,35,13,0.0032011819748830337,6208,6128,80,81,0.013218015665796345,8192,8143,49,11,0.0013508534937983544,1.0,0.0,0.0,27,0,0,0
0,0,project,project,coherent,root500,0.5,512,False,results/bios-followup-v1/editing/world-0-seed-0-project/edits/project-coherent-root500,93,93,1.0,3,3,1.0,90,90,1.0,93,93,1.0,3,3,1.0,90,90,1.0,96,95,0.9895833333333334,45,45,1.0,96,95,0.9895833333333334,48,48,1.0,48,47,0.9791666666666666,18,18,1.0,27,27,1.0,48,48,1.0,48,47,0.9791666666666666,18,18,1.0,27,27,1.0,20419,20208,211,69,0.0034144893111638956,6,6,0,0,0.0,768,757,11,2,0.002642007926023778,5917,5835,82,26,0.004455869751499571,13728,13610,118,41,0.003012490815576782,7286,7178,108,44,0.006129841181387573,2,2,0,0,0.0,231,226,5,1,0.004424778761061947,2745,2693,52,16,0.005941329372447085,4308,4257,51,27,0.006342494714587738,16323,16147,176,69,0.004273239611073265,4,4,0,0,0.0,617,607,10,2,0.0032948929159802307,4931,4861,70,26,0.005348693684427073,10771,10675,96,41,0.0038407494145199063,0,0,0,0,,0,0,0,0,,4096,4061,35,0,0.0,6208,6128,80,36,0.00587467362924282,8192,8143,49,7,0.0008596340415080437,1.0,0.0,0.0,27,0,0,0
0,0,project,project,exception,uniform,0.03225806451612903,0,True,results/bios-cross-scale-dev-v1/width-256/world-0-seed-0-project/edits/project-exception-mlp,93,0,0.0,3,0,0.0,90,0,0.0,93,0,0.0,3,0,0.0,90,0,0.0,96,0,0.0,45,0,0.0,96,0,0.0,48,0,0.0,48,0,0.0,18,0,0.0,27,0,0.0,48,0,0.0,48,0,0.0,18,0,0.0,27,0,0.0,20419,20208,211,0,0.0,6,6,0,0,0.0,768,757,11,0,0.0,5917,5835,82,0,0.0,13728,13610,118,0,0.0,7286,7178,108,0,0.0,2,2,0,0,0.0,231,226,5,0,0.0,2745,2693,52,0,0.0,4308,4257,51,0,0.0,16323,16147,176,0,0.0,4,4,0,0,0.0,617,607,10,0,0.0,4931,4861,70,0,0.0,10771,10675,96,0,0.0,0,0,0,0,,0,0,0,0,,4096,4061,35,0,0.0,6208,6128,80,0,0.0,8192,8143,49,0,0.0,0.0,0.0,1.0,27,0,0,0
0,0,project,project,exception,uniform,0.03225806451612903,32,True,results/bios-cross-scale-dev-v1/width-256/world-0-seed-0-project/edits/project-exception-mlp,93,7,0.07526881720430108,3,0,0.0,90,7,0.07777777777777778,93,7,0.07526881720430108,3,0,0.0,90,7,0.07777777777777778,96,0,0.0,45,0,0.0,96,0,0.0,48,0,0.0,48,0,0.0,18,0,0.0,27,0,0.0,48,0,0.0,48,0,0.0,18,0,0.0,27,0,0.0,20419,20208,211,146,0.00722486144101346,6,6,0,1,0.16666666666666666,768,757,11,4,0.005284015852047556,5917,5835,82,69,0.011825192802056555,13728,13610,118,72,0.005290227773695812,7286,7178,108,42,0.005851212036779047,2,2,0,1,0.5,231,226,5,2,0.008849557522123894,2745,2693,52,24,0.008911994058670627,4308,4257,51,15,0.0035236081747709656,16323,16147,176,117,0.007245928036167709,4,4,0,1,0.25,617,607,10,4,0.006589785831960461,4931,4861,70,54,0.011108825344579305,10771,10675,96,58,0.005433255269320843,0,0,0,0,,0,0,0,0,,4096,4061,35,29,0.007141098251662152,6208,6128,80,20,0.0032637075718015664,8192,8143,49,56,0.00687707233206435,0.0,0.0,0.8888888888888888,27,0,3,0
0,0,project,project,exception,uniform,0.03225806451612903,128,True,results/bios-cross-scale-dev-v1/width-256/world-0-seed-0-project/edits/project-exception-mlp,93,93,1.0,3,3,1.0,90,90,1.0,93,93,1.0,3,3,1.0,90,90,1.0,96,46,0.4791666666666667,45,7,0.15555555555555556,96,46,0.4791666666666667,48,25,0.5208333333333334,48,21,0.4375,18,3,0.16666666666666666,27,4,0.14814814814814814,48,25,0.5208333333333334,48,21,0.4375,18,3,0.16666666666666666,27,4,0.14814814814814814,20419,20208,211,156,0.007719714964370546,6,6,0,0,0.0,768,757,11,10,0.013210039630118891,5917,5835,82,54,0.009254498714652956,13728,13610,118,92,0.006759735488611315,7286,7178,108,82,0.011423794928949568,2,2,0,0,0.0,231,226,5,4,0.017699115044247787,2745,2693,52,20,0.007426661715558856,4308,4257,51,58,0.013624618275781066,16323,16147,176,145,0.00897999628413947,4,4,0,0,0.0,617,607,10,9,0.014827018121911038,4931,4861,70,49,0.010080230405266406,10771,10675,96,87,0.008149882903981265,0,0,0,0,,0,0,0,0,,4096,4061,35,11,0.002708692440285644,6208,6128,80,79,0.012891644908616188,8192,8143,49,17,0.0020876826722338203,0.14814814814814814,0.7407407407407407,0.07407407407407407,27,0,1,0
0,0,project,project,exception,uniform,0.03225806451612903,512,True,results/bios-cross-scale-dev-v1/width-256/world-0-seed-0-project/edits/project-exception-mlp,93,93,1.0,3,3,1.0,90,90,1.0,93,93,1.0,3,3,1.0,90,90,1.0,96,49,0.5104166666666666,45,6,0.13333333333333333,96,49,0.5104166666666666,48,27,0.5625,48,22,0.4583333333333333,18,2,0.1111111111111111,27,4,0.14814814814814814,48,27,0.5625,48,22,0.4583333333333333,18,2,0.1111111111111111,27,4,0.14814814814814814,20419,20208,211,73,0.00361243072050673,6,6,0,1,0.16666666666666666,768,757,11,4,0.005284015852047556,5917,5835,82,25,0.004284490145672665,13728,13610,118,43,0.003159441587068332,7286,7178,108,43,0.00599052660908331,2,2,0,1,0.5,231,226,5,2,0.008849557522123894,2745,2693,52,14,0.0051986632008912,4308,4257,51,26,0.00610758750293634,16323,16147,176,73,0.004520963646497802,4,4,0,1,0.25,617,607,10,4,0.006589785831960461,4931,4861,70,25,0.0051429746965644925,10771,10675,96,43,0.004028103044496487,0,0,0,0,,0,0,0,0,,4096,4061,35,0,0.0,6208,6128,80,33,0.005385117493472585,8192,8143,49,14,0.0017192680830160874,0.14814814814814814,0.7407407407407407,0.07407407407407407,27,0,1,0
0,0,project,project,exception,root125,0.125,0,False,results/bios-followup-v1/editing/world-0-seed-0-project/edits/project-exception-root125,93,0,0.0,3,0,0.0,90,0,0.0,93,0,0.0,3,0,0.0,90,0,0.0,96,0,0.0,45,0,0.0,96,0,0.0,48,0,0.0,48,0,0.0,18,0,0.0,27,0,0.0,48,0,0.0,48,0,0.0,18,0,0.0,27,0,0.0,20419,20208,211,0,0.0,6,6,0,0,0.0,768,757,11,0,0.0,5917,5835,82,0,0.0,13728,13610,118,0,0.0,7286,7178,108,0,0.0,2,2,0,0,0.0,231,226,5,0,0.0,2745,2693,52,0,0.0,4308,4257,51,0,0.0,16323,16147,176,0,0.0,4,4,0,0,0.0,617,607,10,0,0.0,4931,4861,70,0,0.0,10771,10675,96,0,0.0,0,0,0,0,,0,0,0,0,,4096,4061,35,0,0.0,6208,6128,80,0,0.0,8192,8143,49,0,0.0,0.0,0.0,1.0,27,0,0,0
0,0,project,project,exception,root125,0.125,32,False,results/bios-followup-v1/editing/world-0-seed-0-project/edits/project-exception-root125,93,7,0.07526881720430108,3,0,0.0,90,7,0.07777777777777778,93,7,0.07526881720430108,3,0,0.0,90,7,0.07777777777777778,96,0,0.0,45,0,0.0,96,0,0.0,48,0,0.0,48,0,0.0,18,0,0.0,27,0,0.0,48,0,0.0,48,0,0.0,18,0,0.0,27,0,0.0,20419,20208,211,150,0.007422802850356294,6,6,0,1,0.16666666666666666,768,757,11,4,0.005284015852047556,5917,5835,82,71,0.012167952013710369,13728,13610,118,74,0.005437178545187362,7286,7178,108,43,0.00599052660908331,2,2,0,1,0.5,231,226,5,2,0.008849557522123894,2745,2693,52,24,0.008911994058670627,4308,4257,51,16,0.0037585153864223633,16323,16147,176,119,0.007369790053879978,4,4,0,1,0.25,617,607,10,4,0.006589785831960461,4931,4861,70,55,0.011314544332441884,10771,10675,96,59,0.0055269320843091335,0,0,0,0,,0,0,0,0,,4096,4061,35,31,0.007633587786259542,6208,6128,80,22,0.0035900783289817234,8192,8143,49,56,0.00687707233206435,0.0,0.0,0.8888888888888888,27,0,3,0
0,0,project,project,exception,root125,0.125,128,False,results/bios-followup-v1/editing/world-0-seed-0-project/edits/project-exception-root125,93,93,1.0,3,3,1.0,90,90,1.0,93,93,1.0,3,3,1.0,90,90,1.0,96,50,0.5208333333333334,45,8,0.17777777777777778,96,50,0.5208333333333334,48,28,0.5833333333333334,48,22,0.4583333333333333,18,4,0.2222222222222222,27,4,0.14814814814814814,48,28,0.5833333333333334,48,22,0.4583333333333333,18,4,0.2222222222222222,27,4,0.14814814814814814,20419,20208,211,172,0.008511480601741884,6,6,0,0,0.0,768,757,11,12,0.015852047556142668,5917,5835,82,56,0.009597257926306769,13728,13610,118,104,0.007641440117560617,7286,7178,108,93,0.012956255224296461,2,2,0,0,0.0,231,226,5,4,0.017699115044247787,2745,2693,52,21,0.007797994801336799,4308,4257,51,68,0.015973690392295042,16323,16147,176,159,0.00984703040812535,4,4,0,0,0.0,617,607,10,10,0.016474464579901153,4931,4861,70,50,0.010285949393128985,10771,10675,96,99,0.00927400468384075,0,0,0,0,,0,0,0,0,,4096,4061,35,13,0.0032011819748830337,6208,6128,80,91,0.014849869451697128,8192,8143,49,17,0.0020876826722338203,0.14814814814814814,0.7407407407407407,0.07407407407407407,27,0,1,0
0,0,project,project,exception,root125,0.125,512,False,results/bios-followup-v1/editing/world-0-seed-0-project/edits/project-exception-root125,93,93,1.0,3,3,1.0,90,90,1.0,93,93,1.0,3,3,1.0,90,90,1.0,96,53,0.5520833333333334,45,9,0.2,96,53,0.5520833333333334,48,29,0.6041666666666666,48,24,0.5,18,3,0.16666666666666666,27,6,0.2222222222222222,48,29,0.6041666666666666,48,24,0.5,18,3,0.16666666666666666,27,6,0.2222222222222222,20419,20208,211,73,0.00361243072050673,6,6,0,1,0.16666666666666666,768,757,11,4,0.005284015852047556,5917,5835,82,23,0.003941730934018852,13728,13610,118,45,0.0033063923585598823,7286,7178,108,43,0.00599052660908331,2,2,0,1,0.5,231,226,5,2,0.008849557522123894,2745,2693,52,12,0.004455997029335313,4308,4257,51,28,0.006577401926239136,16323,16147,176,73,0.004520963646497802,4,4,0,1,0.25,617,607,10,4,0.006589785831960461,4931,4861,70,23,0.004731536720839333,10771,10675,96,45,0.004215456674473068,0,0,0,0,,0,0,0,0,,4096,4061,35,0,0.0,6208,6128,80,35,0.005711488250652741,8192,8143,49,14,0.0017192680830160874,0.2222222222222222,0.7037037037037037,0.037037037037037035,27,0,1,0
0,0,project,project,exception,root250,0.25,0,False,results/bios-followup-v1/editing/world-0-seed-0-project/edits/project-exception-root250,93,0,0.0,3,0,0.0,90,0,0.0,93,0,0.0,3,0,0.0,90,0,0.0,96,0,0.0,45,0,0.0,96,0,0.0,48,0,0.0,48,0,0.0,18,0,0.0,27,0,0.0,48,0,0.0,48,0,0.0,18,0,0.0,27,0,0.0,20419,20208,211,0,0.0,6,6,0,0,0.0,768,757,11,0,0.0,5917,5835,82,0,0.0,13728,13610,118,0,0.0,7286,7178,108,0,0.0,2,2,0,0,0.0,231,226,5,0,0.0,2745,2693,52,0,0.0,4308,4257,51,0,0.0,16323,16147,176,0,0.0,4,4,0,0,0.0,617,607,10,0,0.0,4931,4861,70,0,0.0,10771,10675,96,0,0.0,0,0,0,0,,0,0,0,0,,4096,4061,35,0,0.0,6208,6128,80,0,0.0,8192,8143,49,0,0.0,0.0,0.0,1.0,27,0,0,0
0,0,project,project,exception,root250,0.25,32,False,results/bios-followup-v1/editing/world-0-seed-0-project/edits/project-exception-root250,93,3,0.03225806451612903,3,0,0.0,90,3,0.03333333333333333,93,3,0.03225806451612903,3,0,0.0,90,3,0.03333333333333333,96,0,0.0,45,0,0.0,96,0,0.0,48,0,0.0,48,0,0.0,18,0,0.0,27,0,0.0,48,0,0.0,48,0,0.0,18,0,0.0,27,0,0.0,20419,20208,211,162,0.008016627078384799,6,6,0,1,0.16666666666666666,768,757,11,3,0.003963011889035667,5917,5835,82,83,0.014224507283633248,13728,13610,118,75,0.005510653930933138,7286,7178,108,44,0.006129841181387573,2,2,0,1,0.5,231,226,5,1,0.004424778761061947,2745,2693,52,27,0.010025993316004456,4308,4257,51,15,0.0035236081747709656,16323,16147,176,125,0.007741376107016783,4,4,0,1,0.25,617,607,10,3,0.004942339373970346,4931,4861,70,61,0.012548858259617362,10771,10675,96,60,0.005620608899297424,0,0,0,0,,0,0,0,0,,4096,4061,35,37,0.00911105639005171,6208,6128,80,25,0.004079634464751959,8192,8143,49,53,0.006508657742846617,0.0,0.0,0.8518518518518519,27,0,4,0
0,0,project,project,exception,root250,0.25,128,False,results/bios-followup-v1/editing/world-0-seed-0-project/edits/project-exception-root250,93,93,1.0,3,3,1.0,90,90,1.0,93,93,1.0,3,3,1.0,90,90,1.0,96,50,0.5208333333333334,45,8,0.17777777777777778,96,50,0.5208333333333334,48,29,0.6041666666666666,48,21,0.4375,18,4,0.2222222222222222,27,4,0.14814814814814814,48,29,0.6041666666666666,48,21,0.4375,18,4,0.2222222222222222,27,4,0.14814814814814814,20419,20208,211,177,0.008758907363420427,6,6,0,0,0.0,768,757,11,10,0.013210039630118891,5917,5835,82,56,0.009597257926306769,13728,13610,118,111,0.008155767817781044,7286,7178,108,98,0.013652828085817777,2,2,0,0,0.0,231,226,5,3,0.01327433628318584,2745,2693,52,21,0.007797994801336799,4308,4257,51,74,0.01738313366220343,16323,16147,176,163,0.010094754443549885,4,4,0,0,0.0,617,607,10,7,0.011532125205930808,4931,4861,70,50,0.010285949393128985,10771,10675,96,106,0.009929742388758782,0,0,0,0,,0,0,0,0,,4096,4061,35,14,0.003447426742181729,6208,6128,80,98,0.015992167101827676,8192,8143,49,19,0.002333292398378976,0.14814814814814814,0.7407407407407407,0.07407407407407407,27,0,1,0
0,0,project,project,exception,root250,0.25,512,False,results/bios-followup-v1/editing/world-0-seed-0-project/edits/project-exception-root250,93,93,1.0,3,3,1.0,90,90,1.0,93,93,1.0,3,3,1.0,90,90,1.0,96,53,0.5520833333333334,45,9,0.2,96,53,0.5520833333333334,48,29,0.6041666666666666,48,24,0.5,18,3,0.16666666666666666,27,6,0.2222222222222222,48,29,0.6041666666666666,48,24,0.5,18,3,0.16666666666666666,27,6,0.2222222222222222,20419,20208,211,73,0.00361243072050673,6,6,0,1,0.16666666666666666,768,757,11,4,0.005284015852047556,5917,5835,82,23,0.003941730934018852,13728,13610,118,45,0.0033063923585598823,7286,7178,108,44,0.006129841181387573,2,2,0,1,0.5,231,226,5,2,0.008849557522123894,2745,2693,52,12,0.004455997029335313,4308,4257,51,29,0.006812309137890533,16323,16147,176,73,0.004520963646497802,4,4,0,1,0.25,617,607,10,4,0.006589785831960461,4931,4861,70,23,0.004731536720839333,10771,10675,96,45,0.004215456674473068,0,0,0,0,,0,0,0,0,,4096,4061,35,0,0.0,6208,6128,80,35,0.005711488250652741,8192,8143,49,14,0.0017192680830160874,0.2222222222222222,0.7037037037037037,0.037037037037037035,27,0,1,0
0,0,project,project,exception,root500,0.5,0,True,results/bios-mechanism-dev-v1/p1/width-256/world-0-seed-0-project/edits/project-class-balanced-exception,93,0,0.0,3,0,0.0,90,0,0.0,93,0,0.0,3,0,0.0,90,0,0.0,96,0,0.0,45,0,0.0,96,0,0.0,48,0,0.0,48,0,0.0,18,0,0.0,27,0,0.0,48,0,0.0,48,0,0.0,18,0,0.0,27,0,0.0,20419,20208,211,0,0.0,6,6,0,0,0.0,768,757,11,0,0.0,5917,5835,82,0,0.0,13728,13610,118,0,0.0,7286,7178,108,0,0.0,2,2,0,0,0.0,231,226,5,0,0.0,2745,2693,52,0,0.0,4308,4257,51,0,0.0,16323,16147,176,0,0.0,4,4,0,0,0.0,617,607,10,0,0.0,4931,4861,70,0,0.0,10771,10675,96,0,0.0,0,0,0,0,,0,0,0,0,,4096,4061,35,0,0.0,6208,6128,80,0,0.0,8192,8143,49,0,0.0,0.0,0.0,1.0,27,0,0,0
0,0,project,project,exception,root500,0.5,32,True,results/bios-mechanism-dev-v1/p1/width-256/world-0-seed-0-project/edits/project-class-balanced-exception,93,2,0.021505376344086023,3,0,0.0,90,2,0.022222222222222223,93,2,0.021505376344086023,3,0,0.0,90,2,0.022222222222222223,96,0,0.0,45,0,0.0,96,0,0.0,48,0,0.0,48,0,0.0,18,0,0.0,27,0,0.0,48,0,0.0,48,0,0.0,18,0,0.0,27,0,0.0,20419,20208,211,206,0.010193982581155978,6,6,0,1,0.16666666666666666,768,757,11,3,0.003963011889035667,5917,5835,82,111,0.019023136246786632,13728,13610,118,91,0.00668626010286554,7286,7178,108,59,0.008219559765951519,2,2,0,1,0.5,231,226,5,1,0.004424778761061947,2745,2693,52,32,0.01188265874489417,4308,4257,51,25,0.005872680291284942,16323,16147,176,150,0.00928965132842014,4,4,0,1,0.25,617,607,10,3,0.004942339373970346,4931,4861,70,74,0.0152232051018309,10771,10675,96,72,0.006744730679156909,0,0,0,0,,0,0,0,0,,4096,4061,35,56,0.013789706968726915,6208,6128,80,45,0.007343342036553525,8192,8143,49,49,0.006017438290556306,0.0,0.0,0.7777777777777778,27,0,4,2
0,0,project,project,exception,root500,0.5,128,True,results/bios-mechanism-dev-v1/p1/width-256/world-0-seed-0-project/edits/project-class-balanced-exception,93,92,0.989247311827957,3,3,1.0,90,89,0.9888888888888889,93,92,0.989247311827957,3,3,1.0,90,89,0.9888888888888889,96,52,0.5416666666666666,45,11,0.24444444444444444,96,52,0.5416666666666666,48,29,0.6041666666666666,48,23,0.4791666666666667,18,5,0.2777777777777778,27,6,0.2222222222222222,48,29,0.6041666666666666,48,23,0.4791666666666667,18,5,0.2777777777777778,27,6,0.2222222222222222,20419,20208,211,174,0.0086104513064133,6,6,0,1,0.16666666666666666,768,757,11,6,0.007926023778071334,5917,5835,82,53,0.00908311910882605,13728,13610,118,114,0.008376193975018369,7286,7178,108,99,0.01379214265812204,2,2,0,1,0.5,231,226,5,2,0.008849557522123894,2745,2693,52,21,0.007797994801336799,4308,4257,51,75,0.017618040873854827,16323,16147,176,158,0.009785099399269213,4,4,0,1,0.25,617,607,10,5,0.008237232289950576,4931,4861,70,46,0.009463073441678667,10771,10675,96,106,0.009929742388758782,0,0,0,0,,0,0,0,0,,4096,4061,35,16,0.003939916276779119,6208,6128,80,104,0.016971279373368148,8192,8143,49,14,0.0017192680830160874,0.2222222222222222,0.7037037037037037,0.037037037037037035,27,0,1,0
0,0,project,project,exception,root500,0.5,512,True,results/bios-mechanism-dev-v1/p1/width-256/world-0-seed-0-project/edits/project-class-balanced-exception,93,93,1.0,3,3,1.0,90,90,1.0,93,93,1.0,3,3,1.0,90,90,1.0,96,56,0.5833333333333334,45,10,0.2222222222222222,96,56,0.5833333333333334,48,31,0.6458333333333334,48,25,0.5208333333333334,18,3,0.16666666666666666,27,7,0.25925925925925924,48,31,0.6458333333333334,48,25,0.5208333333333334,18,3,0.16666666666666666,27,7,0.25925925925925924,20419,20208,211,66,0.0032660332541567696,6,6,0,1,0.16666666666666666,768,757,11,3,0.003963011889035667,5917,5835,82,20,0.003427592116538132,13728,13610,118,42,0.003085966201322557,7286,7178,108,40,0.005572582892170521,2,2,0,1,0.5,231,226,5,1,0.004424778761061947,2745,2693,52,10,0.003713330857779428,4308,4257,51,28,0.006577401926239136,16323,16147,176,66,0.004087446584504862,4,4,0,1,0.25,617,607,10,3,0.004942339373970346,4931,4861,70,20,0.004114379757251594,10771,10675,96,42,0.003934426229508197,0,0,0,0,,0,0,0,0,,4096,4061,35,0,0.0,6208,6128,80,32,0.005221932114882507,8192,8143,49,13,0.0015964632199435098,0.25925925925925924,0.6666666666666666,0.037037037037037035,27,0,1,0
0,0,neither,company,coherent,uniform,0.03225806451612903,0,True,results/bios-cross-scale-dev-v1/width-256/world-0-seed-0-neither/edits/company-coherent-mlp,93,0,0.0,3,0,0.0,90,0,0.0,93,0,0.0,3,0,0.0,90,0,0.0,96,0,0.0,45,0,0.0,96,0,0.0,48,0,0.0,48,0,0.0,21,0,0.0,24,0,0.0,48,0,0.0,48,0,0.0,21,0,0.0,24,0,0.0,20419,20282,137,0,0.0,6,6,0,0,0.0,768,764,4,0,0.0,5917,5864,53,0,0.0,13728,13648,80,0,0.0,7286,7181,105,0,0.0,2,2,0,0,0.0,231,228,3,0,0.0,2745,2697,48,0,0.0,4308,4254,54,0,0.0,16323,16198,125,0,0.0,4,4,0,0,0.0,607,603,4,0,0.0,4914,4862,52,0,0.0,10798,10729,69,0,0.0,0,0,0,0,,0,0,0,0,,4096,4084,12,0,0.0,6208,6145,63,0,0.0,8192,8171,21,0,0.0,0.0,0.0,1.0,24,0,0,0
0,0,neither,company,coherent,uniform,0.03225806451612903,32,True,results/bios-cross-scale-dev-v1/width-256/world-0-seed-0-neither/edits/company-coherent-mlp,93,70,0.7526881720430108,3,1,0.3333333333333333,90,69,0.7666666666666667,93,70,0.7526881720430108,3,1,0.3333333333333333,90,69,0.7666666666666667,96,9,0.09375,45,6,0.13333333333333333,96,9,0.09375,48,5,0.10416666666666667,48,4,0.08333333333333333,21,4,0.19047619047619047,24,2,0.08333333333333333,48,5,0.10416666666666667,48,4,0.08333333333333333,21,4,0.19047619047619047,24,2,0.08333333333333333,20419,20282,137,156,0.007691549156887881,6,6,0,0,0.0,768,764,4,6,0.007853403141361256,5917,5864,53,62,0.010572987721691678,13728,13648,80,88,0.006447831184056272,7286,7181,105,50,0.006962818548948615,2,2,0,0,0.0,231,228,3,1,0.0043859649122807015,2745,2697,48,17,0.006303299962921765,4308,4254,54,32,0.007522331922896097,16323,16198,125,120,0.007408322015063588,4,4,0,0,0.0,607,603,4,5,0.008291873963515755,4914,4862,52,47,0.009666803784450843,10798,10729,69,68,0.0063379625314567995,0,0,0,0,,0,0,0,0,,4096,4084,12,36,0.00881488736532811,6208,6145,63,80,0.013018714401952807,8192,8171,21,14,0.0017133765756945293,0.08333333333333333,0.0,0.8333333333333334,24,0,2,0
0,0,neither,company,coherent,uniform,0.03225806451612903,128,True,results/bios-cross-scale-dev-v1/width-256/world-0-seed-0-neither/edits/company-coherent-mlp,93,93,1.0,3,3,1.0,90,90,1.0,93,93,1.0,3,3,1.0,90,90,1.0,96,37,0.3854166666666667,45,22,0.4888888888888889,96,37,0.3854166666666667,48,16,0.3333333333333333,48,21,0.4375,21,9,0.42857142857142855,24,13,0.5416666666666666,48,16,0.3333333333333333,48,21,0.4375,21,9,0.42857142857142855,24,13,0.5416666666666666,20419,20282,137,79,0.0038950793807316832,6,6,0,0,0.0,768,764,4,8,0.010471204188481676,5917,5864,53,21,0.0035811732605729877,13728,13648,80,50,0.003663540445486518,7286,7181,105,32,0.0044562038713271135,2,2,0,0,0.0,231,228,3,2,0.008771929824561403,2745,2697,48,8,0.0029662588060808304,4308,4254,54,22,0.005171603196991067,16323,16198,125,74,0.004568465242622546,4,4,0,0,0.0,607,603,4,8,0.013266998341625208,4914,4862,52,21,0.0043192102015631425,10798,10729,69,45,0.004194239910522882,0,0,0,0,,0,0,0,0,,4096,4084,12,5,0.0012242899118511264,6208,6145,63,53,0.008624898291293735,8192,8171,21,3,0.00036715212336311344,0.5416666666666666,0.0,0.4583333333333333,24,0,0,0
0,0,neither,company,coherent,uniform,0.03225806451612903,512,True,results/bios-cross-scale-dev-v1/width-256/world-0-seed-0-neither/edits/company-coherent-mlp,93,93,1.0,3,3,1.0,90,90,1.0,93,93,1.0,3,3,1.0,90,90,1.0,96,34,0.3541666666666667,45,18,0.4,96,34,0.3541666666666667,48,15,0.3125,48,19,0.3958333333333333,21,8,0.38095238095238093,24,10,0.4166666666666667,48,15,0.3125,48,19,0.3958333333333333,21,8,0.38095238095238093,24,10,0.4166666666666667,20419,20282,137,40,0.0019721920915097132,6,6,0,0,0.0,768,764,4,5,0.006544502617801047,5917,5864,53,10,0.0017053206002728514,13728,13648,80,25,0.001831770222743259,7286,7181,105,17,0.002367358306642529,2,2,0,0,0.0,231,228,3,1,0.0043859649122807015,2745,2697,48,4,0.0014831294030404152,4308,4254,54,12,0.0028208744710860366,16323,16198,125,40,0.0024694406716878627,4,4,0,0,0.0,607,603,4,5,0.008291873963515755,4914,4862,52,10,0.0020567667626491155,10798,10729,69,25,0.002330133283623823,0,0,0,0,,0,0,0,0,,4096,4084,12,0,0.0,6208,6145,63,26,0.004231082180634662,8192,8171,21,3,0.00036715212336311344,0.4166666666666667,0.0,0.5416666666666666,24,0,1,0
0,0,neither,company,coherent,root125,0.125,0,False,results/bios-followup-v1/editing/world-0-seed-0-neither/edits/company-coherent-root125,93,0,0.0,3,0,0.0,90,0,0.0,93,0,0.0,3,0,0.0,90,0,0.0,96,0,0.0,45,0,0.0,96,0,0.0,48,0,0.0,48,0,0.0,21,0,0.0,24,0,0.0,48,0,0.0,48,0,0.0,21,0,0.0,24,0,0.0,20419,20282,137,0,0.0,6,6,0,0,0.0,768,764,4,0,0.0,5917,5864,53,0,0.0,13728,13648,80,0,0.0,7286,7181,105,0,0.0,2,2,0,0,0.0,231,228,3,0,0.0,2745,2697,48,0,0.0,4308,4254,54,0,0.0,16323,16198,125,0,0.0,4,4,0,0,0.0,607,603,4,0,0.0,4914,4862,52,0,0.0,10798,10729,69,0,0.0,0,0,0,0,,0,0,0,0,,4096,4084,12,0,0.0,6208,6145,63,0,0.0,8192,8171,21,0,0.0,0.0,0.0,1.0,24,0,0,0
0,0,neither,company,coherent,root125,0.125,32,False,results/bios-followup-v1/editing/world-0-seed-0-neither/edits/company-coherent-root125,93,69,0.7419354838709677,3,1,0.3333333333333333,90,68,0.7555555555555555,93,69,0.7419354838709677,3,1,0.3333333333333333,90,68,0.7555555555555555,96,10,0.10416666666666667,45,7,0.15555555555555556,96,10,0.10416666666666667,48,6,0.125,48,4,0.08333333333333333,21,5,0.23809523809523808,24,2,0.08333333333333333,48,6,0.125,48,4,0.08333333333333333,21,5,0.23809523809523808,24,2,0.08333333333333333,20419,20282,137,167,0.008233901982053052,6,6,0,0,0.0,768,764,4,7,0.009162303664921465,5917,5864,53,67,0.011425648021828104,13728,13648,80,93,0.006814185228604924,7286,7181,105,52,0.0072413312909065585,2,2,0,0,0.0,231,228,3,1,0.0043859649122807015,2745,2697,48,19,0.0070448646644419724,4308,4254,54,32,0.007522331922896097,16323,16198,125,128,0.007902210149401161,4,4,0,0,0.0,607,603,4,6,0.009950248756218905,4914,4862,52,51,0.01048951048951049,10798,10729,69,71,0.006617578525491658,0,0,0,0,,0,0,0,0,,4096,4084,12,39,0.009549461312438785,6208,6145,63,84,0.013669650122050448,8192,8171,21,16,0.001958144657936605,0.08333333333333333,0.0,0.7916666666666666,24,0,2,1
0,0,neither,company,coherent,root125,0.125,128,False,results/bios-followup-v1/editing/world-0-seed-0-neither/edits/company-coherent-root125,93,93,1.0,3,3,1.0,90,90,1.0,93,93,1.0,3,3,1.0,90,90,1.0,96,41,0.4270833333333333,45,22,0.4888888888888889,96,41,0.4270833333333333,48,18,0.375,48,23,0.4791666666666667,21,9,0.42857142857142855,24,13,0.5416666666666666,48,18,0.375,48,23,0.4791666666666667,21,9,0.42857142857142855,24,13,0.5416666666666666,20419,20282,137,84,0.0041416033921703975,6,6,0,0,0.0,768,764,4,8,0.010471204188481676,5917,5864,53,23,0.003922237380627558,13728,13648,80,53,0.0038833528722157095,7286,7181,105,33,0.004595460242306086,2,2,0,0,0.0,231,228,3,2,0.008771929824561403,2745,2697,48,8,0.0029662588060808304,4308,4254,54,23,0.0054066760695815706,16323,16198,125,78,0.004815409309791332,4,4,0,0,0.0,607,603,4,8,0.013266998341625208,4914,4862,52,22,0.004524886877828055,10798,10729,69,48,0.004473855904557741,0,0,0,0,,0,0,0,0,,4096,4084,12,6,0.0014691478942213516,6208,6145,63,55,0.008950366151342554,8192,8171,21,4,0.0004895361644841513,0.5416666666666666,0.0,0.4583333333333333,24,0,0,0
0,0,neither,company,coherent,root125,0.125,512,False,results/bios-followup-v1/editing/world-0-seed-0-neither/edits/company-coherent-root125,93,93,1.0,3,3,1.0,90,90,1.0,93,93,1.0,3,3,1.0,90,90,1.0,96,34,0.3541666666666667,45,18,0.4,96,34,0.3541666666666667,48,15,0.3125,48,19,0.3958333333333333,21,8,0.38095238095238093,24,10,0.4166666666666667,48,15,0.3125,48,19,0.3958333333333333,21,8,0.38095238095238093,24,10,0.4166666666666667,20419,20282,137,39,0.0019228872892219702,6,6,0,0,0.0,768,764,4,3,0.003926701570680628,5917,5864,53,10,0.0017053206002728514,13728,13648,80,26,0.0019050410316529894,7286,7181,105,16,0.0022281019356635567,2,2,0,0,0.0,231,228,3,0,0.0,2745,2697,48,4,0.0014831294030404152,4308,4254,54,12,0.0028208744710860366,16323,16198,125,38,0.0023459686381034697,4,4,0,0,0.0,607,603,4,3,0.004975124378109453,4914,4862,52,10,0.0020567667626491155,10798,10729,69,25,0.002330133283623823,0,0,0,0,,0,0,0,0,,4096,4084,12,1,0.0002448579823702253,6208,6145,63,25,0.0040683482506102524,8192,8171,21,3,0.00036715212336311344,0.4166666666666667,0.0,0.5416666666666666,24,0,1,0
0,0,neither,company,coherent,root250,0.25,0,False,results/bios-followup-v1/editing/world-0-seed-0-neither/edits/company-coherent-root250,93,0,0.0,3,0,0.0,90,0,0.0,93,0,0.0,3,0,0.0,90,0,0.0,96,0,0.0,45,0,0.0,96,0,0.0,48,0,0.0,48,0,0.0,21,0,0.0,24,0,0.0,48,0,0.0,48,0,0.0,21,0,0.0,24,0,0.0,20419,20282,137,0,0.0,6,6,0,0,0.0,768,764,4,0,0.0,5917,5864,53,0,0.0,13728,13648,80,0,0.0,7286,7181,105,0,0.0,2,2,0,0,0.0,231,228,3,0,0.0,2745,2697,48,0,0.0,4308,4254,54,0,0.0,16323,16198,125,0,0.0,4,4,0,0,0.0,607,603,4,0,0.0,4914,4862,52,0,0.0,10798,10729,69,0,0.0,0,0,0,0,,0,0,0,0,,4096,4084,12,0,0.0,6208,6145,63,0,0.0,8192,8171,21,0,0.0,0.0,0.0,1.0,24,0,0,0
0,0,neither,company,coherent,root250,0.25,32,False,results/bios-followup-v1/editing/world-0-seed-0-neither/edits/company-coherent-root250,93,62,0.6666666666666666,3,1,0.3333333333333333,90,61,0.6777777777777778,93,62,0.6666666666666666,3,1,0.3333333333333333,90,61,0.6777777777777778,96,10,0.10416666666666667,45,7,0.15555555555555556,96,10,0.10416666666666667,48,6,0.125,48,4,0.08333333333333333,21,5,0.23809523809523808,24,2,0.08333333333333333,48,6,0.125,48,4,0.08333333333333333,21,5,0.23809523809523808,24,2,0.08333333333333333,20419,20282,137,177,0.00872695000493048,6,6,0,0,0.0,768,764,4,8,0.010471204188481676,5917,5864,53,75,0.012789904502046385,13728,13648,80,94,0.006887456037514654,7286,7181,105,57,0.007937613145801421,2,2,0,0,0.0,231,228,3,1,0.0043859649122807015,2745,2697,48,26,0.0096403411197627,4308,4254,54,30,0.007052186177715092,16323,16198,125,135,0.008334362266946537,4,4,0,0,0.0,607,603,4,7,0.011608623548922056,4914,4862,52,58,0.01192924722336487,10798,10729,69,70,0.006524373194146705,0,0,0,0,,0,0,0,0,,4096,4084,12,42,0.01028403525954946,6208,6145,63,85,0.013832384052074858,8192,8171,21,17,0.002080528699057643,0.08333333333333333,0.0,0.7916666666666666,24,0,2,1
0,0,neither,company,coherent,root250,0.25,128,False,results/bios-followup-v1/editing/world-0-seed-0-neither/edits/company-coherent-root250,93,93,1.0,3,3,1.0,90,90,1.0,93,93,1.0,3,3,1.0,90,90,1.0,96,41,0.4270833333333333,45,22,0.4888888888888889,96,41,0.4270833333333333,48,19,0.3958333333333333,48,22,0.4583333333333333,21,10,0.47619047619047616,24,12,0.5,48,19,0.3958333333333333,48,22,0.4583333333333333,21,10,0.47619047619047616,24,12,0.5,20419,20282,137,91,0.004486737008184597,6,6,0,0,0.0,768,764,4,8,0.010471204188481676,5917,5864,53,28,0.0047748976807639835,13728,13648,80,55,0.00402989449003517,7286,7181,105,35,0.00487397298426403,2,2,0,0,0.0,231,228,3,2,0.008771929824561403,2745,2697,48,9,0.0033370411568409346,4308,4254,54,24,0.005641748942172073,16323,16198,125,85,0.005247561427336708,4,4,0,0,0.0,607,603,4,8,0.013266998341625208,4914,4862,52,27,0.0055532702591526125,10798,10729,69,50,0.004660266567247646,0,0,0,0,,0,0,0,0,,4096,4084,12,6,0.0014691478942213516,6208,6145,63,56,0.009113100081366964,8192,8171,21,5,0.0006119202056051891,0.5,0.0,0.5,24,0,0,0
0,0,neither,company,coherent,root250,0.25,512,False,results/bios-followup-v1/editing/world-0-seed-0-neither/edits/company-coherent-root250,93,93,1.0,3,3,1.0,90,90,1.0,93,93,1.0,3,3,1.0,90,90,1.0,96,36,0.375,45,18,0.4,96,36,0.375,48,17,0.3541666666666667,48,19,0.3958333333333333,21,8,0.38095238095238093,24,10,0.4166666666666667,48,17,0.3541666666666667,48,19,0.3958333333333333,21,8,0.38095238095238093,24,10,0.4166666666666667,20419,20282,137,41,0.002021496893797456,6,6,0,0,0.0,768,764,4,3,0.003926701570680628,5917,5864,53,10,0.0017053206002728514,13728,13648,80,28,0.0020515826494724504,7286,7181,105,16,0.0022281019356635567,2,2,0,0,0.0,231,228,3,0,0.0,2745,2697,48,4,0.0014831294030404152,4308,4254,54,12,0.0028208744710860366,16323,16198,125,40,0.0024694406716878627,4,4,0,0,0.0,607,603,4,3,0.004975124378109453,4914,4862,52,10,0.0020567667626491155,10798,10729,69,27,0.002516543946313729,0,0,0,0,,0,0,0,0,,4096,4084,12,1,0.0002448579823702253,6208,6145,63,27,0.004393816110659072,8192,8171,21,3,0.00036715212336311344,0.4166666666666667,0.0,0.5833333333333334,24,0,0,0
0,0,neither,company,coherent,root500,0.5,0,False,results/bios-followup-v1/editing/world-0-seed-0-neither/edits/company-coherent-root500,93,0,0.0,3,0,0.0,90,0,0.0,93,0,0.0,3,0,0.0,90,0,0.0,96,0,0.0,45,0,0.0,96,0,0.0,48,0,0.0,48,0,0.0,21,0,0.0,24,0,0.0,48,0,0.0,48,0,0.0,21,0,0.0,24,0,0.0,20419,20282,137,0,0.0,6,6,0,0,0.0,768,764,4,0,0.0,5917,5864,53,0,0.0,13728,13648,80,0,0.0,7286,7181,105,0,0.0,2,2,0,0,0.0,231,228,3,0,0.0,2745,2697,48,0,0.0,4308,4254,54,0,0.0,16323,16198,125,0,0.0,4,4,0,0,0.0,607,603,4,0,0.0,4914,4862,52,0,0.0,10798,10729,69,0,0.0,0,0,0,0,,0,0,0,0,,4096,4084,12,0,0.0,6208,6145,63,0,0.0,8192,8171,21,0,0.0,0.0,0.0,1.0,24,0,0,0
0,0,neither,company,coherent,root500,0.5,32,False,results/bios-followup-v1/editing/world-0-seed-0-neither/edits/company-coherent-root500,93,45,0.4838709677419355,3,1,0.3333333333333333,90,44,0.4888888888888889,93,45,0.4838709677419355,3,1,0.3333333333333333,90,44,0.4888888888888889,96,7,0.07291666666666667,45,4,0.08888888888888889,96,7,0.07291666666666667,48,4,0.08333333333333333,48,3,0.0625,21,3,0.14285714285714285,24,1,0.041666666666666664,48,4,0.08333333333333333,48,3,0.0625,21,3,0.14285714285714285,24,1,0.041666666666666664,20419,20282,137,180,0.008874864411793708,6,6,0,0,0.0,768,764,4,8,0.010471204188481676,5917,5864,53,78,0.01330150068212824,13728,13648,80,94,0.006887456037514654,7286,7181,105,62,0.008633895000696282,2,2,0,0,0.0,231,228,3,1,0.0043859649122807015,2745,2697,48,30,0.011123470522803115,4308,4254,54,31,0.007287259050305595,16323,16198,125,139,0.008581306334115323,4,4,0,0,0.0,607,603,4,7,0.011608623548922056,4914,4862,52,62,0.012751953928424516,10798,10729,69,70,0.006524373194146705,0,0,0,0,,0,0,0,0,,4096,4084,12,41,0.010039177277179236,6208,6145,63,83,0.013506916192026038,8192,8171,21,19,0.0023252967812997186,0.041666666666666664,0.0,0.8333333333333334,24,0,2,1
0,0,neither,company,coherent,root500,0.5,128,False,results/bios-followup-v1/editing/world-0-seed-0-neither/edits/company-coherent-root500,93,93,1.0,3,3,1.0,90,90,1.0,93,93,1.0,3,3,1.0,90,90,1.0,96,42,0.4375,45,23,0.5111111111111111,96,42,0.4375,48,20,0.4166666666666667,48,22,0.4583333333333333,21,10,0.47619047619047616,24,13,0.5416666666666666,48,20,0.4166666666666667,48,22,0.4583333333333333,21,10,0.47619047619047616,24,13,0.5416666666666666,20419,20282,137,93,0.004585346612760083,6,6,0,0,0.0,768,764,4,8,0.010471204188481676,5917,5864,53,27,0.004604365620736698,13728,13648,80,58,0.004249706916764361,7286,7181,105,37,0.005152485726221975,2,2,0,0,0.0,231,228,3,2,0.008771929824561403,2745,2697,48,10,0.0037078235076010383,4308,4254,54,25,0.005876821814762577,16323,16198,125,87,0.0053710334609211015,4,4,0,0,0.0,607,603,4,8,0.013266998341625208,4914,4862,52,26,0.0053475935828877,10798,10729,69,53,0.004939882561282505,0,0,0,0,,0,0,0,0,,4096,4084,12,6,0.0014691478942213516,6208,6145,63,59,0.009601301871440196,8192,8171,21,5,0.0006119202056051891,0.5416666666666666,0.0,0.4583333333333333,24,0,0,0
0,0,neither,company,coherent,root500,0.5,512,False,results/bios-followup-v1/editing/world-0-seed-0-neither/edits/company-coherent-root500,93,93,1.0,3,3,1.0,90,90,1.0,93,93,1.0,3,3,1.0,90,90,1.0,96,38,0.3958333333333333,45,19,0.4222222222222222,96,38,0.3958333333333333,48,18,0.375,48,20,0.4166666666666667,21,9,0.42857142857142855,24,10,0.4166666666666667,48,18,0.375,48,20,0.4166666666666667,21,9,0.42857142857142855,24,10,0.4166666666666667,20419,20282,137,40,0.0019721920915097132,6,6,0,0,0.0,768,764,4,3,0.003926701570680628,5917,5864,53,10,0.0017053206002728514,13728,13648,80,27,0.0019783118405627196,7286,7181,105,14,0.001949589193705612,2,2,0,0,0.0,231,228,3,0,0.0,2745,2697,48,3,0.0011123470522803114,4308,4254,54,11,0.0025858015984955335,16323,16198,125,38,0.0023459686381034697,4,4,0,0,0.0,607,603,4,3,0.004975124378109453,4914,4862,52,10,0.0020567667626491155,10798,10729,69,25,0.002330133283623823,0,0,0,0,,0,0,0,0,,4096,4084,12,2,0.0004897159647404506,6208,6145,63,25,0.0040683482506102524,8192,8171,21,4,0.0004895361644841513,0.4166666666666667,0.0,0.5833333333333334,24,0,0,0
0,0,neither,company,exception,uniform,0.03225806451612903,0,True,results/bios-cross-scale-dev-v1/width-256/world-0-seed-0-neither/edits/company-exception-mlp,93,0,0.0,3,0,0.0,90,0,0.0,93,0,0.0,3,0,0.0,90,0,0.0,96,0,0.0,45,0,0.0,96,0,0.0,48,0,0.0,48,0,0.0,21,0,0.0,24,0,0.0,48,0,0.0,48,0,0.0,21,0,0.0,24,0,0.0,20419,20282,137,0,0.0,6,6,0,0,0.0,768,764,4,0,0.0,5917,5864,53,0,0.0,13728,13648,80,0,0.0,7286,7181,105,0,0.0,2,2,0,0,0.0,231,228,3,0,0.0,2745,2697,48,0,0.0,4308,4254,54,0,0.0,16323,16198,125,0,0.0,4,4,0,0,0.0,607,603,4,0,0.0,4914,4862,52,0,0.0,10798,10729,69,0,0.0,0,0,0,0,,0,0,0,0,,4096,4084,12,0,0.0,6208,6145,63,0,0.0,8192,8171,21,0,0.0,0.0,0.0,1.0,24,0,0,0
0,0,neither,company,exception,uniform,0.03225806451612903,32,True,results/bios-cross-scale-dev-v1/width-256/world-0-seed-0-neither/edits/company-exception-mlp,93,37,0.3978494623655914,3,1,0.3333333333333333,90,36,0.4,93,37,0.3978494623655914,3,1,0.3333333333333333,90,36,0.4,96,0,0.0,45,0,0.0,96,0,0.0,48,0,0.0,48,0,0.0,21,0,0.0,24,0,0.0,48,0,0.0,48,0,0.0,21,0,0.0,24,0,0.0,20419,20282,137,137,0.006754757913420767,6,6,0,0,0.0,768,764,4,7,0.009162303664921465,5917,5864,53,58,0.009890859481582538,13728,13648,80,72,0.005275498241500586,7286,7181,105,42,0.0058487675811168365,2,2,0,0,0.0,231,228,3,1,0.0043859649122807015,2745,2697,48,17,0.006303299962921765,4308,4254,54,24,0.005641748942172073,16323,16198,125,105,0.00648228176318064,4,4,0,0,0.0,607,603,4,6,0.009950248756218905,4914,4862,52,45,0.00925545043192102,10798,10729,69,54,0.005033087892627458,0,0,0,0,,0,0,0,0,,4096,4084,12,32,0.007835455435847209,6208,6145,63,67,0.010903173311635476,8192,8171,21,12,0.0014686084934524537,0.0,0.0,0.8333333333333334,24,0,4,0
0,0,neither,company,exception,uniform,0.03225806451612903,128,True,results/bios-cross-scale-dev-v1/width-256/world-0-seed-0-neither/edits/company-exception-mlp,93,93,1.0,3,3,1.0,90,90,1.0,93,93,1.0,3,3,1.0,90,90,1.0,96,16,0.16666666666666666,45,3,0.06666666666666667,96,16,0.16666666666666666,48,11,0.22916666666666666,48,5,0.10416666666666667,21,3,0.14285714285714285,24,0,0.0,48,11,0.22916666666666666,48,5,0.10416666666666667,21,3,0.14285714285714285,24,0,0.0,20419,20282,137,73,0.003599250567005226,6,6,0,0,0.0,768,764,4,7,0.009162303664921465,5917,5864,53,22,0.003751705320600273,13728,13648,80,44,0.003223915592028136,7286,7181,105,29,0.004038434758390197,2,2,0,0,0.0,231,228,3,1,0.0043859649122807015,2745,2697,48,11,0.004078605858361142,4308,4254,54,17,0.003996238834038552,16323,16198,125,70,0.00432152117545376,4,4,0,0,0.0,607,603,4,7,0.011608623548922056,4914,4862,52,22,0.004524886877828055,10798,10729,69,41,0.0038214185851430703,0,0,0,0,,0,0,0,0,,4096,4084,12,3,0.0007345739471106758,6208,6145,63,46,0.0074857607811228645,8192,8171,21,4,0.0004895361644841513,0.0,0.4166666666666667,0.5416666666666666,24,0,1,0
0,0,neither,company,exception,uniform,0.03225806451612903,512,True,results/bios-cross-scale-dev-v1/width-256/world-0-seed-0-neither/edits/company-exception-mlp,93,93,1.0,3,3,1.0,90,90,1.0,93,93,1.0,3,3,1.0,90,90,1.0,96,11,0.11458333333333333,45,3,0.06666666666666667,96,11,0.11458333333333333,48,6,0.125,48,5,0.10416666666666667,21,3,0.14285714285714285,24,0,0.0,48,6,0.125,48,5,0.10416666666666667,21,3,0.14285714285714285,24,0,0.0,20419,20282,137,30,0.0014791440686322847,6,6,0,0,0.0,768,764,4,4,0.005235602094240838,5917,5864,53,8,0.001364256480218281,13728,13648,80,18,0.0013188745603751465,7286,7181,105,12,0.0016710764517476676,2,2,0,0,0.0,231,228,3,1,0.0043859649122807015,2745,2697,48,2,0.0007415647015202076,4308,4254,54,9,0.0021156558533145277,16323,16198,125,30,0.001852080503765897,4,4,0,0,0.0,607,603,4,4,0.006633499170812604,4914,4862,52,8,0.0016454134101192926,10798,10729,69,18,0.0016776959642091527,0,0,0,0,,0,0,0,0,,4096,4084,12,0,0.0,6208,6145,63,18,0.0029292107404393815,8192,8171,21,3,0.00036715212336311344,0.0,0.2916666666666667,0.6666666666666666,24,0,1,0
0,0,neither,company,exception,root125,0.125,0,False,results/bios-followup-v1/editing/world-0-seed-0-neither/edits/company-exception-root125,93,0,0.0,3,0,0.0,90,0,0.0,93,0,0.0,3,0,0.0,90,0,0.0,96,0,0.0,45,0,0.0,96,0,0.0,48,0,0.0,48,0,0.0,21,0,0.0,24,0,0.0,48,0,0.0,48,0,0.0,21,0,0.0,24,0,0.0,20419,20282,137,0,0.0,6,6,0,0,0.0,768,764,4,0,0.0,5917,5864,53,0,0.0,13728,13648,80,0,0.0,7286,7181,105,0,0.0,2,2,0,0,0.0,231,228,3,0,0.0,2745,2697,48,0,0.0,4308,4254,54,0,0.0,16323,16198,125,0,0.0,4,4,0,0,0.0,607,603,4,0,0.0,4914,4862,52,0,0.0,10798,10729,69,0,0.0,0,0,0,0,,0,0,0,0,,4096,4084,12,0,0.0,6208,6145,63,0,0.0,8192,8171,21,0,0.0,0.0,0.0,1.0,24,0,0,0
0,0,neither,company,exception,root125,0.125,32,False,results/bios-followup-v1/editing/world-0-seed-0-neither/edits/company-exception-root125,93,36,0.3870967741935484,3,1,0.3333333333333333,90,35,0.3888888888888889,93,36,0.3870967741935484,3,1,0.3333333333333333,90,35,0.3888888888888889,96,0,0.0,45,0,0.0,96,0,0.0,48,0,0.0,48,0,0.0,21,0,0.0,24,0,0.0,48,0,0.0,48,0,0.0,21,0,0.0,24,0,0.0,20419,20282,137,165,0.008135292377477567,6,6,0,0,0.0,768,764,4,8,0.010471204188481676,5917,5864,53,70,0.011937244201909959,13728,13648,80,87,0.006374560375146542,7286,7181,105,54,0.007519844032864503,2,2,0,0,0.0,231,228,3,1,0.0043859649122807015,2745,2697,48,25,0.009269558769002595,4308,4254,54,28,0.006582040432534086,16323,16198,125,126,0.007778738115816767,4,4,0,0,0.0,607,603,4,7,0.011608623548922056,4914,4862,52,56,0.011517893870835048,10798,10729,69,63,0.005871935874732035,0,0,0,0,,0,0,0,0,,4096,4084,12,39,0.009549461312438785,6208,6145,63,81,0.013181448331977217,8192,8171,21,14,0.0017133765756945293,0.0,0.0,0.7916666666666666,24,0,4,1
0,0,neither,company,exception,root125,0.125,128,False,results/bios-followup-v1/editing/world-0-seed-0-neither/edits/company-exception-root125,93,93,1.0,3,3,1.0,90,90,1.0,93,93,1.0,3,3,1.0,90,90,1.0,96,19,0.19791666666666666,45,6,0.13333333333333333,96,19,0.19791666666666666,48,13,0.2708333333333333,48,6,0.125,21,5,0.23809523809523808,24,1,0.041666666666666664,48,13,0.2708333333333333,48,6,0.125,21,5,0.23809523809523808,24,1,0.041666666666666664,20419,20282,137,77,0.0037964697761561977,6,6,0,0,0.0,768,764,4,7,0.009162303664921465,5917,5864,53,22,0.003751705320600273,13728,13648,80,48,0.0035169988276670576,7286,7181,105,31,0.004316947500348141,2,2,0,0,0.0,231,228,3,1,0.0043859649122807015,2745,2697,48,10,0.0037078235076010383,4308,4254,54,20,0.004701457451810061,16323,16198,125,74,0.004568465242622546,4,4,0,0,0.0,607,603,4,7,0.011608623548922056,4914,4862,52,22,0.004524886877828055,10798,10729,69,45,0.004194239910522882,0,0,0,0,,0,0,0,0,,4096,4084,12,3,0.0007345739471106758,6208,6145,63,50,0.008136696501220505,8192,8171,21,4,0.0004895361644841513,0.041666666666666664,0.3333333333333333,0.5833333333333334,24,0,1,0
0,0,neither,company,exception,root125,0.125,512,False,results/bios-followup-v1/editing/world-0-seed-0-neither/edits/company-exception-root125,93,93,1.0,3,3,1.0,90,90,1.0,93,93,1.0,3,3,1.0,90,90,1.0,96,13,0.13541666666666666,45,4,0.08888888888888889,96,13,0.13541666666666666,48,6,0.125,48,7,0.14583333333333334,21,3,0.14285714285714285,24,1,0.041666666666666664,48,6,0.125,48,7,0.14583333333333334,21,3,0.14285714285714285,24,1,0.041666666666666664,20419,20282,137,32,0.0015777536732077704,6,6,0,0,0.0,768,764,4,4,0.005235602094240838,5917,5864,53,7,0.0011937244201909959,13728,13648,80,21,0.0015386869871043376,7286,7181,105,13,0.0018103328227266396,2,2,0,0,0.0,231,228,3,1,0.0043859649122807015,2745,2697,48,2,0.0007415647015202076,4308,4254,54,10,0.0023507287259050304,16323,16198,125,31,0.0019138165205580936,4,4,0,0,0.0,607,603,4,4,0.006633499170812604,4914,4862,52,7,0.001439736733854381,10798,10729,69,20,0.0018641066268990586,0,0,0,0,,0,0,0,0,,4096,4084,12,1,0.0002448579823702253,6208,6145,63,21,0.003417412530512612,8192,8171,21,3,0.00036715212336311344,0.041666666666666664,0.25,0.6666666666666666,24,0,1,0
0,0,neither,company,exception,root250,0.25,0,False,results/bios-followup-v1/editing/world-0-seed-0-neither/edits/company-exception-root250,93,0,0.0,3,0,0.0,90,0,0.0,93,0,0.0,3,0,0.0,90,0,0.0,96,0,0.0,45,0,0.0,96,0,0.0,48,0,0.0,48,0,0.0,21,0,0.0,24,0,0.0,48,0,0.0,48,0,0.0,21,0,0.0,24,0,0.0,20419,20282,137,0,0.0,6,6,0,0,0.0,768,764,4,0,0.0,5917,5864,53,0,0.0,13728,13648,80,0,0.0,7286,7181,105,0,0.0,2,2,0,0,0.0,231,228,3,0,0.0,2745,2697,48,0,0.0,4308,4254,54,0,0.0,16323,16198,125,0,0.0,4,4,0,0,0.0,607,603,4,0,0.0,4914,4862,52,0,0.0,10798,10729,69,0,0.0,0,0,0,0,,0,0,0,0,,4096,4084,12,0,0.0,6208,6145,63,0,0.0,8192,8171,21,0,0.0,0.0,0.0,1.0,24,0,0,0
0,0,neither,company,exception,root250,0.25,32,False,results/bios-followup-v1/editing/world-0-seed-0-neither/edits/company-exception-root250,93,32,0.34408602150537637,3,1,0.3333333333333333,90,31,0.34444444444444444,93,32,0.34408602150537637,3,1,0.3333333333333333,90,31,0.34444444444444444,96,0,0.0,45,0,0.0,96,0,0.0,48,0,0.0,48,0,0.0,21,0,0.0,24,0,0.0,48,0,0.0,48,0,0.0,21,0,0.0,24,0,0.0,20419,20282,137,189,0.009318607632383393,6,6,0,0,0.0,768,764,4,7,0.009162303664921465,5917,5864,53,80,0.013642564802182811,13728,13648,80,102,0.007473622508792497,7286,7181,105,62,0.008633895000696282,2,2,0,0,0.0,231,228,3,1,0.0043859649122807015,2745,2697,48,29,0.010752688172043012,4308,4254,54,32,0.007522331922896097,16323,16198,125,143,0.00882825040128411,4,4,0,0,0.0,607,603,4,6,0.009950248756218905,4914,4862,52,62,0.012751953928424516,10798,10729,69,75,0.00699039985087147,0,0,0,0,,0,0,0,0,,4096,4084,12,46,0.011263467189030362,6208,6145,63,92,0.014971521562245729,8192,8171,21,17,0.002080528699057643,0.0,0.0,0.75,24,0,5,1
0,0,neither,company,exception,root250,0.25,128,False,results/bios-followup-v1/editing/world-0-seed-0-neither/edits/company-exception-root250,93,93,1.0,3,3,1.0,90,90,1.0,93,93,1.0,3,3,1.0,90,90,1.0,96,19,0.19791666666666666,45,7,0.15555555555555556,96,19,0.19791666666666666,48,13,0.2708333333333333,48,6,0.125,21,5,0.23809523809523808,24,2,0.08333333333333333,48,13,0.2708333333333333,48,6,0.125,21,5,0.23809523809523808,24,2,0.08333333333333333,20419,20282,137,81,0.003993688985307169,6,6,0,0,0.0,768,764,4,6,0.007853403141361256,5917,5864,53,24,0.004092769440654843,13728,13648,80,51,0.0037368112543962485,7286,7181,105,33,0.004595460242306086,2,2,0,0,0.0,231,228,3,1,0.0043859649122807015,2745,2697,48,12,0.004449388209121246,4308,4254,54,20,0.004701457451810061,16323,16198,125,78,0.004815409309791332,4,4,0,0,0.0,607,603,4,6,0.009950248756218905,4914,4862,52,24,0.0049362402303578775,10798,10729,69,48,0.004473855904557741,0,0,0,0,,0,0,0,0,,4096,4084,12,3,0.0007345739471106758,6208,6145,63,52,0.008462164361269325,8192,8171,21,4,0.0004895361644841513,0.08333333333333333,0.3333333333333333,0.5416666666666666,24,0,1,0
0,0,neither,company,exception,root250,0.25,512,False,results/bios-followup-v1/editing/world-0-seed-0-neither/edits/company-exception-root250,93,93,1.0,3,3,1.0,90,90,1.0,93,93,1.0,3,3,1.0,90,90,1.0,96,15,0.15625,45,4,0.08888888888888889,96,15,0.15625,48,8,0.16666666666666666,48,7,0.14583333333333334,21,3,0.14285714285714285,24,1,0.041666666666666664,48,8,0.16666666666666666,48,7,0.14583333333333334,21,3,0.14285714285714285,24,1,0.041666666666666664,20419,20282,137,33,0.0016270584754955132,6,6,0,0,0.0,768,764,4,4,0.005235602094240838,5917,5864,53,9,0.0015347885402455662,13728,13648,80,20,0.0014654161781946073,7286,7181,105,13,0.0018103328227266396,2,2,0,0,0.0,231,228,3,1,0.0043859649122807015,2745,2697,48,3,0.0011123470522803114,4308,4254,54,9,0.0021156558533145277,16323,16198,125,32,0.0019755525373502903,4,4,0,0,0.0,607,603,4,4,0.006633499170812604,4914,4862,52,9,0.001851090086384204,10798,10729,69,19,0.0017709012955541058,0,0,0,0,,0,0,0,0,,4096,4084,12,1,0.0002448579823702253,6208,6145,63,20,0.0032546786004882017,8192,8171,21,3,0.00036715212336311344,0.041666666666666664,0.25,0.6666666666666666,24,0,1,0
0,0,neither,company,exception,root500,0.5,0,True,results/bios-mechanism-dev-v1/p1/width-256/world-0-seed-0-neither/edits/company-class-balanced-exception,93,0,0.0,3,0,0.0,90,0,0.0,93,0,0.0,3,0,0.0,90,0,0.0,96,0,0.0,45,0,0.0,96,0,0.0,48,0,0.0,48,0,0.0,21,0,0.0,24,0,0.0,48,0,0.0,48,0,0.0,21,0,0.0,24,0,0.0,20419,20282,137,0,0.0,6,6,0,0,0.0,768,764,4,0,0.0,5917,5864,53,0,0.0,13728,13648,80,0,0.0,7286,7181,105,0,0.0,2,2,0,0,0.0,231,228,3,0,0.0,2745,2697,48,0,0.0,4308,4254,54,0,0.0,16323,16198,125,0,0.0,4,4,0,0,0.0,607,603,4,0,0.0,4914,4862,52,0,0.0,10798,10729,69,0,0.0,0,0,0,0,,0,0,0,0,,4096,4084,12,0,0.0,6208,6145,63,0,0.0,8192,8171,21,0,0.0,0.0,0.0,1.0,24,0,0,0
0,0,neither,company,exception,root500,0.5,32,True,results/bios-mechanism-dev-v1/p1/width-256/world-0-seed-0-neither/edits/company-class-balanced-exception,93,20,0.21505376344086022,3,1,0.3333333333333333,90,19,0.2111111111111111,93,20,0.21505376344086022,3,1,0.3333333333333333,90,19,0.2111111111111111,96,0,0.0,45,0,0.0,96,0,0.0,48,0,0.0,48,0,0.0,21,0,0.0,24,0,0.0,48,0,0.0,48,0,0.0,21,0,0.0,24,0,0.0,20419,20282,137,190,0.009367912434671137,6,6,0,0,0.0,768,764,4,7,0.009162303664921465,5917,5864,53,81,0.013813096862210095,13728,13648,80,102,0.007473622508792497,7286,7181,105,63,0.008773151371675255,2,2,0,0,0.0,231,228,3,1,0.0043859649122807015,2745,2697,48,31,0.011494252873563218,4308,4254,54,31,0.007287259050305595,16323,16198,125,146,0.009013458451660699,4,4,0,0,0.0,607,603,4,6,0.009950248756218905,4914,4862,52,64,0.01316330728095434,10798,10729,69,76,0.007083605182216423,0,0,0,0,,0,0,0,0,,4096,4084,12,44,0.010773751224289911,6208,6145,63,91,0.014808787632221317,8192,8171,21,18,0.0022029127401786805,0.0,0.0,0.7916666666666666,24,0,4,1
0,0,neither,company,exception,root500,0.5,128,True,results/bios-mechanism-dev-v1/p1/width-256/world-0-seed-0-neither/edits/company-class-balanced-exception,93,93,1.0,3,3,1.0,90,90,1.0,93,93,1.0,3,3,1.0,90,90,1.0,96,22,0.22916666666666666,45,8,0.17777777777777778,96,22,0.22916666666666666,48,14,0.2916666666666667,48,8,0.16666666666666666,21,6,0.2857142857142857,24,2,0.08333333333333333,48,14,0.2916666666666667,48,8,0.16666666666666666,21,6,0.2857142857142857,24,2,0.08333333333333333,20419,20282,137,83,0.004092298589882654,6,6,0,0,0.0,768,764,4,6,0.007853403141361256,5917,5864,53,22,0.003751705320600273,13728,13648,80,55,0.00402989449003517,7286,7181,105,34,0.004734716613285058,2,2,0,0,0.0,231,228,3,1,0.0043859649122807015,2745,2697,48,11,0.004078605858361142,4308,4254,54,22,0.005171603196991067,16323,16198,125,79,0.004877145326583529,4,4,0,0,0.0,607,603,4,6,0.009950248756218905,4914,4862,52,22,0.004524886877828055,10798,10729,69,51,0.004753471898592599,0,0,0,0,,0,0,0,0,,4096,4084,12,4,0.0009794319294809011,6208,6145,63,55,0.008950366151342554,8192,8171,21,5,0.0006119202056051891,0.08333333333333333,0.2916666666666667,0.5833333333333334,24,0,1,0
0,0,neither,company,exception,root500,0.5,512,True,results/bios-mechanism-dev-v1/p1/width-256/world-0-seed-0-neither/edits/company-class-balanced-exception,93,93,1.0,3,3,1.0,90,90,1.0,93,93,1.0,3,3,1.0,90,90,1.0,96,17,0.17708333333333334,45,5,0.1111111111111111,96,17,0.17708333333333334,48,10,0.20833333333333334,48,7,0.14583333333333334,21,4,0.19047619047619047,24,1,0.041666666666666664,48,10,0.20833333333333334,48,7,0.14583333333333334,21,4,0.19047619047619047,24,1,0.041666666666666664,20419,20282,137,35,0.001725668080070999,6,6,0,0,0.0,768,764,4,4,0.005235602094240838,5917,5864,53,10,0.0017053206002728514,13728,13648,80,21,0.0015386869871043376,7286,7181,105,15,0.0020888455646845844,2,2,0,0,0.0,231,228,3,1,0.0043859649122807015,2745,2697,48,3,0.0011123470522803114,4308,4254,54,11,0.0025858015984955335,16323,16198,125,35,0.00216076058772688,4,4,0,0,0.0,607,603,4,4,0.006633499170812604,4914,4862,52,10,0.0020567667626491155,10798,10729,69,21,0.0019573119582440117,0,0,0,0,,0,0,0,0,,4096,4084,12,0,0.0,6208,6145,63,21,0.003417412530512612,8192,8171,21,3,0.00036715212336311344,0.041666666666666664,0.25,0.6666666666666666,24,0,1,0
0,0,neither,project,coherent,uniform,0.03225806451612903,0,True,results/bios-cross-scale-dev-v1/width-256/world-0-seed-0-neither/edits/project-coherent-mlp,93,0,0.0,3,0,0.0,90,0,0.0,93,0,0.0,3,0,0.0,90,0,0.0,96,0,0.0,45,0,0.0,96,0,0.0,48,0,0.0,48,0,0.0,18,0,0.0,27,0,0.0,48,0,0.0,48,0,0.0,18,0,0.0,27,0,0.0,20419,20282,137,0,0.0,6,5,1,0,0.0,768,765,3,0,0.0,5917,5858,59,0,0.0,13728,13654,74,0,0.0,7286,7178,108,0,0.0,2,2,0,0,0.0,231,229,2,0,0.0,2745,2690,55,0,0.0,4308,4257,51,0,0.0,16323,16198,125,0,0.0,4,4,0,0,0.0,617,614,3,0,0.0,4931,4873,58,0,0.0,10771,10707,64,0,0.0,0,0,0,0,,0,0,0,0,,4096,4084,12,0,0.0,6208,6152,56,0,0.0,8192,8171,21,0,0.0,0.0,0.0,1.0,27,0,0,0
0,0,neither,project,coherent,uniform,0.03225806451612903,32,True,results/bios-cross-scale-dev-v1/width-256/world-0-seed-0-neither/edits/project-coherent-mlp,93,61,0.6559139784946236,3,2,0.6666666666666666,90,59,0.6555555555555556,93,61,0.6559139784946236,3,2,0.6666666666666666,90,59,0.6555555555555556,96,16,0.16666666666666666,45,7,0.15555555555555556,96,16,0.16666666666666666,48,8,0.16666666666666666,48,8,0.16666666666666666,18,2,0.1111111111111111,27,5,0.18518518518518517,48,8,0.16666666666666666,48,8,0.16666666666666666,18,2,0.1111111111111111,27,5,0.18518518518518517,20419,20282,137,178,0.008776254807218224,6,5,1,1,0.2,768,765,3,5,0.006535947712418301,5917,5858,59,59,0.0100716968248549,13728,13654,74,113,0.008275963087739856,7286,7178,108,59,0.008219559765951519,2,2,0,0,0.0,231,229,2,3,0.013100436681222707,2745,2690,55,15,0.0055762081784386614,4308,4257,51,41,0.009631195677707306,16323,16198,125,142,0.008766514384491912,4,4,0,0,0.0,617,614,3,5,0.008143322475570033,4931,4873,58,43,0.008824132977631849,10771,10707,64,94,0.008779303259549827,0,0,0,0,,0,0,0,0,,4096,4084,12,36,0.00881488736532811,6208,6152,56,108,0.017555266579973992,8192,8171,21,10,0.0012238404112103782,0.18518518518518517,0.0,0.8148148148148148,27,0,0,0
0,0,neither,project,coherent,uniform,0.03225806451612903,128,True,results/bios-cross-scale-dev-v1/width-256/world-0-seed-0-neither/edits/project-coherent-mlp,93,93,1.0,3,3,1.0,90,90,1.0,93,93,1.0,3,3,1.0,90,90,1.0,96,53,0.5520833333333334,45,26,0.5777777777777777,96,53,0.5520833333333334,48,28,0.5833333333333334,48,25,0.5208333333333334,18,12,0.6666666666666666,27,14,0.5185185185185185,48,28,0.5833333333333334,48,25,0.5208333333333334,18,12,0.6666666666666666,27,14,0.5185185185185185,20419,20282,137,109,0.005374223449363968,6,5,1,0,0.0,768,765,3,10,0.013071895424836602,5917,5858,59,32,0.0054626152270399455,13728,13654,74,67,0.004906986963527172,7286,7178,108,56,0.00780161604903873,2,2,0,0,0.0,231,229,2,3,0.013100436681222707,2745,2690,55,19,0.007063197026022305,4308,4257,51,34,0.007986845196147521,16323,16198,125,105,0.00648228176318064,4,4,0,0,0.0,617,614,3,9,0.014657980456026058,4931,4873,58,32,0.0065667966345167245,10771,10707,64,64,0.005977397963948819,0,0,0,0,,0,0,0,0,,4096,4084,12,4,0.0009794319294809011,6208,6152,56,65,0.010565669700910272,8192,8171,21,12,0.0014686084934524537,0.5185185185185185,0.0,0.48148148148148145,27,0,0,0
0,0,neither,project,coherent,uniform,0.03225806451612903,512,True,results/bios-cross-scale-dev-v1/width-256/world-0-seed-0-neither/edits/project-coherent-mlp,93,93,1.0,3,3,1.0,90,90,1.0,93,93,1.0,3,3,1.0,90,90,1.0,96,66,0.6875,45,32,0.7111111111111111,96,66,0.6875,48,32,0.6666666666666666,48,34,0.7083333333333334,18,13,0.7222222222222222,27,19,0.7037037037037037,48,32,0.6666666666666666,48,34,0.7083333333333334,18,13,0.7222222222222222,27,19,0.7037037037037037,20419,20282,137,73,0.003599250567005226,6,5,1,0,0.0,768,765,3,5,0.006535947712418301,5917,5858,59,19,0.0032434277910549677,13728,13654,74,49,0.0035886919584004686,7286,7178,108,41,0.005711897464474784,2,2,0,0,0.0,231,229,2,1,0.004366812227074236,2745,2690,55,11,0.004089219330855019,4308,4257,51,29,0.006812309137890533,16323,16198,125,72,0.004444993209038153,4,4,0,0,0.0,617,614,3,5,0.008143322475570033,4931,4873,58,18,0.003693823106915658,10771,10707,64,49,0.004576445316148314,0,0,0,0,,0,0,0,0,,4096,4084,12,1,0.0002448579823702253,6208,6152,56,48,0.007802340702210663,8192,8171,21,6,0.0007343042467262269,0.7037037037037037,0.0,0.2962962962962963,27,0,0,0
0,0,neither,project,coherent,root125,0.125,0,False,results/bios-followup-v1/editing/world-0-seed-0-neither/edits/project-coherent-root125,93,0,0.0,3,0,0.0,90,0,0.0,93,0,0.0,3,0,0.0,90,0,0.0,96,0,0.0,45,0,0.0,96,0,0.0,48,0,0.0,48,0,0.0,18,0,0.0,27,0,0.0,48,0,0.0,48,0,0.0,18,0,0.0,27,0,0.0,20419,20282,137,0,0.0,6,5,1,0,0.0,768,765,3,0,0.0,5917,5858,59,0,0.0,13728,13654,74,0,0.0,7286,7178,108,0,0.0,2,2,0,0,0.0,231,229,2,0,0.0,2745,2690,55,0,0.0,4308,4257,51,0,0.0,16323,16198,125,0,0.0,4,4,0,0,0.0,617,614,3,0,0.0,4931,4873,58,0,0.0,10771,10707,64,0,0.0,0,0,0,0,,0,0,0,0,,4096,4084,12,0,0.0,6208,6152,56,0,0.0,8192,8171,21,0,0.0,0.0,0.0,1.0,27,0,0,0
0,0,neither,project,coherent,root125,0.125,32,False,results/bios-followup-v1/editing/world-0-seed-0-neither/edits/project-coherent-root125,93,61,0.6559139784946236,3,2,0.6666666666666666,90,59,0.6555555555555556,93,61,0.6559139784946236,3,2,0.6666666666666666,90,59,0.6555555555555556,96,13,0.13541666666666666,45,5,0.1111111111111111,96,13,0.13541666666666666,48,7,0.14583333333333334,48,6,0.125,18,2,0.1111111111111111,27,3,0.1111111111111111,48,7,0.14583333333333334,48,6,0.125,18,2,0.1111111111111111,27,3,0.1111111111111111,20419,20282,137,174,0.008579035598067252,6,5,1,0,0.0,768,765,3,4,0.00522875816993464,5917,5858,59,56,0.009559576647319904,13728,13654,74,114,0.008349201699135785,7286,7178,108,58,0.008080245193647256,2,2,0,0,0.0,231,229,2,2,0.008733624454148471,2745,2690,55,16,0.005947955390334572,4308,4257,51,40,0.009396288466055908,16323,16198,125,140,0.00864304235090752,4,4,0,0,0.0,617,614,3,4,0.006514657980456026,4931,4873,58,41,0.008413708187974553,10771,10707,64,95,0.008872700102736528,0,0,0,0,,0,0,0,0,,4096,4084,12,34,0.00832517140058766,6208,6152,56,108,0.017555266579973992,8192,8171,21,10,0.0012238404112103782,0.1111111111111111,0.0,0.8888888888888888,27,0,0,0
0,0,neither,project,coherent,root125,0.125,128,False,results/bios-followup-v1/editing/world-0-seed-0-neither/edits/project-coherent-root125,93,93,1.0,3,3,1.0,90,90,1.0,93,93,1.0,3,3,1.0,90,90,1.0,96,54,0.5625,45,27,0.6,96,54,0.5625,48,28,0.5833333333333334,48,26,0.5416666666666666,18,12,0.6666666666666666,27,15,0.5555555555555556,48,28,0.5833333333333334,48,26,0.5416666666666666,18,12,0.6666666666666666,27,15,0.5555555555555556,20419,20282,137,121,0.005965881076816882,6,5,1,0,0.0,768,765,3,10,0.013071895424836602,5917,5858,59,39,0.006657562307954934,13728,13654,74,72,0.005273180020506811,7286,7178,108,63,0.00877681805516857,2,2,0,0,0.0,231,229,2,3,0.013100436681222707,2745,2690,55,24,0.008921933085501859,4308,4257,51,36,0.008456659619450317,16323,16198,125,116,0.007161377947894802,4,4,0,0,0.0,617,614,3,9,0.014657980456026058,4931,4873,58,38,0.007798071003488611,10771,10707,64,69,0.00644438217988232,0,0,0,0,,0,0,0,0,,4096,4084,12,5,0.0012242899118511264,6208,6152,56,69,0.011215864759427829,8192,8171,21,13,0.0015909925345734916,0.5555555555555556,0.0,0.4444444444444444,27,0,0,0
0,0,neither,project,coherent,root125,0.125,512,False,results/bios-followup-v1/editing/world-0-seed-0-neither/edits/project-coherent-root125,93,93,1.0,3,3,1.0,90,90,1.0,93,93,1.0,3,3,1.0,90,90,1.0,96,67,0.6979166666666666,45,32,0.7111111111111111,96,67,0.6979166666666666,48,33,0.6875,48,34,0.7083333333333334,18,13,0.7222222222222222,27,19,0.7037037037037037,48,33,0.6875,48,34,0.7083333333333334,18,13,0.7222222222222222,27,19,0.7037037037037037,20419,20282,137,74,0.003648555369292969,6,5,1,0,0.0,768,765,3,4,0.00522875816993464,5917,5858,59,21,0.003584841242744964,13728,13654,74,49,0.0035886919584004686,7286,7178,108,45,0.006269155753691837,2,2,0,0,0.0,231,229,2,1,0.004366812227074236,2745,2690,55,14,0.0052044609665427505,4308,4257,51,30,0.007047216349541931,16323,16198,125,74,0.004568465242622546,4,4,0,0,0.0,617,614,3,4,0.006514657980456026,4931,4873,58,21,0.004309460291401601,10771,10707,64,49,0.004576445316148314,0,0,0,0,,0,0,0,0,,4096,4084,12,0,0.0,6208,6152,56,49,0.007964889466840052,8192,8171,21,4,0.0004895361644841513,0.7037037037037037,0.0,0.2962962962962963,27,0,0,0
0,0,neither,project,coherent,root250,0.25,0,False,results/bios-followup-v1/editing/world-0-seed-0-neither/edits/project-coherent-root250,93,0,0.0,3,0,0.0,90,0,0.0,93,0,0.0,3,0,0.0,90,0,0.0,96,0,0.0,45,0,0.0,96,0,0.0,48,0,0.0,48,0,0.0,18,0,0.0,27,0,0.0,48,0,0.0,48,0,0.0,18,0,0.0,27,0,0.0,20419,20282,137,0,0.0,6,5,1,0,0.0,768,765,3,0,0.0,5917,5858,59,0,0.0,13728,13654,74,0,0.0,7286,7178,108,0,0.0,2,2,0,0,0.0,231,229,2,0,0.0,2745,2690,55,0,0.0,4308,4257,51,0,0.0,16323,16198,125,0,0.0,4,4,0,0,0.0,617,614,3,0,0.0,4931,4873,58,0,0.0,10771,10707,64,0,0.0,0,0,0,0,,0,0,0,0,,4096,4084,12,0,0.0,6208,6152,56,0,0.0,8192,8171,21,0,0.0,0.0,0.0,1.0,27,0,0,0
0,0,neither,project,coherent,root250,0.25,32,False,results/bios-followup-v1/editing/world-0-seed-0-neither/edits/project-coherent-root250,93,60,0.6451612903225806,3,2,0.6666666666666666,90,58,0.6444444444444445,93,60,0.6451612903225806,3,2,0.6666666666666666,90,58,0.6444444444444445,96,9,0.09375,45,5,0.1111111111111111,96,9,0.09375,48,4,0.08333333333333333,48,5,0.10416666666666667,18,2,0.1111111111111111,27,3,0.1111111111111111,48,4,0.08333333333333333,48,5,0.10416666666666667,18,2,0.1111111111111111,27,3,0.1111111111111111,20419,20282,137,160,0.007888768366038853,6,5,1,0,0.0,768,765,3,5,0.006535947712418301,5917,5858,59,50,0.008535336292249915,13728,13654,74,105,0.007690054196572433,7286,7178,108,55,0.007662301476734467,2,2,0,0,0.0,231,229,2,3,0.013100436681222707,2745,2690,55,15,0.0055762081784386614,4308,4257,51,37,0.008691566831101715,16323,16198,125,131,0.00808741819977775,4,4,0,0,0.0,617,614,3,5,0.008143322475570033,4931,4873,58,38,0.007798071003488611,10771,10707,64,88,0.008218922200429626,0,0,0,0,,0,0,0,0,,4096,4084,12,29,0.007100881488736533,6208,6152,56,100,0.016254876462938883,8192,8171,21,10,0.0012238404112103782,0.1111111111111111,0.0,0.8888888888888888,27,0,0,0
0,0,neither,project,coherent,root250,0.25,128,False,results/bios-followup-v1/editing/world-0-seed-0-neither/edits/project-coherent-root250,93,93,1.0,3,3,1.0,90,90,1.0,93,93,1.0,3,3,1.0,90,90,1.0,96,54,0.5625,45,27,0.6,96,54,0.5625,48,28,0.5833333333333334,48,26,0.5416666666666666,18,12,0.6666666666666666,27,15,0.5555555555555556,48,28,0.5833333333333334,48,26,0.5416666666666666,18,12,0.6666666666666666,27,15,0.5555555555555556,20419,20282,137,123,0.0060644906813923675,6,5,1,0,0.0,768,765,3,9,0.011764705882352941,5917,5858,59,42,0.007169682485489928,13728,13654,74,72,0.005273180020506811,7286,7178,108,65,0.009055447199777097,2,2,0,0,0.0,231,229,2,3,0.013100436681222707,2745,2690,55,27,0.010037174721189592,4308,4257,51,35,0.00822175240779892,16323,16198,125,117,0.0072231139646869984,4,4,0,0,0.0,617,614,3,8,0.013029315960912053,4931,4873,58,40,0.008208495793145906,10771,10707,64,69,0.00644438217988232,0,0,0,0,,0,0,0,0,,4096,4084,12,6,0.0014691478942213516,6208,6152,56,70,0.011378413524057216,8192,8171,21,11,0.001346224452331416,0.5555555555555556,0.0,0.4444444444444444,27,0,0,0
0,0,neither,project,coherent,root250,0.25,512,False,results/bios-followup-v1/editing/world-0-seed-0-neither/edits/project-coherent-root250,93,93,1.0,3,3,1.0,90,90,1.0,93,93,1.0,3,3,1.0,90,90,1.0,96,67,0.6979166666666666,45,32,0.7111111111111111,96,67,0.6979166666666666,48,33,0.6875,48,34,0.7083333333333334,18,13,0.7222222222222222,27,19,0.7037037037037037,48,33,0.6875,48,34,0.7083333333333334,18,13,0.7222222222222222,27,19,0.7037037037037037,20419,20282,137,80,0.0039443841830194264,6,5,1,0,0.0,768,765,3,3,0.00392156862745098,5917,5858,59,25,0.004267668146124957,13728,13654,74,52,0.0038084077925882526,7286,7178,108,49,0.0068264140429088885,2,2,0,0,0.0,231,229,2,1,0.004366812227074236,2745,2690,55,17,0.006319702602230483,4308,4257,51,31,0.0072821235611933285,16323,16198,125,79,0.004877145326583529,4,4,0,0,0.0,617,614,3,3,0.004885993485342019,4931,4873,58,24,0.004925097475887544,10771,10707,64,52,0.004856635845708415,0,0,0,0,,0,0,0,0,,4096,4084,12,1,0.0002448579823702253,6208,6152,56,50,0.008127438231469442,8192,8171,21,5,0.0006119202056051891,0.7037037037037037,0.0,0.2962962962962963,27,0,0,0
0,0,neither,project,coherent,root500,0.5,0,False,results/bios-followup-v1/editing/world-0-seed-0-neither/edits/project-coherent-root500,93,0,0.0,3,0,0.0,90,0,0.0,93,0,0.0,3,0,0.0,90,0,0.0,96,0,0.0,45,0,0.0,96,0,0.0,48,0,0.0,48,0,0.0,18,0,0.0,27,0,0.0,48,0,0.0,48,0,0.0,18,0,0.0,27,0,0.0,20419,20282,137,0,0.0,6,5,1,0,0.0,768,765,3,0,0.0,5917,5858,59,0,0.0,13728,13654,74,0,0.0,7286,7178,108,0,0.0,2,2,0,0,0.0,231,229,2,0,0.0,2745,2690,55,0,0.0,4308,4257,51,0,0.0,16323,16198,125,0,0.0,4,4,0,0,0.0,617,614,3,0,0.0,4931,4873,58,0,0.0,10771,10707,64,0,0.0,0,0,0,0,,0,0,0,0,,4096,4084,12,0,0.0,6208,6152,56,0,0.0,8192,8171,21,0,0.0,0.0,0.0,1.0,27,0,0,0
0,0,neither,project,coherent,root500,0.5,32,False,results/bios-followup-v1/editing/world-0-seed-0-neither/edits/project-coherent-root500,93,49,0.5268817204301075,3,3,1.0,90,46,0.5111111111111111,93,49,0.5268817204301075,3,3,1.0,90,46,0.5111111111111111,96,1,0.010416666666666666,45,1,0.022222222222222223,96,1,0.010416666666666666,48,0,0.0,48,1,0.020833333333333332,18,0,0.0,27,1,0.037037037037037035,48,0,0.0,48,1,0.020833333333333332,18,0,0.0,27,1,0.037037037037037035,20419,20282,137,106,0.005226309042500739,6,5,1,0,0.0,768,765,3,3,0.00392156862745098,5917,5858,59,33,0.005633321952884944,13728,13654,74,70,0.005126702797714955,7286,7178,108,34,0.004736695458344943,2,2,0,0,0.0,231,229,2,1,0.004366812227074236,2745,2690,55,12,0.0044609665427509295,4308,4257,51,21,0.004933051444679351,16323,16198,125,86,0.005309297444128905,4,4,0,0,0.0,617,614,3,3,0.004885993485342019,4931,4873,58,27,0.005540734660373486,10771,10707,64,56,0.005230223218455217,0,0,0,0,,0,0,0,0,,4096,4084,12,20,0.004897159647404506,6208,6152,56,65,0.010565669700910272,8192,8171,21,8,0.0009790723289683026,0.037037037037037035,0.0,0.9629629629629629,27,0,0,0
0,0,neither,project,coherent,root500,0.5,128,False,results/bios-followup-v1/editing/world-0-seed-0-neither/edits/project-coherent-root500,93,93,1.0,3,3,1.0,90,90,1.0,93,93,1.0,3,3,1.0,90,90,1.0,96,53,0.5520833333333334,45,26,0.5777777777777777,96,53,0.5520833333333334,48,27,0.5625,48,26,0.5416666666666666,18,11,0.6111111111111112,27,15,0.5555555555555556,48,27,0.5625,48,26,0.5416666666666666,18,11,0.6111111111111112,27,15,0.5555555555555556,20419,20282,137,129,0.006360319495118825,6,5,1,0,0.0,768,765,3,6,0.00784313725490196,5917,5858,59,48,0.008193922840559918,13728,13654,74,75,0.005492895854694595,7286,7178,108,73,0.010169963778211201,2,2,0,0,0.0,231,229,2,2,0.008733624454148471,2745,2690,55,33,0.012267657992565056,4308,4257,51,38,0.008926474042753112,16323,16198,125,123,0.007593530065440178,4,4,0,0,0.0,617,614,3,5,0.008143322475570033,4931,4873,58,47,0.00964498255694644,10771,10707,64,71,0.00663117586625572,0,0,0,0,,0,0,0,0,,4096,4084,12,6,0.0014691478942213516,6208,6152,56,73,0.011866059817945383,8192,8171,21,8,0.0009790723289683026,0.5555555555555556,0.0,0.4444444444444444,27,0,0,0
0,0,neither,project,coherent,root500,0.5,512,False,results/bios-followup-v1/editing/world-0-seed-0-neither/edits/project-coherent-root500,93,93,1.0,3,3,1.0,90,90,1.0,93,93,1.0,3,3,1.0,90,90,1.0,96,65,0.6770833333333334,45,31,0.6888888888888889,96,65,0.6770833333333334,48,33,0.6875,48,32,0.6666666666666666,18,13,0.7222222222222222,27,18,0.6666666666666666,48,33,0.6875,48,32,0.6666666666666666,18,13,0.7222222222222222,27,18,0.6666666666666666,20419,20282,137,83,0.004092298589882654,6,5,1,0,0.0,768,765,3,3,0.00392156862745098,5917,5858,59,28,0.004779788323659952,13728,13654,74,52,0.0038084077925882526,7286,7178,108,50,0.006965728615213151,2,2,0,0,0.0,231,229,2,1,0.004366812227074236,2745,2690,55,20,0.007434944237918215,4308,4257,51,29,0.006812309137890533,16323,16198,125,82,0.005062353376960119,4,4,0,0,0.0,617,614,3,3,0.004885993485342019,4931,4873,58,27,0.005540734660373486,10771,10707,64,52,0.004856635845708415,0,0,0,0,,0,0,0,0,,4096,4084,12,1,0.0002448579823702253,6208,6152,56,50,0.008127438231469442,8192,8171,21,5,0.0006119202056051891,0.6666666666666666,0.0,0.3333333333333333,27,0,0,0
0,0,neither,project,exception,uniform,0.03225806451612903,0,True,results/bios-cross-scale-dev-v1/width-256/world-0-seed-0-neither/edits/project-exception-mlp,93,0,0.0,3,0,0.0,90,0,0.0,93,0,0.0,3,0,0.0,90,0,0.0,96,0,0.0,45,0,0.0,96,0,0.0,48,0,0.0,48,0,0.0,18,0,0.0,27,0,0.0,48,0,0.0,48,0,0.0,18,0,0.0,27,0,0.0,20419,20282,137,0,0.0,6,5,1,0,0.0,768,765,3,0,0.0,5917,5858,59,0,0.0,13728,13654,74,0,0.0,7286,7178,108,0,0.0,2,2,0,0,0.0,231,229,2,0,0.0,2745,2690,55,0,0.0,4308,4257,51,0,0.0,16323,16198,125,0,0.0,4,4,0,0,0.0,617,614,3,0,0.0,4931,4873,58,0,0.0,10771,10707,64,0,0.0,0,0,0,0,,0,0,0,0,,4096,4084,12,0,0.0,6208,6152,56,0,0.0,8192,8171,21,0,0.0,0.0,0.0,1.0,27,0,0,0
0,0,neither,project,exception,uniform,0.03225806451612903,32,True,results/bios-cross-scale-dev-v1/width-256/world-0-seed-0-neither/edits/project-exception-mlp,93,35,0.3763440860215054,3,2,0.6666666666666666,90,33,0.36666666666666664,93,35,0.3763440860215054,3,2,0.6666666666666666,90,33,0.36666666666666664,96,2,0.020833333333333332,45,1,0.022222222222222223,96,2,0.020833333333333332,48,0,0.0,48,2,0.041666666666666664,18,0,0.0,27,1,0.037037037037037035,48,0,0.0,48,2,0.041666666666666664,18,0,0.0,27,1,0.037037037037037035,20419,20282,137,168,0.008283206784340795,6,5,1,0,0.0,768,765,3,6,0.00784313725490196,5917,5858,59,61,0.010413110276544896,13728,13654,74,101,0.007397099750988722,7286,7178,108,54,0.007522986904430203,2,2,0,0,0.0,231,229,2,2,0.008733624454148471,2745,2690,55,19,0.007063197026022305,4308,4257,51,33,0.007751937984496124,16323,16198,125,137,0.00845783430053093,4,4,0,0,0.0,617,614,3,6,0.009771986970684038,4931,4873,58,48,0.009850194951775087,10771,10707,64,83,0.007751937984496124,0,0,0,0,,0,0,0,0,,4096,4084,12,31,0.0075905974534769835,6208,6152,56,96,0.015604681404421327,8192,8171,21,11,0.001346224452331416,0.037037037037037035,0.07407407407407407,0.8888888888888888,27,0,0,0
0,0,neither,project,exception,uniform,0.03225806451612903,128,True,results/bios-cross-scale-dev-v1/width-256/world-0-seed-0-neither/edits/project-exception-mlp,93,93,1.0,3,3,1.0,90,90,1.0,93,93,1.0,3,3,1.0,90,90,1.0,96,34,0.3541666666666667,45,5,0.1111111111111111,96,34,0.3541666666666667,48,19,0.3958333333333333,48,15,0.3125,18,2,0.1111111111111111,27,3,0.1111111111111111,48,19,0.3958333333333333,48,15,0.3125,18,2,0.1111111111111111,27,3,0.1111111111111111,20419,20282,137,109,0.005374223449363968,6,5,1,0,0.0,768,765,3,12,0.01568627450980392,5917,5858,59,25,0.004267668146124957,13728,13654,74,72,0.005273180020506811,7286,7178,108,48,0.006687099470604625,2,2,0,0,0.0,231,229,2,2,0.008733624454148471,2745,2690,55,12,0.0044609665427509295,4308,4257,51,34,0.007986845196147521,16323,16198,125,102,0.0062970737128040495,4,4,0,0,0.0,617,614,3,11,0.017915309446254073,4931,4873,58,25,0.005130309870716191,10771,10707,64,66,0.006164191650322219,0,0,0,0,,0,0,0,0,,4096,4084,12,7,0.0017140058765915769,6208,6152,56,70,0.011378413524057216,8192,8171,21,14,0.0017133765756945293,0.1111111111111111,0.4074074074074074,0.4444444444444444,27,0,1,0
0,0,neither,project,exception,uniform,0.03225806451612903,512,True,results/bios-cross-scale-dev-v1/width-256/world-0-seed-0-neither/edits/project-exception-mlp,93,93,1.0,3,3,1.0,90,90,1.0,93,93,1.0,3,3,1.0,90,90,1.0,96,37,0.3854166666666667,45,3,0.06666666666666667,96,37,0.3854166666666667,48,22,0.4583333333333333,48,15,0.3125,18,1,0.05555555555555555,27,2,0.07407407407407407,48,22,0.4583333333333333,48,15,0.3125,18,1,0.05555555555555555,27,2,0.07407407407407407,20419,20282,137,57,0.002810373730401341,6,5,1,0,0.0,768,765,3,6,0.00784313725490196,5917,5858,59,20,0.003414134516899966,13728,13654,74,31,0.002270396953273766,7286,7178,108,29,0.004040122596823628,2,2,0,0,0.0,231,229,2,2,0.008733624454148471,2745,2690,55,10,0.0037174721189591076,4308,4257,51,17,0.003993422598073761,16323,16198,125,57,0.003518952957155204,4,4,0,0,0.0,617,614,3,6,0.009771986970684038,4931,4873,58,20,0.004104247896572953,10771,10707,64,31,0.002895302138787709,0,0,0,0,,0,0,0,0,,4096,4084,12,0,0.0,6208,6152,56,27,0.004388816644993498,8192,8171,21,10,0.0012238404112103782,0.07407407407407407,0.4074074074074074,0.5185185185185185,27,0,0,0
0,0,neither,project,exception,root125,0.125,0,False,results/bios-followup-v1/editing/world-0-seed-0-neither/edits/project-exception-root125,93,0,0.0,3,0,0.0,90,0,0.0,93,0,0.0,3,0,0.0,90,0,0.0,96,0,0.0,45,0,0.0,96,0,0.0,48,0,0.0,48,0,0.0,18,0,0.0,27,0,0.0,48,0,0.0,48,0,0.0,18,0,0.0,27,0,0.0,20419,20282,137,0,0.0,6,5,1,0,0.0,768,765,3,0,0.0,5917,5858,59,0,0.0,13728,13654,74,0,0.0,7286,7178,108,0,0.0,2,2,0,0,0.0,231,229,2,0,0.0,2745,2690,55,0,0.0,4308,4257,51,0,0.0,16323,16198,125,0,0.0,4,4,0,0,0.0,617,614,3,0,0.0,4931,4873,58,0,0.0,10771,10707,64,0,0.0,0,0,0,0,,0,0,0,0,,4096,4084,12,0,0.0,6208,6152,56,0,0.0,8192,8171,21,0,0.0,0.0,0.0,1.0,27,0,0,0
0,0,neither,project,exception,root125,0.125,32,False,results/bios-followup-v1/editing/world-0-seed-0-neither/edits/project-exception-root125,93,36,0.3870967741935484,3,2,0.6666666666666666,90,34,0.37777777777777777,93,36,0.3870967741935484,3,2,0.6666666666666666,90,34,0.37777777777777777,96,2,0.020833333333333332,45,1,0.022222222222222223,96,2,0.020833333333333332,48,0,0.0,48,2,0.041666666666666664,18,0,0.0,27,1,0.037037037037037035,48,0,0.0,48,2,0.041666666666666664,18,0,0.0,27,1,0.037037037037037035,20419,20282,137,172,0.008480425993491766,6,5,1,0,0.0,768,765,3,6,0.00784313725490196,5917,5858,59,63,0.010754523728234893,13728,13654,74,103,0.007543576973780577,7286,7178,108,56,0.00780161604903873,2,2,0,0,0.0,231,229,2,2,0.008733624454148471,2745,2690,55,20,0.007434944237918215,4308,4257,51,34,0.007986845196147521,16323,16198,125,139,0.008581306334115323,4,4,0,0,0.0,617,614,3,6,0.009771986970684038,4931,4873,58,48,0.009850194951775087,10771,10707,64,85,0.007938731670869524,0,0,0,0,,0,0,0,0,,4096,4084,12,33,0.008080313418217433,6208,6152,56,98,0.015929778933680104,8192,8171,21,11,0.001346224452331416,0.037037037037037035,0.07407407407407407,0.8888888888888888,27,0,0,0
0,0,neither,project,exception,root125,0.125,128,False,results/bios-followup-v1/editing/world-0-seed-0-neither/edits/project-exception-root125,93,93,1.0,3,3,1.0,90,90,1.0,93,93,1.0,3,3,1.0,90,90,1.0,96,35,0.3645833333333333,45,6,0.13333333333333333,96,35,0.3645833333333333,48,20,0.4166666666666667,48,15,0.3125,18,2,0.1111111111111111,27,4,0.14814814814814814,48,20,0.4166666666666667,48,15,0.3125,18,2,0.1111111111111111,27,4,0.14814814814814814,20419,20282,137,123,0.0060644906813923675,6,5,1,0,0.0,768,765,3,13,0.01699346405228758,5917,5858,59,31,0.005291908501194947,13728,13654,74,79,0.005785850300278307,7286,7178,108,58,0.008080245193647256,2,2,0,0,0.0,231,229,2,3,0.013100436681222707,2745,2690,55,17,0.006319702602230483,4308,4257,51,38,0.008926474042753112,16323,16198,125,116,0.007161377947894802,4,4,0,0,0.0,617,614,3,12,0.019543973941368076,4931,4873,58,31,0.0063615842396880775,10771,10707,64,73,0.006817969552629121,0,0,0,0,,0,0,0,0,,4096,4084,12,7,0.0017140058765915769,6208,6152,56,79,0.012841352405721717,8192,8171,21,13,0.0015909925345734916,0.14814814814814814,0.37037037037037035,0.4444444444444444,27,0,1,0
0,0,neither,project,exception,root125,0.125,512,False,results/bios-followup-v1/editing/world-0-seed-0-neither/edits/project-exception-root125,93,93,1.0,3,3,1.0,90,90,1.0,93,93,1.0,3,3,1.0,90,90,1.0,96,39,0.40625,45,5,0.1111111111111111,96,39,0.40625,48,23,0.4791666666666667,48,16,0.3333333333333333,18,2,0.1111111111111111,27,3,0.1111111111111111,48,23,0.4791666666666667,48,16,0.3333333333333333,18,2,0.1111111111111111,27,3,0.1111111111111111,20419,20282,137,56,0.0027610689281135983,6,5,1,0,0.0,768,765,3,6,0.00784313725490196,5917,5858,59,19,0.0032434277910549677,13728,13654,74,31,0.002270396953273766,7286,7178,108,29,0.004040122596823628,2,2,0,0,0.0,231,229,2,2,0.008733624454148471,2745,2690,55,10,0.0037174721189591076,4308,4257,51,17,0.003993422598073761,16323,16198,125,56,0.003457216940363008,4,4,0,0,0.0,617,614,3,6,0.009771986970684038,4931,4873,58,19,0.0038990355017443053,10771,10707,64,31,0.002895302138787709,0,0,0,0,,0,0,0,0,,4096,4084,12,0,0.0,6208,6152,56,27,0.004388816644993498,8192,8171,21,10,0.0012238404112103782,0.1111111111111111,0.4074074074074074,0.48148148148148145,27,0,0,0
0,0,neither,project,exception,root250,0.25,0,False,results/bios-followup-v1/editing/world-0-seed-0-neither/edits/project-exception-root250,93,0,0.0,3,0,0.0,90,0,0.0,93,0,0.0,3,0,0.0,90,0,0.0,96,0,0.0,45,0,0.0,96,0,0.0,48,0,0.0,48,0,0.0,18,0,0.0,27,0,0.0,48,0,0.0,48,0,0.0,18,0,0.0,27,0,0.0,20419,20282,137,0,0.0,6,5,1,0,0.0,768,765,3,0,0.0,5917,5858,59,0,0.0,13728,13654,74,0,0.0,7286,7178,108,0,0.0,2,2,0,0,0.0,231,229,2,0,0.0,2745,2690,55,0,0.0,4308,4257,51,0,0.0,16323,16198,125,0,0.0,4,4,0,0,0.0,617,614,3,0,0.0,4931,4873,58,0,0.0,10771,10707,64,0,0.0,0,0,0,0,,0,0,0,0,,4096,4084,12,0,0.0,6208,6152,56,0,0.0,8192,8171,21,0,0.0,0.0,0.0,1.0,27,0,0,0
0,0,neither,project,exception,root250,0.25,32,False,results/bios-followup-v1/editing/world-0-seed-0-neither/edits/project-exception-root250,93,31,0.3333333333333333,3,2,0.6666666666666666,90,29,0.32222222222222224,93,31,0.3333333333333333,3,2,0.6666666666666666,90,29,0.32222222222222224,96,2,0.020833333333333332,45,1,0.022222222222222223,96,2,0.020833333333333332,48,0,0.0,48,2,0.041666666666666664,18,0,0.0,27,1,0.037037037037037035,48,0,0.0,48,2,0.041666666666666664,18,0,0.0,27,1,0.037037037037037035,20419,20282,137,149,0.007346415540873681,6,5,1,0,0.0,768,765,3,5,0.006535947712418301,5917,5858,59,55,0.009388869921474906,13728,13654,74,89,0.006518236414237586,7286,7178,108,46,0.006408470325996099,2,2,0,0,0.0,231,229,2,1,0.004366812227074236,2745,2690,55,19,0.007063197026022305,4308,4257,51,26,0.00610758750293634,16323,16198,125,120,0.007408322015063588,4,4,0,0,0.0,617,614,3,5,0.008143322475570033,4931,4873,58,44,0.009029345372460496,10771,10707,64,71,0.00663117586625572,0,0,0,0,,0,0,0,0,,4096,4084,12,29,0.007100881488736533,6208,6152,56,84,0.013654096228868661,8192,8171,21,10,0.0012238404112103782,0.037037037037037035,0.0,0.9629629629629629,27,0,0,0
0,0,neither,project,exception,root250,0.25,128,False,results/bios-followup-v1/editing/world-0-seed-0-neither/edits/project-exception-root250,93,93,1.0,3,3,1.0,90,90,1.0,93,93,1.0,3,3,1.0,90,90,1.0,96,37,0.3854166666666667,45,10,0.2222222222222222,96,37,0.3854166666666667,48,22,0.4583333333333333,48,15,0.3125,18,5,0.2777777777777778,27,5,0.18518518518518517,48,22,0.4583333333333333,48,15,0.3125,18,5,0.2777777777777778,27,5,0.18518518518518517,20419,20282,137,126,0.006212405088255596,6,5,1,1,0.2,768,765,3,10,0.013071895424836602,5917,5858,59,35,0.0059747354045749405,13728,13654,74,80,0.0058590889116742345,7286,7178,108,59,0.008219559765951519,2,2,0,0,0.0,231,229,2,3,0.013100436681222707,2745,2690,55,21,0.007806691449814126,4308,4257,51,35,0.00822175240779892,16323,16198,125,118,0.007284849981479195,4,4,0,0,0.0,617,614,3,9,0.014657980456026058,4931,4873,58,35,0.007182433819002668,10771,10707,64,74,0.0069113663958158215,0,0,0,0,,0,0,0,0,,4096,4084,12,8,0.0019588638589618022,6208,6152,56,79,0.012841352405721717,8192,8171,21,11,0.001346224452331416,0.18518518518518517,0.2962962962962963,0.48148148148148145,27,0,1,0
0,0,neither,project,exception,root250,0.25,512,False,results/bios-followup-v1/editing/world-0-seed-0-neither/edits/project-exception-root250,93,93,1.0,3,3,1.0,90,90,1.0,93,93,1.0,3,3,1.0,90,90,1.0,96,41,0.4270833333333333,45,7,0.15555555555555556,96,41,0.4270833333333333,48,24,0.5,48,17,0.3541666666666667,18,3,0.16666666666666666,27,4,0.14814814814814814,48,24,0.5,48,17,0.3541666666666667,18,3,0.16666666666666666,27,4,0.14814814814814814,20419,20282,137,60,0.0029582881372645694,6,5,1,0,0.0,768,765,3,6,0.00784313725490196,5917,5858,59,22,0.0037555479685899623,13728,13654,74,32,0.002343635564669694,7286,7178,108,31,0.0043187517414321535,2,2,0,0,0.0,231,229,2,2,0.008733624454148471,2745,2690,55,12,0.0044609665427509295,4308,4257,51,17,0.003993422598073761,16323,16198,125,60,0.003704161007531794,4,4,0,0,0.0,617,614,3,6,0.009771986970684038,4931,4873,58,22,0.004514672686230248,10771,10707,64,32,0.0029886989819744095,0,0,0,0,,0,0,0,0,,4096,4084,12,0,0.0,6208,6152,56,27,0.004388816644993498,8192,8171,21,11,0.001346224452331416,0.14814814814814814,0.37037037037037035,0.48148148148148145,27,0,0,0
0,0,neither,project,exception,root500,0.5,0,True,results/bios-mechanism-dev-v1/p1/width-256/world-0-seed-0-neither/edits/project-class-balanced-exception,93,0,0.0,3,0,0.0,90,0,0.0,93,0,0.0,3,0,0.0,90,0,0.0,96,0,0.0,45,0,0.0,96,0,0.0,48,0,0.0,48,0,0.0,18,0,0.0,27,0,0.0,48,0,0.0,48,0,0.0,18,0,0.0,27,0,0.0,20419,20282,137,0,0.0,6,5,1,0,0.0,768,765,3,0,0.0,5917,5858,59,0,0.0,13728,13654,74,0,0.0,7286,7178,108,0,0.0,2,2,0,0,0.0,231,229,2,0,0.0,2745,2690,55,0,0.0,4308,4257,51,0,0.0,16323,16198,125,0,0.0,4,4,0,0,0.0,617,614,3,0,0.0,4931,4873,58,0,0.0,10771,10707,64,0,0.0,0,0,0,0,,0,0,0,0,,4096,4084,12,0,0.0,6208,6152,56,0,0.0,8192,8171,21,0,0.0,0.0,0.0,1.0,27,0,0,0
0,0,neither,project,exception,root500,0.5,32,True,results/bios-mechanism-dev-v1/p1/width-256/world-0-seed-0-neither/edits/project-class-balanced-exception,93,19,0.20430107526881722,3,2,0.6666666666666666,90,17,0.18888888888888888,93,19,0.20430107526881722,3,2,0.6666666666666666,90,17,0.18888888888888888,96,1,0.010416666666666666,45,1,0.022222222222222223,96,1,0.010416666666666666,48,0,0.0,48,1,0.020833333333333332,18,0,0.0,27,1,0.037037037037037035,48,0,0.0,48,1,0.020833333333333332,18,0,0.0,27,1,0.037037037037037035,20419,20282,137,89,0.004388127403609112,6,5,1,0,0.0,768,765,3,4,0.00522875816993464,5917,5858,59,28,0.004779788323659952,13728,13654,74,57,0.004174600849567892,7286,7178,108,28,0.003900808024519365,2,2,0,0,0.0,231,229,2,2,0.008733624454148471,2745,2690,55,9,0.003345724907063197,4308,4257,51,17,0.003993422598073761,16323,16198,125,72,0.004444993209038153,4,4,0,0,0.0,617,614,3,4,0.006514657980456026,4931,4873,58,24,0.004925097475887544,10771,10707,64,44,0.004109461100214813,0,0,0,0,,0,0,0,0,,4096,4084,12,17,0.00416258570029383,6208,6152,56,52,0.008452535760728219,8192,8171,21,9,0.0011014563700893403,0.037037037037037035,0.0,0.9259259259259259,27,0,1,0
0,0,neither,project,exception,root500,0.5,128,True,results/bios-mechanism-dev-v1/p1/width-256/world-0-seed-0-neither/edits/project-class-balanced-exception,93,93,1.0,3,3,1.0,90,90,1.0,93,93,1.0,3,3,1.0,90,90,1.0,96,40,0.4166666666666667,45,14,0.3111111111111111,96,40,0.4166666666666667,48,22,0.4583333333333333,48,18,0.375,18,6,0.3333333333333333,27,8,0.2962962962962963,48,22,0.4583333333333333,48,18,0.375,18,6,0.3333333333333333,27,8,0.2962962962962963,20419,20282,137,138,0.00680406271570851,6,5,1,0,0.0,768,765,3,9,0.011764705882352941,5917,5858,59,43,0.007340389211334926,13728,13654,74,86,0.006298520580049803,7286,7178,108,73,0.010169963778211201,2,2,0,0,0.0,231,229,2,3,0.013100436681222707,2745,2690,55,29,0.010780669144981412,4308,4257,51,41,0.009631195677707306,16323,16198,125,131,0.00808741819977775,4,4,0,0,0.0,617,614,3,8,0.013029315960912053,4931,4873,58,43,0.008824132977631849,10771,10707,64,80,0.007471747454936023,0,0,0,0,,0,0,0,0,,4096,4084,12,7,0.0017140058765915769,6208,6152,56,85,0.013816644993498049,8192,8171,21,10,0.0012238404112103782,0.2962962962962963,0.18518518518518517,0.5185185185185185,27,0,0,0
0,0,neither,project,exception,root500,0.5,512,True,results/bios-mechanism-dev-v1/p1/width-256/world-0-seed-0-neither/edits/project-class-balanced-exception,93,93,1.0,3,3,1.0,90,90,1.0,93,93,1.0,3,3,1.0,90,90,1.0,96,42,0.4375,45,9,0.2,96,42,0.4375,48,24,0.5,48,18,0.375,18,4,0.2222222222222222,27,5,0.18518518518518517,48,24,0.5,48,18,0.375,18,4,0.2222222222222222,27,5,0.18518518518518517,20419,20282,137,66,0.0032541169509910264,6,5,1,0,0.0,768,765,3,5,0.006535947712418301,5917,5858,59,26,0.004438374871969956,13728,13654,74,35,0.0025633513988574776,7286,7178,108,40,0.005572582892170521,2,2,0,0,0.0,231,229,2,1,0.004366812227074236,2745,2690,55,17,0.006319702602230483,4308,4257,51,22,0.00516795865633075,16323,16198,125,66,0.004074577108284973,4,4,0,0,0.0,617,614,3,5,0.008143322475570033,4931,4873,58,26,0.005335522265544839,10771,10707,64,35,0.00326888951153451,0,0,0,0,,0,0,0,0,,4096,4084,12,0,0.0,6208,6152,56,32,0.005201560468140442,8192,8171,21,8,0.0009790723289683026,0.18518518518518517,0.2962962962962963,0.5185185185185185,27,0,0,0
0,1,company,company,coherent,uniform,0.03225806451612903,0,True,results/bios-cross-scale-dev-v1/width-256/world-0-seed-1-company/edits/company-coherent-mlp,93,0,0.0,3,0,0.0,90,0,0.0,93,0,0.0,3,0,0.0,90,0,0.0,96,0,0.0,45,0,0.0,96,0,0.0,48,0,0.0,48,0,0.0,21,0,0.0,24,0,0.0,48,0,0.0,48,0,0.0,21,0,0.0,24,0,0.0,20419,16355,4064,0,0.0,6,6,0,0,0.0,768,617,151,0,0.0,5917,5644,273,0,0.0,13728,10088,3640,0,0.0,7286,6435,851,0,0.0,2,2,0,0,0.0,231,199,32,0,0.0,2745,2670,75,0,0.0,4308,3564,744,0,0.0,16323,13252,3071,0,0.0,4,4,0,0,0.0,607,488,119,0,0.0,4914,4704,210,0,0.0,10798,8056,2742,0,0.0,0,0,0,0,,0,0,0,0,,4096,3103,993,0,0.0,6208,5905,303,0,0.0,8192,4721,3471,0,0.0,0.0,0.0,0.8333333333333334,24,0,4,0
0,1,company,company,coherent,uniform,0.03225806451612903,32,True,results/bios-cross-scale-dev-v1/width-256/world-0-seed-1-company/edits/company-coherent-mlp,93,29,0.3118279569892473,3,0,0.0,90,29,0.32222222222222224,93,29,0.3118279569892473,3,0,0.0,90,29,0.32222222222222224,96,15,0.15625,45,6,0.13333333333333333,96,15,0.15625,48,8,0.16666666666666666,48,7,0.14583333333333334,21,3,0.14285714285714285,24,3,0.125,48,8,0.16666666666666666,48,7,0.14583333333333334,21,3,0.14285714285714285,24,3,0.125,20419,16355,4064,535,0.03271170895750535,6,6,0,0,0.0,768,617,151,45,0.07293354943273905,5917,5644,273,78,0.013819985825655563,13728,10088,3640,412,0.0408406026962728,7286,6435,851,139,0.0216006216006216,2,2,0,0,0.0,231,199,32,14,0.07035175879396985,2745,2670,75,42,0.015730337078651686,4308,3564,744,83,0.023288439955106623,16323,13252,3071,416,0.03139148807727136,4,4,0,0,0.0,607,488,119,39,0.07991803278688525,4914,4704,210,64,0.013605442176870748,10798,8056,2742,313,0.03885302879841112,0,0,0,0,,0,0,0,0,,4096,3103,993,119,0.03834998388656139,6208,5905,303,90,0.015241320914479255,8192,4721,3471,357,0.07561957212454988,0.125,0.0,0.4166666666666667,24,0,11,0
0,1,company,company,coherent,uniform,0.03225806451612903,128,True,results/bios-cross-scale-dev-v1/width-256/world-0-seed-1-company/edits/company-coherent-mlp,93,93,1.0,3,3,1.0,90,90,1.0,93,93,1.0,3,3,1.0,90,90,1.0,96,91,0.9479166666666666,45,43,0.9555555555555556,96,91,0.9479166666666666,48,47,0.9791666666666666,48,44,0.9166666666666666,21,20,0.9523809523809523,24,23,0.9583333333333334,48,47,0.9791666666666666,48,44,0.9166666666666666,21,20,0.9523809523809523,24,23,0.9583333333333334,20419,16355,4064,360,0.022011617242433508,6,6,0,0,0.0,768,617,151,39,0.06320907617504051,5917,5644,273,72,0.012756909992912827,13728,10088,3640,249,0.024682791435368754,7286,6435,851,138,0.021445221445221447,2,2,0,0,0.0,231,199,32,12,0.06030150753768844,2745,2670,75,40,0.0149812734082397,4308,3564,744,86,0.024130190796857465,16323,13252,3071,318,0.02399637790522185,4,4,0,0,0.0,607,488,119,36,0.07377049180327869,4914,4704,210,68,0.01445578231292517,10798,8056,2742,214,0.02656405163853029,0,0,0,0,,0,0,0,0,,4096,3103,993,42,0.01353528843055108,6208,5905,303,123,0.020829805249788315,8192,4721,3471,160,0.03389112476170303,0.9583333333333334,0.0,0.0,24,0,1,0
0,1,company,company,coherent,uniform,0.03225806451612903,512,True,results/bios-cross-scale-dev-v1/width-256/world-0-seed-1-company/edits/company-coherent-mlp,93,93,1.0,3,3,1.0,90,90,1.0,93,93,1.0,3,3,1.0,90,90,1.0,96,92,0.9583333333333334,45,45,1.0,96,92,0.9583333333333334,48,48,1.0,48,44,0.9166666666666666,21,21,1.0,24,24,1.0,48,48,1.0,48,44,0.9166666666666666,21,21,1.0,24,24,1.0,20419,16355,4064,194,0.0118618159584225,6,6,0,0,0.0,768,617,151,24,0.03889789303079417,5917,5644,273,49,0.008681785967399007,13728,10088,3640,121,0.011994448850118954,7286,6435,851,78,0.012121212121212121,2,2,0,0,0.0,231,199,32,8,0.04020100502512563,2745,2670,75,31,0.011610486891385767,4308,3564,744,39,0.010942760942760943,16323,13252,3071,186,0.014035617265318443,4,4,0,0,0.0,607,488,119,21,0.0430327868852459,4914,4704,210,49,0.010416666666666666,10798,8056,2742,116,0.014399205561072492,0,0,0,0,,0,0,0,0,,4096,3103,993,8,0.002578150177247825,6208,5905,303,41,0.006943268416596105,8192,4721,3471,100,0.021181952976064393,1.0,0.0,0.0,24,0,0,0
0,1,company,company,coherent,root125,0.125,0,False,results/bios-followup-v1/editing/world-0-seed-1-company/edits/company-coherent-root125,93,0,0.0,3,0,0.0,90,0,0.0,93,0,0.0,3,0,0.0,90,0,0.0,96,0,0.0,45,0,0.0,96,0,0.0,48,0,0.0,48,0,0.0,21,0,0.0,24,0,0.0,48,0,0.0,48,0,0.0,21,0,0.0,24,0,0.0,20419,16355,4064,0,0.0,6,6,0,0,0.0,768,617,151,0,0.0,5917,5644,273,0,0.0,13728,10088,3640,0,0.0,7286,6435,851,0,0.0,2,2,0,0,0.0,231,199,32,0,0.0,2745,2670,75,0,0.0,4308,3564,744,0,0.0,16323,13252,3071,0,0.0,4,4,0,0,0.0,607,488,119,0,0.0,4914,4704,210,0,0.0,10798,8056,2742,0,0.0,0,0,0,0,,0,0,0,0,,4096,3103,993,0,0.0,6208,5905,303,0,0.0,8192,4721,3471,0,0.0,0.0,0.0,0.8333333333333334,24,0,4,0
0,1,company,company,coherent,root125,0.125,32,False,results/bios-followup-v1/editing/world-0-seed-1-company/edits/company-coherent-root125,93,29,0.3118279569892473,3,0,0.0,90,29,0.32222222222222224,93,29,0.3118279569892473,3,0,0.0,90,29,0.32222222222222224,96,14,0.14583333333333334,45,5,0.1111111111111111,96,14,0.14583333333333334,48,8,0.16666666666666666,48,6,0.125,21,3,0.14285714285714285,24,2,0.08333333333333333,48,8,0.16666666666666666,48,6,0.125,21,3,0.14285714285714285,24,2,0.08333333333333333,20419,16355,4064,585,0.035768878018954446,6,6,0,0,0.0,768,617,151,51,0.08265802269043761,5917,5644,273,81,0.014351523742026931,13728,10088,3640,453,0.04490483743061063,7286,6435,851,149,0.023154623154623154,2,2,0,0,0.0,231,199,32,16,0.08040201005025126,2745,2670,75,40,0.0149812734082397,4308,3564,744,93,0.026094276094276093,16323,13252,3071,450,0.03395713854512526,4,4,0,0,0.0,607,488,119,44,0.09016393442622951,4914,4704,210,65,0.013818027210884353,10798,8056,2742,341,0.04232869910625621,0,0,0,0,,0,0,0,0,,4096,3103,993,135,0.04350628424105704,6208,5905,303,92,0.015580016934801016,8192,4721,3471,404,0.08557509002330015,0.08333333333333333,0.0,0.4166666666666667,24,0,12,0
0,1,company,company,coherent,root125,0.125,128,False,results/bios-followup-v1/editing/world-0-seed-1-company/edits/company-coherent-root125,93,93,1.0,3,3,1.0,90,90,1.0,93,93,1.0,3,3,1.0,90,90,1.0,96,92,0.9583333333333334,45,44,0.9777777777777777,96,92,0.9583333333333334,48,47,0.9791666666666666,48,45,0.9375,21,20,0.9523809523809523,24,24,1.0,48,47,0.9791666666666666,48,45,0.9375,21,20,0.9523809523809523,24,24,1.0,20419,16355,4064,381,0.023295628248242127,6,6,0,0,0.0,768,617,151,38,0.06158833063209076,5917,5644,273,76,0.013465627214741318,13728,10088,3640,267,0.026467089611419508,7286,6435,851,155,0.024087024087024088,2,2,0,0,0.0,231,199,32,12,0.06030150753768844,2745,2670,75,43,0.01610486891385768,4308,3564,744,100,0.028058361391694726,16323,13252,3071,336,0.025354663447026863,4,4,0,0,0.0,607,488,119,35,0.07172131147540983,4914,4704,210,71,0.015093537414965986,10798,8056,2742,230,0.028550148957298908,0,0,0,0,,0,0,0,0,,4096,3103,993,45,0.014502094747019014,6208,5905,303,138,0.023370025402201525,8192,4721,3471,162,0.034314763821224316,1.0,0.0,0.0,24,0,0,0
0,1,company,company,coherent,root125,0.125,512,False,results/bios-followup-v1/editing/world-0-seed-1-company/edits/company-coherent-root125,93,93,1.0,3,3,1.0,90,90,1.0,93,93,1.0,3,3,1.0,90,90,1.0,96,92,0.9583333333333334,45,45,1.0,96,92,0.9583333333333334,48,48,1.0,48,44,0.9166666666666666,21,21,1.0,24,24,1.0,48,48,1.0,48,44,0.9166666666666666,21,21,1.0,24,24,1.0,20419,16355,4064,204,0.01247324977071232,6,6,0,0,0.0,768,617,151,22,0.03565640194489465,5917,5644,273,52,0.009213323883770375,13728,10088,3640,130,0.01288659793814433,7286,6435,851,87,0.01351981351981352,2,2,0,0,0.0,231,199,32,7,0.035175879396984924,2745,2670,75,34,0.012734082397003745,4308,3564,744,46,0.012906846240179574,16323,13252,3071,196,0.014790220344099004,4,4,0,0,0.0,607,488,119,19,0.0389344262295082,4914,4704,210,52,0.011054421768707483,10798,8056,2742,125,0.015516385302879842,0,0,0,0,,0,0,0,0,,4096,3103,993,8,0.002578150177247825,6208,5905,303,48,0.00812870448772227,8192,4721,3471,100,0.021181952976064393,1.0,0.0,0.0,24,0,0,0
0,1,company,company,coherent,root250,0.25,0,False,results/bios-followup-v1/editing/world-0-seed-1-company/edits/company-coherent-root250,93,0,0.0,3,0,0.0,90,0,0.0,93,0,0.0,3,0,0.0,90,0,0.0,96,0,0.0,45,0,0.0,96,0,0.0,48,0,0.0,48,0,0.0,21,0,0.0,24,0,0.0,48,0,0.0,48,0,0.0,21,0,0.0,24,0,0.0,20419,16355,4064,0,0.0,6,6,0,0,0.0,768,617,151,0,0.0,5917,5644,273,0,0.0,13728,10088,3640,0,0.0,7286,6435,851,0,0.0,2,2,0,0,0.0,231,199,32,0,0.0,2745,2670,75,0,0.0,4308,3564,744,0,0.0,16323,13252,3071,0,0.0,4,4,0,0,0.0,607,488,119,0,0.0,4914,4704,210,0,0.0,10798,8056,2742,0,0.0,0,0,0,0,,0,0,0,0,,4096,3103,993,0,0.0,6208,5905,303,0,0.0,8192,4721,3471,0,0.0,0.0,0.0,0.8333333333333334,24,0,4,0
0,1,company,company,coherent,root250,0.25,32,False,results/bios-followup-v1/editing/world-0-seed-1-company/edits/company-coherent-root250,93,27,0.2903225806451613,3,0,0.0,90,27,0.3,93,27,0.2903225806451613,3,0,0.0,90,27,0.3,96,15,0.15625,45,6,0.13333333333333333,96,15,0.15625,48,9,0.1875,48,6,0.125,21,4,0.19047619047619047,24,2,0.08333333333333333,48,9,0.1875,48,6,0.125,21,4,0.19047619047619047,24,2,0.08333333333333333,20419,16355,4064,642,0.03925405074900642,6,6,0,0,0.0,768,617,151,58,0.0940032414910859,5917,5644,273,82,0.014528703047484054,13728,10088,3640,502,0.04976209357652656,7286,6435,851,165,0.02564102564102564,2,2,0,0,0.0,231,199,32,17,0.08542713567839195,2745,2670,75,40,0.0149812734082397,4308,3564,744,108,0.030303030303030304,16323,13252,3071,490,0.03697555086024751,4,4,0,0,0.0,607,488,119,48,0.09836065573770492,4914,4704,210,67,0.014243197278911565,10798,8056,2742,375,0.046549155908639527,0,0,0,0,,0,0,0,0,,4096,3103,993,152,0.04898485336770867,6208,5905,303,92,0.015580016934801016,8192,4721,3471,460,0.09743698368989621,0.08333333333333333,0.0,0.4166666666666667,24,0,12,0
0,1,company,company,coherent,root250,0.25,128,False,results/bios-followup-v1/editing/world-0-seed-1-company/edits/company-coherent-root250,93,93,1.0,3,3,1.0,90,90,1.0,93,93,1.0,3,3,1.0,90,90,1.0,96,92,0.9583333333333334,45,44,0.9777777777777777,96,92,0.9583333333333334,48,47,0.9791666666666666,48,45,0.9375,21,20,0.9523809523809523,24,24,1.0,48,47,0.9791666666666666,48,45,0.9375,21,20,0.9523809523809523,24,24,1.0,20419,16355,4064,392,0.02396820544176093,6,6,0,0,0.0,768,617,151,39,0.06320907617504051,5917,5644,273,75,0.013288447909284195,13728,10088,3640,278,0.027557494052339412,7286,6435,851,166,0.025796425796425798,2,2,0,0,0.0,231,199,32,13,0.06532663316582915,2745,2670,75,45,0.016853932584269662,4308,3564,744,108,0.030303030303030304,16323,13252,3071,342,0.0258074252942952,4,4,0,0,0.0,607,488,119,36,0.07377049180327869,4914,4704,210,70,0.01488095238095238,10798,8056,2742,236,0.02929493545183714,0,0,0,0,,0,0,0,0,,4096,3103,993,50,0.016113438607798906,6208,5905,303,150,0.02540220152413209,8192,4721,3471,162,0.034314763821224316,1.0,0.0,0.0,24,0,0,0
0,1,company,company,coherent,root250,0.25,512,False,results/bios-followup-v1/editing/world-0-seed-1-company/edits/company-coherent-root250,93,93,1.0,3,3,1.0,90,90,1.0,93,93,1.0,3,3,1.0,90,90,1.0,96,92,0.9583333333333334,45,45,1.0,96,92,0.9583333333333334,48,48,1.0,48,44,0.9166666666666666,21,21,1.0,24,24,1.0,48,48,1.0,48,44,0.9166666666666666,21,21,1.0,24,24,1.0,20419,16355,4064,217,0.013268113726689085,6,6,0,0,0.0,768,617,151,23,0.03727714748784441,5917,5644,273,51,0.009036144578313253,13728,10088,3640,143,0.014175257731958763,7286,6435,851,96,0.014918414918414918,2,2,0,0,0.0,231,199,32,8,0.04020100502512563,2745,2670,75,34,0.012734082397003745,4308,3564,744,54,0.015151515151515152,16323,13252,3071,209,0.015771204346513735,4,4,0,0,0.0,607,488,119,20,0.040983606557377046,4914,4704,210,51,0.010841836734693877,10798,8056,2742,138,0.017130089374379345,0,0,0,0,,0,0,0,0,,4096,3103,993,8,0.002578150177247825,6208,5905,303,56,0.009483488569009314,8192,4721,3471,106,0.022452870154628258,1.0,0.0,0.0,24,0,0,0
0,1,company,company,coherent,root500,0.5,0,False,results/bios-followup-v1/editing/world-0-seed-1-company/edits/company-coherent-root500,93,0,0.0,3,0,0.0,90,0,0.0,93,0,0.0,3,0,0.0,90,0,0.0,96,0,0.0,45,0,0.0,96,0,0.0,48,0,0.0,48,0,0.0,21,0,0.0,24,0,0.0,48,0,0.0,48,0,0.0,21,0,0.0,24,0,0.0,20419,16355,4064,0,0.0,6,6,0,0,0.0,768,617,151,0,0.0,5917,5644,273,0,0.0,13728,10088,3640,0,0.0,7286,6435,851,0,0.0,2,2,0,0,0.0,231,199,32,0,0.0,2745,2670,75,0,0.0,4308,3564,744,0,0.0,16323,13252,3071,0,0.0,4,4,0,0,0.0,607,488,119,0,0.0,4914,4704,210,0,0.0,10798,8056,2742,0,0.0,0,0,0,0,,0,0,0,0,,4096,3103,993,0,0.0,6208,5905,303,0,0.0,8192,4721,3471,0,0.0,0.0,0.0,0.8333333333333334,24,0,4,0
0,1,company,company,coherent,root500,0.5,32,False,results/bios-followup-v1/editing/world-0-seed-1-company/edits/company-coherent-root500,93,16,0.17204301075268819,3,1,0.3333333333333333,90,15,0.16666666666666666,93,16,0.17204301075268819,3,1,0.3333333333333333,90,15,0.16666666666666666,96,9,0.09375,45,4,0.08888888888888889,96,9,0.09375,48,6,0.125,48,3,0.0625,21,3,0.14285714285714285,24,1,0.041666666666666664,48,6,0.125,48,3,0.0625,21,3,0.14285714285714285,24,1,0.041666666666666664,20419,16355,4064,728,0.04451238153469887,6,6,0,0,0.0,768,617,151,64,0.10372771474878444,5917,5644,273,75,0.013288447909284195,13728,10088,3640,589,0.05838620142743854,7286,6435,851,178,0.027661227661227663,2,2,0,0,0.0,231,199,32,19,0.09547738693467336,2745,2670,75,35,0.013108614232209739,4308,3564,744,124,0.03479236812570146,16323,13252,3071,554,0.0418050105644431,4,4,0,0,0.0,607,488,119,51,0.10450819672131148,4914,4704,210,63,0.013392857142857142,10798,8056,2742,440,0.05461767626613704,0,0,0,0,,0,0,0,0,,4096,3103,993,174,0.056074766355140186,6208,5905,303,83,0.01405588484335309,8192,4721,3471,564,0.11946621478500317,0.041666666666666664,0.0,0.5833333333333334,24,0,9,0
0,1,company,company,coherent,root500,0.5,128,False,results/bios-followup-v1/editing/world-0-seed-1-company/edits/company-coherent-root500,93,93,1.0,3,3,1.0,90,90,1.0,93,93,1.0,3,3,1.0,90,90,1.0,96,92,0.9583333333333334,45,44,0.9777777777777777,96,92,0.9583333333333334,48,47,0.9791666666666666,48,45,0.9375,21,20,0.9523809523809523,24,24,1.0,48,47,0.9791666666666666,48,45,0.9375,21,20,0.9523809523809523,24,24,1.0,20419,16355,4064,401,0.024518495872821768,6,6,0,0,0.0,768,617,151,39,0.06320907617504051,5917,5644,273,80,0.014174344436569808,13728,10088,3640,282,0.02795400475812847,7286,6435,851,174,0.02703962703962704,2,2,0,0,0.0,231,199,32,14,0.07035175879396985,2745,2670,75,49,0.018352059925093634,4308,3564,744,111,0.031144781144781145,16323,13252,3071,354,0.026712948988831874,4,4,0,0,0.0,607,488,119,36,0.07377049180327869,4914,4704,210,75,0.01594387755102041,10798,8056,2742,243,0.030163853028798412,0,0,0,0,,0,0,0,0,,4096,3103,993,47,0.01514663229133097,6208,5905,303,163,0.02760372565622354,8192,4721,3471,153,0.03240838805337852,1.0,0.0,0.0,24,0,0,0
0,1,company,company,coherent,root500,0.5,512,False,results/bios-followup-v1/editing/world-0-seed-1-company/edits/company-coherent-root500,93,93,1.0,3,3,1.0,90,90,1.0,93,93,1.0,3,3,1.0,90,90,1.0,96,92,0.9583333333333334,45,45,1.0,96,92,0.9583333333333334,48,48,1.0,48,44,0.9166666666666666,21,21,1.0,24,24,1.0,48,48,1.0,48,44,0.9166666666666666,21,21,1.0,24,24,1.0,20419,16355,4064,228,0.013940690920207888,6,6,0,0,0.0,768,617,151,24,0.03889789303079417,5917,5644,273,51,0.009036144578313253,13728,10088,3640,153,0.015166534496431404,7286,6435,851,109,0.016938616938616938,2,2,0,0,0.0,231,199,32,10,0.05025125628140704,2745,2670,75,35,0.013108614232209739,4308,3564,744,64,0.017957351290684626,16323,13252,3071,218,0.01645034711741624,4,4,0,0,0.0,607,488,119,21,0.0430327868852459,4914,4704,210,51,0.010841836734693877,10798,8056,2742,146,0.018123138033763656,0,0,0,0,,0,0,0,0,,4096,3103,993,10,0.003222687721559781,6208,5905,303,72,0.012193056731583404,8192,4721,3471,101,0.021393772505825037,1.0,0.0,0.0,24,0,0,0
0,1,company,company,exception,uniform,0.03225806451612903,0,True,results/bios-cross-scale-dev-v1/width-256/world-0-seed-1-company/edits/company-exception-mlp,93,0,0.0,3,0,0.0,90,0,0.0,93,0,0.0,3,0,0.0,90,0,0.0,96,0,0.0,45,0,0.0,96,0,0.0,48,0,0.0,48,0,0.0,21,0,0.0,24,0,0.0,48,0,0.0,48,0,0.0,21,0,0.0,24,0,0.0,20419,16355,4064,0,0.0,6,6,0,0,0.0,768,617,151,0,0.0,5917,5644,273,0,0.0,13728,10088,3640,0,0.0,7286,6435,851,0,0.0,2,2,0,0,0.0,231,199,32,0,0.0,2745,2670,75,0,0.0,4308,3564,744,0,0.0,16323,13252,3071,0,0.0,4,4,0,0,0.0,607,488,119,0,0.0,4914,4704,210,0,0.0,10798,8056,2742,0,0.0,0,0,0,0,,0,0,0,0,,4096,3103,993,0,0.0,6208,5905,303,0,0.0,8192,4721,3471,0,0.0,0.0,0.0,0.8333333333333334,24,0,4,0
0,1,company,company,exception,uniform,0.03225806451612903,32,True,results/bios-cross-scale-dev-v1/width-256/world-0-seed-1-company/edits/company-exception-mlp,93,19,0.20430107526881722,3,0,0.0,90,19,0.2111111111111111,93,19,0.20430107526881722,3,0,0.0,90,19,0.2111111111111111,96,0,0.0,45,0,0.0,96,0,0.0,48,0,0.0,48,0,0.0,21,0,0.0,24,0,0.0,48,0,0.0,48,0,0.0,21,0,0.0,24,0,0.0,20419,16355,4064,576,0.03521858758789361,6,6,0,0,0.0,768,617,151,53,0.08589951377633712,5917,5644,273,60,0.010630758327427357,13728,10088,3640,463,0.045896114195083264,7286,6435,851,148,0.022999222999223,2,2,0,0,0.0,231,199,32,16,0.08040201005025126,2745,2670,75,33,0.012359550561797753,4308,3564,744,99,0.027777777777777776,16323,13252,3071,442,0.033353456082100816,4,4,0,0,0.0,607,488,119,43,0.08811475409836066,4914,4704,210,49,0.010416666666666666,10798,8056,2742,350,0.04344587884806356,0,0,0,0,,0,0,0,0,,4096,3103,993,134,0.04318401546890106,6208,5905,303,80,0.013547840812870448,8192,4721,3471,430,0.09108239779707689,0.0,0.08333333333333333,0.4166666666666667,24,0,12,0
0,1,company,company,exception,uniform,0.03225806451612903,128,True,results/bios-cross-scale-dev-v1/width-256/world-0-seed-1-company/edits/company-exception-mlp,93,93,1.0,3,3,1.0,90,90,1.0,93,93,1.0,3,3,1.0,90,90,1.0,96,52,0.5416666666666666,45,8,0.17777777777777778,96,52,0.5416666666666666,48,31,0.6458333333333334,48,21,0.4375,21,7,0.3333333333333333,24,1,0.041666666666666664,48,31,0.6458333333333334,48,21,0.4375,21,7,0.3333333333333333,24,1,0.041666666666666664,20419,16355,4064,388,0.023723631916845,6,6,0,0,0.0,768,617,151,45,0.07293354943273905,5917,5644,273,79,0.013997165131112686,13728,10088,3640,264,0.026169706582077717,7286,6435,851,145,0.022533022533022532,2,2,0,0,0.0,231,199,32,14,0.07035175879396985,2745,2670,75,43,0.01610486891385768,4308,3564,744,88,0.024691358024691357,16323,13252,3071,336,0.025354663447026863,4,4,0,0,0.0,607,488,119,41,0.08401639344262295,4914,4704,210,72,0.015306122448979591,10798,8056,2742,223,0.027681231380337637,0,0,0,0,,0,0,0,0,,4096,3103,993,52,0.01675797615211086,6208,5905,303,130,0.02201524132091448,8192,4721,3471,167,0.03537386147002754,0.041666666666666664,0.8333333333333334,0.0,24,0,3,0
0,1,company,company,exception,uniform,0.03225806451612903,512,True,results/bios-cross-scale-dev-v1/width-256/world-0-seed-1-company/edits/company-exception-mlp,93,93,1.0,3,3,1.0,90,90,1.0,93,93,1.0,3,3,1.0,90,90,1.0,96,48,0.5,45,7,0.15555555555555556,96,48,0.5,48,29,0.6041666666666666,48,19,0.3958333333333333,21,6,0.2857142857142857,24,1,0.041666666666666664,48,29,0.6041666666666666,48,19,0.3958333333333333,21,6,0.2857142857142857,24,1,0.041666666666666664,20419,16355,4064,189,0.01155609905227759,6,6,0,0,0.0,768,617,151,21,0.03403565640194489,5917,5644,273,32,0.005669737774627924,13728,10088,3640,136,0.013481363996827915,7286,6435,851,69,0.010722610722610723,2,2,0,0,0.0,231,199,32,6,0.03015075376884422,2745,2670,75,18,0.006741573033707865,4308,3564,744,45,0.012626262626262626,16323,13252,3071,179,0.013507395110172049,4,4,0,0,0.0,607,488,119,19,0.0389344262295082,4914,4704,210,31,0.006590136054421769,10798,8056,2742,129,0.016012909632571997,0,0,0,0,,0,0,0,0,,4096,3103,993,10,0.003222687721559781,6208,5905,303,37,0.0062658763759525825,8192,4721,3471,117,0.02478288498199534,0.041666666666666664,0.8333333333333334,0.0,24,0,3,0
0,1,company,company,exception,root125,0.125,0,False,results/bios-followup-v1/editing/world-0-seed-1-company/edits/company-exception-root125,93,0,0.0,3,0,0.0,90,0,0.0,93,0,0.0,3,0,0.0,90,0,0.0,96,0,0.0,45,0,0.0,96,0,0.0,48,0,0.0,48,0,0.0,21,0,0.0,24,0,0.0,48,0,0.0,48,0,0.0,21,0,0.0,24,0,0.0,20419,16355,4064,0,0.0,6,6,0,0,0.0,768,617,151,0,0.0,5917,5644,273,0,0.0,13728,10088,3640,0,0.0,7286,6435,851,0,0.0,2,2,0,0,0.0,231,199,32,0,0.0,2745,2670,75,0,0.0,4308,3564,744,0,0.0,16323,13252,3071,0,0.0,4,4,0,0,0.0,607,488,119,0,0.0,4914,4704,210,0,0.0,10798,8056,2742,0,0.0,0,0,0,0,,0,0,0,0,,4096,3103,993,0,0.0,6208,5905,303,0,0.0,8192,4721,3471,0,0.0,0.0,0.0,0.8333333333333334,24,0,4,0
0,1,company,company,exception,root125,0.125,32,False,results/bios-followup-v1/editing/world-0-seed-1-company/edits/company-exception-root125,93,18,0.1935483870967742,3,0,0.0,90,18,0.2,93,18,0.1935483870967742,3,0,0.0,90,18,0.2,96,0,0.0,45,0,0.0,96,0,0.0,48,0,0.0,48,0,0.0,21,0,0.0,24,0,0.0,48,0,0.0,48,0,0.0,21,0,0.0,24,0,0.0,20419,16355,4064,621,0.0379700397431978,6,6,0,0,0.0,768,617,151,60,0.09724473257698542,5917,5644,273,55,0.009744861800141743,13728,10088,3640,506,0.050158604282315625,7286,6435,851,153,0.023776223776223775,2,2,0,0,0.0,231,199,32,17,0.08542713567839195,2745,2670,75,30,0.011235955056179775,4308,3564,744,106,0.02974186307519641,16323,13252,3071,470,0.035466344702686385,4,4,0,0,0.0,607,488,119,49,0.10040983606557377,4914,4704,210,43,0.009141156462585034,10798,8056,2742,378,0.04692154915590864,0,0,0,0,,0,0,0,0,,4096,3103,993,151,0.04866258459555269,6208,5905,303,82,0.01388653683319221,8192,4721,3471,477,0.10103791569582715,0.0,0.041666666666666664,0.4583333333333333,24,0,12,0
0,1,company,company,exception,root125,0.125,128,False,results/bios-followup-v1/editing/world-0-seed-1-company/edits/company-exception-root125,93,93,1.0,3,3,1.0,90,90,1.0,93,93,1.0,3,3,1.0,90,90,1.0,96,52,0.5416666666666666,45,8,0.17777777777777778,96,52,0.5416666666666666,48,31,0.6458333333333334,48,21,0.4375,21,7,0.3333333333333333,24,1,0.041666666666666664,48,31,0.6458333333333334,48,21,0.4375,21,7,0.3333333333333333,24,1,0.041666666666666664,20419,16355,4064,407,0.02488535616019566,6,6,0,0,0.0,768,617,151,45,0.07293354943273905,5917,5644,273,78,0.013819985825655563,13728,10088,3640,284,0.028152260111022998,7286,6435,851,157,0.024397824397824397,2,2,0,0,0.0,231,199,32,16,0.08040201005025126,2745,2670,75,40,0.0149812734082397,4308,3564,744,101,0.02833894500561167,16323,13252,3071,352,0.026562028373075763,4,4,0,0,0.0,607,488,119,41,0.08401639344262295,4914,4704,210,71,0.015093537414965986,10798,8056,2742,240,0.029791459781529295,0,0,0,0,,0,0,0,0,,4096,3103,993,55,0.017724782468578795,6208,5905,303,151,0.025571549534292973,8192,4721,3471,167,0.03537386147002754,0.041666666666666664,0.8333333333333334,0.0,24,0,3,0
0,1,company,company,exception,root125,0.125,512,False,results/bios-followup-v1/editing/world-0-seed-1-company/edits/company-exception-root125,93,93,1.0,3,3,1.0,90,90,1.0,93,93,1.0,3,3,1.0,90,90,1.0,96,50,0.5208333333333334,45,8,0.17777777777777778,96,50,0.5208333333333334,48,30,0.625,48,20,0.4166666666666667,21,7,0.3333333333333333,24,1,0.041666666666666664,48,30,0.625,48,20,0.4166666666666667,21,7,0.3333333333333333,24,1,0.041666666666666664,20419,16355,4064,199,0.01216753286456741,6,6,0,0,0.0,768,617,151,21,0.03403565640194489,5917,5644,273,34,0.006024096385542169,13728,10088,3640,144,0.014274385408406027,7286,6435,851,78,0.012121212121212121,2,2,0,0,0.0,231,199,32,7,0.035175879396984924,2745,2670,75,17,0.006367041198501872,4308,3564,744,54,0.015151515151515152,16323,13252,3071,190,0.014337458496830668,4,4,0,0,0.0,607,488,119,20,0.040983606557377046,4914,4704,210,32,0.006802721088435374,10798,8056,2742,138,0.017130089374379345,0,0,0,0,,0,0,0,0,,4096,3103,993,9,0.0029004189494038026,6208,5905,303,48,0.00812870448772227,8192,4721,3471,114,0.024147426392713407,0.041666666666666664,0.8333333333333334,0.0,24,0,3,0
0,1,company,company,exception,root250,0.25,0,False,results/bios-followup-v1/editing/world-0-seed-1-company/edits/company-exception-root250,93,0,0.0,3,0,0.0,90,0,0.0,93,0,0.0,3,0,0.0,90,0,0.0,96,0,0.0,45,0,0.0,96,0,0.0,48,0,0.0,48,0,0.0,21,0,0.0,24,0,0.0,48,0,0.0,48,0,0.0,21,0,0.0,24,0,0.0,20419,16355,4064,0,0.0,6,6,0,0,0.0,768,617,151,0,0.0,5917,5644,273,0,0.0,13728,10088,3640,0,0.0,7286,6435,851,0,0.0,2,2,0,0,0.0,231,199,32,0,0.0,2745,2670,75,0,0.0,4308,3564,744,0,0.0,16323,13252,3071,0,0.0,4,4,0,0,0.0,607,488,119,0,0.0,4914,4704,210,0,0.0,10798,8056,2742,0,0.0,0,0,0,0,,0,0,0,0,,4096,3103,993,0,0.0,6208,5905,303,0,0.0,8192,4721,3471,0,0.0,0.0,0.0,0.8333333333333334,24,0,4,0
0,1,company,company,exception,root250,0.25,32,False,results/bios-followup-v1/editing/world-0-seed-1-company/edits/company-exception-root250,93,16,0.17204301075268819,3,0,0.0,90,16,0.17777777777777778,93,16,0.17204301075268819,3,0,0.0,90,16,0.17777777777777778,96,0,0.0,45,0,0.0,96,0,0.0,48,0,0.0,48,0,0.0,21,0,0.0,24,0,0.0,48,0,0.0,48,0,0.0,21,0,0.0,24,0,0.0,20419,16355,4064,704,0.043044940385203304,6,6,0,0,0.0,768,617,151,64,0.10372771474878444,5917,5644,273,60,0.010630758327427357,13728,10088,3640,580,0.05749405233941316,7286,6435,851,173,0.026884226884226883,2,2,0,0,0.0,231,199,32,18,0.09045226130653267,2745,2670,75,32,0.01198501872659176,4308,3564,744,123,0.034511784511784514,16323,13252,3071,536,0.040446725022638096,4,4,0,0,0.0,607,488,119,52,0.10655737704918032,4914,4704,210,49,0.010416666666666666,10798,8056,2742,435,0.053997020854021846,0,0,0,0,,0,0,0,0,,4096,3103,993,168,0.05414115372220432,6208,5905,303,87,0.014733276883996614,8192,4721,3471,552,0.11692438042787545,0.0,0.041666666666666664,0.4583333333333333,24,0,12,0
0,1,company,company,exception,root250,0.25,128,False,results/bios-followup-v1/editing/world-0-seed-1-company/edits/company-exception-root250,93,93,1.0,3,3,1.0,90,90,1.0,93,93,1.0,3,3,1.0,90,90,1.0,96,55,0.5729166666666666,45,11,0.24444444444444444,96,55,0.5729166666666666,48,31,0.6458333333333334,48,24,0.5,21,7,0.3333333333333333,24,4,0.16666666666666666,48,31,0.6458333333333334,48,24,0.5,21,7,0.3333333333333333,24,4,0.16666666666666666,20419,16355,4064,423,0.02586365025985937,6,6,0,0,0.0,768,617,151,42,0.06807131280388978,5917,5644,273,82,0.014528703047484054,13728,10088,3640,299,0.029639175257731958,7286,6435,851,176,0.02735042735042735,2,2,0,0,0.0,231,199,32,16,0.08040201005025126,2745,2670,75,45,0.016853932584269662,4308,3564,744,115,0.03226711560044893,16323,13252,3071,363,0.02739209175973438,4,4,0,0,0.0,607,488,119,38,0.0778688524590164,4914,4704,210,74,0.015731292517006803,10798,8056,2742,251,0.03115690168818272,0,0,0,0,,0,0,0,0,,4096,3103,993,60,0.019336126329358685,6208,5905,303,167,0.028281117696867062,8192,4721,3471,163,0.03452658335098496,0.16666666666666666,0.6666666666666666,0.0,24,0,4,0
0,1,company,company,exception,root250,0.25,512,False,results/bios-followup-v1/editing/world-0-seed-1-company/edits/company-exception-root250,93,93,1.0,3,3,1.0,90,90,1.0,93,93,1.0,3,3,1.0,90,90,1.0,96,52,0.5416666666666666,45,8,0.17777777777777778,96,52,0.5416666666666666,48,31,0.6458333333333334,48,21,0.4375,21,7,0.3333333333333333,24,1,0.041666666666666664,48,31,0.6458333333333334,48,21,0.4375,21,7,0.3333333333333333,24,1,0.041666666666666664,20419,16355,4064,202,0.012350963008254357,6,6,0,0,0.0,768,617,151,23,0.03727714748784441,5917,5644,273,35,0.006201275690999292,13728,10088,3640,144,0.014274385408406027,7286,6435,851,83,0.012898212898212899,2,2,0,0,0.0,231,199,32,7,0.035175879396984924,2745,2670,75,18,0.006741573033707865,4308,3564,744,58,0.01627384960718294,16323,13252,3071,194,0.014639299728342891,4,4,0,0,0.0,607,488,119,22,0.045081967213114756,4914,4704,210,33,0.00701530612244898,10798,8056,2742,139,0.017254220456802385,0,0,0,0,,0,0,0,0,,4096,3103,993,8,0.002578150177247825,6208,5905,303,52,0.008806096528365791,8192,4721,3471,111,0.023511967803431476,0.041666666666666664,0.8333333333333334,0.0,24,0,3,0
0,1,company,company,exception,root500,0.5,0,True,results/bios-mechanism-dev-v1/p1/width-256/world-0-seed-1-company/edits/company-class-balanced-exception,93,0,0.0,3,0,0.0,90,0,0.0,93,0,0.0,3,0,0.0,90,0,0.0,96,0,0.0,45,0,0.0,96,0,0.0,48,0,0.0,48,0,0.0,21,0,0.0,24,0,0.0,48,0,0.0,48,0,0.0,21,0,0.0,24,0,0.0,20419,16355,4064,0,0.0,6,6,0,0,0.0,768,617,151,0,0.0,5917,5644,273,0,0.0,13728,10088,3640,0,0.0,7286,6435,851,0,0.0,2,2,0,0,0.0,231,199,32,0,0.0,2745,2670,75,0,0.0,4308,3564,744,0,0.0,16323,13252,3071,0,0.0,4,4,0,0,0.0,607,488,119,0,0.0,4914,4704,210,0,0.0,10798,8056,2742,0,0.0,0,0,0,0,,0,0,0,0,,4096,3103,993,0,0.0,6208,5905,303,0,0.0,8192,4721,3471,0,0.0,0.0,0.0,0.8333333333333334,24,0,4,0
0,1,company,company,exception,root500,0.5,32,True,results/bios-mechanism-dev-v1/p1/width-256/world-0-seed-1-company/edits/company-class-balanced-exception,93,8,0.08602150537634409,3,0,0.0,90,8,0.08888888888888889,93,8,0.08602150537634409,3,0,0.0,90,8,0.08888888888888889,96,0,0.0,45,0,0.0,96,0,0.0,48,0,0.0,48,0,0.0,21,0,0.0,24,0,0.0,48,0,0.0,48,0,0.0,21,0,0.0,24,0,0.0,20419,16355,4064,793,0.04848670131458269,6,6,0,0,0.0,768,617,151,67,0.1085899513776337,5917,5644,273,64,0.011339475549255847,13728,10088,3640,662,0.06562252180808882,7286,6435,851,194,0.03014763014763015,2,2,0,0,0.0,231,199,32,21,0.10552763819095477,2745,2670,75,32,0.01198501872659176,4308,3564,744,141,0.03956228956228956,16323,13252,3071,603,0.045502565650467855,4,4,0,0,0.0,607,488,119,55,0.11270491803278689,4914,4704,210,52,0.011054421768707483,10798,8056,2742,496,0.06156901688182721,0,0,0,0,,0,0,0,0,,4096,3103,993,190,0.06123106670963584,6208,5905,303,81,0.013717188823031329,8192,4721,3471,644,0.1364117771658547,0.0,0.0,0.5833333333333334,24,0,10,0
0,1,company,company,exception,root500,0.5,128,True,results/bios-mechanism-dev-v1/p1/width-256/world-0-seed-1-company/edits/company-class-balanced-exception,93,93,1.0,3,3,1.0,90,90,1.0,93,93,1.0,3,3,1.0,90,90,1.0,96,60,0.625,45,14,0.3111111111111111,96,60,0.625,48,34,0.7083333333333334,48,26,0.5416666666666666,21,8,0.38095238095238093,24,6,0.25,48,34,0.7083333333333334,48,26,0.5416666666666666,21,8,0.38095238095238093,24,6,0.25,20419,16355,4064,419,0.025619076734943444,6,6,0,0,0.0,768,617,151,39,0.06320907617504051,5917,5644,273,78,0.013819985825655563,13728,10088,3640,302,0.029936558287073752,7286,6435,851,187,0.02905982905982906,2,2,0,0,0.0,231,199,32,15,0.07537688442211055,2745,2670,75,44,0.01647940074906367,4308,3564,744,128,0.03591470258136925,16323,13252,3071,365,0.02754301237549049,4,4,0,0,0.0,607,488,119,35,0.07172131147540983,4914,4704,210,70,0.01488095238095238,10798,8056,2742,260,0.03227408142999007,0,0,0,0,,0,0,0,0,,4096,3103,993,54,0.017402513696422817,6208,5905,303,182,0.030821337849280272,8192,4721,3471,148,0.0313492904045753,0.25,0.5833333333333334,0.0,24,0,4,0
0,1,company,company,exception,root500,0.5,512,True,results/bios-mechanism-dev-v1/p1/width-256/world-0-seed-1-company/edits/company-class-balanced-exception,93,93,1.0,3,3,1.0,90,90,1.0,93,93,1.0,3,3,1.0,90,90,1.0,96,55,0.5729166666666666,45,9,0.2,96,55,0.5729166666666666,48,33,0.6875,48,22,0.4583333333333333,21,7,0.3333333333333333,24,2,0.08333333333333333,48,33,0.6875,48,22,0.4583333333333333,21,7,0.3333333333333333,24,2,0.08333333333333333,20419,16355,4064,189,0.01155609905227759,6,6,0,0,0.0,768,617,151,19,0.03079416531604538,5917,5644,273,31,0.005492558469170801,13728,10088,3640,139,0.013778747026169706,7286,6435,851,83,0.012898212898212899,2,2,0,0,0.0,231,199,32,7,0.035175879396984924,2745,2670,75,19,0.007116104868913857,4308,3564,744,57,0.015993265993265993,16323,13252,3071,180,0.013582855418050106,4,4,0,0,0.0,607,488,119,17,0.03483606557377049,4914,4704,210,30,0.006377551020408163,10798,8056,2742,133,0.01650943396226415,0,0,0,0,,0,0,0,0,,4096,3103,993,9,0.0029004189494038026,6208,5905,303,53,0.008975444538526672,8192,4721,3471,101,0.021393772505825037,0.08333333333333333,0.75,0.0,24,0,4,0
0,1,company,project,coherent,uniform,0.03225806451612903,0,True,results/bios-cross-scale-dev-v1/width-256/world-0-seed-1-company/edits/project-coherent-mlp,93,0,0.0,3,0,0.0,90,0,0.0,93,0,0.0,3,0,0.0,90,0,0.0,96,0,0.0,45,0,0.0,96,0,0.0,48,0,0.0,48,0,0.0,18,0,0.0,27,0,0.0,48,0,0.0,48,0,0.0,18,0,0.0,27,0,0.0,20419,16357,4062,0,0.0,6,3,3,0,0.0,768,604,164,0,0.0,5917,5632,285,0,0.0,13728,10118,3610,0,0.0,7286,6351,935,0,0.0,2,1,1,0,0.0,231,182,49,0,0.0,2745,2639,106,0,0.0,4308,3529,779,0,0.0,16323,13236,3087,0,0.0,4,2,2,0,0.0,617,481,136,0,0.0,4931,4702,229,0,0.0,10771,8051,2720,0,0.0,0,0,0,0,,0,0,0,0,,4096,3121,975,0,0.0,6208,5910,298,0,0.0,8192,4721,3471,0,0.0,0.0,0.0,1.0,27,0,0,0
0,1,company,project,coherent,uniform,0.03225806451612903,32,True,results/bios-cross-scale-dev-v1/width-256/world-0-seed-1-company/edits/project-coherent-mlp,93,75,0.8064516129032258,3,0,0.0,90,75,0.8333333333333334,93,75,0.8064516129032258,3,0,0.0,90,75,0.8333333333333334,96,12,0.125,45,4,0.08888888888888889,96,12,0.125,48,7,0.14583333333333334,48,5,0.10416666666666667,18,2,0.1111111111111111,27,2,0.07407407407407407,48,7,0.14583333333333334,48,5,0.10416666666666667,18,2,0.1111111111111111,27,2,0.07407407407407407,20419,16357,4062,531,0.032463165617166966,6,3,3,0,0.0,768,604,164,36,0.059602649006622516,5917,5632,285,130,0.023082386363636364,13728,10118,3610,365,0.03607432298873295,7286,6351,935,130,0.020469217446071483,2,1,1,0,0.0,231,182,49,5,0.027472527472527472,2745,2639,106,36,0.013641530882910194,4308,3529,779,89,0.02521960895437801,16323,13236,3087,406,0.030673919613176188,4,2,2,0,0.0,617,481,136,29,0.060291060291060294,4931,4702,229,96,0.020416843896214378,10771,8051,2720,281,0.034902496584275244,0,0,0,0,,0,0,0,0,,4096,3121,975,125,0.040051265619993594,6208,5910,298,64,0.010829103214890017,8192,4721,3471,337,0.07138318152933701,0.07407407407407407,0.0,0.7777777777777778,27,0,4,0
0,1,company,project,coherent,uniform,0.03225806451612903,128,True,results/bios-cross-scale-dev-v1/width-256/world-0-seed-1-company/edits/project-coherent-mlp,93,93,1.0,3,3,1.0,90,90,1.0,93,93,1.0,3,3,1.0,90,90,1.0,96,83,0.8645833333333334,45,40,0.8888888888888888,96,83,0.8645833333333334,48,42,0.875,48,41,0.8541666666666666,18,17,0.9444444444444444,27,23,0.8518518518518519,48,42,0.875,48,41,0.8541666666666666,18,17,0.9444444444444444,27,23,0.8518518518518519,20419,16357,4062,251,0.01534511218438589,6,3,3,0,0.0,768,604,164,29,0.048013245033112585,5917,5632,285,80,0.014204545454545454,13728,10118,3610,142,0.014034394149041313,7286,6351,935,81,0.012753897024090695,2,1,1,0,0.0,231,182,49,8,0.04395604395604396,2745,2639,106,30,0.011367942402425162,4308,3529,779,43,0.012184754888070274,16323,13236,3087,218,0.016470232698700515,4,2,2,0,0.0,617,481,136,24,0.0498960498960499,4931,4702,229,72,0.015312632922160783,10771,8051,2720,122,0.015153397093528755,0,0,0,0,,0,0,0,0,,4096,3121,975,33,0.010573534123678308,6208,5910,298,35,0.005922165820642978,8192,4721,3471,127,0.02690108027960178,0.8518518518518519,0.0,0.14814814814814814,27,0,0,0
0,1,company,project,coherent,uniform,0.03225806451612903,512,True,results/bios-cross-scale-dev-v1/width-256/world-0-seed-1-company/edits/project-coherent-mlp,93,93,1.0,3,3,1.0,90,90,1.0,93,93,1.0,3,3,1.0,90,90,1.0,96,85,0.8854166666666666,45,42,0.9333333333333333,96,85,0.8854166666666666,48,43,0.8958333333333334,48,42,0.875,18,18,1.0,27,24,0.8888888888888888,48,43,0.8958333333333334,48,42,0.875,18,18,1.0,27,24,0.8888888888888888,20419,16357,4062,156,0.00953720119826374,6,3,3,0,0.0,768,604,164,18,0.029801324503311258,5917,5632,285,38,0.006747159090909091,13728,10118,3610,100,0.0098833761612967,7286,6351,935,51,0.00803023145961266,2,1,1,0,0.0,231,182,49,4,0.02197802197802198,2745,2639,106,14,0.005305039787798408,4308,3529,779,33,0.009351090960612072,16323,13236,3087,146,0.011030522816560894,4,2,2,0,0.0,617,481,136,18,0.037422037422037424,4931,4702,229,36,0.0076563164610803916,10771,8051,2720,92,0.011427151906595453,0,0,0,0,,0,0,0,0,,4096,3121,975,10,0.0032041012495994873,6208,5910,298,20,0.00338409475465313,8192,4721,3471,91,0.019275577208218597,0.8888888888888888,0.0,0.1111111111111111,27,0,0,0
0,1,company,project,coherent,root125,0.125,0,False,results/bios-followup-v1/editing/world-0-seed-1-company/edits/project-coherent-root125,93,0,0.0,3,0,0.0,90,0,0.0,93,0,0.0,3,0,0.0,90,0,0.0,96,0,0.0,45,0,0.0,96,0,0.0,48,0,0.0,48,0,0.0,18,0,0.0,27,0,0.0,48,0,0.0,48,0,0.0,18,0,0.0,27,0,0.0,20419,16357,4062,0,0.0,6,3,3,0,0.0,768,604,164,0,0.0,5917,5632,285,0,0.0,13728,10118,3610,0,0.0,7286,6351,935,0,0.0,2,1,1,0,0.0,231,182,49,0,0.0,2745,2639,106,0,0.0,4308,3529,779,0,0.0,16323,13236,3087,0,0.0,4,2,2,0,0.0,617,481,136,0,0.0,4931,4702,229,0,0.0,10771,8051,2720,0,0.0,0,0,0,0,,0,0,0,0,,4096,3121,975,0,0.0,6208,5910,298,0,0.0,8192,4721,3471,0,0.0,0.0,0.0,1.0,27,0,0,0
0,1,company,project,coherent,root125,0.125,32,False,results/bios-followup-v1/editing/world-0-seed-1-company/edits/project-coherent-root125,93,71,0.7634408602150538,3,0,0.0,90,71,0.7888888888888889,93,71,0.7634408602150538,3,0,0.0,90,71,0.7888888888888889,96,12,0.125,45,3,0.06666666666666667,96,12,0.125,48,7,0.14583333333333334,48,5,0.10416666666666667,18,2,0.1111111111111111,27,1,0.037037037037037035,48,7,0.14583333333333334,48,5,0.10416666666666667,18,2,0.1111111111111111,27,1,0.037037037037037035,20419,16357,4062,538,0.032891116952986486,6,3,3,0,0.0,768,604,164,37,0.061258278145695365,5917,5632,285,128,0.022727272727272728,13728,10118,3610,373,0.03686499308163669,7286,6351,935,134,0.02109903952133522,2,1,1,0,0.0,231,182,49,5,0.027472527472527472,2745,2639,106,37,0.014020462296324365,4308,3529,779,92,0.02606970813261547,16323,13236,3087,407,0.030749471139317013,4,2,2,0,0.0,617,481,136,30,0.062370062370062374,4931,4702,229,94,0.01999149298170991,10771,8051,2720,283,0.0351509129300708,0,0,0,0,,0,0,0,0,,4096,3121,975,131,0.041973726369753286,6208,5910,298,68,0.011505922165820644,8192,4721,3471,342,0.07244227917814022,0.037037037037037035,0.0,0.7777777777777778,27,0,5,0
0,1,company,project,coherent,root125,0.125,128,False,results/bios-followup-v1/editing/world-0-seed-1-company/edits/project-coherent-root125,93,93,1.0,3,3,1.0,90,90,1.0,93,93,1.0,3,3,1.0,90,90,1.0,96,88,0.9166666666666666,45,42,0.9333333333333333,96,88,0.9166666666666666,48,46,0.9583333333333334,48,42,0.875,18,18,1.0,27,24,0.8888888888888888,48,46,0.9583333333333334,48,42,0.875,18,18,1.0,27,24,0.8888888888888888,20419,16357,4062,260,0.015895335330439568,6,3,3,0,0.0,768,604,164,28,0.046357615894039736,5917,5632,285,84,0.014914772727272728,13728,10118,3610,148,0.014627396718719115,7286,6351,935,84,0.013226263580538498,2,1,1,0,0.0,231,182,49,8,0.04395604395604396,2745,2639,106,32,0.012125805229253505,4308,3529,779,44,0.012468121280816095,16323,13236,3087,222,0.016772438803263828,4,2,2,0,0.0,617,481,136,24,0.0498960498960499,4931,4702,229,75,0.015950659293917483,10771,8051,2720,123,0.015277605266426532,0,0,0,0,,0,0,0,0,,4096,3121,975,38,0.012175584748478052,6208,5910,298,35,0.005922165820642978,8192,4721,3471,132,0.027960177928404998,0.8888888888888888,0.0,0.1111111111111111,27,0,0,0
0,1,company,project,coherent,root125,0.125,512,False,results/bios-followup-v1/editing/world-0-seed-1-company/edits/project-coherent-root125,93,93,1.0,3,3,1.0,90,90,1.0,93,93,1.0,3,3,1.0,90,90,1.0,96,88,0.9166666666666666,45,43,0.9555555555555556,96,88,0.9166666666666666,48,45,0.9375,48,43,0.8958333333333334,18,18,1.0,27,25,0.9259259259259259,48,45,0.9375,48,43,0.8958333333333334,18,18,1.0,27,25,0.9259259259259259,20419,16357,4062,157,0.009598337103380816,6,3,3,0,0.0,768,604,164,19,0.03145695364238411,5917,5632,285,41,0.007279829545454545,13728,10118,3610,97,0.009586874876457797,7286,6351,935,55,0.008660053534876398,2,1,1,0,0.0,231,182,49,4,0.02197802197802198,2745,2639,106,18,0.006820765441455097,4308,3529,779,33,0.009351090960612072,16323,13236,3087,148,0.01118162586884255,4,2,2,0,0.0,617,481,136,18,0.037422037422037424,4931,4702,229,39,0.00829434283283709,10771,8051,2720,91,0.011302943733697677,0,0,0,0,,0,0,0,0,,4096,3121,975,9,0.0028836911246395386,6208,5910,298,20,0.00338409475465313,8192,4721,3471,89,0.01885193814869731,0.9259259259259259,0.0,0.07407407407407407,27,0,0,0
0,1,company,project,coherent,root250,0.25,0,False,results/bios-followup-v1/editing/world-0-seed-1-company/edits/project-coherent-root250,93,0,0.0,3,0,0.0,90,0,0.0,93,0,0.0,3,0,0.0,90,0,0.0,96,0,0.0,45,0,0.0,96,0,0.0,48,0,0.0,48,0,0.0,18,0,0.0,27,0,0.0,48,0,0.0,48,0,0.0,18,0,0.0,27,0,0.0,20419,16357,4062,0,0.0,6,3,3,0,0.0,768,604,164,0,0.0,5917,5632,285,0,0.0,13728,10118,3610,0,0.0,7286,6351,935,0,0.0,2,1,1,0,0.0,231,182,49,0,0.0,2745,2639,106,0,0.0,4308,3529,779,0,0.0,16323,13236,3087,0,0.0,4,2,2,0,0.0,617,481,136,0,0.0,4931,4702,229,0,0.0,10771,8051,2720,0,0.0,0,0,0,0,,0,0,0,0,,4096,3121,975,0,0.0,6208,5910,298,0,0.0,8192,4721,3471,0,0.0,0.0,0.0,1.0,27,0,0,0
0,1,company,project,coherent,root250,0.25,32,False,results/bios-followup-v1/editing/world-0-seed-1-company/edits/project-coherent-root250,93,62,0.6666666666666666,3,0,0.0,90,62,0.6888888888888889,93,62,0.6666666666666666,3,0,0.0,90,62,0.6888888888888889,96,11,0.11458333333333333,45,3,0.06666666666666667,96,11,0.11458333333333333,48,7,0.14583333333333334,48,4,0.08333333333333333,18,2,0.1111111111111111,27,1,0.037037037037037035,48,7,0.14583333333333334,48,4,0.08333333333333333,18,2,0.1111111111111111,27,1,0.037037037037037035,20419,16357,4062,554,0.03386929143485969,6,3,3,0,0.0,768,604,164,34,0.056291390728476824,5917,5632,285,128,0.022727272727272728,13728,10118,3610,392,0.03874283455228306,7286,6351,935,134,0.02109903952133522,2,1,1,0,0.0,231,182,49,5,0.027472527472527472,2745,2639,106,35,0.013262599469496022,4308,3529,779,94,0.026636440918107112,16323,13236,3087,421,0.03180719250528861,4,2,2,0,0.0,617,481,136,28,0.058212058212058215,4931,4702,229,94,0.01999149298170991,10771,8051,2720,299,0.03713824369643522,0,0,0,0,,0,0,0,0,,4096,3121,975,133,0.042614546619673184,6208,5910,298,79,0.013367174280879865,8192,4721,3471,347,0.07350137682694344,0.037037037037037035,0.0,0.7407407407407407,27,0,6,0
0,1,company,project,coherent,root250,0.25,128,False,results/bios-followup-v1/editing/world-0-seed-1-company/edits/project-coherent-root250,93,93,1.0,3,3,1.0,90,90,1.0,93,93,1.0,3,3,1.0,90,90,1.0,96,89,0.9270833333333334,45,43,0.9555555555555556,96,89,0.9270833333333334,48,46,0.9583333333333334,48,43,0.8958333333333334,18,18,1.0,27,25,0.9259259259259259,48,46,0.9583333333333334,48,43,0.8958333333333334,18,18,1.0,27,25,0.9259259259259259,20419,16357,4062,261,0.015956471235556643,6,3,3,0,0.0,768,604,164,27,0.04470198675496689,5917,5632,285,85,0.015092329545454546,13728,10118,3610,149,0.014726230480332081,7286,6351,935,87,0.0136986301369863,2,1,1,0,0.0,231,182,49,7,0.038461538461538464,2745,2639,106,35,0.013262599469496022,4308,3529,779,45,0.012751487673561915,16323,13236,3087,226,0.01707464490782714,4,2,2,0,0.0,617,481,136,23,0.04781704781704782,4931,4702,229,76,0.016163334751169715,10771,8051,2720,127,0.015774437958017636,0,0,0,0,,0,0,0,0,,4096,3121,975,35,0.011214354373598205,6208,5910,298,36,0.006091370558375634,8192,4721,3471,132,0.027960177928404998,0.9259259259259259,0.0,0.07407407407407407,27,0,0,0
0,1,company,project,coherent,root250,0.25,512,False,results/bios-followup-v1/editing/world-0-seed-1-company/edits/project-coherent-root250,93,93,1.0,3,3,1.0,90,90,1.0,93,93,1.0,3,3,1.0,90,90,1.0,96,89,0.9270833333333334,45,43,0.9555555555555556,96,89,0.9270833333333334,48,46,0.9583333333333334,48,43,0.8958333333333334,18,18,1.0,27,25,0.9259259259259259,48,46,0.9583333333333334,48,43,0.8958333333333334,18,18,1.0,27,25,0.9259259259259259,20419,16357,4062,158,0.009659473008497892,6,3,3,0,0.0,768,604,164,17,0.028145695364238412,5917,5632,285,45,0.007990056818181818,13728,10118,3610,96,0.00948804111484483,7286,6351,935,61,0.009604786647772005,2,1,1,0,0.0,231,182,49,4,0.02197802197802198,2745,2639,106,22,0.008336491095111784,4308,3529,779,35,0.009917823746103713,16323,13236,3087,151,0.011408280447265036,4,2,2,0,0.0,617,481,136,17,0.035343035343035345,4931,4702,229,43,0.009145044661846022,10771,8051,2720,91,0.011302943733697677,0,0,0,0,,0,0,0,0,,4096,3121,975,7,0.002242870874719641,6208,5910,298,20,0.00338409475465313,8192,4721,3471,86,0.01821647955941538,0.9259259259259259,0.0,0.07407407407407407,27,0,0,0
0,1,company,project,coherent,root500,0.5,0,False,results/bios-followup-v1/editing/world-0-seed-1-company/edits/project-coherent-root500,93,0,0.0,3,0,0.0,90,0,0.0,93,0,0.0,3,0,0.0,90,0,0.0,96,0,0.0,45,0,0.0,96,0,0.0,48,0,0.0,48,0,0.0,18,0,0.0,27,0,0.0,48,0,0.0,48,0,0.0,18,0,0.0,27,0,0.0,20419,16357,4062,0,0.0,6,3,3,0,0.0,768,604,164,0,0.0,5917,5632,285,0,0.0,13728,10118,3610,0,0.0,7286,6351,935,0,0.0,2,1,1,0,0.0,231,182,49,0,0.0,2745,2639,106,0,0.0,4308,3529,779,0,0.0,16323,13236,3087,0,0.0,4,2,2,0,0.0,617,481,136,0,0.0,4931,4702,229,0,0.0,10771,8051,2720,0,0.0,0,0,0,0,,0,0,0,0,,4096,3121,975,0,0.0,6208,5910,298,0,0.0,8192,4721,3471,0,0.0,0.0,0.0,1.0,27,0,0,0
0,1,company,project,coherent,root500,0.5,32,False,results/bios-followup-v1/editing/world-0-seed-1-company/edits/project-coherent-root500,93,30,0.3225806451612903,3,0,0.0,90,30,0.3333333333333333,93,30,0.3225806451612903,3,0,0.0,90,30,0.3333333333333333,96,8,0.08333333333333333,45,3,0.06666666666666667,96,8,0.08333333333333333,48,6,0.125,48,2,0.041666666666666664,18,2,0.1111111111111111,27,1,0.037037037037037035,48,6,0.125,48,2,0.041666666666666664,18,2,0.1111111111111111,27,1,0.037037037037037035,20419,16357,4062,547,0.033441340099040165,6,3,3,0,0.0,768,604,164,29,0.048013245033112585,5917,5632,285,127,0.022549715909090908,13728,10118,3610,391,0.03864400079067009,7286,6351,935,127,0.01999685088962368,2,1,1,0,0.0,231,182,49,4,0.02197802197802198,2745,2639,106,37,0.014020462296324365,4308,3529,779,86,0.02436950977614055,16323,13236,3087,412,0.031127228770021154,4,2,2,0,0.0,617,481,136,23,0.04781704781704782,4931,4702,229,92,0.019566142067205444,10771,8051,2720,297,0.03688982735063967,0,0,0,0,,0,0,0,0,,4096,3121,975,135,0.04325536686959308,6208,5910,298,85,0.014382402707275803,8192,4721,3471,335,0.07095954246981571,0.037037037037037035,0.0,0.7777777777777778,27,0,5,0
0,1,company,project,coherent,root500,0.5,128,False,results/bios-followup-v1/editing/world-0-seed-1-company/edits/project-coherent-root500,93,93,1.0,3,3,1.0,90,90,1.0,93,93,1.0,3,3,1.0,90,90,1.0,96,89,0.9270833333333334,45,43,0.9555555555555556,96,89,0.9270833333333334,48,46,0.9583333333333334,48,43,0.8958333333333334,18,18,1.0,27,25,0.9259259259259259,48,46,0.9583333333333334,48,43,0.8958333333333334,18,18,1.0,27,25,0.9259259259259259,20419,16357,4062,265,0.016201014856024945,6,3,3,0,0.0,768,604,164,26,0.04304635761589404,5917,5632,285,88,0.015625,13728,10118,3610,151,0.014923898003558015,7286,6351,935,91,0.014328452212250039,2,1,1,0,0.0,231,182,49,6,0.03296703296703297,2745,2639,106,39,0.014778325123152709,4308,3529,779,46,0.013034854066307736,16323,13236,3087,227,0.017150196433967965,4,2,2,0,0.0,617,481,136,22,0.04573804573804574,4931,4702,229,79,0.016801361122926413,10771,8051,2720,126,0.01565022978511986,0,0,0,0,,0,0,0,0,,4096,3121,975,38,0.012175584748478052,6208,5910,298,35,0.005922165820642978,8192,4721,3471,135,0.028595636517686932,0.9259259259259259,0.0,0.07407407407407407,27,0,0,0
0,1,company,project,coherent,root500,0.5,512,False,results/bios-followup-v1/editing/world-0-seed-1-company/edits/project-coherent-root500,93,93,1.0,3,3,1.0,90,90,1.0,93,93,1.0,3,3,1.0,90,90,1.0,96,89,0.9270833333333334,45,43,0.9555555555555556,96,89,0.9270833333333334,48,46,0.9583333333333334,48,43,0.8958333333333334,18,18,1.0,27,25,0.9259259259259259,48,46,0.9583333333333334,48,43,0.8958333333333334,18,18,1.0,27,25,0.9259259259259259,20419,16357,4062,160,0.00978174481873204,6,3,3,0,0.0,768,604,164,16,0.026490066225165563,5917,5632,285,54,0.009588068181818182,13728,10118,3610,90,0.008895038545167029,7286,6351,935,63,0.009919697685403874,2,1,1,0,0.0,231,182,49,3,0.016483516483516484,2745,2639,106,30,0.011367942402425162,4308,3529,779,30,0.00850099178237461,16323,13236,3087,153,0.011559383499546692,4,2,2,0,0.0,617,481,136,16,0.033264033264033266,4931,4702,229,52,0.01105912377711612,10771,8051,2720,85,0.010557694696311017,0,0,0,0,,0,0,0,0,,4096,3121,975,7,0.002242870874719641,6208,5910,298,17,0.002876480541455161,8192,4721,3471,82,0.0173692014403728,0.9259259259259259,0.0,0.07407407407407407,27,0,0,0
0,1,company,project,exception,uniform,0.03225806451612903,0,True,results/bios-cross-scale-dev-v1/width-256/world-0-seed-1-company/edits/project-exception-mlp,93,0,0.0,3,0,0.0,90,0,0.0,93,0,0.0,3,0,0.0,90,0,0.0,96,0,0.0,45,0,0.0,96,0,0.0,48,0,0.0,48,0,0.0,18,0,0.0,27,0,0.0,48,0,0.0,48,0,0.0,18,0,0.0,27,0,0.0,20419,16357,4062,0,0.0,6,3,3,0,0.0,768,604,164,0,0.0,5917,5632,285,0,0.0,13728,10118,3610,0,0.0,7286,6351,935,0,0.0,2,1,1,0,0.0,231,182,49,0,0.0,2745,2639,106,0,0.0,4308,3529,779,0,0.0,16323,13236,3087,0,0.0,4,2,2,0,0.0,617,481,136,0,0.0,4931,4702,229,0,0.0,10771,8051,2720,0,0.0,0,0,0,0,,0,0,0,0,,4096,3121,975,0,0.0,6208,5910,298,0,0.0,8192,4721,3471,0,0.0,0.0,0.0,1.0,27,0,0,0
0,1,company,project,exception,uniform,0.03225806451612903,32,True,results/bios-cross-scale-dev-v1/width-256/world-0-seed-1-company/edits/project-exception-mlp,93,36,0.3870967741935484,3,0,0.0,90,36,0.4,93,36,0.3870967741935484,3,0,0.0,90,36,0.4,96,6,0.0625,45,2,0.044444444444444446,96,6,0.0625,48,3,0.0625,48,3,0.0625,18,1,0.05555555555555555,27,1,0.037037037037037035,48,3,0.0625,48,3,0.0625,18,1,0.05555555555555555,27,1,0.037037037037037035,20419,16357,4062,496,0.030323408938069327,6,3,3,0,0.0,768,604,164,34,0.056291390728476824,5917,5632,285,100,0.01775568181818182,13728,10118,3610,362,0.03577782170389405,7286,6351,935,125,0.019681939851991813,2,1,1,0,0.0,231,182,49,5,0.027472527472527472,2745,2639,106,26,0.009852216748768473,4308,3529,779,94,0.026636440918107112,16323,13236,3087,378,0.028558476881233003,4,2,2,0,0.0,617,481,136,29,0.060291060291060294,4931,4702,229,70,0.014887282007656316,10771,8051,2720,279,0.03465408023847969,0,0,0,0,,0,0,0,0,,4096,3121,975,118,0.03780839474527395,6208,5910,298,67,0.011336717428087987,8192,4721,3471,328,0.0694768057614912,0.037037037037037035,0.0,0.7407407407407407,27,0,6,0
0,1,company,project,exception,uniform,0.03225806451612903,128,True,results/bios-cross-scale-dev-v1/width-256/world-0-seed-1-company/edits/project-exception-mlp,93,93,1.0,3,3,1.0,90,90,1.0,93,93,1.0,3,3,1.0,90,90,1.0,96,53,0.5520833333333334,45,11,0.24444444444444444,96,53,0.5520833333333334,48,32,0.6666666666666666,48,21,0.4375,18,6,0.3333333333333333,27,5,0.18518518518518517,48,32,0.6666666666666666,48,21,0.4375,18,6,0.3333333333333333,27,5,0.18518518518518517,20419,16357,4062,262,0.01601760714067372,6,3,3,0,0.0,768,604,164,31,0.05132450331125828,5917,5632,285,87,0.015447443181818182,13728,10118,3610,144,0.014232061672267246,7286,6351,935,86,0.013541174618170367,2,1,1,0,0.0,231,182,49,8,0.04395604395604396,2745,2639,106,33,0.012504736642667677,4308,3529,779,45,0.012751487673561915,16323,13236,3087,236,0.01783016016923542,4,2,2,0,0.0,617,481,136,28,0.058212058212058215,4931,4702,229,79,0.016801361122926413,10771,8051,2720,129,0.01602285430381319,0,0,0,0,,0,0,0,0,,4096,3121,975,26,0.008330663248958666,6208,5910,298,36,0.006091370558375634,8192,4721,3471,128,0.027112899809362424,0.18518518518518517,0.48148148148148145,0.18518518518518517,27,0,4,0
0,1,company,project,exception,uniform,0.03225806451612903,512,True,results/bios-cross-scale-dev-v1/width-256/world-0-seed-1-company/edits/project-exception-mlp,93,93,1.0,3,3,1.0,90,90,1.0,93,93,1.0,3,3,1.0,90,90,1.0,96,51,0.53125,45,11,0.24444444444444444,96,51,0.53125,48,31,0.6458333333333334,48,20,0.4166666666666667,18,6,0.3333333333333333,27,5,0.18518518518518517,48,31,0.6458333333333334,48,20,0.4166666666666667,18,6,0.3333333333333333,27,5,0.18518518518518517,20419,16357,4062,148,0.009048113957327138,6,3,3,0,0.0,768,604,164,18,0.029801324503311258,5917,5632,285,40,0.007102272727272727,13728,10118,3610,90,0.008895038545167029,7286,6351,935,49,0.00771532042198079,2,1,1,0,0.0,231,182,49,3,0.016483516483516484,2745,2639,106,14,0.005305039787798408,4308,3529,779,32,0.009067724567866252,16323,13236,3087,142,0.010728316711997582,4,2,2,0,0.0,617,481,136,18,0.037422037422037424,4931,4702,229,39,0.00829434283283709,10771,8051,2720,85,0.010557694696311017,0,0,0,0,,0,0,0,0,,4096,3121,975,6,0.0019224607497596924,6208,5910,298,18,0.003045685279187817,8192,4721,3471,81,0.017157381910612158,0.18518518518518517,0.5555555555555556,0.18518518518518517,27,0,2,0
0,1,company,project,exception,root125,0.125,0,False,results/bios-followup-v1/editing/world-0-seed-1-company/edits/project-exception-root125,93,0,0.0,3,0,0.0,90,0,0.0,93,0,0.0,3,0,0.0,90,0,0.0,96,0,0.0,45,0,0.0,96,0,0.0,48,0,0.0,48,0,0.0,18,0,0.0,27,0,0.0,48,0,0.0,48,0,0.0,18,0,0.0,27,0,0.0,20419,16357,4062,0,0.0,6,3,3,0,0.0,768,604,164,0,0.0,5917,5632,285,0,0.0,13728,10118,3610,0,0.0,7286,6351,935,0,0.0,2,1,1,0,0.0,231,182,49,0,0.0,2745,2639,106,0,0.0,4308,3529,779,0,0.0,16323,13236,3087,0,0.0,4,2,2,0,0.0,617,481,136,0,0.0,4931,4702,229,0,0.0,10771,8051,2720,0,0.0,0,0,0,0,,0,0,0,0,,4096,3121,975,0,0.0,6208,5910,298,0,0.0,8192,4721,3471,0,0.0,0.0,0.0,1.0,27,0,0,0
0,1,company,project,exception,root125,0.125,32,False,results/bios-followup-v1/editing/world-0-seed-1-company/edits/project-exception-root125,93,33,0.3548387096774194,3,0,0.0,90,33,0.36666666666666664,93,33,0.3548387096774194,3,0,0.0,90,33,0.36666666666666664,96,7,0.07291666666666667,45,2,0.044444444444444446,96,7,0.07291666666666667,48,3,0.0625,48,4,0.08333333333333333,18,1,0.05555555555555555,27,1,0.037037037037037035,48,3,0.0625,48,4,0.08333333333333333,18,1,0.05555555555555555,27,1,0.037037037037037035,20419,16357,4062,509,0.031118175704591307,6,3,3,0,0.0,768,604,164,30,0.04966887417218543,5917,5632,285,105,0.018643465909090908,13728,10118,3610,374,0.036963826843249656,7286,6351,935,129,0.02031176192725555,2,1,1,0,0.0,231,182,49,4,0.02197802197802198,2745,2639,106,28,0.010610079575596816,4308,3529,779,97,0.027486540096344575,16323,13236,3087,387,0.029238440616500452,4,2,2,0,0.0,617,481,136,25,0.05197505197505198,4931,4702,229,75,0.015950659293917483,10771,8051,2720,287,0.035647745621661904,0,0,0,0,,0,0,0,0,,4096,3121,975,122,0.039090035245113744,6208,5910,298,69,0.011675126903553299,8192,4721,3471,334,0.07074772294005507,0.037037037037037035,0.0,0.7037037037037037,27,0,7,0
0,1,company,project,exception,root125,0.125,128,False,results/bios-followup-v1/editing/world-0-seed-1-company/edits/project-exception-root125,93,93,1.0,3,3,1.0,90,90,1.0,93,93,1.0,3,3,1.0,90,90,1.0,96,60,0.625,45,16,0.35555555555555557,96,60,0.625,48,33,0.6875,48,27,0.5625,18,6,0.3333333333333333,27,10,0.37037037037037035,48,33,0.6875,48,27,0.5625,18,6,0.3333333333333333,27,10,0.37037037037037035,20419,16357,4062,270,0.01650669438161032,6,3,3,0,0.0,768,604,164,30,0.04966887417218543,5917,5632,285,87,0.015447443181818182,13728,10118,3610,153,0.01512156552678395,7286,6351,935,88,0.013856085655802236,2,1,1,0,0.0,231,182,49,7,0.038461538461538464,2745,2639,106,36,0.013641530882910194,4308,3529,779,45,0.012751487673561915,16323,13236,3087,238,0.017981263221517076,4,2,2,0,0.0,617,481,136,27,0.056133056133056136,4931,4702,229,79,0.016801361122926413,10771,8051,2720,132,0.01639547882250652,0,0,0,0,,0,0,0,0,,4096,3121,975,32,0.01025312399871836,6208,5910,298,38,0.006429780033840948,8192,4721,3471,135,0.028595636517686932,0.37037037037037035,0.4074074074074074,0.14814814814814814,27,0,2,0
0,1,company,project,exception,root125,0.125,512,False,results/bios-followup-v1/editing/world-0-seed-1-company/edits/project-exception-root125,93,93,1.0,3,3,1.0,90,90,1.0,93,93,1.0,3,3,1.0,90,90,1.0,96,53,0.5520833333333334,45,12,0.26666666666666666,96,53,0.5520833333333334,48,31,0.6458333333333334,48,22,0.4583333333333333,18,6,0.3333333333333333,27,6,0.2222222222222222,48,31,0.6458333333333334,48,22,0.4583333333333333,18,6,0.3333333333333333,27,6,0.2222222222222222,20419,16357,4062,154,0.00941492938802959,6,3,3,0,0.0,768,604,164,16,0.026490066225165563,5917,5632,285,46,0.008167613636363636,13728,10118,3610,92,0.009092706068392962,7286,6351,935,52,0.008187686978428595,2,1,1,0,0.0,231,182,49,2,0.01098901098901099,2745,2639,106,18,0.006820765441455097,4308,3529,779,32,0.009067724567866252,16323,13236,3087,148,0.01118162586884255,4,2,2,0,0.0,617,481,136,16,0.033264033264033266,4931,4702,229,44,0.009357720119098255,10771,8051,2720,88,0.010930319215004347,0,0,0,0,,0,0,0,0,,4096,3121,975,6,0.0019224607497596924,6208,5910,298,16,0.0027072758037225042,8192,4721,3471,84,0.01779284049989409,0.2222222222222222,0.5185185185185185,0.18518518518518517,27,0,2,0
0,1,company,project,exception,root250,0.25,0,False,results/bios-followup-v1/editing/world-0-seed-1-company/edits/project-exception-root250,93,0,0.0,3,0,0.0,90,0,0.0,93,0,0.0,3,0,0.0,90,0,0.0,96,0,0.0,45,0,0.0,96,0,0.0,48,0,0.0,48,0,0.0,18,0,0.0,27,0,0.0,48,0,0.0,48,0,0.0,18,0,0.0,27,0,0.0,20419,16357,4062,0,0.0,6,3,3,0,0.0,768,604,164,0,0.0,5917,5632,285,0,0.0,13728,10118,3610,0,0.0,7286,6351,935,0,0.0,2,1,1,0,0.0,231,182,49,0,0.0,2745,2639,106,0,0.0,4308,3529,779,0,0.0,16323,13236,3087,0,0.0,4,2,2,0,0.0,617,481,136,0,0.0,4931,4702,229,0,0.0,10771,8051,2720,0,0.0,0,0,0,0,,0,0,0,0,,4096,3121,975,0,0.0,6208,5910,298,0,0.0,8192,4721,3471,0,0.0,0.0,0.0,1.0,27,0,0,0
0,1,company,project,exception,root250,0.25,32,False,results/bios-followup-v1/editing/world-0-seed-1-company/edits/project-exception-root250,93,25,0.26881720430107525,3,0,0.0,90,25,0.2777777777777778,93,25,0.26881720430107525,3,0,0.0,90,25,0.2777777777777778,96,8,0.08333333333333333,45,3,0.06666666666666667,96,8,0.08333333333333333,48,4,0.08333333333333333,48,4,0.08333333333333333,18,2,0.1111111111111111,27,1,0.037037037037037035,48,4,0.08333333333333333,48,4,0.08333333333333333,18,2,0.1111111111111111,27,1,0.037037037037037035,20419,16357,4062,521,0.03185180656599621,6,3,3,0,0.0,768,604,164,31,0.05132450331125828,5917,5632,285,103,0.018288352272727272,13728,10118,3610,387,0.03824866574421822,7286,6351,935,130,0.020469217446071483,2,1,1,0,0.0,231,182,49,4,0.02197802197802198,2745,2639,106,28,0.010610079575596816,4308,3529,779,98,0.027769906489090394,16323,13236,3087,400,0.030220610456331218,4,2,2,0,0.0,617,481,136,26,0.05405405405405406,4931,4702,229,74,0.015737983836665248,10771,8051,2720,300,0.037262451869333,0,0,0,0,,0,0,0,0,,4096,3121,975,121,0.0387696251201538,6208,5910,298,79,0.013367174280879865,8192,4721,3471,338,0.07159500105909765,0.037037037037037035,0.0,0.7037037037037037,27,0,7,0
0,1,company,project,exception,root250,0.25,128,False,results/bios-followup-v1/editing/world-0-seed-1-company/edits/project-exception-root250,93,93,1.0,3,3,1.0,90,90,1.0,93,93,1.0,3,3,1.0,90,90,1.0,96,65,0.6770833333333334,45,21,0.4666666666666667,96,65,0.6770833333333334,48,36,0.75,48,29,0.6041666666666666,18,9,0.5,27,12,0.4444444444444444,48,36,0.75,48,29,0.6041666666666666,18,9,0.5,27,12,0.4444444444444444,20419,16357,4062,286,0.017484868863483525,6,3,3,0,0.0,768,604,164,32,0.052980132450331126,5917,5632,285,92,0.016335227272727272,13728,10118,3610,162,0.016011069381300654,7286,6351,935,94,0.014800818768697844,2,1,1,0,0.0,231,182,49,9,0.04945054945054945,2745,2639,106,40,0.015157256536566882,4308,3529,779,45,0.012751487673561915,16323,13236,3087,250,0.018887881535207013,4,2,2,0,0.0,617,481,136,29,0.060291060291060294,4931,4702,229,84,0.01786473840918758,10771,8051,2720,137,0.017016519686995406,0,0,0,0,,0,0,0,0,,4096,3121,975,36,0.011534764498558154,6208,5910,298,39,0.006598984771573604,8192,4721,3471,142,0.030078373226011437,0.4444444444444444,0.37037037037037035,0.1111111111111111,27,0,2,0
0,1,company,project,exception,root250,0.25,512,False,results/bios-followup-v1/editing/world-0-seed-1-company/edits/project-exception-root250,93,93,1.0,3,3,1.0,90,90,1.0,93,93,1.0,3,3,1.0,90,90,1.0,96,59,0.6145833333333334,45,17,0.37777777777777777,96,59,0.6145833333333334,48,31,0.6458333333333334,48,28,0.5833333333333334,18,6,0.3333333333333333,27,11,0.4074074074074074,48,31,0.6458333333333334,48,28,0.5833333333333334,18,6,0.3333333333333333,27,11,0.4074074074074074,20419,16357,4062,153,0.009353793482912515,6,3,3,0,0.0,768,604,164,16,0.026490066225165563,5917,5632,285,46,0.008167613636363636,13728,10118,3610,91,0.008993872306779995,7286,6351,935,56,0.008817509053692331,2,1,1,0,0.0,231,182,49,2,0.01098901098901099,2745,2639,106,21,0.007957559681697613,4308,3529,779,33,0.009351090960612072,16323,13236,3087,149,0.01125717739498338,4,2,2,0,0.0,617,481,136,16,0.033264033264033266,4931,4702,229,45,0.009570395576350489,10771,8051,2720,88,0.010930319215004347,0,0,0,0,,0,0,0,0,,4096,3121,975,4,0.001281640499839795,6208,5910,298,16,0.0027072758037225042,8192,4721,3471,84,0.01779284049989409,0.4074074074074074,0.3333333333333333,0.14814814814814814,27,0,3,0
0,1,company,project,exception,root500,0.5,0,True,results/bios-mechanism-dev-v1/p1/width-256/world-0-seed-1-company/edits/project-class-balanced-exception,93,0,0.0,3,0,0.0,90,0,0.0,93,0,0.0,3,0,0.0,90,0,0.0,96,0,0.0,45,0,0.0,96,0,0.0,48,0,0.0,48,0,0.0,18,0,0.0,27,0,0.0,48,0,0.0,48,0,0.0,18,0,0.0,27,0,0.0,20419,16357,4062,0,0.0,6,3,3,0,0.0,768,604,164,0,0.0,5917,5632,285,0,0.0,13728,10118,3610,0,0.0,7286,6351,935,0,0.0,2,1,1,0,0.0,231,182,49,0,0.0,2745,2639,106,0,0.0,4308,3529,779,0,0.0,16323,13236,3087,0,0.0,4,2,2,0,0.0,617,481,136,0,0.0,4931,4702,229,0,0.0,10771,8051,2720,0,0.0,0,0,0,0,,0,0,0,0,,4096,3121,975,0,0.0,6208,5910,298,0,0.0,8192,4721,3471,0,0.0,0.0,0.0,1.0,27,0,0,0
0,1,company,project,exception,root500,0.5,32,True,results/bios-mechanism-dev-v1/p1/width-256/world-0-seed-1-company/edits/project-class-balanced-exception,93,13,0.13978494623655913,3,0,0.0,90,13,0.14444444444444443,93,13,0.13978494623655913,3,0,0.0,90,13,0.14444444444444443,96,4,0.041666666666666664,45,1,0.022222222222222223,96,4,0.041666666666666664,48,3,0.0625,48,1,0.020833333333333332,18,1,0.05555555555555555,27,0,0.0,48,3,0.0625,48,1,0.020833333333333332,18,1,0.05555555555555555,27,0,0.0,20419,16357,4062,507,0.030995903894357156,6,3,3,0,0.0,768,604,164,23,0.0380794701986755,5917,5632,285,105,0.018643465909090908,13728,10118,3610,379,0.03745799565131449,7286,6351,935,115,0.01810738466383247,2,1,1,0,0.0,231,182,49,2,0.01098901098901099,2745,2639,106,28,0.010610079575596816,4308,3529,779,85,0.02408614338339473,16323,13236,3087,384,0.02901178603807797,4,2,2,0,0.0,617,481,136,17,0.035343035343035345,4931,4702,229,76,0.016163334751169715,10771,8051,2720,291,0.03614457831325301,0,0,0,0,,0,0,0,0,,4096,3121,975,123,0.039410445370073696,6208,5910,298,86,0.01455160744500846,8192,4721,3471,316,0.06693497140436348,0.0,0.0,0.7777777777777778,27,0,6,0
0,1,company,project,exception,root500,0.5,128,True,results/bios-mechanism-dev-v1/p1/width-256/world-0-seed-1-company/edits/project-class-balanced-exception,93,93,1.0,3,3,1.0,90,90,1.0,93,93,1.0,3,3,1.0,90,90,1.0,96,68,0.7083333333333334,45,23,0.5111111111111111,96,68,0.7083333333333334,48,37,0.7708333333333334,48,31,0.6458333333333334,18,10,0.5555555555555556,27,13,0.48148148148148145,48,37,0.7708333333333334,48,31,0.6458333333333334,18,10,0.5555555555555556,27,13,0.48148148148148145,20419,16357,4062,293,0.01791282019930305,6,3,3,0,0.0,768,604,164,34,0.056291390728476824,5917,5632,285,92,0.016335227272727272,13728,10118,3610,167,0.016505238189365487,7286,6351,935,98,0.01543064084396158,2,1,1,0,0.0,231,182,49,10,0.054945054945054944,2745,2639,106,43,0.0162940507768094,4308,3529,779,45,0.012751487673561915,16323,13236,3087,256,0.01934119069205198,4,2,2,0,0.0,617,481,136,31,0.06444906444906445,4931,4702,229,84,0.01786473840918758,10771,8051,2720,141,0.017513352378586512,0,0,0,0,,0,0,0,0,,4096,3121,975,37,0.011855174623518103,6208,5910,298,38,0.006429780033840948,8192,4721,3471,150,0.03177292946409659,0.48148148148148145,0.3333333333333333,0.1111111111111111,27,0,2,0
0,1,company,project,exception,root500,0.5,512,True,results/bios-mechanism-dev-v1/p1/width-256/world-0-seed-1-company/edits/project-class-balanced-exception,93,93,1.0,3,3,1.0,90,90,1.0,93,93,1.0,3,3,1.0,90,90,1.0,96,63,0.65625,45,20,0.4444444444444444,96,63,0.65625,48,34,0.7083333333333334,48,29,0.6041666666666666,18,8,0.4444444444444444,27,12,0.4444444444444444,48,34,0.7083333333333334,48,29,0.6041666666666666,18,8,0.4444444444444444,27,12,0.4444444444444444,20419,16357,4062,167,0.010209696154551568,6,3,3,0,0.0,768,604,164,17,0.028145695364238412,5917,5632,285,54,0.009588068181818182,13728,10118,3610,96,0.00948804111484483,7286,6351,935,69,0.01086443079829948,2,1,1,0,0.0,231,182,49,3,0.016483516483516484,2745,2639,106,30,0.011367942402425162,4308,3529,779,36,0.010201190138849533,16323,13236,3087,163,0.012314898760954972,4,2,2,0,0.0,617,481,136,17,0.035343035343035345,4931,4702,229,53,0.011271799234368354,10771,8051,2720,93,0.01155136007949323,0,0,0,0,,0,0,0,0,,4096,3121,975,4,0.001281640499839795,6208,5910,298,16,0.0027072758037225042,8192,4721,3471,90,0.019063757678457954,0.4444444444444444,0.37037037037037035,0.1111111111111111,27,0,2,0
0,1,project,company,coherent,uniform,0.03225806451612903,0,True,results/bios-cross-scale-dev-v1/width-256/world-0-seed-1-project/edits/company-coherent-mlp,93,0,0.0,3,0,0.0,90,0,0.0,93,0,0.0,3,0,0.0,90,0,0.0,96,0,0.0,45,0,0.0,96,0,0.0,48,0,0.0,48,0,0.0,21,0,0.0,24,0,0.0,48,0,0.0,48,0,0.0,21,0,0.0,24,0,0.0,20419,20266,153,0,0.0,6,6,0,0,0.0,768,763,5,0,0.0,5917,5859,58,0,0.0,13728,13638,90,0,0.0,7286,7181,105,0,0.0,2,2,0,0,0.0,231,228,3,0,0.0,2745,2691,54,0,0.0,4308,4260,48,0,0.0,16323,16187,136,0,0.0,4,4,0,0,0.0,607,602,5,0,0.0,4914,4858,56,0,0.0,10798,10723,75,0,0.0,0,0,0,0,,0,0,0,0,,4096,4079,17,0,0.0,6208,6132,76,0,0.0,8192,8173,19,0,0.0,0.0,0.0,1.0,24,0,0,0
0,1,project,company,coherent,uniform,0.03225806451612903,32,True,results/bios-cross-scale-dev-v1/width-256/world-0-seed-1-project/edits/company-coherent-mlp,93,47,0.5053763440860215,3,0,0.0,90,47,0.5222222222222223,93,47,0.5053763440860215,3,0,0.0,90,47,0.5222222222222223,96,28,0.2916666666666667,45,13,0.28888888888888886,96,28,0.2916666666666667,48,12,0.25,48,16,0.3333333333333333,21,5,0.23809523809523808,24,8,0.3333333333333333,48,12,0.25,48,16,0.3333333333333333,21,5,0.23809523809523808,24,8,0.3333333333333333,20419,20266,153,57,0.002812592519490773,6,6,0,0,0.0,768,763,5,2,0.002621231979030144,5917,5859,58,16,0.00273084144051886,13728,13638,90,39,0.0028596568411790586,7286,7181,105,30,0.004177691129369169,2,2,0,0,0.0,231,228,3,2,0.008771929824561403,2745,2691,54,9,0.0033444816053511705,4308,4260,48,19,0.004460093896713615,16323,16187,136,51,0.003150676468771236,4,4,0,0,0.0,607,602,5,2,0.0033222591362126247,4914,4858,56,15,0.003087690407575134,10798,10723,75,34,0.003170754453044857,0,0,0,0,,0,0,0,0,,4096,4079,17,6,0.0014709487619514587,6208,6132,76,34,0.005544683626875407,8192,8173,19,7,0.0008564786492108161,0.3333333333333333,0.0,0.6666666666666666,24,0,0,0
0,1,project,company,coherent,uniform,0.03225806451612903,128,True,results/bios-cross-scale-dev-v1/width-256/world-0-seed-1-project/edits/company-coherent-mlp,93,93,1.0,3,3,1.0,90,90,1.0,93,93,1.0,3,3,1.0,90,90,1.0,96,94,0.9791666666666666,45,45,1.0,96,94,0.9791666666666666,48,48,1.0,48,46,0.9583333333333334,21,21,1.0,24,24,1.0,48,48,1.0,48,46,0.9583333333333334,21,21,1.0,24,24,1.0,20419,20266,153,162,0.007993684002763249,6,6,0,1,0.16666666666666666,768,763,5,9,0.011795543905635648,5917,5859,58,53,0.009045912271718724,13728,13638,90,99,0.007259128904531456,7286,7181,105,92,0.012811586130065451,2,2,0,0,0.0,231,228,3,5,0.021929824561403508,2745,2691,54,30,0.011148272017837236,4308,4260,48,57,0.013380281690140845,16323,16187,136,149,0.009204917526410082,4,4,0,1,0.25,607,602,5,8,0.013289036544850499,4914,4858,56,48,0.009880609304240428,10798,10723,75,92,0.00857968852000373,0,0,0,0,,0,0,0,0,,4096,4079,17,13,0.003187055650894827,6208,6132,76,99,0.01614481409001957,8192,8173,19,8,0.0009788327419552184,1.0,0.0,0.0,24,0,0,0
0,1,project,company,coherent,uniform,0.03225806451612903,512,True,results/bios-cross-scale-dev-v1/width-256/world-0-seed-1-project/edits/company-coherent-mlp,93,93,1.0,3,3,1.0,90,90,1.0,93,93,1.0,3,3,1.0,90,90,1.0,96,94,0.9791666666666666,45,45,1.0,96,94,0.9791666666666666,48,48,1.0,48,46,0.9583333333333334,21,21,1.0,24,24,1.0,48,48,1.0,48,46,0.9583333333333334,21,21,1.0,24,24,1.0,20419,20266,153,54,0.0026645613342544164,6,6,0,1,0.16666666666666666,768,763,5,0,0.0,5917,5859,58,22,0.0037549069807134325,13728,13638,90,31,0.0022730605660654054,7286,7181,105,31,0.004316947500348141,2,2,0,0,0.0,231,228,3,0,0.0,2745,2691,54,15,0.005574136008918618,4308,4260,48,16,0.003755868544600939,16323,16187,136,54,0.003336010378698956,4,4,0,1,0.25,607,602,5,0,0.0,4914,4858,56,22,0.004528612597776863,10798,10723,75,31,0.0028909820013056048,0,0,0,0,,0,0,0,0,,4096,4079,17,0,0.0,6208,6132,76,28,0.0045662100456621,8192,8173,19,3,0.0003670622782332069,1.0,0.0,0.0,24,0,0,0
0,1,project,company,coherent,root125,0.125,0,False,results/bios-followup-v1/editing/world-0-seed-1-project/edits/company-coherent-root125,93,0,0.0,3,0,0.0,90,0,0.0,93,0,0.0,3,0,0.0,90,0,0.0,96,0,0.0,45,0,0.0,96,0,0.0,48,0,0.0,48,0,0.0,21,0,0.0,24,0,0.0,48,0,0.0,48,0,0.0,21,0,0.0,24,0,0.0,20419,20266,153,0,0.0,6,6,0,0,0.0,768,763,5,0,0.0,5917,5859,58,0,0.0,13728,13638,90,0,0.0,7286,7181,105,0,0.0,2,2,0,0,0.0,231,228,3,0,0.0,2745,2691,54,0,0.0,4308,4260,48,0,0.0,16323,16187,136,0,0.0,4,4,0,0,0.0,607,602,5,0,0.0,4914,4858,56,0,0.0,10798,10723,75,0,0.0,0,0,0,0,,0,0,0,0,,4096,4079,17,0,0.0,6208,6132,76,0,0.0,8192,8173,19,0,0.0,0.0,0.0,1.0,24,0,0,0
0,1,project,company,coherent,root125,0.125,32,False,results/bios-followup-v1/editing/world-0-seed-1-project/edits/company-coherent-root125,93,43,0.46236559139784944,3,0,0.0,90,43,0.4777777777777778,93,43,0.46236559139784944,3,0,0.0,90,43,0.4777777777777778,96,27,0.28125,45,13,0.28888888888888886,96,27,0.28125,48,13,0.2708333333333333,48,14,0.2916666666666667,21,5,0.23809523809523808,24,8,0.3333333333333333,48,13,0.2708333333333333,48,14,0.2916666666666667,21,5,0.23809523809523808,24,8,0.3333333333333333,20419,20266,153,56,0.002763248791078654,6,6,0,0,0.0,768,763,5,1,0.001310615989515072,5917,5859,58,16,0.00273084144051886,13728,13638,90,39,0.0028596568411790586,7286,7181,105,29,0.004038434758390197,2,2,0,0,0.0,231,228,3,1,0.0043859649122807015,2745,2691,54,9,0.0033444816053511705,4308,4260,48,19,0.004460093896713615,16323,16187,136,50,0.0030888984987953298,4,4,0,0,0.0,607,602,5,1,0.0016611295681063123,4914,4858,56,15,0.003087690407575134,10798,10723,75,34,0.003170754453044857,0,0,0,0,,0,0,0,0,,4096,4079,17,6,0.0014709487619514587,6208,6132,76,34,0.005544683626875407,8192,8173,19,6,0.0007341245564664138,0.3333333333333333,0.0,0.6666666666666666,24,0,0,0
0,1,project,company,coherent,root125,0.125,128,False,results/bios-followup-v1/editing/world-0-seed-1-project/edits/company-coherent-root125,93,93,1.0,3,3,1.0,90,90,1.0,93,93,1.0,3,3,1.0,90,90,1.0,96,94,0.9791666666666666,45,45,1.0,96,94,0.9791666666666666,48,48,1.0,48,46,0.9583333333333334,21,21,1.0,24,24,1.0,48,48,1.0,48,46,0.9583333333333334,21,21,1.0,24,24,1.0,20419,20266,153,178,0.00878318365735715,6,6,0,1,0.16666666666666666,768,763,5,11,0.014416775884665793,5917,5859,58,59,0.010069977811913296,13728,13638,90,107,0.007845725179645109,7286,7181,105,103,0.014343406210834145,2,2,0,0,0.0,231,228,3,7,0.03070175438596491,2745,2691,54,33,0.012263099219620958,4308,4260,48,63,0.014788732394366197,16323,16187,136,163,0.010069809106072775,4,4,0,1,0.25,607,602,5,10,0.016611295681063124,4914,4858,56,53,0.010909839440098806,10798,10723,75,99,0.009232490907395318,0,0,0,0,,0,0,0,0,,4096,4079,17,15,0.003677371904878647,6208,6132,76,108,0.01761252446183953,8192,8173,19,9,0.0011011868346996207,1.0,0.0,0.0,24,0,0,0
0,1,project,company,coherent,root125,0.125,512,False,results/bios-followup-v1/editing/world-0-seed-1-project/edits/company-coherent-root125,93,93,1.0,3,3,1.0,90,90,1.0,93,93,1.0,3,3,1.0,90,90,1.0,96,94,0.9791666666666666,45,45,1.0,96,94,0.9791666666666666,48,48,1.0,48,46,0.9583333333333334,21,21,1.0,24,24,1.0,48,48,1.0,48,46,0.9583333333333334,21,21,1.0,24,24,1.0,20419,20266,153,61,0.003009967433139248,6,6,0,1,0.16666666666666666,768,763,5,1,0.001310615989515072,5917,5859,58,25,0.004266939750810718,13728,13638,90,34,0.0024930341692330255,7286,7181,105,32,0.0044562038713271135,2,2,0,0,0.0,231,228,3,0,0.0,2745,2691,54,16,0.005945745076179859,4308,4260,48,16,0.003755868544600939,16323,16187,136,61,0.003768456168530302,4,4,0,1,0.25,607,602,5,1,0.0016611295681063123,4914,4858,56,25,0.00514615067929189,10798,10723,75,34,0.003170754453044857,0,0,0,0,,0,0,0,0,,4096,4079,17,0,0.0,6208,6132,76,31,0.005055446836268754,8192,8173,19,3,0.0003670622782332069,1.0,0.0,0.0,24,0,0,0
0,1,project,company,coherent,root250,0.25,0,False,results/bios-followup-v1/editing/world-0-seed-1-project/edits/company-coherent-root250,93,0,0.0,3,0,0.0,90,0,0.0,93,0,0.0,3,0,0.0,90,0,0.0,96,0,0.0,45,0,0.0,96,0,0.0,48,0,0.0,48,0,0.0,21,0,0.0,24,0,0.0,48,0,0.0,48,0,0.0,21,0,0.0,24,0,0.0,20419,20266,153,0,0.0,6,6,0,0,0.0,768,763,5,0,0.0,5917,5859,58,0,0.0,13728,13638,90,0,0.0,7286,7181,105,0,0.0,2,2,0,0,0.0,231,228,3,0,0.0,2745,2691,54,0,0.0,4308,4260,48,0,0.0,16323,16187,136,0,0.0,4,4,0,0,0.0,607,602,5,0,0.0,4914,4858,56,0,0.0,10798,10723,75,0,0.0,0,0,0,0,,0,0,0,0,,4096,4079,17,0,0.0,6208,6132,76,0,0.0,8192,8173,19,0,0.0,0.0,0.0,1.0,24,0,0,0
0,1,project,company,coherent,root250,0.25,32,False,results/bios-followup-v1/editing/world-0-seed-1-project/edits/company-coherent-root250,93,29,0.3118279569892473,3,0,0.0,90,29,0.32222222222222224,93,29,0.3118279569892473,3,0,0.0,90,29,0.32222222222222224,96,23,0.23958333333333334,45,11,0.24444444444444444,96,23,0.23958333333333334,48,12,0.25,48,11,0.22916666666666666,21,4,0.19047619047619047,24,7,0.2916666666666667,48,12,0.25,48,11,0.22916666666666666,21,4,0.19047619047619047,24,7,0.2916666666666667,20419,20266,153,51,0.00251653014901806,6,6,0,0,0.0,768,763,5,1,0.001310615989515072,5917,5859,58,11,0.0018774534903567162,13728,13638,90,39,0.0028596568411790586,7286,7181,105,28,0.003899178387411224,2,2,0,0,0.0,231,228,3,1,0.0043859649122807015,2745,2691,54,8,0.0029728725380899295,4308,4260,48,19,0.004460093896713615,16323,16187,136,45,0.0027800086489157966,4,4,0,0,0.0,607,602,5,1,0.0016611295681063123,4914,4858,56,10,0.0020584602717167557,10798,10723,75,34,0.003170754453044857,0,0,0,0,,0,0,0,0,,4096,4079,17,6,0.0014709487619514587,6208,6132,76,34,0.005544683626875407,8192,8173,19,6,0.0007341245564664138,0.2916666666666667,0.0,0.7083333333333334,24,0,0,0
0,1,project,company,coherent,root250,0.25,128,False,results/bios-followup-v1/editing/world-0-seed-1-project/edits/company-coherent-root250,93,93,1.0,3,3,1.0,90,90,1.0,93,93,1.0,3,3,1.0,90,90,1.0,96,94,0.9791666666666666,45,45,1.0,96,94,0.9791666666666666,48,48,1.0,48,46,0.9583333333333334,21,21,1.0,24,24,1.0,48,48,1.0,48,46,0.9583333333333334,21,21,1.0,24,24,1.0,20419,20266,153,193,0.009523339583538933,6,6,0,0,0.0,768,763,5,12,0.015727391874180863,5917,5859,58,67,0.011435398532172725,13728,13638,90,114,0.008358996920369555,7286,7181,105,114,0.015875226291602842,2,2,0,0,0.0,231,228,3,8,0.03508771929824561,2745,2691,54,40,0.014864362690449646,4308,4260,48,66,0.015492957746478873,16323,16187,136,178,0.010996478655711373,4,4,0,0,0.0,607,602,5,11,0.018272425249169437,4914,4858,56,61,0.012556607657472211,10798,10723,75,106,0.009885293294786907,0,0,0,0,,0,0,0,0,,4096,4079,17,15,0.003677371904878647,6208,6132,76,116,0.018917155903457272,8192,8173,19,9,0.0011011868346996207,1.0,0.0,0.0,24,0,0,0
0,1,project,company,coherent,root250,0.25,512,False,results/bios-followup-v1/editing/world-0-seed-1-project/edits/company-coherent-root250,93,93,1.0,3,3,1.0,90,90,1.0,93,93,1.0,3,3,1.0,90,90,1.0,96,94,0.9791666666666666,45,45,1.0,96,94,0.9791666666666666,48,48,1.0,48,46,0.9583333333333334,21,21,1.0,24,24,1.0,48,48,1.0,48,46,0.9583333333333334,21,21,1.0,24,24,1.0,20419,20266,153,60,0.002960623704727129,6,6,0,1,0.16666666666666666,768,763,5,1,0.001310615989515072,5917,5859,58,25,0.004266939750810718,13728,13638,90,33,0.002419709634843819,7286,7181,105,32,0.0044562038713271135,2,2,0,0,0.0,231,228,3,0,0.0,2745,2691,54,16,0.005945745076179859,4308,4260,48,16,0.003755868544600939,16323,16187,136,60,0.0037066781985543953,4,4,0,1,0.25,607,602,5,1,0.0016611295681063123,4914,4858,56,25,0.00514615067929189,10798,10723,75,33,0.003077496969131773,0,0,0,0,,0,0,0,0,,4096,4079,17,0,0.0,6208,6132,76,30,0.004892367906066536,8192,8173,19,3,0.0003670622782332069,1.0,0.0,0.0,24,0,0,0
0,1,project,company,coherent,root500,0.5,0,False,results/bios-followup-v1/editing/world-0-seed-1-project/edits/company-coherent-root500,93,0,0.0,3,0,0.0,90,0,0.0,93,0,0.0,3,0,0.0,90,0,0.0,96,0,0.0,45,0,0.0,96,0,0.0,48,0,0.0,48,0,0.0,21,0,0.0,24,0,0.0,48,0,0.0,48,0,0.0,21,0,0.0,24,0,0.0,20419,20266,153,0,0.0,6,6,0,0,0.0,768,763,5,0,0.0,5917,5859,58,0,0.0,13728,13638,90,0,0.0,7286,7181,105,0,0.0,2,2,0,0,0.0,231,228,3,0,0.0,2745,2691,54,0,0.0,4308,4260,48,0,0.0,16323,16187,136,0,0.0,4,4,0,0,0.0,607,602,5,0,0.0,4914,4858,56,0,0.0,10798,10723,75,0,0.0,0,0,0,0,,0,0,0,0,,4096,4079,17,0,0.0,6208,6132,76,0,0.0,8192,8173,19,0,0.0,0.0,0.0,1.0,24,0,0,0
0,1,project,company,coherent,root500,0.5,32,False,results/bios-followup-v1/editing/world-0-seed-1-project/edits/company-coherent-root500,93,16,0.17204301075268819,3,0,0.0,90,16,0.17777777777777778,93,16,0.17204301075268819,3,0,0.0,90,16,0.17777777777777778,96,4,0.041666666666666664,45,1,0.022222222222222223,96,4,0.041666666666666664,48,2,0.041666666666666664,48,2,0.041666666666666664,21,0,0.0,24,1,0.041666666666666664,48,2,0.041666666666666664,48,2,0.041666666666666664,21,0,0.0,24,1,0.041666666666666664,20419,20266,153,36,0.0017763742228362775,6,6,0,0,0.0,768,763,5,1,0.001310615989515072,5917,5859,58,4,0.000682710360129715,13728,13638,90,31,0.0022730605660654054,7286,7181,105,14,0.001949589193705612,2,2,0,0,0.0,231,228,3,1,0.0043859649122807015,2745,2691,54,2,0.0007432181345224824,4308,4260,48,11,0.0025821596244131454,16323,16187,136,30,0.0018533390992771976,4,4,0,0,0.0,607,602,5,1,0.0016611295681063123,4914,4858,56,3,0.0006175380815150268,10798,10723,75,26,0.0024246945817401845,0,0,0,0,,0,0,0,0,,4096,4079,17,6,0.0014709487619514587,6208,6132,76,27,0.004403131115459882,8192,8173,19,5,0.0006117704637220115,0.041666666666666664,0.0,0.9583333333333334,24,0,0,0
0,1,project,company,coherent,root500,0.5,128,False,results/bios-followup-v1/editing/world-0-seed-1-project/edits/company-coherent-root500,93,93,1.0,3,3,1.0,90,90,1.0,93,93,1.0,3,3,1.0,90,90,1.0,96,94,0.9791666666666666,45,45,1.0,96,94,0.9791666666666666,48,48,1.0,48,46,0.9583333333333334,21,21,1.0,24,24,1.0,48,48,1.0,48,46,0.9583333333333334,21,21,1.0,24,24,1.0,20419,20266,153,214,0.010559557880193427,6,6,0,0,0.0,768,763,5,12,0.015727391874180863,5917,5859,58,77,0.013142174432497013,13728,13638,90,125,0.009165566798650828,7286,7181,105,132,0.018381840969224343,2,2,0,0,0.0,231,228,3,8,0.03508771929824561,2745,2691,54,46,0.017094017094017096,4308,4260,48,78,0.018309859154929577,16323,16187,136,198,0.012232038055229506,4,4,0,0,0.0,607,602,5,11,0.018272425249169437,4914,4858,56,72,0.014820913956360642,10798,10723,75,115,0.010724610650004664,0,0,0,0,,0,0,0,0,,4096,4079,17,16,0.003922530031870556,6208,6132,76,128,0.020874103065883887,8192,8173,19,8,0.0009788327419552184,1.0,0.0,0.0,24,0,0,0
0,1,project,company,coherent,root500,0.5,512,False,results/bios-followup-v1/editing/world-0-seed-1-project/edits/company-coherent-root500,93,93,1.0,3,3,1.0,90,90,1.0,93,93,1.0,3,3,1.0,90,90,1.0,96,94,0.9791666666666666,45,45,1.0,96,94,0.9791666666666666,48,48,1.0,48,46,0.9583333333333334,21,21,1.0,24,24,1.0,48,48,1.0,48,46,0.9583333333333334,21,21,1.0,24,24,1.0,20419,20266,153,60,0.002960623704727129,6,6,0,0,0.0,768,763,5,1,0.001310615989515072,5917,5859,58,26,0.004437617340843148,13728,13638,90,33,0.002419709634843819,7286,7181,105,33,0.004595460242306086,2,2,0,0,0.0,231,228,3,0,0.0,2745,2691,54,18,0.006688963210702341,4308,4260,48,15,0.0035211267605633804,16323,16187,136,60,0.0037066781985543953,4,4,0,0,0.0,607,602,5,1,0.0016611295681063123,4914,4858,56,26,0.005351996706463565,10798,10723,75,33,0.003077496969131773,0,0,0,0,,0,0,0,0,,4096,4079,17,0,0.0,6208,6132,76,28,0.0045662100456621,8192,8173,19,5,0.0006117704637220115,1.0,0.0,0.0,24,0,0,0
0,1,project,company,exception,uniform,0.03225806451612903,0,True,results/bios-cross-scale-dev-v1/width-256/world-0-seed-1-project/edits/company-exception-mlp,93,0,0.0,3,0,0.0,90,0,0.0,93,0,0.0,3,0,0.0,90,0,0.0,96,0,0.0,45,0,0.0,96,0,0.0,48,0,0.0,48,0,0.0,21,0,0.0,24,0,0.0,48,0,0.0,48,0,0.0,21,0,0.0,24,0,0.0,20419,20266,153,0,0.0,6,6,0,0,0.0,768,763,5,0,0.0,5917,5859,58,0,0.0,13728,13638,90,0,0.0,7286,7181,105,0,0.0,2,2,0,0,0.0,231,228,3,0,0.0,2745,2691,54,0,0.0,4308,4260,48,0,0.0,16323,16187,136,0,0.0,4,4,0,0,0.0,607,602,5,0,0.0,4914,4858,56,0,0.0,10798,10723,75,0,0.0,0,0,0,0,,0,0,0,0,,4096,4079,17,0,0.0,6208,6132,76,0,0.0,8192,8173,19,0,0.0,0.0,0.0,1.0,24,0,0,0
0,1,project,company,exception,uniform,0.03225806451612903,32,True,results/bios-cross-scale-dev-v1/width-256/world-0-seed-1-project/edits/company-exception-mlp,93,9,0.0967741935483871,3,0,0.0,90,9,0.1,93,9,0.0967741935483871,3,0,0.0,90,9,0.1,96,0,0.0,45,0,0.0,96,0,0.0,48,0,0.0,48,0,0.0,21,0,0.0,24,0,0.0,48,0,0.0,48,0,0.0,21,0,0.0,24,0,0.0,20419,20266,153,26,0.0012829369387150893,6,6,0,0,0.0,768,763,5,2,0.002621231979030144,5917,5859,58,6,0.0010240655401945725,13728,13638,90,18,0.0013198416190057193,7286,7181,105,16,0.0022281019356635567,2,2,0,0,0.0,231,228,3,1,0.0043859649122807015,2745,2691,54,5,0.0018580453363062058,4308,4260,48,10,0.002347417840375587,16323,16187,136,23,0.0014208933094458517,4,4,0,0,0.0,607,602,5,2,0.0033222591362126247,4914,4858,56,6,0.0012350761630300535,10798,10723,75,15,0.0013988622586962604,0,0,0,0,,0,0,0,0,,4096,4079,17,3,0.0007354743809757293,6208,6132,76,17,0.0027723418134377037,8192,8173,19,3,0.0003670622782332069,0.0,0.041666666666666664,0.9583333333333334,24,0,0,0
0,1,project,company,exception,uniform,0.03225806451612903,128,True,results/bios-cross-scale-dev-v1/width-256/world-0-seed-1-project/edits/company-exception-mlp,93,93,1.0,3,3,1.0,90,90,1.0,93,93,1.0,3,3,1.0,90,90,1.0,96,61,0.6354166666666666,45,14,0.3111111111111111,96,61,0.6354166666666666,48,33,0.6875,48,28,0.5833333333333334,21,7,0.3333333333333333,24,7,0.2916666666666667,48,33,0.6875,48,28,0.5833333333333334,21,7,0.3333333333333333,24,7,0.2916666666666667,20419,20266,153,212,0.01046087042336919,6,6,0,0,0.0,768,763,5,19,0.02490170380078637,5917,5859,58,54,0.009216589861751152,13728,13638,90,139,0.010192110280099722,7286,7181,105,109,0.015178944436707979,2,2,0,0,0.0,231,228,3,6,0.02631578947368421,2745,2691,54,24,0.008918617614269788,4308,4260,48,79,0.018544600938967135,16323,16187,136,191,0.01179959226539816,4,4,0,0,0.0,607,602,5,19,0.03156146179401993,4914,4858,56,49,0.010086455331412104,10798,10723,75,123,0.011470670521309335,0,0,0,0,,0,0,0,0,,4096,4079,17,21,0.0051483206668301055,6208,6132,76,140,0.0228310502283105,8192,8173,19,12,0.0014682491129328276,0.2916666666666667,0.7083333333333334,0.0,24,0,0,0
0,1,project,company,exception,uniform,0.03225806451612903,512,True,results/bios-cross-scale-dev-v1/width-256/world-0-seed-1-project/edits/company-exception-mlp,93,93,1.0,3,3,1.0,90,90,1.0,93,93,1.0,3,3,1.0,90,90,1.0,96,59,0.6145833333333334,45,14,0.3111111111111111,96,59,0.6145833333333334,48,32,0.6666666666666666,48,27,0.5625,21,7,0.3333333333333333,24,7,0.2916666666666667,48,32,0.6666666666666666,48,27,0.5625,21,7,0.3333333333333333,24,7,0.2916666666666667,20419,20266,153,62,0.003059311161551367,6,6,0,0,0.0,768,763,5,8,0.010484927916120577,5917,5859,58,21,0.0035842293906810036,13728,13638,90,33,0.002419709634843819,7286,7181,105,31,0.004316947500348141,2,2,0,0,0.0,231,228,3,0,0.0,2745,2691,54,13,0.004830917874396135,4308,4260,48,18,0.004225352112676056,16323,16187,136,62,0.0038302341385062087,4,4,0,0,0.0,607,602,5,8,0.013289036544850499,4914,4858,56,21,0.004322766570605188,10798,10723,75,33,0.003077496969131773,0,0,0,0,,0,0,0,0,,4096,4079,17,0,0.0,6208,6132,76,30,0.004892367906066536,8192,8173,19,5,0.0006117704637220115,0.2916666666666667,0.625,0.08333333333333333,24,0,0,0
0,1,project,company,exception,root125,0.125,0,False,results/bios-followup-v1/editing/world-0-seed-1-project/edits/company-exception-root125,93,0,0.0,3,0,0.0,90,0,0.0,93,0,0.0,3,0,0.0,90,0,0.0,96,0,0.0,45,0,0.0,96,0,0.0,48,0,0.0,48,0,0.0,21,0,0.0,24,0,0.0,48,0,0.0,48,0,0.0,21,0,0.0,24,0,0.0,20419,20266,153,0,0.0,6,6,0,0,0.0,768,763,5,0,0.0,5917,5859,58,0,0.0,13728,13638,90,0,0.0,7286,7181,105,0,0.0,2,2,0,0,0.0,231,228,3,0,0.0,2745,2691,54,0,0.0,4308,4260,48,0,0.0,16323,16187,136,0,0.0,4,4,0,0,0.0,607,602,5,0,0.0,4914,4858,56,0,0.0,10798,10723,75,0,0.0,0,0,0,0,,0,0,0,0,,4096,4079,17,0,0.0,6208,6132,76,0,0.0,8192,8173,19,0,0.0,0.0,0.0,1.0,24,0,0,0
0,1,project,company,exception,root125,0.125,32,False,results/bios-followup-v1/editing/world-0-seed-1-project/edits/company-exception-root125,93,8,0.08602150537634409,3,0,0.0,90,8,0.08888888888888889,93,8,0.08602150537634409,3,0,0.0,90,8,0.08888888888888889,96,0,0.0,45,0,0.0,96,0,0.0,48,0,0.0,48,0,0.0,21,0,0.0,24,0,0.0,48,0,0.0,48,0,0.0,21,0,0.0,24,0,0.0,20419,20266,153,27,0.0013322806671272082,6,6,0,0,0.0,768,763,5,2,0.002621231979030144,5917,5859,58,6,0.0010240655401945725,13728,13638,90,19,0.001393166153394926,7286,7181,105,16,0.0022281019356635567,2,2,0,0,0.0,231,228,3,1,0.0043859649122807015,2745,2691,54,5,0.0018580453363062058,4308,4260,48,10,0.002347417840375587,16323,16187,136,23,0.0014208933094458517,4,4,0,0,0.0,607,602,5,2,0.0033222591362126247,4914,4858,56,6,0.0012350761630300535,10798,10723,75,15,0.0013988622586962604,0,0,0,0,,0,0,0,0,,4096,4079,17,4,0.000980632507967639,6208,6132,76,18,0.0029354207436399216,8192,8173,19,3,0.0003670622782332069,0.0,0.041666666666666664,0.9583333333333334,24,0,0,0
0,1,project,company,exception,root125,0.125,128,False,results/bios-followup-v1/editing/world-0-seed-1-project/edits/company-exception-root125,93,93,1.0,3,3,1.0,90,90,1.0,93,93,1.0,3,3,1.0,90,90,1.0,96,64,0.6666666666666666,45,17,0.37777777777777777,96,64,0.6666666666666666,48,35,0.7291666666666666,48,29,0.6041666666666666,21,9,0.42857142857142855,24,8,0.3333333333333333,48,35,0.7291666666666666,48,29,0.6041666666666666,21,9,0.42857142857142855,24,8,0.3333333333333333,20419,20266,153,239,0.011793151090496399,6,6,0,0,0.0,768,763,5,19,0.02490170380078637,5917,5859,58,64,0.01092336576207544,13728,13638,90,156,0.011438627364716234,7286,7181,105,128,0.017824815485308454,2,2,0,0,0.0,231,228,3,6,0.02631578947368421,2745,2691,54,32,0.011891490152359718,4308,4260,48,90,0.02112676056338028,16323,16187,136,218,0.013467597454747637,4,4,0,0,0.0,607,602,5,19,0.03156146179401993,4914,4858,56,60,0.012350761630300536,10798,10723,75,139,0.012962790263918679,0,0,0,0,,0,0,0,0,,4096,4079,17,21,0.0051483206668301055,6208,6132,76,158,0.025766470971950423,8192,8173,19,11,0.0013458950201884253,0.3333333333333333,0.6666666666666666,0.0,24,0,0,0
0,1,project,company,exception,root125,0.125,512,False,results/bios-followup-v1/editing/world-0-seed-1-project/edits/company-exception-root125,93,93,1.0,3,3,1.0,90,90,1.0,93,93,1.0,3,3,1.0,90,90,1.0,96,60,0.625,45,15,0.3333333333333333,96,60,0.625,48,33,0.6875,48,27,0.5625,21,8,0.38095238095238093,24,7,0.2916666666666667,48,33,0.6875,48,27,0.5625,21,8,0.38095238095238093,24,7,0.2916666666666667,20419,20266,153,61,0.003009967433139248,6,6,0,0,0.0,768,763,5,6,0.007863695937090432,5917,5859,58,22,0.0037549069807134325,13728,13638,90,33,0.002419709634843819,7286,7181,105,31,0.004316947500348141,2,2,0,0,0.0,231,228,3,0,0.0,2745,2691,54,13,0.004830917874396135,4308,4260,48,18,0.004225352112676056,16323,16187,136,61,0.003768456168530302,4,4,0,0,0.0,607,602,5,6,0.009966777408637873,4914,4858,56,22,0.004528612597776863,10798,10723,75,33,0.003077496969131773,0,0,0,0,,0,0,0,0,,4096,4079,17,0,0.0,6208,6132,76,30,0.004892367906066536,8192,8173,19,5,0.0006117704637220115,0.2916666666666667,0.625,0.08333333333333333,24,0,0,0
0,1,project,company,exception,root250,0.25,0,False,results/bios-followup-v1/editing/world-0-seed-1-project/edits/company-exception-root250,93,0,0.0,3,0,0.0,90,0,0.0,93,0,0.0,3,0,0.0,90,0,0.0,96,0,0.0,45,0,0.0,96,0,0.0,48,0,0.0,48,0,0.0,21,0,0.0,24,0,0.0,48,0,0.0,48,0,0.0,21,0,0.0,24,0,0.0,20419,20266,153,0,0.0,6,6,0,0,0.0,768,763,5,0,0.0,5917,5859,58,0,0.0,13728,13638,90,0,0.0,7286,7181,105,0,0.0,2,2,0,0,0.0,231,228,3,0,0.0,2745,2691,54,0,0.0,4308,4260,48,0,0.0,16323,16187,136,0,0.0,4,4,0,0,0.0,607,602,5,0,0.0,4914,4858,56,0,0.0,10798,10723,75,0,0.0,0,0,0,0,,0,0,0,0,,4096,4079,17,0,0.0,6208,6132,76,0,0.0,8192,8173,19,0,0.0,0.0,0.0,1.0,24,0,0,0
0,1,project,company,exception,root250,0.25,32,False,results/bios-followup-v1/editing/world-0-seed-1-project/edits/company-exception-root250,93,4,0.043010752688172046,3,0,0.0,90,4,0.044444444444444446,93,4,0.043010752688172046,3,0,0.0,90,4,0.044444444444444446,96,0,0.0,45,0,0.0,96,0,0.0,48,0,0.0,48,0,0.0,21,0,0.0,24,0,0.0,48,0,0.0,48,0,0.0,21,0,0.0,24,0,0.0,20419,20266,153,25,0.0012335932103029704,6,6,0,0,0.0,768,763,5,2,0.002621231979030144,5917,5859,58,4,0.000682710360129715,13728,13638,90,19,0.001393166153394926,7286,7181,105,14,0.001949589193705612,2,2,0,0,0.0,231,228,3,1,0.0043859649122807015,2745,2691,54,4,0.0014864362690449647,4308,4260,48,9,0.002112676056338028,16323,16187,136,21,0.0012973373694940384,4,4,0,0,0.0,607,602,5,2,0.0033222591362126247,4914,4858,56,4,0.0008233841086867024,10798,10723,75,15,0.0013988622586962604,0,0,0,0,,0,0,0,0,,4096,4079,17,4,0.000980632507967639,6208,6132,76,18,0.0029354207436399216,8192,8173,19,3,0.0003670622782332069,0.0,0.041666666666666664,0.9583333333333334,24,0,0,0
0,1,project,company,exception,root250,0.25,128,False,results/bios-followup-v1/editing/world-0-seed-1-project/edits/company-exception-root250,93,93,1.0,3,3,1.0,90,90,1.0,93,93,1.0,3,3,1.0,90,90,1.0,96,68,0.7083333333333334,45,21,0.4666666666666667,96,68,0.7083333333333334,48,37,0.7708333333333334,48,31,0.6458333333333334,21,11,0.5238095238095238,24,10,0.4166666666666667,48,37,0.7708333333333334,48,31,0.6458333333333334,21,11,0.5238095238095238,24,10,0.4166666666666667,20419,20266,153,261,0.012878713115563012,6,6,0,0,0.0,768,763,5,18,0.023591087811271297,5917,5859,58,76,0.012971496842464585,13728,13638,90,167,0.012245197242997507,7286,7181,105,140,0.01949589193705612,2,2,0,0,0.0,231,228,3,6,0.02631578947368421,2745,2691,54,41,0.015235971757710888,4308,4260,48,93,0.021830985915492956,16323,16187,136,234,0.014456044974362143,4,4,0,0,0.0,607,602,5,18,0.029900332225913623,4914,4858,56,70,0.01440922190201729,10798,10723,75,146,0.013615592651310267,0,0,0,0,,0,0,0,0,,4096,4079,17,27,0.006619269428781564,6208,6132,76,169,0.02756033920417482,8192,8173,19,11,0.0013458950201884253,0.4166666666666667,0.5833333333333334,0.0,24,0,0,0
0,1,project,company,exception,root250,0.25,512,False,results/bios-followup-v1/editing/world-0-seed-1-project/edits/company-exception-root250,93,93,1.0,3,3,1.0,90,90,1.0,93,93,1.0,3,3,1.0,90,90,1.0,96,60,0.625,45,16,0.35555555555555557,96,60,0.625,48,34,0.7083333333333334,48,26,0.5416666666666666,21,9,0.42857142857142855,24,7,0.2916666666666667,48,34,0.7083333333333334,48,26,0.5416666666666666,21,9,0.42857142857142855,24,7,0.2916666666666667,20419,20266,153,59,0.0029112799763150103,6,6,0,0,0.0,768,763,5,5,0.00655307994757536,5917,5859,58,22,0.0037549069807134325,13728,13638,90,32,0.002346385100454612,7286,7181,105,31,0.004316947500348141,2,2,0,0,0.0,231,228,3,0,0.0,2745,2691,54,14,0.005202526941657376,4308,4260,48,17,0.003990610328638498,16323,16187,136,59,0.003644900228578489,4,4,0,0,0.0,607,602,5,5,0.008305647840531562,4914,4858,56,22,0.004528612597776863,10798,10723,75,32,0.0029842394852186887,0,0,0,0,,0,0,0,0,,4096,4079,17,0,0.0,6208,6132,76,29,0.004729288975864318,8192,8173,19,5,0.0006117704637220115,0.2916666666666667,0.625,0.08333333333333333,24,0,0,0
0,1,project,company,exception,root500,0.5,0,True,results/bios-mechanism-dev-v1/p1/width-256/world-0-seed-1-project/edits/company-class-balanced-exception,93,0,0.0,3,0,0.0,90,0,0.0,93,0,0.0,3,0,0.0,90,0,0.0,96,0,0.0,45,0,0.0,96,0,0.0,48,0,0.0,48,0,0.0,21,0,0.0,24,0,0.0,48,0,0.0,48,0,0.0,21,0,0.0,24,0,0.0,20419,20266,153,0,0.0,6,6,0,0,0.0,768,763,5,0,0.0,5917,5859,58,0,0.0,13728,13638,90,0,0.0,7286,7181,105,0,0.0,2,2,0,0,0.0,231,228,3,0,0.0,2745,2691,54,0,0.0,4308,4260,48,0,0.0,16323,16187,136,0,0.0,4,4,0,0,0.0,607,602,5,0,0.0,4914,4858,56,0,0.0,10798,10723,75,0,0.0,0,0,0,0,,0,0,0,0,,4096,4079,17,0,0.0,6208,6132,76,0,0.0,8192,8173,19,0,0.0,0.0,0.0,1.0,24,0,0,0
0,1,project,company,exception,root500,0.5,32,True,results/bios-mechanism-dev-v1/p1/width-256/world-0-seed-1-project/edits/company-class-balanced-exception,93,2,0.021505376344086023,3,0,0.0,90,2,0.022222222222222223,93,2,0.021505376344086023,3,0,0.0,90,2,0.022222222222222223,96,0,0.0,45,0,0.0,96,0,0.0,48,0,0.0,48,0,0.0,21,0,0.0,24,0,0.0,48,0,0.0,48,0,0.0,21,0,0.0,24,0,0.0,20419,20266,153,27,0.0013322806671272082,6,6,0,0,0.0,768,763,5,2,0.002621231979030144,5917,5859,58,1,0.00017067759003242875,13728,13638,90,24,0.0017597888253409592,7286,7181,105,13,0.0018103328227266396,2,2,0,0,0.0,231,228,3,1,0.0043859649122807015,2745,2691,54,1,0.0003716090672612412,4308,4260,48,11,0.0025821596244131454,16323,16187,136,22,0.001359115339469945,4,4,0,0,0.0,607,602,5,2,0.0033222591362126247,4914,4858,56,1,0.0002058460271716756,10798,10723,75,19,0.0017718921943485964,0,0,0,0,,0,0,0,0,,4096,4079,17,5,0.001225790634959549,6208,6132,76,22,0.003587736464448793,8192,8173,19,4,0.0004894163709776092,0.0,0.041666666666666664,0.9583333333333334,24,0,0,0
0,1,project,company,exception,root500,0.5,128,True,results/bios-mechanism-dev-v1/p1/width-256/world-0-seed-1-project/edits/company-class-balanced-exception,93,93,1.0,3,3,1.0,90,90,1.0,93,93,1.0,3,3,1.0,90,90,1.0,96,76,0.7916666666666666,45,30,0.6666666666666666,96,76,0.7916666666666666,48,42,0.875,48,34,0.7083333333333334,21,17,0.8095238095238095,24,13,0.5416666666666666,48,42,0.875,48,34,0.7083333333333334,21,17,0.8095238095238095,24,13,0.5416666666666666,20419,20266,153,285,0.014062962597453864,6,6,0,0,0.0,768,763,5,16,0.020969855832241154,5917,5859,58,85,0.014507595152756443,13728,13638,90,184,0.01349171432761402,7286,7181,105,160,0.022281019356635567,2,2,0,0,0.0,231,228,3,6,0.02631578947368421,2745,2691,54,48,0.017837235228539576,4308,4260,48,106,0.02488262910798122,16323,16187,136,255,0.01575338234385618,4,4,0,0,0.0,607,602,5,16,0.026578073089700997,4914,4858,56,78,0.016055990119390694,10798,10723,75,161,0.015014454910006528,0,0,0,0,,0,0,0,0,,4096,4079,17,30,0.007354743809757294,6208,6132,76,182,0.02968036529680365,8192,8173,19,14,0.0017129572984216322,0.5416666666666666,0.4583333333333333,0.0,24,0,0,0
0,1,project,company,exception,root500,0.5,512,True,results/bios-mechanism-dev-v1/p1/width-256/world-0-seed-1-project/edits/company-class-balanced-exception,93,93,1.0,3,3,1.0,90,90,1.0,93,93,1.0,3,3,1.0,90,90,1.0,96,60,0.625,45,16,0.35555555555555557,96,60,0.625,48,34,0.7083333333333334,48,26,0.5416666666666666,21,9,0.42857142857142855,24,7,0.2916666666666667,48,34,0.7083333333333334,48,26,0.5416666666666666,21,9,0.42857142857142855,24,7,0.2916666666666667,20419,20266,153,61,0.003009967433139248,6,6,0,0,0.0,768,763,5,4,0.005242463958060288,5917,5859,58,26,0.004437617340843148,13728,13638,90,31,0.0022730605660654054,7286,7181,105,31,0.004316947500348141,2,2,0,0,0.0,231,228,3,0,0.0,2745,2691,54,15,0.005574136008918618,4308,4260,48,16,0.003755868544600939,16323,16187,136,61,0.003768456168530302,4,4,0,0,0.0,607,602,5,4,0.006644518272425249,4914,4858,56,26,0.005351996706463565,10798,10723,75,31,0.0028909820013056048,0,0,0,0,,0,0,0,0,,4096,4079,17,0,0.0,6208,6132,76,28,0.0045662100456621,8192,8173,19,4,0.0004894163709776092,0.2916666666666667,0.625,0.08333333333333333,24,0,0,0
0,1,project,project,coherent,uniform,0.03225806451612903,0,True,results/bios-cross-scale-dev-v1/width-256/world-0-seed-1-project/edits/project-coherent-mlp,93,0,0.0,3,0,0.0,90,0,0.0,93,0,0.0,3,0,0.0,90,0,0.0,96,0,0.0,45,0,0.0,96,0,0.0,48,0,0.0,48,0,0.0,18,0,0.0,27,0,0.0,48,0,0.0,48,0,0.0,18,0,0.0,27,0,0.0,20419,20268,151,0,0.0,6,6,0,0,0.0,768,764,4,0,0.0,5917,5845,72,0,0.0,13728,13653,75,0,0.0,7286,7176,110,0,0.0,2,2,0,0,0.0,231,228,3,0,0.0,2745,2699,46,0,0.0,4308,4247,61,0,0.0,16323,16183,140,0,0.0,4,4,0,0,0.0,617,613,4,0,0.0,4931,4864,67,0,0.0,10771,10702,69,0,0.0,0,0,0,0,,0,0,0,0,,4096,4085,11,0,0.0,6208,6148,60,0,0.0,8192,8173,19,0,0.0,0.0,0.0,1.0,27,0,0,0
0,1,project,project,coherent,uniform,0.03225806451612903,32,True,results/bios-cross-scale-dev-v1/width-256/world-0-seed-1-project/edits/project-coherent-mlp,93,27,0.2903225806451613,3,0,0.0,90,27,0.3,93,27,0.2903225806451613,3,0,0.0,90,27,0.3,96,16,0.16666666666666666,45,8,0.17777777777777778,96,16,0.16666666666666666,48,5,0.10416666666666667,48,11,0.22916666666666666,18,0,0.0,27,8,0.2962962962962963,48,5,0.10416666666666667,48,11,0.22916666666666666,18,0,0.0,27,8,0.2962962962962963,20419,20268,151,92,0.0045391750542727455,6,6,0,0,0.0,768,764,4,5,0.006544502617801047,5917,5845,72,49,0.008383233532934131,13728,13653,75,38,0.002783271075954003,7286,7176,110,33,0.00459866220735786,2,2,0,0,0.0,231,228,3,2,0.008771929824561403,2745,2699,46,20,0.007410151908114116,4308,4247,61,11,0.0025900635742877325,16323,16183,140,69,0.004263733547549898,4,4,0,0,0.0,617,613,4,4,0.0065252854812398045,4931,4864,67,41,0.008429276315789474,10771,10702,69,24,0.0022425714819659876,0,0,0,0,,0,0,0,0,,4096,4085,11,23,0.005630354957160343,6208,6148,60,15,0.002439817826935589,8192,8173,19,28,0.0034259145968432644,0.2962962962962963,0.0,0.6666666666666666,27,0,1,0
0,1,project,project,coherent,uniform,0.03225806451612903,128,True,results/bios-cross-scale-dev-v1/width-256/world-0-seed-1-project/edits/project-coherent-mlp,93,93,1.0,3,3,1.0,90,90,1.0,93,93,1.0,3,3,1.0,90,90,1.0,96,93,0.96875,45,44,0.9777777777777777,96,93,0.96875,48,47,0.9791666666666666,48,46,0.9583333333333334,18,18,1.0,27,26,0.9629629629629629,48,47,0.9791666666666666,48,46,0.9583333333333334,18,18,1.0,27,26,0.9629629629629629,20419,20268,151,185,0.009127688967831064,6,6,0,0,0.0,768,764,4,6,0.007853403141361256,5917,5845,72,87,0.014884516680923866,13728,13653,75,92,0.006738445762836007,7286,7176,110,101,0.01407469342251951,2,2,0,0,0.0,231,228,3,3,0.013157894736842105,2745,2699,46,47,0.017413856984068173,4308,4247,61,51,0.012008476571697669,16323,16183,140,168,0.010381264289686708,4,4,0,0,0.0,617,613,4,6,0.009787928221859706,4931,4864,67,77,0.015830592105263157,10771,10702,69,85,0.007942440665296206,0,0,0,0,,0,0,0,0,,4096,4085,11,17,0.00416156670746634,6208,6148,60,83,0.013500325309043592,8192,8173,19,15,0.0018353113911660345,0.9629629629629629,0.0,0.037037037037037035,27,0,0,0
0,1,project,project,coherent,uniform,0.03225806451612903,512,True,results/bios-cross-scale-dev-v1/width-256/world-0-seed-1-project/edits/project-coherent-mlp,93,93,1.0,3,3,1.0,90,90,1.0,93,93,1.0,3,3,1.0,90,90,1.0,96,93,0.96875,45,44,0.9777777777777777,96,93,0.96875,48,47,0.9791666666666666,48,46,0.9583333333333334,18,18,1.0,27,26,0.9629629629629629,48,47,0.9791666666666666,48,46,0.9583333333333334,18,18,1.0,27,26,0.9629629629629629,20419,20268,151,63,0.003108348134991119,6,6,0,0,0.0,768,764,4,2,0.002617801047120419,5917,5845,72,27,0.004619332763045338,13728,13653,75,34,0.0024902951732220023,7286,7176,110,33,0.00459866220735786,2,2,0,0,0.0,231,228,3,1,0.0043859649122807015,2745,2699,46,12,0.00444609114486847,4308,4247,61,20,0.0047092064987049684,16323,16183,140,63,0.0038929741086325157,4,4,0,0,0.0,617,613,4,2,0.0032626427406199023,4931,4864,67,27,0.005550986842105263,10771,10702,69,34,0.0031769762661184825,0,0,0,0,,0,0,0,0,,4096,4085,11,0,0.0,6208,6148,60,28,0.004554326610279766,8192,8173,19,8,0.0009788327419552184,0.9629629629629629,0.0,0.037037037037037035,27,0,0,0
0,1,project,project,coherent,root125,0.125,0,False,results/bios-followup-v1/editing/world-0-seed-1-project/edits/project-coherent-root125,93,0,0.0,3,0,0.0,90,0,0.0,93,0,0.0,3,0,0.0,90,0,0.0,96,0,0.0,45,0,0.0,96,0,0.0,48,0,0.0,48,0,0.0,18,0,0.0,27,0,0.0,48,0,0.0,48,0,0.0,18,0,0.0,27,0,0.0,20419,20268,151,0,0.0,6,6,0,0,0.0,768,764,4,0,0.0,5917,5845,72,0,0.0,13728,13653,75,0,0.0,7286,7176,110,0,0.0,2,2,0,0,0.0,231,228,3,0,0.0,2745,2699,46,0,0.0,4308,4247,61,0,0.0,16323,16183,140,0,0.0,4,4,0,0,0.0,617,613,4,0,0.0,4931,4864,67,0,0.0,10771,10702,69,0,0.0,0,0,0,0,,0,0,0,0,,4096,4085,11,0,0.0,6208,6148,60,0,0.0,8192,8173,19,0,0.0,0.0,0.0,1.0,27,0,0,0
0,1,project,project,coherent,root125,0.125,32,False,results/bios-followup-v1/editing/world-0-seed-1-project/edits/project-coherent-root125,93,27,0.2903225806451613,3,0,0.0,90,27,0.3,93,27,0.2903225806451613,3,0,0.0,90,27,0.3,96,15,0.15625,45,8,0.17777777777777778,96,15,0.15625,48,4,0.08333333333333333,48,11,0.22916666666666666,18,0,0.0,27,8,0.2962962962962963,48,4,0.08333333333333333,48,11,0.22916666666666666,18,0,0.0,27,8,0.2962962962962963,20419,20268,151,102,0.005032563647128479,6,6,0,0,0.0,768,764,4,5,0.006544502617801047,5917,5845,72,53,0.009067579127459367,13728,13653,75,44,0.0032227349300520034,7286,7176,110,37,0.005156075808249721,2,2,0,0,0.0,231,228,3,2,0.008771929824561403,2745,2699,46,21,0.007780659503519822,4308,4247,61,14,0.0032964445490934777,16323,16183,140,76,0.004696286226286844,4,4,0,0,0.0,617,613,4,4,0.0065252854812398045,4931,4864,67,44,0.009046052631578948,10771,10702,69,28,0.002616333395626986,0,0,0,0,,0,0,0,0,,4096,4085,11,26,0.006364749082007344,6208,6148,60,15,0.002439817826935589,8192,8173,19,34,0.004160039153309678,0.2962962962962963,0.037037037037037035,0.6296296296296297,27,0,1,0
0,1,project,project,coherent,root125,0.125,128,False,results/bios-followup-v1/editing/world-0-seed-1-project/edits/project-coherent-root125,93,93,1.0,3,3,1.0,90,90,1.0,93,93,1.0,3,3,1.0,90,90,1.0,96,93,0.96875,45,44,0.9777777777777777,96,93,0.96875,48,47,0.9791666666666666,48,46,0.9583333333333334,18,18,1.0,27,26,0.9629629629629629,48,47,0.9791666666666666,48,46,0.9583333333333334,18,18,1.0,27,26,0.9629629629629629,20419,20268,151,189,0.009325044404973356,6,6,0,0,0.0,768,764,4,5,0.006544502617801047,5917,5845,72,83,0.01420017108639863,13728,13653,75,101,0.007397641543983007,7286,7176,110,104,0.014492753623188406,2,2,0,0,0.0,231,228,3,2,0.008771929824561403,2745,2699,46,45,0.016672841793256763,4308,4247,61,57,0.01342123852130916,16323,16183,140,174,0.010752023728604091,4,4,0,0,0.0,617,613,4,5,0.008156606851549755,4931,4864,67,74,0.015213815789473685,10771,10702,69,95,0.008876845449448702,0,0,0,0,,0,0,0,0,,4096,4085,11,15,0.0036719706242350062,6208,6148,60,92,0.014964216005204945,8192,8173,19,14,0.0017129572984216322,0.9629629629629629,0.0,0.037037037037037035,27,0,0,0
0,1,project,project,coherent,root125,0.125,512,False,results/bios-followup-v1/editing/world-0-seed-1-project/edits/project-coherent-root125,93,93,1.0,3,3,1.0,90,90,1.0,93,93,1.0,3,3,1.0,90,90,1.0,96,93,0.96875,45,44,0.9777777777777777,96,93,0.96875,48,47,0.9791666666666666,48,46,0.9583333333333334,18,18,1.0,27,26,0.9629629629629629,48,47,0.9791666666666666,48,46,0.9583333333333334,18,18,1.0,27,26,0.9629629629629629,20419,20268,151,63,0.003108348134991119,6,6,0,0,0.0,768,764,4,2,0.002617801047120419,5917,5845,72,27,0.004619332763045338,13728,13653,75,34,0.0024902951732220023,7286,7176,110,35,0.00487736900780379,2,2,0,0,0.0,231,228,3,1,0.0043859649122807015,2745,2699,46,12,0.00444609114486847,4308,4247,61,22,0.005180127148575465,16323,16183,140,63,0.0038929741086325157,4,4,0,0,0.0,617,613,4,2,0.0032626427406199023,4931,4864,67,27,0.005550986842105263,10771,10702,69,34,0.0031769762661184825,0,0,0,0,,0,0,0,0,,4096,4085,11,0,0.0,6208,6148,60,30,0.004879635653871178,8192,8173,19,6,0.0007341245564664138,0.9629629629629629,0.0,0.037037037037037035,27,0,0,0
0,1,project,project,coherent,root250,0.25,0,False,results/bios-followup-v1/editing/world-0-seed-1-project/edits/project-coherent-root250,93,0,0.0,3,0,0.0,90,0,0.0,93,0,0.0,3,0,0.0,90,0,0.0,96,0,0.0,45,0,0.0,96,0,0.0,48,0,0.0,48,0,0.0,18,0,0.0,27,0,0.0,48,0,0.0,48,0,0.0,18,0,0.0,27,0,0.0,20419,20268,151,0,0.0,6,6,0,0,0.0,768,764,4,0,0.0,5917,5845,72,0,0.0,13728,13653,75,0,0.0,7286,7176,110,0,0.0,2,2,0,0,0.0,231,228,3,0,0.0,2745,2699,46,0,0.0,4308,4247,61,0,0.0,16323,16183,140,0,0.0,4,4,0,0,0.0,617,613,4,0,0.0,4931,4864,67,0,0.0,10771,10702,69,0,0.0,0,0,0,0,,0,0,0,0,,4096,4085,11,0,0.0,6208,6148,60,0,0.0,8192,8173,19,0,0.0,0.0,0.0,1.0,27,0,0,0
0,1,project,project,coherent,root250,0.25,32,False,results/bios-followup-v1/editing/world-0-seed-1-project/edits/project-coherent-root250,93,26,0.27956989247311825,3,0,0.0,90,26,0.28888888888888886,93,26,0.27956989247311825,3,0,0.0,90,26,0.28888888888888886,96,15,0.15625,45,8,0.17777777777777778,96,15,0.15625,48,4,0.08333333333333333,48,11,0.22916666666666666,18,0,0.0,27,8,0.2962962962962963,48,4,0.08333333333333333,48,11,0.22916666666666666,18,0,0.0,27,8,0.2962962962962963,20419,20268,151,102,0.005032563647128479,6,6,0,0,0.0,768,764,4,5,0.006544502617801047,5917,5845,72,57,0.009751924721984603,13728,13653,75,40,0.002929759027320003,7286,7176,110,36,0.005016722408026756,2,2,0,0,0.0,231,228,3,2,0.008771929824561403,2745,2699,46,21,0.007780659503519822,4308,4247,61,13,0.0030609842241582294,16323,16183,140,75,0.004634492986467281,4,4,0,0,0.0,617,613,4,4,0.0065252854812398045,4931,4864,67,46,0.009457236842105263,10771,10702,69,25,0.002336011960381237,0,0,0,0,,0,0,0,0,,4096,4085,11,27,0.006609547123623011,6208,6148,60,14,0.002277163305139883,8192,8173,19,31,0.0037929768750764713,0.2962962962962963,0.037037037037037035,0.6296296296296297,27,0,1,0
0,1,project,project,coherent,root250,0.25,128,False,results/bios-followup-v1/editing/world-0-seed-1-project/edits/project-coherent-root250,93,93,1.0,3,3,1.0,90,90,1.0,93,93,1.0,3,3,1.0,90,90,1.0,96,93,0.96875,45,44,0.9777777777777777,96,93,0.96875,48,47,0.9791666666666666,48,46,0.9583333333333334,18,18,1.0,27,26,0.9629629629629629,48,47,0.9791666666666666,48,46,0.9583333333333334,18,18,1.0,27,26,0.9629629629629629,20419,20268,151,184,0.009078350108545491,6,6,0,0,0.0,768,764,4,4,0.005235602094240838,5917,5845,72,80,0.013686911890504704,13728,13653,75,100,0.007324397568300008,7286,7176,110,103,0.01435340022296544,2,2,0,0,0.0,231,228,3,2,0.008771929824561403,2745,2699,46,44,0.016302334197851057,4308,4247,61,57,0.01342123852130916,16323,16183,140,170,0.010504850769325835,4,4,0,0,0.0,617,613,4,4,0.0065252854812398045,4931,4864,67,72,0.014802631578947368,10771,10702,69,94,0.008783404971033451,0,0,0,0,,0,0,0,0,,4096,4085,11,14,0.003427172582619339,6208,6148,60,91,0.01480156148340924,8192,8173,19,13,0.00159060320567723,0.9629629629629629,0.0,0.037037037037037035,27,0,0,0
0,1,project,project,coherent,root250,0.25,512,False,results/bios-followup-v1/editing/world-0-seed-1-project/edits/project-coherent-root250,93,93,1.0,3,3,1.0,90,90,1.0,93,93,1.0,3,3,1.0,90,90,1.0,96,93,0.96875,45,44,0.9777777777777777,96,93,0.96875,48,47,0.9791666666666666,48,46,0.9583333333333334,18,18,1.0,27,26,0.9629629629629629,48,47,0.9791666666666666,48,46,0.9583333333333334,18,18,1.0,27,26,0.9629629629629629,20419,20268,151,62,0.0030590092757055458,6,6,0,0,0.0,768,764,4,2,0.002617801047120419,5917,5845,72,27,0.004619332763045338,13728,13653,75,33,0.0024170511975390024,7286,7176,110,35,0.00487736900780379,2,2,0,0,0.0,231,228,3,1,0.0043859649122807015,2745,2699,46,13,0.004816598740274175,4308,4247,61,21,0.004944666823640216,16323,16183,140,62,0.0038311808688129517,4,4,0,0,0.0,617,613,4,2,0.0032626427406199023,4931,4864,67,27,0.005550986842105263,10771,10702,69,33,0.003083535787703233,0,0,0,0,,0,0,0,0,,4096,4085,11,0,0.0,6208,6148,60,29,0.0047169811320754715,8192,8173,19,6,0.0007341245564664138,0.9629629629629629,0.0,0.037037037037037035,27,0,0,0
0,1,project,project,coherent,root500,0.5,0,False,results/bios-followup-v1/editing/world-0-seed-1-project/edits/project-coherent-root500,93,0,0.0,3,0,0.0,90,0,0.0,93,0,0.0,3,0,0.0,90,0,0.0,96,0,0.0,45,0,0.0,96,0,0.0,48,0,0.0,48,0,0.0,18,0,0.0,27,0,0.0,48,0,0.0,48,0,0.0,18,0,0.0,27,0,0.0,20419,20268,151,0,0.0,6,6,0,0,0.0,768,764,4,0,0.0,5917,5845,72,0,0.0,13728,13653,75,0,0.0,7286,7176,110,0,0.0,2,2,0,0,0.0,231,228,3,0,0.0,2745,2699,46,0,0.0,4308,4247,61,0,0.0,16323,16183,140,0,0.0,4,4,0,0,0.0,617,613,4,0,0.0,4931,4864,67,0,0.0,10771,10702,69,0,0.0,0,0,0,0,,0,0,0,0,,4096,4085,11,0,0.0,6208,6148,60,0,0.0,8192,8173,19,0,0.0,0.0,0.0,1.0,27,0,0,0
0,1,project,project,coherent,root500,0.5,32,False,results/bios-followup-v1/editing/world-0-seed-1-project/edits/project-coherent-root500,93,20,0.21505376344086022,3,0,0.0,90,20,0.2222222222222222,93,20,0.21505376344086022,3,0,0.0,90,20,0.2222222222222222,96,8,0.08333333333333333,45,5,0.1111111111111111,96,8,0.08333333333333333,48,1,0.020833333333333332,48,7,0.14583333333333334,18,0,0.0,27,5,0.18518518518518517,48,1,0.020833333333333332,48,7,0.14583333333333334,18,0,0.0,27,5,0.18518518518518517,20419,20268,151,76,0.003749753305703572,6,6,0,0,0.0,768,764,4,4,0.005235602094240838,5917,5845,72,38,0.006501283147989735,13728,13653,75,34,0.0024902951732220023,7286,7176,110,26,0.0036231884057971015,2,2,0,0,0.0,231,228,3,1,0.0043859649122807015,2745,2699,46,15,0.005557613931085587,4308,4247,61,10,0.0023546032493524842,16323,16183,140,56,0.003460421429895569,4,4,0,0,0.0,617,613,4,3,0.004893964110929853,4931,4864,67,31,0.006373355263157895,10771,10702,69,22,0.0020556905251354887,0,0,0,0,,0,0,0,0,,4096,4085,11,20,0.004895960832313341,6208,6148,60,12,0.001951854261548471,8192,8173,19,26,0.00318120641135446,0.18518518518518517,0.0,0.8148148148148148,27,0,0,0
0,1,project,project,coherent,root500,0.5,128,False,results/bios-followup-v1/editing/world-0-seed-1-project/edits/project-coherent-root500,93,93,1.0,3,3,1.0,90,90,1.0,93,93,1.0,3,3,1.0,90,90,1.0,96,91,0.9479166666666666,45,44,0.9777777777777777,96,91,0.9479166666666666,48,46,0.9583333333333334,48,45,0.9375,18,18,1.0,27,26,0.9629629629629629,48,46,0.9583333333333334,48,45,0.9375,18,18,1.0,27,26,0.9629629629629629,20419,20268,151,171,0.008436944937833037,6,6,0,0,0.0,768,764,4,5,0.006544502617801047,5917,5845,72,69,0.011804961505560308,13728,13653,75,97,0.007104665641251007,7286,7176,110,94,0.013099219620958752,2,2,0,0,0.0,231,228,3,2,0.008771929824561403,2745,2699,46,34,0.012597258243793997,4308,4247,61,58,0.013656698846244408,16323,16183,140,157,0.009701538651671508,4,4,0,0,0.0,617,613,4,4,0.0065252854812398045,4931,4864,67,61,0.012541118421052632,10771,10702,69,92,0.008596524014202953,0,0,0,0,,0,0,0,0,,4096,4085,11,14,0.003427172582619339,6208,6148,60,92,0.014964216005204945,8192,8173,19,10,0.001223540927444023,0.9629629629629629,0.0,0.037037037037037035,27,0,0,0
0,1,project,project,coherent,root500,0.5,512,False,results/bios-followup-v1/editing/world-0-seed-1-project/edits/project-coherent-root500,93,93,1.0,3,3,1.0,90,90,1.0,93,93,1.0,3,3,1.0,90,90,1.0,96,91,0.9479166666666666,45,44,0.9777777777777777,96,91,0.9479166666666666,48,46,0.9583333333333334,48,45,0.9375,18,18,1.0,27,26,0.9629629629629629,48,46,0.9583333333333334,48,45,0.9375,18,18,1.0,27,26,0.9629629629629629,20419,20268,151,58,0.0028616538385632523,6,6,0,0,0.0,768,764,4,1,0.0013089005235602095,5917,5845,72,27,0.004619332763045338,13728,13653,75,30,0.002197319270490002,7286,7176,110,34,0.004738015607580825,2,2,0,0,0.0,231,228,3,1,0.0043859649122807015,2745,2699,46,13,0.004816598740274175,4308,4247,61,20,0.0047092064987049684,16323,16183,140,58,0.003584007909534697,4,4,0,0,0.0,617,613,4,1,0.0016313213703099511,4931,4864,67,27,0.005550986842105263,10771,10702,69,30,0.0028032143524574847,0,0,0,0,,0,0,0,0,,4096,4085,11,0,0.0,6208,6148,60,27,0.00439167208848406,8192,8173,19,4,0.0004894163709776092,0.9629629629629629,0.0,0.037037037037037035,27,0,0,0
0,1,project,project,exception,uniform,0.03225806451612903,0,True,results/bios-cross-scale-dev-v1/width-256/world-0-seed-1-project/edits/project-exception-mlp,93,0,0.0,3,0,0.0,90,0,0.0,93,0,0.0,3,0,0.0,90,0,0.0,96,0,0.0,45,0,0.0,96,0,0.0,48,0,0.0,48,0,0.0,18,0,0.0,27,0,0.0,48,0,0.0,48,0,0.0,18,0,0.0,27,0,0.0,20419,20268,151,0,0.0,6,6,0,0,0.0,768,764,4,0,0.0,5917,5845,72,0,0.0,13728,13653,75,0,0.0,7286,7176,110,0,0.0,2,2,0,0,0.0,231,228,3,0,0.0,2745,2699,46,0,0.0,4308,4247,61,0,0.0,16323,16183,140,0,0.0,4,4,0,0,0.0,617,613,4,0,0.0,4931,4864,67,0,0.0,10771,10702,69,0,0.0,0,0,0,0,,0,0,0,0,,4096,4085,11,0,0.0,6208,6148,60,0,0.0,8192,8173,19,0,0.0,0.0,0.0,1.0,27,0,0,0
0,1,project,project,exception,uniform,0.03225806451612903,32,True,results/bios-cross-scale-dev-v1/width-256/world-0-seed-1-project/edits/project-exception-mlp,93,17,0.1827956989247312,3,0,0.0,90,17,0.18888888888888888,93,17,0.1827956989247312,3,0,0.0,90,17,0.18888888888888888,96,2,0.020833333333333332,45,2,0.044444444444444446,96,2,0.020833333333333332,48,0,0.0,48,2,0.041666666666666664,18,0,0.0,27,2,0.07407407407407407,48,0,0.0,48,2,0.041666666666666664,18,0,0.0,27,2,0.07407407407407407,20419,20268,151,95,0.004687191632129465,6,6,0,0,0.0,768,764,4,5,0.006544502617801047,5917,5845,72,44,0.007527801539777588,13728,13653,75,46,0.0033692228814180035,7286,7176,110,35,0.00487736900780379,2,2,0,0,0.0,231,228,3,2,0.008771929824561403,2745,2699,46,17,0.006298629121896999,4308,4247,61,16,0.0037673651989639746,16323,16183,140,68,0.004201940307730335,4,4,0,0,0.0,617,613,4,4,0.0065252854812398045,4931,4864,67,34,0.0069901315789473685,10771,10702,69,30,0.0028032143524574847,0,0,0,0,,0,0,0,0,,4096,4085,11,27,0.006609547123623011,6208,6148,60,21,0.0034157449577098243,8192,8173,19,30,0.003670622782332069,0.07407407407407407,0.18518518518518517,0.7037037037037037,27,0,1,0
0,1,project,project,exception,uniform,0.03225806451612903,128,True,results/bios-cross-scale-dev-v1/width-256/world-0-seed-1-project/edits/project-exception-mlp,93,93,1.0,3,3,1.0,90,90,1.0,93,93,1.0,3,3,1.0,90,90,1.0,96,42,0.4375,45,4,0.08888888888888889,96,42,0.4375,48,22,0.4583333333333333,48,20,0.4166666666666667,18,1,0.05555555555555555,27,3,0.1111111111111111,48,22,0.4583333333333333,48,20,0.4166666666666667,18,1,0.05555555555555555,27,3,0.1111111111111111,20419,20268,151,202,0.00996644957568581,6,6,0,0,0.0,768,764,4,9,0.011780104712041885,5917,5845,72,99,0.016937553464499572,13728,13653,75,94,0.006884933714202007,7286,7176,110,106,0.014771460423634336,2,2,0,0,0.0,231,228,3,2,0.008771929824561403,2745,2699,46,52,0.0192663949610967,4308,4247,61,52,0.012243936896632918,16323,16183,140,183,0.011308162886980165,4,4,0,0,0.0,617,613,4,7,0.011419249592169658,4931,4864,67,89,0.018297697368421052,10771,10702,69,87,0.008129321622126704,0,0,0,0,,0,0,0,0,,4096,4085,11,19,0.004651162790697674,6208,6148,60,81,0.013175016265452179,8192,8173,19,17,0.002080019576654839,0.1111111111111111,0.8888888888888888,0.0,27,0,0,0
0,1,project,project,exception,uniform,0.03225806451612903,512,True,results/bios-cross-scale-dev-v1/width-256/world-0-seed-1-project/edits/project-exception-mlp,93,93,1.0,3,3,1.0,90,90,1.0,93,93,1.0,3,3,1.0,90,90,1.0,96,36,0.375,45,1,0.022222222222222223,96,36,0.375,48,20,0.4166666666666667,48,16,0.3333333333333333,18,0,0.0,27,1,0.037037037037037035,48,20,0.4166666666666667,48,16,0.3333333333333333,18,0,0.0,27,1,0.037037037037037035,20419,20268,151,57,0.002812314979277679,6,6,0,0,0.0,768,764,4,2,0.002617801047120419,5917,5845,72,30,0.0051325919589392645,13728,13653,75,25,0.001831099392075002,7286,7176,110,29,0.004041248606465998,2,2,0,0,0.0,231,228,3,0,0.0,2745,2699,46,12,0.00444609114486847,4308,4247,61,17,0.004002825523899223,16323,16183,140,57,0.0035222146697151333,4,4,0,0,0.0,617,613,4,2,0.0032626427406199023,4931,4864,67,30,0.006167763157894737,10771,10702,69,25,0.002336011960381237,0,0,0,0,,0,0,0,0,,4096,4085,11,0,0.0,6208,6148,60,20,0.0032530904359141183,8192,8173,19,6,0.0007341245564664138,0.037037037037037035,0.9629629629629629,0.0,27,0,0,0
0,1,project,project,exception,root125,0.125,0,False,results/bios-followup-v1/editing/world-0-seed-1-project/edits/project-exception-root125,93,0,0.0,3,0,0.0,90,0,0.0,93,0,0.0,3,0,0.0,90,0,0.0,96,0,0.0,45,0,0.0,96,0,0.0,48,0,0.0,48,0,0.0,18,0,0.0,27,0,0.0,48,0,0.0,48,0,0.0,18,0,0.0,27,0,0.0,20419,20268,151,0,0.0,6,6,0,0,0.0,768,764,4,0,0.0,5917,5845,72,0,0.0,13728,13653,75,0,0.0,7286,7176,110,0,0.0,2,2,0,0,0.0,231,228,3,0,0.0,2745,2699,46,0,0.0,4308,4247,61,0,0.0,16323,16183,140,0,0.0,4,4,0,0,0.0,617,613,4,0,0.0,4931,4864,67,0,0.0,10771,10702,69,0,0.0,0,0,0,0,,0,0,0,0,,4096,4085,11,0,0.0,6208,6148,60,0,0.0,8192,8173,19,0,0.0,0.0,0.0,1.0,27,0,0,0
0,1,project,project,exception,root125,0.125,32,False,results/bios-followup-v1/editing/world-0-seed-1-project/edits/project-exception-root125,93,18,0.1935483870967742,3,0,0.0,90,18,0.2,93,18,0.1935483870967742,3,0,0.0,90,18,0.2,96,3,0.03125,45,3,0.06666666666666667,96,3,0.03125,48,0,0.0,48,3,0.0625,18,0,0.0,27,3,0.1111111111111111,48,0,0.0,48,3,0.0625,18,0,0.0,27,3,0.1111111111111111,20419,20268,151,111,0.005476613380698638,6,6,0,0,0.0,768,764,4,7,0.009162303664921465,5917,5845,72,48,0.008212147134302824,13728,13653,75,56,0.004101662638248004,7286,7176,110,37,0.005156075808249721,2,2,0,0,0.0,231,228,3,2,0.008771929824561403,2745,2699,46,17,0.006298629121896999,4308,4247,61,18,0.004238285848834471,16323,16183,140,79,0.004881665945745535,4,4,0,0,0.0,617,613,4,5,0.008156606851549755,4931,4864,67,37,0.007606907894736842,10771,10702,69,37,0.003457297701364231,0,0,0,0,,0,0,0,0,,4096,4085,11,32,0.007833537331701347,6208,6148,60,23,0.003741054001301236,8192,8173,19,40,0.004894163709776092,0.1111111111111111,0.18518518518518517,0.6666666666666666,27,0,1,0
0,1,project,project,exception,root125,0.125,128,False,results/bios-followup-v1/editing/world-0-seed-1-project/edits/project-exception-root125,93,93,1.0,3,3,1.0,90,90,1.0,93,93,1.0,3,3,1.0,90,90,1.0,96,40,0.4166666666666667,45,2,0.044444444444444446,96,40,0.4166666666666667,48,21,0.4375,48,19,0.3958333333333333,18,0,0.0,27,2,0.07407407407407407,48,21,0.4375,48,19,0.3958333333333333,18,0,0.0,27,2,0.07407407407407407,20419,20268,151,216,0.010657193605683837,6,6,0,0,0.0,768,764,4,9,0.011780104712041885,5917,5845,72,96,0.016424294268605647,13728,13653,75,111,0.008130081300813009,7286,7176,110,117,0.016304347826086956,2,2,0,0,0.0,231,228,3,2,0.008771929824561403,2745,2699,46,50,0.018525379770285292,4308,4247,61,65,0.015304921120791147,16323,16183,140,195,0.01204968176481493,4,4,0,0,0.0,617,613,4,7,0.011419249592169658,4931,4864,67,85,0.01747532894736842,10771,10702,69,103,0.009624369276770697,0,0,0,0,,0,0,0,0,,4096,4085,11,21,0.005140758873929009,6208,6148,60,99,0.016102797657774885,8192,8173,19,16,0.001957665483910437,0.07407407407407407,0.9259259259259259,0.0,27,0,0,0
0,1,project,project,exception,root125,0.125,512,False,results/bios-followup-v1/editing/world-0-seed-1-project/edits/project-exception-root125,93,93,1.0,3,3,1.0,90,90,1.0,93,93,1.0,3,3,1.0,90,90,1.0,96,37,0.3854166666666667,45,2,0.044444444444444446,96,37,0.3854166666666667,48,20,0.4166666666666667,48,17,0.3541666666666667,18,0,0.0,27,2,0.07407407407407407,48,20,0.4166666666666667,48,17,0.3541666666666667,18,0,0.0,27,2,0.07407407407407407,20419,20268,151,64,0.0031576869942766925,6,6,0,0,0.0,768,764,4,3,0.003926701570680628,5917,5845,72,33,0.005645851154833191,13728,13653,75,28,0.002050831319124002,7286,7176,110,32,0.004459308807134894,2,2,0,0,0.0,231,228,3,1,0.0043859649122807015,2745,2699,46,12,0.00444609114486847,4308,4247,61,19,0.00447374617376972,16323,16183,140,64,0.003954767348452079,4,4,0,0,0.0,617,613,4,3,0.004893964110929853,4931,4864,67,33,0.006784539473684211,10771,10702,69,28,0.002616333395626986,0,0,0,0,,0,0,0,0,,4096,4085,11,0,0.0,6208,6148,60,24,0.003903708523096942,8192,8173,19,6,0.0007341245564664138,0.07407407407407407,0.9259259259259259,0.0,27,0,0,0
0,1,project,project,exception,root250,0.25,0,False,results/bios-followup-v1/editing/world-0-seed-1-project/edits/project-exception-root250,93,0,0.0,3,0,0.0,90,0,0.0,93,0,0.0,3,0,0.0,90,0,0.0,96,0,0.0,45,0,0.0,96,0,0.0,48,0,0.0,48,0,0.0,18,0,0.0,27,0,0.0,48,0,0.0,48,0,0.0,18,0,0.0,27,0,0.0,20419,20268,151,0,0.0,6,6,0,0,0.0,768,764,4,0,0.0,5917,5845,72,0,0.0,13728,13653,75,0,0.0,7286,7176,110,0,0.0,2,2,0,0,0.0,231,228,3,0,0.0,2745,2699,46,0,0.0,4308,4247,61,0,0.0,16323,16183,140,0,0.0,4,4,0,0,0.0,617,613,4,0,0.0,4931,4864,67,0,0.0,10771,10702,69,0,0.0,0,0,0,0,,0,0,0,0,,4096,4085,11,0,0.0,6208,6148,60,0,0.0,8192,8173,19,0,0.0,0.0,0.0,1.0,27,0,0,0
0,1,project,project,exception,root250,0.25,32,False,results/bios-followup-v1/editing/world-0-seed-1-project/edits/project-exception-root250,93,18,0.1935483870967742,3,0,0.0,90,18,0.2,93,18,0.1935483870967742,3,0,0.0,90,18,0.2,96,3,0.03125,45,3,0.06666666666666667,96,3,0.03125,48,0,0.0,48,3,0.0625,18,0,0.0,27,3,0.1111111111111111,48,0,0.0,48,3,0.0625,18,0,0.0,27,3,0.1111111111111111,20419,20268,151,119,0.0058713242549832245,6,6,0,0,0.0,768,764,4,7,0.009162303664921465,5917,5845,72,55,0.009409751924721984,13728,13653,75,57,0.004174906613931004,7286,7176,110,40,0.005574136008918618,2,2,0,0,0.0,231,228,3,2,0.008771929824561403,2745,2699,46,21,0.007780659503519822,4308,4247,61,17,0.004002825523899223,16323,16183,140,87,0.005376011864302046,4,4,0,0,0.0,617,613,4,5,0.008156606851549755,4931,4864,67,44,0.009046052631578948,10771,10702,69,38,0.0035507381797794803,0,0,0,0,,0,0,0,0,,4096,4085,11,32,0.007833537331701347,6208,6148,60,23,0.003741054001301236,8192,8173,19,41,0.005016517802520494,0.1111111111111111,0.14814814814814814,0.7037037037037037,27,0,1,0
0,1,project,project,exception,root250,0.25,128,False,results/bios-followup-v1/editing/world-0-seed-1-project/edits/project-exception-root250,93,93,1.0,3,3,1.0,90,90,1.0,93,93,1.0,3,3,1.0,90,90,1.0,96,40,0.4166666666666667,45,2,0.044444444444444446,96,40,0.4166666666666667,48,21,0.4375,48,19,0.3958333333333333,18,0,0.0,27,2,0.07407407407407407,48,21,0.4375,48,19,0.3958333333333333,18,0,0.0,27,2,0.07407407407407407,20419,20268,151,201,0.009917110716400238,6,6,0,0,0.0,768,764,4,10,0.013089005235602094,5917,5845,72,82,0.014029084687767323,13728,13653,75,109,0.007983593349447008,7286,7176,110,113,0.015746934225195096,2,2,0,0,0.0,231,228,3,4,0.017543859649122806,2745,2699,46,42,0.015561319007039644,4308,4247,61,67,0.015775841770661644,16323,16183,140,182,0.0112463696471606,4,4,0,0,0.0,617,613,4,8,0.013050570962479609,4931,4864,67,74,0.015213815789473685,10771,10702,69,100,0.009344047841524948,0,0,0,0,,0,0,0,0,,4096,4085,11,19,0.004651162790697674,6208,6148,60,103,0.01675341574495771,8192,8173,19,11,0.0013458950201884253,0.07407407407407407,0.8888888888888888,0.037037037037037035,27,0,0,0
0,1,project,project,exception,root250,0.25,512,False,results/bios-followup-v1/editing/world-0-seed-1-project/edits/project-exception-root250,93,93,1.0,3,3,1.0,90,90,1.0,93,93,1.0,3,3,1.0,90,90,1.0,96,39,0.40625,45,2,0.044444444444444446,96,39,0.40625,48,20,0.4166666666666667,48,19,0.3958333333333333,18,0,0.0,27,2,0.07407407407407407,48,20,0.4166666666666667,48,19,0.3958333333333333,18,0,0.0,27,2,0.07407407407407407,20419,20268,151,57,0.002812314979277679,6,6,0,0,0.0,768,764,4,2,0.002617801047120419,5917,5845,72,28,0.004790419161676647,13728,13653,75,27,0.001977587343441002,7286,7176,110,29,0.004041248606465998,2,2,0,0,0.0,231,228,3,1,0.0043859649122807015,2745,2699,46,10,0.003705075954057058,4308,4247,61,18,0.004238285848834471,16323,16183,140,57,0.0035222146697151333,4,4,0,0,0.0,617,613,4,2,0.0032626427406199023,4931,4864,67,28,0.005756578947368421,10771,10702,69,27,0.002522892917211736,0,0,0,0,,0,0,0,0,,4096,4085,11,0,0.0,6208,6148,60,23,0.003741054001301236,8192,8173,19,6,0.0007341245564664138,0.07407407407407407,0.9259259259259259,0.0,27,0,0,0
0,1,project,project,exception,root500,0.5,0,True,results/bios-mechanism-dev-v1/p1/width-256/world-0-seed-1-project/edits/project-class-balanced-exception,93,0,0.0,3,0,0.0,90,0,0.0,93,0,0.0,3,0,0.0,90,0,0.0,96,0,0.0,45,0,0.0,96,0,0.0,48,0,0.0,48,0,0.0,18,0,0.0,27,0,0.0,48,0,0.0,48,0,0.0,18,0,0.0,27,0,0.0,20419,20268,151,0,0.0,6,6,0,0,0.0,768,764,4,0,0.0,5917,5845,72,0,0.0,13728,13653,75,0,0.0,7286,7176,110,0,0.0,2,2,0,0,0.0,231,228,3,0,0.0,2745,2699,46,0,0.0,4308,4247,61,0,0.0,16323,16183,140,0,0.0,4,4,0,0,0.0,617,613,4,0,0.0,4931,4864,67,0,0.0,10771,10702,69,0,0.0,0,0,0,0,,0,0,0,0,,4096,4085,11,0,0.0,6208,6148,60,0,0.0,8192,8173,19,0,0.0,0.0,0.0,1.0,27,0,0,0
0,1,project,project,exception,root500,0.5,32,True,results/bios-mechanism-dev-v1/p1/width-256/world-0-seed-1-project/edits/project-class-balanced-exception,93,13,0.13978494623655913,3,0,0.0,90,13,0.14444444444444443,93,13,0.13978494623655913,3,0,0.0,90,13,0.14444444444444443,96,2,0.020833333333333332,45,2,0.044444444444444446,96,2,0.020833333333333332,48,0,0.0,48,2,0.041666666666666664,18,0,0.0,27,2,0.07407407407407407,48,0,0.0,48,2,0.041666666666666664,18,0,0.0,27,2,0.07407407407407407,20419,20268,151,83,0.004095125320702585,6,6,0,0,0.0,768,764,4,4,0.005235602094240838,5917,5845,72,39,0.006672369546621044,13728,13653,75,40,0.002929759027320003,7286,7176,110,30,0.004180602006688963,2,2,0,0,0.0,231,228,3,1,0.0043859649122807015,2745,2699,46,16,0.005928121526491293,4308,4247,61,13,0.0030609842241582294,16323,16183,140,59,0.0036458011493542605,4,4,0,0,0.0,617,613,4,3,0.004893964110929853,4931,4864,67,30,0.006167763157894737,10771,10702,69,26,0.0024294524387964865,0,0,0,0,,0,0,0,0,,4096,4085,11,24,0.00587515299877601,6208,6148,60,13,0.002114508783344177,8192,8173,19,31,0.0037929768750764713,0.07407407407407407,0.07407407407407407,0.8518518518518519,27,0,0,0
0,1,project,project,exception,root500,0.5,128,True,results/bios-mechanism-dev-v1/p1/width-256/world-0-seed-1-project/edits/project-class-balanced-exception,93,93,1.0,3,3,1.0,90,90,1.0,93,93,1.0,3,3,1.0,90,90,1.0,96,46,0.4791666666666667,45,8,0.17777777777777778,96,46,0.4791666666666667,48,23,0.4791666666666667,48,23,0.4791666666666667,18,2,0.1111111111111111,27,6,0.2222222222222222,48,23,0.4791666666666667,48,23,0.4791666666666667,18,2,0.1111111111111111,27,6,0.2222222222222222,20419,20268,151,194,0.009571738701401223,6,6,0,0,0.0,768,764,4,7,0.009162303664921465,5917,5845,72,77,0.013173652694610778,13728,13653,75,110,0.008056837325130009,7286,7176,110,109,0.015189520624303232,2,2,0,0,0.0,231,228,3,3,0.013157894736842105,2745,2699,46,37,0.013708781030011115,4308,4247,61,69,0.016246762420532142,16323,16183,140,178,0.010999196687882346,4,4,0,0,0.0,617,613,4,6,0.009787928221859706,4931,4864,67,69,0.014185855263157895,10771,10702,69,103,0.009624369276770697,0,0,0,0,,0,0,0,0,,4096,4085,11,16,0.003916768665850673,6208,6148,60,105,0.017078724788549122,8192,8173,19,9,0.0011011868346996207,0.2222222222222222,0.7037037037037037,0.07407407407407407,27,0,0,0
0,1,project,project,exception,root500,0.5,512,True,results/bios-mechanism-dev-v1/p1/width-256/world-0-seed-1-project/edits/project-class-balanced-exception,93,93,1.0,3,3,1.0,90,90,1.0,93,93,1.0,3,3,1.0,90,90,1.0,96,39,0.40625,45,2,0.044444444444444446,96,39,0.40625,48,20,0.4166666666666667,48,19,0.3958333333333333,18,0,0.0,27,2,0.07407407407407407,48,20,0.4166666666666667,48,19,0.3958333333333333,18,0,0.0,27,2,0.07407407407407407,20419,20268,151,46,0.0022695875271363727,6,6,0,0,0.0,768,764,4,2,0.002617801047120419,5917,5845,72,21,0.003592814371257485,13728,13653,75,23,0.0016846114407090018,7286,7176,110,26,0.0036231884057971015,2,2,0,0,0.0,231,228,3,1,0.0043859649122807015,2745,2699,46,8,0.0029640607632456465,4308,4247,61,17,0.004002825523899223,16323,16183,140,46,0.002842489031699932,4,4,0,0,0.0,617,613,4,2,0.0032626427406199023,4931,4864,67,21,0.004317434210526316,10771,10702,69,23,0.002149131003550738,0,0,0,0,,0,0,0,0,,4096,4085,11,0,0.0,6208,6148,60,20,0.0032530904359141183,8192,8173,19,5,0.0006117704637220115,0.07407407407407407,0.8888888888888888,0.037037037037037035,27,0,0,0
0,1,neither,company,coherent,uniform,0.03225806451612903,0,True,results/bios-cross-scale-dev-v1/width-256/world-0-seed-1-neither/edits/company-coherent-mlp,93,0,0.0,3,0,0.0,90,0,0.0,93,0,0.0,3,0,0.0,90,0,0.0,96,0,0.0,45,0,0.0,96,0,0.0,48,0,0.0,48,0,0.0,21,0,0.0,24,0,0.0,48,0,0.0,48,0,0.0,21,0,0.0,24,0,0.0,20419,20164,255,0,0.0,6,6,0,0,0.0,768,763,5,0,0.0,5917,5833,84,0,0.0,13728,13562,166,0,0.0,7286,7135,151,0,0.0,2,2,0,0,0.0,231,227,4,0,0.0,2745,2680,65,0,0.0,4308,4226,82,0,0.0,16323,16095,228,0,0.0,4,4,0,0,0.0,607,602,5,0,0.0,4914,4835,79,0,0.0,10798,10654,144,0,0.0,0,0,0,0,,0,0,0,0,,4096,4069,27,0,0.0,6208,6090,118,0,0.0,8192,8139,53,0,0.0,0.0,0.0,0.9166666666666666,24,0,2,0
0,1,neither,company,coherent,uniform,0.03225806451612903,32,True,results/bios-cross-scale-dev-v1/width-256/world-0-seed-1-neither/edits/company-coherent-mlp,93,22,0.23655913978494625,3,0,0.0,90,22,0.24444444444444444,93,22,0.23655913978494625,3,0,0.0,90,22,0.24444444444444444,96,6,0.0625,45,3,0.06666666666666667,96,6,0.0625,48,5,0.10416666666666667,48,1,0.020833333333333332,21,3,0.14285714285714285,24,0,0.0,48,5,0.10416666666666667,48,1,0.020833333333333332,21,3,0.14285714285714285,24,0,0.0,20419,20164,255,224,0.011108906962904185,6,6,0,0,0.0,768,763,5,15,0.019659239842726082,5917,5833,84,64,0.010972055546031203,13728,13562,166,145,0.01069163840141572,7286,7135,151,93,0.013034337771548703,2,2,0,0,0.0,231,227,4,5,0.022026431718061675,2745,2680,65,27,0.010074626865671642,4308,4226,82,61,0.014434453383814482,16323,16095,228,177,0.010997204100652377,4,4,0,0,0.0,607,602,5,13,0.02159468438538206,4914,4835,79,51,0.010548086866597724,10798,10654,144,113,0.01060634503472874,0,0,0,0,,0,0,0,0,,4096,4069,27,47,0.0115507495699189,6208,6090,118,116,0.01904761904761905,8192,8139,53,41,0.005037473891141418,0.0,0.0,0.5416666666666666,24,0,11,0
0,1,neither,company,coherent,uniform,0.03225806451612903,128,True,results/bios-cross-scale-dev-v1/width-256/world-0-seed-1-neither/edits/company-coherent-mlp,93,93,1.0,3,3,1.0,90,90,1.0,93,93,1.0,3,3,1.0,90,90,1.0,96,71,0.7395833333333334,45,33,0.7333333333333333,96,71,0.7395833333333334,48,37,0.7708333333333334,48,34,0.7083333333333334,21,16,0.7619047619047619,24,17,0.7083333333333334,48,37,0.7708333333333334,48,34,0.7083333333333334,21,16,0.7619047619047619,24,17,0.7083333333333334,20419,20164,255,161,0.007984526879587384,6,6,0,0,0.0,768,763,5,20,0.02621231979030144,5917,5833,84,32,0.005486027773015601,13728,13562,166,109,0.008037162660374577,7286,7135,151,65,0.009110021023125438,2,2,0,0,0.0,231,227,4,6,0.02643171806167401,2745,2680,65,10,0.0037313432835820895,4308,4226,82,49,0.01159488878371983,16323,16095,228,147,0.009133271202236719,4,4,0,0,0.0,607,602,5,18,0.029900332225913623,4914,4835,79,27,0.005584281282316443,10798,10654,144,102,0.009573868969401165,0,0,0,0,,0,0,0,0,,4096,4069,27,14,0.0034406488080609486,6208,6090,118,101,0.01658456486042693,8192,8139,53,22,0.0027030347708563705,0.7083333333333334,0.0,0.16666666666666666,24,0,3,0
0,1,neither,company,coherent,uniform,0.03225806451612903,512,True,results/bios-cross-scale-dev-v1/width-256/world-0-seed-1-neither/edits/company-coherent-mlp,93,93,1.0,3,3,1.0,90,90,1.0,93,93,1.0,3,3,1.0,90,90,1.0,96,78,0.8125,45,35,0.7777777777777778,96,78,0.8125,48,40,0.8333333333333334,48,38,0.7916666666666666,21,17,0.8095238095238095,24,18,0.75,48,40,0.8333333333333334,48,38,0.7916666666666666,21,17,0.8095238095238095,24,18,0.75,20419,20164,255,85,0.004215433445744892,6,6,0,0,0.0,768,763,5,10,0.01310615989515072,5917,5833,84,21,0.003600205726041488,13728,13562,166,54,0.003981713611561717,7286,7135,151,46,0.0064470918009810795,2,2,0,0,0.0,231,227,4,6,0.02643171806167401,2745,2680,65,8,0.0029850746268656717,4308,4226,82,32,0.007572172266919072,16323,16095,228,84,0.00521901211556384,4,4,0,0,0.0,607,602,5,10,0.016611295681063124,4914,4835,79,21,0.0043433298862461224,10798,10654,144,53,0.004974657405669232,0,0,0,0,,0,0,0,0,,4096,4069,27,1,0.0002457606291472106,6208,6090,118,53,0.008702791461412151,8192,8139,53,11,0.0013515173854281852,0.75,0.0,0.08333333333333333,24,0,4,0
0,1,neither,company,coherent,root125,0.125,0,False,results/bios-followup-v1/editing/world-0-seed-1-neither/edits/company-coherent-root125,93,0,0.0,3,0,0.0,90,0,0.0,93,0,0.0,3,0,0.0,90,0,0.0,96,0,0.0,45,0,0.0,96,0,0.0,48,0,0.0,48,0,0.0,21,0,0.0,24,0,0.0,48,0,0.0,48,0,0.0,21,0,0.0,24,0,0.0,20419,20164,255,0,0.0,6,6,0,0,0.0,768,763,5,0,0.0,5917,5833,84,0,0.0,13728,13562,166,0,0.0,7286,7135,151,0,0.0,2,2,0,0,0.0,231,227,4,0,0.0,2745,2680,65,0,0.0,4308,4226,82,0,0.0,16323,16095,228,0,0.0,4,4,0,0,0.0,607,602,5,0,0.0,4914,4835,79,0,0.0,10798,10654,144,0,0.0,0,0,0,0,,0,0,0,0,,4096,4069,27,0,0.0,6208,6090,118,0,0.0,8192,8139,53,0,0.0,0.0,0.0,0.9166666666666666,24,0,2,0
0,1,neither,company,coherent,root125,0.125,32,False,results/bios-followup-v1/editing/world-0-seed-1-neither/edits/company-coherent-root125,93,19,0.20430107526881722,3,0,0.0,90,19,0.2111111111111111,93,19,0.20430107526881722,3,0,0.0,90,19,0.2111111111111111,96,4,0.041666666666666664,45,3,0.06666666666666667,96,4,0.041666666666666664,48,4,0.08333333333333333,48,0,0.0,21,3,0.14285714285714285,24,0,0.0,48,4,0.08333333333333333,48,0,0.0,21,3,0.14285714285714285,24,0,0.0,20419,20164,255,256,0.012695893671890498,6,6,0,0,0.0,768,763,5,17,0.022280471821756225,5917,5833,84,78,0.013372192696725528,13728,13562,166,161,0.011871405397434007,7286,7135,151,102,0.01429572529782761,2,2,0,0,0.0,231,227,4,6,0.02643171806167401,2745,2680,65,32,0.011940298507462687,4308,4226,82,64,0.015144344533838144,16323,16095,228,205,0.012736874805840324,4,4,0,0,0.0,607,602,5,15,0.024916943521594685,4914,4835,79,62,0.012823164426059979,10798,10654,144,128,0.012014266941993618,0,0,0,0,,0,0,0,0,,4096,4069,27,51,0.012533792086507742,6208,6090,118,133,0.021839080459770115,8192,8139,53,42,0.005160339107998526,0.0,0.0,0.5416666666666666,24,0,11,0
0,1,neither,company,coherent,root125,0.125,128,False,results/bios-followup-v1/editing/world-0-seed-1-neither/edits/company-coherent-root125,93,93,1.0,3,3,1.0,90,90,1.0,93,93,1.0,3,3,1.0,90,90,1.0,96,69,0.71875,45,33,0.7333333333333333,96,69,0.71875,48,35,0.7291666666666666,48,34,0.7083333333333334,21,16,0.7619047619047619,24,17,0.7083333333333334,48,35,0.7291666666666666,48,34,0.7083333333333334,21,16,0.7619047619047619,24,17,0.7083333333333334,20419,20164,255,169,0.00838127355683396,6,6,0,0,0.0,768,763,5,21,0.027522935779816515,5917,5833,84,34,0.005828904508829076,13728,13562,166,114,0.00840583984663029,7286,7135,151,71,0.009950946040644709,2,2,0,0,0.0,231,227,4,6,0.02643171806167401,2745,2680,65,12,0.004477611940298508,4308,4226,82,53,0.012541410317084714,16323,16095,228,155,0.009630319975147562,4,4,0,0,0.0,607,602,5,19,0.03156146179401993,4914,4835,79,28,0.00579110651499483,10798,10654,144,108,0.010137037732307114,0,0,0,0,,0,0,0,0,,4096,4069,27,14,0.0034406488080609486,6208,6090,118,107,0.017569786535303777,8192,8139,53,22,0.0027030347708563705,0.7083333333333334,0.0,0.16666666666666666,24,0,3,0
0,1,neither,company,coherent,root125,0.125,512,False,results/bios-followup-v1/editing/world-0-seed-1-neither/edits/company-coherent-root125,93,93,1.0,3,3,1.0,90,90,1.0,93,93,1.0,3,3,1.0,90,90,1.0,96,78,0.8125,45,35,0.7777777777777778,96,78,0.8125,48,40,0.8333333333333334,48,38,0.7916666666666666,21,17,0.8095238095238095,24,18,0.75,48,40,0.8333333333333334,48,38,0.7916666666666666,21,17,0.8095238095238095,24,18,0.75,20419,20164,255,87,0.004314620115056536,6,6,0,0,0.0,768,763,5,9,0.011795543905635648,5917,5833,84,21,0.003600205726041488,13728,13562,166,57,0.004202919923315145,7286,7135,151,47,0.006587245970567625,2,2,0,0,0.0,231,227,4,6,0.02643171806167401,2745,2680,65,8,0.0029850746268656717,4308,4226,82,33,0.007808802650260294,16323,16095,228,87,0.005405405405405406,4,4,0,0,0.0,607,602,5,9,0.014950166112956811,4914,4835,79,21,0.0043433298862461224,10798,10654,144,57,0.005350103247606533,0,0,0,0,,0,0,0,0,,4096,4069,27,0,0.0,6208,6090,118,55,0.0090311986863711,8192,8139,53,11,0.0013515173854281852,0.75,0.0,0.08333333333333333,24,0,4,0
0,1,neither,company,coherent,root250,0.25,0,False,results/bios-followup-v1/editing/world-0-seed-1-neither/edits/company-coherent-root250,93,0,0.0,3,0,0.0,90,0,0.0,93,0,0.0,3,0,0.0,90,0,0.0,96,0,0.0,45,0,0.0,96,0,0.0,48,0,0.0,48,0,0.0,21,0,0.0,24,0,0.0,48,0,0.0,48,0,0.0,21,0,0.0,24,0,0.0,20419,20164,255,0,0.0,6,6,0,0,0.0,768,763,5,0,0.0,5917,5833,84,0,0.0,13728,13562,166,0,0.0,7286,7135,151,0,0.0,2,2,0,0,0.0,231,227,4,0,0.0,2745,2680,65,0,0.0,4308,4226,82,0,0.0,16323,16095,228,0,0.0,4,4,0,0,0.0,607,602,5,0,0.0,4914,4835,79,0,0.0,10798,10654,144,0,0.0,0,0,0,0,,0,0,0,0,,4096,4069,27,0,0.0,6208,6090,118,0,0.0,8192,8139,53,0,0.0,0.0,0.0,0.9166666666666666,24,0,2,0
0,1,neither,company,coherent,root250,0.25,32,False,results/bios-followup-v1/editing/world-0-seed-1-neither/edits/company-coherent-root250,93,14,0.15053763440860216,3,0,0.0,90,14,0.15555555555555556,93,14,0.15053763440860216,3,0,0.0,90,14,0.15555555555555556,96,4,0.041666666666666664,45,4,0.08888888888888889,96,4,0.041666666666666664,48,3,0.0625,48,1,0.020833333333333332,21,3,0.14285714285714285,24,1,0.041666666666666664,48,3,0.0625,48,1,0.020833333333333332,21,3,0.14285714285714285,24,1,0.041666666666666664,20419,20164,255,287,0.014233287046220988,6,6,0,0,0.0,768,763,5,18,0.023591087811271297,5917,5833,84,95,0.016286644951140065,13728,13562,166,174,0.012829966081698865,7286,7135,151,117,0.016398037841625787,2,2,0,0,0.0,231,227,4,7,0.030837004405286344,2745,2680,65,42,0.015671641791044775,4308,4226,82,68,0.01609086606720303,16323,16095,228,230,0.014290152221186705,4,4,0,0,0.0,607,602,5,16,0.026578073089700997,4914,4835,79,78,0.016132368148914167,10798,10654,144,136,0.012765158625868219,0,0,0,0,,0,0,0,0,,4096,4069,27,57,0.014008355861391006,6208,6090,118,150,0.024630541871921183,8192,8139,53,39,0.004791743457427202,0.041666666666666664,0.0,0.4583333333333333,24,0,12,0
0,1,neither,company,coherent,root250,0.25,128,False,results/bios-followup-v1/editing/world-0-seed-1-neither/edits/company-coherent-root250,93,93,1.0,3,3,1.0,90,90,1.0,93,93,1.0,3,3,1.0,90,90,1.0,96,67,0.6979166666666666,45,32,0.7111111111111111,96,67,0.6979166666666666,48,34,0.7083333333333334,48,33,0.6875,21,15,0.7142857142857143,24,17,0.7083333333333334,48,34,0.7083333333333334,48,33,0.6875,21,15,0.7142857142857143,24,17,0.7083333333333334,20419,20164,255,174,0.008629240230113073,6,6,0,0,0.0,768,763,5,19,0.02490170380078637,5917,5833,84,37,0.006343219612549289,13728,13562,166,118,0.008700781595634862,7286,7135,151,75,0.01051156271899089,2,2,0,0,0.0,231,227,4,6,0.02643171806167401,2745,2680,65,13,0.004850746268656716,4308,4226,82,56,0.013251301467108376,16323,16095,228,160,0.009940975458216837,4,4,0,0,0.0,607,602,5,17,0.02823920265780731,4914,4835,79,31,0.006411582213029989,10798,10654,144,112,0.010512483574244415,0,0,0,0,,0,0,0,0,,4096,4069,27,14,0.0034406488080609486,6208,6090,118,111,0.018226600985221674,8192,8139,53,21,0.002580169553999263,0.7083333333333334,0.0,0.16666666666666666,24,0,3,0
0,1,neither,company,coherent,root250,0.25,512,False,results/bios-followup-v1/editing/world-0-seed-1-neither/edits/company-coherent-root250,93,93,1.0,3,3,1.0,90,90,1.0,93,93,1.0,3,3,1.0,90,90,1.0,96,76,0.7916666666666666,45,35,0.7777777777777778,96,76,0.7916666666666666,48,40,0.8333333333333334,48,36,0.75,21,17,0.8095238095238095,24,18,0.75,48,40,0.8333333333333334,48,36,0.75,21,17,0.8095238095238095,24,18,0.75,20419,20164,255,90,0.0044634001190240035,6,6,0,0,0.0,768,763,5,8,0.010484927916120577,5917,5833,84,22,0.0037716440939482257,13728,13562,166,60,0.0044241262350685736,7286,7135,151,47,0.006587245970567625,2,2,0,0,0.0,231,227,4,5,0.022026431718061675,2745,2680,65,9,0.0033582089552238806,4308,4226,82,33,0.007808802650260294,16323,16095,228,88,0.005467536502019261,4,4,0,0,0.0,607,602,5,8,0.013289036544850499,4914,4835,79,22,0.004550155118924508,10798,10654,144,58,0.005443964708090858,0,0,0,0,,0,0,0,0,,4096,4069,27,2,0.0004915212582944212,6208,6090,118,57,0.00935960591133005,8192,8139,53,11,0.0013515173854281852,0.75,0.0,0.08333333333333333,24,0,4,0
0,1,neither,company,coherent,root500,0.5,0,False,results/bios-followup-v1/editing/world-0-seed-1-neither/edits/company-coherent-root500,93,0,0.0,3,0,0.0,90,0,0.0,93,0,0.0,3,0,0.0,90,0,0.0,96,0,0.0,45,0,0.0,96,0,0.0,48,0,0.0,48,0,0.0,21,0,0.0,24,0,0.0,48,0,0.0,48,0,0.0,21,0,0.0,24,0,0.0,20419,20164,255,0,0.0,6,6,0,0,0.0,768,763,5,0,0.0,5917,5833,84,0,0.0,13728,13562,166,0,0.0,7286,7135,151,0,0.0,2,2,0,0,0.0,231,227,4,0,0.0,2745,2680,65,0,0.0,4308,4226,82,0,0.0,16323,16095,228,0,0.0,4,4,0,0,0.0,607,602,5,0,0.0,4914,4835,79,0,0.0,10798,10654,144,0,0.0,0,0,0,0,,0,0,0,0,,4096,4069,27,0,0.0,6208,6090,118,0,0.0,8192,8139,53,0,0.0,0.0,0.0,0.9166666666666666,24,0,2,0
0,1,neither,company,coherent,root500,0.5,32,False,results/bios-followup-v1/editing/world-0-seed-1-neither/edits/company-coherent-root500,93,10,0.10752688172043011,3,1,0.3333333333333333,90,9,0.1,93,10,0.10752688172043011,3,1,0.3333333333333333,90,9,0.1,96,2,0.020833333333333332,45,2,0.044444444444444446,96,2,0.020833333333333332,48,2,0.041666666666666664,48,0,0.0,21,2,0.09523809523809523,24,0,0.0,48,2,0.041666666666666664,48,0,0.0,21,2,0.09523809523809523,24,0,0.0,20419,20164,255,291,0.014431660384844277,6,6,0,0,0.0,768,763,5,18,0.023591087811271297,5917,5833,84,90,0.015429453111606378,13728,13562,166,183,0.01349358501695915,7286,7135,151,116,0.016257883672039244,2,2,0,0,0.0,231,227,4,7,0.030837004405286344,2745,2680,65,38,0.014179104477611941,4308,4226,82,71,0.01680075721722669,16323,16095,228,232,0.014414414414414415,4,4,0,0,0.0,607,602,5,16,0.026578073089700997,4914,4835,79,72,0.014891416752843847,10798,10654,144,144,0.01351605030974282,0,0,0,0,,0,0,0,0,,4096,4069,27,59,0.014499877119685426,6208,6090,118,157,0.025779967159277505,8192,8139,53,41,0.005037473891141418,0.0,0.0,0.6666666666666666,24,0,8,0
0,1,neither,company,coherent,root500,0.5,128,False,results/bios-followup-v1/editing/world-0-seed-1-neither/edits/company-coherent-root500,93,93,1.0,3,3,1.0,90,90,1.0,93,93,1.0,3,3,1.0,90,90,1.0,96,65,0.6770833333333334,45,32,0.7111111111111111,96,65,0.6770833333333334,48,33,0.6875,48,32,0.6666666666666666,21,15,0.7142857142857143,24,17,0.7083333333333334,48,33,0.6875,48,32,0.6666666666666666,21,15,0.7142857142857143,24,17,0.7083333333333334,20419,20164,255,187,0.009273953580638762,6,6,0,0,0.0,768,763,5,16,0.020969855832241154,5917,5833,84,43,0.007371849819989714,13728,13562,166,128,0.00943813596814629,7286,7135,151,88,0.012333566923615978,2,2,0,0,0.0,231,227,4,6,0.02643171806167401,2745,2680,65,17,0.006343283582089552,4308,4226,82,65,0.015380974917179366,16323,16095,228,171,0.010624417520969246,4,4,0,0,0.0,607,602,5,15,0.024916943521594685,4914,4835,79,36,0.007445708376421924,10798,10654,144,120,0.011263375258119017,0,0,0,0,,0,0,0,0,,4096,4069,27,16,0.00393217006635537,6208,6090,118,120,0.019704433497536946,8192,8139,53,22,0.0027030347708563705,0.7083333333333334,0.0,0.16666666666666666,24,0,3,0
0,1,neither,company,coherent,root500,0.5,512,False,results/bios-followup-v1/editing/world-0-seed-1-neither/edits/company-coherent-root500,93,93,1.0,3,3,1.0,90,90,1.0,93,93,1.0,3,3,1.0,90,90,1.0,96,77,0.8020833333333334,45,36,0.8,96,77,0.8020833333333334,48,40,0.8333333333333334,48,37,0.7708333333333334,21,17,0.8095238095238095,24,19,0.7916666666666666,48,40,0.8333333333333334,48,37,0.7708333333333334,21,17,0.8095238095238095,24,19,0.7916666666666666,20419,20164,255,93,0.00461218012299147,6,6,0,0,0.0,768,763,5,9,0.011795543905635648,5917,5833,84,20,0.0034287673581347507,13728,13562,166,64,0.004719067984073145,7286,7135,151,53,0.007428170988086896,2,2,0,0,0.0,231,227,4,5,0.022026431718061675,2745,2680,65,10,0.0037313432835820895,4308,4226,82,38,0.008991954566966399,16323,16095,228,91,0.005653929791860826,4,4,0,0,0.0,607,602,5,9,0.014950166112956811,4914,4835,79,20,0.004136504653567736,10798,10654,144,62,0.005819410550028158,0,0,0,0,,0,0,0,0,,4096,4069,27,2,0.0004915212582944212,6208,6090,118,60,0.009852216748768473,8192,8139,53,13,0.0015972478191424008,0.7916666666666666,0.0,0.08333333333333333,24,0,3,0
0,1,neither,company,exception,uniform,0.03225806451612903,0,True,results/bios-cross-scale-dev-v1/width-256/world-0-seed-1-neither/edits/company-exception-mlp,93,0,0.0,3,0,0.0,90,0,0.0,93,0,0.0,3,0,0.0,90,0,0.0,96,0,0.0,45,0,0.0,96,0,0.0,48,0,0.0,48,0,0.0,21,0,0.0,24,0,0.0,48,0,0.0,48,0,0.0,21,0,0.0,24,0,0.0,20419,20164,255,0,0.0,6,6,0,0,0.0,768,763,5,0,0.0,5917,5833,84,0,0.0,13728,13562,166,0,0.0,7286,7135,151,0,0.0,2,2,0,0,0.0,231,227,4,0,0.0,2745,2680,65,0,0.0,4308,4226,82,0,0.0,16323,16095,228,0,0.0,4,4,0,0,0.0,607,602,5,0,0.0,4914,4835,79,0,0.0,10798,10654,144,0,0.0,0,0,0,0,,0,0,0,0,,4096,4069,27,0,0.0,6208,6090,118,0,0.0,8192,8139,53,0,0.0,0.0,0.0,0.9166666666666666,24,0,2,0
0,1,neither,company,exception,uniform,0.03225806451612903,32,True,results/bios-cross-scale-dev-v1/width-256/world-0-seed-1-neither/edits/company-exception-mlp,93,9,0.0967741935483871,3,0,0.0,90,9,0.1,93,9,0.0967741935483871,3,0,0.0,90,9,0.1,96,0,0.0,45,0,0.0,96,0,0.0,48,0,0.0,48,0,0.0,21,0,0.0,24,0,0.0,48,0,0.0,48,0,0.0,21,0,0.0,24,0,0.0,20419,20164,255,214,0.010612973616345963,6,6,0,0,0.0,768,763,5,17,0.022280471821756225,5917,5833,84,56,0.0096005486027773,13728,13562,166,141,0.010396696652411148,7286,7135,151,88,0.012333566923615978,2,2,0,0,0.0,231,227,4,7,0.030837004405286344,2745,2680,65,22,0.008208955223880597,4308,4226,82,59,0.013961192617132039,16323,16095,228,168,0.01043802423112768,4,4,0,0,0.0,607,602,5,14,0.023255813953488372,4914,4835,79,43,0.008893485005170631,10798,10654,144,111,0.01041862211376009,0,0,0,0,,0,0,0,0,,4096,4069,27,46,0.011304988940771688,6208,6090,118,113,0.018555008210180624,8192,8139,53,42,0.005160339107998526,0.0,0.0,0.5833333333333334,24,0,10,0
0,1,neither,company,exception,uniform,0.03225806451612903,128,True,results/bios-cross-scale-dev-v1/width-256/world-0-seed-1-neither/edits/company-exception-mlp,93,93,1.0,3,3,1.0,90,90,1.0,93,93,1.0,3,3,1.0,90,90,1.0,96,41,0.4270833333333333,45,6,0.13333333333333333,96,41,0.4270833333333333,48,22,0.4583333333333333,48,19,0.3958333333333333,21,3,0.14285714285714285,24,3,0.125,48,22,0.4583333333333333,48,19,0.3958333333333333,21,3,0.14285714285714285,24,3,0.125,20419,20164,255,186,0.00922436024598294,6,6,0,0,0.0,768,763,5,23,0.03014416775884666,5917,5833,84,48,0.0082290416595234,13728,13562,166,115,0.008479575283881434,7286,7135,151,86,0.012053258584442887,2,2,0,0,0.0,231,227,4,8,0.03524229074889868,2745,2680,65,23,0.008582089552238806,4308,4226,82,55,0.013014671083767155,16323,16095,228,172,0.0106865486175831,4,4,0,0,0.0,607,602,5,21,0.03488372093023256,4914,4835,79,42,0.008686659772492245,10798,10654,144,109,0.01023089919279144,0,0,0,0,,0,0,0,0,,4096,4069,27,14,0.0034406488080609486,6208,6090,118,110,0.0180623973727422,8192,8139,53,23,0.0028258999877134785,0.125,0.6666666666666666,0.125,24,0,2,0
0,1,neither,company,exception,uniform,0.03225806451612903,512,True,results/bios-cross-scale-dev-v1/width-256/world-0-seed-1-neither/edits/company-exception-mlp,93,93,1.0,3,3,1.0,90,90,1.0,93,93,1.0,3,3,1.0,90,90,1.0,96,40,0.4166666666666667,45,5,0.1111111111111111,96,40,0.4166666666666667,48,21,0.4375,48,19,0.3958333333333333,21,2,0.09523809523809523,24,3,0.125,48,21,0.4375,48,19,0.3958333333333333,21,2,0.09523809523809523,24,3,0.125,20419,20164,255,106,0.005256893473517159,6,6,0,0,0.0,768,763,5,13,0.01703800786369594,5917,5833,84,33,0.005657466140922339,13728,13562,166,60,0.0044241262350685736,7286,7135,151,57,0.007988787666433076,2,2,0,0,0.0,231,227,4,5,0.022026431718061675,2745,2680,65,19,0.0070895522388059705,4308,4226,82,33,0.007808802650260294,16323,16095,228,105,0.0065237651444548,4,4,0,0,0.0,607,602,5,13,0.02159468438538206,4914,4835,79,33,0.006825232678386763,10798,10654,144,59,0.005537826168575183,0,0,0,0,,0,0,0,0,,4096,4069,27,1,0.0002457606291472106,6208,6090,118,57,0.00935960591133005,8192,8139,53,14,0.0017201130359995086,0.125,0.5833333333333334,0.125,24,0,4,0
0,1,neither,company,exception,root125,0.125,0,False,results/bios-followup-v1/editing/world-0-seed-1-neither/edits/company-exception-root125,93,0,0.0,3,0,0.0,90,0,0.0,93,0,0.0,3,0,0.0,90,0,0.0,96,0,0.0,45,0,0.0,96,0,0.0,48,0,0.0,48,0,0.0,21,0,0.0,24,0,0.0,48,0,0.0,48,0,0.0,21,0,0.0,24,0,0.0,20419,20164,255,0,0.0,6,6,0,0,0.0,768,763,5,0,0.0,5917,5833,84,0,0.0,13728,13562,166,0,0.0,7286,7135,151,0,0.0,2,2,0,0,0.0,231,227,4,0,0.0,2745,2680,65,0,0.0,4308,4226,82,0,0.0,16323,16095,228,0,0.0,4,4,0,0,0.0,607,602,5,0,0.0,4914,4835,79,0,0.0,10798,10654,144,0,0.0,0,0,0,0,,0,0,0,0,,4096,4069,27,0,0.0,6208,6090,118,0,0.0,8192,8139,53,0,0.0,0.0,0.0,0.9166666666666666,24,0,2,0
0,1,neither,company,exception,root125,0.125,32,False,results/bios-followup-v1/editing/world-0-seed-1-neither/edits/company-exception-root125,93,8,0.08602150537634409,3,0,0.0,90,8,0.08888888888888889,93,8,0.08602150537634409,3,0,0.0,90,8,0.08888888888888889,96,0,0.0,45,0,0.0,96,0,0.0,48,0,0.0,48,0,0.0,21,0,0.0,24,0,0.0,48,0,0.0,48,0,0.0,21,0,0.0,24,0,0.0,20419,20164,255,241,0.011951993652053164,6,6,0,0,0.0,768,763,5,18,0.023591087811271297,5917,5833,84,64,0.010972055546031203,13728,13562,166,159,0.01172393452293172,7286,7135,151,101,0.014155571128241066,2,2,0,0,0.0,231,227,4,7,0.030837004405286344,2745,2680,65,27,0.010074626865671642,4308,4226,82,67,0.01585423568386181,16323,16095,228,192,0.011929170549860205,4,4,0,0,0.0,607,602,5,15,0.024916943521594685,4914,4835,79,50,0.010341261633919338,10798,10654,144,127,0.011920405481509293,0,0,0,0,,0,0,0,0,,4096,4069,27,49,0.01204227082821332,6208,6090,118,128,0.021018062397372743,8192,8139,53,45,0.0055289347585698485,0.0,0.0,0.5416666666666666,24,0,11,0
0,1,neither,company,exception,root125,0.125,128,False,results/bios-followup-v1/editing/world-0-seed-1-neither/edits/company-exception-root125,93,93,1.0,3,3,1.0,90,90,1.0,93,93,1.0,3,3,1.0,90,90,1.0,96,41,0.4270833333333333,45,6,0.13333333333333333,96,41,0.4270833333333333,48,22,0.4583333333333333,48,19,0.3958333333333333,21,3,0.14285714285714285,24,3,0.125,48,22,0.4583333333333333,48,19,0.3958333333333333,21,3,0.14285714285714285,24,3,0.125,20419,20164,255,189,0.009373140249950406,6,6,0,0,0.0,768,763,5,21,0.027522935779816515,5917,5833,84,51,0.008743356763243613,13728,13562,166,117,0.008627046158383719,7286,7135,151,87,0.012193412754029432,2,2,0,0,0.0,231,227,4,7,0.030837004405286344,2745,2680,65,25,0.009328358208955223,4308,4226,82,55,0.013014671083767155,16323,16095,228,173,0.010748679714196956,4,4,0,0,0.0,607,602,5,19,0.03156146179401993,4914,4835,79,44,0.009100310237849017,10798,10654,144,110,0.010324760653275766,0,0,0,0,,0,0,0,0,,4096,4069,27,16,0.00393217006635537,6208,6090,118,111,0.018226600985221674,8192,8139,53,22,0.0027030347708563705,0.125,0.6666666666666666,0.125,24,0,2,0
0,1,neither,company,exception,root125,0.125,512,False,results/bios-followup-v1/editing/world-0-seed-1-neither/edits/company-exception-root125,93,93,1.0,3,3,1.0,90,90,1.0,93,93,1.0,3,3,1.0,90,90,1.0,96,42,0.4375,45,7,0.15555555555555556,96,42,0.4375,48,22,0.4583333333333333,48,20,0.4166666666666667,21,3,0.14285714285714285,24,4,0.16666666666666666,48,22,0.4583333333333333,48,20,0.4166666666666667,21,3,0.14285714285714285,24,4,0.16666666666666666,20419,20164,255,112,0.005554453481452093,6,6,0,0,0.0,768,763,5,13,0.01703800786369594,5917,5833,84,34,0.005828904508829076,13728,13562,166,65,0.004792803421324289,7286,7135,151,60,0.008409250175192713,2,2,0,0,0.0,231,227,4,5,0.022026431718061675,2745,2680,65,20,0.007462686567164179,4308,4226,82,35,0.008282063416942735,16323,16095,228,110,0.006834420627524076,4,4,0,0,0.0,607,602,5,13,0.02159468438538206,4914,4835,79,34,0.00703205791106515,10798,10654,144,63,0.005913272010512484,0,0,0,0,,0,0,0,0,,4096,4069,27,2,0.0004915212582944212,6208,6090,118,62,0.010180623973727421,8192,8139,53,14,0.0017201130359995086,0.16666666666666666,0.5833333333333334,0.125,24,0,3,0
0,1,neither,company,exception,root250,0.25,0,False,results/bios-followup-v1/editing/world-0-seed-1-neither/edits/company-exception-root250,93,0,0.0,3,0,0.0,90,0,0.0,93,0,0.0,3,0,0.0,90,0,0.0,96,0,0.0,45,0,0.0,96,0,0.0,48,0,0.0,48,0,0.0,21,0,0.0,24,0,0.0,48,0,0.0,48,0,0.0,21,0,0.0,24,0,0.0,20419,20164,255,0,0.0,6,6,0,0,0.0,768,763,5,0,0.0,5917,5833,84,0,0.0,13728,13562,166,0,0.0,7286,7135,151,0,0.0,2,2,0,0,0.0,231,227,4,0,0.0,2745,2680,65,0,0.0,4308,4226,82,0,0.0,16323,16095,228,0,0.0,4,4,0,0,0.0,607,602,5,0,0.0,4914,4835,79,0,0.0,10798,10654,144,0,0.0,0,0,0,0,,0,0,0,0,,4096,4069,27,0,0.0,6208,6090,118,0,0.0,8192,8139,53,0,0.0,0.0,0.0,0.9166666666666666,24,0,2,0
0,1,neither,company,exception,root250,0.25,32,False,results/bios-followup-v1/editing/world-0-seed-1-neither/edits/company-exception-root250,93,5,0.053763440860215055,3,0,0.0,90,5,0.05555555555555555,93,5,0.053763440860215055,3,0,0.0,90,5,0.05555555555555555,96,0,0.0,45,0,0.0,96,0,0.0,48,0,0.0,48,0,0.0,21,0,0.0,24,0,0.0,48,0,0.0,48,0,0.0,21,0,0.0,24,0,0.0,20419,20164,255,277,0.013737353699662766,6,6,0,0,0.0,768,763,5,19,0.02490170380078637,5917,5833,84,78,0.013372192696725528,13728,13562,166,180,0.013272378705205722,7286,7135,151,116,0.016257883672039244,2,2,0,0,0.0,231,227,4,7,0.030837004405286344,2745,2680,65,35,0.013059701492537313,4308,4226,82,74,0.017510648367250355,16323,16095,228,225,0.013979496738117428,4,4,0,0,0.0,607,602,5,15,0.024916943521594685,4914,4835,79,64,0.013236814891416752,10798,10654,144,146,0.01370377323071147,0,0,0,0,,0,0,0,0,,4096,4069,27,52,0.012779552715654952,6208,6090,118,149,0.02446633825944171,8192,8139,53,46,0.005651799975426957,0.0,0.0,0.5,24,0,12,0
0,1,neither,company,exception,root250,0.25,128,False,results/bios-followup-v1/editing/world-0-seed-1-neither/edits/company-exception-root250,93,93,1.0,3,3,1.0,90,90,1.0,93,93,1.0,3,3,1.0,90,90,1.0,96,40,0.4166666666666667,45,6,0.13333333333333333,96,40,0.4166666666666667,48,22,0.4583333333333333,48,18,0.375,21,3,0.14285714285714285,24,3,0.125,48,22,0.4583333333333333,48,18,0.375,21,3,0.14285714285714285,24,3,0.125,20419,20164,255,201,0.009968260265820273,6,6,0,0,0.0,768,763,5,24,0.03145478374836173,5917,5833,84,55,0.009429110234870563,13728,13562,166,122,0.008995723344639434,7286,7135,151,96,0.013454800280308338,2,2,0,0,0.0,231,227,4,8,0.03524229074889868,2745,2680,65,27,0.010074626865671642,4308,4226,82,61,0.014434453383814482,16323,16095,228,184,0.011432121776949362,4,4,0,0,0.0,607,602,5,22,0.036544850498338874,4914,4835,79,47,0.009720785935884178,10798,10654,144,115,0.01079406795569739,0,0,0,0,,0,0,0,0,,4096,4069,27,17,0.004177930695502581,6208,6090,118,120,0.019704433497536946,8192,8139,53,21,0.002580169553999263,0.125,0.7083333333333334,0.125,24,0,1,0
0,1,neither,company,exception,root250,0.25,512,False,results/bios-followup-v1/editing/world-0-seed-1-neither/edits/company-exception-root250,93,93,1.0,3,3,1.0,90,90,1.0,93,93,1.0,3,3,1.0,90,90,1.0,96,43,0.4479166666666667,45,8,0.17777777777777778,96,43,0.4479166666666667,48,22,0.4583333333333333,48,21,0.4375,21,3,0.14285714285714285,24,5,0.20833333333333334,48,22,0.4583333333333333,48,21,0.4375,21,3,0.14285714285714285,24,5,0.20833333333333334,20419,20164,255,118,0.005852013489387026,6,6,0,0,0.0,768,763,5,13,0.01703800786369594,5917,5833,84,35,0.006000342876735814,13728,13562,166,70,0.005161480607580003,7286,7135,151,65,0.009110021023125438,2,2,0,0,0.0,231,227,4,5,0.022026431718061675,2745,2680,65,20,0.007462686567164179,4308,4226,82,40,0.00946521533364884,16323,16095,228,117,0.007269338303821062,4,4,0,0,0.0,607,602,5,13,0.02159468438538206,4914,4835,79,35,0.007238883143743537,10798,10654,144,69,0.006476440773418434,0,0,0,0,,0,0,0,0,,4096,4069,27,1,0.0002457606291472106,6208,6090,118,67,0.011001642036124795,8192,8139,53,14,0.0017201130359995086,0.20833333333333334,0.625,0.08333333333333333,24,0,2,0
0,1,neither,company,exception,root500,0.5,0,True,results/bios-mechanism-dev-v1/p1/width-256/world-0-seed-1-neither/edits/company-class-balanced-exception,93,0,0.0,3,0,0.0,90,0,0.0,93,0,0.0,3,0,0.0,90,0,0.0,96,0,0.0,45,0,0.0,96,0,0.0,48,0,0.0,48,0,0.0,21,0,0.0,24,0,0.0,48,0,0.0,48,0,0.0,21,0,0.0,24,0,0.0,20419,20164,255,0,0.0,6,6,0,0,0.0,768,763,5,0,0.0,5917,5833,84,0,0.0,13728,13562,166,0,0.0,7286,7135,151,0,0.0,2,2,0,0,0.0,231,227,4,0,0.0,2745,2680,65,0,0.0,4308,4226,82,0,0.0,16323,16095,228,0,0.0,4,4,0,0,0.0,607,602,5,0,0.0,4914,4835,79,0,0.0,10798,10654,144,0,0.0,0,0,0,0,,0,0,0,0,,4096,4069,27,0,0.0,6208,6090,118,0,0.0,8192,8139,53,0,0.0,0.0,0.0,0.9166666666666666,24,0,2,0
0,1,neither,company,exception,root500,0.5,32,True,results/bios-mechanism-dev-v1/p1/width-256/world-0-seed-1-neither/edits/company-class-balanced-exception,93,1,0.010752688172043012,3,0,0.0,90,1,0.011111111111111112,93,1,0.010752688172043012,3,0,0.0,90,1,0.011111111111111112,96,0,0.0,45,0,0.0,96,0,0.0,48,0,0.0,48,0,0.0,21,0,0.0,24,0,0.0,48,0,0.0,48,0,0.0,21,0,0.0,24,0,0.0,20419,20164,255,263,0.013043047014481253,6,6,0,0,0.0,768,763,5,16,0.020969855832241154,5917,5833,84,78,0.013372192696725528,13728,13562,166,169,0.01246128889544315,7286,7135,151,108,0.015136650315346882,2,2,0,0,0.0,231,227,4,6,0.02643171806167401,2745,2680,65,33,0.012313432835820896,4308,4226,82,69,0.01632749645054425,16323,16095,228,211,0.013109661385523455,4,4,0,0,0.0,607,602,5,14,0.023255813953488372,4914,4835,79,60,0.012409513960703205,10798,10654,144,137,0.012859020086352544,0,0,0,0,,0,0,0,0,,4096,4069,27,52,0.012779552715654952,6208,6090,118,138,0.022660098522167486,8192,8139,53,44,0.005406069541712741,0.0,0.0,0.5833333333333334,24,0,10,0
0,1,neither,company,exception,root500,0.5,128,True,results/bios-mechanism-dev-v1/p1/width-256/world-0-seed-1-neither/edits/company-class-balanced-exception,93,93,1.0,3,3,1.0,90,90,1.0,93,93,1.0,3,3,1.0,90,90,1.0,96,44,0.4583333333333333,45,9,0.2,96,44,0.4583333333333333,48,26,0.5416666666666666,48,18,0.375,21,6,0.2857142857142857,24,3,0.125,48,26,0.5416666666666666,48,18,0.375,21,6,0.2857142857142857,24,3,0.125,20419,20164,255,217,0.01076175362031343,6,6,0,0,0.0,768,763,5,23,0.03014416775884666,5917,5833,84,62,0.010629178810217728,13728,13562,166,132,0.009733077717150863,7286,7135,151,100,0.01401541695865452,2,2,0,0,0.0,231,227,4,8,0.03524229074889868,2745,2680,65,28,0.010447761194029851,4308,4226,82,64,0.015144344533838144,16323,16095,228,199,0.012364088226157192,4,4,0,0,0.0,607,602,5,21,0.03488372093023256,4914,4835,79,53,0.010961737331954498,10798,10654,144,125,0.011732682560540641,0,0,0,0,,0,0,0,0,,4096,4069,27,18,0.004423691324649791,6208,6090,118,128,0.021018062397372743,8192,8139,53,23,0.0028258999877134785,0.125,0.7083333333333334,0.125,24,0,1,0
0,1,neither,company,exception,root500,0.5,512,True,results/bios-mechanism-dev-v1/p1/width-256/world-0-seed-1-neither/edits/company-class-balanced-exception,93,93,1.0,3,3,1.0,90,90,1.0,93,93,1.0,3,3,1.0,90,90,1.0,96,45,0.46875,45,10,0.2222222222222222,96,45,0.46875,48,24,0.5,48,21,0.4375,21,5,0.23809523809523808,24,5,0.20833333333333334,48,24,0.5,48,21,0.4375,21,5,0.23809523809523808,24,5,0.20833333333333334,20419,20164,255,117,0.005802420154731204,6,6,0,0,0.0,768,763,5,12,0.015727391874180863,5917,5833,84,32,0.005486027773015601,13728,13562,166,73,0.005382686919333432,7286,7135,151,64,0.008969866853538892,2,2,0,0,0.0,231,227,4,4,0.01762114537444934,2745,2680,65,18,0.006716417910447761,4308,4226,82,42,0.009938476100331283,16323,16095,228,117,0.007269338303821062,4,4,0,0,0.0,607,602,5,12,0.019933554817275746,4914,4835,79,32,0.006618407445708376,10798,10654,144,73,0.006851886615355735,0,0,0,0,,0,0,0,0,,4096,4069,27,0,0.0,6208,6090,118,67,0.011001642036124795,8192,8139,53,16,0.001965843469713724,0.20833333333333334,0.625,0.125,24,0,1,0
0,1,neither,project,coherent,uniform,0.03225806451612903,0,True,results/bios-cross-scale-dev-v1/width-256/world-0-seed-1-neither/edits/project-coherent-mlp,93,0,0.0,3,0,0.0,90,0,0.0,93,0,0.0,3,0,0.0,90,0,0.0,96,0,0.0,45,0,0.0,96,0,0.0,48,0,0.0,48,0,0.0,18,0,0.0,27,0,0.0,48,0,0.0,48,0,0.0,18,0,0.0,27,0,0.0,20419,20162,257,0,0.0,6,6,0,0,0.0,768,758,10,0,0.0,5917,5804,113,0,0.0,13728,13594,134,0,0.0,7286,7131,155,0,0.0,2,2,0,0,0.0,231,225,6,0,0.0,2745,2673,72,0,0.0,4308,4231,77,0,0.0,16323,16096,227,0,0.0,4,4,0,0,0.0,617,608,9,0,0.0,4931,4831,100,0,0.0,10771,10653,118,0,0.0,0,0,0,0,,0,0,0,0,,4096,4066,30,0,0.0,6208,6118,90,0,0.0,8192,8139,53,0,0.0,0.0,0.0,0.9629629629629629,27,0,1,0
0,1,neither,project,coherent,uniform,0.03225806451612903,32,True,results/bios-cross-scale-dev-v1/width-256/world-0-seed-1-neither/edits/project-coherent-mlp,93,48,0.5161290322580645,3,1,0.3333333333333333,90,47,0.5222222222222223,93,48,0.5161290322580645,3,1,0.3333333333333333,90,47,0.5222222222222223,96,4,0.041666666666666664,45,2,0.044444444444444446,96,4,0.041666666666666664,48,2,0.041666666666666664,48,2,0.041666666666666664,18,0,0.0,27,2,0.07407407407407407,48,2,0.041666666666666664,48,2,0.041666666666666664,18,0,0.0,27,2,0.07407407407407407,20419,20162,257,316,0.015673048308699533,6,6,0,1,0.16666666666666666,768,758,10,7,0.009234828496042216,5917,5804,113,227,0.039110957960027566,13728,13594,134,81,0.0059585111078416944,7286,7131,155,100,0.014023278642546627,2,2,0,0,0.0,231,225,6,3,0.013333333333333334,2745,2673,72,67,0.025065469509913955,4308,4231,77,30,0.007090522335145356,16323,16096,227,248,0.015407554671968192,4,4,0,0,0.0,617,608,9,6,0.009868421052631578,4931,4831,100,177,0.03663837714758849,10771,10653,118,65,0.006101567633530461,0,0,0,0,,0,0,0,0,,4096,4066,30,68,0.016724053123462864,6208,6118,90,33,0.005393919581562602,8192,8139,53,55,0.006757586927140926,0.07407407407407407,0.0,0.7037037037037037,27,0,6,0
0,1,neither,project,coherent,uniform,0.03225806451612903,128,True,results/bios-cross-scale-dev-v1/width-256/world-0-seed-1-neither/edits/project-coherent-mlp,93,93,1.0,3,3,1.0,90,90,1.0,93,93,1.0,3,3,1.0,90,90,1.0,96,31,0.3229166666666667,45,17,0.37777777777777777,96,31,0.3229166666666667,48,13,0.2708333333333333,48,18,0.375,18,6,0.3333333333333333,27,11,0.4074074074074074,48,13,0.2708333333333333,48,18,0.375,18,6,0.3333333333333333,27,11,0.4074074074074074,20419,20162,257,144,0.007142148596369408,6,6,0,2,0.3333333333333333,768,758,10,14,0.018469656992084433,5917,5804,113,98,0.016884906960716747,13728,13594,134,30,0.0022068559658672943,7286,7131,155,47,0.006590940961996915,2,2,0,1,0.5,231,225,6,4,0.017777777777777778,2745,2673,72,31,0.011597456041900486,4308,4231,77,11,0.002599858189553297,16323,16096,227,131,0.008138667992047714,4,4,0,2,0.5,617,608,9,14,0.023026315789473683,4931,4831,100,87,0.01800869385220451,10771,10653,118,28,0.0026283675959823524,0,0,0,0,,0,0,0,0,,4096,4066,30,13,0.0031972454500737825,6208,6118,90,17,0.002778685845047401,8192,8139,53,24,0.002948765204570586,0.4074074074074074,0.0,0.4444444444444444,27,0,4,0
0,1,neither,project,coherent,uniform,0.03225806451612903,512,True,results/bios-cross-scale-dev-v1/width-256/world-0-seed-1-neither/edits/project-coherent-mlp,93,93,1.0,3,3,1.0,90,90,1.0,93,93,1.0,3,3,1.0,90,90,1.0,96,34,0.3541666666666667,45,19,0.4222222222222222,96,34,0.3541666666666667,48,13,0.2708333333333333,48,21,0.4375,18,6,0.3333333333333333,27,13,0.48148148148148145,48,13,0.2708333333333333,48,21,0.4375,18,6,0.3333333333333333,27,13,0.48148148148148145,20419,20162,257,90,0.00446384287273088,6,6,0,2,0.3333333333333333,768,758,10,10,0.013192612137203167,5917,5804,113,60,0.010337698139214336,13728,13594,134,18,0.0013241135795203766,7286,7131,155,31,0.004347216379189454,2,2,0,1,0.5,231,225,6,3,0.013333333333333334,2745,2673,72,20,0.0074822297044519264,4308,4231,77,7,0.0016544552115339162,16323,16096,227,89,0.005529324055666004,4,4,0,2,0.5,617,608,9,10,0.01644736842105263,4931,4831,100,60,0.01241978886358932,10771,10653,118,17,0.0015957946118464283,0,0,0,0,,0,0,0,0,,4096,4066,30,1,0.00024594195769798326,6208,6118,90,11,0.0017979731938542007,8192,8139,53,16,0.001965843469713724,0.48148148148148145,0.0,0.37037037037037035,27,0,4,0
0,1,neither,project,coherent,root125,0.125,0,False,results/bios-followup-v1/editing/world-0-seed-1-neither/edits/project-coherent-root125,93,0,0.0,3,0,0.0,90,0,0.0,93,0,0.0,3,0,0.0,90,0,0.0,96,0,0.0,45,0,0.0,96,0,0.0,48,0,0.0,48,0,0.0,18,0,0.0,27,0,0.0,48,0,0.0,48,0,0.0,18,0,0.0,27,0,0.0,20419,20162,257,0,0.0,6,6,0,0,0.0,768,758,10,0,0.0,5917,5804,113,0,0.0,13728,13594,134,0,0.0,7286,7131,155,0,0.0,2,2,0,0,0.0,231,225,6,0,0.0,2745,2673,72,0,0.0,4308,4231,77,0,0.0,16323,16096,227,0,0.0,4,4,0,0,0.0,617,608,9,0,0.0,4931,4831,100,0,0.0,10771,10653,118,0,0.0,0,0,0,0,,0,0,0,0,,4096,4066,30,0,0.0,6208,6118,90,0,0.0,8192,8139,53,0,0.0,0.0,0.0,0.9629629629629629,27,0,1,0
0,1,neither,project,coherent,root125,0.125,32,False,results/bios-followup-v1/editing/world-0-seed-1-neither/edits/project-coherent-root125,93,47,0.5053763440860215,3,2,0.6666666666666666,90,45,0.5,93,47,0.5053763440860215,3,2,0.6666666666666666,90,45,0.5,96,5,0.052083333333333336,45,2,0.044444444444444446,96,5,0.052083333333333336,48,3,0.0625,48,2,0.041666666666666664,18,0,0.0,27,2,0.07407407407407407,48,3,0.0625,48,2,0.041666666666666664,18,0,0.0,27,2,0.07407407407407407,20419,20162,257,327,0.01621862910425553,6,6,0,1,0.16666666666666666,768,758,10,8,0.010554089709762533,5917,5804,113,230,0.03962784286698828,13728,13594,134,88,0.006473444166544063,7286,7131,155,106,0.014864675361099425,2,2,0,0,0.0,231,225,6,4,0.017777777777777778,2745,2673,72,70,0.026187803965581742,4308,4231,77,32,0.007563223824155046,16323,16096,227,255,0.01584244532803181,4,4,0,0,0.0,617,608,9,7,0.011513157894736841,4931,4831,100,179,0.03705237010970813,10771,10653,118,69,0.006477048718670797,0,0,0,0,,0,0,0,0,,4096,4066,30,72,0.017707820954254796,6208,6118,90,40,0.006538084341288003,8192,8139,53,56,0.006880452143998034,0.07407407407407407,0.0,0.7037037037037037,27,0,6,0
0,1,neither,project,coherent,root125,0.125,128,False,results/bios-followup-v1/editing/world-0-seed-1-neither/edits/project-coherent-root125,93,93,1.0,3,3,1.0,90,90,1.0,93,93,1.0,3,3,1.0,90,90,1.0,96,31,0.3229166666666667,45,17,0.37777777777777777,96,31,0.3229166666666667,48,14,0.2916666666666667,48,17,0.3541666666666667,18,7,0.3888888888888889,27,10,0.37037037037037035,48,14,0.2916666666666667,48,17,0.3541666666666667,18,7,0.3888888888888889,27,10,0.37037037037037035,20419,20162,257,144,0.007142148596369408,6,6,0,2,0.3333333333333333,768,758,10,13,0.017150395778364115,5917,5804,113,101,0.017401791867677464,13728,13594,134,28,0.0020597322348094747,7286,7131,155,50,0.007011639321273314,2,2,0,1,0.5,231,225,6,4,0.017777777777777778,2745,2673,72,34,0.012719790497568275,4308,4231,77,11,0.002599858189553297,16323,16096,227,131,0.008138667992047714,4,4,0,2,0.5,617,608,9,13,0.02138157894736842,4931,4831,100,90,0.01862968329538398,10771,10653,118,26,0.0024406270534121843,0,0,0,0,,0,0,0,0,,4096,4066,30,13,0.0031972454500737825,6208,6118,90,17,0.002778685845047401,8192,8139,53,21,0.002580169553999263,0.37037037037037035,0.0,0.48148148148148145,27,0,4,0
0,1,neither,project,coherent,root125,0.125,512,False,results/bios-followup-v1/editing/world-0-seed-1-neither/edits/project-coherent-root125,93,93,1.0,3,3,1.0,90,90,1.0,93,93,1.0,3,3,1.0,90,90,1.0,96,34,0.3541666666666667,45,19,0.4222222222222222,96,34,0.3541666666666667,48,14,0.2916666666666667,48,20,0.4166666666666667,18,7,0.3888888888888889,27,12,0.4444444444444444,48,14,0.2916666666666667,48,20,0.4166666666666667,18,7,0.3888888888888889,27,12,0.4444444444444444,20419,20162,257,88,0.004364646364447972,6,6,0,2,0.3333333333333333,768,758,10,10,0.013192612137203167,5917,5804,113,59,0.01016540317022743,13728,13594,134,17,0.0012505517139914668,7286,7131,155,31,0.004347216379189454,2,2,0,1,0.5,231,225,6,3,0.013333333333333334,2745,2673,72,20,0.0074822297044519264,4308,4231,77,7,0.0016544552115339162,16323,16096,227,88,0.0054671968190854875,4,4,0,2,0.5,617,608,9,10,0.01644736842105263,4931,4831,100,59,0.012212792382529498,10771,10653,118,17,0.0015957946118464283,0,0,0,0,,0,0,0,0,,4096,4066,30,0,0.0,6208,6118,90,10,0.0016345210853220007,8192,8139,53,16,0.001965843469713724,0.4444444444444444,0.0,0.4074074074074074,27,0,4,0
0,1,neither,project,coherent,root250,0.25,0,False,results/bios-followup-v1/editing/world-0-seed-1-neither/edits/project-coherent-root250,93,0,0.0,3,0,0.0,90,0,0.0,93,0,0.0,3,0,0.0,90,0,0.0,96,0,0.0,45,0,0.0,96,0,0.0,48,0,0.0,48,0,0.0,18,0,0.0,27,0,0.0,48,0,0.0,48,0,0.0,18,0,0.0,27,0,0.0,20419,20162,257,0,0.0,6,6,0,0,0.0,768,758,10,0,0.0,5917,5804,113,0,0.0,13728,13594,134,0,0.0,7286,7131,155,0,0.0,2,2,0,0,0.0,231,225,6,0,0.0,2745,2673,72,0,0.0,4308,4231,77,0,0.0,16323,16096,227,0,0.0,4,4,0,0,0.0,617,608,9,0,0.0,4931,4831,100,0,0.0,10771,10653,118,0,0.0,0,0,0,0,,0,0,0,0,,4096,4066,30,0,0.0,6208,6118,90,0,0.0,8192,8139,53,0,0.0,0.0,0.0,0.9629629629629629,27,0,1,0
0,1,neither,project,coherent,root250,0.25,32,False,results/bios-followup-v1/editing/world-0-seed-1-neither/edits/project-coherent-root250,93,40,0.43010752688172044,3,2,0.6666666666666666,90,38,0.4222222222222222,93,40,0.43010752688172044,3,2,0.6666666666666666,90,38,0.4222222222222222,96,3,0.03125,45,2,0.044444444444444446,96,3,0.03125,48,1,0.020833333333333332,48,2,0.041666666666666664,18,0,0.0,27,2,0.07407407407407407,48,1,0.020833333333333332,48,2,0.041666666666666664,18,0,0.0,27,2,0.07407407407407407,20419,20162,257,308,0.0152762622755679,6,6,0,1,0.16666666666666666,768,758,10,8,0.010554089709762533,5917,5804,113,213,0.03669882839421089,13728,13594,134,86,0.006326320435486244,7286,7131,155,98,0.013742813069695695,2,2,0,0,0.0,231,225,6,4,0.017777777777777778,2745,2673,72,63,0.02356902356902357,4308,4231,77,31,0.007326873079650201,16323,16096,227,245,0.01522117296222664,4,4,0,0,0.0,617,608,9,8,0.013157894736842105,4931,4831,100,167,0.03456841233699027,10771,10653,118,70,0.006570918989955881,0,0,0,0,,0,0,0,0,,4096,4066,30,63,0.015494343334972946,6208,6118,90,43,0.007028440666884603,8192,8139,53,51,0.006266126059712496,0.07407407407407407,0.0,0.7777777777777778,27,0,4,0
0,1,neither,project,coherent,root250,0.25,128,False,results/bios-followup-v1/editing/world-0-seed-1-neither/edits/project-coherent-root250,93,93,1.0,3,3,1.0,90,90,1.0,93,93,1.0,3,3,1.0,90,90,1.0,96,31,0.3229166666666667,45,17,0.37777777777777777,96,31,0.3229166666666667,48,14,0.2916666666666667,48,17,0.3541666666666667,18,7,0.3888888888888889,27,10,0.37037037037037035,48,14,0.2916666666666667,48,17,0.3541666666666667,18,7,0.3888888888888889,27,10,0.37037037037037035,20419,20162,257,146,0.007241345104652316,6,6,0,2,0.3333333333333333,768,758,10,13,0.017150395778364115,5917,5804,113,101,0.017401791867677464,13728,13594,134,30,0.0022068559658672943,7286,7131,155,51,0.00715187210769878,2,2,0,1,0.5,231,225,6,4,0.017777777777777778,2745,2673,72,35,0.013093901982790871,4308,4231,77,11,0.002599858189553297,16323,16096,227,133,0.008262922465208747,4,4,0,2,0.5,617,608,9,13,0.02138157894736842,4931,4831,100,90,0.01862968329538398,10771,10653,118,28,0.0026283675959823524,0,0,0,0,,0,0,0,0,,4096,4066,30,13,0.0031972454500737825,6208,6118,90,17,0.002778685845047401,8192,8139,53,23,0.0028258999877134785,0.37037037037037035,0.0,0.48148148148148145,27,0,4,0
0,1,neither,project,coherent,root250,0.25,512,False,results/bios-followup-v1/editing/world-0-seed-1-neither/edits/project-coherent-root250,93,93,1.0,3,3,1.0,90,90,1.0,93,93,1.0,3,3,1.0,90,90,1.0,96,35,0.3645833333333333,45,19,0.4222222222222222,96,35,0.3645833333333333,48,16,0.3333333333333333,48,19,0.3958333333333333,18,7,0.3888888888888889,27,12,0.4444444444444444,48,16,0.3333333333333333,48,19,0.3958333333333333,18,7,0.3888888888888889,27,12,0.4444444444444444,20419,20162,257,92,0.004563039381013789,6,6,0,2,0.3333333333333333,768,758,10,10,0.013192612137203167,5917,5804,113,61,0.01050999310820124,13728,13594,134,19,0.0013976754450492864,7286,7131,155,33,0.004627681952040387,2,2,0,1,0.5,231,225,6,2,0.008888888888888889,2745,2673,72,21,0.007856341189674524,4308,4231,77,9,0.002127156700543607,16323,16096,227,91,0.005653578528827038,4,4,0,2,0.5,617,608,9,9,0.014802631578947368,4931,4831,100,61,0.01262678534464914,10771,10653,118,19,0.0017835351544165962,0,0,0,0,,0,0,0,0,,4096,4066,30,1,0.00024594195769798326,6208,6118,90,12,0.001961425302386401,8192,8139,53,16,0.001965843469713724,0.4444444444444444,0.0,0.4074074074074074,27,0,4,0
0,1,neither,project,coherent,root500,0.5,0,False,results/bios-followup-v1/editing/world-0-seed-1-neither/edits/project-coherent-root500,93,0,0.0,3,0,0.0,90,0,0.0,93,0,0.0,3,0,0.0,90,0,0.0,96,0,0.0,45,0,0.0,96,0,0.0,48,0,0.0,48,0,0.0,18,0,0.0,27,0,0.0,48,0,0.0,48,0,0.0,18,0,0.0,27,0,0.0,20419,20162,257,0,0.0,6,6,0,0,0.0,768,758,10,0,0.0,5917,5804,113,0,0.0,13728,13594,134,0,0.0,7286,7131,155,0,0.0,2,2,0,0,0.0,231,225,6,0,0.0,2745,2673,72,0,0.0,4308,4231,77,0,0.0,16323,16096,227,0,0.0,4,4,0,0,0.0,617,608,9,0,0.0,4931,4831,100,0,0.0,10771,10653,118,0,0.0,0,0,0,0,,0,0,0,0,,4096,4066,30,0,0.0,6208,6118,90,0,0.0,8192,8139,53,0,0.0,0.0,0.0,0.9629629629629629,27,0,1,0
0,1,neither,project,coherent,root500,0.5,32,False,results/bios-followup-v1/editing/world-0-seed-1-neither/edits/project-coherent-root500,93,21,0.22580645161290322,3,1,0.3333333333333333,90,20,0.2222222222222222,93,21,0.22580645161290322,3,1,0.3333333333333333,90,20,0.2222222222222222,96,1,0.010416666666666666,45,1,0.022222222222222223,96,1,0.010416666666666666,48,0,0.0,48,1,0.020833333333333332,18,0,0.0,27,1,0.037037037037037035,48,0,0.0,48,1,0.020833333333333332,18,0,0.0,27,1,0.037037037037037035,20419,20162,257,274,0.013589921634758457,6,6,0,1,0.16666666666666666,768,758,10,9,0.011873350923482849,5917,5804,113,180,0.031013094417643005,13728,13594,134,84,0.006179196704428424,7286,7131,155,90,0.012620950778291964,2,2,0,0,0.0,231,225,6,4,0.017777777777777778,2745,2673,72,57,0.02132435465768799,4308,4231,77,29,0.0068541715906405105,16323,16096,227,222,0.01379224652087475,4,4,0,0,0.0,617,608,9,9,0.014802631578947368,4931,4831,100,145,0.030014489753674187,10771,10653,118,68,0.006383178447385713,0,0,0,0,,0,0,0,0,,4096,4066,30,52,0.01278898180029513,6208,6118,90,41,0.006701536449820203,8192,8139,53,52,0.006388991276569603,0.037037037037037035,0.0,0.8518518518518519,27,0,3,0
0,1,neither,project,coherent,root500,0.5,128,False,results/bios-followup-v1/editing/world-0-seed-1-neither/edits/project-coherent-root500,93,93,1.0,3,3,1.0,90,90,1.0,93,93,1.0,3,3,1.0,90,90,1.0,96,31,0.3229166666666667,45,17,0.37777777777777777,96,31,0.3229166666666667,48,15,0.3125,48,16,0.3333333333333333,18,7,0.3888888888888889,27,10,0.37037037037037035,48,15,0.3125,48,16,0.3333333333333333,18,7,0.3888888888888889,27,10,0.37037037037037035,20419,20162,257,144,0.007142148596369408,6,6,0,2,0.3333333333333333,768,758,10,12,0.0158311345646438,5917,5804,113,96,0.016540317022742935,13728,13594,134,34,0.0025011034279829336,7286,7131,155,50,0.007011639321273314,2,2,0,1,0.5,231,225,6,4,0.017777777777777778,2745,2673,72,33,0.012345679012345678,4308,4231,77,12,0.0028362089340581422,16323,16096,227,132,0.008200795228628231,4,4,0,2,0.5,617,608,9,12,0.019736842105263157,4931,4831,100,86,0.01780169737114469,10771,10653,118,32,0.0030038486811226886,0,0,0,0,,0,0,0,0,,4096,4066,30,12,0.002951303492375799,6208,6118,90,20,0.0032690421706440013,8192,8139,53,23,0.0028258999877134785,0.37037037037037035,0.0,0.48148148148148145,27,0,4,0
0,1,neither,project,coherent,root500,0.5,512,False,results/bios-followup-v1/editing/world-0-seed-1-neither/edits/project-coherent-root500,93,93,1.0,3,3,1.0,90,90,1.0,93,93,1.0,3,3,1.0,90,90,1.0,96,37,0.3854166666666667,45,20,0.4444444444444444,96,37,0.3854166666666667,48,18,0.375,48,19,0.3958333333333333,18,8,0.4444444444444444,27,12,0.4444444444444444,48,18,0.375,48,19,0.3958333333333333,18,8,0.4444444444444444,27,12,0.4444444444444444,20419,20162,257,84,0.0041662533478821545,6,6,0,2,0.3333333333333333,768,758,10,8,0.010554089709762533,5917,5804,113,55,0.009476223294279808,13728,13594,134,19,0.0013976754450492864,7286,7131,155,32,0.00448744916561492,2,2,0,1,0.5,231,225,6,2,0.008888888888888889,2745,2673,72,21,0.007856341189674524,4308,4231,77,8,0.0018908059560387616,16323,16096,227,83,0.0051565606361829025,4,4,0,2,0.5,617,608,9,8,0.013157894736842105,4931,4831,100,55,0.011384806458290209,10771,10653,118,18,0.0016896648831315122,0,0,0,0,,0,0,0,0,,4096,4066,30,1,0.00024594195769798326,6208,6118,90,11,0.0017979731938542007,8192,8139,53,15,0.0018429782528566164,0.4444444444444444,0.0,0.4074074074074074,27,0,4,0
0,1,neither,project,exception,uniform,0.03225806451612903,0,True,results/bios-cross-scale-dev-v1/width-256/world-0-seed-1-neither/edits/project-exception-mlp,93,0,0.0,3,0,0.0,90,0,0.0,93,0,0.0,3,0,0.0,90,0,0.0,96,0,0.0,45,0,0.0,96,0,0.0,48,0,0.0,48,0,0.0,18,0,0.0,27,0,0.0,48,0,0.0,48,0,0.0,18,0,0.0,27,0,0.0,20419,20162,257,0,0.0,6,6,0,0,0.0,768,758,10,0,0.0,5917,5804,113,0,0.0,13728,13594,134,0,0.0,7286,7131,155,0,0.0,2,2,0,0,0.0,231,225,6,0,0.0,2745,2673,72,0,0.0,4308,4231,77,0,0.0,16323,16096,227,0,0.0,4,4,0,0,0.0,617,608,9,0,0.0,4931,4831,100,0,0.0,10771,10653,118,0,0.0,0,0,0,0,,0,0,0,0,,4096,4066,30,0,0.0,6208,6118,90,0,0.0,8192,8139,53,0,0.0,0.0,0.0,0.9629629629629629,27,0,1,0
0,1,neither,project,exception,uniform,0.03225806451612903,32,True,results/bios-cross-scale-dev-v1/width-256/world-0-seed-1-neither/edits/project-exception-mlp,93,31,0.3333333333333333,3,0,0.0,90,31,0.34444444444444444,93,31,0.3333333333333333,3,0,0.0,90,31,0.34444444444444444,96,1,0.010416666666666666,45,0,0.0,96,1,0.010416666666666666,48,1,0.020833333333333332,48,0,0.0,18,0,0.0,27,0,0.0,48,1,0.020833333333333332,48,0,0.0,18,0,0.0,27,0,0.0,20419,20162,257,296,0.01468108322587045,6,6,0,1,0.16666666666666666,768,758,10,5,0.006596306068601583,5917,5804,113,211,0.03635423845623708,13728,13594,134,79,0.005811387376783875,7286,7131,155,91,0.012761183564717431,2,2,0,0,0.0,231,225,6,2,0.008888888888888889,2745,2673,72,61,0.022820800598578377,4308,4231,77,28,0.006617820846135665,16323,16096,227,234,0.014537773359840954,4,4,0,0,0.0,617,608,9,4,0.006578947368421052,4931,4831,100,165,0.034154419374870626,10771,10653,118,65,0.006101567633530461,0,0,0,0,,0,0,0,0,,4096,4066,30,62,0.015248401377274963,6208,6118,90,33,0.005393919581562602,8192,8139,53,51,0.006266126059712496,0.0,0.07407407407407407,0.7037037037037037,27,0,6,0
0,1,neither,project,exception,uniform,0.03225806451612903,128,True,results/bios-cross-scale-dev-v1/width-256/world-0-seed-1-neither/edits/project-exception-mlp,93,93,1.0,3,3,1.0,90,90,1.0,93,93,1.0,3,3,1.0,90,90,1.0,96,17,0.17708333333333334,45,2,0.044444444444444446,96,17,0.17708333333333334,48,7,0.14583333333333334,48,10,0.20833333333333334,18,0,0.0,27,2,0.07407407407407407,48,7,0.14583333333333334,48,10,0.20833333333333334,18,0,0.0,27,2,0.07407407407407407,20419,20162,257,153,0.007588532883642495,6,6,0,2,0.3333333333333333,768,758,10,7,0.009234828496042216,5917,5804,113,109,0.018780151619572708,13728,13594,134,35,0.0025746652935118436,7286,7131,155,54,0.007572570466975179,2,2,0,1,0.5,231,225,6,3,0.013333333333333334,2745,2673,72,35,0.013093901982790871,4308,4231,77,15,0.003545261167572678,16323,16096,227,136,0.008449304174950299,4,4,0,2,0.5,617,608,9,7,0.011513157894736841,4931,4831,100,96,0.01987166218174291,10771,10653,118,31,0.0029099784098376045,0,0,0,0,,0,0,0,0,,4096,4066,30,17,0.004181013280865716,6208,6118,90,19,0.003105590062111801,8192,8139,53,21,0.002580169553999263,0.07407407407407407,0.25925925925925924,0.4074074074074074,27,0,7,0
0,1,neither,project,exception,uniform,0.03225806451612903,512,True,results/bios-cross-scale-dev-v1/width-256/world-0-seed-1-neither/edits/project-exception-mlp,93,93,1.0,3,3,1.0,90,90,1.0,93,93,1.0,3,3,1.0,90,90,1.0,96,16,0.16666666666666666,45,2,0.044444444444444446,96,16,0.16666666666666666,48,7,0.14583333333333334,48,9,0.1875,18,0,0.0,27,2,0.07407407407407407,48,7,0.14583333333333334,48,9,0.1875,18,0,0.0,27,2,0.07407407407407407,20419,20162,257,82,0.004067056839599246,6,6,0,1,0.16666666666666666,768,758,10,5,0.006596306068601583,5917,5804,113,57,0.009820813232253619,13728,13594,134,19,0.0013976754450492864,7286,7131,155,29,0.004066750806338522,2,2,0,0,0.0,231,225,6,2,0.008888888888888889,2745,2673,72,21,0.007856341189674524,4308,4231,77,6,0.0014181044670290711,16323,16096,227,80,0.004970178926441352,4,4,0,1,0.25,617,608,9,4,0.006578947368421052,4931,4831,100,57,0.011798799420409853,10771,10653,118,18,0.0016896648831315122,0,0,0,0,,0,0,0,0,,4096,4066,30,2,0.0004918839153959665,6208,6118,90,10,0.0016345210853220007,8192,8139,53,14,0.0017201130359995086,0.07407407407407407,0.2222222222222222,0.48148148148148145,27,0,6,0
0,1,neither,project,exception,root125,0.125,0,False,results/bios-followup-v1/editing/world-0-seed-1-neither/edits/project-exception-root125,93,0,0.0,3,0,0.0,90,0,0.0,93,0,0.0,3,0,0.0,90,0,0.0,96,0,0.0,45,0,0.0,96,0,0.0,48,0,0.0,48,0,0.0,18,0,0.0,27,0,0.0,48,0,0.0,48,0,0.0,18,0,0.0,27,0,0.0,20419,20162,257,0,0.0,6,6,0,0,0.0,768,758,10,0,0.0,5917,5804,113,0,0.0,13728,13594,134,0,0.0,7286,7131,155,0,0.0,2,2,0,0,0.0,231,225,6,0,0.0,2745,2673,72,0,0.0,4308,4231,77,0,0.0,16323,16096,227,0,0.0,4,4,0,0,0.0,617,608,9,0,0.0,4931,4831,100,0,0.0,10771,10653,118,0,0.0,0,0,0,0,,0,0,0,0,,4096,4066,30,0,0.0,6208,6118,90,0,0.0,8192,8139,53,0,0.0,0.0,0.0,0.9629629629629629,27,0,1,0
0,1,neither,project,exception,root125,0.125,32,False,results/bios-followup-v1/editing/world-0-seed-1-neither/edits/project-exception-root125,93,27,0.2903225806451613,3,1,0.3333333333333333,90,26,0.28888888888888886,93,27,0.2903225806451613,3,1,0.3333333333333333,90,26,0.28888888888888886,96,1,0.010416666666666666,45,0,0.0,96,1,0.010416666666666666,48,1,0.020833333333333332,48,0,0.0,18,0,0.0,27,0,0.0,48,1,0.020833333333333332,48,0,0.0,18,0,0.0,27,0,0.0,20419,20162,257,305,0.015127467513143537,6,6,0,1,0.16666666666666666,768,758,10,7,0.009234828496042216,5917,5804,113,211,0.03635423845623708,13728,13594,134,86,0.006326320435486244,7286,7131,155,94,0.01318188192399383,2,2,0,0,0.0,231,225,6,4,0.017777777777777778,2745,2673,72,59,0.022072577628133184,4308,4231,77,31,0.007326873079650201,16323,16096,227,241,0.014972664015904573,4,4,0,0,0.0,617,608,9,6,0.009868421052631578,4931,4831,100,165,0.034154419374870626,10771,10653,118,70,0.006570918989955881,0,0,0,0,,0,0,0,0,,4096,4066,30,64,0.01574028529267093,6208,6118,90,40,0.006538084341288003,8192,8139,53,53,0.006511856493426711,0.0,0.037037037037037035,0.7407407407407407,27,0,6,0
0,1,neither,project,exception,root125,0.125,128,False,results/bios-followup-v1/editing/world-0-seed-1-neither/edits/project-exception-root125,93,93,1.0,3,3,1.0,90,90,1.0,93,93,1.0,3,3,1.0,90,90,1.0,96,17,0.17708333333333334,45,2,0.044444444444444446,96,17,0.17708333333333334,48,8,0.16666666666666666,48,9,0.1875,18,0,0.0,27,2,0.07407407407407407,48,8,0.16666666666666666,48,9,0.1875,18,0,0.0,27,2,0.07407407407407407,20419,20162,257,147,0.00729094335879377,6,6,0,2,0.3333333333333333,768,758,10,7,0.009234828496042216,5917,5804,113,102,0.01757408683666437,13728,13594,134,36,0.002648227159040753,7286,7131,155,54,0.007572570466975179,2,2,0,1,0.5,231,225,6,3,0.013333333333333334,2745,2673,72,34,0.012719790497568275,4308,4231,77,16,0.003781611912077523,16323,16096,227,132,0.008200795228628231,4,4,0,2,0.5,617,608,9,7,0.011513157894736841,4931,4831,100,91,0.0188366797764438,10771,10653,118,32,0.0030038486811226886,0,0,0,0,,0,0,0,0,,4096,4066,30,15,0.0036891293654697493,6208,6118,90,20,0.0032690421706440013,8192,8139,53,21,0.002580169553999263,0.07407407407407407,0.25925925925925924,0.4074074074074074,27,0,7,0
0,1,neither,project,exception,root125,0.125,512,False,results/bios-followup-v1/editing/world-0-seed-1-neither/edits/project-exception-root125,93,93,1.0,3,3,1.0,90,90,1.0,93,93,1.0,3,3,1.0,90,90,1.0,96,17,0.17708333333333334,45,2,0.044444444444444446,96,17,0.17708333333333334,48,8,0.16666666666666666,48,9,0.1875,18,0,0.0,27,2,0.07407407407407407,48,8,0.16666666666666666,48,9,0.1875,18,0,0.0,27,2,0.07407407407407407,20419,20162,257,90,0.00446384287273088,6,6,0,1,0.16666666666666666,768,758,10,6,0.0079155672823219,5917,5804,113,60,0.010337698139214336,13728,13594,134,23,0.0016919229071649256,7286,7131,155,32,0.00448744916561492,2,2,0,0,0.0,231,225,6,2,0.008888888888888889,2745,2673,72,21,0.007856341189674524,4308,4231,77,9,0.002127156700543607,16323,16096,227,89,0.005529324055666004,4,4,0,1,0.25,617,608,9,5,0.008223684210526315,4931,4831,100,60,0.01241978886358932,10771,10653,118,23,0.002159016239556932,0,0,0,0,,0,0,0,0,,4096,4066,30,1,0.00024594195769798326,6208,6118,90,12,0.001961425302386401,8192,8139,53,16,0.001965843469713724,0.07407407407407407,0.2222222222222222,0.48148148148148145,27,0,6,0
0,1,neither,project,exception,root250,0.25,0,False,results/bios-followup-v1/editing/world-0-seed-1-neither/edits/project-exception-root250,93,0,0.0,3,0,0.0,90,0,0.0,93,0,0.0,3,0,0.0,90,0,0.0,96,0,0.0,45,0,0.0,96,0,0.0,48,0,0.0,48,0,0.0,18,0,0.0,27,0,0.0,48,0,0.0,48,0,0.0,18,0,0.0,27,0,0.0,20419,20162,257,0,0.0,6,6,0,0,0.0,768,758,10,0,0.0,5917,5804,113,0,0.0,13728,13594,134,0,0.0,7286,7131,155,0,0.0,2,2,0,0,0.0,231,225,6,0,0.0,2745,2673,72,0,0.0,4308,4231,77,0,0.0,16323,16096,227,0,0.0,4,4,0,0,0.0,617,608,9,0,0.0,4931,4831,100,0,0.0,10771,10653,118,0,0.0,0,0,0,0,,0,0,0,0,,4096,4066,30,0,0.0,6208,6118,90,0,0.0,8192,8139,53,0,0.0,0.0,0.0,0.9629629629629629,27,0,1,0
0,1,neither,project,exception,root250,0.25,32,False,results/bios-followup-v1/editing/world-0-seed-1-neither/edits/project-exception-root250,93,22,0.23655913978494625,3,1,0.3333333333333333,90,21,0.23333333333333334,93,22,0.23655913978494625,3,1,0.3333333333333333,90,21,0.23333333333333334,96,1,0.010416666666666666,45,0,0.0,96,1,0.010416666666666666,48,1,0.020833333333333332,48,0,0.0,18,0,0.0,27,0,0.0,48,1,0.020833333333333332,48,0,0.0,18,0,0.0,27,0,0.0,20419,20162,257,305,0.015127467513143537,6,6,0,1,0.16666666666666666,768,758,10,6,0.0079155672823219,5917,5804,113,208,0.03583735354927636,13728,13594,134,90,0.006620567897601883,7286,7131,155,98,0.013742813069695695,2,2,0,0,0.0,231,225,6,4,0.017777777777777778,2745,2673,72,63,0.02356902356902357,4308,4231,77,31,0.007326873079650201,16323,16096,227,242,0.015034791252485089,4,4,0,0,0.0,617,608,9,6,0.009868421052631578,4931,4831,100,164,0.03394742289381081,10771,10653,118,72,0.006758659532526049,0,0,0,0,,0,0,0,0,,4096,4066,30,63,0.015494343334972946,6208,6118,90,40,0.006538084341288003,8192,8139,53,56,0.006880452143998034,0.0,0.037037037037037035,0.7407407407407407,27,0,6,0
0,1,neither,project,exception,root250,0.25,128,False,results/bios-followup-v1/editing/world-0-seed-1-neither/edits/project-exception-root250,93,93,1.0,3,3,1.0,90,90,1.0,93,93,1.0,3,3,1.0,90,90,1.0,96,20,0.20833333333333334,45,4,0.08888888888888889,96,20,0.20833333333333334,48,10,0.20833333333333334,48,10,0.20833333333333334,18,1,0.05555555555555555,27,3,0.1111111111111111,48,10,0.20833333333333334,48,10,0.20833333333333334,18,1,0.05555555555555555,27,3,0.1111111111111111,20419,20162,257,145,0.007191746850510862,6,6,0,1,0.16666666666666666,768,758,10,7,0.009234828496042216,5917,5804,113,99,0.017057201929703652,13728,13594,134,38,0.002795350890098573,7286,7131,155,52,0.007292104894124247,2,2,0,1,0.5,231,225,6,3,0.013333333333333334,2745,2673,72,33,0.012345679012345678,4308,4231,77,15,0.003545261167572678,16323,16096,227,131,0.008138667992047714,4,4,0,1,0.25,617,608,9,7,0.011513157894736841,4931,4831,100,88,0.018215690333264336,10771,10653,118,35,0.0032854594949779407,0,0,0,0,,0,0,0,0,,4096,4066,30,14,0.003443187407771766,6208,6118,90,22,0.0035959463877084014,8192,8139,53,21,0.002580169553999263,0.1111111111111111,0.25925925925925924,0.37037037037037035,27,0,7,0
0,1,neither,project,exception,root250,0.25,512,False,results/bios-followup-v1/editing/world-0-seed-1-neither/edits/project-exception-root250,93,93,1.0,3,3,1.0,90,90,1.0,93,93,1.0,3,3,1.0,90,90,1.0,96,16,0.16666666666666666,45,2,0.044444444444444446,96,16,0.16666666666666666,48,8,0.16666666666666666,48,8,0.16666666666666666,18,0,0.0,27,2,0.07407407407407407,48,8,0.16666666666666666,48,8,0.16666666666666666,18,0,0.0,27,2,0.07407407407407407,20419,20162,257,87,0.0043150481103065175,6,6,0,2,0.3333333333333333,768,758,10,6,0.0079155672823219,5917,5804,113,56,0.009648518263266712,13728,13594,134,23,0.0016919229071649256,7286,7131,155,32,0.00448744916561492,2,2,0,1,0.5,231,225,6,2,0.008888888888888889,2745,2673,72,20,0.0074822297044519264,4308,4231,77,9,0.002127156700543607,16323,16096,227,86,0.005342942345924453,4,4,0,2,0.5,617,608,9,5,0.008223684210526315,4931,4831,100,56,0.011591802939350032,10771,10653,118,23,0.002159016239556932,0,0,0,0,,0,0,0,0,,4096,4066,30,1,0.00024594195769798326,6208,6118,90,12,0.001961425302386401,8192,8139,53,16,0.001965843469713724,0.07407407407407407,0.2222222222222222,0.48148148148148145,27,0,6,0
0,1,neither,project,exception,root500,0.5,0,True,results/bios-mechanism-dev-v1/p1/width-256/world-0-seed-1-neither/edits/project-class-balanced-exception,93,0,0.0,3,0,0.0,90,0,0.0,93,0,0.0,3,0,0.0,90,0,0.0,96,0,0.0,45,0,0.0,96,0,0.0,48,0,0.0,48,0,0.0,18,0,0.0,27,0,0.0,48,0,0.0,48,0,0.0,18,0,0.0,27,0,0.0,20419,20162,257,0,0.0,6,6,0,0,0.0,768,758,10,0,0.0,5917,5804,113,0,0.0,13728,13594,134,0,0.0,7286,7131,155,0,0.0,2,2,0,0,0.0,231,225,6,0,0.0,2745,2673,72,0,0.0,4308,4231,77,0,0.0,16323,16096,227,0,0.0,4,4,0,0,0.0,617,608,9,0,0.0,4931,4831,100,0,0.0,10771,10653,118,0,0.0,0,0,0,0,,0,0,0,0,,4096,4066,30,0,0.0,6208,6118,90,0,0.0,8192,8139,53,0,0.0,0.0,0.0,0.9629629629629629,27,0,1,0
0,1,neither,project,exception,root500,0.5,32,True,results/bios-mechanism-dev-v1/p1/width-256/world-0-seed-1-neither/edits/project-class-balanced-exception,93,12,0.12903225806451613,3,1,0.3333333333333333,90,11,0.12222222222222222,93,12,0.12903225806451613,3,1,0.3333333333333333,90,11,0.12222222222222222,96,0,0.0,45,0,0.0,96,0,0.0,48,0,0.0,48,0,0.0,18,0,0.0,27,0,0.0,48,0,0.0,48,0,0.0,18,0,0.0,27,0,0.0,20419,20162,257,271,0.013441126872334093,6,6,0,1,0.16666666666666666,768,758,10,7,0.009234828496042216,5917,5804,113,172,0.029634734665747762,13728,13594,134,91,0.006694129763130793,7286,7131,155,87,0.012200252419015565,2,2,0,0,0.0,231,225,6,4,0.017777777777777778,2745,2673,72,52,0.01945379723157501,4308,4231,77,31,0.007326873079650201,16323,16096,227,218,0.013543737574552683,4,4,0,0,0.0,617,608,9,7,0.011513157894736841,4931,4831,100,138,0.028565514386255434,10771,10653,118,73,0.006852529803811133,0,0,0,0,,0,0,0,0,,4096,4066,30,53,0.013034923757993113,6208,6118,90,44,0.007191892775416803,8192,8139,53,54,0.006634721710283818,0.0,0.0,0.8518518518518519,27,0,4,0
0,1,neither,project,exception,root500,0.5,128,True,results/bios-mechanism-dev-v1/p1/width-256/world-0-seed-1-neither/edits/project-class-balanced-exception,93,93,1.0,3,3,1.0,90,90,1.0,93,93,1.0,3,3,1.0,90,90,1.0,96,23,0.23958333333333334,45,5,0.1111111111111111,96,23,0.23958333333333334,48,13,0.2708333333333333,48,10,0.20833333333333334,18,1,0.05555555555555555,27,4,0.14814814814814814,48,13,0.2708333333333333,48,10,0.20833333333333334,18,1,0.05555555555555555,27,4,0.14814814814814814,20419,20162,257,149,0.007390139867076679,6,6,0,1,0.16666666666666666,768,758,10,8,0.010554089709762533,5917,5804,113,100,0.01722949689869056,13728,13594,134,40,0.0029424746211563924,7286,7131,155,56,0.007853036039826112,2,2,0,1,0.5,231,225,6,3,0.013333333333333334,2745,2673,72,35,0.013093901982790871,4308,4231,77,17,0.004017962656582368,16323,16096,227,134,0.008325049701789265,4,4,0,1,0.25,617,608,9,8,0.013157894736842105,4931,4831,100,89,0.018422686814324157,10771,10653,118,36,0.0033793297662630243,0,0,0,0,,0,0,0,0,,4096,4066,30,15,0.0036891293654697493,6208,6118,90,24,0.003922850604772802,8192,8139,53,21,0.002580169553999263,0.14814814814814814,0.25925925925925924,0.3333333333333333,27,0,7,0
0,1,neither,project,exception,root500,0.5,512,True,results/bios-mechanism-dev-v1/p1/width-256/world-0-seed-1-neither/edits/project-class-balanced-exception,93,93,1.0,3,3,1.0,90,90,1.0,93,93,1.0,3,3,1.0,90,90,1.0,96,18,0.1875,45,3,0.06666666666666667,96,18,0.1875,48,10,0.20833333333333334,48,8,0.16666666666666666,18,1,0.05555555555555555,27,2,0.07407407407407407,48,10,0.20833333333333334,48,8,0.16666666666666666,18,1,0.05555555555555555,27,2,0.07407407407407407,20419,20162,257,82,0.004067056839599246,6,6,0,0,0.0,768,758,10,5,0.006596306068601583,5917,5804,113,55,0.009476223294279808,13728,13594,134,22,0.0016183610416360158,7286,7131,155,30,0.004206983592763988,2,2,0,0,0.0,231,225,6,2,0.008888888888888889,2745,2673,72,21,0.007856341189674524,4308,4231,77,7,0.0016544552115339162,16323,16096,227,81,0.005032306163021869,4,4,0,0,0.0,617,608,9,5,0.008223684210526315,4931,4831,100,55,0.011384806458290209,10771,10653,118,21,0.0019712756969867645,0,0,0,0,,0,0,0,0,,4096,4066,30,1,0.00024594195769798326,6208,6118,90,11,0.0017979731938542007,8192,8139,53,15,0.0018429782528566164,0.07407407407407407,0.2222222222222222,0.48148148148148145,27,0,6,0
1,0,company,company,coherent,uniform,0.03225806451612903,0,True,results/bios-cross-scale-dev-v1/width-256/world-1-seed-0-company/edits/company-coherent-mlp,93,0,0.0,3,0,0.0,90,0,0.0,93,0,0.0,3,0,0.0,90,0,0.0,96,0,0.0,45,0,0.0,96,0,0.0,48,0,0.0,48,0,0.0,26,0,0.0,19,0,0.0,48,0,0.0,48,0,0.0,26,0,0.0,19,0,0.0,20419,20222,197,0,0.0,6,6,0,0,0.0,768,758,10,0,0.0,5917,5878,39,0,0.0,13728,13580,148,0,0.0,7286,7211,75,0,0.0,2,2,0,0,0.0,231,227,4,0,0.0,2745,2722,23,0,0.0,4308,4260,48,0,0.0,16323,16169,154,0,0.0,6,6,0,0,0.0,625,615,10,0,0.0,4876,4843,33,0,0.0,10816,10705,111,0,0.0,0,0,0,0,,0,0,0,0,,4096,4053,43,0,0.0,6208,6086,122,0,0.0,8192,8156,36,0,0.0,0.0,0.0,1.0,19,0,0,0
1,0,company,company,coherent,uniform,0.03225806451612903,32,True,results/bios-cross-scale-dev-v1/width-256/world-1-seed-0-company/edits/company-coherent-mlp,93,42,0.45161290322580644,3,0,0.0,90,42,0.4666666666666667,93,42,0.45161290322580644,3,0,0.0,90,42,0.4666666666666667,96,18,0.1875,45,9,0.2,96,18,0.1875,48,8,0.16666666666666666,48,10,0.20833333333333334,26,4,0.15384615384615385,19,5,0.2631578947368421,48,8,0.16666666666666666,48,10,0.20833333333333334,26,4,0.15384615384615385,19,5,0.2631578947368421,20419,20222,197,154,0.007615468301849471,6,6,0,0,0.0,768,758,10,7,0.009234828496042216,5917,5878,39,33,0.00561415447431099,13728,13580,148,114,0.008394698085419735,7286,7211,75,52,0.0072112051033143805,2,2,0,0,0.0,231,227,4,3,0.013215859030837005,2745,2722,23,17,0.006245407788390889,4308,4260,48,32,0.007511737089201878,16323,16169,154,118,0.007297915764734987,6,6,0,0,0.0,625,615,10,5,0.008130081300813009,4876,4843,33,29,0.005988023952095809,10816,10705,111,84,0.007846800560485754,0,0,0,0,,0,0,0,0,,4096,4053,43,36,0.008882309400444115,6208,6086,122,96,0.015773907328294447,8192,8156,36,25,0.003065228052967141,0.2631578947368421,0.0,0.631578947368421,19,0,2,0
1,0,company,company,coherent,uniform,0.03225806451612903,128,True,results/bios-cross-scale-dev-v1/width-256/world-1-seed-0-company/edits/company-coherent-mlp,93,93,1.0,3,3,1.0,90,90,1.0,93,93,1.0,3,3,1.0,90,90,1.0,96,95,0.9895833333333334,45,45,1.0,96,95,0.9895833333333334,48,47,0.9791666666666666,48,48,1.0,26,26,1.0,19,19,1.0,48,47,0.9791666666666666,48,48,1.0,26,26,1.0,19,19,1.0,20419,20222,197,152,0.007516566116111166,6,6,0,0,0.0,768,758,10,13,0.017150395778364115,5917,5878,39,21,0.003572643756379721,13728,13580,148,118,0.008689248895434463,7286,7211,75,62,0.008597975315490223,2,2,0,0,0.0,231,227,4,4,0.01762114537444934,2745,2722,23,7,0.002571638501102131,4308,4260,48,51,0.011971830985915493,16323,16169,154,137,0.008473003896344857,6,6,0,0,0.0,625,615,10,13,0.02113821138211382,4876,4843,33,19,0.0039231881065455295,10816,10705,111,105,0.009808500700607193,0,0,0,0,,0,0,0,0,,4096,4053,43,15,0.003700962250185048,6208,6086,122,116,0.019060138021689123,8192,8156,36,9,0.0011034820990681706,1.0,0.0,0.0,19,0,0,0
1,0,company,company,coherent,uniform,0.03225806451612903,512,True,results/bios-cross-scale-dev-v1/width-256/world-1-seed-0-company/edits/company-coherent-mlp,93,93,1.0,3,3,1.0,90,90,1.0,93,93,1.0,3,3,1.0,90,90,1.0,96,95,0.9895833333333334,45,45,1.0,96,95,0.9895833333333334,48,47,0.9791666666666666,48,48,1.0,26,26,1.0,19,19,1.0,48,47,0.9791666666666666,48,48,1.0,26,26,1.0,19,19,1.0,20419,20222,197,75,0.0037088319651864305,6,6,0,0,0.0,768,758,10,3,0.00395778364116095,5917,5878,39,11,0.00187138482477033,13728,13580,148,61,0.004491899852724595,7286,7211,75,33,0.00457634170018028,2,2,0,0,0.0,231,227,4,1,0.004405286343612335,2745,2722,23,5,0.0018368846436443791,4308,4260,48,27,0.006338028169014085,16323,16169,154,72,0.004452965551363721,6,6,0,0,0.0,625,615,10,3,0.004878048780487805,4876,4843,33,11,0.0022713194301053068,10816,10705,111,58,0.00541802895843064,0,0,0,0,,0,0,0,0,,4096,4053,43,3,0.0007401924500370096,6208,6086,122,60,0.009858692080184028,8192,8156,36,4,0.0004904364884747426,1.0,0.0,0.0,19,0,0,0
1,0,company,company,coherent,root125,0.125,0,False,results/bios-followup-v1/editing/world-1-seed-0-company/edits/company-coherent-root125,93,0,0.0,3,0,0.0,90,0,0.0,93,0,0.0,3,0,0.0,90,0,0.0,96,0,0.0,45,0,0.0,96,0,0.0,48,0,0.0,48,0,0.0,26,0,0.0,19,0,0.0,48,0,0.0,48,0,0.0,26,0,0.0,19,0,0.0,20419,20222,197,0,0.0,6,6,0,0,0.0,768,758,10,0,0.0,5917,5878,39,0,0.0,13728,13580,148,0,0.0,7286,7211,75,0,0.0,2,2,0,0,0.0,231,227,4,0,0.0,2745,2722,23,0,0.0,4308,4260,48,0,0.0,16323,16169,154,0,0.0,6,6,0,0,0.0,625,615,10,0,0.0,4876,4843,33,0,0.0,10816,10705,111,0,0.0,0,0,0,0,,0,0,0,0,,4096,4053,43,0,0.0,6208,6086,122,0,0.0,8192,8156,36,0,0.0,0.0,0.0,1.0,19,0,0,0
1,0,company,company,coherent,root125,0.125,32,False,results/bios-followup-v1/editing/world-1-seed-0-company/edits/company-coherent-root125,93,36,0.3870967741935484,3,0,0.0,90,36,0.4,93,36,0.3870967741935484,3,0,0.0,90,36,0.4,96,18,0.1875,45,8,0.17777777777777778,96,18,0.1875,48,8,0.16666666666666666,48,10,0.20833333333333334,26,4,0.15384615384615385,19,4,0.21052631578947367,48,8,0.16666666666666666,48,10,0.20833333333333334,26,4,0.15384615384615385,19,4,0.21052631578947367,20419,20222,197,170,0.00840668578775591,6,6,0,0,0.0,768,758,10,8,0.010554089709762533,5917,5878,39,34,0.005784280367471929,13728,13580,148,128,0.00942562592047128,7286,7211,75,60,0.008320621273055055,2,2,0,0,0.0,231,227,4,3,0.013215859030837005,2745,2722,23,18,0.006612784717119765,4308,4260,48,39,0.009154929577464789,16323,16169,154,132,0.008163770177500154,6,6,0,0,0.0,625,615,10,6,0.00975609756097561,4876,4843,33,29,0.005988023952095809,10816,10705,111,97,0.009061186361513311,0,0,0,0,,0,0,0,0,,4096,4053,43,38,0.009375771033802122,6208,6086,122,110,0.01807426881367072,8192,8156,36,26,0.0031878371750858263,0.21052631578947367,0.0,0.6842105263157895,19,0,2,0
1,0,company,company,coherent,root125,0.125,128,False,results/bios-followup-v1/editing/world-1-seed-0-company/edits/company-coherent-root125,93,93,1.0,3,3,1.0,90,90,1.0,93,93,1.0,3,3,1.0,90,90,1.0,96,95,0.9895833333333334,45,45,1.0,96,95,0.9895833333333334,48,47,0.9791666666666666,48,48,1.0,26,26,1.0,19,19,1.0,48,47,0.9791666666666666,48,48,1.0,26,26,1.0,19,19,1.0,20419,20222,197,170,0.00840668578775591,6,6,0,0,0.0,768,758,10,11,0.014511873350923483,5917,5878,39,27,0.004593399115345355,13728,13580,148,132,0.009720176730486009,7286,7211,75,71,0.009846068506448482,2,2,0,0,0.0,231,227,4,3,0.013215859030837005,2745,2722,23,12,0.00440852314474651,4308,4260,48,56,0.013145539906103286,16323,16169,154,151,0.009338858309110026,6,6,0,0,0.0,625,615,10,11,0.01788617886178862,4876,4843,33,25,0.005162089613875697,10816,10705,111,115,0.010742643624474545,0,0,0,0,,0,0,0,0,,4096,4053,43,19,0.004687885516901061,6208,6086,122,129,0.021196187972395662,8192,8156,36,9,0.0011034820990681706,1.0,0.0,0.0,19,0,0,0
1,0,company,company,coherent,root125,0.125,512,False,results/bios-followup-v1/editing/world-1-seed-0-company/edits/company-coherent-root125,93,93,1.0,3,3,1.0,90,90,1.0,93,93,1.0,3,3,1.0,90,90,1.0,96,95,0.9895833333333334,45,45,1.0,96,95,0.9895833333333334,48,47,0.9791666666666666,48,48,1.0,26,26,1.0,19,19,1.0,48,47,0.9791666666666666,48,48,1.0,26,26,1.0,19,19,1.0,20419,20222,197,78,0.003857185243793888,6,6,0,0,0.0,768,758,10,3,0.00395778364116095,5917,5878,39,10,0.001701258931609391,13728,13580,148,65,0.004786450662739323,7286,7211,75,34,0.004715018721397865,2,2,0,0,0.0,231,227,4,1,0.004405286343612335,2745,2722,23,5,0.0018368846436443791,4308,4260,48,28,0.006572769953051643,16323,16169,154,73,0.004514812295132661,6,6,0,0,0.0,625,615,10,3,0.004878048780487805,4876,4843,33,10,0.0020648358455502788,10816,10705,111,60,0.005604857543204111,0,0,0,0,,0,0,0,0,,4096,4053,43,5,0.001233654083395016,6208,6086,122,64,0.010515938218862965,8192,8156,36,4,0.0004904364884747426,1.0,0.0,0.0,19,0,0,0
1,0,company,company,coherent,root250,0.25,0,False,results/bios-followup-v1/editing/world-1-seed-0-company/edits/company-coherent-root250,93,0,0.0,3,0,0.0,90,0,0.0,93,0,0.0,3,0,0.0,90,0,0.0,96,0,0.0,45,0,0.0,96,0,0.0,48,0,0.0,48,0,0.0,26,0,0.0,19,0,0.0,48,0,0.0,48,0,0.0,26,0,0.0,19,0,0.0,20419,20222,197,0,0.0,6,6,0,0,0.0,768,758,10,0,0.0,5917,5878,39,0,0.0,13728,13580,148,0,0.0,7286,7211,75,0,0.0,2,2,0,0,0.0,231,227,4,0,0.0,2745,2722,23,0,0.0,4308,4260,48,0,0.0,16323,16169,154,0,0.0,6,6,0,0,0.0,625,615,10,0,0.0,4876,4843,33,0,0.0,10816,10705,111,0,0.0,0,0,0,0,,0,0,0,0,,4096,4053,43,0,0.0,6208,6086,122,0,0.0,8192,8156,36,0,0.0,0.0,0.0,1.0,19,0,0,0
1,0,company,company,coherent,root250,0.25,32,False,results/bios-followup-v1/editing/world-1-seed-0-company/edits/company-coherent-root250,93,31,0.3333333333333333,3,0,0.0,90,31,0.34444444444444444,93,31,0.3333333333333333,3,0,0.0,90,31,0.34444444444444444,96,17,0.17708333333333334,45,8,0.17777777777777778,96,17,0.17708333333333334,48,8,0.16666666666666666,48,9,0.1875,26,4,0.15384615384615385,19,4,0.21052631578947367,48,8,0.16666666666666666,48,9,0.1875,26,4,0.15384615384615385,19,4,0.21052631578947367,20419,20222,197,178,0.008802294530709128,6,6,0,0,0.0,768,758,10,8,0.010554089709762533,5917,5878,39,33,0.00561415447431099,13728,13580,148,137,0.010088365243004419,7286,7211,75,63,0.008736652336707807,2,2,0,0,0.0,231,227,4,3,0.013215859030837005,2745,2722,23,19,0.0069801616458486405,4308,4260,48,41,0.009624413145539907,16323,16169,154,136,0.008411157152575916,6,6,0,0,0.0,625,615,10,6,0.00975609756097561,4876,4843,33,28,0.005781540367540781,10816,10705,111,102,0.009528257823446988,0,0,0,0,,0,0,0,0,,4096,4053,43,42,0.010362694300518135,6208,6086,122,119,0.019553072625698324,8192,8156,36,26,0.0031878371750858263,0.21052631578947367,0.0,0.6842105263157895,19,0,2,0
1,0,company,company,coherent,root250,0.25,128,False,results/bios-followup-v1/editing/world-1-seed-0-company/edits/company-coherent-root250,93,93,1.0,3,3,1.0,90,90,1.0,93,93,1.0,3,3,1.0,90,90,1.0,96,94,0.9791666666666666,45,44,0.9777777777777777,96,94,0.9791666666666666,48,46,0.9583333333333334,48,48,1.0,26,25,0.9615384615384616,19,19,1.0,48,46,0.9583333333333334,48,48,1.0,26,25,0.9615384615384616,19,19,1.0,20419,20222,197,179,0.00885174562357828,6,6,0,0,0.0,768,758,10,9,0.011873350923482849,5917,5878,39,26,0.004423273222184417,13728,13580,148,144,0.010603829160530192,7286,7211,75,78,0.010816807654971571,2,2,0,0,0.0,231,227,4,3,0.013215859030837005,2745,2722,23,11,0.004041146216017634,4308,4260,48,64,0.015023474178403756,16323,16169,154,160,0.009895479003030491,6,6,0,0,0.0,625,615,10,9,0.014634146341463415,4876,4843,33,24,0.004955606029320669,10816,10705,111,127,0.011863615133115367,0,0,0,0,,0,0,0,0,,4096,4053,43,19,0.004687885516901061,6208,6086,122,140,0.023003614853762733,8192,8156,36,10,0.0012260912211868563,1.0,0.0,0.0,19,0,0,0
1,0,company,company,coherent,root250,0.25,512,False,results/bios-followup-v1/editing/world-1-seed-0-company/edits/company-coherent-root250,93,93,1.0,3,3,1.0,90,90,1.0,93,93,1.0,3,3,1.0,90,90,1.0,96,94,0.9791666666666666,45,44,0.9777777777777777,96,94,0.9791666666666666,48,46,0.9583333333333334,48,48,1.0,26,25,0.9615384615384616,19,19,1.0,48,46,0.9583333333333334,48,48,1.0,26,25,0.9615384615384616,19,19,1.0,20419,20222,197,79,0.00390663633666304,6,6,0,0,0.0,768,758,10,3,0.00395778364116095,5917,5878,39,10,0.001701258931609391,13728,13580,148,66,0.0048600883652430045,7286,7211,75,36,0.0049923727638330325,2,2,0,0,0.0,231,227,4,1,0.004405286343612335,2745,2722,23,5,0.0018368846436443791,4308,4260,48,30,0.007042253521126761,16323,16169,154,75,0.004638505782670542,6,6,0,0,0.0,625,615,10,3,0.004878048780487805,4876,4843,33,10,0.0020648358455502788,10816,10705,111,62,0.005791686127977581,0,0,0,0,,0,0,0,0,,4096,4053,43,4,0.0009869232667160128,6208,6086,122,65,0.010680249753532697,8192,8156,36,4,0.0004904364884747426,1.0,0.0,0.0,19,0,0,0
1,0,company,company,coherent,root500,0.5,0,False,results/bios-followup-v1/editing/world-1-seed-0-company/edits/company-coherent-root500,93,0,0.0,3,0,0.0,90,0,0.0,93,0,0.0,3,0,0.0,90,0,0.0,96,0,0.0,45,0,0.0,96,0,0.0,48,0,0.0,48,0,0.0,26,0,0.0,19,0,0.0,48,0,0.0,48,0,0.0,26,0,0.0,19,0,0.0,20419,20222,197,0,0.0,6,6,0,0,0.0,768,758,10,0,0.0,5917,5878,39,0,0.0,13728,13580,148,0,0.0,7286,7211,75,0,0.0,2,2,0,0,0.0,231,227,4,0,0.0,2745,2722,23,0,0.0,4308,4260,48,0,0.0,16323,16169,154,0,0.0,6,6,0,0,0.0,625,615,10,0,0.0,4876,4843,33,0,0.0,10816,10705,111,0,0.0,0,0,0,0,,0,0,0,0,,4096,4053,43,0,0.0,6208,6086,122,0,0.0,8192,8156,36,0,0.0,0.0,0.0,1.0,19,0,0,0
1,0,company,company,coherent,root500,0.5,32,False,results/bios-followup-v1/editing/world-1-seed-0-company/edits/company-coherent-root500,93,22,0.23655913978494625,3,0,0.0,90,22,0.24444444444444444,93,22,0.23655913978494625,3,0,0.0,90,22,0.24444444444444444,96,8,0.08333333333333333,45,5,0.1111111111111111,96,8,0.08333333333333333,48,3,0.0625,48,5,0.10416666666666667,26,2,0.07692307692307693,19,3,0.15789473684210525,48,3,0.0625,48,5,0.10416666666666667,26,2,0.07692307692307693,19,3,0.15789473684210525,20419,20222,197,179,0.00885174562357828,6,6,0,0,0.0,768,758,10,7,0.009234828496042216,5917,5878,39,33,0.00561415447431099,13728,13580,148,139,0.010235640648011782,7286,7211,75,67,0.009291360421578144,2,2,0,0,0.0,231,227,4,2,0.00881057268722467,2745,2722,23,19,0.0069801616458486405,4308,4260,48,46,0.0107981220657277,16323,16169,154,136,0.008411157152575916,6,6,0,0,0.0,625,615,10,5,0.008130081300813009,4876,4843,33,28,0.005781540367540781,10816,10705,111,103,0.009621672115833722,0,0,0,0,,0,0,0,0,,4096,4053,43,43,0.010609425117197138,6208,6086,122,117,0.019224449556358856,8192,8156,36,29,0.003555664541441883,0.15789473684210525,0.0,0.7894736842105263,19,0,1,0
1,0,company,company,coherent,root500,0.5,128,False,results/bios-followup-v1/editing/world-1-seed-0-company/edits/company-coherent-root500,93,93,1.0,3,3,1.0,90,90,1.0,93,93,1.0,3,3,1.0,90,90,1.0,96,93,0.96875,45,44,0.9777777777777777,96,93,0.96875,48,46,0.9583333333333334,48,47,0.9791666666666666,26,25,0.9615384615384616,19,19,1.0,48,46,0.9583333333333334,48,47,0.9791666666666666,26,25,0.9615384615384616,19,19,1.0,20419,20222,197,185,0.009148452180793196,6,6,0,0,0.0,768,758,10,7,0.009234828496042216,5917,5878,39,27,0.004593399115345355,13728,13580,148,151,0.011119293078055965,7286,7211,75,86,0.011926223824712244,2,2,0,0,0.0,231,227,4,3,0.013215859030837005,2745,2722,23,13,0.004775900073475386,4308,4260,48,70,0.01643192488262911,16323,16169,154,165,0.010204712721875193,6,6,0,0,0.0,625,615,10,7,0.011382113821138212,4876,4843,33,25,0.005162089613875697,10816,10705,111,133,0.012424100887435778,0,0,0,0,,0,0,0,0,,4096,4053,43,20,0.004934616333580064,6208,6086,122,147,0.02415379559645087,8192,8156,36,10,0.0012260912211868563,1.0,0.0,0.0,19,0,0,0
1,0,company,company,coherent,root500,0.5,512,False,results/bios-followup-v1/editing/world-1-seed-0-company/edits/company-coherent-root500,93,93,1.0,3,3,1.0,90,90,1.0,93,93,1.0,3,3,1.0,90,90,1.0,96,94,0.9791666666666666,45,44,0.9777777777777777,96,94,0.9791666666666666,48,46,0.9583333333333334,48,48,1.0,26,25,0.9615384615384616,19,19,1.0,48,46,0.9583333333333334,48,48,1.0,26,25,0.9615384615384616,19,19,1.0,20419,20222,197,79,0.00390663633666304,6,6,0,0,0.0,768,758,10,3,0.00395778364116095,5917,5878,39,10,0.001701258931609391,13728,13580,148,66,0.0048600883652430045,7286,7211,75,36,0.0049923727638330325,2,2,0,0,0.0,231,227,4,1,0.004405286343612335,2745,2722,23,5,0.0018368846436443791,4308,4260,48,30,0.007042253521126761,16323,16169,154,77,0.004762199270208423,6,6,0,0,0.0,625,615,10,3,0.004878048780487805,4876,4843,33,10,0.0020648358455502788,10816,10705,111,64,0.005978514712751051,0,0,0,0,,0,0,0,0,,4096,4053,43,2,0.0004934616333580064,6208,6086,122,65,0.010680249753532697,8192,8156,36,4,0.0004904364884747426,1.0,0.0,0.0,19,0,0,0
1,0,company,company,exception,uniform,0.03225806451612903,0,True,results/bios-cross-scale-dev-v1/width-256/world-1-seed-0-company/edits/company-exception-mlp,93,0,0.0,3,0,0.0,90,0,0.0,93,0,0.0,3,0,0.0,90,0,0.0,96,0,0.0,45,0,0.0,96,0,0.0,48,0,0.0,48,0,0.0,26,0,0.0,19,0,0.0,48,0,0.0,48,0,0.0,26,0,0.0,19,0,0.0,20419,20222,197,0,0.0,6,6,0,0,0.0,768,758,10,0,0.0,5917,5878,39,0,0.0,13728,13580,148,0,0.0,7286,7211,75,0,0.0,2,2,0,0,0.0,231,227,4,0,0.0,2745,2722,23,0,0.0,4308,4260,48,0,0.0,16323,16169,154,0,0.0,6,6,0,0,0.0,625,615,10,0,0.0,4876,4843,33,0,0.0,10816,10705,111,0,0.0,0,0,0,0,,0,0,0,0,,4096,4053,43,0,0.0,6208,6086,122,0,0.0,8192,8156,36,0,0.0,0.0,0.0,1.0,19,0,0,0
1,0,company,company,exception,uniform,0.03225806451612903,32,True,results/bios-cross-scale-dev-v1/width-256/world-1-seed-0-company/edits/company-exception-mlp,93,11,0.11827956989247312,3,0,0.0,90,11,0.12222222222222222,93,11,0.11827956989247312,3,0,0.0,90,11,0.12222222222222222,96,4,0.041666666666666664,45,2,0.044444444444444446,96,4,0.041666666666666664,48,1,0.020833333333333332,48,3,0.0625,26,0,0.0,19,2,0.10526315789473684,48,1,0.020833333333333332,48,3,0.0625,26,0,0.0,19,2,0.10526315789473684,20419,20222,197,163,0.008060528137671842,6,6,0,0,0.0,768,758,10,8,0.010554089709762533,5917,5878,39,29,0.004933650901667233,13728,13580,148,126,0.009278350515463918,7286,7211,75,54,0.007488559145749549,2,2,0,0,0.0,231,227,4,4,0.01762114537444934,2745,2722,23,16,0.005878030859662013,4308,4260,48,34,0.007981220657276996,16323,16169,154,125,0.007730842971117571,6,6,0,0,0.0,625,615,10,7,0.011382113821138212,4876,4843,33,26,0.005368573198430725,10816,10705,111,92,0.008594114899579636,0,0,0,0,,0,0,0,0,,4096,4053,43,38,0.009375771033802122,6208,6086,122,102,0.01675977653631285,8192,8156,36,32,0.00392349190779794,0.10526315789473684,0.05263157894736842,0.6842105263157895,19,0,3,0
1,0,company,company,exception,uniform,0.03225806451612903,128,True,results/bios-cross-scale-dev-v1/width-256/world-1-seed-0-company/edits/company-exception-mlp,93,93,1.0,3,3,1.0,90,90,1.0,93,93,1.0,3,3,1.0,90,90,1.0,96,50,0.5208333333333334,45,6,0.13333333333333333,96,50,0.5208333333333334,48,21,0.4375,48,29,0.6041666666666666,26,1,0.038461538461538464,19,5,0.2631578947368421,48,21,0.4375,48,29,0.6041666666666666,26,1,0.038461538461538464,19,5,0.2631578947368421,20419,20222,197,243,0.012016615567204035,6,6,0,0,0.0,768,758,10,15,0.01978891820580475,5917,5878,39,42,0.007145287512759442,13728,13580,148,186,0.01369661266568483,7286,7211,75,111,0.01539314935515185,2,2,0,0,0.0,231,227,4,7,0.030837004405286344,2745,2722,23,24,0.00881704628949302,4308,4260,48,80,0.018779342723004695,16323,16169,154,218,0.013482590141629043,6,6,0,0,0.0,625,615,10,15,0.024390243902439025,4876,4843,33,39,0.008052859797646087,10816,10705,111,164,0.015319943951424568,0,0,0,0,,0,0,0,0,,4096,4053,43,25,0.00616827041697508,6208,6086,122,179,0.029411764705882353,8192,8156,36,18,0.002206964198136341,0.2631578947368421,0.7368421052631579,0.0,19,0,0,0
1,0,company,company,exception,uniform,0.03225806451612903,512,True,results/bios-cross-scale-dev-v1/width-256/world-1-seed-0-company/edits/company-exception-mlp,93,93,1.0,3,3,1.0,90,90,1.0,93,93,1.0,3,3,1.0,90,90,1.0,96,51,0.53125,45,7,0.15555555555555556,96,51,0.53125,48,21,0.4375,48,30,0.625,26,2,0.07692307692307693,19,5,0.2631578947368421,48,21,0.4375,48,30,0.625,26,2,0.07692307692307693,19,5,0.2631578947368421,20419,20222,197,86,0.004252793986747107,6,6,0,0,0.0,768,758,10,6,0.0079155672823219,5917,5878,39,19,0.003232391970057843,13728,13580,148,61,0.004491899852724595,7286,7211,75,44,0.0061017889335737065,2,2,0,0,0.0,231,227,4,3,0.013215859030837005,2745,2722,23,11,0.004041146216017634,4308,4260,48,30,0.007042253521126761,16323,16169,154,86,0.0053188199641288885,6,6,0,0,0.0,625,615,10,6,0.00975609756097561,4876,4843,33,19,0.0039231881065455295,10816,10705,111,61,0.005698271835590845,0,0,0,0,,0,0,0,0,,4096,4053,43,0,0.0,6208,6086,122,61,0.010023003614853762,8192,8156,36,5,0.0006130456105934281,0.2631578947368421,0.7368421052631579,0.0,19,0,0,0
1,0,company,company,exception,root125,0.125,0,False,results/bios-followup-v1/editing/world-1-seed-0-company/edits/company-exception-root125,93,0,0.0,3,0,0.0,90,0,0.0,93,0,0.0,3,0,0.0,90,0,0.0,96,0,0.0,45,0,0.0,96,0,0.0,48,0,0.0,48,0,0.0,26,0,0.0,19,0,0.0,48,0,0.0,48,0,0.0,26,0,0.0,19,0,0.0,20419,20222,197,0,0.0,6,6,0,0,0.0,768,758,10,0,0.0,5917,5878,39,0,0.0,13728,13580,148,0,0.0,7286,7211,75,0,0.0,2,2,0,0,0.0,231,227,4,0,0.0,2745,2722,23,0,0.0,4308,4260,48,0,0.0,16323,16169,154,0,0.0,6,6,0,0,0.0,625,615,10,0,0.0,4876,4843,33,0,0.0,10816,10705,111,0,0.0,0,0,0,0,,0,0,0,0,,4096,4053,43,0,0.0,6208,6086,122,0,0.0,8192,8156,36,0,0.0,0.0,0.0,1.0,19,0,0,0
1,0,company,company,exception,root125,0.125,32,False,results/bios-followup-v1/editing/world-1-seed-0-company/edits/company-exception-root125,93,10,0.10752688172043011,3,0,0.0,90,10,0.1111111111111111,93,10,0.10752688172043011,3,0,0.0,90,10,0.1111111111111111,96,4,0.041666666666666664,45,2,0.044444444444444446,96,4,0.041666666666666664,48,1,0.020833333333333332,48,3,0.0625,26,0,0.0,19,2,0.10526315789473684,48,1,0.020833333333333332,48,3,0.0625,26,0,0.0,19,2,0.10526315789473684,20419,20222,197,173,0.008555039066363367,6,6,0,0,0.0,768,758,10,9,0.011873350923482849,5917,5878,39,30,0.005103776794828173,13728,13580,148,134,0.009867452135493372,7286,7211,75,58,0.008043267230619886,2,2,0,0,0.0,231,227,4,4,0.01762114537444934,2745,2722,23,17,0.006245407788390889,4308,4260,48,37,0.00868544600938967,16323,16169,154,135,0.008349310408806977,6,6,0,0,0.0,625,615,10,7,0.011382113821138212,4876,4843,33,26,0.005368573198430725,10816,10705,111,102,0.009528257823446988,0,0,0,0,,0,0,0,0,,4096,4053,43,38,0.009375771033802122,6208,6086,122,106,0.017417022674991785,8192,8156,36,37,0.004536537518391368,0.10526315789473684,0.0,0.6842105263157895,19,0,4,0
1,0,company,company,exception,root125,0.125,128,False,results/bios-followup-v1/editing/world-1-seed-0-company/edits/company-exception-root125,93,93,1.0,3,3,1.0,90,90,1.0,93,93,1.0,3,3,1.0,90,90,1.0,96,53,0.5520833333333334,45,7,0.15555555555555556,96,53,0.5520833333333334,48,22,0.4583333333333333,48,31,0.6458333333333334,26,2,0.07692307692307693,19,5,0.2631578947368421,48,22,0.4583333333333333,48,31,0.6458333333333334,26,2,0.07692307692307693,19,5,0.2631578947368421,20419,20222,197,263,0.013005637424587083,6,6,0,0,0.0,768,758,10,16,0.021108179419525065,5917,5878,39,43,0.007315413405920381,13728,13580,148,204,0.015022091310751105,7286,7211,75,123,0.017057273609762863,2,2,0,0,0.0,231,227,4,8,0.03524229074889868,2745,2722,23,24,0.00881704628949302,4308,4260,48,91,0.021361502347417842,16323,16169,154,235,0.014533984785701034,6,6,0,0,0.0,625,615,10,16,0.026016260162601626,4876,4843,33,39,0.008052859797646087,10816,10705,111,180,0.01681457262961233,0,0,0,0,,0,0,0,0,,4096,4053,43,28,0.0069084628670120895,6208,6086,122,199,0.03269799539927703,8192,8156,36,17,0.0020843550760176557,0.2631578947368421,0.7368421052631579,0.0,19,0,0,0
1,0,company,company,exception,root125,0.125,512,False,results/bios-followup-v1/editing/world-1-seed-0-company/edits/company-exception-root125,93,93,1.0,3,3,1.0,90,90,1.0,93,93,1.0,3,3,1.0,90,90,1.0,96,52,0.5416666666666666,45,8,0.17777777777777778,96,52,0.5416666666666666,48,22,0.4583333333333333,48,30,0.625,26,3,0.11538461538461539,19,5,0.2631578947368421,48,22,0.4583333333333333,48,30,0.625,26,3,0.11538461538461539,19,5,0.2631578947368421,20419,20222,197,91,0.0045000494510928695,6,6,0,0,0.0,768,758,10,6,0.0079155672823219,5917,5878,39,20,0.003402517863218782,13728,13580,148,65,0.004786450662739323,7286,7211,75,47,0.00651781999722646,2,2,0,0,0.0,231,227,4,3,0.013215859030837005,2745,2722,23,11,0.004041146216017634,4308,4260,48,33,0.007746478873239437,16323,16169,154,91,0.005628053682973592,6,6,0,0,0.0,625,615,10,6,0.00975609756097561,4876,4843,33,20,0.0041296716911005575,10816,10705,111,65,0.006071929005137786,0,0,0,0,,0,0,0,0,,4096,4053,43,0,0.0,6208,6086,122,66,0.010844561288202431,8192,8156,36,4,0.0004904364884747426,0.2631578947368421,0.7368421052631579,0.0,19,0,0,0
1,0,company,company,exception,root250,0.25,0,False,results/bios-followup-v1/editing/world-1-seed-0-company/edits/company-exception-root250,93,0,0.0,3,0,0.0,90,0,0.0,93,0,0.0,3,0,0.0,90,0,0.0,96,0,0.0,45,0,0.0,96,0,0.0,48,0,0.0,48,0,0.0,26,0,0.0,19,0,0.0,48,0,0.0,48,0,0.0,26,0,0.0,19,0,0.0,20419,20222,197,0,0.0,6,6,0,0,0.0,768,758,10,0,0.0,5917,5878,39,0,0.0,13728,13580,148,0,0.0,7286,7211,75,0,0.0,2,2,0,0,0.0,231,227,4,0,0.0,2745,2722,23,0,0.0,4308,4260,48,0,0.0,16323,16169,154,0,0.0,6,6,0,0,0.0,625,615,10,0,0.0,4876,4843,33,0,0.0,10816,10705,111,0,0.0,0,0,0,0,,0,0,0,0,,4096,4053,43,0,0.0,6208,6086,122,0,0.0,8192,8156,36,0,0.0,0.0,0.0,1.0,19,0,0,0
1,0,company,company,exception,root250,0.25,32,False,results/bios-followup-v1/editing/world-1-seed-0-company/edits/company-exception-root250,93,8,0.08602150537634409,3,0,0.0,90,8,0.08888888888888889,93,8,0.08602150537634409,3,0,0.0,90,8,0.08888888888888889,96,4,0.041666666666666664,45,2,0.044444444444444446,96,4,0.041666666666666664,48,1,0.020833333333333332,48,3,0.0625,26,0,0.0,19,2,0.10526315789473684,48,1,0.020833333333333332,48,3,0.0625,26,0,0.0,19,2,0.10526315789473684,20419,20222,197,190,0.009395707645138958,6,6,0,0,0.0,768,758,10,9,0.011873350923482849,5917,5878,39,36,0.006124532153793808,13728,13580,148,145,0.010677466863033874,7286,7211,75,65,0.009014006379142975,2,2,0,0,0.0,231,227,4,4,0.01762114537444934,2745,2722,23,20,0.0073475385745775165,4308,4260,48,41,0.009624413145539907,16323,16169,154,146,0.009029624590265323,6,6,0,0,0.0,625,615,10,7,0.011382113821138212,4876,4843,33,31,0.006400991121205864,10816,10705,111,108,0.010088743577767399,0,0,0,0,,0,0,0,0,,4096,4053,43,44,0.01085615593387614,6208,6086,122,113,0.018567203417679923,8192,8156,36,41,0.005026974006866111,0.10526315789473684,0.0,0.631578947368421,19,0,5,0
1,0,company,company,exception,root250,0.25,128,False,results/bios-followup-v1/editing/world-1-seed-0-company/edits/company-exception-root250,93,93,1.0,3,3,1.0,90,90,1.0,93,93,1.0,3,3,1.0,90,90,1.0,96,55,0.5729166666666666,45,8,0.17777777777777778,96,55,0.5729166666666666,48,23,0.4791666666666667,48,32,0.6666666666666666,26,3,0.11538461538461539,19,5,0.2631578947368421,48,23,0.4791666666666667,48,32,0.6666666666666666,26,3,0.11538461538461539,19,5,0.2631578947368421,20419,20222,197,275,0.013599050539016912,6,6,0,0,0.0,768,758,10,16,0.021108179419525065,5917,5878,39,43,0.007315413405920381,13728,13580,148,216,0.015905743740795286,7286,7211,75,131,0.018166689779503538,2,2,0,0,0.0,231,227,4,8,0.03524229074889868,2745,2722,23,24,0.00881704628949302,4308,4260,48,99,0.02323943661971831,16323,16169,154,244,0.015090605479621499,6,6,0,0,0.0,625,615,10,16,0.026016260162601626,4876,4843,33,39,0.008052859797646087,10816,10705,111,189,0.017655301261092948,0,0,0,0,,0,0,0,0,,4096,4053,43,31,0.0076486553170490995,6208,6086,122,213,0.0349983568846533,8192,8156,36,15,0.0018391368317802845,0.2631578947368421,0.7368421052631579,0.0,19,0,0,0
1,0,company,company,exception,root250,0.25,512,False,results/bios-followup-v1/editing/world-1-seed-0-company/edits/company-exception-root250,93,93,1.0,3,3,1.0,90,90,1.0,93,93,1.0,3,3,1.0,90,90,1.0,96,52,0.5416666666666666,45,8,0.17777777777777778,96,52,0.5416666666666666,48,22,0.4583333333333333,48,30,0.625,26,3,0.11538461538461539,19,5,0.2631578947368421,48,22,0.4583333333333333,48,30,0.625,26,3,0.11538461538461539,19,5,0.2631578947368421,20419,20222,197,91,0.0045000494510928695,6,6,0,0,0.0,768,758,10,5,0.006596306068601583,5917,5878,39,20,0.003402517863218782,13728,13580,148,66,0.0048600883652430045,7286,7211,75,46,0.006379142976008875,2,2,0,0,0.0,231,227,4,2,0.00881057268722467,2745,2722,23,11,0.004041146216017634,4308,4260,48,33,0.007746478873239437,16323,16169,154,91,0.005628053682973592,6,6,0,0,0.0,625,615,10,5,0.008130081300813009,4876,4843,33,20,0.0041296716911005575,10816,10705,111,66,0.006165343297524521,0,0,0,0,,0,0,0,0,,4096,4053,43,0,0.0,6208,6086,122,67,0.011008872822872166,8192,8156,36,3,0.0003678273663560569,0.2631578947368421,0.7368421052631579,0.0,19,0,0,0
1,0,company,company,exception,root500,0.5,0,True,results/bios-mechanism-dev-v1/p1/width-256/world-1-seed-0-company/edits/company-class-balanced-exception,93,0,0.0,3,0,0.0,90,0,0.0,93,0,0.0,3,0,0.0,90,0,0.0,96,0,0.0,45,0,0.0,96,0,0.0,48,0,0.0,48,0,0.0,26,0,0.0,19,0,0.0,48,0,0.0,48,0,0.0,26,0,0.0,19,0,0.0,20419,20222,197,0,0.0,6,6,0,0,0.0,768,758,10,0,0.0,5917,5878,39,0,0.0,13728,13580,148,0,0.0,7286,7211,75,0,0.0,2,2,0,0,0.0,231,227,4,0,0.0,2745,2722,23,0,0.0,4308,4260,48,0,0.0,16323,16169,154,0,0.0,6,6,0,0,0.0,625,615,10,0,0.0,4876,4843,33,0,0.0,10816,10705,111,0,0.0,0,0,0,0,,0,0,0,0,,4096,4053,43,0,0.0,6208,6086,122,0,0.0,8192,8156,36,0,0.0,0.0,0.0,1.0,19,0,0,0
1,0,company,company,exception,root500,0.5,32,True,results/bios-mechanism-dev-v1/p1/width-256/world-1-seed-0-company/edits/company-class-balanced-exception,93,4,0.043010752688172046,3,0,0.0,90,4,0.044444444444444446,93,4,0.043010752688172046,3,0,0.0,90,4,0.044444444444444446,96,1,0.010416666666666666,45,1,0.022222222222222223,96,1,0.010416666666666666,48,0,0.0,48,1,0.020833333333333332,26,0,0.0,19,1,0.05263157894736842,48,0,0.0,48,1,0.020833333333333332,26,0,0.0,19,1,0.05263157894736842,20419,20222,197,198,0.009791316388092176,6,6,0,0,0.0,768,758,10,10,0.013192612137203167,5917,5878,39,33,0.00561415447431099,13728,13580,148,155,0.011413843888070692,7286,7211,75,72,0.009984745527666065,2,2,0,0,0.0,231,227,4,3,0.013215859030837005,2745,2722,23,19,0.0069801616458486405,4308,4260,48,50,0.011737089201877934,16323,16169,154,153,0.009462551796647907,6,6,0,0,0.0,625,615,10,8,0.013008130081300813,4876,4843,33,29,0.005988023952095809,10816,10705,111,116,0.01083605791686128,0,0,0,0,,0,0,0,0,,4096,4053,43,45,0.011102886750555145,6208,6086,122,124,0.020374630299046993,8192,8156,36,41,0.005026974006866111,0.05263157894736842,0.0,0.7894736842105263,19,0,3,0
1,0,company,company,exception,root500,0.5,128,True,results/bios-mechanism-dev-v1/p1/width-256/world-1-seed-0-company/edits/company-class-balanced-exception,93,92,0.989247311827957,3,3,1.0,90,89,0.9888888888888889,93,92,0.989247311827957,3,3,1.0,90,89,0.9888888888888889,96,61,0.6354166666666666,45,13,0.28888888888888886,96,61,0.6354166666666666,48,28,0.5833333333333334,48,33,0.6875,26,8,0.3076923076923077,19,5,0.2631578947368421,48,28,0.5833333333333334,48,33,0.6875,26,8,0.3076923076923077,19,5,0.2631578947368421,20419,20222,197,285,0.014093561467708437,6,6,0,0,0.0,768,758,10,16,0.021108179419525065,5917,5878,39,43,0.007315413405920381,13728,13580,148,226,0.016642120765832106,7286,7211,75,136,0.01886007488559146,2,2,0,0,0.0,231,227,4,7,0.030837004405286344,2745,2722,23,22,0.008082292432035268,4308,4260,48,107,0.025117370892018778,16323,16169,154,248,0.01533799245469726,6,6,0,0,0.0,625,615,10,16,0.026016260162601626,4876,4843,33,36,0.007433409043981004,10816,10705,111,196,0.018309201307800095,0,0,0,0,,0,0,0,0,,4096,4053,43,37,0.009129040217123118,6208,6086,122,225,0.036970095300690106,8192,8156,36,13,0.0015939185875429131,0.2631578947368421,0.7368421052631579,0.0,19,0,0,0
1,0,company,company,exception,root500,0.5,512,True,results/bios-mechanism-dev-v1/p1/width-256/world-1-seed-0-company/edits/company-class-balanced-exception,93,93,1.0,3,3,1.0,90,90,1.0,93,93,1.0,3,3,1.0,90,90,1.0,96,53,0.5520833333333334,45,8,0.17777777777777778,96,53,0.5520833333333334,48,23,0.4791666666666667,48,30,0.625,26,3,0.11538461538461539,19,5,0.2631578947368421,48,23,0.4791666666666667,48,30,0.625,26,3,0.11538461538461539,19,5,0.2631578947368421,20419,20222,197,94,0.0046484027297003265,6,6,0,0,0.0,768,758,10,4,0.005277044854881266,5917,5878,39,22,0.00374276964954066,13728,13580,148,68,0.005007363770250369,7286,7211,75,48,0.006656497018444044,2,2,0,0,0.0,231,227,4,2,0.00881057268722467,2745,2722,23,13,0.004775900073475386,4308,4260,48,33,0.007746478873239437,16323,16169,154,93,0.005751747170511473,6,6,0,0,0.0,625,615,10,4,0.0065040650406504065,4876,4843,33,22,0.0045426388602106136,10816,10705,111,67,0.006258757589911256,0,0,0,0,,0,0,0,0,,4096,4053,43,1,0.0002467308166790032,6208,6086,122,69,0.011337495892211634,8192,8156,36,3,0.0003678273663560569,0.2631578947368421,0.7368421052631579,0.0,19,0,0,0
1,0,company,project,coherent,uniform,0.03225806451612903,0,True,results/bios-cross-scale-dev-v1/width-256/world-1-seed-0-company/edits/project-coherent-mlp,93,0,0.0,3,0,0.0,90,0,0.0,93,0,0.0,3,0,0.0,90,0,0.0,96,0,0.0,45,0,0.0,96,0,0.0,48,0,0.0,48,0,0.0,19,0,0.0,26,0,0.0,48,0,0.0,48,0,0.0,19,0,0.0,26,0,0.0,20419,20227,192,0,0.0,6,6,0,0,0.0,768,766,2,0,0.0,5917,5800,117,0,0.0,13728,13655,73,0,0.0,7286,7209,77,0,0.0,2,2,0,0,0.0,231,231,0,0,0.0,2745,2700,45,0,0.0,4308,4276,32,0,0.0,16323,16170,153,0,0.0,4,4,0,0,0.0,596,594,2,0,0.0,4921,4827,94,0,0.0,10802,10745,57,0,0.0,0,0,0,0,,0,0,0,0,,4096,4057,39,0,0.0,6208,6169,39,0,0.0,8192,8156,36,0,0.0,0.0,0.0,1.0,26,0,0,0
1,0,company,project,coherent,uniform,0.03225806451612903,32,True,results/bios-cross-scale-dev-v1/width-256/world-1-seed-0-company/edits/project-coherent-mlp,93,51,0.5483870967741935,3,0,0.0,90,51,0.5666666666666667,93,51,0.5483870967741935,3,0,0.0,90,51,0.5666666666666667,96,25,0.2604166666666667,45,10,0.2222222222222222,96,25,0.2604166666666667,48,13,0.2708333333333333,48,12,0.25,19,4,0.21052631578947367,26,6,0.23076923076923078,48,13,0.2708333333333333,48,12,0.25,19,4,0.21052631578947367,26,6,0.23076923076923078,20419,20227,192,131,0.006476491817867207,6,6,0,0,0.0,768,766,2,7,0.009138381201044387,5917,5800,117,66,0.011379310344827587,13728,13655,73,58,0.004247528377883559,7286,7209,77,46,0.006380912747953946,2,2,0,0,0.0,231,231,0,2,0.008658008658008658,2745,2700,45,21,0.0077777777777777776,4308,4276,32,23,0.005378858746492049,16323,16170,153,98,0.006060606060606061,4,4,0,0,0.0,596,594,2,7,0.011784511784511785,4921,4827,94,48,0.009944064636420136,10802,10745,57,43,0.004001861330851559,0,0,0,0,,0,0,0,0,,4096,4057,39,33,0.00813408922849396,6208,6169,39,45,0.0072945372021397305,8192,8156,36,19,0.002329573320255027,0.23076923076923078,0.0,0.46153846153846156,26,0,8,0
1,0,company,project,coherent,uniform,0.03225806451612903,128,True,results/bios-cross-scale-dev-v1/width-256/world-1-seed-0-company/edits/project-coherent-mlp,93,93,1.0,3,3,1.0,90,90,1.0,93,93,1.0,3,3,1.0,90,90,1.0,96,95,0.9895833333333334,45,45,1.0,96,95,0.9895833333333334,48,48,1.0,48,47,0.9791666666666666,19,19,1.0,26,26,1.0,48,48,1.0,48,47,0.9791666666666666,19,19,1.0,26,26,1.0,20419,20227,192,140,0.006921441637415336,6,6,0,1,0.16666666666666666,768,766,2,9,0.01174934725848564,5917,5800,117,68,0.011724137931034483,13728,13655,73,62,0.0045404613694617355,7286,7209,77,63,0.008739076154806492,2,2,0,1,0.5,231,231,0,5,0.021645021645021644,2745,2700,45,25,0.009259259259259259,4308,4276,32,32,0.007483629560336763,16323,16170,153,125,0.007730364873222016,4,4,0,1,0.25,596,594,2,9,0.015151515151515152,4921,4827,94,61,0.012637248808783924,10802,10745,57,54,0.005025593299208935,0,0,0,0,,0,0,0,0,,4096,4057,39,15,0.003697313285679073,6208,6169,39,57,0.009239747122710326,8192,8156,36,9,0.0011034820990681706,1.0,0.0,0.0,26,0,0,0
1,0,company,project,coherent,uniform,0.03225806451612903,512,True,results/bios-cross-scale-dev-v1/width-256/world-1-seed-0-company/edits/project-coherent-mlp,93,93,1.0,3,3,1.0,90,90,1.0,93,93,1.0,3,3,1.0,90,90,1.0,96,95,0.9895833333333334,45,45,1.0,96,95,0.9895833333333334,48,48,1.0,48,47,0.9791666666666666,19,19,1.0,26,26,1.0,48,48,1.0,48,47,0.9791666666666666,19,19,1.0,26,26,1.0,20419,20227,192,68,0.003361843081030306,6,6,0,1,0.16666666666666666,768,766,2,5,0.006527415143603133,5917,5800,117,40,0.006896551724137931,13728,13655,73,22,0.0016111314536799708,7286,7209,77,31,0.004300180330142877,2,2,0,1,0.5,231,231,0,3,0.012987012987012988,2745,2700,45,17,0.006296296296296296,4308,4276,32,10,0.0023386342376052385,16323,16170,153,67,0.004143475572047001,4,4,0,1,0.25,596,594,2,5,0.008417508417508417,4921,4827,94,39,0.008079552517091361,10802,10745,57,22,0.002047463936714751,0,0,0,0,,0,0,0,0,,4096,4057,39,1,0.00024648755237860487,6208,6169,39,20,0.003242016534284325,8192,8156,36,5,0.0006130456105934281,1.0,0.0,0.0,26,0,0,0
1,0,company,project,coherent,root125,0.125,0,False,results/bios-followup-v1/editing/world-1-seed-0-company/edits/project-coherent-root125,93,0,0.0,3,0,0.0,90,0,0.0,93,0,0.0,3,0,0.0,90,0,0.0,96,0,0.0,45,0,0.0,96,0,0.0,48,0,0.0,48,0,0.0,19,0,0.0,26,0,0.0,48,0,0.0,48,0,0.0,19,0,0.0,26,0,0.0,20419,20227,192,0,0.0,6,6,0,0,0.0,768,766,2,0,0.0,5917,5800,117,0,0.0,13728,13655,73,0,0.0,7286,7209,77,0,0.0,2,2,0,0,0.0,231,231,0,0,0.0,2745,2700,45,0,0.0,4308,4276,32,0,0.0,16323,16170,153,0,0.0,4,4,0,0,0.0,596,594,2,0,0.0,4921,4827,94,0,0.0,10802,10745,57,0,0.0,0,0,0,0,,0,0,0,0,,4096,4057,39,0,0.0,6208,6169,39,0,0.0,8192,8156,36,0,0.0,0.0,0.0,1.0,26,0,0,0
1,0,company,project,coherent,root125,0.125,32,False,results/bios-followup-v1/editing/world-1-seed-0-company/edits/project-coherent-root125,93,52,0.5591397849462365,3,0,0.0,90,52,0.5777777777777777,93,52,0.5591397849462365,3,0,0.0,90,52,0.5777777777777777,96,29,0.3020833333333333,45,11,0.24444444444444444,96,29,0.3020833333333333,48,17,0.3541666666666667,48,12,0.25,19,5,0.2631578947368421,26,6,0.23076923076923078,48,17,0.3541666666666667,48,12,0.25,19,5,0.2631578947368421,26,6,0.23076923076923078,20419,20227,192,147,0.007267513719286103,6,6,0,0,0.0,768,766,2,8,0.010443864229765013,5917,5800,117,72,0.012413793103448275,13728,13655,73,67,0.004906627608934456,7286,7209,77,54,0.00749063670411985,2,2,0,0,0.0,231,231,0,2,0.008658008658008658,2745,2700,45,25,0.009259259259259259,4308,4276,32,27,0.006314312441534144,16323,16170,153,113,0.006988249845392702,4,4,0,0,0.0,596,594,2,8,0.013468013468013467,4921,4827,94,53,0.010979904702713901,10802,10745,57,52,0.004839460214053048,0,0,0,0,,0,0,0,0,,4096,4057,39,34,0.008380576780872565,6208,6169,39,54,0.008753444642567677,8192,8156,36,19,0.002329573320255027,0.23076923076923078,0.0,0.46153846153846156,26,0,8,0
1,0,company,project,coherent,root125,0.125,128,False,results/bios-followup-v1/editing/world-1-seed-0-company/edits/project-coherent-root125,93,93,1.0,3,3,1.0,90,90,1.0,93,93,1.0,3,3,1.0,90,90,1.0,96,94,0.9791666666666666,45,45,1.0,96,94,0.9791666666666666,48,48,1.0,48,46,0.9583333333333334,19,19,1.0,26,26,1.0,48,48,1.0,48,46,0.9583333333333334,19,19,1.0,26,26,1.0,20419,20227,192,147,0.007267513719286103,6,6,0,1,0.16666666666666666,768,766,2,9,0.01174934725848564,5917,5800,117,74,0.012758620689655173,13728,13655,73,63,0.00461369461735628,7286,7209,77,69,0.00957136912193092,2,2,0,1,0.5,231,231,0,5,0.021645021645021644,2745,2700,45,30,0.011111111111111112,4308,4276,32,33,0.0077174929840972874,16323,16170,153,131,0.008101422387136672,4,4,0,1,0.25,596,594,2,9,0.015151515151515152,4921,4827,94,66,0.013673088875077687,10802,10745,57,55,0.005118659841786877,0,0,0,0,,0,0,0,0,,4096,4057,39,16,0.003943800838057678,6208,6169,39,59,0.009563948776138758,8192,8156,36,8,0.000980872976949485,1.0,0.0,0.0,26,0,0,0
1,0,company,project,coherent,root125,0.125,512,False,results/bios-followup-v1/editing/world-1-seed-0-company/edits/project-coherent-root125,93,93,1.0,3,3,1.0,90,90,1.0,93,93,1.0,3,3,1.0,90,90,1.0,96,95,0.9895833333333334,45,45,1.0,96,95,0.9895833333333334,48,48,1.0,48,47,0.9791666666666666,19,19,1.0,26,26,1.0,48,48,1.0,48,47,0.9791666666666666,19,19,1.0,26,26,1.0,20419,20227,192,71,0.003510159687546349,6,6,0,1,0.16666666666666666,768,766,2,4,0.005221932114882507,5917,5800,117,42,0.007241379310344828,13728,13655,73,24,0.001757597949469059,7286,7209,77,34,0.004716326813705091,2,2,0,1,0.5,231,231,0,3,0.012987012987012988,2745,2700,45,18,0.006666666666666667,4308,4276,32,12,0.002806361085126286,16323,16170,153,70,0.004329004329004329,4,4,0,1,0.25,596,594,2,4,0.006734006734006734,4921,4827,94,41,0.008493888543608866,10802,10745,57,24,0.0022335970218706376,0,0,0,0,,0,0,0,0,,4096,4057,39,1,0.00024648755237860487,6208,6169,39,22,0.003566218187712757,8192,8156,36,5,0.0006130456105934281,1.0,0.0,0.0,26,0,0,0
1,0,company,project,coherent,root250,0.25,0,False,results/bios-followup-v1/editing/world-1-seed-0-company/edits/project-coherent-root250,93,0,0.0,3,0,0.0,90,0,0.0,93,0,0.0,3,0,0.0,90,0,0.0,96,0,0.0,45,0,0.0,96,0,0.0,48,0,0.0,48,0,0.0,19,0,0.0,26,0,0.0,48,0,0.0,48,0,0.0,19,0,0.0,26,0,0.0,20419,20227,192,0,0.0,6,6,0,0,0.0,768,766,2,0,0.0,5917,5800,117,0,0.0,13728,13655,73,0,0.0,7286,7209,77,0,0.0,2,2,0,0,0.0,231,231,0,0,0.0,2745,2700,45,0,0.0,4308,4276,32,0,0.0,16323,16170,153,0,0.0,4,4,0,0,0.0,596,594,2,0,0.0,4921,4827,94,0,0.0,10802,10745,57,0,0.0,0,0,0,0,,0,0,0,0,,4096,4057,39,0,0.0,6208,6169,39,0,0.0,8192,8156,36,0,0.0,0.0,0.0,1.0,26,0,0,0
1,0,company,project,coherent,root250,0.25,32,False,results/bios-followup-v1/editing/world-1-seed-0-company/edits/project-coherent-root250,93,52,0.5591397849462365,3,1,0.3333333333333333,90,51,0.5666666666666667,93,52,0.5591397849462365,3,1,0.3333333333333333,90,51,0.5666666666666667,96,33,0.34375,45,14,0.3111111111111111,96,33,0.34375,48,17,0.3541666666666667,48,16,0.3333333333333333,19,5,0.2631578947368421,26,9,0.34615384615384615,48,17,0.3541666666666667,48,16,0.3333333333333333,19,5,0.2631578947368421,26,9,0.34615384615384615,20419,20227,192,168,0.008305729964898404,6,6,0,0,0.0,768,766,2,9,0.01174934725848564,5917,5800,117,85,0.014655172413793103,13728,13655,73,74,0.005419260344196265,7286,7209,77,67,0.009293938132889444,2,2,0,0,0.0,231,231,0,2,0.008658008658008658,2745,2700,45,34,0.012592592592592593,4308,4276,32,31,0.007249766136576239,16323,16170,153,131,0.008101422387136672,4,4,0,0,0.0,596,594,2,9,0.015151515151515152,4921,4827,94,65,0.013465920861818935,10802,10745,57,57,0.005304792926942764,0,0,0,0,,0,0,0,0,,4096,4057,39,37,0.009120039438008381,6208,6169,39,61,0.009888150429567191,8192,8156,36,18,0.002206964198136341,0.34615384615384615,0.0,0.34615384615384615,26,0,8,0
1,0,company,project,coherent,root250,0.25,128,False,results/bios-followup-v1/editing/world-1-seed-0-company/edits/project-coherent-root250,93,93,1.0,3,3,1.0,90,90,1.0,93,93,1.0,3,3,1.0,90,90,1.0,96,94,0.9791666666666666,45,45,1.0,96,94,0.9791666666666666,48,48,1.0,48,46,0.9583333333333334,19,19,1.0,26,26,1.0,48,48,1.0,48,46,0.9583333333333334,19,19,1.0,26,26,1.0,20419,20227,192,167,0.008256291096059722,6,6,0,1,0.16666666666666666,768,766,2,9,0.01174934725848564,5917,5800,117,86,0.014827586206896552,13728,13655,73,71,0.0051995606005126324,7286,7209,77,77,0.010681093078096823,2,2,0,1,0.5,231,231,0,5,0.021645021645021644,2745,2700,45,36,0.013333333333333334,4308,4276,32,35,0.008185219831618335,16323,16170,153,147,0.00909090909090909,4,4,0,1,0.25,596,594,2,9,0.015151515151515152,4921,4827,94,76,0.015744769007665218,10802,10745,57,61,0.005677059097254537,0,0,0,0,,0,0,0,0,,4096,4057,39,20,0.004929751047572098,6208,6169,39,66,0.010698654563138272,8192,8156,36,9,0.0011034820990681706,1.0,0.0,0.0,26,0,0,0
1,0,company,project,coherent,root250,0.25,512,False,results/bios-followup-v1/editing/world-1-seed-0-company/edits/project-coherent-root250,93,93,1.0,3,3,1.0,90,90,1.0,93,93,1.0,3,3,1.0,90,90,1.0,96,95,0.9895833333333334,45,45,1.0,96,95,0.9895833333333334,48,48,1.0,48,47,0.9791666666666666,19,19,1.0,26,26,1.0,48,48,1.0,48,47,0.9791666666666666,19,19,1.0,26,26,1.0,20419,20227,192,70,0.003460720818707668,6,6,0,1,0.16666666666666666,768,766,2,4,0.005221932114882507,5917,5800,117,41,0.007068965517241379,13728,13655,73,24,0.001757597949469059,7286,7209,77,35,0.004855042308225829,2,2,0,1,0.5,231,231,0,3,0.012987012987012988,2745,2700,45,19,0.007037037037037037,4308,4276,32,12,0.002806361085126286,16323,16170,153,69,0.004267161410018553,4,4,0,1,0.25,596,594,2,4,0.006734006734006734,4921,4827,94,40,0.008286720530350114,10802,10745,57,24,0.0022335970218706376,0,0,0,0,,0,0,0,0,,4096,4057,39,1,0.00024648755237860487,6208,6169,39,22,0.003566218187712757,8192,8156,36,5,0.0006130456105934281,1.0,0.0,0.0,26,0,0,0
1,0,company,project,coherent,root500,0.5,0,False,results/bios-followup-v1/editing/world-1-seed-0-company/edits/project-coherent-root500,93,0,0.0,3,0,0.0,90,0,0.0,93,0,0.0,3,0,0.0,90,0,0.0,96,0,0.0,45,0,0.0,96,0,0.0,48,0,0.0,48,0,0.0,19,0,0.0,26,0,0.0,48,0,0.0,48,0,0.0,19,0,0.0,26,0,0.0,20419,20227,192,0,0.0,6,6,0,0,0.0,768,766,2,0,0.0,5917,5800,117,0,0.0,13728,13655,73,0,0.0,7286,7209,77,0,0.0,2,2,0,0,0.0,231,231,0,0,0.0,2745,2700,45,0,0.0,4308,4276,32,0,0.0,16323,16170,153,0,0.0,4,4,0,0,0.0,596,594,2,0,0.0,4921,4827,94,0,0.0,10802,10745,57,0,0.0,0,0,0,0,,0,0,0,0,,4096,4057,39,0,0.0,6208,6169,39,0,0.0,8192,8156,36,0,0.0,0.0,0.0,1.0,26,0,0,0
1,0,company,project,coherent,root500,0.5,32,False,results/bios-followup-v1/editing/world-1-seed-0-company/edits/project-coherent-root500,93,44,0.4731182795698925,3,2,0.6666666666666666,90,42,0.4666666666666667,93,44,0.4731182795698925,3,2,0.6666666666666666,90,42,0.4666666666666667,96,30,0.3125,45,12,0.26666666666666666,96,30,0.3125,48,16,0.3333333333333333,48,14,0.2916666666666667,19,5,0.2631578947368421,26,7,0.2692307692307692,48,16,0.3333333333333333,48,14,0.2916666666666667,19,5,0.2631578947368421,26,7,0.2692307692307692,20419,20227,192,196,0.00969001829238147,6,6,0,0,0.0,768,766,2,10,0.013054830287206266,5917,5800,117,101,0.017413793103448275,13728,13655,73,85,0.006224826071036251,7286,7209,77,80,0.011097239561659037,2,2,0,0,0.0,231,231,0,2,0.008658008658008658,2745,2700,45,39,0.014444444444444444,4308,4276,32,39,0.00912067352666043,16323,16170,153,154,0.009523809523809525,4,4,0,0,0.0,596,594,2,10,0.016835016835016835,4921,4827,94,75,0.015537600994406464,10802,10745,57,69,0.006421591437878083,0,0,0,0,,0,0,0,0,,4096,4057,39,42,0.010352477199901405,6208,6169,39,71,0.011509158696709354,8192,8156,36,20,0.0024521824423737125,0.2692307692307692,0.0,0.46153846153846156,26,0,7,0
1,0,company,project,coherent,root500,0.5,128,False,results/bios-followup-v1/editing/world-1-seed-0-company/edits/project-coherent-root500,93,93,1.0,3,3,1.0,90,90,1.0,93,93,1.0,3,3,1.0,90,90,1.0,96,93,0.96875,45,44,0.9777777777777777,96,93,0.96875,48,48,1.0,48,45,0.9375,19,19,1.0,26,25,0.9615384615384616,48,48,1.0,48,45,0.9375,19,19,1.0,26,25,0.9615384615384616,20419,20227,192,180,0.008898996390962574,6,6,0,1,0.16666666666666666,768,766,2,8,0.010443864229765013,5917,5800,117,92,0.015862068965517243,13728,13655,73,79,0.005785426583668985,7286,7209,77,88,0.01220696351782494,2,2,0,1,0.5,231,231,0,4,0.017316017316017316,2745,2700,45,42,0.015555555555555555,4308,4276,32,41,0.009588400374181478,16323,16170,153,157,0.009709338280766852,4,4,0,1,0.25,596,594,2,8,0.013468013468013467,4921,4827,94,81,0.01678060907395898,10802,10745,57,67,0.006235458352722196,0,0,0,0,,0,0,0,0,,4096,4057,39,23,0.005669213704707912,6208,6169,39,74,0.011995461176852002,8192,8156,36,9,0.0011034820990681706,0.9615384615384616,0.0,0.038461538461538464,26,0,0,0
1,0,company,project,coherent,root500,0.5,512,False,results/bios-followup-v1/editing/world-1-seed-0-company/edits/project-coherent-root500,93,93,1.0,3,3,1.0,90,90,1.0,93,93,1.0,3,3,1.0,90,90,1.0,96,95,0.9895833333333334,45,45,1.0,96,95,0.9895833333333334,48,48,1.0,48,47,0.9791666666666666,19,19,1.0,26,26,1.0,48,48,1.0,48,47,0.9791666666666666,19,19,1.0,26,26,1.0,20419,20227,192,71,0.003510159687546349,6,6,0,1,0.16666666666666666,768,766,2,4,0.005221932114882507,5917,5800,117,42,0.007241379310344828,13728,13655,73,24,0.001757597949469059,7286,7209,77,36,0.004993757802746567,2,2,0,1,0.5,231,231,0,3,0.012987012987012988,2745,2700,45,20,0.007407407407407408,4308,4276,32,12,0.002806361085126286,16323,16170,153,69,0.004267161410018553,4,4,0,1,0.25,596,594,2,4,0.006734006734006734,4921,4827,94,40,0.008286720530350114,10802,10745,57,24,0.0022335970218706376,0,0,0,0,,0,0,0,0,,4096,4057,39,2,0.0004929751047572097,6208,6169,39,21,0.0034041173609985413,8192,8156,36,6,0.0007356547327121138,1.0,0.0,0.0,26,0,0,0
1,0,company,project,exception,uniform,0.03225806451612903,0,True,results/bios-cross-scale-dev-v1/width-256/world-1-seed-0-company/edits/project-exception-mlp,93,0,0.0,3,0,0.0,90,0,0.0,93,0,0.0,3,0,0.0,90,0,0.0,96,0,0.0,45,0,0.0,96,0,0.0,48,0,0.0,48,0,0.0,19,0,0.0,26,0,0.0,48,0,0.0,48,0,0.0,19,0,0.0,26,0,0.0,20419,20227,192,0,0.0,6,6,0,0,0.0,768,766,2,0,0.0,5917,5800,117,0,0.0,13728,13655,73,0,0.0,7286,7209,77,0,0.0,2,2,0,0,0.0,231,231,0,0,0.0,2745,2700,45,0,0.0,4308,4276,32,0,0.0,16323,16170,153,0,0.0,4,4,0,0,0.0,596,594,2,0,0.0,4921,4827,94,0,0.0,10802,10745,57,0,0.0,0,0,0,0,,0,0,0,0,,4096,4057,39,0,0.0,6208,6169,39,0,0.0,8192,8156,36,0,0.0,0.0,0.0,1.0,26,0,0,0
1,0,company,project,exception,uniform,0.03225806451612903,32,True,results/bios-cross-scale-dev-v1/width-256/world-1-seed-0-company/edits/project-exception-mlp,93,21,0.22580645161290322,3,0,0.0,90,21,0.23333333333333334,93,21,0.22580645161290322,3,0,0.0,90,21,0.23333333333333334,96,2,0.020833333333333332,45,0,0.0,96,2,0.020833333333333332,48,0,0.0,48,2,0.041666666666666664,19,0,0.0,26,0,0.0,48,0,0.0,48,2,0.041666666666666664,19,0,0.0,26,0,0.0,20419,20227,192,126,0.006229297473673802,6,6,0,0,0.0,768,766,2,11,0.014360313315926894,5917,5800,117,65,0.011206896551724138,13728,13655,73,50,0.003661662394727206,7286,7209,77,43,0.005964766264391732,2,2,0,0,0.0,231,231,0,2,0.008658008658008658,2745,2700,45,23,0.008518518518518519,4308,4276,32,18,0.00420954162768943,16323,16170,153,98,0.006060606060606061,4,4,0,0,0.0,596,594,2,9,0.015151515151515152,4921,4827,94,51,0.010565568676196395,10802,10745,57,38,0.003536528617961843,0,0,0,0,,0,0,0,0,,4096,4057,39,28,0.006901651466600937,6208,6169,39,27,0.0043767223212838385,8192,8156,36,31,0.0038008827856792545,0.0,0.038461538461538464,0.6538461538461539,26,0,8,0
1,0,company,project,exception,uniform,0.03225806451612903,128,True,results/bios-cross-scale-dev-v1/width-256/world-1-seed-0-company/edits/project-exception-mlp,93,93,1.0,3,3,1.0,90,90,1.0,93,93,1.0,3,3,1.0,90,90,1.0,96,53,0.5520833333333334,45,6,0.13333333333333333,96,53,0.5520833333333334,48,29,0.6041666666666666,48,24,0.5,19,1,0.05263157894736842,26,5,0.19230769230769232,48,29,0.6041666666666666,48,24,0.5,19,1,0.05263157894736842,26,5,0.19230769230769232,20419,20227,192,156,0.007712463538834232,6,6,0,1,0.16666666666666666,768,766,2,15,0.0195822454308094,5917,5800,117,70,0.01206896551724138,13728,13655,73,70,0.005126327352618088,7286,7209,77,66,0.009155222638368706,2,2,0,1,0.5,231,231,0,4,0.017316017316017316,2745,2700,45,23,0.008518518518518519,4308,4276,32,38,0.008886810102899906,16323,16170,153,134,0.008286951144094001,4,4,0,1,0.25,596,594,2,15,0.025252525252525252,4921,4827,94,58,0.012015744769007665,10802,10745,57,60,0.005583992554676594,0,0,0,0,,0,0,0,0,,4096,4057,39,22,0.005422726152329307,6208,6169,39,71,0.011509158696709354,8192,8156,36,7,0.0008582638548307994,0.19230769230769232,0.7307692307692307,0.0,26,0,2,0
1,0,company,project,exception,uniform,0.03225806451612903,512,True,results/bios-cross-scale-dev-v1/width-256/world-1-seed-0-company/edits/project-exception-mlp,93,93,1.0,3,3,1.0,90,90,1.0,93,93,1.0,3,3,1.0,90,90,1.0,96,48,0.5,45,1,0.022222222222222223,96,48,0.5,48,28,0.5833333333333334,48,20,0.4166666666666667,19,0,0.0,26,1,0.038461538461538464,48,28,0.5833333333333334,48,20,0.4166666666666667,19,0,0.0,26,1,0.038461538461538464,20419,20227,192,62,0.0030652098679982203,6,6,0,1,0.16666666666666666,768,766,2,9,0.01174934725848564,5917,5800,117,36,0.006206896551724138,13728,13655,73,16,0.001171731966312706,7286,7209,77,31,0.004300180330142877,2,2,0,1,0.5,231,231,0,3,0.012987012987012988,2745,2700,45,18,0.006666666666666667,4308,4276,32,9,0.002104770813844715,16323,16170,153,62,0.00383426097711812,4,4,0,1,0.25,596,594,2,9,0.015151515151515152,4921,4827,94,36,0.0074580484773151025,10802,10745,57,16,0.0014890646812470917,0,0,0,0,,0,0,0,0,,4096,4057,39,0,0.0,6208,6169,39,15,0.0024315124007132437,8192,8156,36,7,0.0008582638548307994,0.038461538461538464,0.8461538461538461,0.038461538461538464,26,0,2,0
1,0,company,project,exception,root125,0.125,0,False,results/bios-followup-v1/editing/world-1-seed-0-company/edits/project-exception-root125,93,0,0.0,3,0,0.0,90,0,0.0,93,0,0.0,3,0,0.0,90,0,0.0,96,0,0.0,45,0,0.0,96,0,0.0,48,0,0.0,48,0,0.0,19,0,0.0,26,0,0.0,48,0,0.0,48,0,0.0,19,0,0.0,26,0,0.0,20419,20227,192,0,0.0,6,6,0,0,0.0,768,766,2,0,0.0,5917,5800,117,0,0.0,13728,13655,73,0,0.0,7286,7209,77,0,0.0,2,2,0,0,0.0,231,231,0,0,0.0,2745,2700,45,0,0.0,4308,4276,32,0,0.0,16323,16170,153,0,0.0,4,4,0,0,0.0,596,594,2,0,0.0,4921,4827,94,0,0.0,10802,10745,57,0,0.0,0,0,0,0,,0,0,0,0,,4096,4057,39,0,0.0,6208,6169,39,0,0.0,8192,8156,36,0,0.0,0.0,0.0,1.0,26,0,0,0
1,0,company,project,exception,root125,0.125,32,False,results/bios-followup-v1/editing/world-1-seed-0-company/edits/project-exception-root125,93,23,0.24731182795698925,3,0,0.0,90,23,0.25555555555555554,93,23,0.24731182795698925,3,0,0.0,90,23,0.25555555555555554,96,5,0.052083333333333336,45,2,0.044444444444444446,96,5,0.052083333333333336,48,1,0.020833333333333332,48,4,0.08333333333333333,19,1,0.05263157894736842,26,1,0.038461538461538464,48,1,0.020833333333333332,48,4,0.08333333333333333,19,1,0.05263157894736842,26,1,0.038461538461538464,20419,20227,192,142,0.007020319375092698,6,6,0,0,0.0,768,766,2,12,0.015665796344647518,5917,5800,117,76,0.01310344827586207,13728,13655,73,54,0.003954595386305383,7286,7209,77,46,0.006380912747953946,2,2,0,0,0.0,231,231,0,1,0.004329004329004329,2745,2700,45,25,0.009259259259259259,4308,4276,32,20,0.004677268475210477,16323,16170,153,110,0.006802721088435374,4,4,0,0,0.0,596,594,2,10,0.016835016835016835,4921,4827,94,57,0.011808576755748913,10802,10745,57,43,0.004001861330851559,0,0,0,0,,0,0,0,0,,4096,4057,39,32,0.007887601676115356,6208,6169,39,28,0.004538823147998055,8192,8156,36,34,0.004168710152035311,0.038461538461538464,0.038461538461538464,0.6153846153846154,26,0,8,0
1,0,company,project,exception,root125,0.125,128,False,results/bios-followup-v1/editing/world-1-seed-0-company/edits/project-exception-root125,93,93,1.0,3,3,1.0,90,90,1.0,93,93,1.0,3,3,1.0,90,90,1.0,96,57,0.59375,45,9,0.2,96,57,0.59375,48,33,0.6875,48,24,0.5,19,4,0.21052631578947367,26,5,0.19230769230769232,48,33,0.6875,48,24,0.5,19,4,0.21052631578947367,26,5,0.19230769230769232,20419,20227,192,177,0.008750679784446531,6,6,0,1,0.16666666666666666,768,766,2,14,0.018276762402088774,5917,5800,117,80,0.013793103448275862,13728,13655,73,82,0.0060051263273526185,7286,7209,77,78,0.010819808572617561,2,2,0,1,0.5,231,231,0,4,0.017316017316017316,2745,2700,45,30,0.011111111111111112,4308,4276,32,43,0.010056127221702526,16323,16170,153,152,0.009400123685837971,4,4,0,1,0.25,596,594,2,14,0.02356902356902357,4921,4827,94,67,0.013880256888336441,10802,10745,57,70,0.006514657980456026,0,0,0,0,,0,0,0,0,,4096,4057,39,25,0.006162188809465122,6208,6169,39,79,0.012805965310423084,8192,8156,36,10,0.0012260912211868563,0.19230769230769232,0.6923076923076923,0.038461538461538464,26,0,2,0
1,0,company,project,exception,root125,0.125,512,False,results/bios-followup-v1/editing/world-1-seed-0-company/edits/project-exception-root125,93,93,1.0,3,3,1.0,90,90,1.0,93,93,1.0,3,3,1.0,90,90,1.0,96,50,0.5208333333333334,45,2,0.044444444444444446,96,50,0.5208333333333334,48,28,0.5833333333333334,48,22,0.4583333333333333,19,0,0.0,26,2,0.07692307692307693,48,28,0.5833333333333334,48,22,0.4583333333333333,19,0,0.0,26,2,0.07692307692307693,20419,20227,192,66,0.003262965343352944,6,6,0,1,0.16666666666666666,768,766,2,9,0.01174934725848564,5917,5800,117,40,0.006896551724137931,13728,13655,73,16,0.001171731966312706,7286,7209,77,32,0.004438895824663615,2,2,0,1,0.5,231,231,0,3,0.012987012987012988,2745,2700,45,20,0.007407407407407408,4308,4276,32,8,0.0018709073900841909,16323,16170,153,64,0.003957946815089672,4,4,0,1,0.25,596,594,2,9,0.015151515151515152,4921,4827,94,38,0.007872384503832609,10802,10745,57,16,0.0014890646812470917,0,0,0,0,,0,0,0,0,,4096,4057,39,2,0.0004929751047572097,6208,6169,39,15,0.0024315124007132437,8192,8156,36,7,0.0008582638548307994,0.07692307692307693,0.7692307692307693,0.038461538461538464,26,0,3,0
1,0,company,project,exception,root250,0.25,0,False,results/bios-followup-v1/editing/world-1-seed-0-company/edits/project-exception-root250,93,0,0.0,3,0,0.0,90,0,0.0,93,0,0.0,3,0,0.0,90,0,0.0,96,0,0.0,45,0,0.0,96,0,0.0,48,0,0.0,48,0,0.0,19,0,0.0,26,0,0.0,48,0,0.0,48,0,0.0,19,0,0.0,26,0,0.0,20419,20227,192,0,0.0,6,6,0,0,0.0,768,766,2,0,0.0,5917,5800,117,0,0.0,13728,13655,73,0,0.0,7286,7209,77,0,0.0,2,2,0,0,0.0,231,231,0,0,0.0,2745,2700,45,0,0.0,4308,4276,32,0,0.0,16323,16170,153,0,0.0,4,4,0,0,0.0,596,594,2,0,0.0,4921,4827,94,0,0.0,10802,10745,57,0,0.0,0,0,0,0,,0,0,0,0,,4096,4057,39,0,0.0,6208,6169,39,0,0.0,8192,8156,36,0,0.0,0.0,0.0,1.0,26,0,0,0
1,0,company,project,exception,root250,0.25,32,False,results/bios-followup-v1/editing/world-1-seed-0-company/edits/project-exception-root250,93,22,0.23655913978494625,3,0,0.0,90,22,0.24444444444444444,93,22,0.23655913978494625,3,0,0.0,90,22,0.24444444444444444,96,13,0.13541666666666666,45,4,0.08888888888888889,96,13,0.13541666666666666,48,6,0.125,48,7,0.14583333333333334,19,2,0.10526315789473684,26,2,0.07692307692307693,48,6,0.125,48,7,0.14583333333333334,19,2,0.10526315789473684,26,2,0.07692307692307693,20419,20227,192,160,0.007910219014188955,6,6,0,0,0.0,768,766,2,11,0.014360313315926894,5917,5800,117,84,0.014482758620689656,13728,13655,73,65,0.004760161113145368,7286,7209,77,51,0.0070744902205576365,2,2,0,0,0.0,231,231,0,2,0.008658008658008658,2745,2700,45,26,0.00962962962962963,4308,4276,32,23,0.005378858746492049,16323,16170,153,127,0.007854050711193569,4,4,0,0,0.0,596,594,2,10,0.016835016835016835,4921,4827,94,64,0.013258752848560183,10802,10745,57,53,0.004932526756630991,0,0,0,0,,0,0,0,0,,4096,4057,39,33,0.00813408922849396,6208,6169,39,37,0.005997730588426001,8192,8156,36,36,0.004413928396272682,0.07692307692307693,0.038461538461538464,0.5384615384615384,26,0,9,0
1,0,company,project,exception,root250,0.25,128,False,results/bios-followup-v1/editing/world-1-seed-0-company/edits/project-exception-root250,93,93,1.0,3,3,1.0,90,90,1.0,93,93,1.0,3,3,1.0,90,90,1.0,96,56,0.5833333333333334,45,9,0.2,96,56,0.5833333333333334,48,33,0.6875,48,23,0.4791666666666667,19,5,0.2631578947368421,26,4,0.15384615384615385,48,33,0.6875,48,23,0.4791666666666667,19,5,0.2631578947368421,26,4,0.15384615384615385,20419,20227,192,178,0.008800118653285213,6,6,0,1,0.16666666666666666,768,766,2,13,0.016971279373368148,5917,5800,117,83,0.014310344827586207,13728,13655,73,81,0.005931893079458074,7286,7209,77,85,0.011790817034262727,2,2,0,1,0.5,231,231,0,4,0.017316017316017316,2745,2700,45,32,0.011851851851851851,4308,4276,32,48,0.011225444340505144,16323,16170,153,156,0.009647495361781076,4,4,0,1,0.25,596,594,2,13,0.021885521885521887,4921,4827,94,71,0.014708928941371453,10802,10745,57,71,0.006607724523033969,0,0,0,0,,0,0,0,0,,4096,4057,39,22,0.005422726152329307,6208,6169,39,78,0.012643864483708868,8192,8156,36,10,0.0012260912211868563,0.15384615384615385,0.7307692307692307,0.038461538461538464,26,0,2,0
1,0,company,project,exception,root250,0.25,512,False,results/bios-followup-v1/editing/world-1-seed-0-company/edits/project-exception-root250,93,93,1.0,3,3,1.0,90,90,1.0,93,93,1.0,3,3,1.0,90,90,1.0,96,52,0.5416666666666666,45,4,0.08888888888888889,96,52,0.5416666666666666,48,30,0.625,48,22,0.4583333333333333,19,2,0.10526315789473684,26,2,0.07692307692307693,48,30,0.625,48,22,0.4583333333333333,19,2,0.10526315789473684,26,2,0.07692307692307693,20419,20227,192,66,0.003262965343352944,6,6,0,1,0.16666666666666666,768,766,2,7,0.009138381201044387,5917,5800,117,43,0.007413793103448276,13728,13655,73,15,0.0010984987184181618,7286,7209,77,32,0.004438895824663615,2,2,0,1,0.5,231,231,0,3,0.012987012987012988,2745,2700,45,20,0.007407407407407408,4308,4276,32,8,0.0018709073900841909,16323,16170,153,64,0.003957946815089672,4,4,0,1,0.25,596,594,2,7,0.011784511784511785,4921,4827,94,41,0.008493888543608866,10802,10745,57,15,0.0013959981386691485,0,0,0,0,,0,0,0,0,,4096,4057,39,2,0.0004929751047572097,6208,6169,39,15,0.0024315124007132437,8192,8156,36,6,0.0007356547327121138,0.07692307692307693,0.7692307692307693,0.038461538461538464,26,0,3,0
1,0,company,project,exception,root500,0.5,0,True,results/bios-mechanism-dev-v1/p1/width-256/world-1-seed-0-company/edits/project-class-balanced-exception,93,0,0.0,3,0,0.0,90,0,0.0,93,0,0.0,3,0,0.0,90,0,0.0,96,0,0.0,45,0,0.0,96,0,0.0,48,0,0.0,48,0,0.0,19,0,0.0,26,0,0.0,48,0,0.0,48,0,0.0,19,0,0.0,26,0,0.0,20419,20227,192,0,0.0,6,6,0,0,0.0,768,766,2,0,0.0,5917,5800,117,0,0.0,13728,13655,73,0,0.0,7286,7209,77,0,0.0,2,2,0,0,0.0,231,231,0,0,0.0,2745,2700,45,0,0.0,4308,4276,32,0,0.0,16323,16170,153,0,0.0,4,4,0,0,0.0,596,594,2,0,0.0,4921,4827,94,0,0.0,10802,10745,57,0,0.0,0,0,0,0,,0,0,0,0,,4096,4057,39,0,0.0,6208,6169,39,0,0.0,8192,8156,36,0,0.0,0.0,0.0,1.0,26,0,0,0
1,0,company,project,exception,root500,0.5,32,True,results/bios-mechanism-dev-v1/p1/width-256/world-1-seed-0-company/edits/project-class-balanced-exception,93,20,0.21505376344086022,3,1,0.3333333333333333,90,19,0.2111111111111111,93,20,0.21505376344086022,3,1,0.3333333333333333,90,19,0.2111111111111111,96,14,0.14583333333333334,45,5,0.1111111111111111,96,14,0.14583333333333334,48,9,0.1875,48,5,0.10416666666666667,19,3,0.15789473684210525,26,2,0.07692307692307693,48,9,0.1875,48,5,0.10416666666666667,19,3,0.15789473684210525,26,2,0.07692307692307693,20419,20227,192,200,0.009887773767736195,6,6,0,0,0.0,768,766,2,14,0.018276762402088774,5917,5800,117,106,0.018275862068965518,13728,13655,73,80,0.005858659831563529,7286,7209,77,71,0.009848800110972396,2,2,0,0,0.0,231,231,0,3,0.012987012987012988,2745,2700,45,36,0.013333333333333334,4308,4276,32,32,0.007483629560336763,16323,16170,153,156,0.009647495361781076,4,4,0,0,0.0,596,594,2,13,0.021885521885521887,4921,4827,94,79,0.016366273047441475,10802,10745,57,64,0.005956258724988367,0,0,0,0,,0,0,0,0,,4096,4057,39,44,0.010845452304658615,6208,6169,39,51,0.008267142162425028,8192,8156,36,40,0.004904364884747425,0.07692307692307693,0.038461538461538464,0.5769230769230769,26,0,8,0
1,0,company,project,exception,root500,0.5,128,True,results/bios-mechanism-dev-v1/p1/width-256/world-1-seed-0-company/edits/project-class-balanced-exception,93,93,1.0,3,3,1.0,90,90,1.0,93,93,1.0,3,3,1.0,90,90,1.0,96,58,0.6041666666666666,45,13,0.28888888888888886,96,58,0.6041666666666666,48,34,0.7083333333333334,48,24,0.5,19,8,0.42105263157894735,26,5,0.19230769230769232,48,34,0.7083333333333334,48,24,0.5,19,8,0.42105263157894735,26,5,0.19230769230769232,20419,20227,192,199,0.009838334898897513,6,6,0,1,0.16666666666666666,768,766,2,11,0.014360313315926894,5917,5800,117,95,0.016379310344827588,13728,13655,73,92,0.0067374588062980596,7286,7209,77,96,0.013316687473990845,2,2,0,1,0.5,231,231,0,4,0.017316017316017316,2745,2700,45,36,0.013333333333333334,4308,4276,32,55,0.012862488306828812,16323,16170,153,175,0.010822510822510822,4,4,0,1,0.25,596,594,2,11,0.018518518518518517,4921,4827,94,82,0.016987777087217732,10802,10745,57,81,0.0075383899488134015,0,0,0,0,,0,0,0,0,,4096,4057,39,24,0.005915701257086517,6208,6169,39,87,0.014102771924136812,8192,8156,36,12,0.0014713094654242277,0.19230769230769232,0.6923076923076923,0.038461538461538464,26,0,2,0
1,0,company,project,exception,root500,0.5,512,True,results/bios-mechanism-dev-v1/p1/width-256/world-1-seed-0-company/edits/project-class-balanced-exception,93,93,1.0,3,3,1.0,90,90,1.0,93,93,1.0,3,3,1.0,90,90,1.0,96,55,0.5729166666666666,45,6,0.13333333333333333,96,55,0.5729166666666666,48,32,0.6666666666666666,48,23,0.4791666666666667,19,3,0.15789473684210525,26,3,0.11538461538461539,48,32,0.6666666666666666,48,23,0.4791666666666667,19,3,0.15789473684210525,26,3,0.11538461538461539,20419,20227,192,72,0.00355959855638503,6,6,0,1,0.16666666666666666,768,766,2,7,0.009138381201044387,5917,5800,117,45,0.007758620689655172,13728,13655,73,19,0.0013914317099963382,7286,7209,77,35,0.004855042308225829,2,2,0,1,0.5,231,231,0,3,0.012987012987012988,2745,2700,45,21,0.0077777777777777776,4308,4276,32,10,0.0023386342376052385,16323,16170,153,71,0.004390847247990105,4,4,0,1,0.25,596,594,2,7,0.011784511784511785,4921,4827,94,44,0.009115392583385125,10802,10745,57,19,0.0017682643089809214,0,0,0,0,,0,0,0,0,,4096,4057,39,1,0.00024648755237860487,6208,6169,39,18,0.0029178148808558925,8192,8156,36,7,0.0008582638548307994,0.11538461538461539,0.7692307692307693,0.0,26,0,3,0
1,0,project,company,coherent,uniform,0.03225806451612903,0,True,results/bios-cross-scale-dev-v1/width-256/world-1-seed-0-project/edits/company-coherent-mlp,93,0,0.0,3,0,0.0,90,0,0.0,93,0,0.0,3,0,0.0,90,0,0.0,96,0,0.0,45,0,0.0,96,0,0.0,48,0,0.0,48,0,0.0,26,0,0.0,19,0,0.0,48,0,0.0,48,0,0.0,26,0,0.0,19,0,0.0,20419,20237,182,0,0.0,6,6,0,0,0.0,768,760,8,0,0.0,5917,5859,58,0,0.0,13728,13612,116,0,0.0,7286,7183,103,0,0.0,2,2,0,0,0.0,231,226,5,0,0.0,2745,2695,50,0,0.0,4308,4260,48,0,0.0,16323,16167,156,0,0.0,6,6,0,0,0.0,625,617,8,0,0.0,4876,4822,54,0,0.0,10816,10722,94,0,0.0,0,0,0,0,,0,0,0,0,,4096,4070,26,0,0.0,6208,6144,64,0,0.0,8192,8132,60,0,0.0,0.0,0.0,1.0,19,0,0,0
1,0,project,company,coherent,uniform,0.03225806451612903,32,True,results/bios-cross-scale-dev-v1/width-256/world-1-seed-0-project/edits/company-coherent-mlp,93,55,0.5913978494623656,3,0,0.0,90,55,0.6111111111111112,93,55,0.5913978494623656,3,0,0.0,90,55,0.6111111111111112,96,12,0.125,45,7,0.15555555555555556,96,12,0.125,48,7,0.14583333333333334,48,5,0.10416666666666667,26,5,0.19230769230769232,19,2,0.10526315789473684,48,7,0.14583333333333334,48,5,0.10416666666666667,26,5,0.19230769230769232,19,2,0.10526315789473684,20419,20237,182,180,0.008894599001828334,6,6,0,0,0.0,768,760,8,7,0.009210526315789473,5917,5859,58,30,0.005120327700972862,13728,13612,116,143,0.010505436379665,7286,7183,103,51,0.007100097452317973,2,2,0,0,0.0,231,226,5,3,0.01327433628318584,2745,2695,50,14,0.005194805194805195,4308,4260,48,34,0.007981220657276996,16323,16167,156,130,0.008041071318117153,6,6,0,0,0.0,625,617,8,6,0.009724473257698542,4876,4822,54,24,0.004977187888842804,10816,10722,94,100,0.009326618168252192,0,0,0,0,,0,0,0,0,,4096,4070,26,50,0.012285012285012284,6208,6144,64,122,0.019856770833333332,8192,8132,60,28,0.003443187407771766,0.10526315789473684,0.0,0.21052631578947367,19,0,13,0
1,0,project,company,coherent,uniform,0.03225806451612903,128,True,results/bios-cross-scale-dev-v1/width-256/world-1-seed-0-project/edits/company-coherent-mlp,93,93,1.0,3,3,1.0,90,90,1.0,93,93,1.0,3,3,1.0,90,90,1.0,96,95,0.9895833333333334,45,45,1.0,96,95,0.9895833333333334,48,48,1.0,48,47,0.9791666666666666,26,26,1.0,19,19,1.0,48,48,1.0,48,47,0.9791666666666666,26,26,1.0,19,19,1.0,20419,20237,182,113,0.005583831595592232,6,6,0,0,0.0,768,760,8,9,0.011842105263157895,5917,5859,58,18,0.0030721966205837174,13728,13612,116,86,0.006317954745812518,7286,7183,103,70,0.009745231797299178,2,2,0,0,0.0,231,226,5,5,0.022123893805309734,2745,2695,50,13,0.004823747680890538,4308,4260,48,52,0.012206572769953052,16323,16167,156,107,0.006618420238757964,6,6,0,0,0.0,625,617,8,9,0.014586709886547812,4876,4822,54,17,0.0035255080879303194,10816,10722,94,81,0.007554560716284275,0,0,0,0,,0,0,0,0,,4096,4070,26,6,0.0014742014742014742,6208,6144,64,83,0.013509114583333334,8192,8132,60,12,0.0014756517461878996,1.0,0.0,0.0,19,0,0,0
1,0,project,company,coherent,uniform,0.03225806451612903,512,True,results/bios-cross-scale-dev-v1/width-256/world-1-seed-0-project/edits/company-coherent-mlp,93,93,1.0,3,3,1.0,90,90,1.0,93,93,1.0,3,3,1.0,90,90,1.0,96,95,0.9895833333333334,45,45,1.0,96,95,0.9895833333333334,48,48,1.0,48,47,0.9791666666666666,26,26,1.0,19,19,1.0,48,48,1.0,48,47,0.9791666666666666,26,26,1.0,19,19,1.0,20419,20237,182,67,0.003310767406236102,6,6,0,1,0.16666666666666666,768,760,8,4,0.005263157894736842,5917,5859,58,11,0.0018774534903567162,13728,13612,116,51,0.0037466940934469586,7286,7183,103,44,0.006125574272588055,2,2,0,1,0.5,231,226,5,3,0.01327433628318584,2745,2695,50,9,0.003339517625231911,4308,4260,48,31,0.00727699530516432,16323,16167,156,65,0.004020535659058576,6,6,0,1,0.16666666666666666,625,617,8,4,0.006482982171799027,4876,4822,54,11,0.0022812111157196184,10816,10722,94,49,0.004570042902443574,0,0,0,0,,0,0,0,0,,4096,4070,26,2,0.0004914004914004914,6208,6144,64,49,0.007975260416666666,8192,8132,60,6,0.0007378258730939498,1.0,0.0,0.0,19,0,0,0
1,0,project,company,coherent,root125,0.125,0,False,results/bios-followup-v1/editing/world-1-seed-0-project/edits/company-coherent-root125,93,0,0.0,3,0,0.0,90,0,0.0,93,0,0.0,3,0,0.0,90,0,0.0,96,0,0.0,45,0,0.0,96,0,0.0,48,0,0.0,48,0,0.0,26,0,0.0,19,0,0.0,48,0,0.0,48,0,0.0,26,0,0.0,19,0,0.0,20419,20237,182,0,0.0,6,6,0,0,0.0,768,760,8,0,0.0,5917,5859,58,0,0.0,13728,13612,116,0,0.0,7286,7183,103,0,0.0,2,2,0,0,0.0,231,226,5,0,0.0,2745,2695,50,0,0.0,4308,4260,48,0,0.0,16323,16167,156,0,0.0,6,6,0,0,0.0,625,617,8,0,0.0,4876,4822,54,0,0.0,10816,10722,94,0,0.0,0,0,0,0,,0,0,0,0,,4096,4070,26,0,0.0,6208,6144,64,0,0.0,8192,8132,60,0,0.0,0.0,0.0,1.0,19,0,0,0
1,0,project,company,coherent,root125,0.125,32,False,results/bios-followup-v1/editing/world-1-seed-0-project/edits/company-coherent-root125,93,49,0.5268817204301075,3,0,0.0,90,49,0.5444444444444444,93,49,0.5268817204301075,3,0,0.0,90,49,0.5444444444444444,96,7,0.07291666666666667,45,3,0.06666666666666667,96,7,0.07291666666666667,48,4,0.08333333333333333,48,3,0.0625,26,2,0.07692307692307693,19,1,0.05263157894736842,48,4,0.08333333333333333,48,3,0.0625,26,2,0.07692307692307693,19,1,0.05263157894736842,20419,20237,182,156,0.007708652468251223,6,6,0,0,0.0,768,760,8,6,0.007894736842105263,5917,5859,58,31,0.005291005291005291,13728,13612,116,119,0.008742286218042903,7286,7183,103,47,0.006543227063900877,2,2,0,0,0.0,231,226,5,2,0.008849557522123894,2745,2695,50,16,0.005936920222634508,4308,4260,48,29,0.006807511737089202,16323,16167,156,115,0.007113255396795942,6,6,0,0,0.0,625,617,8,5,0.008103727714748784,4876,4822,54,26,0.005391953546246371,10816,10722,94,84,0.00783435926133184,0,0,0,0,,0,0,0,0,,4096,4070,26,41,0.010073710073710074,6208,6144,64,97,0.015787760416666668,8192,8132,60,28,0.003443187407771766,0.05263157894736842,0.0,0.3157894736842105,19,0,12,0
1,0,project,company,coherent,root125,0.125,128,False,results/bios-followup-v1/editing/world-1-seed-0-project/edits/company-coherent-root125,93,93,1.0,3,3,1.0,90,90,1.0,93,93,1.0,3,3,1.0,90,90,1.0,96,95,0.9895833333333334,45,45,1.0,96,95,0.9895833333333334,48,48,1.0,48,47,0.9791666666666666,26,26,1.0,19,19,1.0,48,48,1.0,48,47,0.9791666666666666,26,26,1.0,19,19,1.0,20419,20237,182,128,0.006325048179077927,6,6,0,0,0.0,768,760,8,9,0.011842105263157895,5917,5859,58,23,0.003925584570745861,13728,13612,116,96,0.007052600646488392,7286,7183,103,82,0.011415842962550467,2,2,0,0,0.0,231,226,5,5,0.022123893805309734,2745,2695,50,18,0.006679035250463822,4308,4260,48,59,0.013849765258215962,16323,16167,156,122,0.0075462361600791734,6,6,0,0,0.0,625,617,8,9,0.014586709886547812,4876,4822,54,22,0.004562422231439237,10816,10722,94,91,0.008487222533109495,0,0,0,0,,0,0,0,0,,4096,4070,26,6,0.0014742014742014742,6208,6144,64,94,0.015299479166666666,8192,8132,60,11,0.0013526807673389081,1.0,0.0,0.0,19,0,0,0
1,0,project,company,coherent,root125,0.125,512,False,results/bios-followup-v1/editing/world-1-seed-0-project/edits/company-coherent-root125,93,93,1.0,3,3,1.0,90,90,1.0,93,93,1.0,3,3,1.0,90,90,1.0,96,95,0.9895833333333334,45,45,1.0,96,95,0.9895833333333334,48,48,1.0,48,47,0.9791666666666666,26,26,1.0,19,19,1.0,48,48,1.0,48,47,0.9791666666666666,26,26,1.0,19,19,1.0,20419,20237,182,74,0.0036566684785294262,6,6,0,1,0.16666666666666666,768,760,8,4,0.005263157894736842,5917,5859,58,12,0.002048131080389145,13728,13612,116,57,0.004187481633852483,7286,7183,103,50,0.006960879855213699,2,2,0,1,0.5,231,226,5,3,0.01327433628318584,2745,2695,50,10,0.0037105751391465678,4308,4260,48,36,0.008450704225352112,16323,16167,156,72,0.004453516422341808,6,6,0,1,0.16666666666666666,625,617,8,4,0.006482982171799027,4876,4822,54,12,0.002488593944421402,10816,10722,94,55,0.005129639992538706,0,0,0,0,,0,0,0,0,,4096,4070,26,2,0.0004914004914004914,6208,6144,64,55,0.008951822916666666,8192,8132,60,6,0.0007378258730939498,1.0,0.0,0.0,19,0,0,0
1,0,project,company,coherent,root250,0.25,0,False,results/bios-followup-v1/editing/world-1-seed-0-project/edits/company-coherent-root250,93,0,0.0,3,0,0.0,90,0,0.0,93,0,0.0,3,0,0.0,90,0,0.0,96,0,0.0,45,0,0.0,96,0,0.0,48,0,0.0,48,0,0.0,26,0,0.0,19,0,0.0,48,0,0.0,48,0,0.0,26,0,0.0,19,0,0.0,20419,20237,182,0,0.0,6,6,0,0,0.0,768,760,8,0,0.0,5917,5859,58,0,0.0,13728,13612,116,0,0.0,7286,7183,103,0,0.0,2,2,0,0,0.0,231,226,5,0,0.0,2745,2695,50,0,0.0,4308,4260,48,0,0.0,16323,16167,156,0,0.0,6,6,0,0,0.0,625,617,8,0,0.0,4876,4822,54,0,0.0,10816,10722,94,0,0.0,0,0,0,0,,0,0,0,0,,4096,4070,26,0,0.0,6208,6144,64,0,0.0,8192,8132,60,0,0.0,0.0,0.0,1.0,19,0,0,0
1,0,project,company,coherent,root250,0.25,32,False,results/bios-followup-v1/editing/world-1-seed-0-project/edits/company-coherent-root250,93,38,0.40860215053763443,3,0,0.0,90,38,0.4222222222222222,93,38,0.40860215053763443,3,0,0.0,90,38,0.4222222222222222,96,4,0.041666666666666664,45,1,0.022222222222222223,96,4,0.041666666666666664,48,2,0.041666666666666664,48,2,0.041666666666666664,26,1,0.038461538461538464,19,0,0.0,48,2,0.041666666666666664,48,2,0.041666666666666664,26,1,0.038461538461538464,19,0,0.0,20419,20237,182,125,0.006176804862380788,6,6,0,0,0.0,768,760,8,6,0.007894736842105263,5917,5859,58,26,0.004437617340843148,13728,13612,116,93,0.00683220687628563,7286,7183,103,41,0.0057079214812752336,2,2,0,0,0.0,231,226,5,2,0.008849557522123894,2745,2695,50,14,0.005194805194805195,4308,4260,48,25,0.005868544600938967,16323,16167,156,99,0.006123585080719985,6,6,0,0,0.0,625,617,8,5,0.008103727714748784,4876,4822,54,23,0.00476980506014102,10816,10722,94,71,0.006621898899459056,0,0,0,0,,0,0,0,0,,4096,4070,26,26,0.0063882063882063885,6208,6144,64,73,0.011881510416666666,8192,8132,60,26,0.0031972454500737825,0.0,0.0,0.3684210526315789,19,0,12,0
1,0,project,company,coherent,root250,0.25,128,False,results/bios-followup-v1/editing/world-1-seed-0-project/edits/company-coherent-root250,93,93,1.0,3,3,1.0,90,90,1.0,93,93,1.0,3,3,1.0,90,90,1.0,96,95,0.9895833333333334,45,45,1.0,96,95,0.9895833333333334,48,48,1.0,48,47,0.9791666666666666,26,26,1.0,19,19,1.0,48,48,1.0,48,47,0.9791666666666666,26,26,1.0,19,19,1.0,20419,20237,182,142,0.007016850323664575,6,6,0,0,0.0,768,760,8,8,0.010526315789473684,5917,5859,58,28,0.0047789725209080045,13728,13612,116,106,0.007787246547164266,7286,7183,103,94,0.013086454127801754,2,2,0,0,0.0,231,226,5,5,0.022123893805309734,2745,2695,50,23,0.008534322820037106,4308,4260,48,66,0.015492957746478873,16323,16167,156,136,0.008412197686645636,6,6,0,0,0.0,625,617,8,8,0.012965964343598054,4876,4822,54,27,0.005599336374948154,10816,10722,94,101,0.009419884349934713,0,0,0,0,,0,0,0,0,,4096,4070,26,6,0.0014742014742014742,6208,6144,64,101,0.016438802083333332,8192,8132,60,13,0.0015986227250368913,1.0,0.0,0.0,19,0,0,0
1,0,project,company,coherent,root250,0.25,512,False,results/bios-followup-v1/editing/world-1-seed-0-project/edits/company-coherent-root250,93,93,1.0,3,3,1.0,90,90,1.0,93,93,1.0,3,3,1.0,90,90,1.0,96,95,0.9895833333333334,45,45,1.0,96,95,0.9895833333333334,48,48,1.0,48,47,0.9791666666666666,26,26,1.0,19,19,1.0,48,48,1.0,48,47,0.9791666666666666,26,26,1.0,19,19,1.0,20419,20237,182,79,0.003903740673024658,6,6,0,1,0.16666666666666666,768,760,8,4,0.005263157894736842,5917,5859,58,14,0.0023894862604540022,13728,13612,116,60,0.004407875404055245,7286,7183,103,55,0.007656967840735069,2,2,0,1,0.5,231,226,5,3,0.01327433628318584,2745,2695,50,12,0.0044526901669758815,4308,4260,48,39,0.009154929577464789,16323,16167,156,77,0.004762788396115544,6,6,0,1,0.16666666666666666,625,617,8,4,0.006482982171799027,4876,4822,54,14,0.002903359601824969,10816,10722,94,58,0.005409438537586271,0,0,0,0,,0,0,0,0,,4096,4070,26,2,0.0004914004914004914,6208,6144,64,57,0.00927734375,8192,8132,60,7,0.0008607968519429415,1.0,0.0,0.0,19,0,0,0
1,0,project,company,coherent,root500,0.5,0,False,results/bios-followup-v1/editing/world-1-seed-0-project/edits/company-coherent-root500,93,0,0.0,3,0,0.0,90,0,0.0,93,0,0.0,3,0,0.0,90,0,0.0,96,0,0.0,45,0,0.0,96,0,0.0,48,0,0.0,48,0,0.0,26,0,0.0,19,0,0.0,48,0,0.0,48,0,0.0,26,0,0.0,19,0,0.0,20419,20237,182,0,0.0,6,6,0,0,0.0,768,760,8,0,0.0,5917,5859,58,0,0.0,13728,13612,116,0,0.0,7286,7183,103,0,0.0,2,2,0,0,0.0,231,226,5,0,0.0,2745,2695,50,0,0.0,4308,4260,48,0,0.0,16323,16167,156,0,0.0,6,6,0,0,0.0,625,617,8,0,0.0,4876,4822,54,0,0.0,10816,10722,94,0,0.0,0,0,0,0,,0,0,0,0,,4096,4070,26,0,0.0,6208,6144,64,0,0.0,8192,8132,60,0,0.0,0.0,0.0,1.0,19,0,0,0
1,0,project,company,coherent,root500,0.5,32,False,results/bios-followup-v1/editing/world-1-seed-0-project/edits/company-coherent-root500,93,8,0.08602150537634409,3,0,0.0,90,8,0.08888888888888889,93,8,0.08602150537634409,3,0,0.0,90,8,0.08888888888888889,96,0,0.0,45,0,0.0,96,0,0.0,48,0,0.0,48,0,0.0,26,0,0.0,19,0,0.0,48,0,0.0,48,0,0.0,26,0,0.0,19,0,0.0,20419,20237,182,75,0.0037060829174284725,6,6,0,0,0.0,768,760,8,2,0.002631578947368421,5917,5859,58,20,0.0034135518006485747,13728,13612,116,53,0.003893623273582133,7286,7183,103,30,0.004176527913128219,2,2,0,0,0.0,231,226,5,1,0.004424778761061947,2745,2695,50,13,0.004823747680890538,4308,4260,48,16,0.003755868544600939,16323,16167,156,66,0.0040823900538133236,6,6,0,0,0.0,625,617,8,2,0.0032414910858995136,4876,4822,54,18,0.0037328909166321027,10816,10722,94,46,0.004290244357396008,0,0,0,0,,0,0,0,0,,4096,4070,26,9,0.0022113022113022115,6208,6144,64,28,0.004557291666666667,8192,8132,60,27,0.0033202164289227744,0.0,0.0,0.6842105263157895,19,0,6,0
1,0,project,company,coherent,root500,0.5,128,False,results/bios-followup-v1/editing/world-1-seed-0-project/edits/company-coherent-root500,93,93,1.0,3,3,1.0,90,90,1.0,93,93,1.0,3,3,1.0,90,90,1.0,96,95,0.9895833333333334,45,45,1.0,96,95,0.9895833333333334,48,48,1.0,48,47,0.9791666666666666,26,26,1.0,19,19,1.0,48,48,1.0,48,47,0.9791666666666666,26,26,1.0,19,19,1.0,20419,20237,182,154,0.007609823590453131,6,6,0,0,0.0,768,760,8,7,0.009210526315789473,5917,5859,58,39,0.006656426011264721,13728,13612,116,108,0.007934175727299441,7286,7183,103,104,0.014478630098844494,2,2,0,0,0.0,231,226,5,4,0.017699115044247787,2745,2695,50,31,0.01150278293135436,4308,4260,48,69,0.01619718309859155,16323,16167,156,148,0.009154450423702604,6,6,0,0,0.0,625,617,8,7,0.011345218800648298,4876,4822,54,36,0.007465781833264205,10816,10722,94,105,0.009792949076664802,0,0,0,0,,0,0,0,0,,4096,4070,26,6,0.0014742014742014742,6208,6144,64,102,0.0166015625,8192,8132,60,13,0.0015986227250368913,1.0,0.0,0.0,19,0,0,0
1,0,project,company,coherent,root500,0.5,512,False,results/bios-followup-v1/editing/world-1-seed-0-project/edits/company-coherent-root500,93,93,1.0,3,3,1.0,90,90,1.0,93,93,1.0,3,3,1.0,90,90,1.0,96,95,0.9895833333333334,45,45,1.0,96,95,0.9895833333333334,48,48,1.0,48,47,0.9791666666666666,26,26,1.0,19,19,1.0,48,48,1.0,48,47,0.9791666666666666,26,26,1.0,19,19,1.0,20419,20237,182,87,0.004299056184217028,6,6,0,1,0.16666666666666666,768,760,8,3,0.003947368421052632,5917,5859,58,18,0.0030721966205837174,13728,13612,116,65,0.004775198354393183,7286,7183,103,62,0.008631491020464987,2,2,0,1,0.5,231,226,5,3,0.01327433628318584,2745,2695,50,16,0.005936920222634508,4308,4260,48,42,0.009859154929577466,16323,16167,156,85,0.005257623554153523,6,6,0,1,0.16666666666666666,625,617,8,3,0.004862236628849271,4876,4822,54,18,0.0037328909166321027,10816,10722,94,63,0.0058757694459988805,0,0,0,0,,0,0,0,0,,4096,4070,26,2,0.0004914004914004914,6208,6144,64,60,0.009765625,8192,8132,60,8,0.000983767830791933,1.0,0.0,0.0,19,0,0,0
1,0,project,company,exception,uniform,0.03225806451612903,0,True,results/bios-cross-scale-dev-v1/width-256/world-1-seed-0-project/edits/company-exception-mlp,93,0,0.0,3,0,0.0,90,0,0.0,93,0,0.0,3,0,0.0,90,0,0.0,96,0,0.0,45,0,0.0,96,0,0.0,48,0,0.0,48,0,0.0,26,0,0.0,19,0,0.0,48,0,0.0,48,0,0.0,26,0,0.0,19,0,0.0,20419,20237,182,0,0.0,6,6,0,0,0.0,768,760,8,0,0.0,5917,5859,58,0,0.0,13728,13612,116,0,0.0,7286,7183,103,0,0.0,2,2,0,0,0.0,231,226,5,0,0.0,2745,2695,50,0,0.0,4308,4260,48,0,0.0,16323,16167,156,0,0.0,6,6,0,0,0.0,625,617,8,0,0.0,4876,4822,54,0,0.0,10816,10722,94,0,0.0,0,0,0,0,,0,0,0,0,,4096,4070,26,0,0.0,6208,6144,64,0,0.0,8192,8132,60,0,0.0,0.0,0.0,1.0,19,0,0,0
1,0,project,company,exception,uniform,0.03225806451612903,32,True,results/bios-cross-scale-dev-v1/width-256/world-1-seed-0-project/edits/company-exception-mlp,93,7,0.07526881720430108,3,0,0.0,90,7,0.07777777777777778,93,7,0.07526881720430108,3,0,0.0,90,7,0.07777777777777778,96,0,0.0,45,0,0.0,96,0,0.0,48,0,0.0,48,0,0.0,26,0,0.0,19,0,0.0,48,0,0.0,48,0,0.0,26,0,0.0,19,0,0.0,20419,20237,182,137,0.006769778129169343,6,6,0,0,0.0,768,760,8,8,0.010526315789473684,5917,5859,58,24,0.00409626216077829,13728,13612,116,105,0.007713781957096679,7286,7183,103,36,0.005011833495753864,2,2,0,0,0.0,231,226,5,3,0.01327433628318584,2745,2695,50,11,0.004081632653061225,4308,4260,48,22,0.005164319248826291,16323,16167,156,104,0.006432857054493722,6,6,0,0,0.0,625,617,8,7,0.011345218800648298,4876,4822,54,20,0.00414765657403567,10816,10722,94,77,0.007181495989554187,0,0,0,0,,0,0,0,0,,4096,4070,26,33,0.008108108108108109,6208,6144,64,84,0.013671875,8192,8132,60,29,0.0035661583866207574,0.0,0.05263157894736842,0.3157894736842105,19,0,12,0
1,0,project,company,exception,uniform,0.03225806451612903,128,True,results/bios-cross-scale-dev-v1/width-256/world-1-seed-0-project/edits/company-exception-mlp,93,93,1.0,3,3,1.0,90,90,1.0,93,93,1.0,3,3,1.0,90,90,1.0,96,54,0.5625,45,16,0.35555555555555557,96,54,0.5625,48,25,0.5208333333333334,48,29,0.6041666666666666,26,9,0.34615384615384615,19,7,0.3684210526315789,48,25,0.5208333333333334,48,29,0.6041666666666666,26,9,0.34615384615384615,19,7,0.3684210526315789,20419,20237,182,154,0.007609823590453131,6,6,0,0,0.0,768,760,8,13,0.017105263157894738,5917,5859,58,51,0.008704557091653867,13728,13612,116,90,0.006611813106082868,7286,7183,103,88,0.01225114854517611,2,2,0,0,0.0,231,226,5,5,0.022123893805309734,2745,2695,50,37,0.013729128014842301,4308,4260,48,46,0.0107981220657277,16323,16167,156,139,0.008597760870909878,6,6,0,0,0.0,625,617,8,11,0.017828200972447326,4876,4822,54,45,0.009332227291580257,10816,10722,94,83,0.007741093079649319,0,0,0,0,,0,0,0,0,,4096,4070,26,15,0.0036855036855036856,6208,6144,64,80,0.013020833333333334,8192,8132,60,17,0.002090506640432858,0.3684210526315789,0.631578947368421,0.0,19,0,0,0
1,0,project,company,exception,uniform,0.03225806451612903,512,True,results/bios-cross-scale-dev-v1/width-256/world-1-seed-0-project/edits/company-exception-mlp,93,93,1.0,3,3,1.0,90,90,1.0,93,93,1.0,3,3,1.0,90,90,1.0,96,52,0.5416666666666666,45,14,0.3111111111111111,96,52,0.5416666666666666,48,25,0.5208333333333334,48,27,0.5625,26,9,0.34615384615384615,19,5,0.2631578947368421,48,25,0.5208333333333334,48,27,0.5625,26,9,0.34615384615384615,19,5,0.2631578947368421,20419,20237,182,55,0.0027177941394475468,6,6,0,0,0.0,768,760,8,4,0.005263157894736842,5917,5859,58,9,0.0015360983102918587,13728,13612,116,42,0.003085512782838672,7286,7183,103,28,0.0038980927189196713,2,2,0,0,0.0,231,226,5,1,0.004424778761061947,2745,2695,50,9,0.003339517625231911,4308,4260,48,18,0.004225352112676056,16323,16167,156,53,0.0032782829220016083,6,6,0,0,0.0,625,617,8,4,0.006482982171799027,4876,4822,54,9,0.0018664454583160513,10816,10722,94,40,0.003730647267300877,0,0,0,0,,0,0,0,0,,4096,4070,26,2,0.0004914004914004914,6208,6144,64,33,0.00537109375,8192,8132,60,11,0.0013526807673389081,0.2631578947368421,0.5263157894736842,0.0,19,0,4,0
1,0,project,company,exception,root125,0.125,0,False,results/bios-followup-v1/editing/world-1-seed-0-project/edits/company-exception-root125,93,0,0.0,3,0,0.0,90,0,0.0,93,0,0.0,3,0,0.0,90,0,0.0,96,0,0.0,45,0,0.0,96,0,0.0,48,0,0.0,48,0,0.0,26,0,0.0,19,0,0.0,48,0,0.0,48,0,0.0,26,0,0.0,19,0,0.0,20419,20237,182,0,0.0,6,6,0,0,0.0,768,760,8,0,0.0,5917,5859,58,0,0.0,13728,13612,116,0,0.0,7286,7183,103,0,0.0,2,2,0,0,0.0,231,226,5,0,0.0,2745,2695,50,0,0.0,4308,4260,48,0,0.0,16323,16167,156,0,0.0,6,6,0,0,0.0,625,617,8,0,0.0,4876,4822,54,0,0.0,10816,10722,94,0,0.0,0,0,0,0,,0,0,0,0,,4096,4070,26,0,0.0,6208,6144,64,0,0.0,8192,8132,60,0,0.0,0.0,0.0,1.0,19,0,0,0
1,0,project,company,exception,root125,0.125,32,False,results/bios-followup-v1/editing/world-1-seed-0-project/edits/company-exception-root125,93,4,0.043010752688172046,3,0,0.0,90,4,0.044444444444444446,93,4,0.043010752688172046,3,0,0.0,90,4,0.044444444444444446,96,0,0.0,45,0,0.0,96,0,0.0,48,0,0.0,48,0,0.0,26,0,0.0,19,0,0.0,48,0,0.0,48,0,0.0,26,0,0.0,19,0,0.0,20419,20237,182,123,0.006077975984582695,6,6,0,0,0.0,768,760,8,8,0.010526315789473684,5917,5859,58,20,0.0034135518006485747,13728,13612,116,95,0.006979136056420805,7286,7183,103,34,0.004733398301545315,2,2,0,0,0.0,231,226,5,3,0.01327433628318584,2745,2695,50,9,0.003339517625231911,4308,4260,48,22,0.005164319248826291,16323,16167,156,96,0.005938021896455743,6,6,0,0,0.0,625,617,8,7,0.011345218800648298,4876,4822,54,17,0.0035255080879303194,10816,10722,94,72,0.006715165081141578,0,0,0,0,,0,0,0,0,,4096,4070,26,27,0.006633906633906634,6208,6144,64,72,0.01171875,8192,8132,60,31,0.0038121003443187407,0.0,0.05263157894736842,0.3157894736842105,19,0,12,0
1,0,project,company,exception,root125,0.125,128,False,results/bios-followup-v1/editing/world-1-seed-0-project/edits/company-exception-root125,93,93,1.0,3,3,1.0,90,90,1.0,93,93,1.0,3,3,1.0,90,90,1.0,96,58,0.6041666666666666,45,19,0.4222222222222222,96,58,0.6041666666666666,48,26,0.5416666666666666,48,32,0.6666666666666666,26,11,0.4230769230769231,19,8,0.42105263157894735,48,26,0.5416666666666666,48,32,0.6666666666666666,26,11,0.4230769230769231,19,8,0.42105263157894735,20419,20237,182,173,0.00854869792953501,6,6,0,1,0.16666666666666666,768,760,8,13,0.017105263157894738,5917,5859,58,59,0.010069977811913296,13728,13612,116,100,0.0073464590067587425,7286,7183,103,107,0.014896282890157316,2,2,0,1,0.5,231,226,5,5,0.022123893805309734,2745,2695,50,45,0.016697588126159554,4308,4260,48,56,0.013145539906103286,16323,16167,156,159,0.009834848766004824,6,6,0,1,0.16666666666666666,625,617,8,11,0.017828200972447326,4876,4822,54,53,0.010991289921194525,10816,10722,94,94,0.00876702107815706,0,0,0,0,,0,0,0,0,,4096,4070,26,14,0.0034398034398034397,6208,6144,64,90,0.0146484375,8192,8132,60,17,0.002090506640432858,0.42105263157894735,0.5789473684210527,0.0,19,0,0,0
1,0,project,company,exception,root125,0.125,512,False,results/bios-followup-v1/editing/world-1-seed-0-project/edits/company-exception-root125,93,93,1.0,3,3,1.0,90,90,1.0,93,93,1.0,3,3,1.0,90,90,1.0,96,56,0.5833333333333334,45,16,0.35555555555555557,96,56,0.5833333333333334,48,26,0.5416666666666666,48,30,0.625,26,9,0.34615384615384615,19,7,0.3684210526315789,48,26,0.5416666666666666,48,30,0.625,26,9,0.34615384615384615,19,7,0.3684210526315789,20419,20237,182,56,0.002767208578346593,6,6,0,0,0.0,768,760,8,5,0.006578947368421052,5917,5859,58,10,0.0017067759003242873,13728,13612,116,41,0.0030120481927710845,7286,7183,103,30,0.004176527913128219,2,2,0,0,0.0,231,226,5,2,0.008849557522123894,2745,2695,50,10,0.0037105751391465678,4308,4260,48,18,0.004225352112676056,16323,16167,156,54,0.0033401373167563555,6,6,0,0,0.0,625,617,8,5,0.008103727714748784,4876,4822,54,10,0.002073828287017835,10816,10722,94,39,0.0036373810856183547,0,0,0,0,,0,0,0,0,,4096,4070,26,2,0.0004914004914004914,6208,6144,64,34,0.005533854166666667,8192,8132,60,10,0.0012297097884899164,0.3684210526315789,0.5263157894736842,0.0,19,0,2,0
1,0,project,company,exception,root250,0.25,0,False,results/bios-followup-v1/editing/world-1-seed-0-project/edits/company-exception-root250,93,0,0.0,3,0,0.0,90,0,0.0,93,0,0.0,3,0,0.0,90,0,0.0,96,0,0.0,45,0,0.0,96,0,0.0,48,0,0.0,48,0,0.0,26,0,0.0,19,0,0.0,48,0,0.0,48,0,0.0,26,0,0.0,19,0,0.0,20419,20237,182,0,0.0,6,6,0,0,0.0,768,760,8,0,0.0,5917,5859,58,0,0.0,13728,13612,116,0,0.0,7286,7183,103,0,0.0,2,2,0,0,0.0,231,226,5,0,0.0,2745,2695,50,0,0.0,4308,4260,48,0,0.0,16323,16167,156,0,0.0,6,6,0,0,0.0,625,617,8,0,0.0,4876,4822,54,0,0.0,10816,10722,94,0,0.0,0,0,0,0,,0,0,0,0,,4096,4070,26,0,0.0,6208,6144,64,0,0.0,8192,8132,60,0,0.0,0.0,0.0,1.0,19,0,0,0
1,0,project,company,exception,root250,0.25,32,False,results/bios-followup-v1/editing/world-1-seed-0-project/edits/company-exception-root250,93,4,0.043010752688172046,3,0,0.0,90,4,0.044444444444444446,93,4,0.043010752688172046,3,0,0.0,90,4,0.044444444444444446,96,0,0.0,45,0,0.0,96,0,0.0,48,0,0.0,48,0,0.0,26,0,0.0,19,0,0.0,48,0,0.0,48,0,0.0,26,0,0.0,19,0,0.0,20419,20237,182,103,0.005089687206601769,6,6,0,0,0.0,768,760,8,7,0.009210526315789473,5917,5859,58,20,0.0034135518006485747,13728,13612,116,76,0.005583308845136644,7286,7183,103,31,0.004315745510232494,2,2,0,0,0.0,231,226,5,3,0.01327433628318584,2745,2695,50,11,0.004081632653061225,4308,4260,48,17,0.003990610328638498,16323,16167,156,83,0.005133914764644028,6,6,0,0,0.0,625,617,8,6,0.009724473257698542,4876,4822,54,18,0.0037328909166321027,10816,10722,94,59,0.005502704719268793,0,0,0,0,,0,0,0,0,,4096,4070,26,20,0.004914004914004914,6208,6144,64,52,0.008463541666666666,8192,8132,60,31,0.0038121003443187407,0.0,0.05263157894736842,0.3684210526315789,19,0,11,0
1,0,project,company,exception,root250,0.25,128,False,results/bios-followup-v1/editing/world-1-seed-0-project/edits/company-exception-root250,93,93,1.0,3,3,1.0,90,90,1.0,93,93,1.0,3,3,1.0,90,90,1.0,96,59,0.6145833333333334,45,19,0.4222222222222222,96,59,0.6145833333333334,48,26,0.5416666666666666,48,33,0.6875,26,11,0.4230769230769231,19,8,0.42105263157894735,48,26,0.5416666666666666,48,33,0.6875,26,11,0.4230769230769231,19,8,0.42105263157894735,20419,20237,182,181,0.00894401344072738,6,6,0,1,0.16666666666666666,768,760,8,12,0.015789473684210527,5917,5859,58,63,0.010752688172043012,13728,13612,116,105,0.007713781957096679,7286,7183,103,115,0.01601002366699151,2,2,0,1,0.5,231,226,5,6,0.02654867256637168,2745,2695,50,49,0.01818181818181818,4308,4260,48,59,0.013849765258215962,16323,16167,156,167,0.010329683924042803,6,6,0,1,0.16666666666666666,625,617,8,11,0.017828200972447326,4876,4822,54,57,0.01182082123600166,10816,10722,94,98,0.009140085804887147,0,0,0,0,,0,0,0,0,,4096,4070,26,14,0.0034398034398034397,6208,6144,64,95,0.015462239583333334,8192,8132,60,17,0.002090506640432858,0.42105263157894735,0.5789473684210527,0.0,19,0,0,0
1,0,project,company,exception,root250,0.25,512,False,results/bios-followup-v1/editing/world-1-seed-0-project/edits/company-exception-root250,93,93,1.0,3,3,1.0,90,90,1.0,93,93,1.0,3,3,1.0,90,90,1.0,96,60,0.625,45,19,0.4222222222222222,96,60,0.625,48,28,0.5833333333333334,48,32,0.6666666666666666,26,11,0.4230769230769231,19,8,0.42105263157894735,48,28,0.5833333333333334,48,32,0.6666666666666666,26,11,0.4230769230769231,19,8,0.42105263157894735,20419,20237,182,59,0.0029154518950437317,6,6,0,0,0.0,768,760,8,5,0.006578947368421052,5917,5859,58,13,0.002218808670421574,13728,13612,116,41,0.0030120481927710845,7286,7183,103,33,0.004594180704441042,2,2,0,0,0.0,231,226,5,2,0.008849557522123894,2745,2695,50,13,0.004823747680890538,4308,4260,48,18,0.004225352112676056,16323,16167,156,57,0.0035257005010205975,6,6,0,0,0.0,625,617,8,5,0.008103727714748784,4876,4822,54,13,0.0026959767731231854,10816,10722,94,39,0.0036373810856183547,0,0,0,0,,0,0,0,0,,4096,4070,26,2,0.0004914004914004914,6208,6144,64,34,0.005533854166666667,8192,8132,60,10,0.0012297097884899164,0.42105263157894735,0.5263157894736842,0.0,19,0,1,0
1,0,project,company,exception,root500,0.5,0,True,results/bios-mechanism-dev-v1/p1/width-256/world-1-seed-0-project/edits/company-class-balanced-exception,93,0,0.0,3,0,0.0,90,0,0.0,93,0,0.0,3,0,0.0,90,0,0.0,96,0,0.0,45,0,0.0,96,0,0.0,48,0,0.0,48,0,0.0,26,0,0.0,19,0,0.0,48,0,0.0,48,0,0.0,26,0,0.0,19,0,0.0,20419,20237,182,0,0.0,6,6,0,0,0.0,768,760,8,0,0.0,5917,5859,58,0,0.0,13728,13612,116,0,0.0,7286,7183,103,0,0.0,2,2,0,0,0.0,231,226,5,0,0.0,2745,2695,50,0,0.0,4308,4260,48,0,0.0,16323,16167,156,0,0.0,6,6,0,0,0.0,625,617,8,0,0.0,4876,4822,54,0,0.0,10816,10722,94,0,0.0,0,0,0,0,,0,0,0,0,,4096,4070,26,0,0.0,6208,6144,64,0,0.0,8192,8132,60,0,0.0,0.0,0.0,1.0,19,0,0,0
1,0,project,company,exception,root500,0.5,32,True,results/bios-mechanism-dev-v1/p1/width-256/world-1-seed-0-project/edits/company-class-balanced-exception,93,2,0.021505376344086023,3,0,0.0,90,2,0.022222222222222223,93,2,0.021505376344086023,3,0,0.0,90,2,0.022222222222222223,96,0,0.0,45,0,0.0,96,0,0.0,48,0,0.0,48,0,0.0,26,0,0.0,19,0,0.0,48,0,0.0,48,0,0.0,26,0,0.0,19,0,0.0,20419,20237,182,76,0.0037554973563275187,6,6,0,0,0.0,768,760,8,3,0.003947368421052632,5917,5859,58,18,0.0030721966205837174,13728,13612,116,55,0.004040552453717308,7286,7183,103,27,0.0037588751218153977,2,2,0,0,0.0,231,226,5,1,0.004424778761061947,2745,2695,50,12,0.0044526901669758815,4308,4260,48,14,0.0032863849765258214,16323,16167,156,61,0.0037731180800395867,6,6,0,0,0.0,625,617,8,2,0.0032414910858995136,4876,4822,54,16,0.0033181252592285357,10816,10722,94,43,0.0040104458123484425,0,0,0,0,,0,0,0,0,,4096,4070,26,15,0.0036855036855036856,6208,6144,64,27,0.00439453125,8192,8132,60,31,0.0038121003443187407,0.0,0.0,0.8421052631578947,19,0,3,0
1,0,project,company,exception,root500,0.5,128,True,results/bios-mechanism-dev-v1/p1/width-256/world-1-seed-0-project/edits/company-class-balanced-exception,93,93,1.0,3,3,1.0,90,90,1.0,93,93,1.0,3,3,1.0,90,90,1.0,96,62,0.6458333333333334,45,22,0.4888888888888889,96,62,0.6458333333333334,48,28,0.5833333333333334,48,34,0.7083333333333334,26,13,0.5,19,9,0.47368421052631576,48,28,0.5833333333333334,48,34,0.7083333333333334,26,13,0.5,19,9,0.47368421052631576,20419,20237,182,185,0.009141671196323566,6,6,0,1,0.16666666666666666,768,760,8,10,0.013157894736842105,5917,5859,58,67,0.011435398532172725,13728,13612,116,107,0.007860711137231854,7286,7183,103,118,0.01642767645830433,2,2,0,1,0.5,231,226,5,5,0.022123893805309734,2745,2695,50,50,0.01855287569573284,4308,4260,48,62,0.01455399061032864,16323,16167,156,172,0.01063895589781654,6,6,0,1,0.16666666666666666,625,617,8,9,0.014586709886547812,4876,4822,54,60,0.01244296972210701,10816,10722,94,102,0.009513150531617236,0,0,0,0,,0,0,0,0,,4096,4070,26,13,0.0031941031941031942,6208,6144,64,98,0.015950520833333332,8192,8132,60,15,0.0018445646827348746,0.47368421052631576,0.5263157894736842,0.0,19,0,0,0
1,0,project,company,exception,root500,0.5,512,True,results/bios-mechanism-dev-v1/p1/width-256/world-1-seed-0-project/edits/company-class-balanced-exception,93,93,1.0,3,3,1.0,90,90,1.0,93,93,1.0,3,3,1.0,90,90,1.0,96,64,0.6666666666666666,45,22,0.4888888888888889,96,64,0.6666666666666666,48,30,0.625,48,34,0.7083333333333334,26,13,0.5,19,9,0.47368421052631576,48,30,0.625,48,34,0.7083333333333334,26,13,0.5,19,9,0.47368421052631576,20419,20237,182,66,0.003261352967337056,6,6,0,0,0.0,768,760,8,5,0.006578947368421052,5917,5859,58,15,0.002560163850486431,13728,13612,116,46,0.0033793711431090215,7286,7183,103,40,0.005568703884170959,2,2,0,0,0.0,231,226,5,2,0.008849557522123894,2745,2695,50,15,0.0055658627087198514,4308,4260,48,23,0.00539906103286385,16323,16167,156,65,0.004020535659058576,6,6,0,0,0.0,625,617,8,5,0.008103727714748784,4876,4822,54,15,0.0031107424305267524,10816,10722,94,45,0.004196978175713486,0,0,0,0,,0,0,0,0,,4096,4070,26,1,0.0002457002457002457,6208,6144,64,40,0.006510416666666667,8192,8132,60,9,0.0011067388096409247,0.47368421052631576,0.5263157894736842,0.0,19,0,0,0
1,0,project,project,coherent,uniform,0.03225806451612903,0,True,results/bios-cross-scale-dev-v1/width-256/world-1-seed-0-project/edits/project-coherent-mlp,93,0,0.0,3,0,0.0,90,0,0.0,93,0,0.0,3,0,0.0,90,0,0.0,96,0,0.0,45,0,0.0,96,0,0.0,48,0,0.0,48,0,0.0,19,0,0.0,26,0,0.0,48,0,0.0,48,0,0.0,19,0,0.0,26,0,0.0,20419,20235,184,0,0.0,6,5,1,0,0.0,768,765,3,0,0.0,5917,5855,62,0,0.0,13728,13610,118,0,0.0,7286,7188,98,0,0.0,2,2,0,0,0.0,231,230,1,0,0.0,2745,2709,36,0,0.0,4308,4247,61,0,0.0,16323,16163,160,0,0.0,4,3,1,0,0.0,596,593,3,0,0.0,4921,4865,56,0,0.0,10802,10702,100,0,0.0,0,0,0,0,,0,0,0,0,,4096,4072,24,0,0.0,6208,6147,61,0,0.0,8192,8132,60,0,0.0,0.0,0.0,1.0,26,0,0,0
1,0,project,project,coherent,uniform,0.03225806451612903,32,True,results/bios-cross-scale-dev-v1/width-256/world-1-seed-0-project/edits/project-coherent-mlp,93,26,0.27956989247311825,3,0,0.0,90,26,0.28888888888888886,93,26,0.27956989247311825,3,0,0.0,90,26,0.28888888888888886,96,9,0.09375,45,4,0.08888888888888889,96,9,0.09375,48,4,0.08333333333333333,48,5,0.10416666666666667,19,1,0.05263157894736842,26,3,0.11538461538461539,48,4,0.08333333333333333,48,5,0.10416666666666667,19,1,0.05263157894736842,26,3,0.11538461538461539,20419,20235,184,166,0.008203607610575736,6,5,1,0,0.0,768,765,3,4,0.00522875816993464,5917,5855,62,110,0.018787361229718188,13728,13610,118,52,0.0038207200587803084,7286,7188,98,60,0.008347245409015025,2,2,0,0,0.0,231,230,1,3,0.013043478260869565,2745,2709,36,30,0.01107419712070875,4308,4247,61,27,0.0063574287732517075,16323,16163,160,131,0.008104931015281817,4,3,1,0,0.0,596,593,3,4,0.006745362563237774,4921,4865,56,84,0.017266187050359712,10802,10702,100,43,0.004017940571855728,0,0,0,0,,0,0,0,0,,4096,4072,24,35,0.008595284872298626,6208,6147,61,34,0.005531153408166585,8192,8132,60,20,0.002459419576979833,0.11538461538461539,0.0,0.8846153846153846,26,0,0,0
1,0,project,project,coherent,uniform,0.03225806451612903,128,True,results/bios-cross-scale-dev-v1/width-256/world-1-seed-0-project/edits/project-coherent-mlp,93,93,1.0,3,3,1.0,90,90,1.0,93,93,1.0,3,3,1.0,90,90,1.0,96,94,0.9791666666666666,45,44,0.9777777777777777,96,94,0.9791666666666666,48,47,0.9791666666666666,48,47,0.9791666666666666,19,18,0.9473684210526315,26,26,1.0,48,47,0.9791666666666666,48,47,0.9791666666666666,19,18,0.9473684210526315,26,26,1.0,20419,20235,184,134,0.006622189276006918,6,5,1,1,0.2,768,765,3,16,0.02091503267973856,5917,5855,62,36,0.006148590947907771,13728,13610,118,81,0.005951506245407788,7286,7188,98,61,0.008486366165831942,2,2,0,1,0.5,231,230,1,6,0.02608695652173913,2745,2709,36,14,0.00516795865633075,4308,4247,61,40,0.009418412997409937,16323,16163,160,115,0.0071150157767741135,4,3,1,1,0.3333333333333333,596,593,3,15,0.025295109612141653,4921,4865,56,30,0.006166495375128468,10802,10702,100,69,0.006447393010652214,0,0,0,0,,0,0,0,0,,4096,4072,24,19,0.004666011787819254,6208,6147,61,77,0.012526435659671384,8192,8132,60,8,0.000983767830791933,1.0,0.0,0.0,26,0,0,0
1,0,project,project,coherent,uniform,0.03225806451612903,512,True,results/bios-cross-scale-dev-v1/width-256/world-1-seed-0-project/edits/project-coherent-mlp,93,93,1.0,3,3,1.0,90,90,1.0,93,93,1.0,3,3,1.0,90,90,1.0,96,94,0.9791666666666666,45,44,0.9777777777777777,96,94,0.9791666666666666,48,47,0.9791666666666666,48,47,0.9791666666666666,19,18,0.9473684210526315,26,26,1.0,48,47,0.9791666666666666,48,47,0.9791666666666666,19,18,0.9473684210526315,26,26,1.0,20419,20235,184,39,0.001927353595255745,6,5,1,1,0.2,768,765,3,1,0.00130718954248366,5917,5855,62,14,0.0023911187019641333,13728,13610,118,23,0.0016899338721528287,7286,7188,98,17,0.0023650528658875902,2,2,0,1,0.5,231,230,1,1,0.004347826086956522,2745,2709,36,5,0.0018456995201181247,4308,4247,61,10,0.0023546032493524842,16323,16163,160,39,0.0024129183938625255,4,3,1,1,0.3333333333333333,596,593,3,1,0.0016863406408094434,4921,4865,56,14,0.0028776978417266188,10802,10702,100,23,0.002149131003550738,0,0,0,0,,0,0,0,0,,4096,4072,24,0,0.0,6208,6147,61,18,0.0029282576866764276,8192,8132,60,5,0.0006148548942449582,1.0,0.0,0.0,26,0,0,0
1,0,project,project,coherent,root125,0.125,0,False,results/bios-followup-v1/editing/world-1-seed-0-project/edits/project-coherent-root125,93,0,0.0,3,0,0.0,90,0,0.0,93,0,0.0,3,0,0.0,90,0,0.0,96,0,0.0,45,0,0.0,96,0,0.0,48,0,0.0,48,0,0.0,19,0,0.0,26,0,0.0,48,0,0.0,48,0,0.0,19,0,0.0,26,0,0.0,20419,20235,184,0,0.0,6,5,1,0,0.0,768,765,3,0,0.0,5917,5855,62,0,0.0,13728,13610,118,0,0.0,7286,7188,98,0,0.0,2,2,0,0,0.0,231,230,1,0,0.0,2745,2709,36,0,0.0,4308,4247,61,0,0.0,16323,16163,160,0,0.0,4,3,1,0,0.0,596,593,3,0,0.0,4921,4865,56,0,0.0,10802,10702,100,0,0.0,0,0,0,0,,0,0,0,0,,4096,4072,24,0,0.0,6208,6147,61,0,0.0,8192,8132,60,0,0.0,0.0,0.0,1.0,26,0,0,0
1,0,project,project,coherent,root125,0.125,32,False,results/bios-followup-v1/editing/world-1-seed-0-project/edits/project-coherent-root125,93,27,0.2903225806451613,3,0,0.0,90,27,0.3,93,27,0.2903225806451613,3,0,0.0,90,27,0.3,96,9,0.09375,45,4,0.08888888888888889,96,9,0.09375,48,4,0.08333333333333333,48,5,0.10416666666666667,19,1,0.05263157894736842,26,3,0.11538461538461539,48,4,0.08333333333333333,48,5,0.10416666666666667,19,1,0.05263157894736842,26,3,0.11538461538461539,20419,20235,184,179,0.008846058808994316,6,5,1,0,0.0,768,765,3,4,0.00522875816993464,5917,5855,62,119,0.020324508966695132,13728,13610,118,56,0.00411462160176341,7286,7188,98,64,0.008903728436282694,2,2,0,0,0.0,231,230,1,3,0.013043478260869565,2745,2709,36,32,0.011812476928755998,4308,4247,61,29,0.006828349423122204,16323,16163,160,140,0.0086617583369424,4,3,1,0,0.0,596,593,3,4,0.006745362563237774,4921,4865,56,90,0.018499486125385406,10802,10702,100,46,0.004298262007101476,0,0,0,0,,0,0,0,0,,4096,4072,24,39,0.009577603143418467,6208,6147,61,39,0.00634455832113226,8192,8132,60,19,0.002336448598130841,0.11538461538461539,0.0,0.8846153846153846,26,0,0,0
1,0,project,project,coherent,root125,0.125,128,False,results/bios-followup-v1/editing/world-1-seed-0-project/edits/project-coherent-root125,93,93,1.0,3,3,1.0,90,90,1.0,93,93,1.0,3,3,1.0,90,90,1.0,96,94,0.9791666666666666,45,44,0.9777777777777777,96,94,0.9791666666666666,48,47,0.9791666666666666,48,47,0.9791666666666666,19,18,0.9473684210526315,26,26,1.0,48,47,0.9791666666666666,48,47,0.9791666666666666,19,18,0.9473684210526315,26,26,1.0,20419,20235,184,151,0.007462317766246602,6,5,1,1,0.2,768,765,3,14,0.018300653594771243,5917,5855,62,43,0.007344150298889838,13728,13610,118,93,0.00683321087435709,7286,7188,98,75,0.010434056761268781,2,2,0,1,0.5,231,230,1,6,0.02608695652173913,2745,2709,36,20,0.007382798080472499,4308,4247,61,48,0.011302095596891923,16323,16163,160,130,0.008043061312875086,4,3,1,1,0.3333333333333333,596,593,3,13,0.021922428330522766,4921,4865,56,37,0.007605344295991778,10802,10702,100,79,0.00738179779480471,0,0,0,0,,0,0,0,0,,4096,4072,24,21,0.005157170923379175,6208,6147,61,89,0.014478607450789003,8192,8132,60,9,0.0011067388096409247,1.0,0.0,0.0,26,0,0,0
1,0,project,project,coherent,root125,0.125,512,False,results/bios-followup-v1/editing/world-1-seed-0-project/edits/project-coherent-root125,93,93,1.0,3,3,1.0,90,90,1.0,93,93,1.0,3,3,1.0,90,90,1.0,96,94,0.9791666666666666,45,44,0.9777777777777777,96,94,0.9791666666666666,48,47,0.9791666666666666,48,47,0.9791666666666666,19,18,0.9473684210526315,26,26,1.0,48,47,0.9791666666666666,48,47,0.9791666666666666,19,18,0.9473684210526315,26,26,1.0,20419,20235,184,42,0.0020756115641215717,6,5,1,1,0.2,768,765,3,1,0.00130718954248366,5917,5855,62,16,0.0027327070879590095,13728,13610,118,24,0.001763409257898604,7286,7188,98,19,0.0026432943795214247,2,2,0,1,0.5,231,230,1,1,0.004347826086956522,2745,2709,36,6,0.0022148394241417496,4308,4247,61,11,0.0025900635742877325,16323,16163,160,42,0.00259852750108272,4,3,1,1,0.3333333333333333,596,593,3,1,0.0016863406408094434,4921,4865,56,16,0.00328879753340185,10802,10702,100,24,0.0022425714819659876,0,0,0,0,,0,0,0,0,,4096,4072,24,0,0.0,6208,6147,61,18,0.0029282576866764276,8192,8132,60,6,0.0007378258730939498,1.0,0.0,0.0,26,0,0,0
1,0,project,project,coherent,root250,0.25,0,False,results/bios-followup-v1/editing/world-1-seed-0-project/edits/project-coherent-root250,93,0,0.0,3,0,0.0,90,0,0.0,93,0,0.0,3,0,0.0,90,0,0.0,96,0,0.0,45,0,0.0,96,0,0.0,48,0,0.0,48,0,0.0,19,0,0.0,26,0,0.0,48,0,0.0,48,0,0.0,19,0,0.0,26,0,0.0,20419,20235,184,0,0.0,6,5,1,0,0.0,768,765,3,0,0.0,5917,5855,62,0,0.0,13728,13610,118,0,0.0,7286,7188,98,0,0.0,2,2,0,0,0.0,231,230,1,0,0.0,2745,2709,36,0,0.0,4308,4247,61,0,0.0,16323,16163,160,0,0.0,4,3,1,0,0.0,596,593,3,0,0.0,4921,4865,56,0,0.0,10802,10702,100,0,0.0,0,0,0,0,,0,0,0,0,,4096,4072,24,0,0.0,6208,6147,61,0,0.0,8192,8132,60,0,0.0,0.0,0.0,1.0,26,0,0,0
1,0,project,project,coherent,root250,0.25,32,False,results/bios-followup-v1/editing/world-1-seed-0-project/edits/project-coherent-root250,93,21,0.22580645161290322,3,0,0.0,90,21,0.23333333333333334,93,21,0.22580645161290322,3,0,0.0,90,21,0.23333333333333334,96,8,0.08333333333333333,45,3,0.06666666666666667,96,8,0.08333333333333333,48,3,0.0625,48,5,0.10416666666666667,19,0,0.0,26,3,0.11538461538461539,48,3,0.0625,48,5,0.10416666666666667,19,0,0.0,26,3,0.11538461538461539,20419,20235,184,198,0.009785025945144552,6,5,1,0,0.0,768,765,3,3,0.00392156862745098,5917,5855,62,130,0.02220324508966695,13728,13610,118,65,0.004775900073475386,7286,7188,98,71,0.009877573734001112,2,2,0,0,0.0,231,230,1,3,0.013043478260869565,2745,2709,36,34,0.012550756736803248,4308,4247,61,34,0.008005651047798447,16323,16163,160,155,0.009589803873043371,4,3,1,0,0.0,596,593,3,3,0.00505902192242833,4921,4865,56,98,0.02014388489208633,10802,10702,100,54,0.005045785834423472,0,0,0,0,,0,0,0,0,,4096,4072,24,43,0.01055992141453831,6208,6147,61,50,0.008134049129656743,8192,8132,60,16,0.001967535661583866,0.11538461538461539,0.0,0.8461538461538461,26,0,1,0
1,0,project,project,coherent,root250,0.25,128,False,results/bios-followup-v1/editing/world-1-seed-0-project/edits/project-coherent-root250,93,93,1.0,3,3,1.0,90,90,1.0,93,93,1.0,3,3,1.0,90,90,1.0,96,94,0.9791666666666666,45,43,0.9555555555555556,96,94,0.9791666666666666,48,47,0.9791666666666666,48,47,0.9791666666666666,19,18,0.9473684210526315,26,25,0.9615384615384616,48,47,0.9791666666666666,48,47,0.9791666666666666,19,18,0.9473684210526315,26,25,0.9615384615384616,20419,20235,184,166,0.008203607610575736,6,5,1,1,0.2,768,765,3,16,0.02091503267973856,5917,5855,62,43,0.007344150298889838,13728,13610,118,106,0.007788390889052168,7286,7188,98,84,0.011686143572621035,2,2,0,1,0.5,231,230,1,6,0.02608695652173913,2745,2709,36,19,0.0070136581764488745,4308,4247,61,58,0.013656698846244408,16323,16163,160,144,0.008909237146569325,4,3,1,1,0.3333333333333333,596,593,3,15,0.025295109612141653,4921,4865,56,37,0.007605344295991778,10802,10702,100,91,0.008503083535787704,0,0,0,0,,0,0,0,0,,4096,4072,24,22,0.0054027504911591355,6208,6147,61,101,0.016430779241906623,8192,8132,60,10,0.0012297097884899164,0.9615384615384616,0.0,0.038461538461538464,26,0,0,0
1,0,project,project,coherent,root250,0.25,512,False,results/bios-followup-v1/editing/world-1-seed-0-project/edits/project-coherent-root250,93,93,1.0,3,3,1.0,90,90,1.0,93,93,1.0,3,3,1.0,90,90,1.0,96,94,0.9791666666666666,45,44,0.9777777777777777,96,94,0.9791666666666666,48,47,0.9791666666666666,48,47,0.9791666666666666,19,18,0.9473684210526315,26,26,1.0,48,47,0.9791666666666666,48,47,0.9791666666666666,19,18,0.9473684210526315,26,26,1.0,20419,20235,184,44,0.0021744502100321224,6,5,1,1,0.2,768,765,3,1,0.00130718954248366,5917,5855,62,18,0.0030742954739538856,13728,13610,118,24,0.001763409257898604,7286,7188,98,20,0.0027824151363383415,2,2,0,1,0.5,231,230,1,1,0.004347826086956522,2745,2709,36,8,0.0029531192321889995,4308,4247,61,10,0.0023546032493524842,16323,16163,160,44,0.002722266905896183,4,3,1,1,0.3333333333333333,596,593,3,1,0.0016863406408094434,4921,4865,56,18,0.0036998972250770813,10802,10702,100,24,0.0022425714819659876,0,0,0,0,,0,0,0,0,,4096,4072,24,0,0.0,6208,6147,61,18,0.0029282576866764276,8192,8132,60,6,0.0007378258730939498,1.0,0.0,0.0,26,0,0,0
1,0,project,project,coherent,root500,0.5,0,False,results/bios-followup-v1/editing/world-1-seed-0-project/edits/project-coherent-root500,93,0,0.0,3,0,0.0,90,0,0.0,93,0,0.0,3,0,0.0,90,0,0.0,96,0,0.0,45,0,0.0,96,0,0.0,48,0,0.0,48,0,0.0,19,0,0.0,26,0,0.0,48,0,0.0,48,0,0.0,19,0,0.0,26,0,0.0,20419,20235,184,0,0.0,6,5,1,0,0.0,768,765,3,0,0.0,5917,5855,62,0,0.0,13728,13610,118,0,0.0,7286,7188,98,0,0.0,2,2,0,0,0.0,231,230,1,0,0.0,2745,2709,36,0,0.0,4308,4247,61,0,0.0,16323,16163,160,0,0.0,4,3,1,0,0.0,596,593,3,0,0.0,4921,4865,56,0,0.0,10802,10702,100,0,0.0,0,0,0,0,,0,0,0,0,,4096,4072,24,0,0.0,6208,6147,61,0,0.0,8192,8132,60,0,0.0,0.0,0.0,1.0,26,0,0,0
1,0,project,project,coherent,root500,0.5,32,False,results/bios-followup-v1/editing/world-1-seed-0-project/edits/project-coherent-root500,93,13,0.13978494623655913,3,0,0.0,90,13,0.14444444444444443,93,13,0.13978494623655913,3,0,0.0,90,13,0.14444444444444443,96,8,0.08333333333333333,45,3,0.06666666666666667,96,8,0.08333333333333333,48,3,0.0625,48,5,0.10416666666666667,19,0,0.0,26,3,0.11538461538461539,48,3,0.0625,48,5,0.10416666666666667,19,0,0.0,26,3,0.11538461538461539,20419,20235,184,194,0.00958734865332345,6,5,1,0,0.0,768,765,3,2,0.00261437908496732,5917,5855,62,127,0.021690862510674636,13728,13610,118,65,0.004775900073475386,7286,7188,98,73,0.010155815247634948,2,2,0,0,0.0,231,230,1,2,0.008695652173913044,2745,2709,36,36,0.013289036544850499,4308,4247,61,35,0.008241111372733695,16323,16163,160,151,0.009342325063416444,4,3,1,0,0.0,596,593,3,2,0.003372681281618887,4921,4865,56,94,0.019321685508735868,10802,10702,100,55,0.005139226312838722,0,0,0,0,,0,0,0,0,,4096,4072,24,43,0.01055992141453831,6208,6147,61,53,0.008622092077436147,8192,8132,60,13,0.0015986227250368913,0.11538461538461539,0.0,0.8076923076923077,26,0,2,0
1,0,project,project,coherent,root500,0.5,128,False,results/bios-followup-v1/editing/world-1-seed-0-project/edits/project-coherent-root500,93,93,1.0,3,3,1.0,90,90,1.0,93,93,1.0,3,3,1.0,90,90,1.0,96,93,0.96875,45,43,0.9555555555555556,96,93,0.96875,48,47,0.9791666666666666,48,46,0.9583333333333334,19,18,0.9473684210526315,26,25,0.9615384615384616,48,47,0.9791666666666666,48,46,0.9583333333333334,19,18,0.9473684210526315,26,25,0.9615384615384616,20419,20235,184,187,0.009241413392636521,6,5,1,1,0.2,768,765,3,16,0.02091503267973856,5917,5855,62,50,0.008539709649871904,13728,13610,118,120,0.00881704628949302,7286,7188,98,95,0.013216471897607123,2,2,0,1,0.5,231,230,1,6,0.02608695652173913,2745,2709,36,25,0.009228497600590625,4308,4247,61,63,0.01483400047092065,16323,16163,160,162,0.01002289178989049,4,3,1,1,0.3333333333333333,596,593,3,15,0.025295109612141653,4921,4865,56,43,0.008838643371017472,10802,10702,100,103,0.009624369276770697,0,0,0,0,,0,0,0,0,,4096,4072,24,25,0.006139489194499017,6208,6147,61,116,0.018870993980803646,8192,8132,60,9,0.0011067388096409247,0.9615384615384616,0.0,0.038461538461538464,26,0,0,0
1,0,project,project,coherent,root500,0.5,512,False,results/bios-followup-v1/editing/world-1-seed-0-project/edits/project-coherent-root500,93,93,1.0,3,3,1.0,90,90,1.0,93,93,1.0,3,3,1.0,90,90,1.0,96,93,0.96875,45,44,0.9777777777777777,96,93,0.96875,48,47,0.9791666666666666,48,46,0.9583333333333334,19,18,0.9473684210526315,26,26,1.0,48,47,0.9791666666666666,48,46,0.9583333333333334,19,18,0.9473684210526315,26,26,1.0,20419,20235,184,40,0.0019767729182110206,6,5,1,1,0.2,768,765,3,1,0.00130718954248366,5917,5855,62,16,0.0027327070879590095,13728,13610,118,22,0.0016164584864070536,7286,7188,98,19,0.0026432943795214247,2,2,0,1,0.5,231,230,1,1,0.004347826086956522,2745,2709,36,8,0.0029531192321889995,4308,4247,61,9,0.0021191429244172355,16323,16163,160,40,0.002474788096269257,4,3,1,1,0.3333333333333333,596,593,3,1,0.0016863406408094434,4921,4865,56,16,0.00328879753340185,10802,10702,100,22,0.0020556905251354887,0,0,0,0,,0,0,0,0,,4096,4072,24,0,0.0,6208,6147,61,17,0.0027655767040832926,8192,8132,60,5,0.0006148548942449582,1.0,0.0,0.0,26,0,0,0
1,0,project,project,exception,uniform,0.03225806451612903,0,True,results/bios-cross-scale-dev-v1/width-256/world-1-seed-0-project/edits/project-exception-mlp,93,0,0.0,3,0,0.0,90,0,0.0,93,0,0.0,3,0,0.0,90,0,0.0,96,0,0.0,45,0,0.0,96,0,0.0,48,0,0.0,48,0,0.0,19,0,0.0,26,0,0.0,48,0,0.0,48,0,0.0,19,0,0.0,26,0,0.0,20419,20235,184,0,0.0,6,5,1,0,0.0,768,765,3,0,0.0,5917,5855,62,0,0.0,13728,13610,118,0,0.0,7286,7188,98,0,0.0,2,2,0,0,0.0,231,230,1,0,0.0,2745,2709,36,0,0.0,4308,4247,61,0,0.0,16323,16163,160,0,0.0,4,3,1,0,0.0,596,593,3,0,0.0,4921,4865,56,0,0.0,10802,10702,100,0,0.0,0,0,0,0,,0,0,0,0,,4096,4072,24,0,0.0,6208,6147,61,0,0.0,8192,8132,60,0,0.0,0.0,0.0,1.0,26,0,0,0
1,0,project,project,exception,uniform,0.03225806451612903,32,True,results/bios-cross-scale-dev-v1/width-256/world-1-seed-0-project/edits/project-exception-mlp,93,20,0.21505376344086022,3,0,0.0,90,20,0.2222222222222222,93,20,0.21505376344086022,3,0,0.0,90,20,0.2222222222222222,96,0,0.0,45,0,0.0,96,0,0.0,48,0,0.0,48,0,0.0,19,0,0.0,26,0,0.0,48,0,0.0,48,0,0.0,19,0,0.0,26,0,0.0,20419,20235,184,127,0.00627625401531999,6,5,1,0,0.0,768,765,3,6,0.00784313725490196,5917,5855,62,82,0.014005123825789924,13728,13610,118,39,0.0028655400440852313,7286,7188,98,41,0.005703951029493601,2,2,0,0,0.0,231,230,1,3,0.013043478260869565,2745,2709,36,22,0.008121077888519748,4308,4247,61,16,0.0037673651989639746,16323,16163,160,100,0.006186970240673142,4,3,1,0,0.0,596,593,3,5,0.008431703204047217,4921,4865,56,62,0.01274409044193217,10802,10702,100,33,0.003083535787703233,0,0,0,0,,0,0,0,0,,4096,4072,24,27,0.006630648330058939,6208,6147,61,22,0.003578981617048967,8192,8132,60,19,0.002336448598130841,0.0,0.07692307692307693,0.9230769230769231,26,0,0,0
1,0,project,project,exception,uniform,0.03225806451612903,128,True,results/bios-cross-scale-dev-v1/width-256/world-1-seed-0-project/edits/project-exception-mlp,93,93,1.0,3,3,1.0,90,90,1.0,93,93,1.0,3,3,1.0,90,90,1.0,96,34,0.3541666666666667,45,1,0.022222222222222223,96,34,0.3541666666666667,48,20,0.4166666666666667,48,14,0.2916666666666667,19,1,0.05263157894736842,26,0,0.0,48,20,0.4166666666666667,48,14,0.2916666666666667,19,1,0.05263157894736842,26,0,0.0,20419,20235,184,167,0.008253026933531011,6,5,1,0,0.0,768,765,3,20,0.026143790849673203,5917,5855,62,48,0.008198121263877029,13728,13610,118,99,0.007274063188831742,7286,7188,98,81,0.011268781302170284,2,2,0,0,0.0,231,230,1,4,0.017391304347826087,2745,2709,36,23,0.008490217792543374,4308,4247,61,54,0.012714857546503415,16323,16163,160,147,0.009094846253789519,4,3,1,0,0.0,596,593,3,16,0.026981450252951095,4921,4865,56,41,0.008427543679342241,10802,10702,100,90,0.008409643057372454,0,0,0,0,,0,0,0,0,,4096,4072,24,20,0.004911591355599214,6208,6147,61,93,0.015129331381161543,8192,8132,60,10,0.0012297097884899164,0.0,1.0,0.0,26,0,0,0
1,0,project,project,exception,uniform,0.03225806451612903,512,True,results/bios-cross-scale-dev-v1/width-256/world-1-seed-0-project/edits/project-exception-mlp,93,93,1.0,3,3,1.0,90,90,1.0,93,93,1.0,3,3,1.0,90,90,1.0,96,45,0.46875,45,0,0.0,96,45,0.46875,48,25,0.5208333333333334,48,20,0.4166666666666667,19,0,0.0,26,0,0.0,48,25,0.5208333333333334,48,20,0.4166666666666667,19,0,0.0,26,0,0.0,20419,20235,184,56,0.002767482085495429,6,5,1,0,0.0,768,765,3,6,0.00784313725490196,5917,5855,62,21,0.0035866780529461998,13728,13610,118,29,0.00213078618662748,7286,7188,98,29,0.0040345019476905955,2,2,0,0,0.0,231,230,1,3,0.013043478260869565,2745,2709,36,12,0.004429678848283499,4308,4247,61,14,0.0032964445490934777,16323,16163,160,56,0.0034647033347769596,4,3,1,0,0.0,596,593,3,6,0.01011804384485666,4921,4865,56,21,0.004316546762589928,10802,10702,100,29,0.0027097738740422352,0,0,0,0,,0,0,0,0,,4096,4072,24,0,0.0,6208,6147,61,23,0.003741662599642102,8192,8132,60,7,0.0008607968519429415,0.0,1.0,0.0,26,0,0,0
1,0,project,project,exception,root125,0.125,0,False,results/bios-followup-v1/editing/world-1-seed-0-project/edits/project-exception-root125,93,0,0.0,3,0,0.0,90,0,0.0,93,0,0.0,3,0,0.0,90,0,0.0,96,0,0.0,45,0,0.0,96,0,0.0,48,0,0.0,48,0,0.0,19,0,0.0,26,0,0.0,48,0,0.0,48,0,0.0,19,0,0.0,26,0,0.0,20419,20235,184,0,0.0,6,5,1,0,0.0,768,765,3,0,0.0,5917,5855,62,0,0.0,13728,13610,118,0,0.0,7286,7188,98,0,0.0,2,2,0,0,0.0,231,230,1,0,0.0,2745,2709,36,0,0.0,4308,4247,61,0,0.0,16323,16163,160,0,0.0,4,3,1,0,0.0,596,593,3,0,0.0,4921,4865,56,0,0.0,10802,10702,100,0,0.0,0,0,0,0,,0,0,0,0,,4096,4072,24,0,0.0,6208,6147,61,0,0.0,8192,8132,60,0,0.0,0.0,0.0,1.0,26,0,0,0
1,0,project,project,exception,root125,0.125,32,False,results/bios-followup-v1/editing/world-1-seed-0-project/edits/project-exception-root125,93,14,0.15053763440860216,3,0,0.0,90,14,0.15555555555555556,93,14,0.15053763440860216,3,0,0.0,90,14,0.15555555555555556,96,0,0.0,45,0,0.0,96,0,0.0,48,0,0.0,48,0,0.0,19,0,0.0,26,0,0.0,48,0,0.0,48,0,0.0,19,0,0.0,26,0,0.0,20419,20235,184,143,0.0070669631826043985,6,5,1,0,0.0,768,765,3,4,0.00522875816993464,5917,5855,62,91,0.015542271562766866,13728,13610,118,48,0.003526818515797208,7286,7188,98,49,0.006816917084028937,2,2,0,0,0.0,231,230,1,2,0.008695652173913044,2745,2709,36,26,0.009597637504614249,4308,4247,61,21,0.004944666823640216,16323,16163,160,115,0.0071150157767741135,4,3,1,0,0.0,596,593,3,3,0.00505902192242833,4921,4865,56,71,0.014594039054470709,10802,10702,100,41,0.003831059615025229,0,0,0,0,,0,0,0,0,,4096,4072,24,28,0.0068762278978389,6208,6147,61,31,0.005043110460387181,8192,8132,60,19,0.002336448598130841,0.0,0.038461538461538464,0.9230769230769231,26,0,1,0
1,0,project,project,exception,root125,0.125,128,False,results/bios-followup-v1/editing/world-1-seed-0-project/edits/project-exception-root125,93,93,1.0,3,3,1.0,90,90,1.0,93,93,1.0,3,3,1.0,90,90,1.0,96,37,0.3854166666666667,45,2,0.044444444444444446,96,37,0.3854166666666667,48,20,0.4166666666666667,48,17,0.3541666666666667,19,1,0.05263157894736842,26,1,0.038461538461538464,48,20,0.4166666666666667,48,17,0.3541666666666667,19,1,0.05263157894736842,26,1,0.038461538461538464,20419,20235,184,179,0.008846058808994316,6,5,1,0,0.0,768,765,3,23,0.030065359477124184,5917,5855,62,46,0.007856532877882152,13728,13610,118,110,0.008082292432035268,7286,7188,98,90,0.012520868113522538,2,2,0,0,0.0,231,230,1,6,0.02608695652173913,2745,2709,36,22,0.008121077888519748,4308,4247,61,62,0.014598540145985401,16323,16163,160,157,0.009713543277856833,4,3,1,0,0.0,596,593,3,19,0.03204047217537943,4921,4865,56,40,0.008221993833504625,10802,10702,100,98,0.00915716688469445,0,0,0,0,,0,0,0,0,,4096,4072,24,22,0.0054027504911591355,6208,6147,61,108,0.017569546120058566,8192,8132,60,8,0.000983767830791933,0.038461538461538464,0.9615384615384616,0.0,26,0,0,0
1,0,project,project,exception,root125,0.125,512,False,results/bios-followup-v1/editing/world-1-seed-0-project/edits/project-exception-root125,93,93,1.0,3,3,1.0,90,90,1.0,93,93,1.0,3,3,1.0,90,90,1.0,96,46,0.4791666666666667,45,0,0.0,96,46,0.4791666666666667,48,26,0.5416666666666666,48,20,0.4166666666666667,19,0,0.0,26,0,0.0,48,26,0.5416666666666666,48,20,0.4166666666666667,19,0,0.0,26,0,0.0,20419,20235,184,59,0.002915740054361255,6,5,1,0,0.0,768,765,3,7,0.009150326797385621,5917,5855,62,22,0.003757472245943638,13728,13610,118,30,0.002204261572373255,7286,7188,98,29,0.0040345019476905955,2,2,0,0,0.0,231,230,1,3,0.013043478260869565,2745,2709,36,13,0.004798818752307124,4308,4247,61,13,0.0030609842241582294,16323,16163,160,59,0.003650312441997154,4,3,1,0,0.0,596,593,3,7,0.011804384485666104,4921,4865,56,22,0.004522096608427543,10802,10702,100,30,0.0028032143524574847,0,0,0,0,,0,0,0,0,,4096,4072,24,0,0.0,6208,6147,61,24,0.003904343582235237,8192,8132,60,8,0.000983767830791933,0.0,1.0,0.0,26,0,0,0
1,0,project,project,exception,root250,0.25,0,False,results/bios-followup-v1/editing/world-1-seed-0-project/edits/project-exception-root250,93,0,0.0,3,0,0.0,90,0,0.0,93,0,0.0,3,0,0.0,90,0,0.0,96,0,0.0,45,0,0.0,96,0,0.0,48,0,0.0,48,0,0.0,19,0,0.0,26,0,0.0,48,0,0.0,48,0,0.0,19,0,0.0,26,0,0.0,20419,20235,184,0,0.0,6,5,1,0,0.0,768,765,3,0,0.0,5917,5855,62,0,0.0,13728,13610,118,0,0.0,7286,7188,98,0,0.0,2,2,0,0,0.0,231,230,1,0,0.0,2745,2709,36,0,0.0,4308,4247,61,0,0.0,16323,16163,160,0,0.0,4,3,1,0,0.0,596,593,3,0,0.0,4921,4865,56,0,0.0,10802,10702,100,0,0.0,0,0,0,0,,0,0,0,0,,4096,4072,24,0,0.0,6208,6147,61,0,0.0,8192,8132,60,0,0.0,0.0,0.0,1.0,26,0,0,0
1,0,project,project,exception,root250,0.25,32,False,results/bios-followup-v1/editing/world-1-seed-0-project/edits/project-exception-root250,93,7,0.07526881720430108,3,0,0.0,90,7,0.07777777777777778,93,7,0.07526881720430108,3,0,0.0,90,7,0.07777777777777778,96,0,0.0,45,0,0.0,96,0,0.0,48,0,0.0,48,0,0.0,19,0,0.0,26,0,0.0,48,0,0.0,48,0,0.0,19,0,0.0,26,0,0.0,20419,20235,184,166,0.008203607610575736,6,5,1,0,0.0,768,765,3,4,0.00522875816993464,5917,5855,62,107,0.018274978650725877,13728,13610,118,55,0.004041146216017634,7286,7188,98,62,0.00862548692264886,2,2,0,0,0.0,231,230,1,3,0.013043478260869565,2745,2709,36,32,0.011812476928755998,4308,4247,61,27,0.0063574287732517075,16323,16163,160,134,0.008290540122502011,4,3,1,0,0.0,596,593,3,4,0.006745362563237774,4921,4865,56,83,0.017060637204522097,10802,10702,100,47,0.004391702485516726,0,0,0,0,,0,0,0,0,,4096,4072,24,32,0.007858546168958742,6208,6147,61,37,0.00601919635594599,8192,8132,60,20,0.002459419576979833,0.0,0.038461538461538464,0.8846153846153846,26,0,2,0
1,0,project,project,exception,root250,0.25,128,False,results/bios-followup-v1/editing/world-1-seed-0-project/edits/project-exception-root250,93,93,1.0,3,3,1.0,90,90,1.0,93,93,1.0,3,3,1.0,90,90,1.0,96,39,0.40625,45,4,0.08888888888888889,96,39,0.40625,48,21,0.4375,48,18,0.375,19,3,0.15789473684210525,26,1,0.038461538461538464,48,21,0.4375,48,18,0.375,19,3,0.15789473684210525,26,1,0.038461538461538464,20419,20235,184,196,0.009686187299234001,6,5,1,0,0.0,768,765,3,23,0.030065359477124184,5917,5855,62,52,0.008881298035866781,13728,13610,118,121,0.008890521675238796,7286,7188,98,100,0.013912075681691708,2,2,0,0,0.0,231,230,1,6,0.02608695652173913,2745,2709,36,26,0.009597637504614249,4308,4247,61,68,0.016011302095596893,16323,16163,160,170,0.010517849409144343,4,3,1,0,0.0,596,593,3,19,0.03204047217537943,4921,4865,56,45,0.009249743062692703,10802,10702,100,106,0.009904690712016445,0,0,0,0,,0,0,0,0,,4096,4072,24,26,0.0063850687622789785,6208,6147,61,119,0.01935903692858305,8192,8132,60,8,0.000983767830791933,0.038461538461538464,0.9615384615384616,0.0,26,0,0,0
1,0,project,project,exception,root250,0.25,512,False,results/bios-followup-v1/editing/world-1-seed-0-project/edits/project-exception-root250,93,93,1.0,3,3,1.0,90,90,1.0,93,93,1.0,3,3,1.0,90,90,1.0,96,45,0.46875,45,0,0.0,96,45,0.46875,48,26,0.5416666666666666,48,19,0.3958333333333333,19,0,0.0,26,0,0.0,48,26,0.5416666666666666,48,19,0.3958333333333333,19,0,0.0,26,0,0.0,20419,20235,184,59,0.002915740054361255,6,5,1,0,0.0,768,765,3,6,0.00784313725490196,5917,5855,62,20,0.0034158838599487617,13728,13610,118,33,0.0024246877296105803,7286,7188,98,29,0.0040345019476905955,2,2,0,0,0.0,231,230,1,3,0.013043478260869565,2745,2709,36,12,0.004429678848283499,4308,4247,61,14,0.0032964445490934777,16323,16163,160,59,0.003650312441997154,4,3,1,0,0.0,596,593,3,6,0.01011804384485666,4921,4865,56,20,0.0041109969167523125,10802,10702,100,33,0.003083535787703233,0,0,0,0,,0,0,0,0,,4096,4072,24,0,0.0,6208,6147,61,27,0.004392386530014641,8192,8132,60,8,0.000983767830791933,0.0,1.0,0.0,26,0,0,0
1,0,project,project,exception,root500,0.5,0,True,results/bios-mechanism-dev-v1/p1/width-256/world-1-seed-0-project/edits/project-class-balanced-exception,93,0,0.0,3,0,0.0,90,0,0.0,93,0,0.0,3,0,0.0,90,0,0.0,96,0,0.0,45,0,0.0,96,0,0.0,48,0,0.0,48,0,0.0,19,0,0.0,26,0,0.0,48,0,0.0,48,0,0.0,19,0,0.0,26,0,0.0,20419,20235,184,0,0.0,6,5,1,0,0.0,768,765,3,0,0.0,5917,5855,62,0,0.0,13728,13610,118,0,0.0,7286,7188,98,0,0.0,2,2,0,0,0.0,231,230,1,0,0.0,2745,2709,36,0,0.0,4308,4247,61,0,0.0,16323,16163,160,0,0.0,4,3,1,0,0.0,596,593,3,0,0.0,4921,4865,56,0,0.0,10802,10702,100,0,0.0,0,0,0,0,,0,0,0,0,,4096,4072,24,0,0.0,6208,6147,61,0,0.0,8192,8132,60,0,0.0,0.0,0.0,1.0,26,0,0,0
1,0,project,project,exception,root500,0.5,32,True,results/bios-mechanism-dev-v1/p1/width-256/world-1-seed-0-project/edits/project-class-balanced-exception,93,3,0.03225806451612903,3,0,0.0,90,3,0.03333333333333333,93,3,0.03225806451612903,3,0,0.0,90,3,0.03333333333333333,96,1,0.010416666666666666,45,1,0.022222222222222223,96,1,0.010416666666666666,48,0,0.0,48,1,0.020833333333333332,19,0,0.0,26,1,0.038461538461538464,48,0,0.0,48,1,0.020833333333333332,19,0,0.0,26,1,0.038461538461538464,20419,20235,184,159,0.007857672349888807,6,5,1,0,0.0,768,765,3,2,0.00261437908496732,5917,5855,62,102,0.017421007685738683,13728,13610,118,55,0.004041146216017634,7286,7188,98,56,0.0077907623817473565,2,2,0,0,0.0,231,230,1,2,0.008695652173913044,2745,2709,36,30,0.01107419712070875,4308,4247,61,24,0.0056510477984459614,16323,16163,160,126,0.007795582503248159,4,3,1,0,0.0,596,593,3,2,0.003372681281618887,4921,4865,56,78,0.016032887975334018,10802,10702,100,46,0.004298262007101476,0,0,0,0,,0,0,0,0,,4096,4072,24,33,0.008104125736738703,6208,6147,61,38,0.006181877338539124,8192,8132,60,18,0.0022134776192818495,0.038461538461538464,0.038461538461538464,0.8461538461538461,26,0,2,0
1,0,project,project,exception,root500,0.5,128,True,results/bios-mechanism-dev-v1/p1/width-256/world-1-seed-0-project/edits/project-class-balanced-exception,93,93,1.0,3,3,1.0,90,90,1.0,93,93,1.0,3,3,1.0,90,90,1.0,96,43,0.4479166666666667,45,6,0.13333333333333333,96,43,0.4479166666666667,48,24,0.5,48,19,0.3958333333333333,19,4,0.21052631578947367,26,2,0.07692307692307693,48,24,0.5,48,19,0.3958333333333333,19,4,0.21052631578947367,26,2,0.07692307692307693,20419,20235,184,222,0.010971089696071164,6,5,1,0,0.0,768,765,3,20,0.026143790849673203,5917,5855,62,52,0.008881298035866781,13728,13610,118,150,0.011021307861866276,7286,7188,98,115,0.015998887033945464,2,2,0,0,0.0,231,230,1,6,0.02608695652173913,2745,2709,36,25,0.009228497600590625,4308,4247,61,84,0.019778667294560865,16323,16163,160,190,0.01175524345727897,4,3,1,0,0.0,596,593,3,17,0.02866779089376054,4921,4865,56,45,0.009249743062692703,10802,10702,100,128,0.011960381237151934,0,0,0,0,,0,0,0,0,,4096,4072,24,32,0.007858546168958742,6208,6147,61,146,0.02375142345859769,8192,8132,60,10,0.0012297097884899164,0.07692307692307693,0.8846153846153846,0.038461538461538464,26,0,0,0
1,0,project,project,exception,root500,0.5,512,True,results/bios-mechanism-dev-v1/p1/width-256/world-1-seed-0-project/edits/project-class-balanced-exception,93,93,1.0,3,3,1.0,90,90,1.0,93,93,1.0,3,3,1.0,90,90,1.0,96,48,0.5,45,3,0.06666666666666667,96,48,0.5,48,28,0.5833333333333334,48,20,0.4166666666666667,19,2,0.10526315789473684,26,1,0.038461538461538464,48,28,0.5833333333333334,48,20,0.4166666666666667,19,2,0.10526315789473684,26,1,0.038461538461538464,20419,20235,184,54,0.0026686434395848777,6,5,1,0,0.0,768,765,3,4,0.00522875816993464,5917,5855,62,20,0.0034158838599487617,13728,13610,118,30,0.002204261572373255,7286,7188,98,28,0.0038953811908736783,2,2,0,0,0.0,231,230,1,3,0.013043478260869565,2745,2709,36,12,0.004429678848283499,4308,4247,61,13,0.0030609842241582294,16323,16163,160,54,0.003340963929963497,4,3,1,0,0.0,596,593,3,4,0.006745362563237774,4921,4865,56,20,0.0041109969167523125,10802,10702,100,30,0.0028032143524574847,0,0,0,0,,0,0,0,0,,4096,4072,24,0,0.0,6208,6147,61,24,0.003904343582235237,8192,8132,60,7,0.0008607968519429415,0.038461538461538464,0.9615384615384616,0.0,26,0,0,0
1,0,neither,company,coherent,uniform,0.03225806451612903,0,True,results/bios-cross-scale-dev-v1/width-256/world-1-seed-0-neither/edits/company-coherent-mlp,93,0,0.0,3,0,0.0,90,0,0.0,93,0,0.0,3,0,0.0,90,0,0.0,96,0,0.0,45,0,0.0,96,0,0.0,48,0,0.0,48,0,0.0,26,0,0.0,19,0,0.0,48,0,0.0,48,0,0.0,26,0,0.0,19,0,0.0,20419,20210,209,0,0.0,6,6,0,0,0.0,768,760,8,0,0.0,5917,5843,74,0,0.0,13728,13601,127,0,0.0,7286,7127,159,0,0.0,2,2,0,0,0.0,231,226,5,0,0.0,2745,2684,61,0,0.0,4308,4215,93,0,0.0,16323,16134,189,0,0.0,6,6,0,0,0.0,625,619,6,0,0.0,4876,4809,67,0,0.0,10816,10700,116,0,0.0,0,0,0,0,,0,0,0,0,,4096,4076,20,0,0.0,6208,6100,108,0,0.0,8192,8165,27,0,0.0,0.0,0.0,1.0,19,0,0,0
1,0,neither,company,coherent,uniform,0.03225806451612903,32,True,results/bios-cross-scale-dev-v1/width-256/world-1-seed-0-neither/edits/company-coherent-mlp,93,69,0.7419354838709677,3,1,0.3333333333333333,90,68,0.7555555555555555,93,69,0.7419354838709677,3,1,0.3333333333333333,90,68,0.7555555555555555,96,9,0.09375,45,4,0.08888888888888889,96,9,0.09375,48,5,0.10416666666666667,48,4,0.08333333333333333,26,1,0.038461538461538464,19,3,0.15789473684210525,48,5,0.10416666666666667,48,4,0.08333333333333333,26,1,0.038461538461538464,19,3,0.15789473684210525,20419,20210,209,203,0.01004453240969817,6,6,0,0,0.0,768,760,8,13,0.017105263157894738,5917,5843,74,92,0.01574533629984597,13728,13601,127,98,0.007205352547606794,7286,7127,159,63,0.00883962396520275,2,2,0,0,0.0,231,226,5,4,0.017699115044247787,2745,2684,61,29,0.010804769001490314,4308,4215,93,30,0.0071174377224199285,16323,16134,189,156,0.009669021941242098,6,6,0,0,0.0,625,619,6,10,0.01615508885298869,4876,4809,67,63,0.013100436681222707,10816,10700,116,83,0.007757009345794393,0,0,0,0,,0,0,0,0,,4096,4076,20,47,0.011530912659470068,6208,6100,108,89,0.014590163934426229,8192,8165,27,22,0.002694427434170239,0.15789473684210525,0.0,0.7368421052631579,19,0,2,0
1,0,neither,company,coherent,uniform,0.03225806451612903,128,True,results/bios-cross-scale-dev-v1/width-256/world-1-seed-0-neither/edits/company-coherent-mlp,93,93,1.0,3,3,1.0,90,90,1.0,93,93,1.0,3,3,1.0,90,90,1.0,96,32,0.3333333333333333,45,15,0.3333333333333333,96,32,0.3333333333333333,48,16,0.3333333333333333,48,16,0.3333333333333333,26,8,0.3076923076923077,19,7,0.3684210526315789,48,16,0.3333333333333333,48,16,0.3333333333333333,26,8,0.3076923076923077,19,7,0.3684210526315789,20419,20210,209,58,0.0028698664027709056,6,6,0,1,0.16666666666666666,768,760,8,6,0.007894736842105263,5917,5843,74,12,0.0020537395173712133,13728,13601,127,39,0.0028674362179251524,7286,7127,159,19,0.0026659183387119406,2,2,0,0,0.0,231,226,5,2,0.008849557522123894,2745,2684,61,5,0.0018628912071535022,4308,4215,93,12,0.0028469750889679717,16323,16134,189,56,0.003470930953266394,6,6,0,1,0.16666666666666666,625,619,6,6,0.009693053311793215,4876,4809,67,10,0.002079434393844874,10816,10700,116,39,0.003644859813084112,0,0,0,0,,0,0,0,0,,4096,4076,20,2,0.0004906771344455348,6208,6100,108,27,0.004426229508196721,8192,8165,27,17,0.0020820575627679117,0.3684210526315789,0.0,0.5789473684210527,19,0,1,0
1,0,neither,company,coherent,uniform,0.03225806451612903,512,True,results/bios-cross-scale-dev-v1/width-256/world-1-seed-0-neither/edits/company-coherent-mlp,93,93,1.0,3,3,1.0,90,90,1.0,93,93,1.0,3,3,1.0,90,90,1.0,96,35,0.3645833333333333,45,16,0.35555555555555557,96,35,0.3645833333333333,48,17,0.3541666666666667,48,18,0.375,26,9,0.34615384615384615,19,7,0.3684210526315789,48,17,0.3541666666666667,48,18,0.375,26,9,0.34615384615384615,19,7,0.3684210526315789,20419,20210,209,30,0.0014844136566056407,6,6,0,1,0.16666666666666666,768,760,8,5,0.006578947368421052,5917,5843,74,3,0.0005134348793428033,13728,13601,127,21,0.001544004117344313,7286,7127,159,9,0.0012628034236003929,2,2,0,0,0.0,231,226,5,2,0.008849557522123894,2745,2684,61,1,0.00037257824143070045,4308,4215,93,6,0.0014234875444839859,16323,16134,189,30,0.001859427296392711,6,6,0,1,0.16666666666666666,625,619,6,5,0.008077544426494346,4876,4809,67,3,0.0006238303181534623,10816,10700,116,21,0.0019626168224299067,0,0,0,0,,0,0,0,0,,4096,4076,20,0,0.0,6208,6100,108,16,0.002622950819672131,8192,8165,27,10,0.001224739742804654,0.3684210526315789,0.0,0.5789473684210527,19,0,1,0
1,0,neither,company,coherent,root125,0.125,0,False,results/bios-followup-v1/editing/world-1-seed-0-neither/edits/company-coherent-root125,93,0,0.0,3,0,0.0,90,0,0.0,93,0,0.0,3,0,0.0,90,0,0.0,96,0,0.0,45,0,0.0,96,0,0.0,48,0,0.0,48,0,0.0,26,0,0.0,19,0,0.0,48,0,0.0,48,0,0.0,26,0,0.0,19,0,0.0,20419,20210,209,0,0.0,6,6,0,0,0.0,768,760,8,0,0.0,5917,5843,74,0,0.0,13728,13601,127,0,0.0,7286,7127,159,0,0.0,2,2,0,0,0.0,231,226,5,0,0.0,2745,2684,61,0,0.0,4308,4215,93,0,0.0,16323,16134,189,0,0.0,6,6,0,0,0.0,625,619,6,0,0.0,4876,4809,67,0,0.0,10816,10700,116,0,0.0,0,0,0,0,,0,0,0,0,,4096,4076,20,0,0.0,6208,6100,108,0,0.0,8192,8165,27,0,0.0,0.0,0.0,1.0,19,0,0,0
1,0,neither,company,coherent,root125,0.125,32,False,results/bios-followup-v1/editing/world-1-seed-0-neither/edits/company-coherent-root125,93,69,0.7419354838709677,3,3,1.0,90,66,0.7333333333333333,93,69,0.7419354838709677,3,3,1.0,90,66,0.7333333333333333,96,9,0.09375,45,4,0.08888888888888889,96,9,0.09375,48,5,0.10416666666666667,48,4,0.08333333333333333,26,1,0.038461538461538464,19,3,0.15789473684210525,48,5,0.10416666666666667,48,4,0.08333333333333333,26,1,0.038461538461538464,19,3,0.15789473684210525,20419,20210,209,213,0.010539336961900049,6,6,0,0,0.0,768,760,8,13,0.017105263157894738,5917,5843,74,91,0.015574191340065035,13728,13601,127,109,0.008014116609072862,7286,7127,159,66,0.009260558439736215,2,2,0,0,0.0,231,226,5,4,0.017699115044247787,2745,2684,61,27,0.010059612518628911,4308,4215,93,35,0.00830367734282325,16323,16134,189,167,0.010350811949919424,6,6,0,0,0.0,625,619,6,10,0.01615508885298869,4876,4809,67,62,0.01289249324183822,10816,10700,116,95,0.008878504672897197,0,0,0,0,,0,0,0,0,,4096,4076,20,46,0.011285574092247301,6208,6100,108,100,0.01639344262295082,8192,8165,27,22,0.002694427434170239,0.15789473684210525,0.0,0.7368421052631579,19,0,2,0
1,0,neither,company,coherent,root125,0.125,128,False,results/bios-followup-v1/editing/world-1-seed-0-neither/edits/company-coherent-root125,93,93,1.0,3,3,1.0,90,90,1.0,93,93,1.0,3,3,1.0,90,90,1.0,96,32,0.3333333333333333,45,15,0.3333333333333333,96,32,0.3333333333333333,48,16,0.3333333333333333,48,16,0.3333333333333333,26,8,0.3076923076923077,19,7,0.3684210526315789,48,16,0.3333333333333333,48,16,0.3333333333333333,26,8,0.3076923076923077,19,7,0.3684210526315789,20419,20210,209,61,0.0030183077684314695,6,6,0,1,0.16666666666666666,768,760,8,6,0.007894736842105263,5917,5843,74,13,0.002224884477152148,13728,13601,127,41,0.0030144842291008013,7286,7127,159,21,0.00294654132173425,2,2,0,0,0.0,231,226,5,2,0.008849557522123894,2745,2684,61,4,0.0014903129657228018,4308,4215,93,15,0.0035587188612099642,16323,16134,189,58,0.003594892773025908,6,6,0,1,0.16666666666666666,625,619,6,6,0.009693053311793215,4876,4809,67,10,0.002079434393844874,10816,10700,116,41,0.0038317757009345794,0,0,0,0,,0,0,0,0,,4096,4076,20,3,0.0007360157016683023,6208,6100,108,29,0.004754098360655738,8192,8165,27,17,0.0020820575627679117,0.3684210526315789,0.0,0.5789473684210527,19,0,1,0
1,0,neither,company,coherent,root125,0.125,512,False,results/bios-followup-v1/editing/world-1-seed-0-neither/edits/company-coherent-root125,93,93,1.0,3,3,1.0,90,90,1.0,93,93,1.0,3,3,1.0,90,90,1.0,96,35,0.3645833333333333,45,16,0.35555555555555557,96,35,0.3645833333333333,48,17,0.3541666666666667,48,18,0.375,26,9,0.34615384615384615,19,7,0.3684210526315789,48,17,0.3541666666666667,48,18,0.375,26,9,0.34615384615384615,19,7,0.3684210526315789,20419,20210,209,34,0.001682335477486393,6,6,0,1,0.16666666666666666,768,760,8,6,0.007894736842105263,5917,5843,74,4,0.0006845798391237378,13728,13601,127,23,0.0016910521285199618,7286,7127,159,9,0.0012628034236003929,2,2,0,0,0.0,231,226,5,2,0.008849557522123894,2745,2684,61,1,0.00037257824143070045,4308,4215,93,6,0.0014234875444839859,16323,16134,189,33,0.002045370026031982,6,6,0,1,0.16666666666666666,625,619,6,6,0.009693053311793215,4876,4809,67,4,0.0008317737575379496,10816,10700,116,22,0.00205607476635514,0,0,0,0,,0,0,0,0,,4096,4076,20,1,0.0002453385672227674,6208,6100,108,17,0.0027868852459016396,8192,8165,27,12,0.001469687691365585,0.3684210526315789,0.0,0.5789473684210527,19,0,1,0
1,0,neither,company,coherent,root250,0.25,0,False,results/bios-followup-v1/editing/world-1-seed-0-neither/edits/company-coherent-root250,93,0,0.0,3,0,0.0,90,0,0.0,93,0,0.0,3,0,0.0,90,0,0.0,96,0,0.0,45,0,0.0,96,0,0.0,48,0,0.0,48,0,0.0,26,0,0.0,19,0,0.0,48,0,0.0,48,0,0.0,26,0,0.0,19,0,0.0,20419,20210,209,0,0.0,6,6,0,0,0.0,768,760,8,0,0.0,5917,5843,74,0,0.0,13728,13601,127,0,0.0,7286,7127,159,0,0.0,2,2,0,0,0.0,231,226,5,0,0.0,2745,2684,61,0,0.0,4308,4215,93,0,0.0,16323,16134,189,0,0.0,6,6,0,0,0.0,625,619,6,0,0.0,4876,4809,67,0,0.0,10816,10700,116,0,0.0,0,0,0,0,,0,0,0,0,,4096,4076,20,0,0.0,6208,6100,108,0,0.0,8192,8165,27,0,0.0,0.0,0.0,1.0,19,0,0,0
1,0,neither,company,coherent,root250,0.25,32,False,results/bios-followup-v1/editing/world-1-seed-0-neither/edits/company-coherent-root250,93,62,0.6666666666666666,3,3,1.0,90,59,0.6555555555555556,93,62,0.6666666666666666,3,3,1.0,90,59,0.6555555555555556,96,6,0.0625,45,3,0.06666666666666667,96,6,0.0625,48,3,0.0625,48,3,0.0625,26,1,0.038461538461538464,19,2,0.10526315789473684,48,3,0.0625,48,3,0.0625,26,1,0.038461538461538464,19,2,0.10526315789473684,20419,20210,209,214,0.010588817417120238,6,6,0,0,0.0,768,760,8,13,0.017105263157894738,5917,5843,74,85,0.01454732158137943,13728,13601,127,116,0.008528784648187633,7286,7127,159,67,0.009400869931247368,2,2,0,0,0.0,231,226,5,4,0.017699115044247787,2745,2684,61,25,0.009314456035767511,4308,4215,93,38,0.009015421115065243,16323,16134,189,166,0.010288831040039668,6,6,0,0,0.0,625,619,6,10,0.01615508885298869,4876,4809,67,57,0.011852776044915784,10816,10700,116,99,0.00925233644859813,0,0,0,0,,0,0,0,0,,4096,4076,20,48,0.011776251226692836,6208,6100,108,104,0.017049180327868854,8192,8165,27,25,0.003061849357011635,0.10526315789473684,0.0,0.7894736842105263,19,0,2,0
1,0,neither,company,coherent,root250,0.25,128,False,results/bios-followup-v1/editing/world-1-seed-0-neither/edits/company-coherent-root250,93,93,1.0,3,3,1.0,90,90,1.0,93,93,1.0,3,3,1.0,90,90,1.0,96,32,0.3333333333333333,45,15,0.3333333333333333,96,32,0.3333333333333333,48,16,0.3333333333333333,48,16,0.3333333333333333,26,8,0.3076923076923077,19,7,0.3684210526315789,48,16,0.3333333333333333,48,16,0.3333333333333333,26,8,0.3076923076923077,19,7,0.3684210526315789,20419,20210,209,61,0.0030183077684314695,6,6,0,0,0.0,768,760,8,7,0.009210526315789473,5917,5843,74,13,0.002224884477152148,13728,13601,127,41,0.0030144842291008013,7286,7127,159,22,0.003086852813245405,2,2,0,0,0.0,231,226,5,2,0.008849557522123894,2745,2684,61,4,0.0014903129657228018,4308,4215,93,16,0.0037959667852906285,16323,16134,189,58,0.003594892773025908,6,6,0,0,0.0,625,619,6,7,0.011308562197092083,4876,4809,67,10,0.002079434393844874,10816,10700,116,41,0.0038317757009345794,0,0,0,0,,0,0,0,0,,4096,4076,20,3,0.0007360157016683023,6208,6100,108,31,0.005081967213114754,8192,8165,27,16,0.0019595835884874463,0.3684210526315789,0.0,0.5789473684210527,19,0,1,0
1,0,neither,company,coherent,root250,0.25,512,False,results/bios-followup-v1/editing/world-1-seed-0-neither/edits/company-coherent-root250,93,93,1.0,3,3,1.0,90,90,1.0,93,93,1.0,3,3,1.0,90,90,1.0,96,35,0.3645833333333333,45,16,0.35555555555555557,96,35,0.3645833333333333,48,17,0.3541666666666667,48,18,0.375,26,9,0.34615384615384615,19,7,0.3684210526315789,48,17,0.3541666666666667,48,18,0.375,26,9,0.34615384615384615,19,7,0.3684210526315789,20419,20210,209,34,0.001682335477486393,6,6,0,1,0.16666666666666666,768,760,8,6,0.007894736842105263,5917,5843,74,4,0.0006845798391237378,13728,13601,127,23,0.0016910521285199618,7286,7127,159,11,0.0015434264066227024,2,2,0,0,0.0,231,226,5,2,0.008849557522123894,2745,2684,61,1,0.00037257824143070045,4308,4215,93,8,0.0018979833926453143,16323,16134,189,34,0.002107350935911739,6,6,0,1,0.16666666666666666,625,619,6,6,0.009693053311793215,4876,4809,67,4,0.0008317737575379496,10816,10700,116,23,0.002149532710280374,0,0,0,0,,0,0,0,0,,4096,4076,20,0,0.0,6208,6100,108,19,0.003114754098360656,8192,8165,27,10,0.001224739742804654,0.3684210526315789,0.0,0.5789473684210527,19,0,1,0
1,0,neither,company,coherent,root500,0.5,0,False,results/bios-followup-v1/editing/world-1-seed-0-neither/edits/company-coherent-root500,93,0,0.0,3,0,0.0,90,0,0.0,93,0,0.0,3,0,0.0,90,0,0.0,96,0,0.0,45,0,0.0,96,0,0.0,48,0,0.0,48,0,0.0,26,0,0.0,19,0,0.0,48,0,0.0,48,0,0.0,26,0,0.0,19,0,0.0,20419,20210,209,0,0.0,6,6,0,0,0.0,768,760,8,0,0.0,5917,5843,74,0,0.0,13728,13601,127,0,0.0,7286,7127,159,0,0.0,2,2,0,0,0.0,231,226,5,0,0.0,2745,2684,61,0,0.0,4308,4215,93,0,0.0,16323,16134,189,0,0.0,6,6,0,0,0.0,625,619,6,0,0.0,4876,4809,67,0,0.0,10816,10700,116,0,0.0,0,0,0,0,,0,0,0,0,,4096,4076,20,0,0.0,6208,6100,108,0,0.0,8192,8165,27,0,0.0,0.0,0.0,1.0,19,0,0,0
1,0,neither,company,coherent,root500,0.5,32,False,results/bios-followup-v1/editing/world-1-seed-0-neither/edits/company-coherent-root500,93,38,0.40860215053763443,3,3,1.0,90,35,0.3888888888888889,93,38,0.40860215053763443,3,3,1.0,90,35,0.3888888888888889,96,1,0.010416666666666666,45,0,0.0,96,1,0.010416666666666666,48,1,0.020833333333333332,48,0,0.0,26,0,0.0,19,0,0.0,48,1,0.020833333333333332,48,0,0.0,26,0,0.0,19,0,0.0,20419,20210,209,199,0.009846610588817417,6,6,0,0,0.0,768,760,8,12,0.015789473684210527,5917,5843,74,77,0.013178161903131952,13728,13601,127,110,0.008087640614660687,7286,7127,159,69,0.009681492914269679,2,2,0,0,0.0,231,226,5,6,0.02654867256637168,2745,2684,61,24,0.00894187779433681,4308,4215,93,39,0.009252669039145907,16323,16134,189,153,0.009483079211602826,6,6,0,0,0.0,625,619,6,9,0.014539579967689823,4876,4809,67,50,0.010397171969224371,10816,10700,116,94,0.008785046728971962,0,0,0,0,,0,0,0,0,,4096,4076,20,46,0.011285574092247301,6208,6100,108,95,0.01557377049180328,8192,8165,27,26,0.0031843233312921003,0.0,0.0,0.8421052631578947,19,0,3,0
1,0,neither,company,coherent,root500,0.5,128,False,results/bios-followup-v1/editing/world-1-seed-0-neither/edits/company-coherent-root500,93,93,1.0,3,3,1.0,90,90,1.0,93,93,1.0,3,3,1.0,90,90,1.0,96,30,0.3125,45,13,0.28888888888888886,96,30,0.3125,48,15,0.3125,48,15,0.3125,26,7,0.2692307692307692,19,6,0.3157894736842105,48,15,0.3125,48,15,0.3125,26,7,0.2692307692307692,19,6,0.3157894736842105,20419,20210,209,62,0.0030677882236516576,6,6,0,0,0.0,768,760,8,7,0.009210526315789473,5917,5843,74,12,0.0020537395173712133,13728,13601,127,43,0.00316153224027645,7286,7127,159,23,0.0032271643047565596,2,2,0,0,0.0,231,226,5,3,0.01327433628318584,2745,2684,61,4,0.0014903129657228018,4308,4215,93,16,0.0037959667852906285,16323,16134,189,59,0.003656873682905665,6,6,0,0,0.0,625,619,6,7,0.011308562197092083,4876,4809,67,9,0.0018714909544603868,10816,10700,116,43,0.004018691588785046,0,0,0,0,,0,0,0,0,,4096,4076,20,3,0.0007360157016683023,6208,6100,108,33,0.005409836065573771,8192,8165,27,17,0.0020820575627679117,0.3157894736842105,0.0,0.631578947368421,19,0,1,0
1,0,neither,company,coherent,root500,0.5,512,False,results/bios-followup-v1/editing/world-1-seed-0-neither/edits/company-coherent-root500,93,93,1.0,3,3,1.0,90,90,1.0,93,93,1.0,3,3,1.0,90,90,1.0,96,34,0.3541666666666667,45,16,0.35555555555555557,96,34,0.3541666666666667,48,17,0.3541666666666667,48,17,0.3541666666666667,26,9,0.34615384615384615,19,7,0.3684210526315789,48,17,0.3541666666666667,48,17,0.3541666666666667,26,9,0.34615384615384615,19,7,0.3684210526315789,20419,20210,209,39,0.001929737753587333,6,6,0,0,0.0,768,760,8,7,0.009210526315789473,5917,5843,74,4,0.0006845798391237378,13728,13601,127,28,0.002058672156459084,7286,7127,159,15,0.0021046723726673216,2,2,0,0,0.0,231,226,5,3,0.01327433628318584,2745,2684,61,1,0.00037257824143070045,4308,4215,93,11,0.0026097271648873074,16323,16134,189,38,0.0023552745754307674,6,6,0,0,0.0,625,619,6,7,0.011308562197092083,4876,4809,67,4,0.0008317737575379496,10816,10700,116,27,0.0025233644859813083,0,0,0,0,,0,0,0,0,,4096,4076,20,1,0.0002453385672227674,6208,6100,108,21,0.0034426229508196723,8192,8165,27,14,0.0017146356399265156,0.3684210526315789,0.0,0.5789473684210527,19,0,1,0
1,0,neither,company,exception,uniform,0.03225806451612903,0,True,results/bios-cross-scale-dev-v1/width-256/world-1-seed-0-neither/edits/company-exception-mlp,93,0,0.0,3,0,0.0,90,0,0.0,93,0,0.0,3,0,0.0,90,0,0.0,96,0,0.0,45,0,0.0,96,0,0.0,48,0,0.0,48,0,0.0,26,0,0.0,19,0,0.0,48,0,0.0,48,0,0.0,26,0,0.0,19,0,0.0,20419,20210,209,0,0.0,6,6,0,0,0.0,768,760,8,0,0.0,5917,5843,74,0,0.0,13728,13601,127,0,0.0,7286,7127,159,0,0.0,2,2,0,0,0.0,231,226,5,0,0.0,2745,2684,61,0,0.0,4308,4215,93,0,0.0,16323,16134,189,0,0.0,6,6,0,0,0.0,625,619,6,0,0.0,4876,4809,67,0,0.0,10816,10700,116,0,0.0,0,0,0,0,,0,0,0,0,,4096,4076,20,0,0.0,6208,6100,108,0,0.0,8192,8165,27,0,0.0,0.0,0.0,1.0,19,0,0,0
1,0,neither,company,exception,uniform,0.03225806451612903,32,True,results/bios-cross-scale-dev-v1/width-256/world-1-seed-0-neither/edits/company-exception-mlp,93,30,0.3225806451612903,3,0,0.0,90,30,0.3333333333333333,93,30,0.3225806451612903,3,0,0.0,90,30,0.3333333333333333,96,0,0.0,45,0,0.0,96,0,0.0,48,0,0.0,48,0,0.0,26,0,0.0,19,0,0.0,48,0,0.0,48,0,0.0,26,0,0.0,19,0,0.0,20419,20210,209,195,0.009648688767936665,6,6,0,0,0.0,768,760,8,14,0.018421052631578946,5917,5843,74,88,0.015060756460722231,13728,13601,127,93,0.006837732519667672,7286,7127,159,58,0.008138066507646976,2,2,0,0,0.0,231,226,5,4,0.017699115044247787,2745,2684,61,27,0.010059612518628911,4308,4215,93,27,0.006405693950177936,16323,16134,189,155,0.00960704103136234,6,6,0,0,0.0,625,619,6,10,0.01615508885298869,4876,4809,67,61,0.012684549802453732,10816,10700,116,84,0.007850467289719627,0,0,0,0,,0,0,0,0,,4096,4076,20,40,0.009813542688910697,6208,6100,108,86,0.014098360655737704,8192,8165,27,21,0.0025719534598897735,0.0,0.15789473684210525,0.7368421052631579,19,0,2,0
1,0,neither,company,exception,uniform,0.03225806451612903,128,True,results/bios-cross-scale-dev-v1/width-256/world-1-seed-0-neither/edits/company-exception-mlp,93,93,1.0,3,3,1.0,90,90,1.0,93,93,1.0,3,3,1.0,90,90,1.0,96,15,0.15625,45,2,0.044444444444444446,96,15,0.15625,48,5,0.10416666666666667,48,10,0.20833333333333334,26,1,0.038461538461538464,19,1,0.05263157894736842,48,5,0.10416666666666667,48,10,0.20833333333333334,26,1,0.038461538461538464,19,1,0.05263157894736842,20419,20210,209,78,0.003859475507174666,6,6,0,2,0.3333333333333333,768,760,8,15,0.019736842105263157,5917,5843,74,20,0.003422899195618689,13728,13601,127,41,0.0030144842291008013,7286,7127,159,30,0.004209344745334643,2,2,0,1,0.5,231,226,5,5,0.022123893805309734,2745,2684,61,10,0.0037257824143070045,4308,4215,93,14,0.0033214709371293,16323,16134,189,71,0.00440064460146275,6,6,0,2,0.3333333333333333,625,619,6,14,0.022617124394184167,4876,4809,67,15,0.0031191515907673115,10816,10700,116,40,0.003738317757009346,0,0,0,0,,0,0,0,0,,4096,4076,20,7,0.0017173699705593719,6208,6100,108,29,0.004754098360655738,8192,8165,27,21,0.0025719534598897735,0.05263157894736842,0.3157894736842105,0.5789473684210527,19,0,1,0
1,0,neither,company,exception,uniform,0.03225806451612903,512,True,results/bios-cross-scale-dev-v1/width-256/world-1-seed-0-neither/edits/company-exception-mlp,93,93,1.0,3,3,1.0,90,90,1.0,93,93,1.0,3,3,1.0,90,90,1.0,96,15,0.15625,45,2,0.044444444444444446,96,15,0.15625,48,5,0.10416666666666667,48,10,0.20833333333333334,26,1,0.038461538461538464,19,1,0.05263157894736842,48,5,0.10416666666666667,48,10,0.20833333333333334,26,1,0.038461538461538464,19,1,0.05263157894736842,20419,20210,209,35,0.0017318159327065809,6,6,0,1,0.16666666666666666,768,760,8,8,0.010526315789473684,5917,5843,74,6,0.0010268697586856067,13728,13601,127,20,0.0014704801117564885,7286,7127,159,13,0.001824049389645012,2,2,0,0,0.0,231,226,5,4,0.017699115044247787,2745,2684,61,5,0.0018628912071535022,4308,4215,93,4,0.0009489916963226571,16323,16134,189,35,0.0021693318457914963,6,6,0,1,0.16666666666666666,625,619,6,8,0.012924071082390954,4876,4809,67,6,0.0012476606363069245,10816,10700,116,20,0.001869158878504673,0,0,0,0,,0,0,0,0,,4096,4076,20,0,0.0,6208,6100,108,12,0.0019672131147540984,8192,8165,27,13,0.0015921616656460501,0.05263157894736842,0.3157894736842105,0.5789473684210527,19,0,1,0
1,0,neither,company,exception,root125,0.125,0,False,results/bios-followup-v1/editing/world-1-seed-0-neither/edits/company-exception-root125,93,0,0.0,3,0,0.0,90,0,0.0,93,0,0.0,3,0,0.0,90,0,0.0,96,0,0.0,45,0,0.0,96,0,0.0,48,0,0.0,48,0,0.0,26,0,0.0,19,0,0.0,48,0,0.0,48,0,0.0,26,0,0.0,19,0,0.0,20419,20210,209,0,0.0,6,6,0,0,0.0,768,760,8,0,0.0,5917,5843,74,0,0.0,13728,13601,127,0,0.0,7286,7127,159,0,0.0,2,2,0,0,0.0,231,226,5,0,0.0,2745,2684,61,0,0.0,4308,4215,93,0,0.0,16323,16134,189,0,0.0,6,6,0,0,0.0,625,619,6,0,0.0,4876,4809,67,0,0.0,10816,10700,116,0,0.0,0,0,0,0,,0,0,0,0,,4096,4076,20,0,0.0,6208,6100,108,0,0.0,8192,8165,27,0,0.0,0.0,0.0,1.0,19,0,0,0
1,0,neither,company,exception,root125,0.125,32,False,results/bios-followup-v1/editing/world-1-seed-0-neither/edits/company-exception-root125,93,29,0.3118279569892473,3,2,0.6666666666666666,90,27,0.3,93,29,0.3118279569892473,3,2,0.6666666666666666,90,27,0.3,96,2,0.020833333333333332,45,0,0.0,96,2,0.020833333333333332,48,1,0.020833333333333332,48,1,0.020833333333333332,26,0,0.0,19,0,0.0,48,1,0.020833333333333332,48,1,0.020833333333333332,26,0,0.0,19,0,0.0,20419,20210,209,214,0.010588817417120238,6,6,0,0,0.0,768,760,8,14,0.018421052631578946,5917,5843,74,90,0.015403046380284101,13728,13601,127,110,0.008087640614660687,7286,7127,159,64,0.008979935456713904,2,2,0,0,0.0,231,226,5,4,0.017699115044247787,2745,2684,61,27,0.010059612518628911,4308,4215,93,33,0.007829181494661922,16323,16134,189,166,0.010288831040039668,6,6,0,0,0.0,625,619,6,10,0.01615508885298869,4876,4809,67,61,0.012684549802453732,10816,10700,116,95,0.008878504672897197,0,0,0,0,,0,0,0,0,,4096,4076,20,48,0.011776251226692836,6208,6100,108,102,0.016721311475409836,8192,8165,27,22,0.002694427434170239,0.0,0.15789473684210525,0.7368421052631579,19,0,2,0
1,0,neither,company,exception,root125,0.125,128,False,results/bios-followup-v1/editing/world-1-seed-0-neither/edits/company-exception-root125,93,93,1.0,3,3,1.0,90,90,1.0,93,93,1.0,3,3,1.0,90,90,1.0,96,15,0.15625,45,2,0.044444444444444446,96,15,0.15625,48,5,0.10416666666666667,48,10,0.20833333333333334,26,1,0.038461538461538464,19,1,0.05263157894736842,48,5,0.10416666666666667,48,10,0.20833333333333334,26,1,0.038461538461538464,19,1,0.05263157894736842,20419,20210,209,86,0.00425531914893617,6,6,0,2,0.3333333333333333,768,760,8,15,0.019736842105263157,5917,5843,74,21,0.0035940441553996235,13728,13601,127,48,0.0035291522682155724,7286,7127,159,32,0.004489967728356952,2,2,0,1,0.5,231,226,5,5,0.022123893805309734,2745,2684,61,9,0.0033532041728763042,4308,4215,93,17,0.004033214709371293,16323,16134,189,76,0.004710549150861535,6,6,0,2,0.3333333333333333,625,619,6,13,0.0210016155088853,4876,4809,67,15,0.0031191515907673115,10816,10700,116,46,0.004299065420560748,0,0,0,0,,0,0,0,0,,4096,4076,20,10,0.0024533856722276743,6208,6100,108,32,0.005245901639344262,8192,8165,27,24,0.00293937538273117,0.05263157894736842,0.3157894736842105,0.5789473684210527,19,0,1,0
1,0,neither,company,exception,root125,0.125,512,False,results/bios-followup-v1/editing/world-1-seed-0-neither/edits/company-exception-root125,93,93,1.0,3,3,1.0,90,90,1.0,93,93,1.0,3,3,1.0,90,90,1.0,96,16,0.16666666666666666,45,2,0.044444444444444446,96,16,0.16666666666666666,48,5,0.10416666666666667,48,11,0.22916666666666666,26,1,0.038461538461538464,19,1,0.05263157894736842,48,5,0.10416666666666667,48,11,0.22916666666666666,26,1,0.038461538461538464,19,1,0.05263157894736842,20419,20210,209,36,0.001781296387926769,6,6,0,1,0.16666666666666666,768,760,8,7,0.009210526315789473,5917,5843,74,8,0.0013691596782474755,13728,13601,127,20,0.0014704801117564885,7286,7127,159,14,0.0019643608811561668,2,2,0,0,0.0,231,226,5,4,0.017699115044247787,2745,2684,61,5,0.0018628912071535022,4308,4215,93,5,0.0011862396204033216,16323,16134,189,36,0.002231312755671253,6,6,0,1,0.16666666666666666,625,619,6,7,0.011308562197092083,4876,4809,67,8,0.0016635475150758993,10816,10700,116,20,0.001869158878504673,0,0,0,0,,0,0,0,0,,4096,4076,20,0,0.0,6208,6100,108,12,0.0019672131147540984,8192,8165,27,12,0.001469687691365585,0.05263157894736842,0.3157894736842105,0.5789473684210527,19,0,1,0
1,0,neither,company,exception,root250,0.25,0,False,results/bios-followup-v1/editing/world-1-seed-0-neither/edits/company-exception-root250,93,0,0.0,3,0,0.0,90,0,0.0,93,0,0.0,3,0,0.0,90,0,0.0,96,0,0.0,45,0,0.0,96,0,0.0,48,0,0.0,48,0,0.0,26,0,0.0,19,0,0.0,48,0,0.0,48,0,0.0,26,0,0.0,19,0,0.0,20419,20210,209,0,0.0,6,6,0,0,0.0,768,760,8,0,0.0,5917,5843,74,0,0.0,13728,13601,127,0,0.0,7286,7127,159,0,0.0,2,2,0,0,0.0,231,226,5,0,0.0,2745,2684,61,0,0.0,4308,4215,93,0,0.0,16323,16134,189,0,0.0,6,6,0,0,0.0,625,619,6,0,0.0,4876,4809,67,0,0.0,10816,10700,116,0,0.0,0,0,0,0,,0,0,0,0,,4096,4076,20,0,0.0,6208,6100,108,0,0.0,8192,8165,27,0,0.0,0.0,0.0,1.0,19,0,0,0
1,0,neither,company,exception,root250,0.25,32,False,results/bios-followup-v1/editing/world-1-seed-0-neither/edits/company-exception-root250,93,22,0.23655913978494625,3,2,0.6666666666666666,90,20,0.2222222222222222,93,22,0.23655913978494625,3,2,0.6666666666666666,90,20,0.2222222222222222,96,1,0.010416666666666666,45,0,0.0,96,1,0.010416666666666666,48,0,0.0,48,1,0.020833333333333332,26,0,0.0,19,0,0.0,48,0,0.0,48,1,0.020833333333333332,26,0,0.0,19,0,0.0,20419,20210,209,213,0.010539336961900049,6,6,0,0,0.0,768,760,8,15,0.019736842105263157,5917,5843,74,84,0.014376176621598494,13728,13601,127,114,0.008381736637011984,7286,7127,159,66,0.009260558439736215,2,2,0,0,0.0,231,226,5,5,0.022123893805309734,2745,2684,61,25,0.009314456035767511,4308,4215,93,36,0.008540925266903915,16323,16134,189,166,0.010288831040039668,6,6,0,0,0.0,625,619,6,11,0.017770597738287562,4876,4809,67,55,0.011436889166146809,10816,10700,116,100,0.009345794392523364,0,0,0,0,,0,0,0,0,,4096,4076,20,47,0.011530912659470068,6208,6100,108,104,0.017049180327868854,8192,8165,27,24,0.00293937538273117,0.0,0.10526315789473684,0.7894736842105263,19,0,2,0
1,0,neither,company,exception,root250,0.25,128,False,results/bios-followup-v1/editing/world-1-seed-0-neither/edits/company-exception-root250,93,93,1.0,3,3,1.0,90,90,1.0,93,93,1.0,3,3,1.0,90,90,1.0,96,16,0.16666666666666666,45,3,0.06666666666666667,96,16,0.16666666666666666,48,6,0.125,48,10,0.20833333333333334,26,2,0.07692307692307693,19,1,0.05263157894736842,48,6,0.125,48,10,0.20833333333333334,26,2,0.07692307692307693,19,1,0.05263157894736842,20419,20210,209,92,0.004552201880257298,6,6,0,2,0.3333333333333333,768,760,8,16,0.021052631578947368,5917,5843,74,24,0.004107479034742427,13728,13601,127,50,0.0036762002793912212,7286,7127,159,36,0.0050512136944015715,2,2,0,1,0.5,231,226,5,6,0.02654867256637168,2745,2684,61,10,0.0037257824143070045,4308,4215,93,19,0.0045077105575326215,16323,16134,189,83,0.005144415520019834,6,6,0,2,0.3333333333333333,625,619,6,14,0.022617124394184167,4876,4809,67,18,0.0037429819089207735,10816,10700,116,49,0.004579439252336449,0,0,0,0,,0,0,0,0,,4096,4076,20,9,0.002208047105004907,6208,6100,108,35,0.005737704918032787,8192,8165,27,24,0.00293937538273117,0.05263157894736842,0.3157894736842105,0.5789473684210527,19,0,1,0
1,0,neither,company,exception,root250,0.25,512,False,results/bios-followup-v1/editing/world-1-seed-0-neither/edits/company-exception-root250,93,93,1.0,3,3,1.0,90,90,1.0,93,93,1.0,3,3,1.0,90,90,1.0,96,16,0.16666666666666666,45,2,0.044444444444444446,96,16,0.16666666666666666,48,5,0.10416666666666667,48,11,0.22916666666666666,26,1,0.038461538461538464,19,1,0.05263157894736842,48,5,0.10416666666666667,48,11,0.22916666666666666,26,1,0.038461538461538464,19,1,0.05263157894736842,20419,20210,209,34,0.001682335477486393,6,6,0,1,0.16666666666666666,768,760,8,7,0.009210526315789473,5917,5843,74,7,0.001198014718466541,13728,13601,127,19,0.0013969561061686641,7286,7127,159,13,0.001824049389645012,2,2,0,0,0.0,231,226,5,4,0.017699115044247787,2745,2684,61,4,0.0014903129657228018,4308,4215,93,5,0.0011862396204033216,16323,16134,189,34,0.002107350935911739,6,6,0,1,0.16666666666666666,625,619,6,7,0.011308562197092083,4876,4809,67,7,0.001455604075691412,10816,10700,116,19,0.0017757009345794393,0,0,0,0,,0,0,0,0,,4096,4076,20,0,0.0,6208,6100,108,11,0.0018032786885245902,8192,8165,27,12,0.001469687691365585,0.05263157894736842,0.3157894736842105,0.5789473684210527,19,0,1,0
1,0,neither,company,exception,root500,0.5,0,True,results/bios-mechanism-dev-v1/p1/width-256/world-1-seed-0-neither/edits/company-class-balanced-exception,93,0,0.0,3,0,0.0,90,0,0.0,93,0,0.0,3,0,0.0,90,0,0.0,96,0,0.0,45,0,0.0,96,0,0.0,48,0,0.0,48,0,0.0,26,0,0.0,19,0,0.0,48,0,0.0,48,0,0.0,26,0,0.0,19,0,0.0,20419,20210,209,0,0.0,6,6,0,0,0.0,768,760,8,0,0.0,5917,5843,74,0,0.0,13728,13601,127,0,0.0,7286,7127,159,0,0.0,2,2,0,0,0.0,231,226,5,0,0.0,2745,2684,61,0,0.0,4308,4215,93,0,0.0,16323,16134,189,0,0.0,6,6,0,0,0.0,625,619,6,0,0.0,4876,4809,67,0,0.0,10816,10700,116,0,0.0,0,0,0,0,,0,0,0,0,,4096,4076,20,0,0.0,6208,6100,108,0,0.0,8192,8165,27,0,0.0,0.0,0.0,1.0,19,0,0,0
1,0,neither,company,exception,root500,0.5,32,True,results/bios-mechanism-dev-v1/p1/width-256/world-1-seed-0-neither/edits/company-class-balanced-exception,93,18,0.1935483870967742,3,3,1.0,90,15,0.16666666666666666,93,18,0.1935483870967742,3,3,1.0,90,15,0.16666666666666666,96,0,0.0,45,0,0.0,96,0,0.0,48,0,0.0,48,0,0.0,26,0,0.0,19,0,0.0,48,0,0.0,48,0,0.0,26,0,0.0,19,0,0.0,20419,20210,209,197,0.009747649678377041,6,6,0,0,0.0,768,760,8,13,0.017105263157894738,5917,5843,74,74,0.01266472702378915,13728,13601,127,110,0.008087640614660687,7286,7127,159,61,0.00855900098218044,2,2,0,0,0.0,231,226,5,6,0.02654867256637168,2745,2684,61,21,0.00782414307004471,4308,4215,93,34,0.008066429418742586,16323,16134,189,154,0.009545060121482584,6,6,0,0,0.0,625,619,6,10,0.01615508885298869,4876,4809,67,49,0.010189228529839884,10816,10700,116,95,0.008878504672897197,0,0,0,0,,0,0,0,0,,4096,4076,20,43,0.010549558390578999,6208,6100,108,99,0.016229508196721313,8192,8165,27,23,0.0028169014084507044,0.0,0.05263157894736842,0.7894736842105263,19,0,3,0
1,0,neither,company,exception,root500,0.5,128,True,results/bios-mechanism-dev-v1/p1/width-256/world-1-seed-0-neither/edits/company-class-balanced-exception,93,93,1.0,3,3,1.0,90,90,1.0,93,93,1.0,3,3,1.0,90,90,1.0,96,19,0.19791666666666666,45,3,0.06666666666666667,96,19,0.19791666666666666,48,7,0.14583333333333334,48,12,0.25,26,2,0.07692307692307693,19,1,0.05263157894736842,48,7,0.14583333333333334,48,12,0.25,26,2,0.07692307692307693,19,1,0.05263157894736842,20419,20210,209,93,0.004601682335477486,6,6,0,1,0.16666666666666666,768,760,8,16,0.021052631578947368,5917,5843,74,19,0.0032517542358377546,13728,13601,127,57,0.004190868318505992,7286,7127,159,37,0.005191525185912726,2,2,0,0,0.0,231,226,5,6,0.02654867256637168,2745,2684,61,8,0.0029806259314456036,4308,4215,93,23,0.005456702253855279,16323,16134,189,85,0.005268377339779348,6,6,0,1,0.16666666666666666,625,619,6,14,0.022617124394184167,4876,4809,67,14,0.002911208151382824,10816,10700,116,56,0.005233644859813084,0,0,0,0,,0,0,0,0,,4096,4076,20,8,0.001962708537782139,6208,6100,108,41,0.006721311475409836,8192,8165,27,26,0.0031843233312921003,0.05263157894736842,0.3157894736842105,0.5789473684210527,19,0,1,0
1,0,neither,company,exception,root500,0.5,512,True,results/bios-mechanism-dev-v1/p1/width-256/world-1-seed-0-neither/edits/company-class-balanced-exception,93,93,1.0,3,3,1.0,90,90,1.0,93,93,1.0,3,3,1.0,90,90,1.0,96,16,0.16666666666666666,45,2,0.044444444444444446,96,16,0.16666666666666666,48,4,0.08333333333333333,48,12,0.25,26,0,0.0,19,2,0.10526315789473684,48,4,0.08333333333333333,48,12,0.25,26,0,0.0,19,2,0.10526315789473684,20419,20210,209,39,0.001929737753587333,6,6,0,1,0.16666666666666666,768,760,8,6,0.007894736842105263,5917,5843,74,8,0.0013691596782474755,13728,13601,127,24,0.0017645761341077862,7286,7127,159,15,0.0021046723726673216,2,2,0,0,0.0,231,226,5,4,0.017699115044247787,2745,2684,61,4,0.0014903129657228018,4308,4215,93,7,0.00166073546856465,16323,16134,189,38,0.0023552745754307674,6,6,0,1,0.16666666666666666,625,619,6,6,0.009693053311793215,4876,4809,67,8,0.0016635475150758993,10816,10700,116,23,0.002149532710280374,0,0,0,0,,0,0,0,0,,4096,4076,20,1,0.0002453385672227674,6208,6100,108,14,0.0022950819672131148,8192,8165,27,14,0.0017146356399265156,0.10526315789473684,0.2631578947368421,0.5789473684210527,19,0,1,0
1,0,neither,project,coherent,uniform,0.03225806451612903,0,True,results/bios-cross-scale-dev-v1/width-256/world-1-seed-0-neither/edits/project-coherent-mlp,93,0,0.0,3,0,0.0,90,0,0.0,93,0,0.0,3,0,0.0,90,0,0.0,96,0,0.0,45,0,0.0,96,0,0.0,48,0,0.0,48,0,0.0,19,0,0.0,26,0,0.0,48,0,0.0,48,0,0.0,19,0,0.0,26,0,0.0,20419,20210,209,0,0.0,6,6,0,0,0.0,768,763,5,0,0.0,5917,5812,105,0,0.0,13728,13629,99,0,0.0,7286,7133,153,0,0.0,2,2,0,0,0.0,231,227,4,0,0.0,2745,2659,86,0,0.0,4308,4245,63,0,0.0,16323,16126,197,0,0.0,4,4,0,0,0.0,596,591,5,0,0.0,4921,4820,101,0,0.0,10802,10711,91,0,0.0,0,0,0,0,,0,0,0,0,,4096,4084,12,0,0.0,6208,6131,77,0,0.0,8192,8165,27,0,0.0,0.0,0.0,1.0,26,0,0,0
1,0,neither,project,coherent,uniform,0.03225806451612903,32,True,results/bios-cross-scale-dev-v1/width-256/world-1-seed-0-neither/edits/project-coherent-mlp,93,62,0.6666666666666666,3,0,0.0,90,62,0.6888888888888889,93,62,0.6666666666666666,3,0,0.0,90,62,0.6888888888888889,96,8,0.08333333333333333,45,5,0.1111111111111111,96,8,0.08333333333333333,48,1,0.020833333333333332,48,7,0.14583333333333334,19,1,0.05263157894736842,26,4,0.15384615384615385,48,1,0.020833333333333332,48,7,0.14583333333333334,19,1,0.05263157894736842,26,4,0.15384615384615385,20419,20210,209,159,0.007867392380009896,6,6,0,1,0.16666666666666666,768,763,5,6,0.007863695937090432,5917,5812,105,100,0.017205781142463867,13728,13629,99,52,0.0038153936459021207,7286,7133,153,40,0.005607738679377541,2,2,0,0,0.0,231,227,4,0,0.0,2745,2659,86,28,0.010530274539300489,4308,4245,63,12,0.0028268551236749115,16323,16126,197,121,0.007503410641200546,4,4,0,0,0.0,596,591,5,4,0.00676818950930626,4921,4820,101,76,0.015767634854771784,10802,10711,91,41,0.0038278405377649145,0,0,0,0,,0,0,0,0,,4096,4084,12,38,0.00930460333006856,6208,6131,77,22,0.003588321644103735,8192,8165,27,35,0.004286589099816289,0.15384615384615385,0.0,0.8461538461538461,26,0,0,0
1,0,neither,project,coherent,uniform,0.03225806451612903,128,True,results/bios-cross-scale-dev-v1/width-256/world-1-seed-0-neither/edits/project-coherent-mlp,93,93,1.0,3,3,1.0,90,90,1.0,93,93,1.0,3,3,1.0,90,90,1.0,96,69,0.71875,45,34,0.7555555555555555,96,69,0.71875,48,33,0.6875,48,36,0.75,19,13,0.6842105263157895,26,21,0.8076923076923077,48,33,0.6875,48,36,0.75,19,13,0.6842105263157895,26,21,0.8076923076923077,20419,20210,209,85,0.004205838693715982,6,6,0,1,0.16666666666666666,768,763,5,3,0.003931847968545216,5917,5812,105,47,0.008086717136958018,13728,13629,99,34,0.002494680460782156,7286,7133,153,35,0.004906771344455349,2,2,0,0,0.0,231,227,4,3,0.013215859030837005,2745,2659,86,18,0.006769462203836028,4308,4245,63,14,0.003297997644287397,16323,16126,197,82,0.005084955971722684,4,4,0,0,0.0,596,591,5,3,0.005076142131979695,4921,4820,101,46,0.009543568464730291,10802,10711,91,33,0.0030809448230790775,0,0,0,0,,0,0,0,0,,4096,4084,12,3,0.0007345739471106758,6208,6131,77,24,0.00391453270265862,8192,8165,27,12,0.001469687691365585,0.8076923076923077,0.0,0.19230769230769232,26,0,0,0
1,0,neither,project,coherent,uniform,0.03225806451612903,512,True,results/bios-cross-scale-dev-v1/width-256/world-1-seed-0-neither/edits/project-coherent-mlp,93,93,1.0,3,3,1.0,90,90,1.0,93,93,1.0,3,3,1.0,90,90,1.0,96,71,0.7395833333333334,45,35,0.7777777777777778,96,71,0.7395833333333334,48,36,0.75,48,35,0.7291666666666666,19,14,0.7368421052631579,26,21,0.8076923076923077,48,36,0.75,48,35,0.7291666666666666,19,14,0.7368421052631579,26,21,0.8076923076923077,20419,20210,209,49,0.0024245423057892134,6,6,0,0,0.0,768,763,5,1,0.001310615989515072,5917,5812,105,28,0.004817618719889883,13728,13629,99,20,0.0014674590945777386,7286,7133,153,24,0.0033646432076265245,2,2,0,0,0.0,231,227,4,1,0.004405286343612335,2745,2659,86,12,0.0045129748025573525,4308,4245,63,11,0.002591283863368669,16323,16126,197,48,0.0029765595932035225,4,4,0,0,0.0,596,591,5,1,0.001692047377326565,4921,4820,101,27,0.0056016597510373444,10802,10711,91,20,0.0018672392867145925,0,0,0,0,,0,0,0,0,,4096,4084,12,1,0.0002448579823702253,6208,6131,77,17,0.0027727939977165226,8192,8165,27,4,0.0004898958971218616,0.8076923076923077,0.0,0.19230769230769232,26,0,0,0
1,0,neither,project,coherent,root125,0.125,0,False,results/bios-followup-v1/editing/world-1-seed-0-neither/edits/project-coherent-root125,93,0,0.0,3,0,0.0,90,0,0.0,93,0,0.0,3,0,0.0,90,0,0.0,96,0,0.0,45,0,0.0,96,0,0.0,48,0,0.0,48,0,0.0,19,0,0.0,26,0,0.0,48,0,0.0,48,0,0.0,19,0,0.0,26,0,0.0,20419,20210,209,0,0.0,6,6,0,0,0.0,768,763,5,0,0.0,5917,5812,105,0,0.0,13728,13629,99,0,0.0,7286,7133,153,0,0.0,2,2,0,0,0.0,231,227,4,0,0.0,2745,2659,86,0,0.0,4308,4245,63,0,0.0,16323,16126,197,0,0.0,4,4,0,0,0.0,596,591,5,0,0.0,4921,4820,101,0,0.0,10802,10711,91,0,0.0,0,0,0,0,,0,0,0,0,,4096,4084,12,0,0.0,6208,6131,77,0,0.0,8192,8165,27,0,0.0,0.0,0.0,1.0,26,0,0,0
1,0,neither,project,coherent,root125,0.125,32,False,results/bios-followup-v1/editing/world-1-seed-0-neither/edits/project-coherent-root125,93,65,0.6989247311827957,3,1,0.3333333333333333,90,64,0.7111111111111111,93,65,0.6989247311827957,3,1,0.3333333333333333,90,64,0.7111111111111111,96,7,0.07291666666666667,45,6,0.13333333333333333,96,7,0.07291666666666667,48,1,0.020833333333333332,48,6,0.125,19,1,0.05263157894736842,26,5,0.19230769230769232,48,1,0.020833333333333332,48,6,0.125,19,1,0.05263157894736842,26,5,0.19230769230769232,20419,20210,209,159,0.007867392380009896,6,6,0,1,0.16666666666666666,768,763,5,5,0.00655307994757536,5917,5812,105,96,0.016517549896765314,13728,13629,99,57,0.004182258419546555,7286,7133,153,40,0.005607738679377541,2,2,0,0,0.0,231,227,4,1,0.004405286343612335,2745,2659,86,24,0.009025949605114705,4308,4245,63,15,0.0035335689045936395,16323,16126,197,121,0.007503410641200546,4,4,0,0,0.0,596,591,5,4,0.00676818950930626,4921,4820,101,72,0.014937759336099586,10802,10711,91,45,0.004201288395107833,0,0,0,0,,0,0,0,0,,4096,4084,12,38,0.00930460333006856,6208,6131,77,29,0.0047300603490458325,8192,8165,27,33,0.004041641151255358,0.19230769230769232,0.0,0.8076923076923077,26,0,0,0
1,0,neither,project,coherent,root125,0.125,128,False,results/bios-followup-v1/editing/world-1-seed-0-neither/edits/project-coherent-root125,93,93,1.0,3,3,1.0,90,90,1.0,93,93,1.0,3,3,1.0,90,90,1.0,96,66,0.6875,45,31,0.6888888888888889,96,66,0.6875,48,31,0.6458333333333334,48,35,0.7291666666666666,19,11,0.5789473684210527,26,20,0.7692307692307693,48,31,0.6458333333333334,48,35,0.7291666666666666,19,11,0.5789473684210527,26,20,0.7692307692307693,20419,20210,209,85,0.004205838693715982,6,6,0,1,0.16666666666666666,768,763,5,2,0.002621231979030144,5917,5812,105,48,0.008258774948382657,13728,13629,99,34,0.002494680460782156,7286,7133,153,33,0.004626384410486471,2,2,0,0,0.0,231,227,4,2,0.00881057268722467,2745,2659,86,18,0.006769462203836028,4308,4245,63,13,0.003062426383981154,16323,16126,197,81,0.005022944313530944,4,4,0,0,0.0,596,591,5,2,0.00338409475465313,4921,4820,101,46,0.009543568464730291,10802,10711,91,33,0.0030809448230790775,0,0,0,0,,0,0,0,0,,4096,4084,12,4,0.0009794319294809011,6208,6131,77,24,0.00391453270265862,8192,8165,27,12,0.001469687691365585,0.7692307692307693,0.0,0.23076923076923078,26,0,0,0
1,0,neither,project,coherent,root125,0.125,512,False,results/bios-followup-v1/editing/world-1-seed-0-neither/edits/project-coherent-root125,93,93,1.0,3,3,1.0,90,90,1.0,93,93,1.0,3,3,1.0,90,90,1.0,96,70,0.7291666666666666,45,35,0.7777777777777778,96,70,0.7291666666666666,48,35,0.7291666666666666,48,35,0.7291666666666666,19,14,0.7368421052631579,26,21,0.8076923076923077,48,35,0.7291666666666666,48,35,0.7291666666666666,19,14,0.7368421052631579,26,21,0.8076923076923077,20419,20210,209,51,0.002523503216229589,6,6,0,0,0.0,768,763,5,1,0.001310615989515072,5917,5812,105,28,0.004817618719889883,13728,13629,99,22,0.0016142050040355124,7286,7133,153,26,0.0036450301415954017,2,2,0,0,0.0,231,227,4,1,0.004405286343612335,2745,2659,86,13,0.004889056036103798,4308,4245,63,12,0.0028268551236749115,16323,16126,197,51,0.0031625945677787423,4,4,0,0,0.0,596,591,5,1,0.001692047377326565,4921,4820,101,28,0.005809128630705394,10802,10711,91,22,0.0020539632153860517,0,0,0,0,,0,0,0,0,,4096,4084,12,0,0.0,6208,6131,77,19,0.0030990050562714074,8192,8165,27,4,0.0004898958971218616,0.8076923076923077,0.0,0.19230769230769232,26,0,0,0
1,0,neither,project,coherent,root250,0.25,0,False,results/bios-followup-v1/editing/world-1-seed-0-neither/edits/project-coherent-root250,93,0,0.0,3,0,0.0,90,0,0.0,93,0,0.0,3,0,0.0,90,0,0.0,96,0,0.0,45,0,0.0,96,0,0.0,48,0,0.0,48,0,0.0,19,0,0.0,26,0,0.0,48,0,0.0,48,0,0.0,19,0,0.0,26,0,0.0,20419,20210,209,0,0.0,6,6,0,0,0.0,768,763,5,0,0.0,5917,5812,105,0,0.0,13728,13629,99,0,0.0,7286,7133,153,0,0.0,2,2,0,0,0.0,231,227,4,0,0.0,2745,2659,86,0,0.0,4308,4245,63,0,0.0,16323,16126,197,0,0.0,4,4,0,0,0.0,596,591,5,0,0.0,4921,4820,101,0,0.0,10802,10711,91,0,0.0,0,0,0,0,,0,0,0,0,,4096,4084,12,0,0.0,6208,6131,77,0,0.0,8192,8165,27,0,0.0,0.0,0.0,1.0,26,0,0,0
1,0,neither,project,coherent,root250,0.25,32,False,results/bios-followup-v1/editing/world-1-seed-0-neither/edits/project-coherent-root250,93,55,0.5913978494623656,3,2,0.6666666666666666,90,53,0.5888888888888889,93,55,0.5913978494623656,3,2,0.6666666666666666,90,53,0.5888888888888889,96,6,0.0625,45,5,0.1111111111111111,96,6,0.0625,48,1,0.020833333333333332,48,5,0.10416666666666667,19,1,0.05263157894736842,26,4,0.15384615384615385,48,1,0.020833333333333332,48,5,0.10416666666666667,19,1,0.05263157894736842,26,4,0.15384615384615385,20419,20210,209,159,0.007867392380009896,6,6,0,1,0.16666666666666666,768,763,5,4,0.005242463958060288,5917,5812,105,94,0.016173434273916036,13728,13629,99,60,0.004402377283733216,7286,7133,153,40,0.005607738679377541,2,2,0,0,0.0,231,227,4,1,0.004405286343612335,2745,2659,86,24,0.009025949605114705,4308,4245,63,15,0.0035335689045936395,16323,16126,197,123,0.007627433957584025,4,4,0,0,0.0,596,591,5,3,0.005076142131979695,4921,4820,101,72,0.014937759336099586,10802,10711,91,48,0.004481374288115022,0,0,0,0,,0,0,0,0,,4096,4084,12,36,0.00881488736532811,6208,6131,77,32,0.0052193769368781605,8192,8165,27,32,0.0039191671769748925,0.15384615384615385,0.0,0.8461538461538461,26,0,0,0
1,0,neither,project,coherent,root250,0.25,128,False,results/bios-followup-v1/editing/world-1-seed-0-neither/edits/project-coherent-root250,93,93,1.0,3,3,1.0,90,90,1.0,93,93,1.0,3,3,1.0,90,90,1.0,96,64,0.6666666666666666,45,30,0.6666666666666666,96,64,0.6666666666666666,48,30,0.625,48,34,0.7083333333333334,19,11,0.5789473684210527,26,19,0.7307692307692307,48,30,0.625,48,34,0.7083333333333334,19,11,0.5789473684210527,26,19,0.7307692307692307,20419,20210,209,86,0.00425531914893617,6,6,0,1,0.16666666666666666,768,763,5,2,0.002621231979030144,5917,5812,105,47,0.008086717136958018,13728,13629,99,36,0.0026414263702399295,7286,7133,153,32,0.004486190943502033,2,2,0,0,0.0,231,227,4,1,0.004405286343612335,2745,2659,86,18,0.006769462203836028,4308,4245,63,13,0.003062426383981154,16323,16126,197,82,0.005084955971722684,4,4,0,0,0.0,596,591,5,2,0.00338409475465313,4921,4820,101,45,0.00933609958506224,10802,10711,91,35,0.003267668751750537,0,0,0,0,,0,0,0,0,,4096,4084,12,4,0.0009794319294809011,6208,6131,77,25,0.004077638231936063,8192,8165,27,13,0.0015921616656460501,0.7307692307692307,0.0,0.2692307692307692,26,0,0,0
1,0,neither,project,coherent,root250,0.25,512,False,results/bios-followup-v1/editing/world-1-seed-0-neither/edits/project-coherent-root250,93,93,1.0,3,3,1.0,90,90,1.0,93,93,1.0,3,3,1.0,90,90,1.0,96,67,0.6979166666666666,45,33,0.7333333333333333,96,67,0.6979166666666666,48,34,0.7083333333333334,48,33,0.6875,19,14,0.7368421052631579,26,19,0.7307692307692307,48,34,0.7083333333333334,48,33,0.6875,19,14,0.7368421052631579,26,19,0.7307692307692307,20419,20210,209,53,0.0026224641266699654,6,6,0,0,0.0,768,763,5,1,0.001310615989515072,5917,5812,105,29,0.004989676531314522,13728,13629,99,23,0.0016875779587643995,7286,7133,153,25,0.0035048366746109633,2,2,0,0,0.0,231,227,4,1,0.004405286343612335,2745,2659,86,13,0.004889056036103798,4308,4245,63,11,0.002591283863368669,16323,16126,197,53,0.0032866178841622225,4,4,0,0,0.0,596,591,5,1,0.001692047377326565,4921,4820,101,29,0.006016597510373444,10802,10711,91,23,0.002147325179721781,0,0,0,0,,0,0,0,0,,4096,4084,12,0,0.0,6208,6131,77,19,0.0030990050562714074,8192,8165,27,5,0.000612369871402327,0.7307692307692307,0.0,0.2692307692307692,26,0,0,0
1,0,neither,project,coherent,root500,0.5,0,False,results/bios-followup-v1/editing/world-1-seed-0-neither/edits/project-coherent-root500,93,0,0.0,3,0,0.0,90,0,0.0,93,0,0.0,3,0,0.0,90,0,0.0,96,0,0.0,45,0,0.0,96,0,0.0,48,0,0.0,48,0,0.0,19,0,0.0,26,0,0.0,48,0,0.0,48,0,0.0,19,0,0.0,26,0,0.0,20419,20210,209,0,0.0,6,6,0,0,0.0,768,763,5,0,0.0,5917,5812,105,0,0.0,13728,13629,99,0,0.0,7286,7133,153,0,0.0,2,2,0,0,0.0,231,227,4,0,0.0,2745,2659,86,0,0.0,4308,4245,63,0,0.0,16323,16126,197,0,0.0,4,4,0,0,0.0,596,591,5,0,0.0,4921,4820,101,0,0.0,10802,10711,91,0,0.0,0,0,0,0,,0,0,0,0,,4096,4084,12,0,0.0,6208,6131,77,0,0.0,8192,8165,27,0,0.0,0.0,0.0,1.0,26,0,0,0
1,0,neither,project,coherent,root500,0.5,32,False,results/bios-followup-v1/editing/world-1-seed-0-neither/edits/project-coherent-root500,93,26,0.27956989247311825,3,1,0.3333333333333333,90,25,0.2777777777777778,93,26,0.27956989247311825,3,1,0.3333333333333333,90,25,0.2777777777777778,96,4,0.041666666666666664,45,4,0.08888888888888889,96,4,0.041666666666666664,48,1,0.020833333333333332,48,3,0.0625,19,1,0.05263157894736842,26,3,0.11538461538461539,48,1,0.020833333333333332,48,3,0.0625,19,1,0.05263157894736842,26,3,0.11538461538461539,20419,20210,209,145,0.007174666006927264,6,6,0,1,0.16666666666666666,768,763,5,2,0.002621231979030144,5917,5812,105,84,0.014452856159669649,13728,13629,99,58,0.004255631374275442,7286,7133,153,36,0.005046964811439787,2,2,0,0,0.0,231,227,4,0,0.0,2745,2659,86,22,0.008273787138021812,4308,4245,63,14,0.003297997644287397,16323,16126,197,113,0.007007317375666625,4,4,0,0,0.0,596,591,5,2,0.00338409475465313,4921,4820,101,63,0.013070539419087137,10802,10711,91,48,0.004481374288115022,0,0,0,0,,0,0,0,0,,4096,4084,12,32,0.007835455435847209,6208,6131,77,29,0.0047300603490458325,8192,8165,27,31,0.0037966932026944275,0.11538461538461539,0.0,0.8846153846153846,26,0,0,0
1,0,neither,project,coherent,root500,0.5,128,False,results/bios-followup-v1/editing/world-1-seed-0-neither/edits/project-coherent-root500,93,93,1.0,3,3,1.0,90,90,1.0,93,93,1.0,3,3,1.0,90,90,1.0,96,54,0.5625,45,25,0.5555555555555556,96,54,0.5625,48,24,0.5,48,30,0.625,19,8,0.42105263157894735,26,17,0.6538461538461539,48,24,0.5,48,30,0.625,19,8,0.42105263157894735,26,17,0.6538461538461539,20419,20210,209,88,0.0043542800593765465,6,6,0,1,0.16666666666666666,768,763,5,2,0.002621231979030144,5917,5812,105,46,0.007914659325533379,13728,13629,99,39,0.00286154523442659,7286,7133,153,33,0.004626384410486471,2,2,0,0,0.0,231,227,4,1,0.004405286343612335,2745,2659,86,16,0.006017299736743136,4308,4245,63,16,0.003769140164899882,16323,16126,197,84,0.005208979288106164,4,4,0,0,0.0,596,591,5,2,0.00338409475465313,4921,4820,101,44,0.009128630705394191,10802,10711,91,38,0.0035477546447577257,0,0,0,0,,0,0,0,0,,4096,4084,12,4,0.0009794319294809011,6208,6131,77,28,0.00456695481976839,8192,8165,27,13,0.0015921616656460501,0.6538461538461539,0.0,0.34615384615384615,26,0,0,0
1,0,neither,project,coherent,root500,0.5,512,False,results/bios-followup-v1/editing/world-1-seed-0-neither/edits/project-coherent-root500,93,93,1.0,3,3,1.0,90,90,1.0,93,93,1.0,3,3,1.0,90,90,1.0,96,62,0.6458333333333334,45,30,0.6666666666666666,96,62,0.6458333333333334,48,29,0.6041666666666666,48,33,0.6875,19,11,0.5789473684210527,26,19,0.7307692307692307,48,29,0.6041666666666666,48,33,0.6875,19,11,0.5789473684210527,26,19,0.7307692307692307,20419,20210,209,53,0.0026224641266699654,6,6,0,0,0.0,768,763,5,1,0.001310615989515072,5917,5812,105,26,0.004473503097040606,13728,13629,99,26,0.0019076968229510603,7286,7133,153,24,0.0033646432076265245,2,2,0,0,0.0,231,227,4,1,0.004405286343612335,2745,2659,86,10,0.00376081233546446,4308,4245,63,13,0.003062426383981154,16323,16126,197,51,0.0031625945677787423,4,4,0,0,0.0,596,591,5,1,0.001692047377326565,4921,4820,101,25,0.005186721991701245,10802,10711,91,25,0.0023340491083932405,0,0,0,0,,0,0,0,0,,4096,4084,12,2,0.0004897159647404506,6208,6131,77,21,0.0034252161148262926,8192,8165,27,6,0.0007348438456827925,0.7307692307692307,0.0,0.2692307692307692,26,0,0,0
1,0,neither,project,exception,uniform,0.03225806451612903,0,True,results/bios-cross-scale-dev-v1/width-256/world-1-seed-0-neither/edits/project-exception-mlp,93,0,0.0,3,0,0.0,90,0,0.0,93,0,0.0,3,0,0.0,90,0,0.0,96,0,0.0,45,0,0.0,96,0,0.0,48,0,0.0,48,0,0.0,19,0,0.0,26,0,0.0,48,0,0.0,48,0,0.0,19,0,0.0,26,0,0.0,20419,20210,209,0,0.0,6,6,0,0,0.0,768,763,5,0,0.0,5917,5812,105,0,0.0,13728,13629,99,0,0.0,7286,7133,153,0,0.0,2,2,0,0,0.0,231,227,4,0,0.0,2745,2659,86,0,0.0,4308,4245,63,0,0.0,16323,16126,197,0,0.0,4,4,0,0,0.0,596,591,5,0,0.0,4921,4820,101,0,0.0,10802,10711,91,0,0.0,0,0,0,0,,0,0,0,0,,4096,4084,12,0,0.0,6208,6131,77,0,0.0,8192,8165,27,0,0.0,0.0,0.0,1.0,26,0,0,0
1,0,neither,project,exception,uniform,0.03225806451612903,32,True,results/bios-cross-scale-dev-v1/width-256/world-1-seed-0-neither/edits/project-exception-mlp,93,35,0.3763440860215054,3,0,0.0,90,35,0.3888888888888889,93,35,0.3763440860215054,3,0,0.0,90,35,0.3888888888888889,96,0,0.0,45,0,0.0,96,0,0.0,48,0,0.0,48,0,0.0,19,0,0.0,26,0,0.0,48,0,0.0,48,0,0.0,19,0,0.0,26,0,0.0,20419,20210,209,135,0.006679861454725384,6,6,0,1,0.16666666666666666,768,763,5,6,0.007863695937090432,5917,5812,105,87,0.014969029593943564,13728,13629,99,41,0.0030082911438843642,7286,7133,153,35,0.004906771344455349,2,2,0,0,0.0,231,227,4,1,0.004405286343612335,2745,2659,86,27,0.010154193305754042,4308,4245,63,7,0.0016489988221436984,16323,16126,197,108,0.006697259084707925,4,4,0,0,0.0,596,591,5,3,0.005076142131979695,4921,4820,101,71,0.014730290456431535,10802,10711,91,34,0.0031743067874148074,0,0,0,0,,0,0,0,0,,4096,4084,12,27,0.006611165523996082,6208,6131,77,16,0.0026096884684390803,8192,8165,27,29,0.0035517452541334966,0.0,0.11538461538461539,0.8461538461538461,26,0,1,0
1,0,neither,project,exception,uniform,0.03225806451612903,128,True,results/bios-cross-scale-dev-v1/width-256/world-1-seed-0-neither/edits/project-exception-mlp,93,93,1.0,3,3,1.0,90,90,1.0,93,93,1.0,3,3,1.0,90,90,1.0,96,30,0.3125,45,5,0.1111111111111111,96,30,0.3125,48,14,0.2916666666666667,48,16,0.3333333333333333,19,1,0.05263157894736842,26,4,0.15384615384615385,48,14,0.2916666666666667,48,16,0.3333333333333333,19,1,0.05263157894736842,26,4,0.15384615384615385,20419,20210,209,93,0.004601682335477486,6,6,0,1,0.16666666666666666,768,763,5,6,0.007863695937090432,5917,5812,105,53,0.00911906400550585,13728,13629,99,33,0.002421307506053269,7286,7133,153,36,0.005046964811439787,2,2,0,0,0.0,231,227,4,3,0.013215859030837005,2745,2659,86,20,0.00752162467092892,4308,4245,63,13,0.003062426383981154,16323,16126,197,87,0.0053950142626813845,4,4,0,0,0.0,596,591,5,6,0.01015228426395939,4921,4820,101,50,0.01037344398340249,10802,10711,91,31,0.002894220894407618,0,0,0,0,,0,0,0,0,,4096,4084,12,6,0.0014691478942213516,6208,6131,77,20,0.00326211058554885,8192,8165,27,17,0.0020820575627679117,0.15384615384615385,0.6153846153846154,0.23076923076923078,26,0,0,0
1,0,neither,project,exception,uniform,0.03225806451612903,512,True,results/bios-cross-scale-dev-v1/width-256/world-1-seed-0-neither/edits/project-exception-mlp,93,93,1.0,3,3,1.0,90,90,1.0,93,93,1.0,3,3,1.0,90,90,1.0,96,27,0.28125,45,4,0.08888888888888889,96,27,0.28125,48,11,0.22916666666666666,48,16,0.3333333333333333,19,1,0.05263157894736842,26,3,0.11538461538461539,48,11,0.22916666666666666,48,16,0.3333333333333333,19,1,0.05263157894736842,26,3,0.11538461538461539,20419,20210,209,55,0.0027214250371103412,6,6,0,0,0.0,768,763,5,2,0.002621231979030144,5917,5812,105,29,0.004989676531314522,13728,13629,99,24,0.0017609509134932863,7286,7133,153,22,0.0030842562736576474,2,2,0,0,0.0,231,227,4,2,0.00881057268722467,2745,2659,86,12,0.0045129748025573525,4308,4245,63,8,0.001884570082449941,16323,16126,197,55,0.0034106412005457027,4,4,0,0,0.0,596,591,5,2,0.00338409475465313,4921,4820,101,29,0.006016597510373444,10802,10711,91,24,0.002240687144057511,0,0,0,0,,0,0,0,0,,4096,4084,12,0,0.0,6208,6131,77,16,0.0026096884684390803,8192,8165,27,10,0.001224739742804654,0.11538461538461539,0.6538461538461539,0.19230769230769232,26,0,1,0
1,0,neither,project,exception,root125,0.125,0,False,results/bios-followup-v1/editing/world-1-seed-0-neither/edits/project-exception-root125,93,0,0.0,3,0,0.0,90,0,0.0,93,0,0.0,3,0,0.0,90,0,0.0,96,0,0.0,45,0,0.0,96,0,0.0,48,0,0.0,48,0,0.0,19,0,0.0,26,0,0.0,48,0,0.0,48,0,0.0,19,0,0.0,26,0,0.0,20419,20210,209,0,0.0,6,6,0,0,0.0,768,763,5,0,0.0,5917,5812,105,0,0.0,13728,13629,99,0,0.0,7286,7133,153,0,0.0,2,2,0,0,0.0,231,227,4,0,0.0,2745,2659,86,0,0.0,4308,4245,63,0,0.0,16323,16126,197,0,0.0,4,4,0,0,0.0,596,591,5,0,0.0,4921,4820,101,0,0.0,10802,10711,91,0,0.0,0,0,0,0,,0,0,0,0,,4096,4084,12,0,0.0,6208,6131,77,0,0.0,8192,8165,27,0,0.0,0.0,0.0,1.0,26,0,0,0
1,0,neither,project,exception,root125,0.125,32,False,results/bios-followup-v1/editing/world-1-seed-0-neither/edits/project-exception-root125,93,30,0.3225806451612903,3,0,0.0,90,30,0.3333333333333333,93,30,0.3225806451612903,3,0,0.0,90,30,0.3333333333333333,96,0,0.0,45,0,0.0,96,0,0.0,48,0,0.0,48,0,0.0,19,0,0.0,26,0,0.0,48,0,0.0,48,0,0.0,19,0,0.0,26,0,0.0,20419,20210,209,146,0.007224146462147452,6,6,0,1,0.16666666666666666,768,763,5,4,0.005242463958060288,5917,5812,105,96,0.016517549896765314,13728,13629,99,45,0.003301782962799912,7286,7133,153,38,0.005327351745408664,2,2,0,0,0.0,231,227,4,1,0.004405286343612335,2745,2659,86,29,0.010906355772846935,4308,4245,63,8,0.001884570082449941,16323,16126,197,115,0.0071313406920501055,4,4,0,0,0.0,596,591,5,2,0.00338409475465313,4921,4820,101,76,0.015767634854771784,10802,10711,91,37,0.0034543926804219962,0,0,0,0,,0,0,0,0,,4096,4084,12,31,0.0075905974534769835,6208,6131,77,18,0.002935899526993965,8192,8165,27,30,0.003674219228413962,0.0,0.11538461538461539,0.8461538461538461,26,0,1,0
1,0,neither,project,exception,root125,0.125,128,False,results/bios-followup-v1/editing/world-1-seed-0-neither/edits/project-exception-root125,93,93,1.0,3,3,1.0,90,90,1.0,93,93,1.0,3,3,1.0,90,90,1.0,96,28,0.2916666666666667,45,6,0.13333333333333333,96,28,0.2916666666666667,48,12,0.25,48,16,0.3333333333333333,19,1,0.05263157894736842,26,5,0.19230769230769232,48,12,0.25,48,16,0.3333333333333333,19,1,0.05263157894736842,26,5,0.19230769230769232,20419,20210,209,90,0.004453240969816922,6,6,0,1,0.16666666666666666,768,763,5,6,0.007863695937090432,5917,5812,105,52,0.008947006194081212,13728,13629,99,31,0.002274561596595495,7286,7133,153,34,0.0047665778774709094,2,2,0,0,0.0,231,227,4,3,0.013215859030837005,2745,2659,86,19,0.007145543437382475,4308,4245,63,12,0.0028268551236749115,16323,16126,197,85,0.005270990946297904,4,4,0,0,0.0,596,591,5,6,0.01015228426395939,4921,4820,101,49,0.01016597510373444,10802,10711,91,30,0.0028008589300718887,0,0,0,0,,0,0,0,0,,4096,4084,12,5,0.0012242899118511264,6208,6131,77,21,0.0034252161148262926,8192,8165,27,15,0.001837109614206981,0.19230769230769232,0.5769230769230769,0.23076923076923078,26,0,0,0
1,0,neither,project,exception,root125,0.125,512,False,results/bios-followup-v1/editing/world-1-seed-0-neither/edits/project-exception-root125,93,93,1.0,3,3,1.0,90,90,1.0,93,93,1.0,3,3,1.0,90,90,1.0,96,28,0.2916666666666667,45,5,0.1111111111111111,96,28,0.2916666666666667,48,11,0.22916666666666666,48,17,0.3541666666666667,19,1,0.05263157894736842,26,4,0.15384615384615385,48,11,0.22916666666666666,48,17,0.3541666666666667,19,1,0.05263157894736842,26,4,0.15384615384615385,20419,20210,209,52,0.0025729836714497773,6,6,0,0,0.0,768,763,5,3,0.003931847968545216,5917,5812,105,28,0.004817618719889883,13728,13629,99,21,0.0015408320493066256,7286,7133,153,22,0.0030842562736576474,2,2,0,0,0.0,231,227,4,2,0.00881057268722467,2745,2659,86,12,0.0045129748025573525,4308,4245,63,8,0.001884570082449941,16323,16126,197,52,0.0032246062259704824,4,4,0,0,0.0,596,591,5,3,0.005076142131979695,4921,4820,101,28,0.005809128630705394,10802,10711,91,21,0.001960601251050322,0,0,0,0,,0,0,0,0,,4096,4084,12,0,0.0,6208,6131,77,16,0.0026096884684390803,8192,8165,27,8,0.0009797917942437231,0.15384615384615385,0.6153846153846154,0.19230769230769232,26,0,1,0
1,0,neither,project,exception,root250,0.25,0,False,results/bios-followup-v1/editing/world-1-seed-0-neither/edits/project-exception-root250,93,0,0.0,3,0,0.0,90,0,0.0,93,0,0.0,3,0,0.0,90,0,0.0,96,0,0.0,45,0,0.0,96,0,0.0,48,0,0.0,48,0,0.0,19,0,0.0,26,0,0.0,48,0,0.0,48,0,0.0,19,0,0.0,26,0,0.0,20419,20210,209,0,0.0,6,6,0,0,0.0,768,763,5,0,0.0,5917,5812,105,0,0.0,13728,13629,99,0,0.0,7286,7133,153,0,0.0,2,2,0,0,0.0,231,227,4,0,0.0,2745,2659,86,0,0.0,4308,4245,63,0,0.0,16323,16126,197,0,0.0,4,4,0,0,0.0,596,591,5,0,0.0,4921,4820,101,0,0.0,10802,10711,91,0,0.0,0,0,0,0,,0,0,0,0,,4096,4084,12,0,0.0,6208,6131,77,0,0.0,8192,8165,27,0,0.0,0.0,0.0,1.0,26,0,0,0
1,0,neither,project,exception,root250,0.25,32,False,results/bios-followup-v1/editing/world-1-seed-0-neither/edits/project-exception-root250,93,25,0.26881720430107525,3,1,0.3333333333333333,90,24,0.26666666666666666,93,25,0.26881720430107525,3,1,0.3333333333333333,90,24,0.26666666666666666,96,0,0.0,45,0,0.0,96,0,0.0,48,0,0.0,48,0,0.0,19,0,0.0,26,0,0.0,48,0,0.0,48,0,0.0,19,0,0.0,26,0,0.0,20419,20210,209,138,0.006828302820385947,6,6,0,1,0.16666666666666666,768,763,5,5,0.00655307994757536,5917,5812,105,83,0.01428079834824501,13728,13629,99,49,0.0035952747817154596,7286,7133,153,33,0.004626384410486471,2,2,0,0,0.0,231,227,4,1,0.004405286343612335,2745,2659,86,23,0.008649868371568259,4308,4245,63,9,0.0021201413427561835,16323,16126,197,108,0.006697259084707925,4,4,0,0,0.0,596,591,5,3,0.005076142131979695,4921,4820,101,66,0.013692946058091286,10802,10711,91,39,0.003641116609093455,0,0,0,0,,0,0,0,0,,4096,4084,12,30,0.007345739471106758,6208,6131,77,22,0.003588321644103735,8192,8165,27,31,0.0037966932026944275,0.0,0.038461538461538464,0.9615384615384616,26,0,0,0
1,0,neither,project,exception,root250,0.25,128,False,results/bios-followup-v1/editing/world-1-seed-0-neither/edits/project-exception-root250,93,93,1.0,3,3,1.0,90,90,1.0,93,93,1.0,3,3,1.0,90,90,1.0,96,28,0.2916666666666667,45,7,0.15555555555555556,96,28,0.2916666666666667,48,11,0.22916666666666666,48,17,0.3541666666666667,19,1,0.05263157894736842,26,6,0.23076923076923078,48,11,0.22916666666666666,48,17,0.3541666666666667,19,1,0.05263157894736842,26,6,0.23076923076923078,20419,20210,209,87,0.004304799604156358,6,6,0,1,0.16666666666666666,768,763,5,5,0.00655307994757536,5917,5812,105,50,0.008602890571231933,13728,13629,99,31,0.002274561596595495,7286,7133,153,30,0.004205804009533156,2,2,0,0,0.0,231,227,4,2,0.00881057268722467,2745,2659,86,17,0.006393380970289583,4308,4245,63,11,0.002591283863368669,16323,16126,197,81,0.005022944313530944,4,4,0,0,0.0,596,591,5,5,0.008460236886632826,4921,4820,101,47,0.00975103734439834,10802,10711,91,29,0.0027074969657361592,0,0,0,0,,0,0,0,0,,4096,4084,12,6,0.0014691478942213516,6208,6131,77,22,0.003588321644103735,8192,8165,27,13,0.0015921616656460501,0.23076923076923078,0.5384615384615384,0.23076923076923078,26,0,0,0
1,0,neither,project,exception,root250,0.25,512,False,results/bios-followup-v1/editing/world-1-seed-0-neither/edits/project-exception-root250,93,93,1.0,3,3,1.0,90,90,1.0,93,93,1.0,3,3,1.0,90,90,1.0,96,27,0.28125,45,5,0.1111111111111111,96,27,0.28125,48,10,0.20833333333333334,48,17,0.3541666666666667,19,0,0.0,26,5,0.19230769230769232,48,10,0.20833333333333334,48,17,0.3541666666666667,19,0,0.0,26,5,0.19230769230769232,20419,20210,209,48,0.0023750618505690253,6,6,0,0,0.0,768,763,5,4,0.005242463958060288,5917,5812,105,26,0.004473503097040606,13728,13629,99,18,0.0013207131851199648,7286,7133,153,20,0.0028038693396887707,2,2,0,0,0.0,231,227,4,2,0.00881057268722467,2745,2659,86,12,0.0045129748025573525,4308,4245,63,6,0.0014134275618374558,16323,16126,197,48,0.0029765595932035225,4,4,0,0,0.0,596,591,5,4,0.00676818950930626,4921,4820,101,26,0.0053941908713692945,10802,10711,91,18,0.0016805153580431332,0,0,0,0,,0,0,0,0,,4096,4084,12,0,0.0,6208,6131,77,15,0.0024465829391616374,8192,8165,27,7,0.0008573178199632578,0.19230769230769232,0.5769230769230769,0.19230769230769232,26,0,1,0
1,0,neither,project,exception,root500,0.5,0,True,results/bios-mechanism-dev-v1/p1/width-256/world-1-seed-0-neither/edits/project-class-balanced-exception,93,0,0.0,3,0,0.0,90,0,0.0,93,0,0.0,3,0,0.0,90,0,0.0,96,0,0.0,45,0,0.0,96,0,0.0,48,0,0.0,48,0,0.0,19,0,0.0,26,0,0.0,48,0,0.0,48,0,0.0,19,0,0.0,26,0,0.0,20419,20210,209,0,0.0,6,6,0,0,0.0,768,763,5,0,0.0,5917,5812,105,0,0.0,13728,13629,99,0,0.0,7286,7133,153,0,0.0,2,2,0,0,0.0,231,227,4,0,0.0,2745,2659,86,0,0.0,4308,4245,63,0,0.0,16323,16126,197,0,0.0,4,4,0,0,0.0,596,591,5,0,0.0,4921,4820,101,0,0.0,10802,10711,91,0,0.0,0,0,0,0,,0,0,0,0,,4096,4084,12,0,0.0,6208,6131,77,0,0.0,8192,8165,27,0,0.0,0.0,0.0,1.0,26,0,0,0
1,0,neither,project,exception,root500,0.5,32,True,results/bios-mechanism-dev-v1/p1/width-256/world-1-seed-0-neither/edits/project-class-balanced-exception,93,12,0.12903225806451613,3,1,0.3333333333333333,90,11,0.12222222222222222,93,12,0.12903225806451613,3,1,0.3333333333333333,90,11,0.12222222222222222,96,1,0.010416666666666666,45,1,0.022222222222222223,96,1,0.010416666666666666,48,0,0.0,48,1,0.020833333333333332,19,0,0.0,26,1,0.038461538461538464,48,0,0.0,48,1,0.020833333333333332,19,0,0.0,26,1,0.038461538461538464,20419,20210,209,134,0.006630380999505196,6,6,0,0,0.0,768,763,5,3,0.003931847968545216,5917,5812,105,82,0.014108740536820371,13728,13629,99,49,0.0035952747817154596,7286,7133,153,32,0.004486190943502033,2,2,0,0,0.0,231,227,4,1,0.004405286343612335,2745,2659,86,22,0.008273787138021812,4308,4245,63,9,0.0021201413427561835,16323,16126,197,107,0.006635247426516185,4,4,0,0,0.0,596,591,5,3,0.005076142131979695,4921,4820,101,62,0.012863070539419087,10802,10711,91,42,0.003921202502100644,0,0,0,0,,0,0,0,0,,4096,4084,12,27,0.006611165523996082,6208,6131,77,23,0.003751427173381178,8192,8165,27,29,0.0035517452541334966,0.038461538461538464,0.0,0.9615384615384616,26,0,0,0
1,0,neither,project,exception,root500,0.5,128,True,results/bios-mechanism-dev-v1/p1/width-256/world-1-seed-0-neither/edits/project-class-balanced-exception,93,93,1.0,3,3,1.0,90,90,1.0,93,93,1.0,3,3,1.0,90,90,1.0,96,30,0.3125,45,8,0.17777777777777778,96,30,0.3125,48,13,0.2708333333333333,48,17,0.3541666666666667,19,2,0.10526315789473684,26,6,0.23076923076923078,48,13,0.2708333333333333,48,17,0.3541666666666667,19,2,0.10526315789473684,26,6,0.23076923076923078,20419,20210,209,81,0.00400791687283523,6,6,0,0,0.0,768,763,5,4,0.005242463958060288,5917,5812,105,45,0.007742601514108741,13728,13629,99,32,0.002347934551324382,7286,7133,153,31,0.004345997476517594,2,2,0,0,0.0,231,227,4,1,0.004405286343612335,2745,2659,86,16,0.006017299736743136,4308,4245,63,14,0.003297997644287397,16323,16126,197,77,0.0047748976807639835,4,4,0,0,0.0,596,591,5,4,0.00676818950930626,4921,4820,101,42,0.008713692946058092,10802,10711,91,31,0.002894220894407618,0,0,0,0,,0,0,0,0,,4096,4084,12,4,0.0009794319294809011,6208,6131,77,24,0.00391453270265862,8192,8165,27,11,0.0013472137170851195,0.23076923076923078,0.5,0.2692307692307692,26,0,0,0
1,0,neither,project,exception,root500,0.5,512,True,results/bios-mechanism-dev-v1/p1/width-256/world-1-seed-0-neither/edits/project-class-balanced-exception,93,93,1.0,3,3,1.0,90,90,1.0,93,93,1.0,3,3,1.0,90,90,1.0,96,27,0.28125,45,7,0.15555555555555556,96,27,0.28125,48,9,0.1875,48,18,0.375,19,0,0.0,26,7,0.2692307692307692,48,9,0.1875,48,18,0.375,19,0,0.0,26,7,0.2692307692307692,20419,20210,209,44,0.0021771400296882733,6,6,0,0,0.0,768,763,5,4,0.005242463958060288,5917,5812,105,23,0.0039573296627666895,13728,13629,99,17,0.001247340230391078,7286,7133,153,18,0.0025234824057198935,2,2,0,0,0.0,231,227,4,2,0.00881057268722467,2745,2659,86,10,0.00376081233546446,4308,4245,63,6,0.0014134275618374558,16323,16126,197,44,0.002728512960436562,4,4,0,0,0.0,596,591,5,4,0.00676818950930626,4921,4820,101,23,0.004771784232365146,10802,10711,91,17,0.0015871533937074037,0,0,0,0,,0,0,0,0,,4096,4084,12,0,0.0,6208,6131,77,15,0.0024465829391616374,8192,8165,27,6,0.0007348438456827925,0.2692307692307692,0.4230769230769231,0.2692307692307692,26,0,1,0
1,1,company,company,coherent,uniform,0.03225806451612903,0,True,results/bios-cross-scale-dev-v1/width-256/world-1-seed-1-company/edits/company-coherent-mlp,93,0,0.0,3,0,0.0,90,0,0.0,93,0,0.0,3,0,0.0,90,0,0.0,96,0,0.0,45,0,0.0,96,0,0.0,48,0,0.0,48,0,0.0,26,0,0.0,19,0,0.0,48,0,0.0,48,0,0.0,26,0,0.0,19,0,0.0,20419,20235,184,0,0.0,6,5,1,0,0.0,768,759,9,0,0.0,5917,5877,40,0,0.0,13728,13594,134,0,0.0,7286,7173,113,0,0.0,2,2,0,0,0.0,231,228,3,0,0.0,2745,2713,32,0,0.0,4308,4230,78,0,0.0,16323,16155,168,0,0.0,6,5,1,0,0.0,625,617,8,0,0.0,4876,4838,38,0,0.0,10816,10695,121,0,0.0,0,0,0,0,,0,0,0,0,,4096,4080,16,0,0.0,6208,6125,83,0,0.0,8192,8134,58,0,0.0,0.0,0.0,1.0,19,0,0,0
1,1,company,company,coherent,uniform,0.03225806451612903,32,True,results/bios-cross-scale-dev-v1/width-256/world-1-seed-1-company/edits/company-coherent-mlp,93,7,0.07526881720430108,3,0,0.0,90,7,0.07777777777777778,93,7,0.07526881720430108,3,0,0.0,90,7,0.07777777777777778,96,2,0.020833333333333332,45,1,0.022222222222222223,96,2,0.020833333333333332,48,0,0.0,48,2,0.041666666666666664,26,0,0.0,19,1,0.05263157894736842,48,0,0.0,48,2,0.041666666666666664,26,0,0.0,19,1,0.05263157894736842,20419,20235,184,99,0.004892512972572276,6,5,1,0,0.0,768,759,9,5,0.006587615283267457,5917,5877,40,34,0.005785264590777607,13728,13594,134,60,0.004413711931734589,7286,7173,113,44,0.006134114038756448,2,2,0,0,0.0,231,228,3,1,0.0043859649122807015,2745,2713,32,23,0.008477699963140435,4308,4230,78,20,0.004728132387706856,16323,16155,168,81,0.005013927576601671,6,5,1,0,0.0,625,617,8,4,0.006482982171799027,4876,4838,38,31,0.0064076064489458455,10816,10695,121,46,0.004301075268817204,0,0,0,0,,0,0,0,0,,4096,4080,16,18,0.004411764705882353,6208,6125,83,48,0.00783673469387755,8192,8134,58,17,0.002089992623555446,0.05263157894736842,0.0,0.8947368421052632,19,0,1,0
1,1,company,company,coherent,uniform,0.03225806451612903,128,True,results/bios-cross-scale-dev-v1/width-256/world-1-seed-1-company/edits/company-coherent-mlp,93,93,1.0,3,3,1.0,90,90,1.0,93,93,1.0,3,3,1.0,90,90,1.0,96,96,1.0,45,45,1.0,96,96,1.0,48,48,1.0,48,48,1.0,26,26,1.0,19,19,1.0,48,48,1.0,48,48,1.0,26,26,1.0,19,19,1.0,20419,20235,184,155,0.0076599950580677045,6,5,1,1,0.2,768,759,9,13,0.017127799736495388,5917,5877,40,23,0.003913561340820147,13728,13594,134,118,0.008680300132411358,7286,7173,113,77,0.010734699567823783,2,2,0,0,0.0,231,228,3,5,0.021929824561403508,2745,2713,32,15,0.0055289347585698485,4308,4230,78,57,0.01347517730496454,16323,16155,168,142,0.008789848344165893,6,5,1,1,0.2,625,617,8,11,0.017828200972447326,4876,4838,38,21,0.00434063662670525,10816,10695,121,109,0.010191678354371202,0,0,0,0,,0,0,0,0,,4096,4080,16,13,0.0031862745098039215,6208,6125,83,113,0.018448979591836733,8192,8134,58,18,0.0022129333661175315,1.0,0.0,0.0,19,0,0,0
1,1,company,company,coherent,uniform,0.03225806451612903,512,True,results/bios-cross-scale-dev-v1/width-256/world-1-seed-1-company/edits/company-coherent-mlp,93,93,1.0,3,3,1.0,90,90,1.0,93,93,1.0,3,3,1.0,90,90,1.0,96,95,0.9895833333333334,45,45,1.0,96,95,0.9895833333333334,48,48,1.0,48,47,0.9791666666666666,26,26,1.0,19,19,1.0,48,48,1.0,48,47,0.9791666666666666,26,26,1.0,19,19,1.0,20419,20235,184,74,0.0036570298986903877,6,5,1,1,0.2,768,759,9,6,0.007905138339920948,5917,5877,40,12,0.002041858090862685,13728,13594,134,55,0.00404590260409004,7286,7173,113,38,0.005297643942562387,2,2,0,0,0.0,231,228,3,2,0.008771929824561403,2745,2713,32,9,0.003317360855141909,4308,4230,78,27,0.006382978723404255,16323,16155,168,74,0.004580625193438564,6,5,1,1,0.2,625,617,8,6,0.009724473257698542,4876,4838,38,12,0.0024803637866887144,10816,10695,121,55,0.005142589995324918,0,0,0,0,,0,0,0,0,,4096,4080,16,0,0.0,6208,6125,83,49,0.008,8192,8134,58,12,0.0014752889107450208,1.0,0.0,0.0,19,0,0,0
1,1,company,company,coherent,root125,0.125,0,False,results/bios-followup-v1/editing/world-1-seed-1-company/edits/company-coherent-root125,93,0,0.0,3,0,0.0,90,0,0.0,93,0,0.0,3,0,0.0,90,0,0.0,96,0,0.0,45,0,0.0,96,0,0.0,48,0,0.0,48,0,0.0,26,0,0.0,19,0,0.0,48,0,0.0,48,0,0.0,26,0,0.0,19,0,0.0,20419,20235,184,0,0.0,6,5,1,0,0.0,768,759,9,0,0.0,5917,5877,40,0,0.0,13728,13594,134,0,0.0,7286,7173,113,0,0.0,2,2,0,0,0.0,231,228,3,0,0.0,2745,2713,32,0,0.0,4308,4230,78,0,0.0,16323,16155,168,0,0.0,6,5,1,0,0.0,625,617,8,0,0.0,4876,4838,38,0,0.0,10816,10695,121,0,0.0,0,0,0,0,,0,0,0,0,,4096,4080,16,0,0.0,6208,6125,83,0,0.0,8192,8134,58,0,0.0,0.0,0.0,1.0,19,0,0,0
1,1,company,company,coherent,root125,0.125,32,False,results/bios-followup-v1/editing/world-1-seed-1-company/edits/company-coherent-root125,93,7,0.07526881720430108,3,0,0.0,90,7,0.07777777777777778,93,7,0.07526881720430108,3,0,0.0,90,7,0.07777777777777778,96,2,0.020833333333333332,45,1,0.022222222222222223,96,2,0.020833333333333332,48,0,0.0,48,2,0.041666666666666664,26,0,0.0,19,1,0.05263157894736842,48,0,0.0,48,2,0.041666666666666664,26,0,0.0,19,1,0.05263157894736842,20419,20235,184,91,0.0044971583889300715,6,5,1,0,0.0,768,759,9,3,0.003952569169960474,5917,5877,40,35,0.005955419431682831,13728,13594,134,53,0.00389877887303222,7286,7173,113,42,0.005855290673358427,2,2,0,0,0.0,231,228,3,1,0.0043859649122807015,2745,2713,32,24,0.008846295613711759,4308,4230,78,17,0.004018912529550827,16323,16155,168,75,0.004642525533890436,6,5,1,0,0.0,625,617,8,2,0.0032414910858995136,4876,4838,38,32,0.006614303431169905,10816,10695,121,41,0.00383356708742403,0,0,0,0,,0,0,0,0,,4096,4080,16,16,0.00392156862745098,6208,6125,83,42,0.006857142857142857,8192,8134,58,14,0.0017211703958691911,0.05263157894736842,0.0,0.8947368421052632,19,0,1,0
1,1,company,company,coherent,root125,0.125,128,False,results/bios-followup-v1/editing/world-1-seed-1-company/edits/company-coherent-root125,93,93,1.0,3,3,1.0,90,90,1.0,93,93,1.0,3,3,1.0,90,90,1.0,96,95,0.9895833333333334,45,45,1.0,96,95,0.9895833333333334,48,48,1.0,48,47,0.9791666666666666,26,26,1.0,19,19,1.0,48,48,1.0,48,47,0.9791666666666666,26,26,1.0,19,19,1.0,20419,20235,184,167,0.008253026933531011,6,5,1,1,0.2,768,759,9,13,0.017127799736495388,5917,5877,40,24,0.00408371618172537,13728,13594,134,129,0.009489480653229366,7286,7173,113,79,0.011013522933221803,2,2,0,0,0.0,231,228,3,5,0.021929824561403508,2745,2713,32,14,0.005160339107998526,4308,4230,78,60,0.014184397163120567,16323,16155,168,151,0.009346951408232745,6,5,1,1,0.2,625,617,8,11,0.017828200972447326,4876,4838,38,20,0.00413393964448119,10816,10695,121,119,0.01112669471715755,0,0,0,0,,0,0,0,0,,4096,4080,16,16,0.00392156862745098,6208,6125,83,122,0.019918367346938776,8192,8134,58,20,0.0024588148512417014,1.0,0.0,0.0,19,0,0,0
1,1,company,company,coherent,root125,0.125,512,False,results/bios-followup-v1/editing/world-1-seed-1-company/edits/company-coherent-root125,93,93,1.0,3,3,1.0,90,90,1.0,93,93,1.0,3,3,1.0,90,90,1.0,96,95,0.9895833333333334,45,45,1.0,96,95,0.9895833333333334,48,48,1.0,48,47,0.9791666666666666,26,26,1.0,19,19,1.0,48,48,1.0,48,47,0.9791666666666666,26,26,1.0,19,19,1.0,20419,20235,184,75,0.0037064492216456633,6,5,1,1,0.2,768,759,9,6,0.007905138339920948,5917,5877,40,12,0.002041858090862685,13728,13594,134,56,0.004119464469618949,7286,7173,113,41,0.005715878990659417,2,2,0,0,0.0,231,228,3,2,0.008771929824561403,2745,2713,32,10,0.003685956505713233,4308,4230,78,29,0.006855791962174941,16323,16155,168,75,0.004642525533890436,6,5,1,1,0.2,625,617,8,6,0.009724473257698542,4876,4838,38,12,0.0024803637866887144,10816,10695,121,56,0.005236091631603553,0,0,0,0,,0,0,0,0,,4096,4080,16,0,0.0,6208,6125,83,51,0.008326530612244898,8192,8134,58,11,0.0013523481681829359,1.0,0.0,0.0,19,0,0,0
1,1,company,company,coherent,root250,0.25,0,False,results/bios-followup-v1/editing/world-1-seed-1-company/edits/company-coherent-root250,93,0,0.0,3,0,0.0,90,0,0.0,93,0,0.0,3,0,0.0,90,0,0.0,96,0,0.0,45,0,0.0,96,0,0.0,48,0,0.0,48,0,0.0,26,0,0.0,19,0,0.0,48,0,0.0,48,0,0.0,26,0,0.0,19,0,0.0,20419,20235,184,0,0.0,6,5,1,0,0.0,768,759,9,0,0.0,5917,5877,40,0,0.0,13728,13594,134,0,0.0,7286,7173,113,0,0.0,2,2,0,0,0.0,231,228,3,0,0.0,2745,2713,32,0,0.0,4308,4230,78,0,0.0,16323,16155,168,0,0.0,6,5,1,0,0.0,625,617,8,0,0.0,4876,4838,38,0,0.0,10816,10695,121,0,0.0,0,0,0,0,,0,0,0,0,,4096,4080,16,0,0.0,6208,6125,83,0,0.0,8192,8134,58,0,0.0,0.0,0.0,1.0,19,0,0,0
1,1,company,company,coherent,root250,0.25,32,False,results/bios-followup-v1/editing/world-1-seed-1-company/edits/company-coherent-root250,93,4,0.043010752688172046,3,0,0.0,90,4,0.044444444444444446,93,4,0.043010752688172046,3,0,0.0,90,4,0.044444444444444446,96,1,0.010416666666666666,45,0,0.0,96,1,0.010416666666666666,48,0,0.0,48,1,0.020833333333333332,26,0,0.0,19,0,0.0,48,0,0.0,48,1,0.020833333333333332,26,0,0.0,19,0,0.0,20419,20235,184,84,0.004151223128243143,6,5,1,0,0.0,768,759,9,2,0.002635046113306983,5917,5877,40,32,0.00544495490896716,13728,13594,134,50,0.0036780932764454905,7286,7173,113,37,0.005158232259863377,2,2,0,0,0.0,231,228,3,0,0.0,2745,2713,32,21,0.007740508661997788,4308,4230,78,16,0.0037825059101654845,16323,16155,168,69,0.004271123491179201,6,5,1,0,0.0,625,617,8,1,0.0016207455429497568,4876,4838,38,29,0.005994212484497726,10816,10695,121,39,0.0036465638148667602,0,0,0,0,,0,0,0,0,,4096,4080,16,15,0.003676470588235294,6208,6125,83,38,0.006204081632653061,8192,8134,58,14,0.0017211703958691911,0.0,0.0,0.9473684210526315,19,0,1,0
1,1,company,company,coherent,root250,0.25,128,False,results/bios-followup-v1/editing/world-1-seed-1-company/edits/company-coherent-root250,93,93,1.0,3,3,1.0,90,90,1.0,93,93,1.0,3,3,1.0,90,90,1.0,96,94,0.9791666666666666,45,45,1.0,96,94,0.9791666666666666,48,48,1.0,48,46,0.9583333333333334,26,26,1.0,19,19,1.0,48,48,1.0,48,46,0.9583333333333334,26,26,1.0,19,19,1.0,20419,20235,184,176,0.00869780084012849,6,5,1,1,0.2,768,759,9,16,0.021080368906455864,5917,5877,40,22,0.0037434064999149227,13728,13594,134,137,0.010077975577460645,7286,7173,113,85,0.011849993029415865,2,2,0,0,0.0,231,228,3,6,0.02631578947368421,2745,2713,32,14,0.005160339107998526,4308,4230,78,65,0.015366430260047281,16323,16155,168,162,0.010027855153203343,6,5,1,1,0.2,625,617,8,14,0.022690437601296597,4876,4838,38,20,0.00413393964448119,10816,10695,121,127,0.01187470780738663,0,0,0,0,,0,0,0,0,,4096,4080,16,14,0.003431372549019608,6208,6125,83,133,0.021714285714285714,8192,8134,58,20,0.0024588148512417014,1.0,0.0,0.0,19,0,0,0
1,1,company,company,coherent,root250,0.25,512,False,results/bios-followup-v1/editing/world-1-seed-1-company/edits/company-coherent-root250,93,93,1.0,3,3,1.0,90,90,1.0,93,93,1.0,3,3,1.0,90,90,1.0,96,95,0.9895833333333334,45,45,1.0,96,95,0.9895833333333334,48,48,1.0,48,47,0.9791666666666666,26,26,1.0,19,19,1.0,48,48,1.0,48,47,0.9791666666666666,26,26,1.0,19,19,1.0,20419,20235,184,76,0.003755868544600939,6,5,1,1,0.2,768,759,9,6,0.007905138339920948,5917,5877,40,11,0.0018717032499574614,13728,13594,134,58,0.0042665882006767695,7286,7173,113,41,0.005715878990659417,2,2,0,0,0.0,231,228,3,2,0.008771929824561403,2745,2713,32,9,0.003317360855141909,4308,4230,78,30,0.0070921985815602835,16323,16155,168,76,0.0047044258743423086,6,5,1,1,0.2,625,617,8,6,0.009724473257698542,4876,4838,38,11,0.0022736668044646548,10816,10695,121,58,0.005423094904160822,0,0,0,0,,0,0,0,0,,4096,4080,16,0,0.0,6208,6125,83,52,0.008489795918367347,8192,8134,58,12,0.0014752889107450208,1.0,0.0,0.0,19,0,0,0
1,1,company,company,coherent,root500,0.5,0,False,results/bios-followup-v1/editing/world-1-seed-1-company/edits/company-coherent-root500,93,0,0.0,3,0,0.0,90,0,0.0,93,0,0.0,3,0,0.0,90,0,0.0,96,0,0.0,45,0,0.0,96,0,0.0,48,0,0.0,48,0,0.0,26,0,0.0,19,0,0.0,48,0,0.0,48,0,0.0,26,0,0.0,19,0,0.0,20419,20235,184,0,0.0,6,5,1,0,0.0,768,759,9,0,0.0,5917,5877,40,0,0.0,13728,13594,134,0,0.0,7286,7173,113,0,0.0,2,2,0,0,0.0,231,228,3,0,0.0,2745,2713,32,0,0.0,4308,4230,78,0,0.0,16323,16155,168,0,0.0,6,5,1,0,0.0,625,617,8,0,0.0,4876,4838,38,0,0.0,10816,10695,121,0,0.0,0,0,0,0,,0,0,0,0,,4096,4080,16,0,0.0,6208,6125,83,0,0.0,8192,8134,58,0,0.0,0.0,0.0,1.0,19,0,0,0
1,1,company,company,coherent,root500,0.5,32,False,results/bios-followup-v1/editing/world-1-seed-1-company/edits/company-coherent-root500,93,2,0.021505376344086023,3,0,0.0,90,2,0.022222222222222223,93,2,0.021505376344086023,3,0,0.0,90,2,0.022222222222222223,96,1,0.010416666666666666,45,0,0.0,96,1,0.010416666666666666,48,0,0.0,48,1,0.020833333333333332,26,0,0.0,19,0,0.0,48,0,0.0,48,1,0.020833333333333332,26,0,0.0,19,0,0.0,20419,20235,184,67,0.003311094638003459,6,5,1,0,0.0,768,759,9,2,0.002635046113306983,5917,5877,40,25,0.004253871022630594,13728,13594,134,40,0.0029424746211563924,7286,7173,113,27,0.0037641154328732747,2,2,0,0,0.0,231,228,3,0,0.0,2745,2713,32,17,0.006266126059712496,4308,4230,78,10,0.002364066193853428,16323,16155,168,53,0.0032807180439492416,6,5,1,0,0.0,625,617,8,1,0.0016207455429497568,4876,4838,38,23,0.0047540305911533695,10816,10695,121,29,0.002711547452080411,0,0,0,0,,0,0,0,0,,4096,4080,16,14,0.003431372549019608,6208,6125,83,32,0.005224489795918367,8192,8134,58,10,0.0012294074256208507,0.0,0.0,1.0,19,0,0,0
1,1,company,company,coherent,root500,0.5,128,False,results/bios-followup-v1/editing/world-1-seed-1-company/edits/company-coherent-root500,93,93,1.0,3,3,1.0,90,90,1.0,93,93,1.0,3,3,1.0,90,90,1.0,96,94,0.9791666666666666,45,45,1.0,96,94,0.9791666666666666,48,48,1.0,48,46,0.9583333333333334,26,26,1.0,19,19,1.0,48,48,1.0,48,46,0.9583333333333334,26,26,1.0,19,19,1.0,20419,20235,184,183,0.009043736100815419,6,5,1,1,0.2,768,759,9,19,0.025032938076416336,5917,5877,40,18,0.0030627871362940277,13728,13594,134,145,0.010666470501691923,7286,7173,113,88,0.012268228077512896,2,2,0,0,0.0,231,228,3,8,0.03508771929824561,2745,2713,32,10,0.003685956505713233,4308,4230,78,70,0.016548463356973995,16323,16155,168,166,0.010275456515010833,6,5,1,1,0.2,625,617,8,17,0.027552674230145867,4876,4838,38,15,0.0031004547333608927,10816,10695,121,133,0.012435717625058438,0,0,0,0,,0,0,0,0,,4096,4080,16,17,0.004166666666666667,6208,6125,83,146,0.02383673469387755,8192,8134,58,18,0.0022129333661175315,1.0,0.0,0.0,19,0,0,0
1,1,company,company,coherent,root500,0.5,512,False,results/bios-followup-v1/editing/world-1-seed-1-company/edits/company-coherent-root500,93,93,1.0,3,3,1.0,90,90,1.0,93,93,1.0,3,3,1.0,90,90,1.0,96,95,0.9895833333333334,45,45,1.0,96,95,0.9895833333333334,48,48,1.0,48,47,0.9791666666666666,26,26,1.0,19,19,1.0,48,48,1.0,48,47,0.9791666666666666,26,26,1.0,19,19,1.0,20419,20235,184,83,0.004101803805287868,6,5,1,1,0.2,768,759,9,6,0.007905138339920948,5917,5877,40,13,0.0022120129317679087,13728,13594,134,63,0.004634397528321318,7286,7173,113,46,0.006412937404154468,2,2,0,0,0.0,231,228,3,2,0.008771929824561403,2745,2713,32,10,0.003685956505713233,4308,4230,78,34,0.008037825059101654,16323,16155,168,83,0.0051377282575054166,6,5,1,1,0.2,625,617,8,6,0.009724473257698542,4876,4838,38,13,0.002687060768912774,10816,10695,121,63,0.005890603085553997,0,0,0,0,,0,0,0,0,,4096,4080,16,0,0.0,6208,6125,83,57,0.009306122448979591,8192,8134,58,12,0.0014752889107450208,1.0,0.0,0.0,19,0,0,0
1,1,company,company,exception,uniform,0.03225806451612903,0,True,results/bios-cross-scale-dev-v1/width-256/world-1-seed-1-company/edits/company-exception-mlp,93,0,0.0,3,0,0.0,90,0,0.0,93,0,0.0,3,0,0.0,90,0,0.0,96,0,0.0,45,0,0.0,96,0,0.0,48,0,0.0,48,0,0.0,26,0,0.0,19,0,0.0,48,0,0.0,48,0,0.0,26,0,0.0,19,0,0.0,20419,20235,184,0,0.0,6,5,1,0,0.0,768,759,9,0,0.0,5917,5877,40,0,0.0,13728,13594,134,0,0.0,7286,7173,113,0,0.0,2,2,0,0,0.0,231,228,3,0,0.0,2745,2713,32,0,0.0,4308,4230,78,0,0.0,16323,16155,168,0,0.0,6,5,1,0,0.0,625,617,8,0,0.0,4876,4838,38,0,0.0,10816,10695,121,0,0.0,0,0,0,0,,0,0,0,0,,4096,4080,16,0,0.0,6208,6125,83,0,0.0,8192,8134,58,0,0.0,0.0,0.0,1.0,19,0,0,0
1,1,company,company,exception,uniform,0.03225806451612903,32,True,results/bios-cross-scale-dev-v1/width-256/world-1-seed-1-company/edits/company-exception-mlp,93,0,0.0,3,0,0.0,90,0,0.0,93,0,0.0,3,0,0.0,90,0,0.0,96,0,0.0,45,0,0.0,96,0,0.0,48,0,0.0,48,0,0.0,26,0,0.0,19,0,0.0,48,0,0.0,48,0,0.0,26,0,0.0,19,0,0.0,20419,20235,184,117,0.005782060785767235,6,5,1,0,0.0,768,759,9,9,0.011857707509881422,5917,5877,40,39,0.006636038795303726,13728,13594,134,69,0.005075768721494777,7286,7173,113,48,0.006691760769552488,2,2,0,0,0.0,231,228,3,2,0.008771929824561403,2745,2713,32,25,0.009214891264283081,4308,4230,78,21,0.004964539007092199,16323,16155,168,98,0.006066233364283503,6,5,1,0,0.0,625,617,8,7,0.011345218800648298,4876,4838,38,36,0.007441091360066143,10816,10695,121,55,0.005142589995324918,0,0,0,0,,0,0,0,0,,4096,4080,16,19,0.004656862745098039,6208,6125,83,52,0.008489795918367347,8192,8134,58,26,0.003196459306614212,0.0,0.0,0.7894736842105263,19,0,4,0
1,1,company,company,exception,uniform,0.03225806451612903,128,True,results/bios-cross-scale-dev-v1/width-256/world-1-seed-1-company/edits/company-exception-mlp,93,92,0.989247311827957,3,3,1.0,90,89,0.9888888888888889,93,92,0.989247311827957,3,3,1.0,90,89,0.9888888888888889,96,38,0.3958333333333333,45,5,0.1111111111111111,96,38,0.3958333333333333,48,19,0.3958333333333333,48,19,0.3958333333333333,26,4,0.15384615384615385,19,1,0.05263157894736842,48,19,0.3958333333333333,48,19,0.3958333333333333,26,4,0.15384615384615385,19,1,0.05263157894736842,20419,20235,184,306,0.015122312824314307,6,5,1,1,0.2,768,759,9,20,0.026350461133069828,5917,5877,40,82,0.013952696954228348,13728,13594,134,203,0.014933058702368692,7286,7173,113,148,0.020632929039453508,2,2,0,0,0.0,231,228,3,7,0.03070175438596491,2745,2713,32,46,0.01695539992628087,4308,4230,78,95,0.022458628841607566,16323,16155,168,267,0.016527390900649953,6,5,1,1,0.2,625,617,8,17,0.027552674230145867,4876,4838,38,68,0.014055394791236048,10816,10695,121,181,0.016923796166432914,0,0,0,0,,0,0,0,0,,4096,4080,16,39,0.009558823529411765,6208,6125,83,199,0.03248979591836735,8192,8134,58,18,0.0022129333661175315,0.05263157894736842,0.9473684210526315,0.0,19,0,0,0
1,1,company,company,exception,uniform,0.03225806451612903,512,True,results/bios-cross-scale-dev-v1/width-256/world-1-seed-1-company/edits/company-exception-mlp,93,93,1.0,3,3,1.0,90,90,1.0,93,93,1.0,3,3,1.0,90,90,1.0,96,43,0.4479166666666667,45,8,0.17777777777777778,96,43,0.4479166666666667,48,18,0.375,48,25,0.5208333333333334,26,5,0.19230769230769232,19,3,0.15789473684210525,48,18,0.375,48,25,0.5208333333333334,26,5,0.19230769230769232,19,3,0.15789473684210525,20419,20235,184,62,0.003063998023227082,6,5,1,1,0.2,768,759,9,8,0.010540184453227932,5917,5877,40,14,0.0023821677726731326,13728,13594,134,39,0.002868912755627483,7286,7173,113,29,0.004042938798271295,2,2,0,0,0.0,231,228,3,1,0.0043859649122807015,2745,2713,32,10,0.003685956505713233,4308,4230,78,18,0.00425531914893617,16323,16155,168,61,0.0037759207675642217,6,5,1,1,0.2,625,617,8,8,0.012965964343598054,4876,4838,38,13,0.002687060768912774,10816,10695,121,39,0.0036465638148667602,0,0,0,0,,0,0,0,0,,4096,4080,16,1,0.00024509803921568627,6208,6125,83,36,0.005877551020408163,8192,8134,58,10,0.0012294074256208507,0.15789473684210525,0.8421052631578947,0.0,19,0,0,0
1,1,company,company,exception,root125,0.125,0,False,results/bios-followup-v1/editing/world-1-seed-1-company/edits/company-exception-root125,93,0,0.0,3,0,0.0,90,0,0.0,93,0,0.0,3,0,0.0,90,0,0.0,96,0,0.0,45,0,0.0,96,0,0.0,48,0,0.0,48,0,0.0,26,0,0.0,19,0,0.0,48,0,0.0,48,0,0.0,26,0,0.0,19,0,0.0,20419,20235,184,0,0.0,6,5,1,0,0.0,768,759,9,0,0.0,5917,5877,40,0,0.0,13728,13594,134,0,0.0,7286,7173,113,0,0.0,2,2,0,0,0.0,231,228,3,0,0.0,2745,2713,32,0,0.0,4308,4230,78,0,0.0,16323,16155,168,0,0.0,6,5,1,0,0.0,625,617,8,0,0.0,4876,4838,38,0,0.0,10816,10695,121,0,0.0,0,0,0,0,,0,0,0,0,,4096,4080,16,0,0.0,6208,6125,83,0,0.0,8192,8134,58,0,0.0,0.0,0.0,1.0,19,0,0,0
1,1,company,company,exception,root125,0.125,32,False,results/bios-followup-v1/editing/world-1-seed-1-company/edits/company-exception-root125,93,0,0.0,3,0,0.0,90,0,0.0,93,0,0.0,3,0,0.0,90,0,0.0,96,0,0.0,45,0,0.0,96,0,0.0,48,0,0.0,48,0,0.0,26,0,0.0,19,0,0.0,48,0,0.0,48,0,0.0,26,0,0.0,19,0,0.0,20419,20235,184,106,0.005238448233259204,6,5,1,0,0.0,768,759,9,7,0.00922266139657444,5917,5877,40,37,0.006295729113493279,13728,13594,134,62,0.004560835662792409,7286,7173,113,46,0.006412937404154468,2,2,0,0,0.0,231,228,3,2,0.008771929824561403,2745,2713,32,24,0.008846295613711759,4308,4230,78,20,0.004728132387706856,16323,16155,168,86,0.005323429278861033,6,5,1,0,0.0,625,617,8,5,0.008103727714748784,4876,4838,38,34,0.007027697395618024,10816,10695,121,47,0.004394576905095839,0,0,0,0,,0,0,0,0,,4096,4080,16,20,0.004901960784313725,6208,6125,83,46,0.007510204081632653,8192,8134,58,23,0.0028276370789279567,0.0,0.0,0.7894736842105263,19,0,4,0
1,1,company,company,exception,root125,0.125,128,False,results/bios-followup-v1/editing/world-1-seed-1-company/edits/company-exception-root125,93,91,0.978494623655914,3,3,1.0,90,88,0.9777777777777777,93,91,0.978494623655914,3,3,1.0,90,88,0.9777777777777777,96,40,0.4166666666666667,45,6,0.13333333333333333,96,40,0.4166666666666667,48,19,0.3958333333333333,48,21,0.4375,26,4,0.15384615384615385,19,2,0.10526315789473684,48,19,0.3958333333333333,48,21,0.4375,26,4,0.15384615384615385,19,2,0.10526315789473684,20419,20235,184,334,0.016506053867062023,6,5,1,1,0.2,768,759,9,19,0.025032938076416336,5917,5877,40,87,0.014803471158754467,13728,13594,134,227,0.016698543475062527,7286,7173,113,168,0.02342116269343371,2,2,0,0,0.0,231,228,3,7,0.03070175438596491,2745,2713,32,52,0.01916697382970881,4308,4230,78,109,0.025768321513002363,16323,16155,168,292,0.018074899411946767,6,5,1,1,0.2,625,617,8,16,0.02593192868719611,4876,4838,38,73,0.015088879702356346,10816,10695,121,202,0.018887330528284244,0,0,0,0,,0,0,0,0,,4096,4080,16,42,0.010294117647058823,6208,6125,83,224,0.036571428571428574,8192,8134,58,19,0.0023358741086796165,0.10526315789473684,0.8947368421052632,0.0,19,0,0,0
1,1,company,company,exception,root125,0.125,512,False,results/bios-followup-v1/editing/world-1-seed-1-company/edits/company-exception-root125,93,93,1.0,3,3,1.0,90,90,1.0,93,93,1.0,3,3,1.0,90,90,1.0,96,45,0.46875,45,8,0.17777777777777778,96,45,0.46875,48,20,0.4166666666666667,48,25,0.5208333333333334,26,5,0.19230769230769232,19,3,0.15789473684210525,48,20,0.4166666666666667,48,25,0.5208333333333334,26,5,0.19230769230769232,19,3,0.15789473684210525,20419,20235,184,63,0.0031134173461823574,6,5,1,1,0.2,768,759,9,7,0.00922266139657444,5917,5877,40,13,0.0022120129317679087,13728,13594,134,42,0.003089598352214212,7286,7173,113,31,0.004321762163669316,2,2,0,0,0.0,231,228,3,1,0.0043859649122807015,2745,2713,32,10,0.003685956505713233,4308,4230,78,20,0.004728132387706856,16323,16155,168,63,0.0038997214484679664,6,5,1,1,0.2,625,617,8,7,0.011345218800648298,4876,4838,38,13,0.002687060768912774,10816,10695,121,42,0.003927068723702665,0,0,0,0,,0,0,0,0,,4096,4080,16,0,0.0,6208,6125,83,38,0.006204081632653061,8192,8134,58,10,0.0012294074256208507,0.15789473684210525,0.8421052631578947,0.0,19,0,0,0
1,1,company,company,exception,root250,0.25,0,False,results/bios-followup-v1/editing/world-1-seed-1-company/edits/company-exception-root250,93,0,0.0,3,0,0.0,90,0,0.0,93,0,0.0,3,0,0.0,90,0,0.0,96,0,0.0,45,0,0.0,96,0,0.0,48,0,0.0,48,0,0.0,26,0,0.0,19,0,0.0,48,0,0.0,48,0,0.0,26,0,0.0,19,0,0.0,20419,20235,184,0,0.0,6,5,1,0,0.0,768,759,9,0,0.0,5917,5877,40,0,0.0,13728,13594,134,0,0.0,7286,7173,113,0,0.0,2,2,0,0,0.0,231,228,3,0,0.0,2745,2713,32,0,0.0,4308,4230,78,0,0.0,16323,16155,168,0,0.0,6,5,1,0,0.0,625,617,8,0,0.0,4876,4838,38,0,0.0,10816,10695,121,0,0.0,0,0,0,0,,0,0,0,0,,4096,4080,16,0,0.0,6208,6125,83,0,0.0,8192,8134,58,0,0.0,0.0,0.0,1.0,19,0,0,0
1,1,company,company,exception,root250,0.25,32,False,results/bios-followup-v1/editing/world-1-seed-1-company/edits/company-exception-root250,93,0,0.0,3,0,0.0,90,0,0.0,93,0,0.0,3,0,0.0,90,0,0.0,96,0,0.0,45,0,0.0,96,0,0.0,48,0,0.0,48,0,0.0,26,0,0.0,19,0,0.0,48,0,0.0,48,0,0.0,26,0,0.0,19,0,0.0,20419,20235,184,94,0.004645416357795898,6,5,1,0,0.0,768,759,9,4,0.005270092226613966,5917,5877,40,34,0.005785264590777607,13728,13594,134,56,0.004119464469618949,7286,7173,113,40,0.005576467307960407,2,2,0,0,0.0,231,228,3,0,0.0,2745,2713,32,23,0.008477699963140435,4308,4230,78,17,0.004018912529550827,16323,16155,168,75,0.004642525533890436,6,5,1,0,0.0,625,617,8,2,0.0032414910858995136,4876,4838,38,31,0.0064076064489458455,10816,10695,121,42,0.003927068723702665,0,0,0,0,,0,0,0,0,,4096,4080,16,19,0.004656862745098039,6208,6125,83,41,0.006693877551020408,8192,8134,58,19,0.0023358741086796165,0.0,0.0,0.8947368421052632,19,0,2,0
1,1,company,company,exception,root250,0.25,128,False,results/bios-followup-v1/editing/world-1-seed-1-company/edits/company-exception-root250,93,91,0.978494623655914,3,3,1.0,90,88,0.9777777777777777,93,91,0.978494623655914,3,3,1.0,90,88,0.9777777777777777,96,44,0.4583333333333333,45,6,0.13333333333333333,96,44,0.4583333333333333,48,20,0.4166666666666667,48,24,0.5,26,4,0.15384615384615385,19,2,0.10526315789473684,48,20,0.4166666666666667,48,24,0.5,26,4,0.15384615384615385,19,2,0.10526315789473684,20419,20235,184,332,0.01640721522115147,6,5,1,1,0.2,768,759,9,20,0.026350461133069828,5917,5877,40,82,0.013952696954228348,13728,13594,134,229,0.016845667206120348,7286,7173,113,167,0.0232817510107347,2,2,0,0,0.0,231,228,3,7,0.03070175438596491,2745,2713,32,50,0.018429782528566162,4308,4230,78,110,0.026004728132387706,16323,16155,168,290,0.01795109873104302,6,5,1,1,0.2,625,617,8,17,0.027552674230145867,4876,4838,38,69,0.014262091773460108,10816,10695,121,203,0.01898083216456288,0,0,0,0,,0,0,0,0,,4096,4080,16,42,0.010294117647058823,6208,6125,83,227,0.037061224489795916,8192,8134,58,19,0.0023358741086796165,0.10526315789473684,0.8947368421052632,0.0,19,0,0,0
1,1,company,company,exception,root250,0.25,512,False,results/bios-followup-v1/editing/world-1-seed-1-company/edits/company-exception-root250,93,93,1.0,3,3,1.0,90,90,1.0,93,93,1.0,3,3,1.0,90,90,1.0,96,46,0.4791666666666667,45,8,0.17777777777777778,96,46,0.4791666666666667,48,21,0.4375,48,25,0.5208333333333334,26,5,0.19230769230769232,19,3,0.15789473684210525,48,21,0.4375,48,25,0.5208333333333334,26,5,0.19230769230769232,19,3,0.15789473684210525,20419,20235,184,67,0.003311094638003459,6,5,1,1,0.2,768,759,9,6,0.007905138339920948,5917,5877,40,14,0.0023821677726731326,13728,13594,134,46,0.0033838458143298513,7286,7173,113,33,0.004600585529067336,2,2,0,0,0.0,231,228,3,1,0.0043859649122807015,2745,2713,32,11,0.004054552156284556,4308,4230,78,21,0.004964539007092199,16323,16155,168,67,0.004147322810275456,6,5,1,1,0.2,625,617,8,6,0.009724473257698542,4876,4838,38,14,0.0028937577511368336,10816,10695,121,46,0.004301075268817204,0,0,0,0,,0,0,0,0,,4096,4080,16,0,0.0,6208,6125,83,41,0.006693877551020408,8192,8134,58,10,0.0012294074256208507,0.15789473684210525,0.8421052631578947,0.0,19,0,0,0
1,1,company,company,exception,root500,0.5,0,True,results/bios-mechanism-dev-v1/p1/width-256/world-1-seed-1-company/edits/company-class-balanced-exception,93,0,0.0,3,0,0.0,90,0,0.0,93,0,0.0,3,0,0.0,90,0,0.0,96,0,0.0,45,0,0.0,96,0,0.0,48,0,0.0,48,0,0.0,26,0,0.0,19,0,0.0,48,0,0.0,48,0,0.0,26,0,0.0,19,0,0.0,20419,20235,184,0,0.0,6,5,1,0,0.0,768,759,9,0,0.0,5917,5877,40,0,0.0,13728,13594,134,0,0.0,7286,7173,113,0,0.0,2,2,0,0,0.0,231,228,3,0,0.0,2745,2713,32,0,0.0,4308,4230,78,0,0.0,16323,16155,168,0,0.0,6,5,1,0,0.0,625,617,8,0,0.0,4876,4838,38,0,0.0,10816,10695,121,0,0.0,0,0,0,0,,0,0,0,0,,4096,4080,16,0,0.0,6208,6125,83,0,0.0,8192,8134,58,0,0.0,0.0,0.0,1.0,19,0,0,0
1,1,company,company,exception,root500,0.5,32,True,results/bios-mechanism-dev-v1/p1/width-256/world-1-seed-1-company/edits/company-class-balanced-exception,93,0,0.0,3,0,0.0,90,0,0.0,93,0,0.0,3,0,0.0,90,0,0.0,96,0,0.0,45,0,0.0,96,0,0.0,48,0,0.0,48,0,0.0,26,0,0.0,19,0,0.0,48,0,0.0,48,0,0.0,26,0,0.0,19,0,0.0,20419,20235,184,75,0.0037064492216456633,6,5,1,0,0.0,768,759,9,3,0.003952569169960474,5917,5877,40,26,0.004424025863535817,13728,13594,134,46,0.0033838458143298513,7286,7173,113,30,0.004182350480970306,2,2,0,0,0.0,231,228,3,0,0.0,2745,2713,32,17,0.006266126059712496,4308,4230,78,13,0.0030732860520094564,16323,16155,168,59,0.0036521200866604766,6,5,1,0,0.0,625,617,8,1,0.0016207455429497568,4876,4838,38,24,0.004960727573377429,10816,10695,121,34,0.0031790556334735857,0,0,0,0,,0,0,0,0,,4096,4080,16,16,0.00392156862745098,6208,6125,83,33,0.005387755102040816,8192,8134,58,16,0.001967051880993361,0.0,0.0,0.9473684210526315,19,0,1,0
1,1,company,company,exception,root500,0.5,128,True,results/bios-mechanism-dev-v1/p1/width-256/world-1-seed-1-company/edits/company-class-balanced-exception,93,88,0.946236559139785,3,3,1.0,90,85,0.9444444444444444,93,88,0.946236559139785,3,3,1.0,90,85,0.9444444444444444,96,46,0.4791666666666667,45,8,0.17777777777777778,96,46,0.4791666666666667,48,20,0.4166666666666667,48,26,0.5416666666666666,26,5,0.19230769230769232,19,3,0.15789473684210525,48,20,0.4166666666666667,48,26,0.5416666666666666,26,5,0.19230769230769232,19,3,0.15789473684210525,20419,20235,184,334,0.016506053867062023,6,5,1,1,0.2,768,759,9,21,0.02766798418972332,5917,5877,40,79,0.013442232431512676,13728,13594,134,233,0.017139914668235987,7286,7173,113,172,0.02397880942422975,2,2,0,0,0.0,231,228,3,10,0.043859649122807015,2745,2713,32,47,0.017323995576852193,4308,4230,78,115,0.027186761229314422,16323,16155,168,291,0.01801299907149489,6,5,1,1,0.2,625,617,8,18,0.029173419773095625,4876,4838,38,66,0.01364200082678793,10816,10695,121,206,0.019261337073398783,0,0,0,0,,0,0,0,0,,4096,4080,16,43,0.01053921568627451,6208,6125,83,236,0.03853061224489796,8192,8134,58,17,0.002089992623555446,0.15789473684210525,0.8421052631578947,0.0,19,0,0,0
1,1,company,company,exception,root500,0.5,512,True,results/bios-mechanism-dev-v1/p1/width-256/world-1-seed-1-company/edits/company-class-balanced-exception,93,93,1.0,3,3,1.0,90,90,1.0,93,93,1.0,3,3,1.0,90,90,1.0,96,46,0.4791666666666667,45,8,0.17777777777777778,96,46,0.4791666666666667,48,21,0.4375,48,25,0.5208333333333334,26,5,0.19230769230769232,19,3,0.15789473684210525,48,21,0.4375,48,25,0.5208333333333334,26,5,0.19230769230769232,19,3,0.15789473684210525,20419,20235,184,76,0.003755868544600939,6,5,1,1,0.2,768,759,9,8,0.010540184453227932,5917,5877,40,14,0.0023821677726731326,13728,13594,134,53,0.00389877887303222,7286,7173,113,38,0.005297643942562387,2,2,0,0,0.0,231,228,3,1,0.0043859649122807015,2745,2713,32,11,0.004054552156284556,4308,4230,78,26,0.006146572104018913,16323,16155,168,76,0.0047044258743423086,6,5,1,1,0.2,625,617,8,8,0.012965964343598054,4876,4838,38,14,0.0028937577511368336,10816,10695,121,53,0.004955586722767648,0,0,0,0,,0,0,0,0,,4096,4080,16,0,0.0,6208,6125,83,47,0.007673469387755102,8192,8134,58,11,0.0013523481681829359,0.15789473684210525,0.8421052631578947,0.0,19,0,0,0
1,1,company,project,coherent,uniform,0.03225806451612903,0,True,results/bios-cross-scale-dev-v1/width-256/world-1-seed-1-company/edits/project-coherent-mlp,93,0,0.0,3,0,0.0,90,0,0.0,93,0,0.0,3,0,0.0,90,0,0.0,96,0,0.0,45,0,0.0,96,0,0.0,48,0,0.0,48,0,0.0,19,0,0.0,26,0,0.0,48,0,0.0,48,0,0.0,19,0,0.0,26,0,0.0,20419,20238,181,0,0.0,6,6,0,0,0.0,768,760,8,0,0.0,5917,5840,77,0,0.0,13728,13632,96,0,0.0,7286,7179,107,0,0.0,2,2,0,0,0.0,231,227,4,0,0.0,2745,2681,64,0,0.0,4308,4269,39,0,0.0,16323,16164,159,0,0.0,4,4,0,0,0.0,596,589,7,0,0.0,4921,4846,75,0,0.0,10802,10725,77,0,0.0,0,0,0,0,,0,0,0,0,,4096,4074,22,0,0.0,6208,6162,46,0,0.0,8192,8134,58,0,0.0,0.0,0.0,1.0,26,0,0,0
1,1,company,project,coherent,uniform,0.03225806451612903,32,True,results/bios-cross-scale-dev-v1/width-256/world-1-seed-1-company/edits/project-coherent-mlp,93,44,0.4731182795698925,3,0,0.0,90,44,0.4888888888888889,93,44,0.4731182795698925,3,0,0.0,90,44,0.4888888888888889,96,22,0.22916666666666666,45,11,0.24444444444444444,96,22,0.22916666666666666,48,7,0.14583333333333334,48,15,0.3125,19,4,0.21052631578947367,26,7,0.2692307692307692,48,7,0.14583333333333334,48,15,0.3125,19,4,0.21052631578947367,26,7,0.2692307692307692,20419,20238,181,96,0.004743551734361103,6,6,0,0,0.0,768,760,8,4,0.005263157894736842,5917,5840,77,45,0.007705479452054794,13728,13632,96,47,0.003447769953051643,7286,7179,107,34,0.004736035659562613,2,2,0,0,0.0,231,227,4,0,0.0,2745,2681,64,14,0.005221932114882507,4308,4269,39,20,0.004684937924572499,16323,16164,159,75,0.0046399406087602076,4,4,0,0,0.0,596,589,7,2,0.003395585738539898,4921,4846,75,35,0.007222451506397029,10802,10725,77,38,0.003543123543123543,0,0,0,0,,0,0,0,0,,4096,4074,22,21,0.005154639175257732,6208,6162,46,27,0.004381694255111977,8192,8134,58,24,0.0029505778214900416,0.2692307692307692,0.0,0.7307692307692307,26,0,0,0
1,1,company,project,coherent,uniform,0.03225806451612903,128,True,results/bios-cross-scale-dev-v1/width-256/world-1-seed-1-company/edits/project-coherent-mlp,93,93,1.0,3,3,1.0,90,90,1.0,93,93,1.0,3,3,1.0,90,90,1.0,96,93,0.96875,45,45,1.0,96,93,0.96875,48,47,0.9791666666666666,48,46,0.9583333333333334,19,19,1.0,26,26,1.0,48,47,0.9791666666666666,48,46,0.9583333333333334,19,19,1.0,26,26,1.0,20419,20238,181,89,0.004397667753730606,6,6,0,2,0.3333333333333333,768,760,8,9,0.011842105263157895,5917,5840,77,23,0.003938356164383562,13728,13632,96,55,0.00403462441314554,7286,7179,107,41,0.005711101824766681,2,2,0,1,0.5,231,227,4,3,0.013215859030837005,2745,2681,64,9,0.0033569563595673255,4308,4269,39,28,0.006558913094401499,16323,16164,159,84,0.005196733481811433,4,4,0,1,0.25,596,589,7,8,0.013582342954159592,4921,4846,75,21,0.004333470903838217,10802,10725,77,54,0.005034965034965035,0,0,0,0,,0,0,0,0,,4096,4074,22,5,0.0012272950417280314,6208,6162,46,41,0.0066536838688737426,8192,8134,58,18,0.0022129333661175315,1.0,0.0,0.0,26,0,0,0
1,1,company,project,coherent,uniform,0.03225806451612903,512,True,results/bios-cross-scale-dev-v1/width-256/world-1-seed-1-company/edits/project-coherent-mlp,93,93,1.0,3,3,1.0,90,90,1.0,93,93,1.0,3,3,1.0,90,90,1.0,96,93,0.96875,45,44,0.9777777777777777,96,93,0.96875,48,47,0.9791666666666666,48,46,0.9583333333333334,19,18,0.9473684210526315,26,26,1.0,48,47,0.9791666666666666,48,46,0.9583333333333334,19,18,0.9473684210526315,26,26,1.0,20419,20238,181,39,0.0019270678920841982,6,6,0,1,0.16666666666666666,768,760,8,2,0.002631578947368421,5917,5840,77,13,0.002226027397260274,13728,13632,96,23,0.0016872065727699531,7286,7179,107,17,0.0023680178297813066,2,2,0,1,0.5,231,227,4,1,0.004405286343612335,2745,2681,64,5,0.001864975755315181,4308,4269,39,10,0.0023424689622862497,16323,16164,159,38,0.0023509032417718388,4,4,0,1,0.25,596,589,7,2,0.003395585738539898,4921,4846,75,13,0.002682624845233182,10802,10725,77,22,0.0020512820512820513,0,0,0,0,,0,0,0,0,,4096,4074,22,1,0.0002454590083456063,6208,6162,46,15,0.0024342745861733205,8192,8134,58,10,0.0012294074256208507,1.0,0.0,0.0,26,0,0,0
1,1,company,project,coherent,root125,0.125,0,False,results/bios-followup-v1/editing/world-1-seed-1-company/edits/project-coherent-root125,93,0,0.0,3,0,0.0,90,0,0.0,93,0,0.0,3,0,0.0,90,0,0.0,96,0,0.0,45,0,0.0,96,0,0.0,48,0,0.0,48,0,0.0,19,0,0.0,26,0,0.0,48,0,0.0,48,0,0.0,19,0,0.0,26,0,0.0,20419,20238,181,0,0.0,6,6,0,0,0.0,768,760,8,0,0.0,5917,5840,77,0,0.0,13728,13632,96,0,0.0,7286,7179,107,0,0.0,2,2,0,0,0.0,231,227,4,0,0.0,2745,2681,64,0,0.0,4308,4269,39,0,0.0,16323,16164,159,0,0.0,4,4,0,0,0.0,596,589,7,0,0.0,4921,4846,75,0,0.0,10802,10725,77,0,0.0,0,0,0,0,,0,0,0,0,,4096,4074,22,0,0.0,6208,6162,46,0,0.0,8192,8134,58,0,0.0,0.0,0.0,1.0,26,0,0,0
1,1,company,project,coherent,root125,0.125,32,False,results/bios-followup-v1/editing/world-1-seed-1-company/edits/project-coherent-root125,93,39,0.41935483870967744,3,0,0.0,90,39,0.43333333333333335,93,39,0.41935483870967744,3,0,0.0,90,39,0.43333333333333335,96,21,0.21875,45,10,0.2222222222222222,96,21,0.21875,48,7,0.14583333333333334,48,14,0.2916666666666667,19,4,0.21052631578947367,26,6,0.23076923076923078,48,7,0.14583333333333334,48,14,0.2916666666666667,19,4,0.21052631578947367,26,6,0.23076923076923078,20419,20238,181,97,0.004792963731594031,6,6,0,0,0.0,768,760,8,4,0.005263157894736842,5917,5840,77,45,0.007705479452054794,13728,13632,96,48,0.0035211267605633804,7286,7179,107,36,0.005014625992478061,2,2,0,0,0.0,231,227,4,0,0.0,2745,2681,64,15,0.005594927265945543,4308,4269,39,21,0.004919184820801124,16323,16164,159,75,0.0046399406087602076,4,4,0,0,0.0,596,589,7,2,0.003395585738539898,4921,4846,75,35,0.007222451506397029,10802,10725,77,38,0.003543123543123543,0,0,0,0,,0,0,0,0,,4096,4074,22,22,0.005400098183603338,6208,6162,46,28,0.004543979227523531,8192,8134,58,24,0.0029505778214900416,0.23076923076923078,0.0,0.7692307692307693,26,0,0,0
1,1,company,project,coherent,root125,0.125,128,False,results/bios-followup-v1/editing/world-1-seed-1-company/edits/project-coherent-root125,93,93,1.0,3,3,1.0,90,90,1.0,93,93,1.0,3,3,1.0,90,90,1.0,96,93,0.96875,45,45,1.0,96,93,0.96875,48,47,0.9791666666666666,48,46,0.9583333333333334,19,19,1.0,26,26,1.0,48,47,0.9791666666666666,48,46,0.9583333333333334,19,19,1.0,26,26,1.0,20419,20238,181,89,0.004397667753730606,6,6,0,2,0.3333333333333333,768,760,8,7,0.009210526315789473,5917,5840,77,24,0.00410958904109589,13728,13632,96,56,0.004107981220657277,7286,7179,107,41,0.005711101824766681,2,2,0,1,0.5,231,227,4,3,0.013215859030837005,2745,2681,64,9,0.0033569563595673255,4308,4269,39,28,0.006558913094401499,16323,16164,159,84,0.005196733481811433,4,4,0,1,0.25,596,589,7,7,0.011884550084889643,4921,4846,75,22,0.004539826661163846,10802,10725,77,54,0.005034965034965035,0,0,0,0,,0,0,0,0,,4096,4074,22,5,0.0012272950417280314,6208,6162,46,42,0.006815968841285297,8192,8134,58,16,0.001967051880993361,1.0,0.0,0.0,26,0,0,0
1,1,company,project,coherent,root125,0.125,512,False,results/bios-followup-v1/editing/world-1-seed-1-company/edits/project-coherent-root125,93,93,1.0,3,3,1.0,90,90,1.0,93,93,1.0,3,3,1.0,90,90,1.0,96,93,0.96875,45,44,0.9777777777777777,96,93,0.96875,48,47,0.9791666666666666,48,46,0.9583333333333334,19,18,0.9473684210526315,26,26,1.0,48,47,0.9791666666666666,48,46,0.9583333333333334,19,18,0.9473684210526315,26,26,1.0,20419,20238,181,38,0.00187765589485127,6,6,0,1,0.16666666666666666,768,760,8,2,0.002631578947368421,5917,5840,77,12,0.002054794520547945,13728,13632,96,23,0.0016872065727699531,7286,7179,107,17,0.0023680178297813066,2,2,0,1,0.5,231,227,4,1,0.004405286343612335,2745,2681,64,5,0.001864975755315181,4308,4269,39,10,0.0023424689622862497,16323,16164,159,38,0.0023509032417718388,4,4,0,1,0.25,596,589,7,2,0.003395585738539898,4921,4846,75,12,0.0024762690879075525,10802,10725,77,23,0.0021445221445221445,0,0,0,0,,0,0,0,0,,4096,4074,22,0,0.0,6208,6162,46,15,0.0024342745861733205,8192,8134,58,10,0.0012294074256208507,1.0,0.0,0.0,26,0,0,0
1,1,company,project,coherent,root250,0.25,0,False,results/bios-followup-v1/editing/world-1-seed-1-company/edits/project-coherent-root250,93,0,0.0,3,0,0.0,90,0,0.0,93,0,0.0,3,0,0.0,90,0,0.0,96,0,0.0,45,0,0.0,96,0,0.0,48,0,0.0,48,0,0.0,19,0,0.0,26,0,0.0,48,0,0.0,48,0,0.0,19,0,0.0,26,0,0.0,20419,20238,181,0,0.0,6,6,0,0,0.0,768,760,8,0,0.0,5917,5840,77,0,0.0,13728,13632,96,0,0.0,7286,7179,107,0,0.0,2,2,0,0,0.0,231,227,4,0,0.0,2745,2681,64,0,0.0,4308,4269,39,0,0.0,16323,16164,159,0,0.0,4,4,0,0,0.0,596,589,7,0,0.0,4921,4846,75,0,0.0,10802,10725,77,0,0.0,0,0,0,0,,0,0,0,0,,4096,4074,22,0,0.0,6208,6162,46,0,0.0,8192,8134,58,0,0.0,0.0,0.0,1.0,26,0,0,0
1,1,company,project,coherent,root250,0.25,32,False,results/bios-followup-v1/editing/world-1-seed-1-company/edits/project-coherent-root250,93,39,0.41935483870967744,3,0,0.0,90,39,0.43333333333333335,93,39,0.41935483870967744,3,0,0.0,90,39,0.43333333333333335,96,15,0.15625,45,7,0.15555555555555556,96,15,0.15625,48,5,0.10416666666666667,48,10,0.20833333333333334,19,2,0.10526315789473684,26,5,0.19230769230769232,48,5,0.10416666666666667,48,10,0.20833333333333334,19,2,0.10526315789473684,26,5,0.19230769230769232,20419,20238,181,89,0.004397667753730606,6,6,0,0,0.0,768,760,8,3,0.003947368421052632,5917,5840,77,40,0.00684931506849315,13728,13632,96,46,0.0033744131455399062,7286,7179,107,36,0.005014625992478061,2,2,0,0,0.0,231,227,4,0,0.0,2745,2681,64,15,0.005594927265945543,4308,4269,39,21,0.004919184820801124,16323,16164,159,68,0.004206879485275922,4,4,0,0,0.0,596,589,7,2,0.003395585738539898,4921,4846,75,30,0.006190672719768881,10802,10725,77,36,0.0033566433566433566,0,0,0,0,,0,0,0,0,,4096,4074,22,21,0.005154639175257732,6208,6162,46,27,0.004381694255111977,8192,8134,58,22,0.0027046963363658717,0.19230769230769232,0.0,0.8076923076923077,26,0,0,0
1,1,company,project,coherent,root250,0.25,128,False,results/bios-followup-v1/editing/world-1-seed-1-company/edits/project-coherent-root250,93,93,1.0,3,3,1.0,90,90,1.0,93,93,1.0,3,3,1.0,90,90,1.0,96,93,0.96875,45,45,1.0,96,93,0.96875,48,47,0.9791666666666666,48,46,0.9583333333333334,19,19,1.0,26,26,1.0,48,47,0.9791666666666666,48,46,0.9583333333333334,19,19,1.0,26,26,1.0,20419,20238,181,92,0.0045459037454293905,6,6,0,2,0.3333333333333333,768,760,8,7,0.009210526315789473,5917,5840,77,22,0.003767123287671233,13728,13632,96,61,0.004474765258215963,7286,7179,107,44,0.006128987324139852,2,2,0,1,0.5,231,227,4,3,0.013215859030837005,2745,2681,64,7,0.0026109660574412533,4308,4269,39,33,0.007730147575544624,16323,16164,159,87,0.005382331106161841,4,4,0,1,0.25,596,589,7,7,0.011884550084889643,4921,4846,75,20,0.004127115146512587,10802,10725,77,59,0.005501165501165501,0,0,0,0,,0,0,0,0,,4096,4074,22,5,0.0012272950417280314,6208,6162,46,47,0.00762739370334307,8192,8134,58,16,0.001967051880993361,1.0,0.0,0.0,26,0,0,0
1,1,company,project,coherent,root250,0.25,512,False,results/bios-followup-v1/editing/world-1-seed-1-company/edits/project-coherent-root250,93,93,1.0,3,3,1.0,90,90,1.0,93,93,1.0,3,3,1.0,90,90,1.0,96,94,0.9791666666666666,45,45,1.0,96,94,0.9791666666666666,48,48,1.0,48,46,0.9583333333333334,19,19,1.0,26,26,1.0,48,48,1.0,48,46,0.9583333333333334,19,19,1.0,26,26,1.0,20419,20238,181,38,0.00187765589485127,6,6,0,1,0.16666666666666666,768,760,8,2,0.002631578947368421,5917,5840,77,13,0.002226027397260274,13728,13632,96,22,0.001613849765258216,7286,7179,107,20,0.002785903329154478,2,2,0,1,0.5,231,227,4,1,0.004405286343612335,2745,2681,64,6,0.002237970906378217,4308,4269,39,12,0.0028109627547434997,16323,16164,159,38,0.0023509032417718388,4,4,0,1,0.25,596,589,7,2,0.003395585738539898,4921,4846,75,13,0.002682624845233182,10802,10725,77,22,0.0020512820512820513,0,0,0,0,,0,0,0,0,,4096,4074,22,0,0.0,6208,6162,46,16,0.002596559558584875,8192,8134,58,8,0.0009835259404966806,1.0,0.0,0.0,26,0,0,0
1,1,company,project,coherent,root500,0.5,0,False,results/bios-followup-v1/editing/world-1-seed-1-company/edits/project-coherent-root500,93,0,0.0,3,0,0.0,90,0,0.0,93,0,0.0,3,0,0.0,90,0,0.0,96,0,0.0,45,0,0.0,96,0,0.0,48,0,0.0,48,0,0.0,19,0,0.0,26,0,0.0,48,0,0.0,48,0,0.0,19,0,0.0,26,0,0.0,20419,20238,181,0,0.0,6,6,0,0,0.0,768,760,8,0,0.0,5917,5840,77,0,0.0,13728,13632,96,0,0.0,7286,7179,107,0,0.0,2,2,0,0,0.0,231,227,4,0,0.0,2745,2681,64,0,0.0,4308,4269,39,0,0.0,16323,16164,159,0,0.0,4,4,0,0,0.0,596,589,7,0,0.0,4921,4846,75,0,0.0,10802,10725,77,0,0.0,0,0,0,0,,0,0,0,0,,4096,4074,22,0,0.0,6208,6162,46,0,0.0,8192,8134,58,0,0.0,0.0,0.0,1.0,26,0,0,0
1,1,company,project,coherent,root500,0.5,32,False,results/bios-followup-v1/editing/world-1-seed-1-company/edits/project-coherent-root500,93,19,0.20430107526881722,3,0,0.0,90,19,0.2111111111111111,93,19,0.20430107526881722,3,0,0.0,90,19,0.2111111111111111,96,3,0.03125,45,1,0.022222222222222223,96,3,0.03125,48,1,0.020833333333333332,48,2,0.041666666666666664,19,0,0.0,26,1,0.038461538461538464,48,1,0.020833333333333332,48,2,0.041666666666666664,19,0,0.0,26,1,0.038461538461538464,20419,20238,181,78,0.0038541357841683963,6,6,0,0,0.0,768,760,8,3,0.003947368421052632,5917,5840,77,28,0.004794520547945206,13728,13632,96,47,0.003447769953051643,7286,7179,107,30,0.004178854993731718,2,2,0,0,0.0,231,227,4,0,0.0,2745,2681,64,11,0.004102946661693398,4308,4269,39,19,0.004450691028343875,16323,16164,159,61,0.0037738183617916357,4,4,0,0,0.0,596,589,7,3,0.0050933786078098476,4921,4846,75,20,0.004127115146512587,10802,10725,77,38,0.003543123543123543,0,0,0,0,,0,0,0,0,,4096,4074,22,17,0.004172803141875307,6208,6162,46,27,0.004381694255111977,8192,8134,58,23,0.0028276370789279567,0.038461538461538464,0.0,0.9615384615384616,26,0,0,0
1,1,company,project,coherent,root500,0.5,128,False,results/bios-followup-v1/editing/world-1-seed-1-company/edits/project-coherent-root500,93,93,1.0,3,3,1.0,90,90,1.0,93,93,1.0,3,3,1.0,90,90,1.0,96,94,0.9791666666666666,45,45,1.0,96,94,0.9791666666666666,48,48,1.0,48,46,0.9583333333333334,19,19,1.0,26,26,1.0,48,48,1.0,48,46,0.9583333333333334,19,19,1.0,26,26,1.0,20419,20238,181,93,0.004595315742662319,6,6,0,2,0.3333333333333333,768,760,8,8,0.010526315789473684,5917,5840,77,22,0.003767123287671233,13728,13632,96,61,0.004474765258215963,7286,7179,107,48,0.006686167989970748,2,2,0,1,0.5,231,227,4,4,0.01762114537444934,2745,2681,64,8,0.0029839612085042896,4308,4269,39,35,0.008198641368001873,16323,16164,159,87,0.005382331106161841,4,4,0,1,0.25,596,589,7,8,0.013582342954159592,4921,4846,75,19,0.003920759389186958,10802,10725,77,59,0.005501165501165501,0,0,0,0,,0,0,0,0,,4096,4074,22,6,0.0014727540500736377,6208,6162,46,50,0.008114248620577734,8192,8134,58,14,0.0017211703958691911,1.0,0.0,0.0,26,0,0,0
1,1,company,project,coherent,root500,0.5,512,False,results/bios-followup-v1/editing/world-1-seed-1-company/edits/project-coherent-root500,93,93,1.0,3,3,1.0,90,90,1.0,93,93,1.0,3,3,1.0,90,90,1.0,96,93,0.96875,45,44,0.9777777777777777,96,93,0.96875,48,47,0.9791666666666666,48,46,0.9583333333333334,19,18,0.9473684210526315,26,26,1.0,48,47,0.9791666666666666,48,46,0.9583333333333334,19,18,0.9473684210526315,26,26,1.0,20419,20238,181,38,0.00187765589485127,6,6,0,1,0.16666666666666666,768,760,8,3,0.003947368421052632,5917,5840,77,13,0.002226027397260274,13728,13632,96,21,0.0015404929577464788,7286,7179,107,20,0.002785903329154478,2,2,0,1,0.5,231,227,4,2,0.00881057268722467,2745,2681,64,6,0.002237970906378217,4308,4269,39,11,0.0025767158585148745,16323,16164,159,38,0.0023509032417718388,4,4,0,1,0.25,596,589,7,3,0.0050933786078098476,4921,4846,75,13,0.002682624845233182,10802,10725,77,21,0.001958041958041958,0,0,0,0,,0,0,0,0,,4096,4074,22,0,0.0,6208,6162,46,15,0.0024342745861733205,8192,8134,58,8,0.0009835259404966806,1.0,0.0,0.0,26,0,0,0
1,1,company,project,exception,uniform,0.03225806451612903,0,True,results/bios-cross-scale-dev-v1/width-256/world-1-seed-1-company/edits/project-exception-mlp,93,0,0.0,3,0,0.0,90,0,0.0,93,0,0.0,3,0,0.0,90,0,0.0,96,0,0.0,45,0,0.0,96,0,0.0,48,0,0.0,48,0,0.0,19,0,0.0,26,0,0.0,48,0,0.0,48,0,0.0,19,0,0.0,26,0,0.0,20419,20238,181,0,0.0,6,6,0,0,0.0,768,760,8,0,0.0,5917,5840,77,0,0.0,13728,13632,96,0,0.0,7286,7179,107,0,0.0,2,2,0,0,0.0,231,227,4,0,0.0,2745,2681,64,0,0.0,4308,4269,39,0,0.0,16323,16164,159,0,0.0,4,4,0,0,0.0,596,589,7,0,0.0,4921,4846,75,0,0.0,10802,10725,77,0,0.0,0,0,0,0,,0,0,0,0,,4096,4074,22,0,0.0,6208,6162,46,0,0.0,8192,8134,58,0,0.0,0.0,0.0,1.0,26,0,0,0
1,1,company,project,exception,uniform,0.03225806451612903,32,True,results/bios-cross-scale-dev-v1/width-256/world-1-seed-1-company/edits/project-exception-mlp,93,19,0.20430107526881722,3,0,0.0,90,19,0.2111111111111111,93,19,0.20430107526881722,3,0,0.0,90,19,0.2111111111111111,96,8,0.08333333333333333,45,4,0.08888888888888889,96,8,0.08333333333333333,48,3,0.0625,48,5,0.10416666666666667,19,1,0.05263157894736842,26,3,0.11538461538461539,48,3,0.0625,48,5,0.10416666666666667,19,1,0.05263157894736842,26,3,0.11538461538461539,20419,20238,181,90,0.004447079750963534,6,6,0,0,0.0,768,760,8,4,0.005263157894736842,5917,5840,77,33,0.0056506849315068495,13728,13632,96,53,0.003887910798122066,7286,7179,107,33,0.00459674049310489,2,2,0,0,0.0,231,227,4,0,0.0,2745,2681,64,13,0.00484893696381947,4308,4269,39,20,0.004684937924572499,16323,16164,159,69,0.004268745360059391,4,4,0,0,0.0,596,589,7,2,0.003395585738539898,4921,4846,75,26,0.005365249690466364,10802,10725,77,41,0.003822843822843823,0,0,0,0,,0,0,0,0,,4096,4074,22,21,0.005154639175257732,6208,6162,46,26,0.004219409282700422,8192,8134,58,31,0.0038111630194246375,0.11538461538461539,0.038461538461538464,0.8461538461538461,26,0,0,0
1,1,company,project,exception,uniform,0.03225806451612903,128,True,results/bios-cross-scale-dev-v1/width-256/world-1-seed-1-company/edits/project-exception-mlp,93,93,1.0,3,3,1.0,90,90,1.0,93,93,1.0,3,3,1.0,90,90,1.0,96,50,0.5208333333333334,45,13,0.28888888888888886,96,50,0.5208333333333334,48,29,0.6041666666666666,48,21,0.4375,19,6,0.3157894736842105,26,7,0.2692307692307692,48,29,0.6041666666666666,48,21,0.4375,19,6,0.3157894736842105,26,7,0.2692307692307692,20419,20238,181,115,0.005682379681786738,6,6,0,0,0.0,768,760,8,5,0.006578947368421052,5917,5840,77,37,0.006335616438356164,13728,13632,96,73,0.005355046948356808,7286,7179,107,53,0.007382643822259368,2,2,0,0,0.0,231,227,4,1,0.004405286343612335,2745,2681,64,18,0.006713912719134651,4308,4269,39,34,0.007964394471773249,16323,16164,159,104,0.006434050977480821,4,4,0,0,0.0,596,589,7,5,0.008488964346349746,4921,4846,75,33,0.00680973999174577,10802,10725,77,66,0.006153846153846154,0,0,0,0,,0,0,0,0,,4096,4074,22,11,0.002700049091801669,6208,6162,46,55,0.008925673482635508,8192,8134,58,19,0.0023358741086796165,0.2692307692307692,0.7307692307692307,0.0,26,0,0,0
1,1,company,project,exception,uniform,0.03225806451612903,512,True,results/bios-cross-scale-dev-v1/width-256/world-1-seed-1-company/edits/project-exception-mlp,93,93,1.0,3,3,1.0,90,90,1.0,93,93,1.0,3,3,1.0,90,90,1.0,96,55,0.5729166666666666,45,13,0.28888888888888886,96,55,0.5729166666666666,48,31,0.6458333333333334,48,24,0.5,19,7,0.3684210526315789,26,6,0.23076923076923078,48,31,0.6458333333333334,48,24,0.5,19,7,0.3684210526315789,26,6,0.23076923076923078,20419,20238,181,43,0.0021247158810159105,6,6,0,0,0.0,768,760,8,3,0.003947368421052632,5917,5840,77,15,0.0025684931506849314,13728,13632,96,25,0.0018339201877934272,7286,7179,107,22,0.003064493662069926,2,2,0,0,0.0,231,227,4,0,0.0,2745,2681,64,9,0.0033569563595673255,4308,4269,39,13,0.0030452096509721244,16323,16164,159,43,0.002660232615689186,4,4,0,0,0.0,596,589,7,3,0.0050933786078098476,4921,4846,75,15,0.0030953363598844406,10802,10725,77,25,0.002331002331002331,0,0,0,0,,0,0,0,0,,4096,4074,22,0,0.0,6208,6162,46,19,0.003083414475819539,8192,8134,58,8,0.0009835259404966806,0.23076923076923078,0.7692307692307693,0.0,26,0,0,0
1,1,company,project,exception,root125,0.125,0,False,results/bios-followup-v1/editing/world-1-seed-1-company/edits/project-exception-root125,93,0,0.0,3,0,0.0,90,0,0.0,93,0,0.0,3,0,0.0,90,0,0.0,96,0,0.0,45,0,0.0,96,0,0.0,48,0,0.0,48,0,0.0,19,0,0.0,26,0,0.0,48,0,0.0,48,0,0.0,19,0,0.0,26,0,0.0,20419,20238,181,0,0.0,6,6,0,0,0.0,768,760,8,0,0.0,5917,5840,77,0,0.0,13728,13632,96,0,0.0,7286,7179,107,0,0.0,2,2,0,0,0.0,231,227,4,0,0.0,2745,2681,64,0,0.0,4308,4269,39,0,0.0,16323,16164,159,0,0.0,4,4,0,0,0.0,596,589,7,0,0.0,4921,4846,75,0,0.0,10802,10725,77,0,0.0,0,0,0,0,,0,0,0,0,,4096,4074,22,0,0.0,6208,6162,46,0,0.0,8192,8134,58,0,0.0,0.0,0.0,1.0,26,0,0,0
1,1,company,project,exception,root125,0.125,32,False,results/bios-followup-v1/editing/world-1-seed-1-company/edits/project-exception-root125,93,19,0.20430107526881722,3,0,0.0,90,19,0.2111111111111111,93,19,0.20430107526881722,3,0,0.0,90,19,0.2111111111111111,96,8,0.08333333333333333,45,4,0.08888888888888889,96,8,0.08333333333333333,48,3,0.0625,48,5,0.10416666666666667,19,1,0.05263157894736842,26,3,0.11538461538461539,48,3,0.0625,48,5,0.10416666666666667,19,1,0.05263157894736842,26,3,0.11538461538461539,20419,20238,181,92,0.0045459037454293905,6,6,0,0,0.0,768,760,8,4,0.005263157894736842,5917,5840,77,33,0.0056506849315068495,13728,13632,96,55,0.00403462441314554,7286,7179,107,35,0.004875330826020337,2,2,0,0,0.0,231,227,4,0,0.0,2745,2681,64,14,0.005221932114882507,4308,4269,39,21,0.004919184820801124,16323,16164,159,70,0.00433061123484286,4,4,0,0,0.0,596,589,7,2,0.003395585738539898,4921,4846,75,25,0.005158893933140734,10802,10725,77,43,0.004009324009324009,0,0,0,0,,0,0,0,0,,4096,4074,22,22,0.005400098183603338,6208,6162,46,27,0.004381694255111977,8192,8134,58,32,0.003934103761986722,0.11538461538461539,0.038461538461538464,0.8461538461538461,26,0,0,0
1,1,company,project,exception,root125,0.125,128,False,results/bios-followup-v1/editing/world-1-seed-1-company/edits/project-exception-root125,93,93,1.0,3,3,1.0,90,90,1.0,93,93,1.0,3,3,1.0,90,90,1.0,96,50,0.5208333333333334,45,14,0.3111111111111111,96,50,0.5208333333333334,48,30,0.625,48,20,0.4166666666666667,19,7,0.3684210526315789,26,7,0.2692307692307692,48,30,0.625,48,20,0.4166666666666667,19,7,0.3684210526315789,26,7,0.2692307692307692,20419,20238,181,115,0.005682379681786738,6,6,0,0,0.0,768,760,8,7,0.009210526315789473,5917,5840,77,38,0.006506849315068493,13728,13632,96,70,0.005134976525821597,7286,7179,107,51,0.0071040534893439195,2,2,0,0,0.0,231,227,4,1,0.004405286343612335,2745,2681,64,18,0.006713912719134651,4308,4269,39,32,0.007495900679315999,16323,16164,159,102,0.006310319227913883,4,4,0,0,0.0,596,589,7,5,0.008488964346349746,4921,4846,75,34,0.0070160957490713995,10802,10725,77,63,0.005874125874125874,0,0,0,0,,0,0,0,0,,4096,4074,22,13,0.0031909671084928816,6208,6162,46,55,0.008925673482635508,8192,8134,58,18,0.0022129333661175315,0.2692307692307692,0.7307692307692307,0.0,26,0,0,0
1,1,company,project,exception,root125,0.125,512,False,results/bios-followup-v1/editing/world-1-seed-1-company/edits/project-exception-root125,93,93,1.0,3,3,1.0,90,90,1.0,93,93,1.0,3,3,1.0,90,90,1.0,96,56,0.5833333333333334,45,14,0.3111111111111111,96,56,0.5833333333333334,48,32,0.6666666666666666,48,24,0.5,19,8,0.42105263157894735,26,6,0.23076923076923078,48,32,0.6666666666666666,48,24,0.5,19,8,0.42105263157894735,26,6,0.23076923076923078,20419,20238,181,44,0.0021741278782488388,6,6,0,0,0.0,768,760,8,3,0.003947368421052632,5917,5840,77,14,0.002397260273972603,13728,13632,96,27,0.0019806338028169014,7286,7179,107,23,0.00320378882852765,2,2,0,0,0.0,231,227,4,0,0.0,2745,2681,64,9,0.0033569563595673255,4308,4269,39,14,0.0032794565472007496,16323,16164,159,44,0.002722098490472655,4,4,0,0,0.0,596,589,7,3,0.0050933786078098476,4921,4846,75,14,0.002888980602558811,10802,10725,77,27,0.0025174825174825175,0,0,0,0,,0,0,0,0,,4096,4074,22,0,0.0,6208,6162,46,20,0.0032456994482310936,8192,8134,58,9,0.0011064666830587658,0.23076923076923078,0.7692307692307693,0.0,26,0,0,0
1,1,company,project,exception,root250,0.25,0,False,results/bios-followup-v1/editing/world-1-seed-1-company/edits/project-exception-root250,93,0,0.0,3,0,0.0,90,0,0.0,93,0,0.0,3,0,0.0,90,0,0.0,96,0,0.0,45,0,0.0,96,0,0.0,48,0,0.0,48,0,0.0,19,0,0.0,26,0,0.0,48,0,0.0,48,0,0.0,19,0,0.0,26,0,0.0,20419,20238,181,0,0.0,6,6,0,0,0.0,768,760,8,0,0.0,5917,5840,77,0,0.0,13728,13632,96,0,0.0,7286,7179,107,0,0.0,2,2,0,0,0.0,231,227,4,0,0.0,2745,2681,64,0,0.0,4308,4269,39,0,0.0,16323,16164,159,0,0.0,4,4,0,0,0.0,596,589,7,0,0.0,4921,4846,75,0,0.0,10802,10725,77,0,0.0,0,0,0,0,,0,0,0,0,,4096,4074,22,0,0.0,6208,6162,46,0,0.0,8192,8134,58,0,0.0,0.0,0.0,1.0,26,0,0,0
1,1,company,project,exception,root250,0.25,32,False,results/bios-followup-v1/editing/world-1-seed-1-company/edits/project-exception-root250,93,14,0.15053763440860216,3,0,0.0,90,14,0.15555555555555556,93,14,0.15053763440860216,3,0,0.0,90,14,0.15555555555555556,96,6,0.0625,45,2,0.044444444444444446,96,6,0.0625,48,2,0.041666666666666664,48,4,0.08333333333333333,19,0,0.0,26,2,0.07692307692307693,48,2,0.041666666666666664,48,4,0.08333333333333333,19,0,0.0,26,2,0.07692307692307693,20419,20238,181,84,0.004150607767565965,6,6,0,0,0.0,768,760,8,3,0.003947368421052632,5917,5840,77,30,0.005136986301369863,13728,13632,96,51,0.0037411971830985913,7286,7179,107,33,0.00459674049310489,2,2,0,0,0.0,231,227,4,0,0.0,2745,2681,64,14,0.005221932114882507,4308,4269,39,19,0.004450691028343875,16323,16164,159,66,0.004083147735708983,4,4,0,0,0.0,596,589,7,2,0.003395585738539898,4921,4846,75,25,0.005158893933140734,10802,10725,77,39,0.0036363636363636364,0,0,0,0,,0,0,0,0,,4096,4074,22,18,0.004418262150220913,6208,6162,46,26,0.004219409282700422,8192,8134,58,28,0.0034423407917383822,0.07692307692307693,0.0,0.9230769230769231,26,0,0,0
1,1,company,project,exception,root250,0.25,128,False,results/bios-followup-v1/editing/world-1-seed-1-company/edits/project-exception-root250,93,93,1.0,3,3,1.0,90,90,1.0,93,93,1.0,3,3,1.0,90,90,1.0,96,53,0.5520833333333334,45,15,0.3333333333333333,96,53,0.5520833333333334,48,32,0.6666666666666666,48,21,0.4375,19,7,0.3684210526315789,26,8,0.3076923076923077,48,32,0.6666666666666666,48,21,0.4375,19,7,0.3684210526315789,26,8,0.3076923076923077,20419,20238,181,121,0.005978851665184306,6,6,0,0,0.0,768,760,8,6,0.007894736842105263,5917,5840,77,38,0.006506849315068493,13728,13632,96,77,0.005648474178403756,7286,7179,107,56,0.00780052932163254,2,2,0,0,0.0,231,227,4,1,0.004405286343612335,2745,2681,64,19,0.007086907870197687,4308,4269,39,36,0.008432888264230498,16323,16164,159,107,0.0066196486018312295,4,4,0,0,0.0,596,589,7,4,0.006791171477079796,4921,4846,75,34,0.0070160957490713995,10802,10725,77,69,0.0064335664335664336,0,0,0,0,,0,0,0,0,,4096,4074,22,14,0.003436426116838488,6208,6162,46,60,0.009737098344693282,8192,8134,58,20,0.0024588148512417014,0.3076923076923077,0.6923076923076923,0.0,26,0,0,0
1,1,company,project,exception,root250,0.25,512,False,results/bios-followup-v1/editing/world-1-seed-1-company/edits/project-exception-root250,93,93,1.0,3,3,1.0,90,90,1.0,93,93,1.0,3,3,1.0,90,90,1.0,96,59,0.6145833333333334,45,16,0.35555555555555557,96,59,0.6145833333333334,48,33,0.6875,48,26,0.5416666666666666,19,8,0.42105263157894735,26,8,0.3076923076923077,48,33,0.6875,48,26,0.5416666666666666,19,8,0.42105263157894735,26,8,0.3076923076923077,20419,20238,181,43,0.0021247158810159105,6,6,0,0,0.0,768,760,8,2,0.002631578947368421,5917,5840,77,15,0.0025684931506849314,13728,13632,96,26,0.0019072769953051643,7286,7179,107,23,0.00320378882852765,2,2,0,0,0.0,231,227,4,0,0.0,2745,2681,64,10,0.003729951510630362,4308,4269,39,13,0.0030452096509721244,16323,16164,159,43,0.002660232615689186,4,4,0,0,0.0,596,589,7,2,0.003395585738539898,4921,4846,75,15,0.0030953363598844406,10802,10725,77,26,0.0024242424242424242,0,0,0,0,,0,0,0,0,,4096,4074,22,0,0.0,6208,6162,46,18,0.0029211295034079843,8192,8134,58,9,0.0011064666830587658,0.3076923076923077,0.6923076923076923,0.0,26,0,0,0
1,1,company,project,exception,root500,0.5,0,True,results/bios-mechanism-dev-v1/p1/width-256/world-1-seed-1-company/edits/project-class-balanced-exception,93,0,0.0,3,0,0.0,90,0,0.0,93,0,0.0,3,0,0.0,90,0,0.0,96,0,0.0,45,0,0.0,96,0,0.0,48,0,0.0,48,0,0.0,19,0,0.0,26,0,0.0,48,0,0.0,48,0,0.0,19,0,0.0,26,0,0.0,20419,20238,181,0,0.0,6,6,0,0,0.0,768,760,8,0,0.0,5917,5840,77,0,0.0,13728,13632,96,0,0.0,7286,7179,107,0,0.0,2,2,0,0,0.0,231,227,4,0,0.0,2745,2681,64,0,0.0,4308,4269,39,0,0.0,16323,16164,159,0,0.0,4,4,0,0,0.0,596,589,7,0,0.0,4921,4846,75,0,0.0,10802,10725,77,0,0.0,0,0,0,0,,0,0,0,0,,4096,4074,22,0,0.0,6208,6162,46,0,0.0,8192,8134,58,0,0.0,0.0,0.0,1.0,26,0,0,0
1,1,company,project,exception,root500,0.5,32,True,results/bios-mechanism-dev-v1/p1/width-256/world-1-seed-1-company/edits/project-class-balanced-exception,93,7,0.07526881720430108,3,0,0.0,90,7,0.07777777777777778,93,7,0.07526881720430108,3,0,0.0,90,7,0.07777777777777778,96,0,0.0,45,0,0.0,96,0,0.0,48,0,0.0,48,0,0.0,19,0,0.0,26,0,0.0,48,0,0.0,48,0,0.0,19,0,0.0,26,0,0.0,20419,20238,181,75,0.0037058997924696115,6,6,0,0,0.0,768,760,8,3,0.003947368421052632,5917,5840,77,25,0.004280821917808219,13728,13632,96,47,0.003447769953051643,7286,7179,107,30,0.004178854993731718,2,2,0,0,0.0,231,227,4,0,0.0,2745,2681,64,11,0.004102946661693398,4308,4269,39,19,0.004450691028343875,16323,16164,159,61,0.0037738183617916357,4,4,0,0,0.0,596,589,7,3,0.0050933786078098476,4921,4846,75,20,0.004127115146512587,10802,10725,77,38,0.003543123543123543,0,0,0,0,,0,0,0,0,,4096,4074,22,14,0.003436426116838488,6208,6162,46,26,0.004219409282700422,8192,8134,58,24,0.0029505778214900416,0.0,0.0,1.0,26,0,0,0
1,1,company,project,exception,root500,0.5,128,True,results/bios-mechanism-dev-v1/p1/width-256/world-1-seed-1-company/edits/project-class-balanced-exception,93,93,1.0,3,3,1.0,90,90,1.0,93,93,1.0,3,3,1.0,90,90,1.0,96,62,0.6458333333333334,45,22,0.4888888888888889,96,62,0.6458333333333334,48,37,0.7708333333333334,48,25,0.5208333333333334,19,11,0.5789473684210527,26,11,0.4230769230769231,48,37,0.7708333333333334,48,25,0.5208333333333334,19,11,0.5789473684210527,26,11,0.4230769230769231,20419,20238,181,119,0.005880027670718451,6,6,0,0,0.0,768,760,8,6,0.007894736842105263,5917,5840,77,37,0.006335616438356164,13728,13632,96,76,0.005575117370892019,7286,7179,107,56,0.00780052932163254,2,2,0,0,0.0,231,227,4,1,0.004405286343612335,2745,2681,64,18,0.006713912719134651,4308,4269,39,37,0.008667135160459125,16323,16164,159,106,0.00655778272704776,4,4,0,0,0.0,596,589,7,4,0.006791171477079796,4921,4846,75,34,0.0070160957490713995,10802,10725,77,68,0.00634032634032634,0,0,0,0,,0,0,0,0,,4096,4074,22,13,0.0031909671084928816,6208,6162,46,61,0.009899383317104837,8192,8134,58,19,0.0023358741086796165,0.4230769230769231,0.5769230769230769,0.0,26,0,0,0
1,1,company,project,exception,root500,0.5,512,True,results/bios-mechanism-dev-v1/p1/width-256/world-1-seed-1-company/edits/project-class-balanced-exception,93,93,1.0,3,3,1.0,90,90,1.0,93,93,1.0,3,3,1.0,90,90,1.0,96,65,0.6770833333333334,45,20,0.4444444444444444,96,65,0.6770833333333334,48,37,0.7708333333333334,48,28,0.5833333333333334,19,10,0.5263157894736842,26,10,0.38461538461538464,48,37,0.7708333333333334,48,28,0.5833333333333334,19,10,0.5263157894736842,26,10,0.38461538461538464,20419,20238,181,43,0.0021247158810159105,6,6,0,0,0.0,768,760,8,2,0.002631578947368421,5917,5840,77,15,0.0025684931506849314,13728,13632,96,26,0.0019072769953051643,7286,7179,107,22,0.003064493662069926,2,2,0,0,0.0,231,227,4,0,0.0,2745,2681,64,10,0.003729951510630362,4308,4269,39,12,0.0028109627547434997,16323,16164,159,42,0.0025983667409057165,4,4,0,0,0.0,596,589,7,2,0.003395585738539898,4921,4846,75,15,0.0030953363598844406,10802,10725,77,25,0.002331002331002331,0,0,0,0,,0,0,0,0,,4096,4074,22,1,0.0002454590083456063,6208,6162,46,18,0.0029211295034079843,8192,8134,58,9,0.0011064666830587658,0.38461538461538464,0.5769230769230769,0.038461538461538464,26,0,0,0
1,1,project,company,coherent,uniform,0.03225806451612903,0,True,results/bios-cross-scale-dev-v1/width-256/world-1-seed-1-project/edits/company-coherent-mlp,93,0,0.0,3,0,0.0,90,0,0.0,93,0,0.0,3,0,0.0,90,0,0.0,96,0,0.0,45,0,0.0,96,0,0.0,48,0,0.0,48,0,0.0,26,0,0.0,19,0,0.0,48,0,0.0,48,0,0.0,26,0,0.0,19,0,0.0,20419,20303,116,0,0.0,6,6,0,0,0.0,768,763,5,0,0.0,5917,5875,42,0,0.0,13728,13659,69,0,0.0,7286,7204,82,0,0.0,2,2,0,0,0.0,231,227,4,0,0.0,2745,2703,42,0,0.0,4308,4272,36,0,0.0,16323,16213,110,0,0.0,6,6,0,0,0.0,625,620,5,0,0.0,4876,4834,42,0,0.0,10816,10753,63,0,0.0,0,0,0,0,,0,0,0,0,,4096,4090,6,0,0.0,6208,6167,41,0,0.0,8192,8159,33,0,0.0,0.0,0.0,1.0,19,0,0,0
1,1,project,company,coherent,uniform,0.03225806451612903,32,True,results/bios-cross-scale-dev-v1/width-256/world-1-seed-1-project/edits/company-coherent-mlp,93,34,0.3655913978494624,3,0,0.0,90,34,0.37777777777777777,93,34,0.3655913978494624,3,0,0.0,90,34,0.37777777777777777,96,1,0.010416666666666666,45,1,0.022222222222222223,96,1,0.010416666666666666,48,0,0.0,48,1,0.020833333333333332,26,0,0.0,19,1,0.05263157894736842,48,0,0.0,48,1,0.020833333333333332,26,0,0.0,19,1,0.05263157894736842,20419,20303,116,135,0.006649263655617396,6,6,0,0,0.0,768,763,5,6,0.007863695937090432,5917,5875,42,12,0.0020425531914893616,13728,13659,69,117,0.008565780803865584,7286,7204,82,36,0.004997223764575236,2,2,0,0,0.0,231,227,4,3,0.013215859030837005,2745,2703,42,2,0.0007399186089530152,4308,4272,36,31,0.007256554307116105,16323,16213,110,100,0.006167889964843027,6,6,0,0,0.0,625,620,5,6,0.00967741935483871,4876,4834,42,9,0.0018618121638394704,10816,10753,63,85,0.007904770761647912,0,0,0,0,,0,0,0,0,,4096,4090,6,35,0.008557457212713936,6208,6167,41,102,0.016539646505594294,8192,8159,33,21,0.0025738448339257263,0.05263157894736842,0.0,0.9473684210526315,19,0,0,0
1,1,project,company,coherent,uniform,0.03225806451612903,128,True,results/bios-cross-scale-dev-v1/width-256/world-1-seed-1-project/edits/company-coherent-mlp,93,93,1.0,3,3,1.0,90,90,1.0,93,93,1.0,3,3,1.0,90,90,1.0,96,70,0.7291666666666666,45,33,0.7333333333333333,96,70,0.7291666666666666,48,33,0.6875,48,37,0.7708333333333334,26,18,0.6923076923076923,19,15,0.7894736842105263,48,33,0.6875,48,37,0.7708333333333334,26,18,0.6923076923076923,19,15,0.7894736842105263,20419,20303,116,119,0.005861202777914594,6,6,0,0,0.0,768,763,5,3,0.003931847968545216,5917,5875,42,22,0.00374468085106383,13728,13659,69,94,0.0068819093637894424,7286,7204,82,53,0.007357023875624653,2,2,0,0,0.0,231,227,4,1,0.004405286343612335,2745,2703,42,6,0.0022197558268590455,4308,4272,36,46,0.010767790262172285,16323,16213,110,105,0.006476284463085178,6,6,0,0,0.0,625,620,5,3,0.004838709677419355,4876,4834,42,17,0.003516756309474555,10816,10753,63,85,0.007904770761647912,0,0,0,0,,0,0,0,0,,4096,4090,6,14,0.0034229828850855745,6208,6167,41,89,0.014431652343116589,8192,8159,33,8,0.000980512317685991,0.7894736842105263,0.0,0.21052631578947367,19,0,0,0
1,1,project,company,coherent,uniform,0.03225806451612903,512,True,results/bios-cross-scale-dev-v1/width-256/world-1-seed-1-project/edits/company-coherent-mlp,93,93,1.0,3,3,1.0,90,90,1.0,93,93,1.0,3,3,1.0,90,90,1.0,96,64,0.6666666666666666,45,31,0.6888888888888889,96,64,0.6666666666666666,48,30,0.625,48,34,0.7083333333333334,26,16,0.6153846153846154,19,15,0.7894736842105263,48,30,0.625,48,34,0.7083333333333334,26,16,0.6153846153846154,19,15,0.7894736842105263,20419,20303,116,48,0.0023641826331084075,6,6,0,0,0.0,768,763,5,2,0.002621231979030144,5917,5875,42,9,0.0015319148936170212,13728,13659,69,37,0.0027088366644703126,7286,7204,82,22,0.003053858967240422,2,2,0,0,0.0,231,227,4,0,0.0,2745,2703,42,5,0.001849796522382538,4308,4272,36,17,0.003979400749063671,16323,16213,110,48,0.0029605871831246532,6,6,0,0,0.0,625,620,5,2,0.0032258064516129032,4876,4834,42,9,0.0018618121638394704,10816,10753,63,37,0.003440900213893797,0,0,0,0,,0,0,0,0,,4096,4090,6,0,0.0,6208,6167,41,35,0.0056753688989784334,8192,8159,33,4,0.0004902561588429955,0.7894736842105263,0.0,0.21052631578947367,19,0,0,0
1,1,project,company,coherent,root125,0.125,0,False,results/bios-followup-v1/editing/world-1-seed-1-project/edits/company-coherent-root125,93,0,0.0,3,0,0.0,90,0,0.0,93,0,0.0,3,0,0.0,90,0,0.0,96,0,0.0,45,0,0.0,96,0,0.0,48,0,0.0,48,0,0.0,26,0,0.0,19,0,0.0,48,0,0.0,48,0,0.0,26,0,0.0,19,0,0.0,20419,20303,116,0,0.0,6,6,0,0,0.0,768,763,5,0,0.0,5917,5875,42,0,0.0,13728,13659,69,0,0.0,7286,7204,82,0,0.0,2,2,0,0,0.0,231,227,4,0,0.0,2745,2703,42,0,0.0,4308,4272,36,0,0.0,16323,16213,110,0,0.0,6,6,0,0,0.0,625,620,5,0,0.0,4876,4834,42,0,0.0,10816,10753,63,0,0.0,0,0,0,0,,0,0,0,0,,4096,4090,6,0,0.0,6208,6167,41,0,0.0,8192,8159,33,0,0.0,0.0,0.0,1.0,19,0,0,0
1,1,project,company,coherent,root125,0.125,32,False,results/bios-followup-v1/editing/world-1-seed-1-project/edits/company-coherent-root125,93,31,0.3333333333333333,3,0,0.0,90,31,0.34444444444444444,93,31,0.3333333333333333,3,0,0.0,90,31,0.34444444444444444,96,1,0.010416666666666666,45,1,0.022222222222222223,96,1,0.010416666666666666,48,0,0.0,48,1,0.020833333333333332,26,0,0.0,19,1,0.05263157894736842,48,0,0.0,48,1,0.020833333333333332,26,0,0.0,19,1,0.05263157894736842,20419,20303,116,125,0.006156725607053145,6,6,0,0,0.0,768,763,5,6,0.007863695937090432,5917,5875,42,12,0.0020425531914893616,13728,13659,69,107,0.007833662786441174,7286,7204,82,37,0.005136035535813437,2,2,0,0,0.0,231,227,4,3,0.013215859030837005,2745,2703,42,2,0.0007399186089530152,4308,4272,36,32,0.00749063670411985,16323,16213,110,93,0.0057361376673040155,6,6,0,0,0.0,625,620,5,6,0.00967741935483871,4876,4834,42,9,0.0018618121638394704,10816,10753,63,78,0.007253789640100437,0,0,0,0,,0,0,0,0,,4096,4090,6,32,0.007823960880195598,6208,6167,41,94,0.015242419328684935,8192,8159,33,19,0.0023287167545042284,0.05263157894736842,0.0,0.9473684210526315,19,0,0,0
1,1,project,company,coherent,root125,0.125,128,False,results/bios-followup-v1/editing/world-1-seed-1-project/edits/company-coherent-root125,93,93,1.0,3,3,1.0,90,90,1.0,93,93,1.0,3,3,1.0,90,90,1.0,96,73,0.7604166666666666,45,35,0.7777777777777778,96,73,0.7604166666666666,48,35,0.7291666666666666,48,38,0.7916666666666666,26,20,0.7692307692307693,19,15,0.7894736842105263,48,35,0.7291666666666666,48,38,0.7916666666666666,26,20,0.7692307692307693,19,15,0.7894736842105263,20419,20303,116,131,0.0064522484361916954,6,6,0,0,0.0,768,763,5,4,0.005242463958060288,5917,5875,42,26,0.004425531914893617,13728,13659,69,101,0.007394391975986529,7286,7204,82,61,0.00846751804553026,2,2,0,0,0.0,231,227,4,2,0.00881057268722467,2745,2703,42,9,0.003329633740288568,4308,4272,36,50,0.011704119850187267,16323,16213,110,114,0.007031394559921051,6,6,0,0,0.0,625,620,5,4,0.0064516129032258064,4876,4834,42,20,0.004137360364087712,10816,10753,63,90,0.008369757277038967,0,0,0,0,,0,0,0,0,,4096,4090,6,17,0.004156479217603912,6208,6167,41,97,0.015728879520025944,8192,8159,33,8,0.000980512317685991,0.7894736842105263,0.0,0.21052631578947367,19,0,0,0
1,1,project,company,coherent,root125,0.125,512,False,results/bios-followup-v1/editing/world-1-seed-1-project/edits/company-coherent-root125,93,93,1.0,3,3,1.0,90,90,1.0,93,93,1.0,3,3,1.0,90,90,1.0,96,66,0.6875,45,32,0.7111111111111111,96,66,0.6875,48,31,0.6458333333333334,48,35,0.7291666666666666,26,17,0.6538461538461539,19,15,0.7894736842105263,48,31,0.6458333333333334,48,35,0.7291666666666666,26,17,0.6538461538461539,19,15,0.7894736842105263,20419,20303,116,48,0.0023641826331084075,6,6,0,0,0.0,768,763,5,2,0.002621231979030144,5917,5875,42,9,0.0015319148936170212,13728,13659,69,37,0.0027088366644703126,7286,7204,82,23,0.003192670738478623,2,2,0,0,0.0,231,227,4,0,0.0,2745,2703,42,5,0.001849796522382538,4308,4272,36,18,0.004213483146067416,16323,16213,110,48,0.0029605871831246532,6,6,0,0,0.0,625,620,5,2,0.0032258064516129032,4876,4834,42,9,0.0018618121638394704,10816,10753,63,37,0.003440900213893797,0,0,0,0,,0,0,0,0,,4096,4090,6,0,0.0,6208,6167,41,35,0.0056753688989784334,8192,8159,33,4,0.0004902561588429955,0.7894736842105263,0.0,0.21052631578947367,19,0,0,0
1,1,project,company,coherent,root250,0.25,0,False,results/bios-followup-v1/editing/world-1-seed-1-project/edits/company-coherent-root250,93,0,0.0,3,0,0.0,90,0,0.0,93,0,0.0,3,0,0.0,90,0,0.0,96,0,0.0,45,0,0.0,96,0,0.0,48,0,0.0,48,0,0.0,26,0,0.0,19,0,0.0,48,0,0.0,48,0,0.0,26,0,0.0,19,0,0.0,20419,20303,116,0,0.0,6,6,0,0,0.0,768,763,5,0,0.0,5917,5875,42,0,0.0,13728,13659,69,0,0.0,7286,7204,82,0,0.0,2,2,0,0,0.0,231,227,4,0,0.0,2745,2703,42,0,0.0,4308,4272,36,0,0.0,16323,16213,110,0,0.0,6,6,0,0,0.0,625,620,5,0,0.0,4876,4834,42,0,0.0,10816,10753,63,0,0.0,0,0,0,0,,0,0,0,0,,4096,4090,6,0,0.0,6208,6167,41,0,0.0,8192,8159,33,0,0.0,0.0,0.0,1.0,19,0,0,0
1,1,project,company,coherent,root250,0.25,32,False,results/bios-followup-v1/editing/world-1-seed-1-project/edits/company-coherent-root250,93,21,0.22580645161290322,3,0,0.0,90,21,0.23333333333333334,93,21,0.22580645161290322,3,0,0.0,90,21,0.23333333333333334,96,0,0.0,45,0,0.0,96,0,0.0,48,0,0.0,48,0,0.0,26,0,0.0,19,0,0.0,48,0,0.0,48,0,0.0,26,0,0.0,19,0,0.0,20419,20303,116,105,0.005171649509924642,6,6,0,0,0.0,768,763,5,6,0.007863695937090432,5917,5875,42,7,0.0011914893617021277,13728,13659,69,92,0.006735485760304561,7286,7204,82,33,0.004580788450860633,2,2,0,0,0.0,231,227,4,3,0.013215859030837005,2745,2703,42,1,0.0003699593044765076,4308,4272,36,29,0.006788389513108614,16323,16213,110,80,0.0049343119718744215,6,6,0,0,0.0,625,620,5,6,0.00967741935483871,4876,4834,42,5,0.001034340091021928,10816,10753,63,69,0.006416813912396541,0,0,0,0,,0,0,0,0,,4096,4090,6,25,0.006112469437652812,6208,6167,41,79,0.012810118371979894,8192,8159,33,19,0.0023287167545042284,0.0,0.0,1.0,19,0,0,0
1,1,project,company,coherent,root250,0.25,128,False,results/bios-followup-v1/editing/world-1-seed-1-project/edits/company-coherent-root250,93,93,1.0,3,3,1.0,90,90,1.0,93,93,1.0,3,3,1.0,90,90,1.0,96,75,0.78125,45,36,0.8,96,75,0.78125,48,36,0.75,48,39,0.8125,26,21,0.8076923076923077,19,15,0.7894736842105263,48,36,0.75,48,39,0.8125,26,21,0.8076923076923077,19,15,0.7894736842105263,20419,20303,116,145,0.0071418017041816485,6,6,0,0,0.0,768,763,5,4,0.005242463958060288,5917,5875,42,31,0.005276595744680851,13728,13659,69,110,0.008053298191668497,7286,7204,82,66,0.009161576901721266,2,2,0,0,0.0,231,227,4,2,0.00881057268722467,2745,2703,42,11,0.004069552349241583,4308,4272,36,53,0.012406367041198503,16323,16213,110,124,0.0076481835564053535,6,6,0,0,0.0,625,620,5,4,0.0064516129032258064,4876,4834,42,23,0.004757964418700869,10816,10753,63,97,0.00902073839858644,0,0,0,0,,0,0,0,0,,4096,4090,6,21,0.005134474327628362,6208,6167,41,106,0.01718826009404897,8192,8159,33,8,0.000980512317685991,0.7894736842105263,0.0,0.21052631578947367,19,0,0,0
1,1,project,company,coherent,root250,0.25,512,False,results/bios-followup-v1/editing/world-1-seed-1-project/edits/company-coherent-root250,93,93,1.0,3,3,1.0,90,90,1.0,93,93,1.0,3,3,1.0,90,90,1.0,96,68,0.7083333333333334,45,33,0.7333333333333333,96,68,0.7083333333333334,48,33,0.6875,48,35,0.7291666666666666,26,18,0.6923076923076923,19,15,0.7894736842105263,48,33,0.6875,48,35,0.7291666666666666,26,18,0.6923076923076923,19,15,0.7894736842105263,20419,20303,116,49,0.002413436437964833,6,6,0,0,0.0,768,763,5,1,0.001310615989515072,5917,5875,42,10,0.001702127659574468,13728,13659,69,38,0.0027820484662127534,7286,7204,82,25,0.003470294280955025,2,2,0,0,0.0,231,227,4,0,0.0,2745,2703,42,6,0.0022197558268590455,4308,4272,36,19,0.004447565543071161,16323,16213,110,49,0.0030222660827730835,6,6,0,0,0.0,625,620,5,1,0.0016129032258064516,4876,4834,42,10,0.002068680182043856,10816,10753,63,38,0.003533897516972008,0,0,0,0,,0,0,0,0,,4096,4090,6,0,0.0,6208,6167,41,36,0.0058375222960921035,8192,8159,33,3,0.0003676921191322466,0.7894736842105263,0.0,0.21052631578947367,19,0,0,0
1,1,project,company,coherent,root500,0.5,0,False,results/bios-followup-v1/editing/world-1-seed-1-project/edits/company-coherent-root500,93,0,0.0,3,0,0.0,90,0,0.0,93,0,0.0,3,0,0.0,90,0,0.0,96,0,0.0,45,0,0.0,96,0,0.0,48,0,0.0,48,0,0.0,26,0,0.0,19,0,0.0,48,0,0.0,48,0,0.0,26,0,0.0,19,0,0.0,20419,20303,116,0,0.0,6,6,0,0,0.0,768,763,5,0,0.0,5917,5875,42,0,0.0,13728,13659,69,0,0.0,7286,7204,82,0,0.0,2,2,0,0,0.0,231,227,4,0,0.0,2745,2703,42,0,0.0,4308,4272,36,0,0.0,16323,16213,110,0,0.0,6,6,0,0,0.0,625,620,5,0,0.0,4876,4834,42,0,0.0,10816,10753,63,0,0.0,0,0,0,0,,0,0,0,0,,4096,4090,6,0,0.0,6208,6167,41,0,0.0,8192,8159,33,0,0.0,0.0,0.0,1.0,19,0,0,0
1,1,project,company,coherent,root500,0.5,32,False,results/bios-followup-v1/editing/world-1-seed-1-project/edits/company-coherent-root500,93,4,0.043010752688172046,3,0,0.0,90,4,0.044444444444444446,93,4,0.043010752688172046,3,0,0.0,90,4,0.044444444444444446,96,0,0.0,45,0,0.0,96,0,0.0,48,0,0.0,48,0,0.0,26,0,0.0,19,0,0.0,48,0,0.0,48,0,0.0,26,0,0.0,19,0,0.0,20419,20303,116,71,0.003497020144806186,6,6,0,0,0.0,768,763,5,4,0.005242463958060288,5917,5875,42,4,0.0006808510638297873,13728,13659,69,63,0.004612343509773776,7286,7204,82,25,0.003470294280955025,2,2,0,0,0.0,231,227,4,1,0.004405286343612335,2745,2703,42,2,0.0007399186089530152,4308,4272,36,22,0.005149812734082397,16323,16213,110,56,0.0034540183803120953,6,6,0,0,0.0,625,620,5,4,0.0064516129032258064,4876,4834,42,3,0.0006206040546131568,10816,10753,63,49,0.004556867850832326,0,0,0,0,,0,0,0,0,,4096,4090,6,15,0.003667481662591687,6208,6167,41,44,0.007134749473001459,8192,8159,33,23,0.002818972913347224,0.0,0.0,1.0,19,0,0,0
1,1,project,company,coherent,root500,0.5,128,False,results/bios-followup-v1/editing/world-1-seed-1-project/edits/company-coherent-root500,93,93,1.0,3,3,1.0,90,90,1.0,93,93,1.0,3,3,1.0,90,90,1.0,96,75,0.78125,45,36,0.8,96,75,0.78125,48,37,0.7708333333333334,48,38,0.7916666666666666,26,22,0.8461538461538461,19,14,0.7368421052631579,48,37,0.7708333333333334,48,38,0.7916666666666666,26,22,0.8461538461538461,19,14,0.7368421052631579,20419,20303,116,157,0.00773284736245875,6,6,0,0,0.0,768,763,5,4,0.005242463958060288,5917,5875,42,35,0.005957446808510639,13728,13659,69,118,0.008638992605608024,7286,7204,82,74,0.010272071071626874,2,2,0,0,0.0,231,227,4,2,0.00881057268722467,2745,2703,42,15,0.005549389567147614,4308,4272,36,57,0.013342696629213483,16323,16213,110,138,0.008511688151483378,6,6,0,0,0.0,625,620,5,4,0.0064516129032258064,4876,4834,42,27,0.005585436491518411,10816,10753,63,107,0.009950711429368549,0,0,0,0,,0,0,0,0,,4096,4090,6,19,0.004645476772616137,6208,6167,41,113,0.018323333873844657,8192,8159,33,9,0.0011030763573967397,0.7368421052631579,0.0,0.2631578947368421,19,0,0,0
1,1,project,company,coherent,root500,0.5,512,False,results/bios-followup-v1/editing/world-1-seed-1-project/edits/company-coherent-root500,93,93,1.0,3,3,1.0,90,90,1.0,93,93,1.0,3,3,1.0,90,90,1.0,96,69,0.71875,45,33,0.7333333333333333,96,69,0.71875,48,33,0.6875,48,36,0.75,26,18,0.6923076923076923,19,15,0.7894736842105263,48,33,0.6875,48,36,0.75,26,18,0.6923076923076923,19,15,0.7894736842105263,20419,20303,116,48,0.0023641826331084075,6,6,0,0,0.0,768,763,5,2,0.002621231979030144,5917,5875,42,8,0.0013617021276595745,13728,13659,69,38,0.0027820484662127534,7286,7204,82,25,0.003470294280955025,2,2,0,0,0.0,231,227,4,1,0.004405286343612335,2745,2703,42,5,0.001849796522382538,4308,4272,36,19,0.004447565543071161,16323,16213,110,48,0.0029605871831246532,6,6,0,0,0.0,625,620,5,2,0.0032258064516129032,4876,4834,42,8,0.0016549441456350847,10816,10753,63,38,0.003533897516972008,0,0,0,0,,0,0,0,0,,4096,4090,6,0,0.0,6208,6167,41,37,0.005999675693205773,8192,8159,33,3,0.0003676921191322466,0.7894736842105263,0.0,0.21052631578947367,19,0,0,0
1,1,project,company,exception,uniform,0.03225806451612903,0,True,results/bios-cross-scale-dev-v1/width-256/world-1-seed-1-project/edits/company-exception-mlp,93,0,0.0,3,0,0.0,90,0,0.0,93,0,0.0,3,0,0.0,90,0,0.0,96,0,0.0,45,0,0.0,96,0,0.0,48,0,0.0,48,0,0.0,26,0,0.0,19,0,0.0,48,0,0.0,48,0,0.0,26,0,0.0,19,0,0.0,20419,20303,116,0,0.0,6,6,0,0,0.0,768,763,5,0,0.0,5917,5875,42,0,0.0,13728,13659,69,0,0.0,7286,7204,82,0,0.0,2,2,0,0,0.0,231,227,4,0,0.0,2745,2703,42,0,0.0,4308,4272,36,0,0.0,16323,16213,110,0,0.0,6,6,0,0,0.0,625,620,5,0,0.0,4876,4834,42,0,0.0,10816,10753,63,0,0.0,0,0,0,0,,0,0,0,0,,4096,4090,6,0,0.0,6208,6167,41,0,0.0,8192,8159,33,0,0.0,0.0,0.0,1.0,19,0,0,0
1,1,project,company,exception,uniform,0.03225806451612903,32,True,results/bios-cross-scale-dev-v1/width-256/world-1-seed-1-project/edits/company-exception-mlp,93,5,0.053763440860215055,3,0,0.0,90,5,0.05555555555555555,93,5,0.053763440860215055,3,0,0.0,90,5,0.05555555555555555,96,0,0.0,45,0,0.0,96,0,0.0,48,0,0.0,48,0,0.0,26,0,0.0,19,0,0.0,48,0,0.0,48,0,0.0,26,0,0.0,19,0,0.0,20419,20303,116,145,0.0071418017041816485,6,6,0,0,0.0,768,763,5,6,0.007863695937090432,5917,5875,42,12,0.0020425531914893616,13728,13659,69,127,0.009297898821289991,7286,7204,82,45,0.006246529705719045,2,2,0,0,0.0,231,227,4,5,0.022026431718061675,2745,2703,42,3,0.0011098779134295228,4308,4272,36,37,0.008661048689138577,16323,16213,110,107,0.006599642262382039,6,6,0,0,0.0,625,620,5,6,0.00967741935483871,4876,4834,42,9,0.0018618121638394704,10816,10753,63,92,0.008555751883195387,0,0,0,0,,0,0,0,0,,4096,4090,6,38,0.009290953545232274,6208,6167,41,116,0.018809794065185667,8192,8159,33,17,0.0020835886750827305,0.0,0.0,0.8947368421052632,19,0,2,0
1,1,project,company,exception,uniform,0.03225806451612903,128,True,results/bios-cross-scale-dev-v1/width-256/world-1-seed-1-project/edits/company-exception-mlp,93,93,1.0,3,3,1.0,90,90,1.0,93,93,1.0,3,3,1.0,90,90,1.0,96,42,0.4375,45,18,0.4,96,42,0.4375,48,19,0.3958333333333333,48,23,0.4791666666666667,26,11,0.4230769230769231,19,7,0.3684210526315789,48,19,0.3958333333333333,48,23,0.4791666666666667,26,11,0.4230769230769231,19,7,0.3684210526315789,20419,20303,116,164,0.008077623996453726,6,6,0,1,0.16666666666666666,768,763,5,4,0.005242463958060288,5917,5875,42,32,0.005446808510638298,13728,13659,69,127,0.009297898821289991,7286,7204,82,73,0.010133259300388673,2,2,0,0,0.0,231,227,4,1,0.004405286343612335,2745,2703,42,11,0.004069552349241583,4308,4272,36,61,0.014279026217228465,16323,16213,110,132,0.008141614753592796,6,6,0,1,0.16666666666666666,625,620,5,4,0.0064516129032258064,4876,4834,42,24,0.004964832436905255,10816,10753,63,103,0.009578722217055705,0,0,0,0,,0,0,0,0,,4096,4090,6,32,0.007823960880195598,6208,6167,41,125,0.02026917463920869,8192,8159,33,6,0.0007353842382644932,0.3684210526315789,0.42105263157894735,0.21052631578947367,19,0,0,0
1,1,project,company,exception,uniform,0.03225806451612903,512,True,results/bios-cross-scale-dev-v1/width-256/world-1-seed-1-project/edits/company-exception-mlp,93,93,1.0,3,3,1.0,90,90,1.0,93,93,1.0,3,3,1.0,90,90,1.0,96,41,0.4270833333333333,45,15,0.3333333333333333,96,41,0.4270833333333333,48,17,0.3541666666666667,48,24,0.5,26,8,0.3076923076923077,19,7,0.3684210526315789,48,17,0.3541666666666667,48,24,0.5,26,8,0.3076923076923077,19,7,0.3684210526315789,20419,20303,116,33,0.0016253755602620302,6,6,0,0,0.0,768,763,5,2,0.002621231979030144,5917,5875,42,5,0.000851063829787234,13728,13659,69,26,0.001903506845303463,7286,7204,82,16,0.002220988339811216,2,2,0,0,0.0,231,227,4,1,0.004405286343612335,2745,2703,42,2,0.0007399186089530152,4308,4272,36,13,0.003043071161048689,16323,16213,110,33,0.002035403688398199,6,6,0,0,0.0,625,620,5,2,0.0032258064516129032,4876,4834,42,5,0.001034340091021928,10816,10753,63,26,0.002417929880033479,0,0,0,0,,0,0,0,0,,4096,4090,6,0,0.0,6208,6167,41,25,0.004053834927841738,8192,8159,33,3,0.0003676921191322466,0.3684210526315789,0.2631578947368421,0.3684210526315789,19,0,0,0
1,1,project,company,exception,root125,0.125,0,False,results/bios-followup-v1/editing/world-1-seed-1-project/edits/company-exception-root125,93,0,0.0,3,0,0.0,90,0,0.0,93,0,0.0,3,0,0.0,90,0,0.0,96,0,0.0,45,0,0.0,96,0,0.0,48,0,0.0,48,0,0.0,26,0,0.0,19,0,0.0,48,0,0.0,48,0,0.0,26,0,0.0,19,0,0.0,20419,20303,116,0,0.0,6,6,0,0,0.0,768,763,5,0,0.0,5917,5875,42,0,0.0,13728,13659,69,0,0.0,7286,7204,82,0,0.0,2,2,0,0,0.0,231,227,4,0,0.0,2745,2703,42,0,0.0,4308,4272,36,0,0.0,16323,16213,110,0,0.0,6,6,0,0,0.0,625,620,5,0,0.0,4876,4834,42,0,0.0,10816,10753,63,0,0.0,0,0,0,0,,0,0,0,0,,4096,4090,6,0,0.0,6208,6167,41,0,0.0,8192,8159,33,0,0.0,0.0,0.0,1.0,19,0,0,0
1,1,project,company,exception,root125,0.125,32,False,results/bios-followup-v1/editing/world-1-seed-1-project/edits/company-exception-root125,93,4,0.043010752688172046,3,0,0.0,90,4,0.044444444444444446,93,4,0.043010752688172046,3,0,0.0,90,4,0.044444444444444446,96,0,0.0,45,0,0.0,96,0,0.0,48,0,0.0,48,0,0.0,26,0,0.0,19,0,0.0,48,0,0.0,48,0,0.0,26,0,0.0,19,0,0.0,20419,20303,116,140,0.006895532679899522,6,6,0,0,0.0,768,763,5,5,0.00655307994757536,5917,5875,42,13,0.0022127659574468087,13728,13659,69,122,0.008931839812577787,7286,7204,82,42,0.005830094392004442,2,2,0,0,0.0,231,227,4,4,0.01762114537444934,2745,2703,42,3,0.0011098779134295228,4308,4272,36,35,0.008192883895131085,16323,16213,110,103,0.006352926663788318,6,6,0,0,0.0,625,620,5,5,0.008064516129032258,4876,4834,42,10,0.002068680182043856,10816,10753,63,88,0.008183762670882545,0,0,0,0,,0,0,0,0,,4096,4090,6,37,0.009046454767726161,6208,6167,41,110,0.017836873682503647,8192,8159,33,17,0.0020835886750827305,0.0,0.0,0.8421052631578947,19,0,3,0
1,1,project,company,exception,root125,0.125,128,False,results/bios-followup-v1/editing/world-1-seed-1-project/edits/company-exception-root125,93,93,1.0,3,3,1.0,90,90,1.0,93,93,1.0,3,3,1.0,90,90,1.0,96,50,0.5208333333333334,45,20,0.4444444444444444,96,50,0.5208333333333334,48,23,0.4791666666666667,48,27,0.5625,26,12,0.46153846153846156,19,8,0.42105263157894735,48,23,0.4791666666666667,48,27,0.5625,26,12,0.46153846153846156,19,8,0.42105263157894735,20419,20303,116,178,0.008767177264443678,6,6,0,1,0.16666666666666666,768,763,5,4,0.005242463958060288,5917,5875,42,36,0.006127659574468085,13728,13659,69,137,0.010030016838714401,7286,7204,82,81,0.011243753470294281,2,2,0,0,0.0,231,227,4,1,0.004405286343612335,2745,2703,42,14,0.005179430262671106,4308,4272,36,66,0.01544943820224719,16323,16213,110,144,0.00888176154937396,6,6,0,1,0.16666666666666666,625,620,5,4,0.0064516129032258064,4876,4834,42,27,0.005585436491518411,10816,10753,63,112,0.010415697944759602,0,0,0,0,,0,0,0,0,,4096,4090,6,34,0.008312958435207823,6208,6167,41,135,0.021890708610345387,8192,8159,33,6,0.0007353842382644932,0.42105263157894735,0.42105263157894735,0.15789473684210525,19,0,0,0
1,1,project,company,exception,root125,0.125,512,False,results/bios-followup-v1/editing/world-1-seed-1-project/edits/company-exception-root125,93,93,1.0,3,3,1.0,90,90,1.0,93,93,1.0,3,3,1.0,90,90,1.0,96,44,0.4583333333333333,45,16,0.35555555555555557,96,44,0.4583333333333333,48,19,0.3958333333333333,48,25,0.5208333333333334,26,9,0.34615384615384615,19,7,0.3684210526315789,48,19,0.3958333333333333,48,25,0.5208333333333334,26,9,0.34615384615384615,19,7,0.3684210526315789,20419,20303,116,33,0.0016253755602620302,6,6,0,0,0.0,768,763,5,2,0.002621231979030144,5917,5875,42,5,0.000851063829787234,13728,13659,69,26,0.001903506845303463,7286,7204,82,16,0.002220988339811216,2,2,0,0,0.0,231,227,4,1,0.004405286343612335,2745,2703,42,2,0.0007399186089530152,4308,4272,36,13,0.003043071161048689,16323,16213,110,33,0.002035403688398199,6,6,0,0,0.0,625,620,5,2,0.0032258064516129032,4876,4834,42,5,0.001034340091021928,10816,10753,63,26,0.002417929880033479,0,0,0,0,,0,0,0,0,,4096,4090,6,0,0.0,6208,6167,41,25,0.004053834927841738,8192,8159,33,3,0.0003676921191322466,0.3684210526315789,0.21052631578947367,0.42105263157894735,19,0,0,0
1,1,project,company,exception,root250,0.25,0,False,results/bios-followup-v1/editing/world-1-seed-1-project/edits/company-exception-root250,93,0,0.0,3,0,0.0,90,0,0.0,93,0,0.0,3,0,0.0,90,0,0.0,96,0,0.0,45,0,0.0,96,0,0.0,48,0,0.0,48,0,0.0,26,0,0.0,19,0,0.0,48,0,0.0,48,0,0.0,26,0,0.0,19,0,0.0,20419,20303,116,0,0.0,6,6,0,0,0.0,768,763,5,0,0.0,5917,5875,42,0,0.0,13728,13659,69,0,0.0,7286,7204,82,0,0.0,2,2,0,0,0.0,231,227,4,0,0.0,2745,2703,42,0,0.0,4308,4272,36,0,0.0,16323,16213,110,0,0.0,6,6,0,0,0.0,625,620,5,0,0.0,4876,4834,42,0,0.0,10816,10753,63,0,0.0,0,0,0,0,,0,0,0,0,,4096,4090,6,0,0.0,6208,6167,41,0,0.0,8192,8159,33,0,0.0,0.0,0.0,1.0,19,0,0,0
1,1,project,company,exception,root250,0.25,32,False,results/bios-followup-v1/editing/world-1-seed-1-project/edits/company-exception-root250,93,2,0.021505376344086023,3,0,0.0,90,2,0.022222222222222223,93,2,0.021505376344086023,3,0,0.0,90,2,0.022222222222222223,96,0,0.0,45,0,0.0,96,0,0.0,48,0,0.0,48,0,0.0,26,0,0.0,19,0,0.0,48,0,0.0,48,0,0.0,26,0,0.0,19,0,0.0,20419,20303,116,123,0.006058217997340295,6,6,0,0,0.0,768,763,5,6,0.007863695937090432,5917,5875,42,10,0.001702127659574468,13728,13659,69,107,0.007833662786441174,7286,7204,82,37,0.005136035535813437,2,2,0,0,0.0,231,227,4,4,0.01762114537444934,2745,2703,42,3,0.0011098779134295228,4308,4272,36,30,0.007022471910112359,16323,16213,110,94,0.005797816566952446,6,6,0,0,0.0,625,620,5,6,0.00967741935483871,4876,4834,42,9,0.0018618121638394704,10816,10753,63,79,0.007346786943178648,0,0,0,0,,0,0,0,0,,4096,4090,6,29,0.0070904645476772615,6208,6167,41,92,0.014918112534457597,8192,8159,33,21,0.0025738448339257263,0.0,0.0,0.9473684210526315,19,0,1,0
1,1,project,company,exception,root250,0.25,128,False,results/bios-followup-v1/editing/world-1-seed-1-project/edits/company-exception-root250,93,93,1.0,3,3,1.0,90,90,1.0,93,93,1.0,3,3,1.0,90,90,1.0,96,60,0.625,45,25,0.5555555555555556,96,60,0.625,48,29,0.6041666666666666,48,31,0.6458333333333334,26,16,0.6153846153846154,19,9,0.47368421052631576,48,29,0.6041666666666666,48,31,0.6458333333333334,26,16,0.6153846153846154,19,9,0.47368421052631576,20419,20303,116,190,0.00935822292272078,6,6,0,1,0.16666666666666666,768,763,5,5,0.00655307994757536,5917,5875,42,42,0.007148936170212766,13728,13659,69,142,0.010396075847426606,7286,7204,82,84,0.011660188784008884,2,2,0,0,0.0,231,227,4,1,0.004405286343612335,2745,2703,42,17,0.006289308176100629,4308,4272,36,66,0.01544943820224719,16323,16213,110,157,0.009683587244803553,6,6,0,1,0.16666666666666666,625,620,5,5,0.008064516129032258,4876,4834,42,33,0.006826644600744725,10816,10753,63,118,0.010973681763228866,0,0,0,0,,0,0,0,0,,4096,4090,6,33,0.00806845965770171,6208,6167,41,140,0.022701475595913734,8192,8159,33,6,0.0007353842382644932,0.47368421052631576,0.3684210526315789,0.15789473684210525,19,0,0,0
1,1,project,company,exception,root250,0.25,512,False,results/bios-followup-v1/editing/world-1-seed-1-project/edits/company-exception-root250,93,93,1.0,3,3,1.0,90,90,1.0,93,93,1.0,3,3,1.0,90,90,1.0,96,49,0.5104166666666666,45,20,0.4444444444444444,96,49,0.5104166666666666,48,23,0.4791666666666667,48,26,0.5416666666666666,26,12,0.46153846153846156,19,8,0.42105263157894735,48,23,0.4791666666666667,48,26,0.5416666666666666,26,12,0.46153846153846156,19,8,0.42105263157894735,20419,20303,116,37,0.001822390779687731,6,6,0,0,0.0,768,763,5,2,0.002621231979030144,5917,5875,42,6,0.0010212765957446808,13728,13659,69,29,0.0021231422505307855,7286,7204,82,19,0.002637423653525819,2,2,0,0,0.0,231,227,4,1,0.004405286343612335,2745,2703,42,3,0.0011098779134295228,4308,4272,36,15,0.0035112359550561797,16323,16213,110,37,0.0022821192869919202,6,6,0,0,0.0,625,620,5,2,0.0032258064516129032,4876,4834,42,6,0.0012412081092263137,10816,10753,63,29,0.002696921789268111,0,0,0,0,,0,0,0,0,,4096,4090,6,0,0.0,6208,6167,41,28,0.004540295119182747,8192,8159,33,3,0.0003676921191322466,0.42105263157894735,0.21052631578947367,0.3684210526315789,19,0,0,0
1,1,project,company,exception,root500,0.5,0,True,results/bios-mechanism-dev-v1/p1/width-256/world-1-seed-1-project/edits/company-class-balanced-exception,93,0,0.0,3,0,0.0,90,0,0.0,93,0,0.0,3,0,0.0,90,0,0.0,96,0,0.0,45,0,0.0,96,0,0.0,48,0,0.0,48,0,0.0,26,0,0.0,19,0,0.0,48,0,0.0,48,0,0.0,26,0,0.0,19,0,0.0,20419,20303,116,0,0.0,6,6,0,0,0.0,768,763,5,0,0.0,5917,5875,42,0,0.0,13728,13659,69,0,0.0,7286,7204,82,0,0.0,2,2,0,0,0.0,231,227,4,0,0.0,2745,2703,42,0,0.0,4308,4272,36,0,0.0,16323,16213,110,0,0.0,6,6,0,0,0.0,625,620,5,0,0.0,4876,4834,42,0,0.0,10816,10753,63,0,0.0,0,0,0,0,,0,0,0,0,,4096,4090,6,0,0.0,6208,6167,41,0,0.0,8192,8159,33,0,0.0,0.0,0.0,1.0,19,0,0,0
1,1,project,company,exception,root500,0.5,32,True,results/bios-mechanism-dev-v1/p1/width-256/world-1-seed-1-project/edits/company-class-balanced-exception,93,0,0.0,3,0,0.0,90,0,0.0,93,0,0.0,3,0,0.0,90,0,0.0,96,0,0.0,45,0,0.0,96,0,0.0,48,0,0.0,48,0,0.0,26,0,0.0,19,0,0.0,48,0,0.0,48,0,0.0,26,0,0.0,19,0,0.0,20419,20303,116,78,0.003841796778801162,6,6,0,0,0.0,768,763,5,3,0.003931847968545216,5917,5875,42,4,0.0006808510638297873,13728,13659,69,71,0.005198037923713303,7286,7204,82,25,0.003470294280955025,2,2,0,0,0.0,231,227,4,1,0.004405286343612335,2745,2703,42,2,0.0007399186089530152,4308,4272,36,22,0.005149812734082397,16323,16213,110,59,0.0036390550792573862,6,6,0,0,0.0,625,620,5,3,0.004838709677419355,4876,4834,42,3,0.0006206040546131568,10816,10753,63,53,0.004928857063145169,0,0,0,0,,0,0,0,0,,4096,4090,6,19,0.004645476772616137,6208,6167,41,47,0.007621209664342468,8192,8159,33,27,0.0033092290721902194,0.0,0.0,1.0,19,0,0,0
1,1,project,company,exception,root500,0.5,128,True,results/bios-mechanism-dev-v1/p1/width-256/world-1-seed-1-project/edits/company-class-balanced-exception,93,91,0.978494623655914,3,3,1.0,90,88,0.9777777777777777,93,91,0.978494623655914,3,3,1.0,90,88,0.9777777777777777,96,70,0.7291666666666666,45,31,0.6888888888888889,96,70,0.7291666666666666,48,38,0.7916666666666666,48,32,0.6666666666666666,26,21,0.8076923076923077,19,10,0.5263157894736842,48,38,0.7916666666666666,48,32,0.6666666666666666,26,21,0.8076923076923077,19,10,0.5263157894736842,20419,20303,116,210,0.010343299019849284,6,6,0,1,0.16666666666666666,768,763,5,5,0.00655307994757536,5917,5875,42,49,0.008340425531914894,13728,13659,69,155,0.011347829270078337,7286,7204,82,92,0.012770682953914493,2,2,0,0,0.0,231,227,4,1,0.004405286343612335,2745,2703,42,19,0.007029226785053644,4308,4272,36,72,0.016853932584269662,16323,16213,110,170,0.010485412940233146,6,6,0,1,0.16666666666666666,625,620,5,5,0.008064516129032258,4876,4834,42,37,0.0076541166735622675,10816,10753,63,127,0.011810657490932764,0,0,0,0,,0,0,0,0,,4096,4090,6,40,0.009779951100244499,6208,6167,41,149,0.02416085616993676,8192,8159,33,11,0.0013482044368182376,0.5263157894736842,0.3157894736842105,0.15789473684210525,19,0,0,0
1,1,project,company,exception,root500,0.5,512,True,results/bios-mechanism-dev-v1/p1/width-256/world-1-seed-1-project/edits/company-class-balanced-exception,93,93,1.0,3,3,1.0,90,90,1.0,93,93,1.0,3,3,1.0,90,90,1.0,96,54,0.5625,45,24,0.5333333333333333,96,54,0.5625,48,25,0.5208333333333334,48,29,0.6041666666666666,26,14,0.5384615384615384,19,10,0.5263157894736842,48,25,0.5208333333333334,48,29,0.6041666666666666,26,14,0.5384615384615384,19,10,0.5263157894736842,20419,20303,116,41,0.0020194059991134315,6,6,0,0,0.0,768,763,5,3,0.003931847968545216,5917,5875,42,5,0.000851063829787234,13728,13659,69,33,0.002415989457500549,7286,7204,82,22,0.003053858967240422,2,2,0,0,0.0,231,227,4,2,0.00881057268722467,2745,2703,42,3,0.0011098779134295228,4308,4272,36,17,0.003979400749063671,16323,16213,110,41,0.002528834885585641,6,6,0,0,0.0,625,620,5,3,0.004838709677419355,4876,4834,42,5,0.001034340091021928,10816,10753,63,33,0.0030689110015809542,0,0,0,0,,0,0,0,0,,4096,4090,6,0,0.0,6208,6167,41,33,0.005351062104751094,8192,8159,33,3,0.0003676921191322466,0.5263157894736842,0.21052631578947367,0.2631578947368421,19,0,0,0
1,1,project,project,coherent,uniform,0.03225806451612903,0,True,results/bios-cross-scale-dev-v1/width-256/world-1-seed-1-project/edits/project-coherent-mlp,93,0,0.0,3,0,0.0,90,0,0.0,93,0,0.0,3,0,0.0,90,0,0.0,96,0,0.0,45,0,0.0,96,0,0.0,48,0,0.0,48,0,0.0,19,0,0.0,26,0,0.0,48,0,0.0,48,0,0.0,19,0,0.0,26,0,0.0,20419,20302,117,0,0.0,6,6,0,0,0.0,768,762,6,0,0.0,5917,5878,39,0,0.0,13728,13656,72,0,0.0,7286,7207,79,0,0.0,2,2,0,0,0.0,231,227,4,0,0.0,2745,2715,30,0,0.0,4308,4263,45,0,0.0,16323,16212,111,0,0.0,4,4,0,0,0.0,596,590,6,0,0.0,4921,4885,36,0,0.0,10802,10733,69,0,0.0,0,0,0,0,,0,0,0,0,,4096,4090,6,0,0.0,6208,6163,45,0,0.0,8192,8159,33,0,0.0,0.0,0.0,1.0,26,0,0,0
1,1,project,project,coherent,uniform,0.03225806451612903,32,True,results/bios-cross-scale-dev-v1/width-256/world-1-seed-1-project/edits/project-coherent-mlp,93,23,0.24731182795698925,3,0,0.0,90,23,0.25555555555555554,93,23,0.24731182795698925,3,0,0.0,90,23,0.25555555555555554,96,13,0.13541666666666666,45,3,0.06666666666666667,96,13,0.13541666666666666,48,8,0.16666666666666666,48,5,0.10416666666666667,19,1,0.05263157894736842,26,2,0.07692307692307693,48,8,0.16666666666666666,48,5,0.10416666666666667,19,1,0.05263157894736842,26,2,0.07692307692307693,20419,20302,117,80,0.003940498473056842,6,6,0,0,0.0,768,762,6,1,0.0013123359580052493,5917,5878,39,40,0.006805035726437564,13728,13656,72,39,0.0028558875219683658,7286,7207,79,31,0.004301373664492854,2,2,0,0,0.0,231,227,4,0,0.0,2745,2715,30,16,0.005893186003683241,4308,4263,45,15,0.003518648838845883,16323,16212,111,59,0.0036392795460152973,4,4,0,0,0.0,596,590,6,0,0.0,4921,4885,36,30,0.006141248720573183,10802,10733,69,29,0.002701947265443026,0,0,0,0,,0,0,0,0,,4096,4090,6,21,0.005134474327628362,6208,6163,45,10,0.0016225864027259451,8192,8159,33,30,0.0036769211913224658,0.07692307692307693,0.0,0.8461538461538461,26,0,2,0
1,1,project,project,coherent,uniform,0.03225806451612903,128,True,results/bios-cross-scale-dev-v1/width-256/world-1-seed-1-project/edits/project-coherent-mlp,93,93,1.0,3,3,1.0,90,90,1.0,93,93,1.0,3,3,1.0,90,90,1.0,96,95,0.9895833333333334,45,44,0.9777777777777777,96,95,0.9895833333333334,48,48,1.0,48,47,0.9791666666666666,19,19,1.0,26,25,0.9615384615384616,48,48,1.0,48,47,0.9791666666666666,19,19,1.0,26,25,0.9615384615384616,20419,20302,117,185,0.009112402718943946,6,6,0,1,0.16666666666666666,768,762,6,10,0.013123359580052493,5917,5878,39,28,0.004763525008506295,13728,13656,72,146,0.010691271236086701,7286,7207,79,115,0.015956708755376716,2,2,0,1,0.5,231,227,4,4,0.01762114537444934,2745,2715,30,17,0.006261510128913444,4308,4263,45,93,0.021815622800844477,16323,16212,111,169,0.010424377004687886,4,4,0,1,0.25,596,590,6,8,0.013559322033898305,4921,4885,36,27,0.005527123848515865,10802,10733,69,133,0.012391689182893878,0,0,0,0,,0,0,0,0,,4096,4090,6,16,0.003911980440097799,6208,6163,45,140,0.02271620963816323,8192,8159,33,12,0.0014707684765289863,0.9615384615384616,0.0,0.038461538461538464,26,0,0,0
1,1,project,project,coherent,uniform,0.03225806451612903,512,True,results/bios-cross-scale-dev-v1/width-256/world-1-seed-1-project/edits/project-coherent-mlp,93,93,1.0,3,3,1.0,90,90,1.0,93,93,1.0,3,3,1.0,90,90,1.0,96,95,0.9895833333333334,45,45,1.0,96,95,0.9895833333333334,48,48,1.0,48,47,0.9791666666666666,19,19,1.0,26,26,1.0,48,48,1.0,48,47,0.9791666666666666,19,19,1.0,26,26,1.0,20419,20302,117,98,0.004827110629494631,6,6,0,0,0.0,768,762,6,3,0.003937007874015748,5917,5878,39,14,0.0023817625042531474,13728,13656,72,81,0.005931458699472759,7286,7207,79,76,0.010545303177466351,2,2,0,0,0.0,231,227,4,3,0.013215859030837005,2745,2715,30,9,0.0033149171270718232,4308,4263,45,64,0.0150129017124091,16323,16212,111,98,0.006044905008635579,4,4,0,0,0.0,596,590,6,3,0.005084745762711864,4921,4885,36,14,0.0028659160696008186,10802,10733,69,81,0.007546818224168452,0,0,0,0,,0,0,0,0,,4096,4090,6,0,0.0,6208,6163,45,78,0.012656173941262372,8192,8159,33,6,0.0007353842382644932,1.0,0.0,0.0,26,0,0,0
1,1,project,project,coherent,root125,0.125,0,False,results/bios-followup-v1/editing/world-1-seed-1-project/edits/project-coherent-root125,93,0,0.0,3,0,0.0,90,0,0.0,93,0,0.0,3,0,0.0,90,0,0.0,96,0,0.0,45,0,0.0,96,0,0.0,48,0,0.0,48,0,0.0,19,0,0.0,26,0,0.0,48,0,0.0,48,0,0.0,19,0,0.0,26,0,0.0,20419,20302,117,0,0.0,6,6,0,0,0.0,768,762,6,0,0.0,5917,5878,39,0,0.0,13728,13656,72,0,0.0,7286,7207,79,0,0.0,2,2,0,0,0.0,231,227,4,0,0.0,2745,2715,30,0,0.0,4308,4263,45,0,0.0,16323,16212,111,0,0.0,4,4,0,0,0.0,596,590,6,0,0.0,4921,4885,36,0,0.0,10802,10733,69,0,0.0,0,0,0,0,,0,0,0,0,,4096,4090,6,0,0.0,6208,6163,45,0,0.0,8192,8159,33,0,0.0,0.0,0.0,1.0,26,0,0,0
1,1,project,project,coherent,root125,0.125,32,False,results/bios-followup-v1/editing/world-1-seed-1-project/edits/project-coherent-root125,93,21,0.22580645161290322,3,0,0.0,90,21,0.23333333333333334,93,21,0.22580645161290322,3,0,0.0,90,21,0.23333333333333334,96,13,0.13541666666666666,45,3,0.06666666666666667,96,13,0.13541666666666666,48,8,0.16666666666666666,48,5,0.10416666666666667,19,1,0.05263157894736842,26,2,0.07692307692307693,48,8,0.16666666666666666,48,5,0.10416666666666667,19,1,0.05263157894736842,26,2,0.07692307692307693,20419,20302,117,85,0.0041867796276228945,6,6,0,0,0.0,768,762,6,2,0.0026246719160104987,5917,5878,39,41,0.006975161619598503,13728,13656,72,42,0.0030755711775043936,7286,7207,79,35,0.004856389621201609,2,2,0,0,0.0,231,227,4,0,0.0,2745,2715,30,17,0.006261510128913444,4308,4263,45,18,0.00422237860661506,16323,16212,111,63,0.0038860103626943004,4,4,0,0,0.0,596,590,6,1,0.001694915254237288,4921,4885,36,31,0.006345957011258956,10802,10733,69,31,0.002888288456163235,0,0,0,0,,0,0,0,0,,4096,4090,6,22,0.0053789731051344745,6208,6163,45,10,0.0016225864027259451,8192,8159,33,34,0.004167177350165461,0.07692307692307693,0.038461538461538464,0.8461538461538461,26,0,1,0
1,1,project,project,coherent,root125,0.125,128,False,results/bios-followup-v1/editing/world-1-seed-1-project/edits/project-coherent-root125,93,93,1.0,3,3,1.0,90,90,1.0,93,93,1.0,3,3,1.0,90,90,1.0,96,95,0.9895833333333334,45,44,0.9777777777777777,96,95,0.9895833333333334,48,48,1.0,48,47,0.9791666666666666,19,19,1.0,26,25,0.9615384615384616,48,48,1.0,48,47,0.9791666666666666,19,19,1.0,26,25,0.9615384615384616,20419,20302,117,201,0.009900502413555315,6,6,0,1,0.16666666666666666,768,762,6,11,0.014435695538057743,5917,5878,39,31,0.005273902687989112,13728,13656,72,158,0.011570005858230814,7286,7207,79,128,0.01776051061468017,2,2,0,1,0.5,231,227,4,5,0.022026431718061675,2745,2715,30,20,0.007366482504604052,4308,4263,45,102,0.023926812104152005,16323,16212,111,184,0.011349617567234148,4,4,0,1,0.25,596,590,6,9,0.015254237288135594,4921,4885,36,30,0.006141248720573183,10802,10733,69,144,0.013416565731855026,0,0,0,0,,0,0,0,0,,4096,4090,6,17,0.004156479217603912,6208,6163,45,152,0.024663313321434368,8192,8159,33,13,0.0015933325162397352,0.9615384615384616,0.0,0.038461538461538464,26,0,0,0
1,1,project,project,coherent,root125,0.125,512,False,results/bios-followup-v1/editing/world-1-seed-1-project/edits/project-coherent-root125,93,93,1.0,3,3,1.0,90,90,1.0,93,93,1.0,3,3,1.0,90,90,1.0,96,96,1.0,45,45,1.0,96,96,1.0,48,48,1.0,48,48,1.0,19,19,1.0,26,26,1.0,48,48,1.0,48,48,1.0,19,19,1.0,26,26,1.0,20419,20302,117,101,0.0049748793222342625,6,6,0,0,0.0,768,762,6,3,0.003937007874015748,5917,5878,39,14,0.0023817625042531474,13728,13656,72,84,0.006151142355008787,7286,7207,79,80,0.011100319134175108,2,2,0,0,0.0,231,227,4,3,0.013215859030837005,2745,2715,30,9,0.0033149171270718232,4308,4263,45,68,0.01595120806943467,16323,16212,111,101,0.006229953121144831,4,4,0,0,0.0,596,590,6,3,0.005084745762711864,4921,4885,36,14,0.0028659160696008186,10802,10733,69,84,0.007826330010248765,0,0,0,0,,0,0,0,0,,4096,4090,6,0,0.0,6208,6163,45,82,0.01330520850235275,8192,8159,33,5,0.0006128201985537443,1.0,0.0,0.0,26,0,0,0
1,1,project,project,coherent,root250,0.25,0,False,results/bios-followup-v1/editing/world-1-seed-1-project/edits/project-coherent-root250,93,0,0.0,3,0,0.0,90,0,0.0,93,0,0.0,3,0,0.0,90,0,0.0,96,0,0.0,45,0,0.0,96,0,0.0,48,0,0.0,48,0,0.0,19,0,0.0,26,0,0.0,48,0,0.0,48,0,0.0,19,0,0.0,26,0,0.0,20419,20302,117,0,0.0,6,6,0,0,0.0,768,762,6,0,0.0,5917,5878,39,0,0.0,13728,13656,72,0,0.0,7286,7207,79,0,0.0,2,2,0,0,0.0,231,227,4,0,0.0,2745,2715,30,0,0.0,4308,4263,45,0,0.0,16323,16212,111,0,0.0,4,4,0,0,0.0,596,590,6,0,0.0,4921,4885,36,0,0.0,10802,10733,69,0,0.0,0,0,0,0,,0,0,0,0,,4096,4090,6,0,0.0,6208,6163,45,0,0.0,8192,8159,33,0,0.0,0.0,0.0,1.0,26,0,0,0
1,1,project,project,coherent,root250,0.25,32,False,results/bios-followup-v1/editing/world-1-seed-1-project/edits/project-coherent-root250,93,20,0.21505376344086022,3,0,0.0,90,20,0.2222222222222222,93,20,0.21505376344086022,3,0,0.0,90,20,0.2222222222222222,96,14,0.14583333333333334,45,3,0.06666666666666667,96,14,0.14583333333333334,48,9,0.1875,48,5,0.10416666666666667,19,1,0.05263157894736842,26,2,0.07692307692307693,48,9,0.1875,48,5,0.10416666666666667,19,1,0.05263157894736842,26,2,0.07692307692307693,20419,20302,117,90,0.004433060782188947,6,6,0,0,0.0,768,762,6,2,0.0026246719160104987,5917,5878,39,41,0.006975161619598503,13728,13656,72,47,0.0034417106033977738,7286,7207,79,37,0.0051338975995559874,2,2,0,0,0.0,231,227,4,0,0.0,2745,2715,30,17,0.006261510128913444,4308,4263,45,20,0.004691531785127844,16323,16212,111,68,0.004194423883543055,4,4,0,0,0.0,596,590,6,1,0.001694915254237288,4921,4885,36,30,0.006141248720573183,10802,10733,69,37,0.003447312028323861,0,0,0,0,,0,0,0,0,,4096,4090,6,22,0.0053789731051344745,6208,6163,45,10,0.0016225864027259451,8192,8159,33,39,0.004779997548719206,0.07692307692307693,0.038461538461538464,0.8461538461538461,26,0,1,0
1,1,project,project,coherent,root250,0.25,128,False,results/bios-followup-v1/editing/world-1-seed-1-project/edits/project-coherent-root250,93,93,1.0,3,3,1.0,90,90,1.0,93,93,1.0,3,3,1.0,90,90,1.0,96,95,0.9895833333333334,45,44,0.9777777777777777,96,95,0.9895833333333334,48,48,1.0,48,47,0.9791666666666666,19,19,1.0,26,25,0.9615384615384616,48,48,1.0,48,47,0.9791666666666666,19,19,1.0,26,25,0.9615384615384616,20419,20302,117,215,0.010590089646340261,6,6,0,1,0.16666666666666666,768,762,6,13,0.01706036745406824,5917,5878,39,32,0.005444028581150051,13728,13656,72,169,0.01237551259519625,7286,7207,79,136,0.018870542528097684,2,2,0,1,0.5,231,227,4,5,0.022026431718061675,2745,2715,30,20,0.007366482504604052,4308,4263,45,110,0.025803424818203143,16323,16212,111,197,0.012151492721440909,4,4,0,1,0.25,596,590,6,11,0.01864406779661017,4921,4885,36,31,0.006345957011258956,10802,10733,69,154,0.01434827168545607,0,0,0,0,,0,0,0,0,,4096,4090,6,18,0.004400977995110024,6208,6163,45,164,0.0266104170047055,8192,8159,33,14,0.0017158965559504842,0.9615384615384616,0.0,0.038461538461538464,26,0,0,0
1,1,project,project,coherent,root250,0.25,512,False,results/bios-followup-v1/editing/world-1-seed-1-project/edits/project-coherent-root250,93,93,1.0,3,3,1.0,90,90,1.0,93,93,1.0,3,3,1.0,90,90,1.0,96,96,1.0,45,45,1.0,96,96,1.0,48,48,1.0,48,48,1.0,19,19,1.0,26,26,1.0,48,48,1.0,48,48,1.0,19,19,1.0,26,26,1.0,20419,20302,117,102,0.005024135553147473,6,6,0,0,0.0,768,762,6,3,0.003937007874015748,5917,5878,39,13,0.0022116366110922084,13728,13656,72,86,0.006297598125366139,7286,7207,79,81,0.011239073123352296,2,2,0,0,0.0,231,227,4,3,0.013215859030837005,2745,2715,30,9,0.0033149171270718232,4308,4263,45,69,0.01618578465869106,16323,16212,111,101,0.006229953121144831,4,4,0,0,0.0,596,590,6,3,0.005084745762711864,4921,4885,36,13,0.0026612077789150462,10802,10733,69,85,0.00791950060560887,0,0,0,0,,0,0,0,0,,4096,4090,6,1,0.00024449877750611245,6208,6163,45,84,0.01362972578289794,8192,8159,33,5,0.0006128201985537443,1.0,0.0,0.0,26,0,0,0
1,1,project,project,coherent,root500,0.5,0,False,results/bios-followup-v1/editing/world-1-seed-1-project/edits/project-coherent-root500,93,0,0.0,3,0,0.0,90,0,0.0,93,0,0.0,3,0,0.0,90,0,0.0,96,0,0.0,45,0,0.0,96,0,0.0,48,0,0.0,48,0,0.0,19,0,0.0,26,0,0.0,48,0,0.0,48,0,0.0,19,0,0.0,26,0,0.0,20419,20302,117,0,0.0,6,6,0,0,0.0,768,762,6,0,0.0,5917,5878,39,0,0.0,13728,13656,72,0,0.0,7286,7207,79,0,0.0,2,2,0,0,0.0,231,227,4,0,0.0,2745,2715,30,0,0.0,4308,4263,45,0,0.0,16323,16212,111,0,0.0,4,4,0,0,0.0,596,590,6,0,0.0,4921,4885,36,0,0.0,10802,10733,69,0,0.0,0,0,0,0,,0,0,0,0,,4096,4090,6,0,0.0,6208,6163,45,0,0.0,8192,8159,33,0,0.0,0.0,0.0,1.0,26,0,0,0
1,1,project,project,coherent,root500,0.5,32,False,results/bios-followup-v1/editing/world-1-seed-1-project/edits/project-coherent-root500,93,12,0.12903225806451613,3,0,0.0,90,12,0.13333333333333333,93,12,0.12903225806451613,3,0,0.0,90,12,0.13333333333333333,96,14,0.14583333333333334,45,3,0.06666666666666667,96,14,0.14583333333333334,48,10,0.20833333333333334,48,4,0.08333333333333333,19,1,0.05263157894736842,26,2,0.07692307692307693,48,10,0.20833333333333334,48,4,0.08333333333333333,19,1,0.05263157894736842,26,2,0.07692307692307693,20419,20302,117,89,0.004383804551275737,6,6,0,0,0.0,768,762,6,2,0.0026246719160104987,5917,5878,39,36,0.006124532153793808,13728,13656,72,51,0.003734622144112478,7286,7207,79,41,0.005688913556264743,2,2,0,0,0.0,231,227,4,0,0.0,2745,2715,30,20,0.007366482504604052,4308,4263,45,21,0.0049261083743842365,16323,16212,111,70,0.004317789291882556,4,4,0,0,0.0,596,590,6,1,0.001694915254237288,4921,4885,36,28,0.005731832139201637,10802,10733,69,41,0.0038199944097642782,0,0,0,0,,0,0,0,0,,4096,4090,6,19,0.004645476772616137,6208,6163,45,7,0.0011358104819081617,8192,8159,33,46,0.005637945826694448,0.07692307692307693,0.038461538461538464,0.8846153846153846,26,0,0,0
1,1,project,project,coherent,root500,0.5,128,False,results/bios-followup-v1/editing/world-1-seed-1-project/edits/project-coherent-root500,93,93,1.0,3,3,1.0,90,90,1.0,93,93,1.0,3,3,1.0,90,90,1.0,96,95,0.9895833333333334,45,44,0.9777777777777777,96,95,0.9895833333333334,48,48,1.0,48,47,0.9791666666666666,19,19,1.0,26,25,0.9615384615384616,48,48,1.0,48,47,0.9791666666666666,19,19,1.0,26,25,0.9615384615384616,20419,20302,117,229,0.011279676879125209,6,6,0,1,0.16666666666666666,768,762,6,10,0.013123359580052493,5917,5878,39,34,0.005784280367471929,13728,13656,72,184,0.013473930872876391,7286,7207,79,149,0.020674344387401136,2,2,0,1,0.5,231,227,4,5,0.022026431718061675,2745,2715,30,24,0.008839779005524863,4308,4263,45,119,0.027914614121510674,16323,16212,111,209,0.012891685171477917,4,4,0,1,0.25,596,590,6,9,0.015254237288135594,4921,4885,36,33,0.006755373592630501,10802,10733,69,166,0.015466318829777323,0,0,0,0,,0,0,0,0,,4096,4090,6,20,0.004889975550122249,6208,6163,45,180,0.029206555249067012,8192,8159,33,14,0.0017158965559504842,0.9615384615384616,0.0,0.038461538461538464,26,0,0,0
1,1,project,project,coherent,root500,0.5,512,False,results/bios-followup-v1/editing/world-1-seed-1-project/edits/project-coherent-root500,93,93,1.0,3,3,1.0,90,90,1.0,93,93,1.0,3,3,1.0,90,90,1.0,96,96,1.0,45,45,1.0,96,96,1.0,48,48,1.0,48,48,1.0,19,19,1.0,26,26,1.0,48,48,1.0,48,48,1.0,19,19,1.0,26,26,1.0,20419,20302,117,101,0.0049748793222342625,6,6,0,0,0.0,768,762,6,3,0.003937007874015748,5917,5878,39,12,0.002041510717931269,13728,13656,72,86,0.006297598125366139,7286,7207,79,81,0.011239073123352296,2,2,0,0,0.0,231,227,4,3,0.013215859030837005,2745,2715,30,9,0.0033149171270718232,4308,4263,45,69,0.01618578465869106,16323,16212,111,101,0.006229953121144831,4,4,0,0,0.0,596,590,6,3,0.005084745762711864,4921,4885,36,12,0.0024564994882292734,10802,10733,69,86,0.008012671200968975,0,0,0,0,,0,0,0,0,,4096,4090,6,0,0.0,6208,6163,45,82,0.01330520850235275,8192,8159,33,7,0.0008579482779752421,1.0,0.0,0.0,26,0,0,0
1,1,project,project,exception,uniform,0.03225806451612903,0,True,results/bios-cross-scale-dev-v1/width-256/world-1-seed-1-project/edits/project-exception-mlp,93,0,0.0,3,0,0.0,90,0,0.0,93,0,0.0,3,0,0.0,90,0,0.0,96,0,0.0,45,0,0.0,96,0,0.0,48,0,0.0,48,0,0.0,19,0,0.0,26,0,0.0,48,0,0.0,48,0,0.0,19,0,0.0,26,0,0.0,20419,20302,117,0,0.0,6,6,0,0,0.0,768,762,6,0,0.0,5917,5878,39,0,0.0,13728,13656,72,0,0.0,7286,7207,79,0,0.0,2,2,0,0,0.0,231,227,4,0,0.0,2745,2715,30,0,0.0,4308,4263,45,0,0.0,16323,16212,111,0,0.0,4,4,0,0,0.0,596,590,6,0,0.0,4921,4885,36,0,0.0,10802,10733,69,0,0.0,0,0,0,0,,0,0,0,0,,4096,4090,6,0,0.0,6208,6163,45,0,0.0,8192,8159,33,0,0.0,0.0,0.0,1.0,26,0,0,0
1,1,project,project,exception,uniform,0.03225806451612903,32,True,results/bios-cross-scale-dev-v1/width-256/world-1-seed-1-project/edits/project-exception-mlp,93,8,0.08602150537634409,3,0,0.0,90,8,0.08888888888888889,93,8,0.08602150537634409,3,0,0.0,90,8,0.08888888888888889,96,9,0.09375,45,2,0.044444444444444446,96,9,0.09375,48,5,0.10416666666666667,48,4,0.08333333333333333,19,0,0.0,26,2,0.07692307692307693,48,5,0.10416666666666667,48,4,0.08333333333333333,19,0,0.0,26,2,0.07692307692307693,20419,20302,117,94,0.004630085705841789,6,6,0,0,0.0,768,762,6,1,0.0013123359580052493,5917,5878,39,46,0.007825791085403199,13728,13656,72,47,0.0034417106033977738,7286,7207,79,34,0.004717635632024421,2,2,0,0,0.0,231,227,4,0,0.0,2745,2715,30,18,0.0066298342541436465,4308,4263,45,16,0.003753225428102275,16323,16212,111,69,0.0042561065877128055,4,4,0,0,0.0,596,590,6,0,0.0,4921,4885,36,32,0.0065506653019447286,10802,10733,69,37,0.003447312028323861,0,0,0,0,,0,0,0,0,,4096,4090,6,25,0.006112469437652812,6208,6163,45,7,0.0011358104819081617,8192,8159,33,41,0.005025125628140704,0.07692307692307693,0.07692307692307693,0.8076923076923077,26,0,1,0
1,1,project,project,exception,uniform,0.03225806451612903,128,True,results/bios-cross-scale-dev-v1/width-256/world-1-seed-1-project/edits/project-exception-mlp,93,93,1.0,3,3,1.0,90,90,1.0,93,93,1.0,3,3,1.0,90,90,1.0,96,71,0.7395833333333334,45,22,0.4888888888888889,96,71,0.7395833333333334,48,39,0.8125,48,32,0.6666666666666666,19,11,0.5789473684210527,26,11,0.4230769230769231,48,39,0.8125,48,32,0.6666666666666666,19,11,0.5789473684210527,26,11,0.4230769230769231,20419,20302,117,199,0.009801989951728894,6,6,0,0,0.0,768,762,6,14,0.01837270341207349,5917,5878,39,32,0.005444028581150051,13728,13656,72,153,0.011203866432337435,7286,7207,79,111,0.015401692798667961,2,2,0,0,0.0,231,227,4,3,0.013215859030837005,2745,2715,30,14,0.005156537753222836,4308,4263,45,94,0.022050199390100868,16323,16212,111,176,0.01085615593387614,4,4,0,0,0.0,596,590,6,11,0.01864406779661017,4921,4885,36,29,0.00593654042988741,10802,10733,69,136,0.012671200968974191,0,0,0,0,,0,0,0,0,,4096,4090,6,23,0.005623471882640587,6208,6163,45,150,0.024338796040889177,8192,8159,33,8,0.000980512317685991,0.4230769230769231,0.5769230769230769,0.0,26,0,0,0
1,1,project,project,exception,uniform,0.03225806451612903,512,True,results/bios-cross-scale-dev-v1/width-256/world-1-seed-1-project/edits/project-exception-mlp,93,93,1.0,3,3,1.0,90,90,1.0,93,93,1.0,3,3,1.0,90,90,1.0,96,66,0.6875,45,18,0.4,96,66,0.6875,48,37,0.7708333333333334,48,29,0.6041666666666666,19,9,0.47368421052631576,26,9,0.34615384615384615,48,37,0.7708333333333334,48,29,0.6041666666666666,19,9,0.47368421052631576,26,9,0.34615384615384615,20419,20302,117,78,0.0038419860112304206,6,6,0,0,0.0,768,762,6,3,0.003937007874015748,5917,5878,39,13,0.0022116366110922084,13728,13656,72,62,0.004540128881077915,7286,7207,79,58,0.008047731372276953,2,2,0,0,0.0,231,227,4,2,0.00881057268722467,2745,2715,30,8,0.0029465930018416206,4308,4263,45,48,0.011259676284306826,16323,16212,111,78,0.0048112509252405625,4,4,0,0,0.0,596,590,6,3,0.005084745762711864,4921,4885,36,13,0.0026612077789150462,10802,10733,69,62,0.00577657691232647,0,0,0,0,,0,0,0,0,,4096,4090,6,0,0.0,6208,6163,45,62,0.01006003569690086,8192,8159,33,3,0.0003676921191322466,0.34615384615384615,0.5769230769230769,0.038461538461538464,26,0,1,0
1,1,project,project,exception,root125,0.125,0,False,results/bios-followup-v1/editing/world-1-seed-1-project/edits/project-exception-root125,93,0,0.0,3,0,0.0,90,0,0.0,93,0,0.0,3,0,0.0,90,0,0.0,96,0,0.0,45,0,0.0,96,0,0.0,48,0,0.0,48,0,0.0,19,0,0.0,26,0,0.0,48,0,0.0,48,0,0.0,19,0,0.0,26,0,0.0,20419,20302,117,0,0.0,6,6,0,0,0.0,768,762,6,0,0.0,5917,5878,39,0,0.0,13728,13656,72,0,0.0,7286,7207,79,0,0.0,2,2,0,0,0.0,231,227,4,0,0.0,2745,2715,30,0,0.0,4308,4263,45,0,0.0,16323,16212,111,0,0.0,4,4,0,0,0.0,596,590,6,0,0.0,4921,4885,36,0,0.0,10802,10733,69,0,0.0,0,0,0,0,,0,0,0,0,,4096,4090,6,0,0.0,6208,6163,45,0,0.0,8192,8159,33,0,0.0,0.0,0.0,1.0,26,0,0,0
1,1,project,project,exception,root125,0.125,32,False,results/bios-followup-v1/editing/world-1-seed-1-project/edits/project-exception-root125,93,9,0.0967741935483871,3,0,0.0,90,9,0.1,93,9,0.0967741935483871,3,0,0.0,90,9,0.1,96,10,0.10416666666666667,45,2,0.044444444444444446,96,10,0.10416666666666667,48,6,0.125,48,4,0.08333333333333333,19,0,0.0,26,2,0.07692307692307693,48,6,0.125,48,4,0.08333333333333333,19,0,0.0,26,2,0.07692307692307693,20419,20302,117,100,0.004925623091321052,6,6,0,0,0.0,768,762,6,1,0.0013123359580052493,5917,5878,39,48,0.008166042871725076,13728,13656,72,51,0.003734622144112478,7286,7207,79,40,0.005550159567087554,2,2,0,0,0.0,231,227,4,0,0.0,2745,2715,30,20,0.007366482504604052,4308,4263,45,20,0.004691531785127844,16323,16212,111,75,0.0046262028127313105,4,4,0,0,0.0,596,590,6,0,0.0,4921,4885,36,34,0.006960081883316274,10802,10733,69,41,0.0038199944097642782,0,0,0,0,,0,0,0,0,,4096,4090,6,25,0.006112469437652812,6208,6163,45,7,0.0011358104819081617,8192,8159,33,45,0.005515381786983699,0.07692307692307693,0.07692307692307693,0.8076923076923077,26,0,1,0
1,1,project,project,exception,root125,0.125,128,False,results/bios-followup-v1/editing/world-1-seed-1-project/edits/project-exception-root125,93,93,1.0,3,3,1.0,90,90,1.0,93,93,1.0,3,3,1.0,90,90,1.0,96,73,0.7604166666666666,45,24,0.5333333333333333,96,73,0.7604166666666666,48,40,0.8333333333333334,48,33,0.6875,19,12,0.631578947368421,26,12,0.46153846153846156,48,40,0.8333333333333334,48,33,0.6875,19,12,0.631578947368421,26,12,0.46153846153846156,20419,20302,117,217,0.010688602108166682,6,6,0,0,0.0,768,762,6,16,0.02099737532808399,5917,5878,39,33,0.00561415447431099,13728,13656,72,168,0.012302284710017574,7286,7207,79,123,0.01706674066879423,2,2,0,0,0.0,231,227,4,5,0.022026431718061675,2745,2715,30,14,0.005156537753222836,4308,4263,45,104,0.02439596528266479,16323,16212,111,190,0.011719713792252652,4,4,0,0,0.0,596,590,6,13,0.022033898305084745,4921,4885,36,29,0.00593654042988741,10802,10733,69,148,0.013789248113295445,0,0,0,0,,0,0,0,0,,4096,4090,6,27,0.006601466992665036,6208,6163,45,168,0.02725945156579588,8192,8159,33,7,0.0008579482779752421,0.46153846153846156,0.5384615384615384,0.0,26,0,0,0
1,1,project,project,exception,root125,0.125,512,False,results/bios-followup-v1/editing/world-1-seed-1-project/edits/project-exception-root125,93,93,1.0,3,3,1.0,90,90,1.0,93,93,1.0,3,3,1.0,90,90,1.0,96,67,0.6979166666666666,45,19,0.4222222222222222,96,67,0.6979166666666666,48,37,0.7708333333333334,48,30,0.625,19,9,0.47368421052631576,26,10,0.38461538461538464,48,37,0.7708333333333334,48,30,0.625,19,9,0.47368421052631576,26,10,0.38461538461538464,20419,20302,117,87,0.004285292089449316,6,6,0,0,0.0,768,762,6,3,0.003937007874015748,5917,5878,39,16,0.0027220142905750254,13728,13656,72,68,0.00497949619214997,7286,7207,79,67,0.009296517274871652,2,2,0,0,0.0,231,227,4,2,0.00881057268722467,2745,2715,30,10,0.003683241252302026,4308,4263,45,55,0.012901712409101571,16323,16212,111,87,0.00536639526276832,4,4,0,0,0.0,596,590,6,3,0.005084745762711864,4921,4885,36,16,0.0032753326509723643,10802,10733,69,68,0.006335600484487096,0,0,0,0,,0,0,0,0,,4096,4090,6,0,0.0,6208,6163,45,68,0.011033587538536426,8192,8159,33,3,0.0003676921191322466,0.38461538461538464,0.5384615384615384,0.038461538461538464,26,0,1,0
1,1,project,project,exception,root250,0.25,0,False,results/bios-followup-v1/editing/world-1-seed-1-project/edits/project-exception-root250,93,0,0.0,3,0,0.0,90,0,0.0,93,0,0.0,3,0,0.0,90,0,0.0,96,0,0.0,45,0,0.0,96,0,0.0,48,0,0.0,48,0,0.0,19,0,0.0,26,0,0.0,48,0,0.0,48,0,0.0,19,0,0.0,26,0,0.0,20419,20302,117,0,0.0,6,6,0,0,0.0,768,762,6,0,0.0,5917,5878,39,0,0.0,13728,13656,72,0,0.0,7286,7207,79,0,0.0,2,2,0,0,0.0,231,227,4,0,0.0,2745,2715,30,0,0.0,4308,4263,45,0,0.0,16323,16212,111,0,0.0,4,4,0,0,0.0,596,590,6,0,0.0,4921,4885,36,0,0.0,10802,10733,69,0,0.0,0,0,0,0,,0,0,0,0,,4096,4090,6,0,0.0,6208,6163,45,0,0.0,8192,8159,33,0,0.0,0.0,0.0,1.0,26,0,0,0
1,1,project,project,exception,root250,0.25,32,False,results/bios-followup-v1/editing/world-1-seed-1-project/edits/project-exception-root250,93,8,0.08602150537634409,3,0,0.0,90,8,0.08888888888888889,93,8,0.08602150537634409,3,0,0.0,90,8,0.08888888888888889,96,11,0.11458333333333333,45,3,0.06666666666666667,96,11,0.11458333333333333,48,7,0.14583333333333334,48,4,0.08333333333333333,19,1,0.05263157894736842,26,2,0.07692307692307693,48,7,0.14583333333333334,48,4,0.08333333333333333,19,1,0.05263157894736842,26,2,0.07692307692307693,20419,20302,117,109,0.005368929169539947,6,6,0,0,0.0,768,762,6,3,0.003937007874015748,5917,5878,39,49,0.008336168764886015,13728,13656,72,57,0.0041739894551845345,7286,7207,79,43,0.00596642153461912,2,2,0,0,0.0,231,227,4,1,0.004405286343612335,2745,2715,30,21,0.0077348066298342545,4308,4263,45,21,0.0049261083743842365,16323,16212,111,82,0.005057981741919566,4,4,0,0,0.0,596,590,6,2,0.003389830508474576,4921,4885,36,34,0.006960081883316274,10802,10733,69,46,0.0042858473865648,0,0,0,0,,0,0,0,0,,4096,4090,6,27,0.006601466992665036,6208,6163,45,6,0.0009735518416355671,8192,8159,33,54,0.006618458144380439,0.07692307692307693,0.038461538461538464,0.8461538461538461,26,0,1,0
1,1,project,project,exception,root250,0.25,128,False,results/bios-followup-v1/editing/world-1-seed-1-project/edits/project-exception-root250,93,93,1.0,3,3,1.0,90,90,1.0,93,93,1.0,3,3,1.0,90,90,1.0,96,78,0.8125,45,29,0.6444444444444445,96,78,0.8125,48,43,0.8958333333333334,48,35,0.7291666666666666,19,15,0.7894736842105263,26,14,0.5384615384615384,48,43,0.8958333333333334,48,35,0.7291666666666666,19,15,0.7894736842105263,26,14,0.5384615384615384,20419,20302,117,244,0.012018520342823366,6,6,0,0,0.0,768,762,6,17,0.02230971128608924,5917,5878,39,37,0.006294658046954746,13728,13656,72,190,0.013913298183948448,7286,7207,79,141,0.019564312473983627,2,2,0,0,0.0,231,227,4,5,0.022026431718061675,2745,2715,30,16,0.005893186003683241,4308,4263,45,120,0.028149190710767064,16323,16212,111,214,0.013200098692326672,4,4,0,0,0.0,596,590,6,14,0.023728813559322035,4921,4885,36,32,0.0065506653019447286,10802,10733,69,168,0.01565266002049753,0,0,0,0,,0,0,0,0,,4096,4090,6,30,0.007334963325183374,6208,6163,45,189,0.030666883011520363,8192,8159,33,9,0.0011030763573967397,0.5384615384615384,0.46153846153846156,0.0,26,0,0,0
1,1,project,project,exception,root250,0.25,512,False,results/bios-followup-v1/editing/world-1-seed-1-project/edits/project-exception-root250,93,93,1.0,3,3,1.0,90,90,1.0,93,93,1.0,3,3,1.0,90,90,1.0,96,68,0.7083333333333334,45,19,0.4222222222222222,96,68,0.7083333333333334,48,37,0.7708333333333334,48,31,0.6458333333333334,19,9,0.47368421052631576,26,10,0.38461538461538464,48,37,0.7708333333333334,48,31,0.6458333333333334,19,9,0.47368421052631576,26,10,0.38461538461538464,20419,20302,117,89,0.004383804551275737,6,6,0,0,0.0,768,762,6,3,0.003937007874015748,5917,5878,39,17,0.0028921401837359645,13728,13656,72,69,0.005052724077328647,7286,7207,79,69,0.00957402525322603,2,2,0,0,0.0,231,227,4,2,0.00881057268722467,2745,2715,30,11,0.004051565377532229,4308,4263,45,56,0.013136288998357963,16323,16212,111,89,0.005489760671107821,4,4,0,0,0.0,596,590,6,3,0.005084745762711864,4921,4885,36,17,0.003480040941658137,10802,10733,69,69,0.0064287710798472,0,0,0,0,,0,0,0,0,,4096,4090,6,0,0.0,6208,6163,45,68,0.011033587538536426,8192,8159,33,4,0.0004902561588429955,0.38461538461538464,0.5384615384615384,0.038461538461538464,26,0,1,0
1,1,project,project,exception,root500,0.5,0,True,results/bios-mechanism-dev-v1/p1/width-256/world-1-seed-1-project/edits/project-class-balanced-exception,93,0,0.0,3,0,0.0,90,0,0.0,93,0,0.0,3,0,0.0,90,0,0.0,96,0,0.0,45,0,0.0,96,0,0.0,48,0,0.0,48,0,0.0,19,0,0.0,26,0,0.0,48,0,0.0,48,0,0.0,19,0,0.0,26,0,0.0,20419,20302,117,0,0.0,6,6,0,0,0.0,768,762,6,0,0.0,5917,5878,39,0,0.0,13728,13656,72,0,0.0,7286,7207,79,0,0.0,2,2,0,0,0.0,231,227,4,0,0.0,2745,2715,30,0,0.0,4308,4263,45,0,0.0,16323,16212,111,0,0.0,4,4,0,0,0.0,596,590,6,0,0.0,4921,4885,36,0,0.0,10802,10733,69,0,0.0,0,0,0,0,,0,0,0,0,,4096,4090,6,0,0.0,6208,6163,45,0,0.0,8192,8159,33,0,0.0,0.0,0.0,1.0,26,0,0,0
1,1,project,project,exception,root500,0.5,32,True,results/bios-mechanism-dev-v1/p1/width-256/world-1-seed-1-project/edits/project-class-balanced-exception,93,7,0.07526881720430108,3,0,0.0,90,7,0.07777777777777778,93,7,0.07526881720430108,3,0,0.0,90,7,0.07777777777777778,96,13,0.13541666666666666,45,3,0.06666666666666667,96,13,0.13541666666666666,48,9,0.1875,48,4,0.08333333333333333,19,1,0.05263157894736842,26,2,0.07692307692307693,48,9,0.1875,48,4,0.08333333333333333,19,1,0.05263157894736842,26,2,0.07692307692307693,20419,20302,117,104,0.005122648014973894,6,6,0,0,0.0,768,762,6,3,0.003937007874015748,5917,5878,39,43,0.007315413405920381,13728,13656,72,58,0.00424721734036321,7286,7207,79,46,0.006382683502150687,2,2,0,0,0.0,231,227,4,1,0.004405286343612335,2745,2715,30,23,0.00847145488029466,4308,4263,45,22,0.005160684963640629,16323,16212,111,82,0.005057981741919566,4,4,0,0,0.0,596,590,6,2,0.003389830508474576,4921,4885,36,33,0.006755373592630501,10802,10733,69,47,0.004379017981924905,0,0,0,0,,0,0,0,0,,4096,4090,6,22,0.0053789731051344745,6208,6163,45,5,0.0008112932013629726,8192,8159,33,56,0.006863586223801937,0.07692307692307693,0.038461538461538464,0.8461538461538461,26,0,1,0
1,1,project,project,exception,root500,0.5,128,True,results/bios-mechanism-dev-v1/p1/width-256/world-1-seed-1-project/edits/project-class-balanced-exception,93,93,1.0,3,3,1.0,90,90,1.0,93,93,1.0,3,3,1.0,90,90,1.0,96,83,0.8645833333333334,45,32,0.7111111111111111,96,83,0.8645833333333334,48,46,0.9583333333333334,48,37,0.7708333333333334,19,17,0.8947368421052632,26,15,0.5769230769230769,48,46,0.9583333333333334,48,37,0.7708333333333334,19,17,0.8947368421052632,26,15,0.5769230769230769,20419,20302,117,269,0.01324992611565363,6,6,0,0,0.0,768,762,6,15,0.01968503937007874,5917,5878,39,39,0.006634909833276624,13728,13656,72,215,0.01574399531341535,7286,7207,79,153,0.021229360344109893,2,2,0,0,0.0,231,227,4,5,0.022026431718061675,2745,2715,30,21,0.0077348066298342545,4308,4263,45,127,0.02979122683556181,16323,16212,111,239,0.014742166296570441,4,4,0,0,0.0,596,590,6,14,0.023728813559322035,4921,4885,36,36,0.00736949846468782,10802,10733,69,189,0.01760924252305972,0,0,0,0,,0,0,0,0,,4096,4090,6,30,0.007334963325183374,6208,6163,45,213,0.03456109037806263,8192,8159,33,12,0.0014707684765289863,0.5769230769230769,0.4230769230769231,0.0,26,0,0,0
1,1,project,project,exception,root500,0.5,512,True,results/bios-mechanism-dev-v1/p1/width-256/world-1-seed-1-project/edits/project-class-balanced-exception,93,93,1.0,3,3,1.0,90,90,1.0,93,93,1.0,3,3,1.0,90,90,1.0,96,75,0.78125,45,24,0.5333333333333333,96,75,0.78125,48,41,0.8541666666666666,48,34,0.7083333333333334,19,12,0.631578947368421,26,12,0.46153846153846156,48,41,0.8541666666666666,48,34,0.7083333333333334,19,12,0.631578947368421,26,12,0.46153846153846156,20419,20302,117,89,0.004383804551275737,6,6,0,0,0.0,768,762,6,3,0.003937007874015748,5917,5878,39,15,0.0025518883974140864,13728,13656,72,71,0.005199179847685999,7286,7207,79,70,0.009712779242403219,2,2,0,0,0.0,231,227,4,2,0.00881057268722467,2745,2715,30,10,0.003683241252302026,4308,4263,45,58,0.013605442176870748,16323,16212,111,89,0.005489760671107821,4,4,0,0,0.0,596,590,6,3,0.005084745762711864,4921,4885,36,15,0.0030706243602865915,10802,10733,69,71,0.006615112270567409,0,0,0,0,,0,0,0,0,,4096,4090,6,0,0.0,6208,6163,45,69,0.011195846178809022,8192,8159,33,5,0.0006128201985537443,0.46153846153846156,0.46153846153846156,0.038461538461538464,26,0,1,0
1,1,neither,company,coherent,uniform,0.03225806451612903,0,True,results/bios-cross-scale-dev-v1/width-256/world-1-seed-1-neither/edits/company-coherent-mlp,93,0,0.0,3,0,0.0,90,0,0.0,93,0,0.0,3,0,0.0,90,0,0.0,96,0,0.0,45,0,0.0,96,0,0.0,48,0,0.0,48,0,0.0,26,0,0.0,19,0,0.0,48,0,0.0,48,0,0.0,26,0,0.0,19,0,0.0,20419,20117,302,0,0.0,6,6,0,0,0.0,768,754,14,0,0.0,5917,5843,74,0,0.0,13728,13514,214,0,0.0,7286,7134,152,0,0.0,2,2,0,0,0.0,231,224,7,0,0.0,2745,2686,59,0,0.0,4308,4222,86,0,0.0,16323,16080,243,0,0.0,6,6,0,0,0.0,625,613,12,0,0.0,4876,4814,62,0,0.0,10816,10647,169,0,0.0,0,0,0,0,,0,0,0,0,,4096,4037,59,0,0.0,6208,6095,113,0,0.0,8192,8077,115,0,0.0,0.0,0.0,1.0,19,0,0,0
1,1,neither,company,coherent,uniform,0.03225806451612903,32,True,results/bios-cross-scale-dev-v1/width-256/world-1-seed-1-neither/edits/company-coherent-mlp,93,34,0.3655913978494624,3,0,0.0,90,34,0.37777777777777777,93,34,0.3655913978494624,3,0,0.0,90,34,0.37777777777777777,96,3,0.03125,45,1,0.022222222222222223,96,3,0.03125,48,1,0.020833333333333332,48,2,0.041666666666666664,26,0,0.0,19,1,0.05263157894736842,48,1,0.020833333333333332,48,2,0.041666666666666664,26,0,0.0,19,1,0.05263157894736842,20419,20117,302,258,0.012824973902669384,6,6,0,0,0.0,768,754,14,17,0.022546419098143235,5917,5843,74,31,0.005305493753208968,13728,13514,214,210,0.015539440580139115,7286,7134,152,78,0.010933557611438183,2,2,0,0,0.0,231,224,7,5,0.022321428571428572,2745,2686,59,12,0.004467609828741623,4308,4222,86,61,0.014448128848886783,16323,16080,243,202,0.012562189054726369,6,6,0,0,0.0,625,613,12,13,0.021207177814029365,4876,4814,62,25,0.00519318653926049,10816,10647,169,164,0.015403400018784635,0,0,0,0,,0,0,0,0,,4096,4037,59,56,0.013871686896210057,6208,6095,113,120,0.019688269073010665,8192,8077,115,107,0.01324749288102018,0.05263157894736842,0.0,0.6842105263157895,19,0,5,0
1,1,neither,company,coherent,uniform,0.03225806451612903,128,True,results/bios-cross-scale-dev-v1/width-256/world-1-seed-1-neither/edits/company-coherent-mlp,93,93,1.0,3,3,1.0,90,90,1.0,93,93,1.0,3,3,1.0,90,90,1.0,96,64,0.6666666666666666,45,31,0.6888888888888889,96,64,0.6666666666666666,48,30,0.625,48,34,0.7083333333333334,26,17,0.6538461538461539,19,14,0.7368421052631579,48,30,0.625,48,34,0.7083333333333334,26,17,0.6538461538461539,19,14,0.7368421052631579,20419,20117,302,146,0.007257543371278024,6,6,0,0,0.0,768,754,14,9,0.011936339522546418,5917,5843,74,10,0.0017114495978093444,13728,13514,214,127,0.00939766168417937,7286,7134,152,51,0.007148864592094197,2,2,0,0,0.0,231,224,7,2,0.008928571428571428,2745,2686,59,4,0.0014892032762472078,4308,4222,86,45,0.010658455708195168,16323,16080,243,134,0.008333333333333333,6,6,0,0,0.0,625,613,12,8,0.013050570962479609,4876,4814,62,10,0.002077274615704196,10816,10647,169,116,0.010895087818164742,0,0,0,0,,0,0,0,0,,4096,4037,59,12,0.002972504334902155,6208,6095,113,103,0.016899097621000822,8192,8077,115,32,0.003961867029837811,0.7368421052631579,0.0,0.21052631578947367,19,0,1,0
1,1,neither,company,coherent,uniform,0.03225806451612903,512,True,results/bios-cross-scale-dev-v1/width-256/world-1-seed-1-neither/edits/company-coherent-mlp,93,93,1.0,3,3,1.0,90,90,1.0,93,93,1.0,3,3,1.0,90,90,1.0,96,63,0.65625,45,31,0.6888888888888889,96,63,0.65625,48,30,0.625,48,33,0.6875,26,17,0.6538461538461539,19,14,0.7368421052631579,48,30,0.625,48,33,0.6875,26,17,0.6538461538461539,19,14,0.7368421052631579,20419,20117,302,91,0.004523537306755481,6,6,0,0,0.0,768,754,14,5,0.006631299734748011,5917,5843,74,4,0.0006845798391237378,13728,13514,214,82,0.006067781559863845,7286,7134,152,37,0.005186431174656574,2,2,0,0,0.0,231,224,7,1,0.004464285714285714,2745,2686,59,3,0.0011169024571854058,4308,4222,86,33,0.007816200852676456,16323,16080,243,89,0.005534825870646766,6,6,0,0,0.0,625,613,12,5,0.008156606851549755,4876,4814,62,4,0.0008309098462816784,10816,10647,169,80,0.007513853667699822,0,0,0,0,,0,0,0,0,,4096,4037,59,2,0.0004954173891503591,6208,6095,113,63,0.0103363412633306,8192,8077,115,24,0.0029714002723783585,0.7368421052631579,0.0,0.21052631578947367,19,0,1,0
1,1,neither,company,coherent,root125,0.125,0,False,results/bios-followup-v1/editing/world-1-seed-1-neither/edits/company-coherent-root125,93,0,0.0,3,0,0.0,90,0,0.0,93,0,0.0,3,0,0.0,90,0,0.0,96,0,0.0,45,0,0.0,96,0,0.0,48,0,0.0,48,0,0.0,26,0,0.0,19,0,0.0,48,0,0.0,48,0,0.0,26,0,0.0,19,0,0.0,20419,20117,302,0,0.0,6,6,0,0,0.0,768,754,14,0,0.0,5917,5843,74,0,0.0,13728,13514,214,0,0.0,7286,7134,152,0,0.0,2,2,0,0,0.0,231,224,7,0,0.0,2745,2686,59,0,0.0,4308,4222,86,0,0.0,16323,16080,243,0,0.0,6,6,0,0,0.0,625,613,12,0,0.0,4876,4814,62,0,0.0,10816,10647,169,0,0.0,0,0,0,0,,0,0,0,0,,4096,4037,59,0,0.0,6208,6095,113,0,0.0,8192,8077,115,0,0.0,0.0,0.0,1.0,19,0,0,0
1,1,neither,company,coherent,root125,0.125,32,False,results/bios-followup-v1/editing/world-1-seed-1-neither/edits/company-coherent-root125,93,32,0.34408602150537637,3,0,0.0,90,32,0.35555555555555557,93,32,0.34408602150537637,3,0,0.0,90,32,0.35555555555555557,96,3,0.03125,45,1,0.022222222222222223,96,3,0.03125,48,1,0.020833333333333332,48,2,0.041666666666666664,26,0,0.0,19,1,0.05263157894736842,48,1,0.020833333333333332,48,2,0.041666666666666664,26,0,0.0,19,1,0.05263157894736842,20419,20117,302,257,0.012775264701496246,6,6,0,0,0.0,768,754,14,15,0.01989389920424403,5917,5843,74,29,0.0049632038336470995,13728,13514,214,213,0.015761432588426817,7286,7134,152,83,0.011634426689094477,2,2,0,0,0.0,231,224,7,5,0.022321428571428572,2745,2686,59,12,0.004467609828741623,4308,4222,86,66,0.015632401705352912,16323,16080,243,202,0.012562189054726369,6,6,0,0,0.0,625,613,12,12,0.01957585644371941,4876,4814,62,23,0.004777731616119651,10816,10647,169,167,0.015685169531323376,0,0,0,0,,0,0,0,0,,4096,4037,59,55,0.013623978201634877,6208,6095,113,125,0.020508613617719443,8192,8077,115,103,0.012752259502290454,0.05263157894736842,0.0,0.6842105263157895,19,0,5,0
1,1,neither,company,coherent,root125,0.125,128,False,results/bios-followup-v1/editing/world-1-seed-1-neither/edits/company-coherent-root125,93,93,1.0,3,3,1.0,90,90,1.0,93,93,1.0,3,3,1.0,90,90,1.0,96,66,0.6875,45,31,0.6888888888888889,96,66,0.6875,48,31,0.6458333333333334,48,35,0.7291666666666666,26,17,0.6538461538461539,19,14,0.7368421052631579,48,31,0.6458333333333334,48,35,0.7291666666666666,26,17,0.6538461538461539,19,14,0.7368421052631579,20419,20117,302,153,0.007605507779489984,6,6,0,0,0.0,768,754,14,8,0.010610079575596816,5917,5843,74,14,0.002396029436933082,13728,13514,214,131,0.009693651028562972,7286,7134,152,54,0.007569386038687973,2,2,0,0,0.0,231,224,7,1,0.004464285714285714,2745,2686,59,5,0.0018615040953090098,4308,4222,86,48,0.011369019422074847,16323,16080,243,141,0.00876865671641791,6,6,0,0,0.0,625,613,12,7,0.011419249592169658,4876,4814,62,13,0.002700457000415455,10816,10647,169,121,0.01136470367239598,0,0,0,0,,0,0,0,0,,4096,4037,59,12,0.002972504334902155,6208,6095,113,107,0.017555373256767842,8192,8077,115,31,0.0038380586851553796,0.7368421052631579,0.0,0.21052631578947367,19,0,1,0
1,1,neither,company,coherent,root125,0.125,512,False,results/bios-followup-v1/editing/world-1-seed-1-neither/edits/company-coherent-root125,93,93,1.0,3,3,1.0,90,90,1.0,93,93,1.0,3,3,1.0,90,90,1.0,96,64,0.6666666666666666,45,32,0.7111111111111111,96,64,0.6666666666666666,48,32,0.6666666666666666,48,32,0.6666666666666666,26,18,0.6923076923076923,19,14,0.7368421052631579,48,32,0.6666666666666666,48,32,0.6666666666666666,26,18,0.6923076923076923,19,14,0.7368421052631579,20419,20117,302,97,0.004821792513794303,6,6,0,0,0.0,768,754,14,4,0.005305039787798408,5917,5843,74,6,0.0010268697586856067,13728,13514,214,87,0.006437768240343348,7286,7134,152,40,0.005606952621250351,2,2,0,0,0.0,231,224,7,1,0.004464285714285714,2745,2686,59,4,0.0014892032762472078,4308,4222,86,35,0.008289909995262908,16323,16080,243,95,0.005907960199004975,6,6,0,0,0.0,625,613,12,4,0.0065252854812398045,4876,4814,62,6,0.0012463647694225177,10816,10647,169,85,0.00798346952193106,0,0,0,0,,0,0,0,0,,4096,4037,59,2,0.0004954173891503591,6208,6095,113,67,0.010992616899097621,8192,8077,115,24,0.0029714002723783585,0.7368421052631579,0.0,0.21052631578947367,19,0,1,0
1,1,neither,company,coherent,root250,0.25,0,False,results/bios-followup-v1/editing/world-1-seed-1-neither/edits/company-coherent-root250,93,0,0.0,3,0,0.0,90,0,0.0,93,0,0.0,3,0,0.0,90,0,0.0,96,0,0.0,45,0,0.0,96,0,0.0,48,0,0.0,48,0,0.0,26,0,0.0,19,0,0.0,48,0,0.0,48,0,0.0,26,0,0.0,19,0,0.0,20419,20117,302,0,0.0,6,6,0,0,0.0,768,754,14,0,0.0,5917,5843,74,0,0.0,13728,13514,214,0,0.0,7286,7134,152,0,0.0,2,2,0,0,0.0,231,224,7,0,0.0,2745,2686,59,0,0.0,4308,4222,86,0,0.0,16323,16080,243,0,0.0,6,6,0,0,0.0,625,613,12,0,0.0,4876,4814,62,0,0.0,10816,10647,169,0,0.0,0,0,0,0,,0,0,0,0,,4096,4037,59,0,0.0,6208,6095,113,0,0.0,8192,8077,115,0,0.0,0.0,0.0,1.0,19,0,0,0
1,1,neither,company,coherent,root250,0.25,32,False,results/bios-followup-v1/editing/world-1-seed-1-neither/edits/company-coherent-root250,93,27,0.2903225806451613,3,0,0.0,90,27,0.3,93,27,0.2903225806451613,3,0,0.0,90,27,0.3,96,2,0.020833333333333332,45,1,0.022222222222222223,96,2,0.020833333333333332,48,1,0.020833333333333332,48,1,0.020833333333333332,26,0,0.0,19,1,0.05263157894736842,48,1,0.020833333333333332,48,1,0.020833333333333332,26,0,0.0,19,1,0.05263157894736842,20419,20117,302,251,0.012477009494457424,6,6,0,0,0.0,768,754,14,12,0.015915119363395226,5917,5843,74,27,0.00462091391408523,13728,13514,214,212,0.015687435252330916,7286,7134,152,80,0.011213905242500702,2,2,0,0,0.0,231,224,7,3,0.013392857142857142,2745,2686,59,11,0.004095309009679821,4308,4222,86,66,0.015632401705352912,16323,16080,243,194,0.012064676616915423,6,6,0,0,0.0,625,613,12,8,0.013050570962479609,4876,4814,62,22,0.004570004154549232,10816,10647,169,164,0.015403400018784635,0,0,0,0,,0,0,0,0,,4096,4037,59,57,0.014119395590785237,6208,6095,113,115,0.018867924528301886,8192,8077,115,109,0.013495109570385045,0.05263157894736842,0.0,0.7368421052631579,19,0,4,0
1,1,neither,company,coherent,root250,0.25,128,False,results/bios-followup-v1/editing/world-1-seed-1-neither/edits/company-coherent-root250,93,93,1.0,3,3,1.0,90,90,1.0,93,93,1.0,3,3,1.0,90,90,1.0,96,65,0.6770833333333334,45,31,0.6888888888888889,96,65,0.6770833333333334,48,31,0.6458333333333334,48,34,0.7083333333333334,26,17,0.6538461538461539,19,14,0.7368421052631579,48,31,0.6458333333333334,48,34,0.7083333333333334,26,17,0.6538461538461539,19,14,0.7368421052631579,20419,20117,302,159,0.007903762986528807,6,6,0,0,0.0,768,754,14,9,0.011936339522546418,5917,5843,74,13,0.002224884477152148,13728,13514,214,137,0.010137635045138375,7286,7134,152,59,0.008270255116344266,2,2,0,0,0.0,231,224,7,2,0.008928571428571428,2745,2686,59,5,0.0018615040953090098,4308,4222,86,52,0.01231643770724775,16323,16080,243,147,0.00914179104477612,6,6,0,0,0.0,625,613,12,8,0.013050570962479609,4876,4814,62,12,0.0024927295388450354,10816,10647,169,127,0.011928242697473466,0,0,0,0,,0,0,0,0,,4096,4037,59,12,0.002972504334902155,6208,6095,113,111,0.018211648892534866,8192,8077,115,34,0.004209483719202674,0.7368421052631579,0.0,0.21052631578947367,19,0,1,0
1,1,neither,company,coherent,root250,0.25,512,False,results/bios-followup-v1/editing/world-1-seed-1-neither/edits/company-coherent-root250,93,93,1.0,3,3,1.0,90,90,1.0,93,93,1.0,3,3,1.0,90,90,1.0,96,64,0.6666666666666666,45,32,0.7111111111111111,96,64,0.6666666666666666,48,32,0.6666666666666666,48,32,0.6666666666666666,26,18,0.6923076923076923,19,14,0.7368421052631579,48,32,0.6666666666666666,48,32,0.6666666666666666,26,18,0.6923076923076923,19,14,0.7368421052631579,20419,20117,302,100,0.0049709201173137145,6,6,0,0,0.0,768,754,14,4,0.005305039787798408,5917,5843,74,7,0.001198014718466541,13728,13514,214,89,0.006585762912535148,7286,7134,152,39,0.0054667788057190915,2,2,0,0,0.0,231,224,7,1,0.004464285714285714,2745,2686,59,4,0.0014892032762472078,4308,4222,86,34,0.008053055423969682,16323,16080,243,98,0.00609452736318408,6,6,0,0,0.0,625,613,12,4,0.0065252854812398045,4876,4814,62,7,0.0014540922309929372,10816,10647,169,87,0.008171315863623557,0,0,0,0,,0,0,0,0,,4096,4037,59,2,0.0004954173891503591,6208,6095,113,70,0.011484823625922888,8192,8077,115,23,0.0028475919276959266,0.7368421052631579,0.0,0.21052631578947367,19,0,1,0
1,1,neither,company,coherent,root500,0.5,0,False,results/bios-followup-v1/editing/world-1-seed-1-neither/edits/company-coherent-root500,93,0,0.0,3,0,0.0,90,0,0.0,93,0,0.0,3,0,0.0,90,0,0.0,96,0,0.0,45,0,0.0,96,0,0.0,48,0,0.0,48,0,0.0,26,0,0.0,19,0,0.0,48,0,0.0,48,0,0.0,26,0,0.0,19,0,0.0,20419,20117,302,0,0.0,6,6,0,0,0.0,768,754,14,0,0.0,5917,5843,74,0,0.0,13728,13514,214,0,0.0,7286,7134,152,0,0.0,2,2,0,0,0.0,231,224,7,0,0.0,2745,2686,59,0,0.0,4308,4222,86,0,0.0,16323,16080,243,0,0.0,6,6,0,0,0.0,625,613,12,0,0.0,4876,4814,62,0,0.0,10816,10647,169,0,0.0,0,0,0,0,,0,0,0,0,,4096,4037,59,0,0.0,6208,6095,113,0,0.0,8192,8077,115,0,0.0,0.0,0.0,1.0,19,0,0,0
1,1,neither,company,coherent,root500,0.5,32,False,results/bios-followup-v1/editing/world-1-seed-1-neither/edits/company-coherent-root500,93,8,0.08602150537634409,3,0,0.0,90,8,0.08888888888888889,93,8,0.08602150537634409,3,0,0.0,90,8,0.08888888888888889,96,0,0.0,45,0,0.0,96,0,0.0,48,0,0.0,48,0,0.0,26,0,0.0,19,0,0.0,48,0,0.0,48,0,0.0,26,0,0.0,19,0,0.0,20419,20117,302,194,0.009643585027588606,6,6,0,0,0.0,768,754,14,7,0.009283819628647215,5917,5843,74,20,0.003422899195618689,13728,13514,214,167,0.012357555128015391,7286,7134,152,50,0.007008690776562938,2,2,0,0,0.0,231,224,7,1,0.004464285714285714,2745,2686,59,5,0.0018615040953090098,4308,4222,86,44,0.010421601136901942,16323,16080,243,149,0.009266169154228857,6,6,0,0,0.0,625,613,12,3,0.004893964110929853,4876,4814,62,16,0.0033236393851267137,10816,10647,169,130,0.01221001221001221,0,0,0,0,,0,0,0,0,,4096,4037,59,45,0.011146891255883081,6208,6095,113,78,0.012797374897456932,8192,8077,115,96,0.011885601089513434,0.0,0.0,0.9473684210526315,19,0,1,0
1,1,neither,company,coherent,root500,0.5,128,False,results/bios-followup-v1/editing/world-1-seed-1-neither/edits/company-coherent-root500,93,93,1.0,3,3,1.0,90,90,1.0,93,93,1.0,3,3,1.0,90,90,1.0,96,62,0.6458333333333334,45,31,0.6888888888888889,96,62,0.6458333333333334,48,29,0.6041666666666666,48,33,0.6875,26,17,0.6538461538461539,19,14,0.7368421052631579,48,29,0.6041666666666666,48,33,0.6875,26,17,0.6538461538461539,19,14,0.7368421052631579,20419,20117,302,168,0.008351145797087041,6,6,0,0,0.0,768,754,14,8,0.010610079575596816,5917,5843,74,15,0.002567174396714017,13728,13514,214,145,0.01072961373390558,7286,7134,152,65,0.00911129800953182,2,2,0,0,0.0,231,224,7,2,0.008928571428571428,2745,2686,59,5,0.0018615040953090098,4308,4222,86,58,0.013737565135007106,16323,16080,243,152,0.00945273631840796,6,6,0,0,0.0,625,613,12,7,0.011419249592169658,4876,4814,62,13,0.002700457000415455,10816,10647,169,132,0.012397858551704706,0,0,0,0,,0,0,0,0,,4096,4037,59,16,0.003963339113202873,6208,6095,113,121,0.01985233798195242,8192,8077,115,32,0.003961867029837811,0.7368421052631579,0.0,0.21052631578947367,19,0,1,0
1,1,neither,company,coherent,root500,0.5,512,False,results/bios-followup-v1/editing/world-1-seed-1-neither/edits/company-coherent-root500,93,93,1.0,3,3,1.0,90,90,1.0,93,93,1.0,3,3,1.0,90,90,1.0,96,59,0.6145833333333334,45,31,0.6888888888888889,96,59,0.6145833333333334,48,29,0.6041666666666666,48,30,0.625,26,18,0.6923076923076923,19,13,0.6842105263157895,48,29,0.6041666666666666,48,30,0.625,26,18,0.6923076923076923,19,13,0.6842105263157895,20419,20117,302,97,0.004821792513794303,6,6,0,0,0.0,768,754,14,4,0.005305039787798408,5917,5843,74,6,0.0010268697586856067,13728,13514,214,87,0.006437768240343348,7286,7134,152,38,0.005326604990187833,2,2,0,0,0.0,231,224,7,1,0.004464285714285714,2745,2686,59,4,0.0014892032762472078,4308,4222,86,33,0.007816200852676456,16323,16080,243,95,0.005907960199004975,6,6,0,0,0.0,625,613,12,4,0.0065252854812398045,4876,4814,62,6,0.0012463647694225177,10816,10647,169,85,0.00798346952193106,0,0,0,0,,0,0,0,0,,4096,4037,59,2,0.0004954173891503591,6208,6095,113,69,0.011320754716981131,8192,8077,115,22,0.002723783583013495,0.6842105263157895,0.0,0.2631578947368421,19,0,1,0
1,1,neither,company,exception,uniform,0.03225806451612903,0,True,results/bios-cross-scale-dev-v1/width-256/world-1-seed-1-neither/edits/company-exception-mlp,93,0,0.0,3,0,0.0,90,0,0.0,93,0,0.0,3,0,0.0,90,0,0.0,96,0,0.0,45,0,0.0,96,0,0.0,48,0,0.0,48,0,0.0,26,0,0.0,19,0,0.0,48,0,0.0,48,0,0.0,26,0,0.0,19,0,0.0,20419,20117,302,0,0.0,6,6,0,0,0.0,768,754,14,0,0.0,5917,5843,74,0,0.0,13728,13514,214,0,0.0,7286,7134,152,0,0.0,2,2,0,0,0.0,231,224,7,0,0.0,2745,2686,59,0,0.0,4308,4222,86,0,0.0,16323,16080,243,0,0.0,6,6,0,0,0.0,625,613,12,0,0.0,4876,4814,62,0,0.0,10816,10647,169,0,0.0,0,0,0,0,,0,0,0,0,,4096,4037,59,0,0.0,6208,6095,113,0,0.0,8192,8077,115,0,0.0,0.0,0.0,1.0,19,0,0,0
1,1,neither,company,exception,uniform,0.03225806451612903,32,True,results/bios-cross-scale-dev-v1/width-256/world-1-seed-1-neither/edits/company-exception-mlp,93,10,0.10752688172043011,3,0,0.0,90,10,0.1111111111111111,93,10,0.10752688172043011,3,0,0.0,90,10,0.1111111111111111,96,1,0.010416666666666666,45,0,0.0,96,1,0.010416666666666666,48,1,0.020833333333333332,48,0,0.0,26,0,0.0,19,0,0.0,48,1,0.020833333333333332,48,0,0.0,26,0,0.0,19,0,0.0,20419,20117,302,286,0.014216831535517224,6,6,0,0,0.0,768,754,14,16,0.021220159151193633,5917,5843,74,38,0.006503508471675509,13728,13514,214,232,0.017167381974248927,7286,7134,152,86,0.012054948135688253,2,2,0,0,0.0,231,224,7,5,0.022321428571428572,2745,2686,59,15,0.005584512285927029,4308,4222,86,66,0.015632401705352912,16323,16080,243,227,0.014116915422885573,6,6,0,0,0.0,625,613,12,12,0.01957585644371941,4876,4814,62,32,0.006647278770253427,10816,10647,169,183,0.017187940264863342,0,0,0,0,,0,0,0,0,,4096,4037,59,59,0.014614812979935596,6208,6095,113,127,0.020836751435602954,8192,8077,115,121,0.014980809706574224,0.0,0.05263157894736842,0.6842105263157895,19,0,5,0
1,1,neither,company,exception,uniform,0.03225806451612903,128,True,results/bios-cross-scale-dev-v1/width-256/world-1-seed-1-neither/edits/company-exception-mlp,93,93,1.0,3,3,1.0,90,90,1.0,93,93,1.0,3,3,1.0,90,90,1.0,96,32,0.3333333333333333,45,10,0.2222222222222222,96,32,0.3333333333333333,48,16,0.3333333333333333,48,16,0.3333333333333333,26,7,0.2692307692307692,19,3,0.15789473684210525,48,16,0.3333333333333333,48,16,0.3333333333333333,26,7,0.2692307692307692,19,3,0.15789473684210525,20419,20117,302,221,0.010985733459263309,6,6,0,0,0.0,768,754,14,10,0.013262599469496022,5917,5843,74,34,0.0058189286325517715,13728,13514,214,177,0.013097528488974396,7286,7134,152,79,0.011073731426969442,2,2,0,0,0.0,231,224,7,2,0.008928571428571428,2745,2686,59,12,0.004467609828741623,4308,4222,86,65,0.015395547134059688,16323,16080,243,194,0.012064676616915423,6,6,0,0,0.0,625,613,12,9,0.01468189233278956,4876,4814,62,28,0.005816368923971749,10816,10647,169,157,0.0147459378228609,0,0,0,0,,0,0,0,0,,4096,4037,59,27,0.006688134753529849,6208,6095,113,144,0.023625922887612796,8192,8077,115,41,0.005076142131979695,0.15789473684210525,0.42105263157894735,0.15789473684210525,19,0,5,0
1,1,neither,company,exception,uniform,0.03225806451612903,512,True,results/bios-cross-scale-dev-v1/width-256/world-1-seed-1-neither/edits/company-exception-mlp,93,93,1.0,3,3,1.0,90,90,1.0,93,93,1.0,3,3,1.0,90,90,1.0,96,17,0.17708333333333334,45,6,0.13333333333333333,96,17,0.17708333333333334,48,5,0.10416666666666667,48,12,0.25,26,4,0.15384615384615385,19,2,0.10526315789473684,48,5,0.10416666666666667,48,12,0.25,26,4,0.15384615384615385,19,2,0.10526315789473684,20419,20117,302,103,0.005120047720833126,6,6,0,0,0.0,768,754,14,2,0.002652519893899204,5917,5843,74,6,0.0010268697586856067,13728,13514,214,95,0.007029746929110552,7286,7134,152,42,0.005887300252312868,2,2,0,0,0.0,231,224,7,0,0.0,2745,2686,59,4,0.0014892032762472078,4308,4222,86,38,0.009000473709142587,16323,16080,243,101,0.0062810945273631845,6,6,0,0,0.0,625,613,12,2,0.0032626427406199023,4876,4814,62,6,0.0012463647694225177,10816,10647,169,93,0.008734854888701042,0,0,0,0,,0,0,0,0,,4096,4037,59,2,0.0004954173891503591,6208,6095,113,66,0.010828547990155866,8192,8077,115,31,0.0038380586851553796,0.10526315789473684,0.3684210526315789,0.2631578947368421,19,0,5,0
1,1,neither,company,exception,root125,0.125,0,False,results/bios-followup-v1/editing/world-1-seed-1-neither/edits/company-exception-root125,93,0,0.0,3,0,0.0,90,0,0.0,93,0,0.0,3,0,0.0,90,0,0.0,96,0,0.0,45,0,0.0,96,0,0.0,48,0,0.0,48,0,0.0,26,0,0.0,19,0,0.0,48,0,0.0,48,0,0.0,26,0,0.0,19,0,0.0,20419,20117,302,0,0.0,6,6,0,0,0.0,768,754,14,0,0.0,5917,5843,74,0,0.0,13728,13514,214,0,0.0,7286,7134,152,0,0.0,2,2,0,0,0.0,231,224,7,0,0.0,2745,2686,59,0,0.0,4308,4222,86,0,0.0,16323,16080,243,0,0.0,6,6,0,0,0.0,625,613,12,0,0.0,4876,4814,62,0,0.0,10816,10647,169,0,0.0,0,0,0,0,,0,0,0,0,,4096,4037,59,0,0.0,6208,6095,113,0,0.0,8192,8077,115,0,0.0,0.0,0.0,1.0,19,0,0,0
1,1,neither,company,exception,root125,0.125,32,False,results/bios-followup-v1/editing/world-1-seed-1-neither/edits/company-exception-root125,93,10,0.10752688172043011,3,0,0.0,90,10,0.1111111111111111,93,10,0.10752688172043011,3,0,0.0,90,10,0.1111111111111111,96,1,0.010416666666666666,45,0,0.0,96,1,0.010416666666666666,48,1,0.020833333333333332,48,0,0.0,26,0,0.0,19,0,0.0,48,1,0.020833333333333332,48,0,0.0,26,0,0.0,19,0,0.0,20419,20117,302,283,0.014067703931997813,6,6,0,0,0.0,768,754,14,14,0.01856763925729443,5917,5843,74,35,0.005990073592332706,13728,13514,214,234,0.017315376646440728,7286,7134,152,86,0.012054948135688253,2,2,0,0,0.0,231,224,7,5,0.022321428571428572,2745,2686,59,14,0.0052122114668652275,4308,4222,86,67,0.01586925627664614,16323,16080,243,221,0.013743781094527363,6,6,0,0,0.0,625,613,12,10,0.01631321370309951,4876,4814,62,29,0.006024096385542169,10816,10647,169,182,0.017094017094017096,0,0,0,0,,0,0,0,0,,4096,4037,59,62,0.015357939063661135,6208,6095,113,127,0.020836751435602954,8192,8077,115,121,0.014980809706574224,0.0,0.05263157894736842,0.6842105263157895,19,0,5,0
1,1,neither,company,exception,root125,0.125,128,False,results/bios-followup-v1/editing/world-1-seed-1-neither/edits/company-exception-root125,93,93,1.0,3,3,1.0,90,90,1.0,93,93,1.0,3,3,1.0,90,90,1.0,96,32,0.3333333333333333,45,10,0.2222222222222222,96,32,0.3333333333333333,48,16,0.3333333333333333,48,16,0.3333333333333333,26,7,0.2692307692307692,19,3,0.15789473684210525,48,16,0.3333333333333333,48,16,0.3333333333333333,26,7,0.2692307692307692,19,3,0.15789473684210525,20419,20117,302,229,0.011383407068648406,6,6,0,0,0.0,768,754,14,9,0.011936339522546418,5917,5843,74,34,0.0058189286325517715,13728,13514,214,186,0.013763504513837501,7286,7134,152,89,0.01247546958228203,2,2,0,0,0.0,231,224,7,2,0.008928571428571428,2745,2686,59,13,0.004839910647803425,4308,4222,86,74,0.01752723827569872,16323,16080,243,201,0.0125,6,6,0,0,0.0,625,613,12,8,0.013050570962479609,4876,4814,62,28,0.005816368923971749,10816,10647,169,165,0.015497323189630883,0,0,0,0,,0,0,0,0,,4096,4037,59,28,0.0069358434481050285,6208,6095,113,153,0.0251025430680886,8192,8077,115,41,0.005076142131979695,0.15789473684210525,0.42105263157894735,0.15789473684210525,19,0,5,0
1,1,neither,company,exception,root125,0.125,512,False,results/bios-followup-v1/editing/world-1-seed-1-neither/edits/company-exception-root125,93,93,1.0,3,3,1.0,90,90,1.0,93,93,1.0,3,3,1.0,90,90,1.0,96,17,0.17708333333333334,45,6,0.13333333333333333,96,17,0.17708333333333334,48,5,0.10416666666666667,48,12,0.25,26,4,0.15384615384615385,19,2,0.10526315789473684,48,5,0.10416666666666667,48,12,0.25,26,4,0.15384615384615385,19,2,0.10526315789473684,20419,20117,302,102,0.005070338519659989,6,6,0,0,0.0,768,754,14,2,0.002652519893899204,5917,5843,74,6,0.0010268697586856067,13728,13514,214,94,0.006955749593014651,7286,7134,152,42,0.005887300252312868,2,2,0,0,0.0,231,224,7,0,0.0,2745,2686,59,4,0.0014892032762472078,4308,4222,86,38,0.009000473709142587,16323,16080,243,100,0.006218905472636816,6,6,0,0,0.0,625,613,12,2,0.0032626427406199023,4876,4814,62,6,0.0012463647694225177,10816,10647,169,92,0.008640931717854794,0,0,0,0,,0,0,0,0,,4096,4037,59,2,0.0004954173891503591,6208,6095,113,66,0.010828547990155866,8192,8077,115,30,0.0037142503404729477,0.10526315789473684,0.3684210526315789,0.2631578947368421,19,0,5,0
1,1,neither,company,exception,root250,0.25,0,False,results/bios-followup-v1/editing/world-1-seed-1-neither/edits/company-exception-root250,93,0,0.0,3,0,0.0,90,0,0.0,93,0,0.0,3,0,0.0,90,0,0.0,96,0,0.0,45,0,0.0,96,0,0.0,48,0,0.0,48,0,0.0,26,0,0.0,19,0,0.0,48,0,0.0,48,0,0.0,26,0,0.0,19,0,0.0,20419,20117,302,0,0.0,6,6,0,0,0.0,768,754,14,0,0.0,5917,5843,74,0,0.0,13728,13514,214,0,0.0,7286,7134,152,0,0.0,2,2,0,0,0.0,231,224,7,0,0.0,2745,2686,59,0,0.0,4308,4222,86,0,0.0,16323,16080,243,0,0.0,6,6,0,0,0.0,625,613,12,0,0.0,4876,4814,62,0,0.0,10816,10647,169,0,0.0,0,0,0,0,,0,0,0,0,,4096,4037,59,0,0.0,6208,6095,113,0,0.0,8192,8077,115,0,0.0,0.0,0.0,1.0,19,0,0,0
1,1,neither,company,exception,root250,0.25,32,False,results/bios-followup-v1/editing/world-1-seed-1-neither/edits/company-exception-root250,93,9,0.0967741935483871,3,0,0.0,90,9,0.1,93,9,0.0967741935483871,3,0,0.0,90,9,0.1,96,1,0.010416666666666666,45,0,0.0,96,1,0.010416666666666666,48,1,0.020833333333333332,48,0,0.0,26,0,0.0,19,0,0.0,48,1,0.020833333333333332,48,0,0.0,26,0,0.0,19,0,0.0,20419,20117,302,264,0.013123229109708206,6,6,0,0,0.0,768,754,14,9,0.011936339522546418,5917,5843,74,31,0.005305493753208968,13728,13514,214,224,0.016575403285481724,7286,7134,152,80,0.011213905242500702,2,2,0,0,0.0,231,224,7,2,0.008928571428571428,2745,2686,59,13,0.004839910647803425,4308,4222,86,65,0.015395547134059688,16323,16080,243,204,0.012686567164179104,6,6,0,0,0.0,625,613,12,5,0.008156606851549755,4876,4814,62,26,0.00540091400083091,10816,10647,169,173,0.016248708556400863,0,0,0,0,,0,0,0,0,,4096,4037,59,60,0.014862521674510775,6208,6095,113,114,0.01870385561936013,8192,8077,115,119,0.01473319301720936,0.0,0.0,0.7894736842105263,19,0,4,0
1,1,neither,company,exception,root250,0.25,128,False,results/bios-followup-v1/editing/world-1-seed-1-neither/edits/company-exception-root250,93,93,1.0,3,3,1.0,90,90,1.0,93,93,1.0,3,3,1.0,90,90,1.0,96,32,0.3333333333333333,45,11,0.24444444444444444,96,32,0.3333333333333333,48,16,0.3333333333333333,48,16,0.3333333333333333,26,8,0.3076923076923077,19,3,0.15789473684210525,48,16,0.3333333333333333,48,16,0.3333333333333333,26,8,0.3076923076923077,19,3,0.15789473684210525,20419,20117,302,229,0.011383407068648406,6,6,0,0,0.0,768,754,14,8,0.010610079575596816,5917,5843,74,38,0.006503508471675509,13728,13514,214,183,0.0135415125055498,7286,7134,152,90,0.012615643397813289,2,2,0,0,0.0,231,224,7,2,0.008928571428571428,2745,2686,59,15,0.005584512285927029,4308,4222,86,73,0.017290383704405495,16323,16080,243,202,0.012562189054726369,6,6,0,0,0.0,625,613,12,7,0.011419249592169658,4876,4814,62,31,0.006439551308683008,10816,10647,169,164,0.015403400018784635,0,0,0,0,,0,0,0,0,,4096,4037,59,27,0.006688134753529849,6208,6095,113,152,0.02493847415914684,8192,8077,115,39,0.004828525442614832,0.15789473684210525,0.47368421052631576,0.15789473684210525,19,0,4,0
1,1,neither,company,exception,root250,0.25,512,False,results/bios-followup-v1/editing/world-1-seed-1-neither/edits/company-exception-root250,93,93,1.0,3,3,1.0,90,90,1.0,93,93,1.0,3,3,1.0,90,90,1.0,96,20,0.20833333333333334,45,7,0.15555555555555556,96,20,0.20833333333333334,48,8,0.16666666666666666,48,12,0.25,26,5,0.19230769230769232,19,2,0.10526315789473684,48,8,0.16666666666666666,48,12,0.25,26,5,0.19230769230769232,19,2,0.10526315789473684,20419,20117,302,100,0.0049709201173137145,6,6,0,0,0.0,768,754,14,2,0.002652519893899204,5917,5843,74,8,0.0013691596782474755,13728,13514,214,90,0.00665976024863105,7286,7134,152,41,0.005747126436781609,2,2,0,0,0.0,231,224,7,0,0.0,2745,2686,59,6,0.0022338049143708115,4308,4222,86,35,0.008289909995262908,16323,16080,243,98,0.00609452736318408,6,6,0,0,0.0,625,613,12,2,0.0032626427406199023,4876,4814,62,8,0.0016618196925633569,10816,10647,169,88,0.008265239034469804,0,0,0,0,,0,0,0,0,,4096,4037,59,2,0.0004954173891503591,6208,6095,113,61,0.010008203445447087,8192,8077,115,31,0.0038380586851553796,0.10526315789473684,0.3684210526315789,0.2631578947368421,19,0,5,0
1,1,neither,company,exception,root500,0.5,0,True,results/bios-mechanism-dev-v1/p1/width-256/world-1-seed-1-neither/edits/company-class-balanced-exception,93,0,0.0,3,0,0.0,90,0,0.0,93,0,0.0,3,0,0.0,90,0,0.0,96,0,0.0,45,0,0.0,96,0,0.0,48,0,0.0,48,0,0.0,26,0,0.0,19,0,0.0,48,0,0.0,48,0,0.0,26,0,0.0,19,0,0.0,20419,20117,302,0,0.0,6,6,0,0,0.0,768,754,14,0,0.0,5917,5843,74,0,0.0,13728,13514,214,0,0.0,7286,7134,152,0,0.0,2,2,0,0,0.0,231,224,7,0,0.0,2745,2686,59,0,0.0,4308,4222,86,0,0.0,16323,16080,243,0,0.0,6,6,0,0,0.0,625,613,12,0,0.0,4876,4814,62,0,0.0,10816,10647,169,0,0.0,0,0,0,0,,0,0,0,0,,4096,4037,59,0,0.0,6208,6095,113,0,0.0,8192,8077,115,0,0.0,0.0,0.0,1.0,19,0,0,0
1,1,neither,company,exception,root500,0.5,32,True,results/bios-mechanism-dev-v1/p1/width-256/world-1-seed-1-neither/edits/company-class-balanced-exception,93,2,0.021505376344086023,3,0,0.0,90,2,0.022222222222222223,93,2,0.021505376344086023,3,0,0.0,90,2,0.022222222222222223,96,0,0.0,45,0,0.0,96,0,0.0,48,0,0.0,48,0,0.0,26,0,0.0,19,0,0.0,48,0,0.0,48,0,0.0,26,0,0.0,19,0,0.0,20419,20117,302,205,0.010190386240493116,6,6,0,0,0.0,768,754,14,7,0.009283819628647215,5917,5843,74,20,0.003422899195618689,13728,13514,214,178,0.013171525825070297,7286,7134,152,58,0.008130081300813009,2,2,0,0,0.0,231,224,7,2,0.008928571428571428,2745,2686,59,7,0.0026061057334326137,4308,4222,86,49,0.011605873993368073,16323,16080,243,160,0.009950248756218905,6,6,0,0,0.0,625,613,12,4,0.0065252854812398045,4876,4814,62,17,0.003531366846697133,10816,10647,169,139,0.01305532074762844,0,0,0,0,,0,0,0,0,,4096,4037,59,45,0.011146891255883081,6208,6095,113,84,0.013781788351107466,8192,8077,115,101,0.012504642812925591,0.0,0.0,0.9473684210526315,19,0,1,0
1,1,neither,company,exception,root500,0.5,128,True,results/bios-mechanism-dev-v1/p1/width-256/world-1-seed-1-neither/edits/company-class-balanced-exception,93,92,0.989247311827957,3,3,1.0,90,89,0.9888888888888889,93,92,0.989247311827957,3,3,1.0,90,89,0.9888888888888889,96,34,0.3541666666666667,45,13,0.28888888888888886,96,34,0.3541666666666667,48,17,0.3541666666666667,48,17,0.3541666666666667,26,9,0.34615384615384615,19,4,0.21052631578947367,48,17,0.3541666666666667,48,17,0.3541666666666667,26,9,0.34615384615384615,19,4,0.21052631578947367,20419,20117,302,232,0.011532534672167818,6,6,0,0,0.0,768,754,14,9,0.011936339522546418,5917,5843,74,38,0.006503508471675509,13728,13514,214,185,0.013689507177741601,7286,7134,152,92,0.012895991028875805,2,2,0,0,0.0,231,224,7,3,0.013392857142857142,2745,2686,59,15,0.005584512285927029,4308,4222,86,74,0.01752723827569872,16323,16080,243,203,0.012624378109452737,6,6,0,0,0.0,625,613,12,8,0.013050570962479609,4876,4814,62,31,0.006439551308683008,10816,10647,169,164,0.015403400018784635,0,0,0,0,,0,0,0,0,,4096,4037,59,29,0.007183552142680208,6208,6095,113,158,0.025922887612797374,8192,8077,115,36,0.004457100408567538,0.21052631578947367,0.47368421052631576,0.10526315789473684,19,0,4,0
1,1,neither,company,exception,root500,0.5,512,True,results/bios-mechanism-dev-v1/p1/width-256/world-1-seed-1-neither/edits/company-class-balanced-exception,93,93,1.0,3,3,1.0,90,90,1.0,93,93,1.0,3,3,1.0,90,90,1.0,96,21,0.21875,45,7,0.15555555555555556,96,21,0.21875,48,9,0.1875,48,12,0.25,26,5,0.19230769230769232,19,2,0.10526315789473684,48,9,0.1875,48,12,0.25,26,5,0.19230769230769232,19,2,0.10526315789473684,20419,20117,302,102,0.005070338519659989,6,6,0,0,0.0,768,754,14,3,0.003978779840848806,5917,5843,74,8,0.0013691596782474755,13728,13514,214,91,0.00673375758472695,7286,7134,152,41,0.005747126436781609,2,2,0,0,0.0,231,224,7,1,0.004464285714285714,2745,2686,59,6,0.0022338049143708115,4308,4222,86,34,0.008053055423969682,16323,16080,243,99,0.006156716417910448,6,6,0,0,0.0,625,613,12,3,0.004893964110929853,4876,4814,62,8,0.0016618196925633569,10816,10647,169,88,0.008265239034469804,0,0,0,0,,0,0,0,0,,4096,4037,59,3,0.0007431260837255387,6208,6095,113,62,0.010172272354388842,8192,8077,115,32,0.003961867029837811,0.10526315789473684,0.3684210526315789,0.2631578947368421,19,0,5,0
1,1,neither,project,coherent,uniform,0.03225806451612903,0,True,results/bios-cross-scale-dev-v1/width-256/world-1-seed-1-neither/edits/project-coherent-mlp,93,0,0.0,3,0,0.0,90,0,0.0,93,0,0.0,3,0,0.0,90,0,0.0,96,0,0.0,45,0,0.0,96,0,0.0,48,0,0.0,48,0,0.0,19,0,0.0,26,0,0.0,48,0,0.0,48,0,0.0,19,0,0.0,26,0,0.0,20419,20120,299,0,0.0,6,5,1,0,0.0,768,758,10,0,0.0,5917,5810,107,0,0.0,13728,13547,181,0,0.0,7286,7130,156,0,0.0,2,1,1,0,0.0,231,225,6,0,0.0,2745,2676,69,0,0.0,4308,4228,80,0,0.0,16323,16067,256,0,0.0,4,3,1,0,0.0,596,590,6,0,0.0,4921,4827,94,0,0.0,10802,10647,155,0,0.0,0,0,0,0,,0,0,0,0,,4096,4053,43,0,0.0,6208,6132,76,0,0.0,8192,8077,115,0,0.0,0.0,0.0,1.0,26,0,0,0
1,1,neither,project,coherent,uniform,0.03225806451612903,32,True,results/bios-cross-scale-dev-v1/width-256/world-1-seed-1-neither/edits/project-coherent-mlp,93,56,0.6021505376344086,3,0,0.0,90,56,0.6222222222222222,93,56,0.6021505376344086,3,0,0.0,90,56,0.6222222222222222,96,9,0.09375,45,6,0.13333333333333333,96,9,0.09375,48,2,0.041666666666666664,48,7,0.14583333333333334,19,0,0.0,26,6,0.23076923076923078,48,2,0.041666666666666664,48,7,0.14583333333333334,19,0,0.0,26,6,0.23076923076923078,20419,20120,299,164,0.008151093439363818,6,5,1,1,0.2,768,758,10,12,0.0158311345646438,5917,5810,107,65,0.011187607573149742,13728,13547,181,86,0.0063482689894441575,7286,7130,156,43,0.00603085553997195,2,1,1,0,0.0,231,225,6,2,0.008888888888888889,2745,2676,69,16,0.005979073243647235,4308,4228,80,25,0.005912961210974456,16323,16067,256,124,0.0077176822057633656,4,3,1,0,0.0,596,590,6,9,0.015254237288135594,4921,4827,94,47,0.009736896623161384,10802,10647,155,68,0.0063867756175448485,0,0,0,0,,0,0,0,0,,4096,4053,43,40,0.009869232667160128,6208,6132,76,23,0.003750815394651011,8192,8077,115,75,0.00928562585118237,0.23076923076923078,0.0,0.6538461538461539,26,0,3,0
1,1,neither,project,coherent,uniform,0.03225806451612903,128,True,results/bios-cross-scale-dev-v1/width-256/world-1-seed-1-neither/edits/project-coherent-mlp,93,93,1.0,3,3,1.0,90,90,1.0,93,93,1.0,3,3,1.0,90,90,1.0,96,72,0.75,45,33,0.7333333333333333,96,72,0.75,48,35,0.7291666666666666,48,37,0.7708333333333334,19,14,0.7368421052631579,26,19,0.7307692307692307,48,35,0.7291666666666666,48,37,0.7708333333333334,19,14,0.7368421052631579,26,19,0.7307692307692307,20419,20120,299,122,0.006063618290258449,6,5,1,0,0.0,768,758,10,9,0.011873350923482849,5917,5810,107,39,0.006712564543889845,13728,13547,181,74,0.005462464014172879,7286,7130,156,55,0.007713884992987377,2,1,1,0,0.0,231,225,6,1,0.0044444444444444444,2745,2676,69,18,0.006726457399103139,4308,4228,80,36,0.008514664143803218,16323,16067,256,111,0.006908570361610755,4,3,1,0,0.0,596,590,6,8,0.013559322033898305,4921,4827,94,35,0.00725088046405635,10802,10647,155,68,0.0063867756175448485,0,0,0,0,,0,0,0,0,,4096,4053,43,11,0.002714038983469035,6208,6132,76,48,0.007827788649706457,8192,8077,115,32,0.003961867029837811,0.7307692307692307,0.0,0.2692307692307692,26,0,0,0
1,1,neither,project,coherent,uniform,0.03225806451612903,512,True,results/bios-cross-scale-dev-v1/width-256/world-1-seed-1-neither/edits/project-coherent-mlp,93,93,1.0,3,3,1.0,90,90,1.0,93,93,1.0,3,3,1.0,90,90,1.0,96,77,0.8020833333333334,45,36,0.8,96,77,0.8020833333333334,48,36,0.75,48,41,0.8541666666666666,19,15,0.7894736842105263,26,21,0.8076923076923077,48,36,0.75,48,41,0.8541666666666666,19,15,0.7894736842105263,26,21,0.8076923076923077,20419,20120,299,55,0.0027335984095427437,6,5,1,0,0.0,768,758,10,5,0.006596306068601583,5917,5810,107,24,0.004130808950086058,13728,13547,181,26,0.0019192441130877686,7286,7130,156,27,0.0037868162692847123,2,1,1,0,0.0,231,225,6,0,0.0,2745,2676,69,12,0.004484304932735426,4308,4228,80,15,0.003547776726584674,16323,16067,256,55,0.0034231654944918157,4,3,1,0,0.0,596,590,6,5,0.00847457627118644,4921,4827,94,24,0.004972032318210068,10802,10647,155,26,0.002442002442002442,0,0,0,0,,0,0,0,0,,4096,4053,43,0,0.0,6208,6132,76,13,0.0021200260926288322,8192,8077,115,17,0.002104741859601337,0.8076923076923077,0.0,0.19230769230769232,26,0,0,0
1,1,neither,project,coherent,root125,0.125,0,False,results/bios-followup-v1/editing/world-1-seed-1-neither/edits/project-coherent-root125,93,0,0.0,3,0,0.0,90,0,0.0,93,0,0.0,3,0,0.0,90,0,0.0,96,0,0.0,45,0,0.0,96,0,0.0,48,0,0.0,48,0,0.0,19,0,0.0,26,0,0.0,48,0,0.0,48,0,0.0,19,0,0.0,26,0,0.0,20419,20120,299,0,0.0,6,5,1,0,0.0,768,758,10,0,0.0,5917,5810,107,0,0.0,13728,13547,181,0,0.0,7286,7130,156,0,0.0,2,1,1,0,0.0,231,225,6,0,0.0,2745,2676,69,0,0.0,4308,4228,80,0,0.0,16323,16067,256,0,0.0,4,3,1,0,0.0,596,590,6,0,0.0,4921,4827,94,0,0.0,10802,10647,155,0,0.0,0,0,0,0,,0,0,0,0,,4096,4053,43,0,0.0,6208,6132,76,0,0.0,8192,8077,115,0,0.0,0.0,0.0,1.0,26,0,0,0
1,1,neither,project,coherent,root125,0.125,32,False,results/bios-followup-v1/editing/world-1-seed-1-neither/edits/project-coherent-root125,93,52,0.5591397849462365,3,0,0.0,90,52,0.5777777777777777,93,52,0.5591397849462365,3,0,0.0,90,52,0.5777777777777777,96,10,0.10416666666666667,45,6,0.13333333333333333,96,10,0.10416666666666667,48,3,0.0625,48,7,0.14583333333333334,19,0,0.0,26,6,0.23076923076923078,48,3,0.0625,48,7,0.14583333333333334,19,0,0.0,26,6,0.23076923076923078,20419,20120,299,169,0.008399602385685885,6,5,1,1,0.2,768,758,10,11,0.014511873350923483,5917,5810,107,68,0.0117039586919105,13728,13547,181,89,0.006569720233261977,7286,7130,156,45,0.006311360448807854,2,1,1,0,0.0,231,225,6,1,0.0044444444444444444,2745,2676,69,16,0.005979073243647235,4308,4228,80,28,0.006622516556291391,16323,16067,256,126,0.007842160951017614,4,3,1,0,0.0,596,590,6,8,0.013559322033898305,4921,4827,94,48,0.009944064636420136,10802,10647,155,70,0.006574621959237344,0,0,0,0,,0,0,0,0,,4096,4053,43,43,0.010609425117197138,6208,6132,76,27,0.004403131115459882,8192,8077,115,73,0.009038009161817507,0.23076923076923078,0.0,0.6538461538461539,26,0,3,0
1,1,neither,project,coherent,root125,0.125,128,False,results/bios-followup-v1/editing/world-1-seed-1-neither/edits/project-coherent-root125,93,93,1.0,3,3,1.0,90,90,1.0,93,93,1.0,3,3,1.0,90,90,1.0,96,72,0.75,45,33,0.7333333333333333,96,72,0.75,48,35,0.7291666666666666,48,37,0.7708333333333334,19,14,0.7368421052631579,26,19,0.7307692307692307,48,35,0.7291666666666666,48,37,0.7708333333333334,19,14,0.7368421052631579,26,19,0.7307692307692307,20419,20120,299,148,0.007355864811133201,6,5,1,0,0.0,768,758,10,11,0.014511873350923483,5917,5810,107,46,0.007917383820998278,13728,13547,181,91,0.00671735439580719,7286,7130,156,66,0.009256661991584854,2,1,1,0,0.0,231,225,6,2,0.008888888888888889,2745,2676,69,22,0.008221225710014948,4308,4228,80,42,0.009933774834437087,16323,16067,256,130,0.008091118441526109,4,3,1,0,0.0,596,590,6,9,0.015254237288135594,4921,4827,94,41,0.008493888543608866,10802,10647,155,80,0.007513853667699822,0,0,0,0,,0,0,0,0,,4096,4053,43,18,0.0044411547002220575,6208,6132,76,63,0.010273972602739725,8192,8077,115,36,0.004457100408567538,0.7307692307692307,0.0,0.2692307692307692,26,0,0,0
1,1,neither,project,coherent,root125,0.125,512,False,results/bios-followup-v1/editing/world-1-seed-1-neither/edits/project-coherent-root125,93,93,1.0,3,3,1.0,90,90,1.0,93,93,1.0,3,3,1.0,90,90,1.0,96,78,0.8125,45,37,0.8222222222222222,96,78,0.8125,48,36,0.75,48,42,0.875,19,15,0.7894736842105263,26,22,0.8461538461538461,48,36,0.75,48,42,0.875,19,15,0.7894736842105263,26,22,0.8461538461538461,20419,20120,299,65,0.0032306163021868788,6,5,1,0,0.0,768,758,10,5,0.006596306068601583,5917,5810,107,27,0.004647160068846815,13728,13547,181,33,0.0024359636819960137,7286,7130,156,34,0.004768583450210378,2,1,1,0,0.0,231,225,6,0,0.0,2745,2676,69,14,0.00523168908819133,4308,4228,80,20,0.004730368968779565,16323,16067,256,65,0.004045559220763054,4,3,1,0,0.0,596,590,6,5,0.00847457627118644,4921,4827,94,27,0.005593536357986327,10802,10647,155,33,0.0030994646379261764,0,0,0,0,,0,0,0,0,,4096,4053,43,0,0.0,6208,6132,76,18,0.0029354207436399216,8192,8077,115,19,0.0023523585489662003,0.8461538461538461,0.0,0.15384615384615385,26,0,0,0
1,1,neither,project,coherent,root250,0.25,0,False,results/bios-followup-v1/editing/world-1-seed-1-neither/edits/project-coherent-root250,93,0,0.0,3,0,0.0,90,0,0.0,93,0,0.0,3,0,0.0,90,0,0.0,96,0,0.0,45,0,0.0,96,0,0.0,48,0,0.0,48,0,0.0,19,0,0.0,26,0,0.0,48,0,0.0,48,0,0.0,19,0,0.0,26,0,0.0,20419,20120,299,0,0.0,6,5,1,0,0.0,768,758,10,0,0.0,5917,5810,107,0,0.0,13728,13547,181,0,0.0,7286,7130,156,0,0.0,2,1,1,0,0.0,231,225,6,0,0.0,2745,2676,69,0,0.0,4308,4228,80,0,0.0,16323,16067,256,0,0.0,4,3,1,0,0.0,596,590,6,0,0.0,4921,4827,94,0,0.0,10802,10647,155,0,0.0,0,0,0,0,,0,0,0,0,,4096,4053,43,0,0.0,6208,6132,76,0,0.0,8192,8077,115,0,0.0,0.0,0.0,1.0,26,0,0,0
1,1,neither,project,coherent,root250,0.25,32,False,results/bios-followup-v1/editing/world-1-seed-1-neither/edits/project-coherent-root250,93,48,0.5161290322580645,3,0,0.0,90,48,0.5333333333333333,93,48,0.5161290322580645,3,0,0.0,90,48,0.5333333333333333,96,11,0.11458333333333333,45,6,0.13333333333333333,96,11,0.11458333333333333,48,3,0.0625,48,8,0.16666666666666666,19,0,0.0,26,6,0.23076923076923078,48,3,0.0625,48,8,0.16666666666666666,19,0,0.0,26,6,0.23076923076923078,20419,20120,299,177,0.008797216699801193,6,5,1,1,0.2,768,758,10,11,0.014511873350923483,5917,5810,107,69,0.011876075731497418,13728,13547,181,96,0.0070864398021702225,7286,7130,156,45,0.006311360448807854,2,1,1,0,0.0,231,225,6,1,0.0044444444444444444,2745,2676,69,15,0.005605381165919282,4308,4228,80,29,0.006859035004730369,16323,16067,256,131,0.008153357814153233,4,3,1,0,0.0,596,590,6,7,0.011864406779661017,4921,4827,94,49,0.01015123264967889,10802,10647,155,75,0.0070442378134685825,0,0,0,0,,0,0,0,0,,4096,4053,43,46,0.011349617567234148,6208,6132,76,35,0.005707762557077625,8192,8077,115,72,0.008914200817135075,0.23076923076923078,0.0,0.6153846153846154,26,0,4,0
1,1,neither,project,coherent,root250,0.25,128,False,results/bios-followup-v1/editing/world-1-seed-1-neither/edits/project-coherent-root250,93,93,1.0,3,3,1.0,90,90,1.0,93,93,1.0,3,3,1.0,90,90,1.0,96,72,0.75,45,33,0.7333333333333333,96,72,0.75,48,35,0.7291666666666666,48,37,0.7708333333333334,19,14,0.7368421052631579,26,19,0.7307692307692307,48,35,0.7291666666666666,48,37,0.7708333333333334,19,14,0.7368421052631579,26,19,0.7307692307692307,20419,20120,299,158,0.007852882703777335,6,5,1,0,0.0,768,758,10,11,0.014511873350923483,5917,5810,107,49,0.008433734939759036,13728,13547,181,98,0.007234073964715435,7286,7130,156,74,0.010378681626928472,2,1,1,0,0.0,231,225,6,3,0.013333333333333334,2745,2676,69,23,0.0085949177877429,4308,4228,80,48,0.011352885525070956,16323,16067,256,139,0.008651272795170225,4,3,1,0,0.0,596,590,6,9,0.015254237288135594,4921,4827,94,43,0.008908224570126373,10802,10647,155,87,0.008171315863623557,0,0,0,0,,0,0,0,0,,4096,4053,43,19,0.004687885516901061,6208,6132,76,72,0.011741682974559686,8192,8077,115,34,0.004209483719202674,0.7307692307692307,0.0,0.2692307692307692,26,0,0,0
1,1,neither,project,coherent,root250,0.25,512,False,results/bios-followup-v1/editing/world-1-seed-1-neither/edits/project-coherent-root250,93,93,1.0,3,3,1.0,90,90,1.0,93,93,1.0,3,3,1.0,90,90,1.0,96,78,0.8125,45,37,0.8222222222222222,96,78,0.8125,48,36,0.75,48,42,0.875,19,15,0.7894736842105263,26,22,0.8461538461538461,48,36,0.75,48,42,0.875,19,15,0.7894736842105263,26,22,0.8461538461538461,20419,20120,299,70,0.0034791252485089465,6,5,1,0,0.0,768,758,10,5,0.006596306068601583,5917,5810,107,28,0.004819277108433735,13728,13547,181,37,0.0027312320070864396,7286,7130,156,38,0.005329593267882188,2,1,1,0,0.0,231,225,6,0,0.0,2745,2676,69,15,0.005605381165919282,4308,4228,80,23,0.005439924314096499,16323,16067,256,70,0.004356756083898674,4,3,1,0,0.0,596,590,6,5,0.00847457627118644,4921,4827,94,28,0.00580070437124508,10802,10647,155,37,0.0034751573213111673,0,0,0,0,,0,0,0,0,,4096,4053,43,0,0.0,6208,6132,76,21,0.003424657534246575,8192,8077,115,20,0.002476166893648632,0.8461538461538461,0.0,0.15384615384615385,26,0,0,0
1,1,neither,project,coherent,root500,0.5,0,False,results/bios-followup-v1/editing/world-1-seed-1-neither/edits/project-coherent-root500,93,0,0.0,3,0,0.0,90,0,0.0,93,0,0.0,3,0,0.0,90,0,0.0,96,0,0.0,45,0,0.0,96,0,0.0,48,0,0.0,48,0,0.0,19,0,0.0,26,0,0.0,48,0,0.0,48,0,0.0,19,0,0.0,26,0,0.0,20419,20120,299,0,0.0,6,5,1,0,0.0,768,758,10,0,0.0,5917,5810,107,0,0.0,13728,13547,181,0,0.0,7286,7130,156,0,0.0,2,1,1,0,0.0,231,225,6,0,0.0,2745,2676,69,0,0.0,4308,4228,80,0,0.0,16323,16067,256,0,0.0,4,3,1,0,0.0,596,590,6,0,0.0,4921,4827,94,0,0.0,10802,10647,155,0,0.0,0,0,0,0,,0,0,0,0,,4096,4053,43,0,0.0,6208,6132,76,0,0.0,8192,8077,115,0,0.0,0.0,0.0,1.0,26,0,0,0
1,1,neither,project,coherent,root500,0.5,32,False,results/bios-followup-v1/editing/world-1-seed-1-neither/edits/project-coherent-root500,93,29,0.3118279569892473,3,1,0.3333333333333333,90,28,0.3111111111111111,93,29,0.3118279569892473,3,1,0.3333333333333333,90,28,0.3111111111111111,96,11,0.11458333333333333,45,6,0.13333333333333333,96,11,0.11458333333333333,48,3,0.0625,48,8,0.16666666666666666,19,0,0.0,26,6,0.23076923076923078,48,3,0.0625,48,8,0.16666666666666666,19,0,0.0,26,6,0.23076923076923078,20419,20120,299,194,0.009642147117296223,6,5,1,1,0.2,768,758,10,9,0.011873350923482849,5917,5810,107,74,0.012736660929432014,13728,13547,181,110,0.008119878939986712,7286,7130,156,51,0.007152875175315568,2,1,1,0,0.0,231,225,6,0,0.0,2745,2676,69,16,0.005979073243647235,4308,4228,80,35,0.008278145695364239,16323,16067,256,150,0.009335905894068589,4,3,1,0,0.0,596,590,6,6,0.010169491525423728,4921,4827,94,54,0.011187072715972654,10802,10647,155,90,0.0084530853761623,0,0,0,0,,0,0,0,0,,4096,4053,43,44,0.01085615593387614,6208,6132,76,46,0.007501630789302022,8192,8077,115,73,0.009038009161817507,0.23076923076923078,0.0,0.6153846153846154,26,0,4,0
1,1,neither,project,coherent,root500,0.5,128,False,results/bios-followup-v1/editing/world-1-seed-1-neither/edits/project-coherent-root500,93,93,1.0,3,3,1.0,90,90,1.0,93,93,1.0,3,3,1.0,90,90,1.0,96,71,0.7395833333333334,45,32,0.7111111111111111,96,71,0.7395833333333334,48,35,0.7291666666666666,48,36,0.75,19,14,0.7368421052631579,26,18,0.6923076923076923,48,35,0.7291666666666666,48,36,0.75,19,14,0.7368421052631579,26,18,0.6923076923076923,20419,20120,299,166,0.008250497017892645,6,5,1,0,0.0,768,758,10,12,0.0158311345646438,5917,5810,107,48,0.008261617900172116,13728,13547,181,106,0.007824610614896288,7286,7130,156,77,0.010799438990182328,2,1,1,0,0.0,231,225,6,4,0.017777777777777778,2745,2676,69,21,0.007847533632286996,4308,4228,80,52,0.01229895931882687,16323,16067,256,145,0.009024709030932969,4,3,1,0,0.0,596,590,6,10,0.01694915254237288,4921,4827,94,42,0.00870105655686762,10802,10647,155,93,0.008734854888701042,0,0,0,0,,0,0,0,0,,4096,4053,43,21,0.0051813471502590676,6208,6132,76,86,0.014024787997390736,8192,8077,115,30,0.0037142503404729477,0.6923076923076923,0.0,0.3076923076923077,26,0,0,0
1,1,neither,project,coherent,root500,0.5,512,False,results/bios-followup-v1/editing/world-1-seed-1-neither/edits/project-coherent-root500,93,93,1.0,3,3,1.0,90,90,1.0,93,93,1.0,3,3,1.0,90,90,1.0,96,74,0.7708333333333334,45,35,0.7777777777777778,96,74,0.7708333333333334,48,35,0.7291666666666666,48,39,0.8125,19,15,0.7894736842105263,26,20,0.7692307692307693,48,35,0.7291666666666666,48,39,0.8125,19,15,0.7894736842105263,26,20,0.7692307692307693,20419,20120,299,69,0.0034294234592445326,6,5,1,0,0.0,768,758,10,3,0.00395778364116095,5917,5810,107,26,0.004475043029259896,13728,13547,181,40,0.0029526832509042594,7286,7130,156,37,0.005189340813464236,2,1,1,0,0.0,231,225,6,0,0.0,2745,2676,69,13,0.004857997010463378,4308,4228,80,24,0.005676442762535478,16323,16067,256,69,0.00429451671127155,4,3,1,0,0.0,596,590,6,3,0.005084745762711864,4921,4827,94,26,0.0053863683447275745,10802,10647,155,40,0.003756926833849911,0,0,0,0,,0,0,0,0,,4096,4053,43,0,0.0,6208,6132,76,23,0.003750815394651011,8192,8077,115,19,0.0023523585489662003,0.7692307692307693,0.0,0.23076923076923078,26,0,0,0
1,1,neither,project,exception,uniform,0.03225806451612903,0,True,results/bios-cross-scale-dev-v1/width-256/world-1-seed-1-neither/edits/project-exception-mlp,93,0,0.0,3,0,0.0,90,0,0.0,93,0,0.0,3,0,0.0,90,0,0.0,96,0,0.0,45,0,0.0,96,0,0.0,48,0,0.0,48,0,0.0,19,0,0.0,26,0,0.0,48,0,0.0,48,0,0.0,19,0,0.0,26,0,0.0,20419,20120,299,0,0.0,6,5,1,0,0.0,768,758,10,0,0.0,5917,5810,107,0,0.0,13728,13547,181,0,0.0,7286,7130,156,0,0.0,2,1,1,0,0.0,231,225,6,0,0.0,2745,2676,69,0,0.0,4308,4228,80,0,0.0,16323,16067,256,0,0.0,4,3,1,0,0.0,596,590,6,0,0.0,4921,4827,94,0,0.0,10802,10647,155,0,0.0,0,0,0,0,,0,0,0,0,,4096,4053,43,0,0.0,6208,6132,76,0,0.0,8192,8077,115,0,0.0,0.0,0.0,1.0,26,0,0,0
1,1,neither,project,exception,uniform,0.03225806451612903,32,True,results/bios-cross-scale-dev-v1/width-256/world-1-seed-1-neither/edits/project-exception-mlp,93,25,0.26881720430107525,3,0,0.0,90,25,0.2777777777777778,93,25,0.26881720430107525,3,0,0.0,90,25,0.2777777777777778,96,0,0.0,45,0,0.0,96,0,0.0,48,0,0.0,48,0,0.0,19,0,0.0,26,0,0.0,48,0,0.0,48,0,0.0,19,0,0.0,26,0,0.0,20419,20120,299,129,0.006411530815109344,6,5,1,0,0.0,768,758,10,12,0.0158311345646438,5917,5810,107,44,0.007573149741824441,13728,13547,181,73,0.005388646932900273,7286,7130,156,31,0.004347826086956522,2,1,1,0,0.0,231,225,6,2,0.008888888888888889,2745,2676,69,15,0.005605381165919282,4308,4228,80,14,0.0033112582781456954,16323,16067,256,100,0.0062239372627123915,4,3,1,0,0.0,596,590,6,9,0.015254237288135594,4921,4827,94,36,0.0074580484773151025,10802,10647,155,55,0.0051657743965436275,0,0,0,0,,0,0,0,0,,4096,4053,43,29,0.007155193683691093,6208,6132,76,14,0.00228310502283105,8192,8077,115,71,0.008790392472452644,0.0,0.0,0.8461538461538461,26,0,4,0
1,1,neither,project,exception,uniform,0.03225806451612903,128,True,results/bios-cross-scale-dev-v1/width-256/world-1-seed-1-neither/edits/project-exception-mlp,93,93,1.0,3,3,1.0,90,90,1.0,93,93,1.0,3,3,1.0,90,90,1.0,96,51,0.53125,45,15,0.3333333333333333,96,51,0.53125,48,22,0.4583333333333333,48,29,0.6041666666666666,19,4,0.21052631578947367,26,11,0.4230769230769231,48,22,0.4583333333333333,48,29,0.6041666666666666,19,4,0.21052631578947367,26,11,0.4230769230769231,20419,20120,299,138,0.006858846918489065,6,5,1,0,0.0,768,758,10,16,0.021108179419525065,5917,5810,107,60,0.010327022375215147,13728,13547,181,62,0.004576659038901602,7286,7130,156,55,0.007713884992987377,2,1,1,0,0.0,231,225,6,2,0.008888888888888889,2745,2676,69,27,0.010089686098654708,4308,4228,80,26,0.006149479659413435,16323,16067,256,121,0.0075309640878819945,4,3,1,0,0.0,596,590,6,12,0.020338983050847456,4921,4827,94,53,0.010979904702713901,10802,10647,155,56,0.005259697567389875,0,0,0,0,,0,0,0,0,,4096,4053,43,17,0.004194423883543055,6208,6132,76,39,0.006360078277886497,8192,8077,115,34,0.004209483719202674,0.4230769230769231,0.34615384615384615,0.23076923076923078,26,0,0,0
1,1,neither,project,exception,uniform,0.03225806451612903,512,True,results/bios-cross-scale-dev-v1/width-256/world-1-seed-1-neither/edits/project-exception-mlp,93,93,1.0,3,3,1.0,90,90,1.0,93,93,1.0,3,3,1.0,90,90,1.0,96,50,0.5208333333333334,45,12,0.26666666666666666,96,50,0.5208333333333334,48,21,0.4375,48,29,0.6041666666666666,19,2,0.10526315789473684,26,10,0.38461538461538464,48,21,0.4375,48,29,0.6041666666666666,19,2,0.10526315789473684,26,10,0.38461538461538464,20419,20120,299,66,0.0032803180914512922,6,5,1,0,0.0,768,758,10,6,0.0079155672823219,5917,5810,107,27,0.004647160068846815,13728,13547,181,33,0.0024359636819960137,7286,7130,156,31,0.004347826086956522,2,1,1,0,0.0,231,225,6,0,0.0,2745,2676,69,16,0.005979073243647235,4308,4228,80,15,0.003547776726584674,16323,16067,256,66,0.004107798593390178,4,3,1,0,0.0,596,590,6,6,0.010169491525423728,4921,4827,94,27,0.005593536357986327,10802,10647,155,33,0.0030994646379261764,0,0,0,0,,0,0,0,0,,4096,4053,43,0,0.0,6208,6132,76,16,0.002609262883235486,8192,8077,115,22,0.002723783583013495,0.38461538461538464,0.38461538461538464,0.23076923076923078,26,0,0,0
1,1,neither,project,exception,root125,0.125,0,False,results/bios-followup-v1/editing/world-1-seed-1-neither/edits/project-exception-root125,93,0,0.0,3,0,0.0,90,0,0.0,93,0,0.0,3,0,0.0,90,0,0.0,96,0,0.0,45,0,0.0,96,0,0.0,48,0,0.0,48,0,0.0,19,0,0.0,26,0,0.0,48,0,0.0,48,0,0.0,19,0,0.0,26,0,0.0,20419,20120,299,0,0.0,6,5,1,0,0.0,768,758,10,0,0.0,5917,5810,107,0,0.0,13728,13547,181,0,0.0,7286,7130,156,0,0.0,2,1,1,0,0.0,231,225,6,0,0.0,2745,2676,69,0,0.0,4308,4228,80,0,0.0,16323,16067,256,0,0.0,4,3,1,0,0.0,596,590,6,0,0.0,4921,4827,94,0,0.0,10802,10647,155,0,0.0,0,0,0,0,,0,0,0,0,,4096,4053,43,0,0.0,6208,6132,76,0,0.0,8192,8077,115,0,0.0,0.0,0.0,1.0,26,0,0,0
1,1,neither,project,exception,root125,0.125,32,False,results/bios-followup-v1/editing/world-1-seed-1-neither/edits/project-exception-root125,93,20,0.21505376344086022,3,0,0.0,90,20,0.2222222222222222,93,20,0.21505376344086022,3,0,0.0,90,20,0.2222222222222222,96,1,0.010416666666666666,45,1,0.022222222222222223,96,1,0.010416666666666666,48,0,0.0,48,1,0.020833333333333332,19,0,0.0,26,1,0.038461538461538464,48,0,0.0,48,1,0.020833333333333332,19,0,0.0,26,1,0.038461538461538464,20419,20120,299,128,0.006361829025844931,6,5,1,0,0.0,768,758,10,12,0.0158311345646438,5917,5810,107,44,0.007573149741824441,13728,13547,181,72,0.005314829851627667,7286,7130,156,28,0.003927068723702665,2,1,1,0,0.0,231,225,6,2,0.008888888888888889,2745,2676,69,12,0.004484304932735426,4308,4228,80,14,0.0033112582781456954,16323,16067,256,97,0.00603721914483102,4,3,1,0,0.0,596,590,6,9,0.015254237288135594,4921,4827,94,34,0.007043712450797597,10802,10647,155,54,0.00507185122569738,0,0,0,0,,0,0,0,0,,4096,4053,43,31,0.0076486553170490995,6208,6132,76,13,0.0021200260926288322,8192,8077,115,71,0.008790392472452644,0.038461538461538464,0.0,0.8076923076923077,26,0,4,0
1,1,neither,project,exception,root125,0.125,128,False,results/bios-followup-v1/editing/world-1-seed-1-neither/edits/project-exception-root125,93,93,1.0,3,3,1.0,90,90,1.0,93,93,1.0,3,3,1.0,90,90,1.0,96,53,0.5520833333333334,45,16,0.35555555555555557,96,53,0.5520833333333334,48,23,0.4791666666666667,48,30,0.625,19,4,0.21052631578947367,26,12,0.46153846153846156,48,23,0.4791666666666667,48,30,0.625,19,4,0.21052631578947367,26,12,0.46153846153846156,20419,20120,299,155,0.007703777335984096,6,5,1,0,0.0,768,758,10,15,0.01978891820580475,5917,5810,107,65,0.011187607573149742,13728,13547,181,75,0.005536281095445486,7286,7130,156,62,0.008695652173913044,2,1,1,0,0.0,231,225,6,1,0.0044444444444444444,2745,2676,69,29,0.010837070254110613,4308,4228,80,32,0.007568590350047304,16323,16067,256,133,0.00827783655940748,4,3,1,0,0.0,596,590,6,10,0.01694915254237288,4921,4827,94,58,0.012015744769007665,10802,10647,155,65,0.006105006105006105,0,0,0,0,,0,0,0,0,,4096,4053,43,22,0.00542807796693807,6208,6132,76,51,0.008317025440313111,8192,8077,115,33,0.0040856753745202425,0.46153846153846156,0.3076923076923077,0.23076923076923078,26,0,0,0
1,1,neither,project,exception,root125,0.125,512,False,results/bios-followup-v1/editing/world-1-seed-1-neither/edits/project-exception-root125,93,93,1.0,3,3,1.0,90,90,1.0,93,93,1.0,3,3,1.0,90,90,1.0,96,49,0.5104166666666666,45,11,0.24444444444444444,96,49,0.5104166666666666,48,21,0.4375,48,28,0.5833333333333334,19,2,0.10526315789473684,26,9,0.34615384615384615,48,21,0.4375,48,28,0.5833333333333334,19,2,0.10526315789473684,26,9,0.34615384615384615,20419,20120,299,69,0.0034294234592445326,6,5,1,0,0.0,768,758,10,6,0.0079155672823219,5917,5810,107,29,0.0049913941480206545,13728,13547,181,34,0.0025097807632686203,7286,7130,156,32,0.004488078541374474,2,1,1,0,0.0,231,225,6,0,0.0,2745,2676,69,16,0.005979073243647235,4308,4228,80,16,0.003784295175023652,16323,16067,256,69,0.00429451671127155,4,3,1,0,0.0,596,590,6,6,0.010169491525423728,4921,4827,94,29,0.0060078723845038325,10802,10647,155,34,0.0031933878087724243,0,0,0,0,,0,0,0,0,,4096,4053,43,0,0.0,6208,6132,76,17,0.0027723418134377037,8192,8077,115,22,0.002723783583013495,0.34615384615384615,0.34615384615384615,0.2692307692307692,26,0,1,0
1,1,neither,project,exception,root250,0.25,0,False,results/bios-followup-v1/editing/world-1-seed-1-neither/edits/project-exception-root250,93,0,0.0,3,0,0.0,90,0,0.0,93,0,0.0,3,0,0.0,90,0,0.0,96,0,0.0,45,0,0.0,96,0,0.0,48,0,0.0,48,0,0.0,19,0,0.0,26,0,0.0,48,0,0.0,48,0,0.0,19,0,0.0,26,0,0.0,20419,20120,299,0,0.0,6,5,1,0,0.0,768,758,10,0,0.0,5917,5810,107,0,0.0,13728,13547,181,0,0.0,7286,7130,156,0,0.0,2,1,1,0,0.0,231,225,6,0,0.0,2745,2676,69,0,0.0,4308,4228,80,0,0.0,16323,16067,256,0,0.0,4,3,1,0,0.0,596,590,6,0,0.0,4921,4827,94,0,0.0,10802,10647,155,0,0.0,0,0,0,0,,0,0,0,0,,4096,4053,43,0,0.0,6208,6132,76,0,0.0,8192,8077,115,0,0.0,0.0,0.0,1.0,26,0,0,0
1,1,neither,project,exception,root250,0.25,32,False,results/bios-followup-v1/editing/world-1-seed-1-neither/edits/project-exception-root250,93,13,0.13978494623655913,3,0,0.0,90,13,0.14444444444444443,93,13,0.13978494623655913,3,0,0.0,90,13,0.14444444444444443,96,1,0.010416666666666666,45,1,0.022222222222222223,96,1,0.010416666666666666,48,0,0.0,48,1,0.020833333333333332,19,0,0.0,26,1,0.038461538461538464,48,0,0.0,48,1,0.020833333333333332,19,0,0.0,26,1,0.038461538461538464,20419,20120,299,138,0.006858846918489065,6,5,1,0,0.0,768,758,10,10,0.013192612137203167,5917,5810,107,44,0.007573149741824441,13728,13547,181,84,0.006200634826898944,7286,7130,156,36,0.005049088359046283,2,1,1,0,0.0,231,225,6,1,0.0044444444444444444,2745,2676,69,13,0.004857997010463378,4308,4228,80,22,0.005203405865657522,16323,16067,256,110,0.006846330988983631,4,3,1,0,0.0,596,590,6,7,0.011864406779661017,4921,4827,94,37,0.007665216490573856,10802,10647,155,66,0.006198929275852353,0,0,0,0,,0,0,0,0,,4096,4053,43,28,0.0069084628670120895,6208,6132,76,20,0.0032615786040443573,8192,8077,115,74,0.009161817506499938,0.038461538461538464,0.0,0.7692307692307693,26,0,5,0
1,1,neither,project,exception,root250,0.25,128,False,results/bios-followup-v1/editing/world-1-seed-1-neither/edits/project-exception-root250,93,93,1.0,3,3,1.0,90,90,1.0,93,93,1.0,3,3,1.0,90,90,1.0,96,56,0.5833333333333334,45,17,0.37777777777777777,96,56,0.5833333333333334,48,26,0.5416666666666666,48,30,0.625,19,5,0.2631578947368421,26,12,0.46153846153846156,48,26,0.5416666666666666,48,30,0.625,19,5,0.2631578947368421,26,12,0.46153846153846156,20419,20120,299,175,0.008697813121272366,6,5,1,0,0.0,768,758,10,21,0.027704485488126648,5917,5810,107,67,0.01153184165232358,13728,13547,181,87,0.006422086070716764,7286,7130,156,71,0.009957924263674615,2,1,1,0,0.0,231,225,6,3,0.013333333333333334,2745,2676,69,27,0.010089686098654708,4308,4228,80,41,0.009697256385998108,16323,16067,256,151,0.009398145266695712,4,3,1,0,0.0,596,590,6,16,0.02711864406779661,4921,4827,94,61,0.012637248808783924,10802,10647,155,74,0.006950314642622335,0,0,0,0,,0,0,0,0,,4096,4053,43,24,0.005921539600296077,6208,6132,76,64,0.010437051532941943,8192,8077,115,37,0.004580908753249969,0.46153846153846156,0.2692307692307692,0.2692307692307692,26,0,0,0
1,1,neither,project,exception,root250,0.25,512,False,results/bios-followup-v1/editing/world-1-seed-1-neither/edits/project-exception-root250,93,93,1.0,3,3,1.0,90,90,1.0,93,93,1.0,3,3,1.0,90,90,1.0,96,52,0.5416666666666666,45,15,0.3333333333333333,96,52,0.5416666666666666,48,23,0.4791666666666667,48,29,0.6041666666666666,19,4,0.21052631578947367,26,11,0.4230769230769231,48,23,0.4791666666666667,48,29,0.6041666666666666,19,4,0.21052631578947367,26,11,0.4230769230769231,20419,20120,299,70,0.0034791252485089465,6,5,1,0,0.0,768,758,10,6,0.0079155672823219,5917,5810,107,27,0.004647160068846815,13728,13547,181,37,0.0027312320070864396,7286,7130,156,30,0.004207573632538569,2,1,1,0,0.0,231,225,6,0,0.0,2745,2676,69,14,0.00523168908819133,4308,4228,80,16,0.003784295175023652,16323,16067,256,69,0.00429451671127155,4,3,1,0,0.0,596,590,6,6,0.010169491525423728,4921,4827,94,27,0.005593536357986327,10802,10647,155,36,0.0033812341504649195,0,0,0,0,,0,0,0,0,,4096,4053,43,1,0.0002467308166790032,6208,6132,76,17,0.0027723418134377037,8192,8077,115,25,0.00309520861706079,0.4230769230769231,0.23076923076923078,0.3076923076923077,26,0,1,0
1,1,neither,project,exception,root500,0.5,0,True,results/bios-mechanism-dev-v1/p1/width-256/world-1-seed-1-neither/edits/project-class-balanced-exception,93,0,0.0,3,0,0.0,90,0,0.0,93,0,0.0,3,0,0.0,90,0,0.0,96,0,0.0,45,0,0.0,96,0,0.0,48,0,0.0,48,0,0.0,19,0,0.0,26,0,0.0,48,0,0.0,48,0,0.0,19,0,0.0,26,0,0.0,20419,20120,299,0,0.0,6,5,1,0,0.0,768,758,10,0,0.0,5917,5810,107,0,0.0,13728,13547,181,0,0.0,7286,7130,156,0,0.0,2,1,1,0,0.0,231,225,6,0,0.0,2745,2676,69,0,0.0,4308,4228,80,0,0.0,16323,16067,256,0,0.0,4,3,1,0,0.0,596,590,6,0,0.0,4921,4827,94,0,0.0,10802,10647,155,0,0.0,0,0,0,0,,0,0,0,0,,4096,4053,43,0,0.0,6208,6132,76,0,0.0,8192,8077,115,0,0.0,0.0,0.0,1.0,26,0,0,0
1,1,neither,project,exception,root500,0.5,32,True,results/bios-mechanism-dev-v1/p1/width-256/world-1-seed-1-neither/edits/project-class-balanced-exception,93,10,0.10752688172043011,3,1,0.3333333333333333,90,9,0.1,93,10,0.10752688172043011,3,1,0.3333333333333333,90,9,0.1,96,3,0.03125,45,1,0.022222222222222223,96,3,0.03125,48,2,0.041666666666666664,48,1,0.020833333333333332,19,0,0.0,26,1,0.038461538461538464,48,2,0.041666666666666664,48,1,0.020833333333333332,19,0,0.0,26,1,0.038461538461538464,20419,20120,299,174,0.008648111332007952,6,5,1,0,0.0,768,758,10,9,0.011873350923482849,5917,5810,107,58,0.009982788296041309,13728,13547,181,107,0.007898427696168893,7286,7130,156,45,0.006311360448807854,2,1,1,0,0.0,231,225,6,0,0.0,2745,2676,69,14,0.00523168908819133,4308,4228,80,31,0.007332071901608325,16323,16067,256,134,0.008340075932034605,4,3,1,0,0.0,596,590,6,6,0.010169491525423728,4921,4827,94,44,0.009115392583385125,10802,10647,155,84,0.007889546351084813,0,0,0,0,,0,0,0,0,,4096,4053,43,40,0.009869232667160128,6208,6132,76,33,0.0053816046966731895,8192,8077,115,83,0.010276092608641823,0.038461538461538464,0.0,0.7692307692307693,26,0,5,0
1,1,neither,project,exception,root500,0.5,128,True,results/bios-mechanism-dev-v1/p1/width-256/world-1-seed-1-neither/edits/project-class-balanced-exception,93,93,1.0,3,3,1.0,90,90,1.0,93,93,1.0,3,3,1.0,90,90,1.0,96,64,0.6666666666666666,45,24,0.5333333333333333,96,64,0.6666666666666666,48,33,0.6875,48,31,0.6458333333333334,19,11,0.5789473684210527,26,13,0.5,48,33,0.6875,48,31,0.6458333333333334,19,11,0.5789473684210527,26,13,0.5,20419,20120,299,200,0.009940357852882704,6,5,1,0,0.0,768,758,10,20,0.026385224274406333,5917,5810,107,70,0.012048192771084338,13728,13547,181,110,0.008119878939986712,7286,7130,156,90,0.012622720897615708,2,1,1,0,0.0,231,225,6,3,0.013333333333333334,2745,2676,69,33,0.01233183856502242,4308,4228,80,54,0.012771996215704825,16323,16067,256,172,0.010705172091865315,4,3,1,0,0.0,596,590,6,16,0.02711864406779661,4921,4827,94,63,0.01305158483530143,10802,10647,155,93,0.008734854888701042,0,0,0,0,,0,0,0,0,,4096,4053,43,28,0.0069084628670120895,6208,6132,76,85,0.013861709067188518,8192,8077,115,38,0.004704717097932401,0.5,0.23076923076923078,0.2692307692307692,26,0,0,0
1,1,neither,project,exception,root500,0.5,512,True,results/bios-mechanism-dev-v1/p1/width-256/world-1-seed-1-neither/edits/project-class-balanced-exception,93,93,1.0,3,3,1.0,90,90,1.0,93,93,1.0,3,3,1.0,90,90,1.0,96,58,0.6041666666666666,45,20,0.4444444444444444,96,58,0.6041666666666666,48,27,0.5625,48,31,0.6458333333333334,19,7,0.3684210526315789,26,13,0.5,48,27,0.5625,48,31,0.6458333333333334,19,7,0.3684210526315789,26,13,0.5,20419,20120,299,64,0.0031809145129224653,6,5,1,0,0.0,768,758,10,6,0.0079155672823219,5917,5810,107,26,0.004475043029259896,13728,13547,181,32,0.0023621466007234075,7286,7130,156,28,0.003927068723702665,2,1,1,0,0.0,231,225,6,0,0.0,2745,2676,69,13,0.004857997010463378,4308,4228,80,15,0.003547776726584674,16323,16067,256,64,0.003983319848135931,4,3,1,0,0.0,596,590,6,6,0.010169491525423728,4921,4827,94,26,0.0053863683447275745,10802,10647,155,32,0.0030055414670799286,0,0,0,0,,0,0,0,0,,4096,4053,43,0,0.0,6208,6132,76,14,0.00228310502283105,8192,8077,115,23,0.0028475919276959266,0.5,0.19230769230769232,0.2692307692307692,26,0,1,0
