world,initialization,condition,passes,people_presented,tokens,pass_tokens,nll,seconds,tokens_per_second,step,learning_rate,presentation_sha256,estimated_training_flops,elapsed
142701,1427,S,1,10000,739879,739879,9.674082608734995,7.578738053969573,97625.61982366814,16,1.5999879162450367e-05,67a387a8a5f9b7ca65d2af4bf1cd3713fc7d565924e42a1f5fa572d4dd2f9429,548931217089024,7.578773464018013
142701,1427,S,2,20000,1479758,739879,7.537346074256196,8.312095383997075,89012.33272953745,32,3.199902927568006e-05,9aa8a3fabc764e90c78ae7ecdc892369c18c103da9646ea2d9de9333303a45a2,1097862434178048,17.067469767993316
142701,1427,S,3,30000,2219637,739879,5.987478862052822,7.937973436026368,93207.54295322667,48,4.799671930922676e-05,0cfcf9d1513e3ed951a3e024734a08901bdaa00de4de5ce5abfe729936184781,1646793651267072,27.15732812701026
142701,1427,S,4,40000,2959516,739879,5.023395867137933,6.382590432011057,115921.42843589533,64,6.399221831496954e-05,b93e1e99115800b52148ee5c9f00d07ef5d5870596a2c2644b4313c676062a8f,2195724868356096,36.0643260620418
142701,1427,S,5,50000,3699395,739879,4.230792126534784,6.394620538048912,115703.34714900026,80,7.998479546836326e-05,ea0119cd5207c8ced454d9100ea781f83a14f788dcf257d08e86ea3bdd2aa97b,2744656085445120,42.56061525299447
142701,1427,S,6,60000,4439274,739879,3.5323680139181164,6.356175790017005,116403.16826385642,96,9.59737201096669e-05,01a966f28a854d5ea7413facc2bbec4931bf2c417a9f41f491adb69cc2a41782,3293587302534144,49.01713016902795
142701,1427,S,7,70000,5179153,739879,2.9722802265344557,6.561897693958599,112753.81520824242,112,0.0001119582617851642,596e6f0a41aa2bae63d5ecec797b7ab4f3e2eae46b2e9914d33209fc764132eb,3842518519623168,55.668627894017845
142701,1427,S,8,80000,5919032,739879,2.5772211743544045,6.433445719012525,115005.0893898837,128,0.00012793769028837464,0131310ee9d5ad7b0be2a0d9c231c833d4c99d767339793616eab32adeb88521,4391449736712192,62.25228226499166
142701,1427,S,9,90000,6658911,739879,2.2791718055073904,6.6144659600104205,111857.70770809657,144,0.00014391127570125245,6afc14e37bc5be7bc6f1949e85fffab8133a45ea03efd05eeba07f91d5d03918,4940380953801216,68.97058848600136
142701,1427,S,10,100000,7398790,739879,1.9688628755887065,6.36938413901953,116161.78014251361,160,0.00015987828843537215,76b8b707bdc795106ce6e011dafd225fa60ddcae89ff2a01f806641176f7274b,5489312170890240,75.44714688300155
142701,1427,S,11,110000,8138669,739879,1.6263664851082107,6.6067478460026905,111988.38176450948,176,0.00017583799927309838,94c9c35eef3154a066fd646466dae42cb4cd8511f85e57c002ae576fca830756,6038243387979264,102.67164320702432
142701,1427,S,12,120000,8878548,739879,1.4290083660794952,7.749354267958552,95476.21316774692,192,0.00019178967940873835,5e87570edbbb6f12388256051d932ec7dc4f80158616569785b857986179a7ea,6587174605068288,111.5166501920321
142701,1427,S,13,130000,9618427,739879,1.3203041344518256,7.006076888006646,105605.32118432243,208,0.00020773260048967428,972e743e08199e885918cdb31c9071995eb93aadce042011f5aa02e5ec76f116,7136105822157312,119.58845669799484
142701,1427,S,14,140000,10358306,739879,1.2535947032677721,8.10150256799534,91326.14521692091,224,0.0002236660346574752,f1248243d4fe49c827c47d310ef0238c4f991dc88fd796b1a0a2a88b102eff8e,7685037039246336,128.7572229700163
142701,1427,S,15,150000,11098185,739879,1.1690167062559969,11.064709940983448,66868.35931048713,240,0.0002395892545889842,ca21b48c298f3be8c63993012f5f7f6d17d21f8e09e745a317892a06fc4eab92,8233968256335360,140.87679670000216
142701,1427,S,16,160000,11838064,739879,1.1203648909340562,8.441402275988366,87648.8260848072,256,0.0002555015335373816,7b90016e19cff35480d27dcc191d7277f8fae6343842f24afbd8a87c4947264f,8782899473424384,151.5990818340215
142701,1427,S,17,170000,12577943,739879,1.09033682697621,10.442005566030275,70856.02428780154,272,0.0002714021453732196,5dc2bfae95f6cea03d5a664507b22ec692d417ea0714e70afd607b210e74b740,9331830690513408,164.75341790204402
142701,1427,S,18,180000,13317822,739879,1.0557215345484774,8.867219394014683,83439.79855730351,288,0.00028729036462542864,97feb4ae461250a6e57aa45b1be118341ce15c0c6af3e55c2d6c4159ce15aa01,9880761907602432,176.12563470203895
142701,1427,S,19,190000,14057701,739879,1.03757763030565,6.509062270983122,113669.06156334089,304,0.00030316546652229187,b56bc590d570db4c7fdce9e5c8860339953b75ade6c720e89c5953de84c94f1a,10429693124691456,183.2845693679992
142701,1427,S,20,200000,14797580,739879,1.0391134730200051,6.5368249919847585,113186.29470839673,320,0.000319026727032387,4caf474eda84e05b40b097f4c4898a5006c4aecb3527f33d953b9927d470c34e,10978624341780480,189.98444336804096
142701,1427,S,21,210000,15537459,739879,1.0213120156131894,6.3852231000200845,115873.63329523642,336,0.00033487342290549265,c048849076597d5b50d051f7ac15de9cf53a7559b7e9c62d94a81017e13a1a49,11527555558869504,220.22465859202202
142701,1427,S,22,220000,16277338,739879,1.0110196307339163,6.582055025035515,112408.51028832105,352,0.0003507048317134577,1ab297c8fcd0985fb914aefa74703c58f49703514d7c87032ee818f27cd0b9f7,12076486775958528,226.91227602999425
142701,1427,S,23,230000,17017217,739879,1.000631226210452,6.447567273047753,114753.2035986436,368,0.00036652023189103205,4b711767529be91942d5d02088119e6ef189785f1a52eaba35f55024a3f0aa3e,12625417993047552,233.56714236404514
142701,1427,S,24,240000,17757096,739879,0.9918776137275873,6.69461811799556,110518.47722443765,384,0.0003823189027766563,3885b1feddb2a91b44fd05a63900554087bf9e2c3f2380e4e7fa727c064a122c,13174349210136576,240.39900306600612
142701,1427,S,25,250000,18496975,739879,0.9808799480718393,7.145894073997624,103539.03826985919,400,0.0003981001246532085,e31e45005a85ba39d0ec44404a0d8acbe1093db1a74e3faebab6b5d060cf4c1d,13723280427225600,247.6779168730136
142701,1427,S,26,260000,19236854,739879,0.9683839839034415,7.382979425019585,100214.14897794292,416,0.0004138631787887057,6a0458cb927a1c3bc11006e8ac4151c9931a7e5133ddcdda286268f4341fa10c,14272211644314624,255.5694964720169
142701,1427,S,27,270000,19976733,739879,0.9517462928206497,7.781786517996807,95078.29574724188,432,0.00042960734747696016,53b1ea0edc245efea5ae9ca9365e3ac7b7d75446da51d1faa94928305167b283,14821142861403648,264.37729088403285
142701,1427,S,28,280000,20716612,739879,0.9400719630860807,6.981658055039588,105974.68311498458,448,0.0004453319140781852,ebca00be5338ff347d6be94a1a689edc4347b735fb3ed1fc047cdde769b72e3e,15370074078492672,272.3753028070205
142701,1427,S,29,290000,21456491,739879,0.9247922524028708,8.236584589991253,89828.37387466032,464,0.00046103616305955203,bd83f2a2fbd0c16c09c3f4705f080e9605e7683af3d69d94c907f22e0979c637,15919005295581696,281.5054839210352
142701,1427,S,30,300000,22196370,739879,0.9637503369573288,8.366460307966918,88433.93415677286,480,0.0004767193800356927,aa98f9129b7d8543692ac89ed610b14c7d8e41ed8e8b040e9eac4e7129fcb302,16467936512670720,291.6684940420091
142701,1427,S,31,310000,22936249,739879,0.9927960552595296,6.58828618604457,112302.1950028864,496,0.0004923808518091504,8f0fda52f2a1cc2879ef6fa25218840baa76fb5e357ad47ec7602e2d33f22727,17016867729759744,350.4041395120439
142701,1427,S,32,320000,23676128,739879,0.9528507541931306,6.572371068003122,112574.13684416283,512,0.0005080198664107712,24d447c07e60aa626cfbda61785e160a589d1caa068dea24d8eac1e7b0688e37,17565798946848768,357.1796196009964
142701,1427,S,33,330000,24416007,739879,0.9103581193370965,6.336059010995086,116772.74449560422,528,0.0005236357131400398,2df55f3d63c15b8f47062e9ffb3f4e992a3a75abe8fec828f5f59a1b2c977104,18114730163937792,363.62257421802497
142701,1427,S,34,340000,25155886,739879,0.8736934531633566,7.578386786975898,97630.14488407281,544,0.0005392276826053535,c0b23ceb043d047304cc30e7cb34e7560827f60d2dce166c0a4b6c92d0782c3a,18663661381026816,371.70648560102563
142701,1427,S,35,350000,25895765,739879,0.8368326332293707,7.125018925988115,103842.39083230108,560,0.0005547950667642348,86ac2c14c84cafd4cd5e25aa32f816445e02fb845c20dc38781b7b462b91d499,19212592598115840,379.0128143519978
142701,1427,S,36,360000,26635644,739879,0.7960526671698676,6.707470415974967,110306.71089325327,576,0.00057033715896348,9cd97c4990f665e10c8eae422461eea29dd45b001922438a5fd1553ab505211e,19761523815204864,386.4713021880016
142701,1427,S,37,370000,27375523,739879,0.7496681276780424,8.457807579950895,87478.81682173428,592,0.0005858532539792423,a8f7f6cd415db09c72f59a113dcf4c83e12d1bbdd9ea42eb0040f1a5b2cdb922,20310455032293888,397.52685727202334
142701,1427,S,38,380000,28115402,739879,0.7107704824415535,8.235708651016466,89837.92790055569,608,0.0006013426480570457,b97844715fbfe260dc0bf304a0a15e8d186f5fe8a77043b438e0c2bfff3ed735,20859386249382912,406.6059303060174
142701,1427,S,39,390000,28855281,739879,0.6725200520524698,8.157250943011604,90702.00306070778,624,0.0006168046389517306,72ed11b36f16f1ee339ef0d47d776bd4654c8501372e79ee5afb64e0cd1ae359,21408317466471936,415.82811614201637
142701,1427,S,40,400000,29595160,739879,0.6240189162475566,7.532901355996728,98219.65867255164,640,0.0006322385259673283,3faa48bf8f6ef5a7927f91bc9024e68e639e6d2ee3b02865760d99575bc17a68,21957248683560960,424.2714105609921
142701,1427,S,41,410000,30335039,739879,0.56772213328286,6.353988710965496,116443.23489639543,656,0.0006476436099968595,d2729b571d3f6a41098ddb077ac19545eb3c8dd7197a47f3fd8207cd783f8ac3,22506179900649984,488.4319510179921
142701,1427,S,42,420000,31074918,739879,0.5213229916632872,6.876293434004765,107598.52049668759,672,0.0006630191935620604,e638ff8345efc1b7c1d5649b2eb8b575598fc37f6e9471e03104b1b4b52df8f5,23055111117739008,495.8270417320309
142701,1427,S,43,430000,31814797,739879,0.4696002696705516,6.560310831002425,112781.08904588982,688,0.0006783645808530294,5d958bc18d6cde1b1d6f5bd5a92524e9208c406d00fcb5b5d8a35baebd6fb8bc,23604042334828032,502.9164085109951
142701,1427,S,44,440000,32554676,739879,0.4096564992109135,7.0343058739672415,105181.52227900199,704,0.0006936790777677961,92bf4be017250612b2ca70b44e5749880f8bce36631e60d2fbe26bdc1fb03c36,24152973551917056,511.8363595320261
142701,1427,S,45,450000,33294555,739879,0.3644539373347384,6.511584199033678,113625.03768434699,720,0.0007089619919518078,e4b309ed75753168ae0743673f5a126a0df0309ce7c9ce0c8ab8538ada8db805,24701904769006080,518.5053073840099
142701,1427,S,46,460000,34034434,739879,0.3282642060140672,6.45073435199447,114696.86389600598,736,0.0007242126328373354,0c1ad0d8a403a3e9002b1b5eef585d070c29b2e24625bdf4b1904cc06c8343c2,25250835986095104,525.0398703510291
142701,1427,S,47,470000,34774313,739879,0.2997202066306078,6.507410086051095,113697.92132602209,752,0.0007394303116827908,1e80db98e8d29749cf5b13a1869d81fc52f43a1ddb837a8d8096b0cbde2e3257,25799767203184128,531.6498669229914
142701,1427,S,48,480000,35514192,739879,0.2856686127260678,6.406208930013236,115494.04774072384,768,0.0007546143416119624,145aa71dd84e926a8bc057d9d90c59d15ecf39775d7e3d9396aefeda0fc0869d,26348698420273152,538.1827754970291
142701,1427,S,49,490000,36254071,739879,0.2745198207103907,6.86269081197679,107811.79281875277,784,0.0007697640376531576,4a8026859d8e1b377ddf343f2606cac9e1b042f612b1d800db1409b0ce2fbe4c,26897629637362176,545.1500400460209
142701,1427,S,50,500000,36993950,739879,0.2668016576028104,7.342677776992787,100764.19291042612,800,0.0007848787167782583,835f468d38c54a9958c3790c46b4069ee13bf2964e8ceccd8d6f77efb6efa7fe,27446560854451200,553.1169263829943
142701,1427,S,51,510000,37733829,739879,0.4547411425991389,8.061414551979396,91780.2942931809,816,0.000799957697941682,ced8188e4d90785b21f2642663f48af4a2c5e692eb008aa6ab32ec3d352a9591,27995492071540224,624.1684300980414
142701,1427,S,52,520000,38473708,739879,0.3530425514492864,6.603518805000931,112043.14273167208,832,0.0008150003021192502,fab49fedf6e6d0dc7658ad7c4f3787f9699663d4686f720118a19b51a84bcbda,28544423288629248,632.0805443589925
142701,1427,S,53,530000,39213587,739879,0.30347048527567067,6.388715513050556,115810.29058010351,848,0.0008300058523469595,810ffdffd1c48ea931fcd005368c212389a6b3725a3c49ad27f632f9dd42209b,29093354505718272,638.5945459950017
142701,1427,S,54,540000,39953466,739879,0.3375534136582009,6.372068176977336,116112.85056133378,864,0.0008449736737596566,5ded982fee8b296f63b9a84493e06796f924a6dc360dcbcfd38e1567bb3cb820,29642285722807296,645.1062192170066
142701,1427,S,55,550000,40693345,739879,0.29542210919136025,6.687886378960684,110629.72037437324,880,0.000859903093629612,356c49ec5a5822573888de8ee2a6f4ec1be4ffb58bee9b4c1707f6bdcb370812,30191216939896320,651.967245900014
142701,1427,S,56,560000,41433224,739879,0.2577767582438438,6.545810441020876,113030.92362152324,896,0.0008747934414049932,ebfd80d85d8f4131c7178dd7a54a3259d8e0555e66fdf0011b50a17ec30e0f52,30740148156985344,658.6371972929919
142701,1427,S,57,570000,42173103,739879,0.24453146452213778,6.671075156016741,110908.5091527851,912,0.000889644048748235,434cb67dbf70631ba34a51f6e07ea258da03c12edf6a6fe5e7d2455f6ab5947e,31289079374074368,665.4075875750277
142701,1427,S,58,580000,42912982,739879,0.2367395966220258,6.6634670259663835,111035.14088338983,928,0.0009044542495743032,1d54ac84811d07697854d88dfc62d760f5c2e175d452f8454def79d7c54d6f05,31838010591163392,672.1872335700318
142701,1427,S,59,590000,43652861,739879,0.23633088744565714,7.60143518896075,97334.11936136687,944,0.000919223380088852,c7f050578bb3ba2ad775723997354856d952666d75d49932a4eda7131c035604,32386941808252416,680.5713220480247
142701,1427,S,60,600000,44392740,739879,0.2348292999639119,7.146476762020029,103530.59621379993,960,0.0009339507788262749,9ba5e1265036b3ca3a4b3681c178d35cadbc6dabcac3864356656e31f8a3fb13,32935873025341440,688.3175308090285
142701,1427,S,61,610000,45132619,739879,0.23365077993485395,6.306091953010764,117327.65800326684,976,0.0009486357866876398,8372649c1c481997c909ab1700887a95c1daae0f35be16fec60a048ea2b15e50,33484804242430464,767.6289671320119
142701,1427,S,62,620000,45872498,739879,0.2315185220765583,6.62867546902271,111617.9247962313,992,0.0009632777469785174,96daa13a857511d2047e41c40df0612b3e99045673313eae684c056f12ed77c7,34033735459519488,774.4247307890328
142701,1427,S,63,630000,46612377,739879,0.2299973827089463,6.4716822259943,114325.60718574621,1008,0.0009701150847685432,e5e55db89a4a1e6df362aeaf850f7fa059ba167e391611b829a349c037f6a523,34582666676608512,781.0045349660213
142701,1427,S,64,640000,47352256,739879,0.23305487615801643,7.032699047005735,105205.55409164185,1024,0.0009691698342966363,596aa38ce68a52245fcf95c32b6e2a633b8c54b36decb7073a69d374b3b29cb1,35131597893697536,788.5355170799885
142701,1427,S,65,650000,48092135,739879,0.2289266292231753,8.30031187197892,89138.69881175943,1040,0.0009682103964832591,ca5d7612c67605fa52569c366a2d124894efffe7f6c00c8b52785edb3ee67097,35680529110786560,797.3138597900397
142701,1427,S,66,660000,48832014,739879,0.22718648079478093,6.711774928960949,110235.96706252199,1056,0.0009672368038018168,a7386fe76ac9a8364c4ab7247a13e07a030b74bb3c500c7aa934c0bbb0d3ee4f,36229460327875584,805.5215075000306
142701,1427,S,67,670000,49571893,739879,0.22398240689354965,7.614850813988596,97162.63891090697,1072,0.0009662490892048042,018ec4156e376b72357d7efee60a286756f7bf59ad42ae0233c353dfdfd0c648,36778391544964608,813.6035817650263
142701,1427,S,68,680000,50311772,739879,0.22043708453028352,6.445110506028868,114796.94557725648,1088,0.0009652472861226909,72cddc5b882e79ab37563b4566496ba5423856d873f61fafb71b9836440b336f,37327322762053632,821.4188919250155
142701,1427,S,69,690000,51051651,739879,0.21812321276806754,6.633734020986594,111532.81057987947,1104,0.0009642314284627887,c7419f12662f70448c754a4db0695028b913eeaaca534c6bd7263243bba788de,37876253979142656,828.2745766220032
142701,1427,S,70,700000,51791530,739879,0.21748292333982872,6.735961342987139,109840.14936046118,1120,0.0009632015506081051,a0b437cb058631ff127667d2ceb1d01fdb5aa155c4b9ee29d1d22d2e4c998137,38425185196231680,835.2604703590041
142701,1427,S,71,710000,52531409,739879,0.21620388722367262,7.35579186695395,100584.54798373536,1136,0.0009621576874161789,922620a908b9451c283b962e8ea94cd6907b1cbf082d68955f5b77bec3dd2f24,38974116413320704,907.1162708380143
142701,1427,S,72,720000,53271288,739879,0.21631563119856684,6.863086699973792,107805.57383936668,1152,0.0009610998742179007,fd079ab73e9bdd93694096d5ab7bb15d7258ccb33c54114d4f2ee3115f3b1c8a,39523047630409728,915.7952203660388
142701,1427,S,73,730000,54011167,739879,0.21640543132726076,7.925760067999363,93351.17309282387,1168,0.0009600281468163173,2c03c747107a49f1dfa98d2e42f637dd4d6257a62cd3e38530e0a87d3d5e0716,40071978847498752,924.2268191520125
142701,1427,S,74,740000,54751046,739879,0.21453349626066523,6.505423485999927,113732.64193980074,1184,0.0009589425414854187,d88dcca7e82a35f096f498336ac6891428443cf4ecde2cceb2ba8473be483905,40620910064587776,931.9489604750415
142701,1427,S,75,750000,55490925,739879,0.21356939033835048,6.47067552403314,114343.39386235164,1200,0.0009578430949689122,f2abfd533ef1c2af74b50ab0c9430d987d9f1fc56a1cd019098e11a80ff55d42,41169841281676800,938.5636783000082
142701,1427,S,76,760000,56230804,739879,0.21223560432759733,6.369063465972431,116167.62871855525,1216,0.0009567298444789772,1311287c436c4869198c64f95090b41d2363242c1f8f0b655892651fd84098a9,41718772498765824,945.0921960539999
142701,1427,S,77,770000,56970683,739879,0.21089864805297445,6.658597166999243,111116.34799998467,1232,0.0009556028276950068,31867800f5a071cde1ac7ab1c6b524ebd21835d2ae17c1b481f1a539ff0218bc,42267703715854848,951.9523801259929
142701,1427,S,78,780000,57710562,739879,0.21073527913519832,6.373376670002472,116089.01188633389,1248,0.0009544620827623314,667d2bfdeba2afb234b41645045feaf64c5d10d2e84d5c2c593a504508e7691e,42816634932943872,958.4221234479919
142701,1427,S,79,790000,58450441,739879,0.20827046952260395,6.68564018298639,110666.88899633626,1264,0.0009533076482909287,03d4462cabee7868330fb81d1dc8a03097a4869a56fb9dcbc6b0545fded8aae8,43365566150032896,965.2045451269951
142701,1427,S,80,800000,59190320,739879,0.21039105805372288,7.102821876003873,104166.90899987263,1280,0.0009521395633541162,198da2f8d3c816cad070d9906ac2c56ada0682ac873d117f7053780121c9bc1e,43914497367121920,972.3927683579968
142701,1427,S,81,810000,59930199,739879,0.20625894868077926,7.30047126399586,101346.74505862415,1296,0.0009509578674872289,821415dce787a7393fe90adc39cc8d32075d3eb7a605611eb8e812fd428bef79,44463428584210944,1044.7563902690308
142701,1427,S,82,820000,60670078,739879,0.2068347557567028,6.651423514995258,111236.18851393009,1312,0.0009497626006862815,153f04cf9f3a24c2adc682a75de89124758341d62a40974d810e0c03b3961a73,45012359801299968,1052.6343039930216
142701,1427,S,83,830000,61409957,739879,0.2051782413312085,6.420358228031546,115239.51993358534,1328,0.0009485538034066143,adff4e4cb26c4f28802666f47ee6038df1206c1b0d9c08cf961211e8d5110a96,45561291018388992,1059.1696175929974
142701,1427,S,84,840000,62149836,739879,0.20141954618929592,6.486768752976786,114059.71573450473,1344,0.0009473315165615238,f9199bb8b97e4f9ecc1caf4a89f9e3fe6cfd6e6d0b7fb1f8012ed45d450e951c,46110222235478016,1065.7570701730438
142701,1427,S,85,850000,62889715,739879,0.20441928306495435,6.42097715602722,115228.41181664896,1360,0.0009460957815208782,603463d7978f49589d4ff5d360ead9ee7dfb28002a001b9f064610b7bee616d5,46659153452567040,1072.269863655034
142701,1427,S,86,860000,63629594,739879,0.20376896869918684,6.37810489803087,116002.95257427091,1376,0.0009448466401097177,48fd3682768ff9eee9aaf5293c26fef7c6b6a840f8d15cb406c64c771de204ba,47208084669656064,1078.7659367980086
142701,1427,S,87,870000,64369473,739879,0.20547640614144283,6.8223353730281815,108449.52051537672,1392,0.0009435841346068372,780ffa335225e21c545e90310fab5f64044ba319fa7afc74192e25fc774a077d,47757015886745088,1085.6964753789944
142701,1427,S,88,880000,65109352,739879,0.20544909958214405,6.659444713033736,111102.20624730515,1408,0.0009423083077433577,a6e631dae5e43750ed1d64ed54720ce52418acd88b741a179a38cbc7378eecb0,48305947103834112,1092.8296220460325
142701,1427,S,89,890000,65849231,739879,0.20636210708847927,8.043629735009745,91983.22453601896,1424,0.000941019202701278,a5edeb6572da35e8be04d6985661ce82433ab9546a07a833ae1a4e09b0656b16,48854878320923136,1101.349983986991
142701,1427,S,90,900000,66589110,739879,0.20164216221172876,6.487505915982183,114046.75534511404,1440,0.0009397168631120142,bc0c4bf91bdf49bc822524a1b07496ebec466feeeb5cb209f4101e929f8fc4e6,49403809538012160,1109.4078633509926
142701,1427,S,91,910000,67328989,739879,0.2027245897711502,7.870250151026994,94009.5912838873,1456,0.0009384013330549226,d03100a0f948f6c5142a4d28462c55fe09abcdce181b261ccf84a019a7502ee5,49952740755101184,1195.7991938490304
142701,1427,S,92,920000,68068868,739879,0.20126665172096297,7.681123271991964,96324.32312313683,1472,0.0009370726570558076,d1e9c903d600c89bbb12a8cfd8265b7b77b0bc7053ba9451e0bf11aec52ba77e,50501671972190208,1204.8749658929883
142701,1427,S,93,930000,68808747,739879,0.20158295651486657,6.730036742985249,109936.84407015752,1488,0.0009357308800854154,89ad72738c2cfb90743ef53f845a933fe5d01e948a3333760497c0b3ae8d4815,51050603189279232,1212.785106388037
142701,1427,S,94,940000,69548626,739879,0.20287495523248864,7.004635169985704,105627.057233519,1504,0.0009343760475579107,a5248046a17a469b67adec8c4d43c0a38973c4f3aef128507980bea2f66cff67,51599534406368256,1220.27791144402
142701,1427,S,95,950000,70288505,739879,0.20148148911102,8.555808648990933,86476.80544927345,1520,0.000933008205329341,484dcd75c5396eff5cce8dc32159622dcf92b4323072bb837720200dc103b812,52148465623457280,1229.3533609160222
142701,1427,S,96,960000,71028384,739879,0.20178388647249332,6.3843933820025995,115888.69227352049,1536,0.0009316273996960836,2737976eb4f69e5920f4d7eb79df963779ec98ec34ff70e07f6dc2cf553cc392,52697396840546304,1236.533058275003
142701,1427,S,97,970000,71768263,739879,0.20356210297772204,6.5881169809727,112305.07930215303,1552,0.0009302336773932783,b279111a1a43646eed1ae166dccb28fced11b83ef22c1616857f5bd28cdac9ca,53246328057635328,1243.2588685849914
142701,1427,S,98,980000,72508142,739879,0.2000603863087064,6.702818727993872,110383.26262799634,1568,0.0009288270855932472,82c4bbe7497d0cfd6bb123f3012b5000fd5c94d8f27e8eac1f066ea915ace2a0,53795259274724352,1250.052075773012
142701,1427,S,99,990000,73248021,739879,0.19467625628512966,7.95204033999471,93042.66180325893,1584,0.0009274076719038967,597c68665a61e5a0ce867f18de177abbee9d842b70fb62456da73e3f4209e897,54344190491813376,1258.4939969760017
142701,1427,S,100,1000000,73987900,739879,0.19379258033681726,7.04344401799608,105045.06007424787,1600,0.0009259754843671057,cdbe78668fd0944850e018549e8a76670a2941bcbeabb2ac2f406ed24e1f6d50,54893121708902400,1265.9929617859889
142701,1427,S,101,1010000,74727779,739879,0.1882916673643282,6.666373175976332,110986.73603606658,1616,0.0009245305714571014,0a249f1ec1ba004a486bb643592d4bf4f6e72e623f3bce7c49f3ebf9eab4f57e,55442052925991424,1301.6114482170087
142701,1427,S,102,1020000,75467658,739879,0.1875950473619671,7.296241372998338,101405.4993764484,1632,0.0009230729820788175,c84a449b8729f052ff3a9105ff24fe410d2e364d1b3728ded3aaab8588de0a9b,55990984143080448,1309.733389306988
142701,1427,S,103,1030000,76207537,739879,0.18539056448154392,7.803385826002341,94815.12467762196,1648,0.0009216027655662384,bd67bdc16b895114ed0dc0ba76a2b53f797a47a15985c6863dab56d9567d1b0e,56539915360169472,1318.7169440209982
142701,1427,S,104,1040000,76947416,739879,0.18795695822884634,9.25783523498103,79919.22314671827,1664,0.0009201199716807308,f0d960b05844f081fd855f3b9bb45362a9ab73f603dc8c2fa9398071ed6bfc82,57088846577258496,1329.5893812930444
142701,1427,S,105,1050000,77687295,739879,0.18381364005482248,8.979538733023219,82396.10318501278,1680,0.0009186246506093581,ae589eb9bf681068bdfcba6f1fff2a53d9ab755e1bd85fccf333192593403f1f,57637777794347520,1341.6310818920028
142701,1427,S,106,1060000,78427174,739879,0.18911120795016675,6.340675871993881,116687.7183027081,1696,0.0009171168529631829,a122e1bf1f1d034d7df55e62f8a3875b65e08880de071a0c9365a29a41ec254e,58186709011436544,1349.8723486410454
142701,1427,S,107,1070000,79167053,739879,0.18490974732746882,6.561106951965485,112767.40425308223,1712,0.0009155966297755534,e8b563b419dc2e0767d84afacffb915577f971f984fedffe63f6bb7d0df1e3df,58735640228525568,1356.5685365140089
142701,1427,S,108,1080000,79906932,739879,0.18526437675617669,6.391315179003868,115763.18477151293,1728,0.000914064032500376,56e661b39efd85b498d497fd10fba88072e45404caec398d7944a85abcc40d76,59284571445614592,1363.09374626301
142701,1427,S,109,1090000,80646811,739879,0.18134731677832297,6.880201018007938,107537.41032616243,1744,0.000912519113010374,c9a644c40acf511091626a137b058f37688409720ef58266f66e3a8a66e5fb01,59833502662703616,1370.0855495019932
142701,1427,S,110,1100000,81386690,739879,0.1825469232924587,7.1994144300115295,102769.33036605522,1760,0.0009109619235953322,379efa448286306b4818d5e772c611e79f256d0f3f844f6c40f75a773066b567,60382433879792640,1377.8001237940043
142701,1427,S,111,1110000,82126569,739879,0.18084947348265573,6.291362207964994,117602.35312207871,1776,0.0009093925169603266,b9ffd5f80f9c5383ffb20aa331fc31c755fbfecf836171f266bbcde3217ceca1,60931365096881664,1409.625300735992
142701,1427,S,112,1120000,82866448,739879,0.1818445922316956,6.7930290889926255,108917.3902109288,1792,0.0009078109462239407,bb16ec74c18c214a536be115462a4d49ef5cc21ea3c495626156d509c064839a,61480296313970688,1416.5628067600192
142701,1427,S,113,1130000,83606327,739879,0.1783194022041084,6.756185491976794,109511.35087670878,1808,0.0009062172649164673,734162cc8f375bc0a5fa75f3c74648441df3c6e51bbc3bacea4d0fb565f599db,62029227531059712,1424.0964978760458
142701,1427,S,114,1140000,84346206,739879,0.1779896478860338,7.594482259999495,97423.23106039478,1824,0.0009046115269780978,33906d24fd6223bd2ecd7577dd42ed030d6735141c16331c7edcf0b4abb19b81,62578158748148736,1432.6180465560174
142701,1427,S,115,1150000,85086085,739879,0.17724991830418318,9.892857188999187,74789.2126475597,1840,0.0009029937867570951,70896ebd901e3bafb113f1b9e1f0f09e4875690294e9b563c58912e0b835c929,63127089965237760,1443.4832956360187
142701,1427,S,116,1160000,85825964,739879,0.17713202406327994,8.77625313703902,84304.65580777725,1856,0.0009013640990079548,45644c6c83129f6495deda98300782fc64b0c85793b276d5a91fcdd9e501ba82,63676021182326784,1454.151574213989
142701,1427,S,117,1170000,86565843,739879,0.17588054620299995,9.708786125003826,76207.15818371253,1872,0.0008997225188895524,69ab967b1f63fdec519219551798d9951e411bf7543fb9d215fc9fa3633b272a,64224952399415808,1465.9151067319908
142701,1427,S,118,1180000,87305722,739879,0.17538128520517846,6.417858994973358,115284.39633520982,1888,0.0008980691019632755,106e5e2fca30206381739447dfcf39319125d9a1fb9b09c3fe68cb571c286981,64773883616504832,1473.6729369620443
142701,1427,S,119,1190000,88045601,739879,0.17433224605130423,6.965827403997537,106215.52287893317,1904,0.0008964039041911439,b32dc48ebdb30fe99b72ac969b1b1bdd22e2e643cad5888317c6a2730628633f,65322814833593856,1480.72796389804
142701,1427,S,120,1200000,88785480,739879,0.17945942670192402,7.094288206018973,104292.21065085402,1920,0.0008947269819339151,d1a30ad0e2252cb47d843f8b79268c18b8b427b4d0a41bf1fec96fc490be692e,65871746050682880,1488.3027183670201
142701,1427,S,121,1210000,89525359,739879,0.1818616499862563,6.391373176011257,115762.13430581524,1936,0.0008930383919491769,0342dd9bddce293115b5222281a221bcba5426b34e6e63830de9a63e4ae979fb,66420677267771904,1518.9899569510017
142701,1427,S,122,1220000,90265238,739879,0.1800995747661309,6.403472949983552,115543.39430791231,1952,0.0008913381913894265,2499b6b43a9eef53e0f095659efe6de90542af7f6878d146ce0bd45e717e74b8,66969608484860928,1525.5054194559925
142701,1427,S,123,1230000,91005117,739879,0.1826086795206356,6.394225888012443,115710.48833089962,1968,0.0008896264378001356,02248c23e10749b63174c8c13d571b1f47133d7b18ce9453255d20d1d2efbcd6,67518539701949952,1531.9914659460192
142701,1427,S,124,1240000,91744996,739879,0.18046224057298113,6.735886579961516,109841.36849944215,1984,0.0008879031891178031,bca6f582737d3573b68b2b821c076074597bbb4a11df8fb57a8d16c5bab37a67,68067470919038976,1538.8124653029954
142701,1427,S,125,1250000,92484875,739879,0.18255518759755054,7.243106419977266,102149.40346027972,2000,0.0008861685036679944,7cfdf55808d9144c0b0c66f935a319589391a007ea661a4f1b556a621a509f2c,68616402136128000,1546.64853726601
142701,1427,S,126,1260000,93224754,739879,0.1820645393665739,6.906399538042024,107129.48127668805,2016,0.0008844224401633669,38cf2233bab81f60bfdc964f1607015b5a2dd9a5675535af6e09577e59193b91,69165333353217024,1555.0876564100035
142701,1427,S,127,1270000,93964633,739879,0.18118051230540005,7.942492927948479,93154.50535643203,2032,0.0008826650577016823,1456a0538f850e4e0ff2e6cf9df323183fc977b6d3c16af2091e767d464f892f,69714264570306048,1563.8992972350097
142701,1427,S,128,1280000,94704512,739879,0.1813482932474309,6.895287242019549,107302.1288353606,2048,0.0008808964157638078,b5b037607841d446c3251c734d88ae1ee08ab6e243d9420b378c9e2572d7eb78,70263195787395072,1572.0109602980083
142701,1427,S,129,1290000,95444391,739879,0.18245364724268567,8.015071481000632,92310.96712660018,2064,0.0008791165742117014,80d42ca26dcfd9a6a34447e73d4abcdacd520900839dcc6b0ca73892d98ae716,70812127004484096,1580.932558674016
142701,1427,S,130,1300000,96184270,739879,0.18084143983066345,10.627455952984747,69619.57812605219,2080,0.0008773255932863867,5c6a9d25947699b96a8e1df1e68385b5c8df3f348bfd2e29c17936c6a73c540a,71361058221573120,1593.5295107270358
142701,1427,S,131,1310000,96924149,739879,0.17982570452344934,6.273089781985618,117944.9084444327,2096,0.0008755235336059138,277707bbd8ae6a49a2a59aa4b8227569860341c8c2588d5921ab8729dcf00021,71909989438662144,1632.3161235619918
142701,1427,S,132,1320000,97664028,739879,0.17998351292688786,6.498423467040993,113855.15329257208,2112,0.0008737104561633073,06d562041dd2cd8e03cea2db0ea1e53c0f9c25b64d1051d783f976e6b9345f9d,72458920655751168,1638.903776763007
142701,1427,S,133,1330000,98403907,739879,0.18030004788587875,6.341991910012439,116663.50422678934,2128,0.000871886422324502,94be141d42b3404588f20f1bd6281cd494b83e8cb07a8f032861bcc555d66343,73007851872840192,1645.3687123479904
142701,1427,S,134,1340000,99143786,739879,0.17502955949373725,6.5661760630318895,112680.34741949421,2144,0.0008700514938262663,0aec022aabe428915ab5306f991456b80f5fa9bd065da169b4572ad25ef73e8c,73556783089929216,1652.0551990880049
142701,1427,S,135,1350000,99883665,739879,0.17605303502409625,7.021384139021393,105375.09205458751,2160,0.0008682057327741123,1001a3b7c84f6358d2415f85b2b6a42906dc7ae4b10bee82f619d9faa6781679,74105714307018240,1659.1724881260307
142701,1427,S,136,1360000,100623544,739879,0.1771080981806357,7.0469299529795535,104993.09698504487,2176,0.0008663492016401935,012904cad3c2baefa7b161711becc28cac56d438f3fa2c52b0aa67f1cdb36bb2,74654645524107264,1666.7286366480403
142701,1427,S,137,1370000,101363423,739879,0.17586296510611357,6.561202059965581,112765.76963153019,2192,0.0008644819632611909,c2c36e504c1c51bee4c002a075b43a29f55c9fac905cbe20f8b3140caa0262b2,75203576741196288,1675.1805662930128
142701,1427,S,138,1380000,102103302,739879,0.17457233892315677,6.455395138997119,114614.05290752569,2208,0.000862604080836186,0de0f57a89974b5460446ed577cb2e9dd134a9384af785d410c9ffbf70ca1b3e,75752507958285312,1681.7705629740376
142701,1427,S,139,1390000,102843181,739879,0.17736231130233845,7.097203605982941,104249.36933981748,2224,0.0008607156179245218,bbe2d08587eb582345c5a71ff7c73ee5e4864b25c6914ce334594c79d258843a,76301439175374336,1689.0235972520313
142701,1427,S,140,1400000,103583060,739879,0.17772340916063922,7.634725456009619,96909.70608741531,2240,0.0008588166384436509,935b396a6e7d86c74262a97c80968f93a8717f58ed0518817468b1502993eee1,76850370392463360,1697.4694410430384
142701,1427,S,141,1410000,104322939,739879,0.17963848099457289,6.4904721200000495,113994.63495422801,2256,0.0008569072066669734,7ff612a0cc147e5431f5864efd02ac2b78c9bf2cc1de0d6ccc89e70107da4400,77399301609552384,1763.7760768950102
142701,1427,S,142,1420000,105062818,739879,0.17928632134467157,6.933601399010513,106709.19157619694,2272,0.0008549873872216603,02b06fecd39c06a1f9a0913d949ff5c0f8675095e3f85df7c930ef96a583159c,77948232826641408,1771.1814200920053
142701,1427,S,143,1430000,105802697,739879,0.18525433977748731,7.474829251994379,98982.72924463003,2288,0.000853057245086467,e6a975544a6c96ccc8cfd611a82574e63b4b55b7ec0164a07e3729e59c3e05d0,78497164043730432,1779.0805598649895
142701,1427,S,144,1440000,106542576,739879,0.18629474960273212,6.564547848014627,112708.29570139671,2304,0.000851116845589533,fbaa321d9a755904096ea6bcd8447d38c50b975f44869a76b8dfc1b565ce0f8e,79046095260819456,1787.4954287520377
142701,1427,S,145,1450000,107282455,739879,0.18105166677157145,6.394874545978382,115698.75134849927,2320,0.0008491662544061723,1d53b2c9915f5c406c4797e4e39dc46586e21f1a5d986b6412b641416de01ca3,79595026477908480,1794.0653068899992
142701,1427,S,146,1460000,108022334,739879,0.18234650481870696,6.410484353022184,115417.01987794238,2336,0.0008472055375566482,52dbde4430e787bfaf2594fb189c838b0802e968e431d1bc678d0b1379e1dd20,80143957694997504,1800.5679415410268
142701,1427,S,147,1470000,108762213,739879,0.18409803043620313,6.555518186010886,112863.54167682136,2352,0.0008452347614039419,3c545f0e92ab7a45db8defef3d04cb4eb9831dbfda16deb25f5616eade7a0ba7,80692888912086528,1807.2263287180103
142701,1427,S,148,1480000,109502092,739879,0.18312016156857927,6.402044488990214,115569.17501469913,2368,0.0008432539926515033,4259e4d2964b8305e999f3e94be6ee898a64d6419467c4327119e7e9fd5d2c2a,81241820129175552,1813.7285411400371
142701,1427,S,149,1490000,110241971,739879,0.18206127745705544,6.466567102004774,114416.03996819607,2384,0.0008412632983409951,7e3e0f868b4b3afe02a3e12cf8732e3c5a19d9d65525457944ffac2f88ef505c,81790751346264576,1820.2947859319975
142701,1427,S,150,1500000,110981850,739879,0.17982399147461647,8.249688289011829,89685.69163825036,2400,0.0008392627458500237,9f5dbac8deba95b14a429eb78a7ab01621c8a2fbeec85de60cdeca67c4858499,82339682563353600,1829.1650688720401
142701,1427,S,151,1510000,111721729,739879,0.1886706863449658,6.882220512954518,107505.8549209973,2416,0.0008372524028898575,c9f84ef5d2c1b9bbac4424269b6116f6c05c0f14df41bab24b80ac06d0f6ebfa,82888613780442624,1899.9100749590434
142701,1427,S,152,1520000,112461608,739879,0.1921096727279981,7.605540911026765,97281.57519043767,2432,0.0008352323375031365,3c6eeb1f85176149ed71ee2e605a6401c8c6c76f79c81c67cf758253070dcc9e,83437544997531648,1909.1254010910052
142701,1427,S,153,1530000,113201487,739879,0.18503528974727756,6.336767558008432,116759.68752632214,2448,0.0008332026180615684,9dc9fd5fab710e3c83ee4c8d74e3377018ff0ac5a9e935b1a1c83ffc1cfd66e2,83986476214620672,1915.624463131011
142701,1427,S,154,1540000,113941366,739879,0.181175224546001,6.605881980969571,112003.06062558586,2464,0.0008311633132636149,54b17bdcc07f8669a02cc6c94d08579b41ff9a9b38bb90b55a047570988612ee,84535407431709696,1922.3298937950167
142701,1427,S,155,1550000,114681245,739879,0.17932991432677722,6.570518216001801,112605.88216590026,2480,0.0008291144921321667,5a460f7236f90b06b421389aefb69c8b5f81969735034406d4fedd184396c8b2,85084338648798720,1929.0661415290087
142701,1427,S,156,1560000,115421124,739879,0.1796565510451219,6.268138616986107,118038.07241834006,2496,0.0008270562240122062,170ff0c0fbedf9cb832532d9b519754cd93a155d2ed7b42293e929eb25cb2c80,85633269865887744,1935.5016905370285
142701,1427,S,157,1570000,116161003,739879,0.17670853720325652,6.359145485039335,116348.80845872383,2512,0.0008249885785684623,b551675c2e2beee6ac2e119ad9c732a86d9962df65a4149fd2fada3b9a6c91e0,86182201082976768,1941.963048523001
142701,1427,S,158,1580000,116900882,739879,0.1763275182561394,6.36972443095874,116155.57439250742,2528,0.0008229116257830506,6550f280529ed18446eadebf91e9197d88921064a2b1a52373cae17e5ae5dc90,86731132300065792,1948.4361526570283
142701,1427,S,159,1590000,117640761,739879,0.17682263739244583,6.811969825997949,108614.5445295786,2544,0.0008208254359531062,aaa6ab46dab4ae8805634a82b7845381ed4e19305d4847e019d668ec4d7b752c,87280063517154816,1955.340642406023
142701,1427,S,160,1600000,118380640,739879,0.17910746623939724,8.4021754990099,88058.0273629355,2560,0.0008187300796884032,72e060de054d3e8629c9740c8f1dafe96f8c0309c7a3379c6c63e7fc6c56b9a5,87828994734243840,1964.351891309023
142701,1427,S,161,1610000,119120519,739879,0.17353455472960566,6.299177933018655,117456.43762843187,2576,0.0008166256279089665,7241216ae93f294068205dd65892ac7ed0d43a10a049f281a4c8a02a8512db11,88377925951332864,2033.7205645670183
142701,1427,S,162,1620000,119860398,739879,0.1747056134482011,6.605248978012241,112013.79425104674,2592,0.0008145121518426695,e4281427bde46a9a7bddb950376ff8e65b540d35afba63e9dff706ddfe5c6f88,88926857168421888,2040.4151163480128
142701,1427,S,163,1630000,120600277,739879,0.17437699527527714,6.508006040006876,113687.5097305869,2608,0.0008123897230228245,3900c1d1d51e72da5836416e8ec62806fd3665558e027282463f293434156da7,89475788385510912,2047.01473683503
142701,1427,S,164,1640000,121340156,739879,0.17277441399141338,6.393825336010195,115717.7372101458,2624,0.0008102584132857611,09357f7e8add1bd50c5919a535776a0aac66fab253e50f041cc560cf78803064,90024719602599936,2053.504769576015
142701,1427,S,165,1650000,122080035,739879,0.1743087175210826,6.538054822012782,113165.00398695395,2640,0.000808118294768395,039832197ca5d2a05076871de67f63fb3839f8cde8c44c6a0b550c7b12c298f4,90573650819688960,2060.1362933570053
142701,1427,S,166,1660000,122819914,739879,0.1722965635491335,6.391994307050481,115750.8853197664,2656,0.0008059694399057866,0c51b22065788ea49b8e09f2547271082ff045499cefa6c28036b25b1d037233,91122582036777984,2066.703584873001
142701,1427,S,167,1670000,123559793,739879,0.17102932060861153,6.5515614849864505,112931.70363973622,2672,0.000803811921428689,2fb6ed7247b51c9db663128b849a3ff36e68a650535778ff2655b57a23809474,91671513253867008,2073.367096127011
142701,1427,S,168,1680000,124299672,739879,0.17109595554107698,6.483825912990142,114111.48447364628,2688,0.0008016458123610861,3083b688fc51028c4ff2258615036769a7028f4733245b9e984e68b47cd20907,92220444470956032,2079.945375534997
142701,1427,S,169,1690000,125039551,739879,0.172068074392817,7.21062254399294,102609.58682636659,2704,0.0007994711860177218,5b337767f8485d40a98351eccb4ed326f619d8c44be305ba2cf3a16137145ca6,92769375688045056,2087.659094353032
142701,1427,S,170,1700000,125779430,739879,0.1723692166699476,7.772617498005275,95190.4554919728,2720,0.0007972881160016183,517d01ae866a7c9583b5c2fb084b85e877a0d4a1ef62b68b134a72c2904df3de,93318306905134080,2096.782132340013
142701,1427,S,171,1710000,126519309,739879,0.17162232549108747,6.346837171993684,116574.44171796633,2736,0.0007950966762015842,7df0f13b431705e818741b3f2127f192d937b65a82d5338c3b32ef2937f78e5a,93867238122223104,2172.5832215080154
142701,1427,S,172,1720000,127259188,739879,0.17064367479790507,6.540668527013622,113119.78231953277,2752,0.0007928969407897145,68388688f63a30cf87accaba7e305daaf264b013cbd4c321417825a10a5971d7,94416169339312128,2179.2368599449983
142701,1427,S,173,1730000,127999067,739879,0.16969858353167672,6.390745990967844,115773.49515153385,2768,0.0007906889842188799,1d68d3ad1c24f2c194b60fb6cf70117ee4b92e8bc59f819cfedcd46e4929ec20,94965100556401152,2185.716640672006
142701,1427,S,174,1740000,128738946,739879,0.16929521991442545,6.9325001669931225,106726.1423984808,2784,0.0007884728812202064,660c1c3d208131ff62cd6171aa0844b5ecaa43326514a792ba6ca7a060c501c9,95514031773490176,2192.773246602039
142701,1427,S,175,1750000,129478825,739879,0.17173354850718442,6.964894414006267,106229.75109459201,2800,0.000786248706800547,b67e0803c05ef8f99ebac652dd995c41f49f38fe801394669ca01159b50380f4,96062962990579200,2200.2384584890096
142701,1427,S,176,1760000,130218704,739879,0.1696169315596015,7.260180115001276,101909.17970082206,2816,0.0007840165362399418,c696075264fd1f3ccd86706166fc157d76a47b987d100502e705131fa4f471d9,96611894207668224,2207.940651515033
142701,1427,S,177,1770000,130958583,739879,0.17013183119138955,6.7331008210312575,109886.81436180818,2832,0.0007817764450890704,2a0b4ee1fa9b080c0928500370f4e834e3aeed370e569ba67522ac27aeeaf888,97160825424757248,2214.776535985002
142701,1427,S,178,1780000,131698462,739879,0.17048852878997348,6.761092417000327,109431.87200630808,2848,0.0007795285091666955,53f571fc85352a334058b623721252f317958f3f666126619fb7042a5a086552,97709756641846272,2221.6672369870357
142701,1427,S,179,1790000,132438341,739879,0.1718811667027846,7.242576035961974,102156.88400456368,2864,0.0007772728045570958,05deadf8ff8bf1e1d9590b50b048c763badca6febdc8bf02b28b617f21ad5b30,98258687858935296,2229.3690659570275
142701,1427,S,180,1800000,133178220,739879,0.17089449407896765,8.17319211299764,90525.09591979215,2880,0.0007750094076074913,7a8697f204dafe6d75acc38aa7fa0c9b6653eda57380212223a8d0a2680c1a54,98807619076024320,2238.566768808989
142701,1427,S,181,1810000,133918099,739879,0.17368314409703123,6.623524365015328,111704.7298728081,2896,0.0007727383949254591,9e0b4965d82650643c8ad08c36e5b98ac88d98fb98ecf3c9fcae761110a9c919,99356550293113344,2319.936492996989
142701,1427,S,182,1820000,134657978,739879,0.1709801818974842,7.087969592015725,104385.18258225036,2912,0.0007704598433763408,fe733ca1bafcbf72526a119ce936ba958aa5fd059829d14ad845d2afa475c7bf,99905481510202368,2327.485724528029
142701,1427,S,183,1830000,135397857,739879,0.17137741751069419,7.265091047971509,101840.29286275526,2928,0.0007681738300806401,7ffc5fb19764260596e0a0b8a31da9729c9db7031fcd8f7aa0b79f422491fa98,100454412727291392,2335.249232320988
142701,1427,S,184,1840000,136137736,739879,0.16977805091105566,9.020570383989252,82021.31001751535,2944,0.0007658804324114132,f03fcb21778b3d4ba811940112e8f51891bf0f2696c5e94a1ed9ae8c0fc6dc3d,101003343944380416,2345.8559773880406
142701,1427,S,185,1850000,136877615,739879,0.17354461652234285,6.96110580599634,106287.56703606827,2960,0.0007635797279916508,ad80286182bd7b412c7470238323bfcf5b75e1e93558563e388c6e85b2364711,101552275161469440,2353.311682133004
142701,1427,S,186,1860000,137617494,739879,0.17453438203926866,6.997263188997749,105738.34083636581,2976,0.0007612717946916486,c13984c78d17a1fe43357c4d5f45781ab8b7bd9b0466025899a80421610d0e12,102101206378558464,2360.8426069800043
142701,1427,S,187,1870000,138357373,739879,0.17587370018627724,7.017279100022279,105436.73544317925,2992,0.0007589567106263742,6b06677593584a35365737a101d18a824c479c238c90e7323b099f26ad6cc95d,102650137595647488,2369.479215717991
142701,1427,S,188,1880000,139097252,739879,0.17423458343429377,7.5084465150139295,98539.55788598002,3008,0.0007566345541528215,24a5c563908ce534dda6f9169e5945ca69b890b021834db4fc1d65e60c1a710e,103199068812736512,2377.613273660012
142701,1427,S,189,1890000,139837131,739879,0.1723446205542283,7.016807984968182,105443.81456425946,3024,0.0007543054038673585,2aea46ce8579fe7107f910a2c37b60ca80074b0dc35a851569f78ef38d70ba72,103748000029825536,2385.76143366599
142701,1427,S,190,1900000,140577010,739879,0.17215466640667088,7.076364976004697,104556.36509830423,3040,0.0007519693386030693,331b9600950278d823ab7263c7d9f1e30ee20fb9e69343f010df3713ccda23f1,104296931246914560,2393.469681659015
142701,1427,S,191,1910000,141316889,739879,0.16899149487392814,8.407027881999966,88007.20187738792,3056,0.000749626437427083,6d5585ce2694f73a479c15d5c3e26a3fcad16d0c57ec9621067441ee239ea093,104845862464003584,2454.638713574037
142701,1427,S,192,1920000,142056768,739879,0.16752581871146915,7.092473879980389,104318.88964560357,3072,0.0007472767796378995,a90e5c6dbe4be991eb554f76554a1e20db6a947e1099305f5ea5da209e16cfc3,105394793681092608,2462.152374961006
142701,1427,S,193,1930000,142796647,739879,0.1671690401244974,6.667709558969364,110964.49139790727,3088,0.0007449204447627048,9bd38b5d6d24ccba588384a5b537ed80692044e721a6bfc0634ccdb4aa47333b,105943724898181632,2469.3068158710375
142701,1427,S,194,1940000,143536526,739879,0.1679112207061376,8.599565300974064,86036.79071036239,3104,0.0007425575125546796,a79cebe5cd79fdebe90f23c62e88962f1967a130e9a61e9c3952ec7787fdda72,106492656115270656,2479.2737949450384
142701,1427,S,195,1950000,144276405,739879,0.1684578683947542,6.518702632049099,113500.9589734001,3120,0.0007401880629902996,1ecf2e6e311ba8f848a691ad17808d2b23ec51b4fb7b29fe9afe3f9a188f095a,107041587332359680,2486.50808744604
142701,1427,S,196,1960000,145016284,739879,0.16924614779025848,6.386794488003943,115845.12408997733,3136,0.0007378121762666291,f79ae6d2e268e70a26dc98de01362693626ad4021563ee39dca2044193aa0573,107590518549448704,2493.1546713470016
142701,1427,S,197,1970000,145756163,739879,0.17031199652989845,6.513459665002301,113592.32083303898,3152,0.0007354299327986056,78f85c723381237f4a98b0d7db0337355d06015d2b68a2166ab3c7e67c1809b1,108139449766537728,2499.855411097
142701,1427,S,198,1980000,146496042,739879,0.16957799586712322,6.468017649021931,114390.38050736947,3168,0.0007330414132163199,a47da3672234baba65eb7139e1ae82dc0a33fabe2b2fc20589879a1fd7df241d,108688380983626752,2506.476457979006
142701,1427,S,199,1990000,147235921,739879,0.16744289048086491,6.511285831977148,113630.2443315311,3184,0.0007306466983622849,21e612beaac2c15ff93ca8302e355ce4b1fe787224cdfb1746fc308ef47520ac,109237312200715776,2513.16662650503
142701,1427,S,200,2000000,147975800,739879,0.16758902391486613,7.177809040993452,103078.66868210753,3200,0.0007282458692887011,4915f73e184e83c3a9ad581d0c91c52c960a5cdcf8ae08846ee7d3251b0cee39,109786243417804800,2520.4373311829986
142701,1427,S,201,2010000,148715679,739879,0.16746165555392573,7.451978312979918,99286.25244537716,3216,0.0007258390072547124,66d978002147d5d33f47cd5ff1fcb36737059c91ebb33e69e77bfb94d3760eab,110335174634893824,2595.316374432994
142701,1427,S,202,2020000,149455558,739879,0.16716141357683537,6.618100096995477,111796.28430459891,3232,0.0007234261937236558,7d50b6c2345a3314e02950b51be75e096851dfc649491d2d612adc27497b98cc,110884105851982848,2603.5069451730233
142701,1427,S,203,2030000,150195437,739879,0.16767099287694742,6.38714077899931,115838.84332606159,3248,0.0007210075103603048,55c0b4c092d02376dc74b5b9526e91196b20aca612efbf141c0fa483c0f1f7d5,111433037069071872,2609.9914983360213
142701,1427,S,204,2040000,150935316,739879,0.16853128834560974,6.636838375008665,111480.6415636171,3264,0.0007185830390281043,2a420c4dcc98b2048c57eb16db9f9c14c43ddeafb23a912445cb97f93649cead,111981968286160896,2616.728645022027
142701,1427,S,205,2050000,151675195,739879,0.16893642845731813,6.753370064019691,109557.00531530101,3280,0.0007161528617864013,59ac0985e4990960d4dfb3907ade88626724c5bc11220ca398aa28bffca8a5c5,112530899503249920,2623.582819909032
142701,1427,S,206,2060000,152415074,739879,0.16747587435214698,6.361998445994686,116296.6332482845,3296,0.0007137170608876656,8e26a95ad23f6a6c4073529cc9af01f2b7cd3b0d199ea100855fab38a0cc6bc1,113079830720338944,2630.0873743880074
142701,1427,S,207,2070000,153154953,739879,0.16820072376430018,6.5463570060092025,113021.48650323089,3312,0.0007112757187747079,e7b41e0114842c39a922b3a71d42fdd699295f5030cf3badc362f5fb6f856091,113628761937427968,2636.74240127299
142701,1427,S,208,2080000,153894832,739879,0.1695064541509431,6.470930027018767,114338.8967135642,3328,0.0007088289180778875,fc91ee70ffdf3d50fa9a43dd64616930d95f782bae12ebb601c473490c038d76,114177693154516992,2643.32992441603
142701,1427,S,209,2090000,154634711,739879,0.1671529846801115,6.940309013007209,106606.06013555775,3344,0.0007063767416123174,07258e22e7ce6ffdcf932c043187ce695b388e24e1d022e6f6c72634a195d131,114726624371606016,2650.368951775017
142701,1427,S,210,2100000,155374590,739879,0.16824389458569544,8.219193333003204,90018.44463605728,3360,0.0007039192723750596,3ff13445218d8abb6ff3393bb6b839f0a93d078bacf47e3edc43af4066e37786,115275555588695040,2659.2684317420353
142701,1427,S,211,2110000,156114469,739879,0.16799659417224258,6.382551549002528,115922.13463840006,3376,0.0007014565935423171,1e4a702e96353fd30e8e02e7f2bfa22b17135633318d0d82d978ea004a10e7bc,115824486805784064,2735.7647122110357
142701,1427,S,212,2120000,156854348,739879,0.16774277828834572,6.597192474000622,112150.58570988273,3392,0.0006989887884666184,90294b4db3bd785be615c373e0298548b71fbc6b73746415e0ee7a3b482ad17c,116373418022873088,2742.465749061026
142701,1427,S,213,2130000,157594227,739879,0.16518968518850005,6.459785635001026,114536.15364434342,3408,0.0006965159406739964,5c1a06d36dac13c5506bd826c7afbf7ce89586335eed2ae15414ce005201ee68,116922349239962112,2749.040744997037
142701,1427,S,214,2140000,158334106,739879,0.16220371908880327,6.453574481012765,114646.38738993683,3424,0.0006940381338611608,3717130943af896843b9511ff6958bb7ede1c00aaa2ad12fe12b4d93edbc31d1,117471280457051136,2755.5968929990195
142701,1427,S,215,2150000,159073985,739879,0.16327444412338388,6.562497824954335,112743.50403386967,3440,0.0006915554518926658,88502851c710dfeb8ffb59c16666892bd387ad7a857ef4078b66edd4df903d3f,118020211674140160,2762.302239267039
142701,1427,S,216,2160000,159813864,739879,0.16235203504504858,6.724934650002979,110020.25127480939,3456,0.000689067978798072,b9dc9b3c9dfd8cacb9d60b3a60d73c8f6edfda800f4ff6afb1ff5b1dd8bffcd6,118569142891229184,2769.1192723460263
142701,1427,S,217,2170000,160553743,739879,0.16121918599951346,7.913341721985489,93497.66836738618,3472,0.0006865757987691014,0003609022e1185a50b2ac105e9e572d71e3ff3283fdc197df2114511033657d,119118074108318208,2777.544157703989
142701,1427,S,218,2180000,161293622,739879,0.16253783896602353,6.640113082015887,111425.6626146762,3488,0.0006840789961567882,2bf9fa132257fbd89579cd59cdf6d32b53223c78ba6f0a439d825cca175dc91d,119667005325407232,2786.074133195041
142701,1427,S,219,2190000,162033501,739879,0.16392871951656954,7.168738504988141,103209.09313196156,3504,0.0006815776554686242,0394edf6878143c6f676ff7df243cfba2b0069b92fa60598c316131655f91289,120215936542496256,2793.7495330120437
142701,1427,S,220,2200000,162773380,739879,0.16409595586370346,7.362506370001938,100492.81627987308,3520,0.0006790718613656978,384cc0516831e4e5056b0a174b23e84825ceecafbe518a11db611bd37bfb4811,120764867759585280,2802.1558093639906
142701,1427,S,221,2210000,163513259,739879,0.1647369313066388,6.634660633979365,111517.2336337318,3536,0.000676561698659829,afe496bd0a45437bb6f37bc45cd5decc86e4889f58dc5c01bfdf08a0dc481aae,121313798976674304,2874.974894073035
142701,1427,S,222,2220000,164253138,739879,0.16360522392833954,6.950520841986872,106449.43261381525,3552,0.0006740472523106992,aa97f488d83cc1743f16f84ad1503e80b515d7642d13a52093938b3c61f9011d,121862730193763328,2882.492422174022
142701,1427,S,223,2230000,164993017,739879,0.16298914705172302,7.640764069976285,96833.11684852172,3568,0.0006715286074229748,c92cced08c7b7698e7a48ccab678a5f6871c333eeb0768b2dbaa38596bf8e484,122411661410852352,2890.5938581410446
142701,1427,S,224,2240000,165732896,739879,0.16228044912483666,6.896218685025815,107287.63599195961,3584,0.000669005849243427,7bd67a8b38cf04d63ca65eefc066d4cd34a9789209187b6a43e30b41a4b5769d,122960592627941376,2899.4547433549888
142701,1427,S,225,2250000,166472775,739879,0.16395983022108432,7.2391028180136345,102205.89741575439,3600,0.0006664790631580475,ddafde6e8d035d10925bd8ad181e3c41d22671ce2cbfaf47b41bfde9b077978b,123509523845030400,2907.251547399035
142701,1427,S,226,2260000,167212654,739879,0.16418056129487152,7.491464430000633,98762.93305712692,3616,0.0006639483346891567,24589f913f8d999995f171bc41eac215e8e4065b0590f9979510733696554ae8,124058455062119424,2916.414491484
142701,1427,S,227,2270000,167952533,739879,0.1659505709551865,6.519941610982642,113479.39048314429,3632,0.0006614137494925102,0cc61b3b7313014ec99b086eedda193ea622810dfa1336a443edb0be5dc9238e,124607386279208448,2923.0726789309992
142701,1427,S,228,2280000,168692412,739879,0.16260346187970756,6.5131530779763125,113597.66784874741,3648,0.0006588753933543999,922bf18558fa5a3c16aeb82b6c931e2ab907f8cdec34a8f6d8a2cd6d25f0a221,125156317496297472,2929.678112333
142701,1427,S,229,2290000,169432291,739879,0.16401272015038035,6.681642386014573,110733.10381720663,3664,0.0006563333521887499,88d4f96e38c2ace42862ab78a7a09b4cec79623a1c55357a2585abe9f11236df,125705248713386496,2936.4586133970297
142701,1427,S,230,2300000,170172170,739879,0.16388944443244652,7.1359462779946625,103683.37585185972,3680,0.0006537877120342087,9f7560c778799e2b2715e3b1c8ae9326daa6e335b1d308eb5deba0cf30eef821,126254179930475520,2943.717846065003
142701,1427,S,231,2310000,170912049,739879,0.1648858808744753,6.535935165011324,113201.70431934175,3696,0.000651238559051237,249c4b30a8f675b4085fda85817a03b77e0b74da83dd2c3ccf75be15244732ed,126803111147564544,3016.905976798036
142701,1427,S,232,2320000,171651928,739879,0.1628486258103665,7.191844392044004,102877.50397081631,3712,0.0006486859795191922,89f1b7ae7c714bac529c47689cf04dfa1ef635d8c9a1d249b56671878052c091,127352042364653568,3025.897842289007
142701,1427,S,233,2330000,172391807,739879,0.16398918445551575,6.355084287992213,116423.16080653478,3728,0.0006461300598334073,b4eb51b31325a5ab3bb2cfd423fa54b16aa332fd40c564ebe7e0556034d9e9b3,127900973581742592,3032.4365679190378
142701,1427,S,234,2340000,173131686,739879,0.16551215070735506,6.605528984975535,112009.04601022507,3744,0.0006435708865022671,bc93cbfaa7574306e0248c04a6ccafcf12571f473085ae2971f3f5fbf17edcff,128449904798831616,3039.2236905850004
142701,1427,S,235,2350000,173871565,739879,0.16388401904409886,6.590414741018321,112265.92393268367,3760,0.0006410085461442804,f8931ab8e45720b959bf789e6cdddb4514dbb359ff31bae8cbe4c9a8c2333a3d,128998836015920640,3046.0720397430123
142701,1427,S,236,2360000,174611444,739879,0.16265646894667288,6.451126269996166,114689.89584673557,3776,0.0006384431254851479,f66070c524ab11925430eb161f4f44eb50c08f8d76d9a61971936b9298cd7ae7,129547767233009664,3052.7314750580117
142701,1427,S,237,2370000,175351323,739879,0.1623907030688641,7.446217785996851,99363.06206237961,3792,0.0006358747113548271,e2aee45ccc5d2161fb35dafd1ceccb85afc3db507dee86512dcfd9ad8b31268c,130096698450098688,3060.2851029430167
142701,1427,S,238,2380000,176091202,739879,0.16371543126821142,6.594668455014471,112193.50980979324,3808,0.0006333033906845934,09bcdc067d409fa27e6e584baa03a437111b4e955080f35896d95f453c66ce68,130645629667187712,3067.389163947024
142701,1427,S,239,2390000,176831081,739879,0.16591766155968166,7.6917502919677645,96191.24021389913,3824,0.000630729250504098,9ef570555f3bc8c85714826c759c96802eb2c424814dd5d49048a7e8cd4cc2ca,131194560884276736,3075.647415123007
142701,1427,S,240,2400000,177570960,739879,0.16431033793941202,6.8082613199949265,108673.7076068272,3840,0.0006281523779384215,77e2610ad3f4f3b213d81853bef709c3378e4ccf4d9f1391319cddf631c980f7,131743492101365760,3085.1469238009886
142701,1427,S,241,2410000,178310839,739879,0.16639653216602254,6.957827400998212,106337.64785453753,3856,0.000625572860205126,5b36448daa2565f8e9eb854f7f9b66f7d96c15f0b779944658aeb65080157e4e,132292423318454784,3153.947243225004
142701,1427,S,242,2420000,179050718,739879,0.16537920441559126,6.54467425099574,113050.54638700024,3872,0.0006229907846113026,48bed184215c730f1a970090e6d70c507937836b9e02c1cfe7f8e8ecae90f9a6,132841354535543808,3160.614105017041
142701,1427,S,243,2430000,179790597,739879,0.162931705029404,6.463261233991943,114474.56217749442,3888,0.0006204062385506168,a3a288b586c68b95ce8d46b8cd7c09d8b68bc25ad405f7e6bffada6cf49adeb6,133390285752632832,3167.186900119006
142701,1427,S,244,2440000,180530476,739879,0.16167914459459432,6.743006834993139,109725.38188162059,3904,0.0006178193095003492,eff898d5d285255dbb187354ca04659457a1e0308559b89127d7cd706a3ef726,133939216969721856,3174.0462731600273
142701,1427,S,245,2450000,181270355,739879,0.1616519764669036,7.02779072499834,105279.03134169875,3920,0.0006152300850184371,e6d8d58443f12be15ed1b4746bf92811022c257759f38f7b46b223b71d2d400a,134488148186810880,3181.5945335010183
142701,1427,S,246,2460000,182010234,739879,0.16102796877086625,6.986674217041582,105898.59738920134,3936,0.0006126386527405088,93ff67035de88faad12fa15983bacd6cb5f81a2824be3e0c6e4486d309fc1907,135037079403899904,3189.089819186018
142701,1427,S,247,2470000,182750113,739879,0.16249009828593225,6.676509043027181,110818.24277205399,3952,0.0006100451003769184,c122941e84e5827591ab090a5c7c2c5da9878a6e54a6229621fc2bba7156dccf,135586010620988928,3197.8851990090334
142701,1427,S,248,2480000,183489992,739879,0.16103175129587555,6.417341347027104,115293.69562720177,3968,0.0006074495157097769,9fbbd710150e408b1c0649c5a422a22d057c48ee39a4f02b6c35a73d0697a191,136134941838077952,3204.4300876529887
142701,1427,S,249,2490000,184229871,739879,0.161984827765137,6.6913982079713605,110571.6588677376,3984,0.0006048519865899819,d881e1b3be53765637c8235d9004e805e9a8d056a95468cf9e532cee90a3f6eb,136683873055166976,3211.216484061035
142701,1427,S,250,2500000,184969750,739879,0.16094974535220727,7.077673799009062,104537.03024623566,4000,0.0006022526009342426,da8487a77135d8e7490c0fe3f1e15900182ea7412b9391193b79b2eb793aa520,137232804272256000,3218.4826125510153
142701,1427,S,251,2510000,185709629,739879,0.16177002811981175,6.553770941041876,112893.63126297772,4016,0.0005996514467221057,cdb516f318301d7e87f975df7e0852060137cd8557bbe8ee21d7ddb568696064,137781735489345024,3290.8136585110333
142701,1427,S,252,2520000,186449508,739879,0.161489731300748,7.936879467975814,93220.39007714645,4032,0.0005970486119929766,de84ac9210a44ad0be1cc18acfdd4f817dd45d23a0dc80f9ca3d1205f3b4b6f8,138330666706434048,3299.257669991988
142701,1427,S,253,2530000,187189387,739879,0.16021767854709484,7.800536897964776,94849.75325134871,4048,0.0005944441848431401,da4f9b71beea174c8872c17d8ab250e0ccd737b2625bf3175f16b547201fc274,138879597923523072,3308.3784584110253
142701,1427,S,254,2540000,187929266,739879,0.15948083350985762,6.732352163991891,109899.03409350099,4064,0.0005918382534227786,e8c61f735c808842faf7b6519819b604375c9b0e119c34bfcaa0377f1676ff89,139428529140612096,3315.303755728004
142701,1427,S,255,2550000,188669145,739879,0.16046610421745175,6.621317584009375,111741.95930230318,4080,0.0005892309059329881,639b83db14a5ca0edcfb9dcf1871511dfe36aad90d92560ca83674939cb453fb,139977460357701120,3322.0967430710443
142701,1427,S,256,2560000,189409024,739879,0.16060592368653745,6.366309483011719,116217.88132894608,4096,0.0005866222306227938,d67022e55e20404c096445bba3e1e77cc743a16a51e135c7e4f32eef915f8693,140526391574790144,3328.621847805043
142701,1427,S,257,2570000,190148903,739879,0.1596973099292621,6.536252303048968,113196.2117886527,4112,0.0005840123157861623,ad5607cbbf76264896a1bbfa4fdc6da6c57f5f7e669e91d90a0d8bd2d57e9de5,141075322791879168,3335.336624743999
142701,1427,S,258,2580000,190888782,739879,0.16035608446314772,6.691418630012777,110571.32140581484,4128,0.000581401249759014,c4e562b0b1daeb40fc2ac49ccb915054207914cf7d8b9ff829f9b79e9ebfa608,141624254008968192,3343.036424023041
142701,1427,S,259,2590000,191628661,739879,0.16074362197022474,7.928465769044124,93319.31568510785,4144,0.0005787891209162322,7929cb45adf4921939164a242402cd6ecf9aaa59a189f09a5dda3cfe46cdf22a,142173185226057216,3351.4618887620163
142701,1427,S,260,2600000,192368540,739879,0.16042115986425343,8.141182470018975,90881.02406802773,4160,0.0005761760176686732,cd85df05d534c1acdec5d78305e5d10aaca5a2c81728f85c38a02dbc895ec4e8,142722116443146240,3361.7017854570295
142701,1427,S,261,2610000,193108419,739879,0.16169961650877687,8.290542118949816,89243.74177037802,4176,0.0005735620284601727,62d9781bec2863804eda189ac91b3c8a67016af589457660042f6dd0eadd9d43,143271047660235264,3430.0782413670095
142701,1427,S,262,2620000,193848298,739879,0.15904134995839267,6.6549699230236,111176.91117435516,4192,0.0005709472417645532,75849875fbdf165eda29fd38b53c985895e5727fb1686cf2bf0dc8d697e2a948,143819978877324288,3436.9311278469977
142701,1427,S,263,2630000,194588177,739879,0.15966430964722533,6.273969239962753,117928.3754353237,4208,0.0005683317460826293,f6691a7596277b5a749a2d346092c70f5dc334351bce404774fad3acd5a99dba,144368910094413312,3443.4022259340272
142701,1427,S,264,2640000,195328056,739879,0.161338192167885,6.80741978000151,108687.14195848165,4224,0.0005657156299392117,42ed39feb318a22ec991e80ba1278e078f8c86a14e7b3eb1c1c21ec7acdd235e,144917841311502336,3450.41717363504
142701,1427,S,265,2650000,196067935,739879,0.16273597045708402,6.968274915998336,106178.21611792687,4240,0.0005630989818801122,4ba09059d7bb54475b4fd0f3fba8b4bc7ec7ba68b40d0c8a7eb2f33cbc967b6b,145466772528591360,3457.9398303650087
142701,1427,S,266,2660000,196807814,739879,0.1604823659881767,7.863701731956098,94087.87683201648,4256,0.000560481890469145,7629f97ebdf14e4f493530ae0a1dccfefe6b7f0cf82a19efc3c8fec07471f2a8,146015703745680384,3466.312848295027
142701,1427,S,267,2670000,197547693,739879,0.1620474365519735,6.467826947977301,114393.75325763534,4272,0.0005578644442851307,7de217084794d070a1aafbe9c4d8dc980a2ef3adfb83b6a40b25e728a6919cbe,146564634962769408,3474.5264124459936
142701,1427,S,268,2680000,198287572,739879,0.1599418360030802,6.6798741110251285,110762.41673160129,4288,0.0005552467319188978,7adc6de86b9fc11480d59ce4decab9a569cba442e1461615d55ce28705008e13,147113566179858432,3481.3618199659977
142701,1427,S,269,2690000,199027451,739879,0.16034805847239034,6.932367314002477,106728.18771526158,4304,0.0005526288419702834,a7bb5199dbf99e545ee38b9ab62e8b461232afb08d4aea5cfdebb931b9f9bcdb,147662497396947456,3488.8840280350414
142701,1427,S,270,2700000,199767330,739879,0.16061800868139006,8.011311123962514,92354.29613848835,4320,0.0005500108630451358,087e76576741fa151068184105cad459b1eea13e78a206adebc98d5d3aef2e63,148211428614036480,3498.323394549021
142701,1427,S,271,2710000,200507209,739879,0.15983759226402725,6.58035938401008,112437.4759527369,4336,0.0005473928837523147,b7f354113471d0021029299e61f371804b55bf85e55d4046c9d09764c184f6b9,148760359831125504,3564.318927093991
142701,1427,S,272,2720000,201247088,739879,0.15941609089588726,6.8705272460356355,107688.82408943473,4352,0.0005447749927006917,c34990cf6138940215f5382c6b2b20b4fd2572222e4e28ecb727b39430802e50,149309291048214528,3571.7454513949924
142701,1427,S,273,2730000,201986967,739879,0.15896757661494884,7.702578851021826,96056.0111503237,4368,0.0005421572784961524,db2347de5516735b193cd46b5de5925ae18e860b01876f4ecab5dae3189b9d4c,149858222265303552,3579.9128366099903
142701,1427,S,274,2740000,202726846,739879,0.16047524077751654,6.641677187988535,111399.42202220703,4384,0.0005395398297385963,54e30975d415877bd8996677168b03cb8e7d03393ed0df97dcaf2b964af2066b,150407153482392576,3588.048443000007
142701,1427,S,275,2750000,203466725,739879,0.15865728582025426,7.152255485008936,103446.94782656741,4400,0.0005369227350189388,5f085fa15d269a5e291efe7c95003e1f3a0ebe98d828d9f00a54b6b062d1c47d,150956084699481600,3595.3624389130273
142701,1427,S,276,2760000,204206604,739879,0.15874380798227294,6.5570244590053335,112837.61477873697,4416,0.0005343060829161127,bbaed7d5064bcebe86a2c3f169dc8790756a294ed70296b9c59ebb757ba336af,151505015916570624,3602.4374758020276
142701,1427,S,277,2770000,204946483,739879,0.15964788881301573,8.51283549395157,86913.34403509727,4432,0.0005316899619940694,cfbd3ce781b3ed5e5693abfb00fb021d2dad187b2990459db889e96221d019a0,152053947133659648,3611.428681871039
142701,1427,S,278,2780000,205686362,739879,0.16025013189036194,6.70667207398219,110319.84147104503,4448,0.0005290744607987819,70d6be82d833a24e7bcf98d99cf5b35d272361e2ad320b68c5caf93de7900a44,152602878350748672,3618.294720378006
142701,1427,S,279,2790000,206426241,739879,0.15999359034196167,7.086034520994872,104413.68833412368,4464,0.0005264596678552475,ee3055097b3eb16da9bbdf7ed02c937bb68eba107f28c5cb57c1c2394a2d98ce,153151809567837696,3625.9352891760063
142701,1427,S,280,2800000,207166120,739879,0.1622501463926724,7.385611262987368,100178.43799982646,4480,0.0005238456716644924,002080dc970e25bedc2fa60337a2844b5ac0b442aa1b529a93e8128ac18eecad,153700740784926720,3634.818069269997
142701,1427,S,281,2810000,207905999,739879,0.16080893411170397,7.397574883012567,100016.42588289607,4496,0.0005212325607005756,22c7aa015cbac13bfe4df1dd50ea839f1190a987141578161922046ffb4010f6,154249672002015744,3704.9541544550448
142701,1427,S,282,2820000,208645878,739879,0.16078144858844803,6.959352313017007,106314.34747398912,4512,0.0005186204234075938,4f5c698f70d9162ba17ec2d446bb74f1aedab01439d3f0864fb6c641d2a603b8,154798603219104768,3712.447400052042
142701,1427,S,283,2830000,209385757,739879,0.16090592563568165,6.592792343988549,112225.4367187278,4528,0.0005160093481966894,469cd6b86670b60488912eb7f1218b1a75bedf3d843f983c0a9c87b610b23176,155347534436193792,3719.541735967039
142701,1427,S,284,2840000,210125636,739879,0.1605562711769056,7.251477580983192,102031.48141012159,4544,0.0005133994234430564,864ffb3be923d8bc69cf9725248252e69d165864d56ca9c3a0104cddfd93c001,155896465653282816,3728.0733944210224
142701,1427,S,285,2850000,210865515,739879,0.1588375833713011,7.068976128997747,104665.65263460601,4560,0.000510790737482951,54df06cd0c6e30ef59e9c626dee1dd390c6e2a7d29eb61fa6207dc78f199cd05,156445396870371840,3735.225880161044
142701,1427,S,286,2860000,211605394,739879,0.1594800561017457,6.576139188022353,112509.63199617196,4576,0.0005081833786107001,e4be774ede0f9633a4c3d7575412dca6c147bf731d7f089f7f5c1f28a11a8242,156994328087460864,3742.3022265370237
142701,1427,S,287,2870000,212345273,739879,0.1601759689500863,9.104917325021233,81261.47372768974,4592,0.0005055774350757142,8112b0eb338315634b7fd415845c9102464d4f15f34bbc239aff3ececce79df6,157543259304549888,3752.6912083480274
142701,1427,S,288,2880000,213085152,739879,0.1585247445210614,6.437358403985854,114935.18825080254,4608,0.0005029729950794996,0c18ccf4b4e182f49eb32f53307799e908a1545a281ead31365cee552d457c7f,158092190521638912,3759.2297104659956
142701,1427,S,289,2890000,213825031,739879,0.16067292572852052,6.5289062520023435,113323.57541097903,4624,0.0005003701467726729,668812d713052ab5d0dab50700710154e42aafac19fdbd74708eda9b4b4d17c1,158641121738727936,3765.8593582090107
142701,1427,S,290,2900000,214564910,739879,0.1605079365598702,6.528295430995058,113334.17854945727,4640,0.0004977689782519791,d26ef783eeecbbf7be3f8aea913a8ca60fe383403c5fca8f428f305553a1c838,159190052955816960,3772.7048734650016
142701,1427,S,291,2910000,215304789,739879,0.15918114819196574,8.449445418955293,87565.39196527294,4656,0.0004951695775573075,a22d62d9bb07ae5532bfc7bfc9db1595e781a02986107661c8428d5c92e21e7b,159738984172905984,3836.833195816027
142701,1427,S,292,2920000,216044668,739879,0.15836916057698094,9.246389153995551,80018.15494433125,4672,0.0004925720326687141,2fcde4a000ccf197d03069bc413b1b07e40f27734cface353eb09df3a516afc3,160287915389995008,3848.2492246259935
142701,1427,S,293,2930000,216784547,739879,0.15621097747329823,6.581916333991103,112410.8789075653,4688,0.0004899764315034416,dab979ce07bb949d75851e1493f55ed0e2e577865ed97ea8afe033591470f034,160836846607084032,3855.409108631022
142701,1427,S,294,2940000,217524426,739879,0.1561298365395409,7.509266884997487,98528.79266792069,4704,0.00048738286191294587,bd5c7532a0aa54e7c9626bd5571e74d078509fe683a45327b2ead9e3e4c7dea6,161385777824173056,3863.7425158270053
142701,1427,S,295,2950000,218264305,739879,0.15768717800532603,6.578385348024312,112471.21608985828,4720,0.00048479141167992137,1af73340cec1bb4d7160cf591c72a38a1e4599390f098d7a72e26f5d05a7ef1d,161934709041262080,3870.4809119580314
142701,1427,S,296,2960000,219004184,739879,0.15731192284066722,6.416664172022138,115305.86300994395,4736,0.0004822021685153295,24899030761cdd2857b35be5f91590f002fcc24f7e2c637669601bca1d731f04,162483640258351104,3876.9893392639933
142701,1427,S,297,2970000,219744063,739879,0.1572478375527927,6.615948672988452,111832.6390621458,4752,0.0004796152200554316,b133429674d7b55773cf5918f1cb3f2fa4609f3dd2dbbc004faf053a53a22f4a,163032571475440128,3883.709042530041
142701,1427,S,298,2980000,220483942,739879,0.15755190346766149,6.3032817500061356,117379.96639596188,4768,0.00047703065385882074,3dab27e2ce4e10a438d714378bd1665f86ea5f2407611c4232fbf72d13036bf2,163581502692529152,3890.1590755730285
142701,1427,S,299,2990000,221223821,739879,0.15850398883499914,6.465298683964647,114438.48709342099,4784,0.0004744485574034602,de9f09f33e8686026bbf6b2f9a2feedbabeb3e9f1b437461afe1c1cd557c885f,164130433909618176,3896.7660241360427
142701,1427,S,300,3000000,221963700,739879,0.15687712143412416,6.502902548003476,113776.73193444333,4800,0.00047186901808372086,5b98afe715cb56ca765e06c40e1cea5c6fd7f37a24392be6334186fa666e66d8,164679365126707200,3903.3658817490214
142701,1427,S,301,3010000,222703579,739879,0.15659658171883623,8.8321537610027,83771.07328756498,4816,0.00046929212320742463,0fe89cd50e55ac02e65ad7ff998a1633a5ed630014f8111a2b138556fd30b729,165228296343796224,3952.402887675038
142701,1427,S,302,3020000,223443458,739879,0.15693525921104387,10.752209594997112,68811.80965299056,4832,0.0004667179599928887,c5dde03f16f39a29e40bf13bd0e1c098e11f0a22b0dceaf2d1bf620c45ca0b70,165777227560885248,3965.7997116850456
142701,1427,S,303,3030000,224183337,739879,0.1585687667834068,7.230240506993141,102331.1740853411,4848,0.0004641466155659736,28a70fdedbb4c82d1acea0377a0f15ad72001b355d50cfdae3f8722453c7d7f0,166326158777974272,3975.096711763006
142701,1427,S,304,3040000,224923216,739879,0.1580490654054427,8.589386935986113,86138.74372106831,4864,0.00046157817695713447,8e20a725b7f55e8945777d4d5c073ab0457f53a899aaa82a71184dabd02354ef,166875089995063296,3985.837743192038
142701,1427,S,305,3050000,225663095,739879,0.15903515712972138,6.461990940035321,114497.06551212774,4880,0.00045901273109847485,33d5b76e6018d67e8d7fd9495c059ff6fa850f53975151c14843e03683de64c3,167424021212152320,3992.403352455003
142701,1427,S,306,3060000,226402974,739879,0.1570381035373361,6.432186505000573,115027.60366553366,4896,0.00045645036482080557,426755fb882f18e05127b05af3c9df315a8e38fbe4e3910dfe74464f0d52292f,167972952429241344,3998.927579377021
142701,1427,S,307,3070000,227142853,739879,0.15739215882428043,6.616236814006697,111827.76868470946,4912,0.00045389116485070437,268e08f52c94f5cdd53fac2d870ec35810e22f0dc29a0bd05d03aad7c2558877,168521883646330368,4005.640232981008
142701,1427,S,308,3080000,227882732,739879,0.15743179428145446,6.43960678903386,114895.05869519165,4928,0.0004513352178075818,0e89cdaada05bd1693155ab81ed8139450ed51343df4a8b8b8d5fa71264de80d,169070814863419392,4012.1849767499953
142701,1427,S,309,3090000,228622611,739879,0.15719646131880008,6.45913804799784,114547.63692956566,4944,0.0004487826102007486,3a99d344f9d8ad3c1e13b9da728bb94fe74cfb5fcd83d3c00494679adf44040b,169619746080508416,4018.749865657999
142701,1427,S,310,3100000,229362490,739879,0.156343959167492,6.345616800012067,116596.86100153306,4960,0.00044623342842648806,c44f044d4db33b9ad85214d1151e626aa687f9e1375ffdc63d96a6b8fe488eb5,170168677297597440,4025.182194705005
142701,1427,S,311,3110000,230102369,739879,0.15684493468152644,6.548775649978779,112979.74454238595,4976,0.0004436877587651318,0b98c4d3ef2cf0cb0df28e9828e9e16bb23927df3db959512c501805592428fe,170717608514686464,4053.167774403002
142701,1427,S,312,3120000,230842248,739879,0.15589064896629473,7.361250792979263,100509.95690917826,4992,0.0004411456873781394,f9eeee1323f87f8bdc856440b43d4c797c1283a3b583a9ad0bbcda8ecd61f5ac,171266539731775488,4061.056937395013
142701,1427,S,313,3130000,231582127,739879,0.15634047358714928,7.036150958039798,105153.94061501531,5008,0.00043860730030518245,c5aafe5474e8b3c94728578422677509875b2f673b747a45efecc7c602f4bc9d,171815470948864512,4069.0904060850153
142701,1427,S,314,3140000,232322006,739879,0.15639474555430935,9.032489544013515,81913.07572455164,5024,0.00043607268346123175,1e5819d98283567684cabb0ab78afba666c356536e6a092d4ced8655f6f9c276,172364402165953536,4079.285232860013
142701,1427,S,315,3150000,233061885,739879,0.155666045242661,10.811367582995445,68435.28298526374,5040,0.0004335419226336502,5507d0c6724881b5a5f7fbc11a0a7ede7bba2fcc8544e9a970ed37d1427b906e,172913333383042560,4092.596462303016
142701,1427,S,316,3160000,233801764,739879,0.15503696041290926,7.753803150029853,95421.43199716792,5056,0.0004310151034792891,2823e49321d86a6b96d6e9afce02ddfcc4880cd51ec9a5e2d2e69bb26385370f,173462264600131584,4102.390232742007
142701,1427,S,317,3170000,234541643,739879,0.15453942234117962,9.83659294701647,75216.99881099707,5072,0.0004284923115215882,177ae58503d94cb79d24bf0c10e52fdb9f08a7a28b352746d884212bbb9c022c,174011195817220608,4113.686707450019
142701,1427,S,318,3180000,235281522,739879,0.15532030716042522,6.4224692799616605,115201.64094960323,5088,0.0004259736321476817,597e18689114cea2a2bc59009013d4b24d9f3c903759f6cce24169c4fbfb4ff0,174560127034309632,4120.782458191039
142701,1427,S,319,3190000,236021401,739879,0.15454323975148415,6.593700930010527,112209.97249549483,5104,0.0004234591506055084,c87322ff2cca7e80a09af187a86da8141e0d674437c3d6b5787386df56cee2b2,175109058251398656,4127.548376886989
142701,1427,S,320,3200000,236761280,739879,0.15583020501155428,6.578544377000071,112468.4972236058,5120,0.0004209489520009262,58899793472a453e06c1a07903eb12cc151e5b1319e25eb5a0eb304ea1de4375,175657989468487680,4134.226481444028
142701,1427,S,321,3210000,237501159,739879,0.15533705626126718,6.406327000004239,115491.91916046596,5136,0.00041844312129483133,dac1b5bf4d82e488557c665cbe6504df63cb8b65570de85fef89ae2a7fa43ff1,176206920685576704,4163.153011265036
142701,1427,S,322,3220000,238241038,739879,0.15483105296603838,6.77397497795755,109223.75745519568,5152,0.00041594174330028224,a99ea14c9cf8b2ca5ce6a497c73068e8caac3010a9c4b3a481586200855057f5,176755851902665728,4170.061479552998
142701,1427,S,323,3230000,238980917,739879,0.15424844931714637,6.7475249889539555,109651.90958332423,5168,0.00041344490267963065,0891bfbb3bcfb7f67e357fab45955d922e9d9e0a6c2c53cf655f6591cdde59d7,177304783119754752,4177.27046177804
142701,1427,S,324,3240000,239720796,739879,0.15446296661654405,7.782059471006505,95074.96090932682,5184,0.00041095268394165463,11aeb77e169a1e5875fcf75d7c3d81ace4c6d349dde02f6e1c0ee03be54a9817,177853714336843776,4185.52443727199
142701,1427,S,325,3250000,240460675,739879,0.15469783825930408,8.138391938002314,90912.18580234832,5200,0.0004084651714386983,a556a7ed1d40c8dec784504a814004d28044613f25a0c0e281c856d42667e569,178402645553932800,4194.782711362001
142701,1427,S,326,3260000,241200554,739879,0.15562571812240736,7.1069613069994375,104106.2372566057,5216,0.0004059824493638178,6be2ff653f19f0b7d2d28a2c267814a050d544829b05d6a9e277dd7cd2b0a407,178951576771021824,4202.798305071017
142701,1427,S,327,3270000,241940433,739879,0.15525523771262223,7.558635481982492,97885.26007950092,5232,0.0004035046017479307,aa7e082cbcac4d858f164621cd468aab944cc461bce4132ab90ae9b76a8440ac,179500507988110848,4211.241419496015
142701,1427,S,328,3280000,242680312,739879,0.1543229273100812,7.193677553965244,102851.28773837931,5248,0.0004010317124569727,e5824a0f4e0f6d4abda2984712e33e8ef14608f7d87156aa776c0b71b94b87c3,180049439205199872,4219.31781931303
142701,1427,S,329,3290000,243420191,739879,0.1546266026195272,8.5730834910064,86302.55389162728,5264,0.000398563865189058,b4856c9714a1b4572f98f6c4002d36ce597d8dda2f24d8411ed4dff3d3e15450,180598370422288896,4228.81415714504
142701,1427,S,330,3300000,244160070,739879,0.1545635692446474,9.209410662995651,80339.45135847933,5280,0.00039610114347164737,f24c5011259df34162c81aac6ab8763b2cbcaa2c8ccc66a61ec61379481fe5af,181147301639377920,4240.012668853044
142701,1427,S,331,3310000,244899949,739879,0.1536691989191465,6.322912551986519,117015.5357862013,5296,0.0003936436306587208,ad5d529cc4be99bd31ea9a3b6dbae98755bde4d62a6b0235bb358b347f025630,181696232856466944,4273.586994045996
142701,1427,S,332,3320000,245639828,739879,0.15466363211856268,6.612479367991909,111891.31320113108,5312,0.0003911914099279564,51a466e94bdd36a6bc202d89ef11295bf5768400da9ecce1e13633844b92b30e,182245164073555968,4280.358012571989
142701,1427,S,333,3330000,246379707,739879,0.15530584134054298,6.681617752998136,110733.51205522133,5328,0.00038874456427791417,64f1c390572e8de3b9665cd8dc6db23d565e80b1ec891db4b20a956d56ce96e2,182794095290644992,4287.203634266043
142701,1427,S,334,3340000,247119586,739879,0.15529923227598602,7.074964291008655,104577.06492459452,5344,0.0003863031765252285,7d4046699b71e0730b85733b861474205a853d9d1c80e0ae37a19d8c1362bd44,183343026507734016,4294.851648017007
142701,1427,S,335,3350000,247859465,739879,0.1541831818673487,8.684636653983034,85194.00747303221,5360,0.000383867329301804,061636027a4f63fb0a7207d2deb4755e939dcada20d87336af07ef0404921c83,183891957724823040,4304.11447565601
142701,1427,S,336,3360000,248599344,739879,0.1538785060441754,6.385482968005817,115868.91762254028,5376,0.00038143710505201856,f525d2f3626e505b992124da458d09941e106ed19b5f5b5f96df6d53b006d402,184440888941912064,4310.726512169989
142701,1427,S,337,3370000,249339223,739879,0.1542541467567008,6.686829296988435,110647.20918376386,5392,0.0003790125860299335,5980d8bddd6068c9e0a69d3a90ad3303b4c99dc5449d1054e7f8f951bb8d1c2c,184989820159001088,4317.607462824031
142701,1427,S,338,3380000,250079102,739879,0.15379803336578562,6.401274226023816,115583.08141089897,5408,0.0003765938542965096,a57880db12b5eb041b514c7018451ba59e309af019cba12553bdda1fddb1ec00,185538751376090112,4324.125253567996
142701,1427,S,339,3390000,250818981,739879,0.1532917846186878,6.8936861520051025,107327.05024362014,5424,0.0003741809917168294,d224d6ef19346a7b13ee6637eef5db44fc59242f4786a9bc8a43fc5594822b3a,186087682593179136,4331.562342622026
142701,1427,S,340,3400000,251558860,739879,0.15336675230557117,8.14227213000413,90868.86168709086,5440,0.0003717740799573259,9b677be41ba2b0262c6815f3e89120ab6adeb6ae61bef2356c56d349cd3a5dae,186636613810268160,4340.2218218769995
142701,1427,S,341,3410000,252298739,739879,0.15240627316572564,6.644134173984639,111358.22676444802,5456,0.0003693732004830196,ba5909418e384904392a4979f644c08b88ee114fdbb39ff5d98bbe16bfc8bb12,187185545027357184,4407.620762170991
142701,1427,S,342,3420000,253038618,739879,0.15333684846116194,7.468145056976937,99071.32150690962,5472,0.0003669784345547602,093291b93fc7cb5e9b743705f924ca87676f37c54c297a223dae862087b950cf,187734476244446208,4416.247596475994
142701,1427,S,343,3430000,253778497,739879,0.15376684005225771,6.355551726999693,116414.59809961764,5488,0.0003645898632264768,6d8ff6defe3fb58aac5aad10c5356c615d354f6e6a2212fafd4d26d55015c9ea,188283407461535232,4422.734551959031
142701,1427,S,344,3440000,254518376,739879,0.153934952958846,6.49496487097349,113915.78163980186,5504,0.00036220756734243364,9333754348dc0fc7b5df01b3f74cac5790959060665e7ae6c366280c43920681,188832338678624256,4429.327218991006
142701,1427,S,345,3450000,255258255,739879,0.1533176760911117,7.601745380030479,97330.14761894503,5520,0.0003598316275344955,2cdf479f6143dd874010391b74071ba383dec1829a5c95c9a086000f8d0fb464,189381269895713280,4437.0928941430175
142701,1427,S,346,3460000,255998134,739879,0.15342343575420045,6.763969628023915,109385.32262690758,5536,0.00035746212421939694,facbc2935672ef53cde59edbd90c7392cb44cc41094a94b61f782b3a33f64ebd,189930201112802304,4444.390029745002
142701,1427,S,347,3470000,256738013,739879,0.1530131029260572,7.8117111239698716,94714.0758610128,5552,0.0003550991375960213,81c33e612e60b012d37c3c6eacaf0eefeed4671e0868d873bb8ef38be83eaba2,190479132329891328,4452.675226272026
142701,1427,S,348,3480000,257477892,739879,0.1532040678395069,6.839398211974185,108178.96210585386,5568,0.0003527427476426862,79a9a7e8a71f40053d0d74d2eeac2a37507d866e820068cdcd87f4cd92e87c44,191028063546980352,4460.43938515801
142701,1427,S,349,3490000,258217771,739879,0.15365427864493392,6.866264344018418,107755.68241041424,5584,0.0003503930341144361,66202f234a30cc414067de18451921d19050aebb20251c91fcc5778237c5a015,191576994764069376,4467.503933805041
142701,1427,S,350,3500000,258957650,739879,0.15366402451955596,7.087182337010745,104396.77784726907,5600,0.0003480500765403443,e5b2f506c635b31174a4eb7dff5456e408afb1a4d5b9bfd31e5dc522f32a2531,192125925981158400,4474.751818571007
142701,1427,S,351,3510000,259697529,739879,0.15330542653449467,6.31603626802098,117142.93088311037,5616,0.00034571395422081856,f1d60011a5b8611928e6a89841ab6f0b745fa6cb367599a101c0981466c96b1a,192674857198247424,4550.166435800027
142701,1427,S,352,3520000,260437408,739879,0.15330129150088181,7.312076091999188,101185.89996753033,5632,0.0003433847462249203,d526c4bfff39c32539ae901faded14620f865ac02076a715760267c5e2e114f4,193223788415336448,4558.0599915499915
142701,1427,S,353,3530000,261177287,739879,0.15305908987184205,6.677950930024963,110794.3151653608,5648,0.0003410625313876858,8f307bbb23476dbe0dc6b312ae1e82f7453ff5e2060fafa401212fa85d86e724,193772719632425472,4564.941762142989
142701,1427,S,354,3540000,261917166,739879,0.15311812600928,6.881703123974148,107513.9375632821,5664,0.0003387473883074589,b2dac351aedc4661dabc89d0fb002a5479d82296cdb2f870041b2950d75d8bde,194321650849514496,4572.4518377539935
142701,1427,S,355,3550000,262657045,739879,0.1536109422090163,8.098387737991288,91361.27139591842,5680,0.00033643939534323136,31a4ec9dc76ae384e7d6e634cb5bc3b47ad95fe6ffc8cd6849f32aad537f2d68,194870582066603520,4582.01245646301
142701,1427,S,356,3560000,263396924,739879,0.15360301446964555,6.633701088023372,111533.36428374707,5696,0.0003341386306119892,bcfa976f17bc7c5b5b548e5706c86185a0b7ba3987f9950d6a23e642ef8b9fd3,195419513283692544,4588.813527919992
142701,1427,S,357,3570000,264136803,739879,0.1530816687231401,6.685414550011046,110670.62400771804,5712,0.0003318451719860709,30cf3a1edac75c3ac416d66014bb88d31cc32572b288c144d1376f3d4c5694af,195968444500781568,4595.6992392640095
142701,1427,S,358,3580000,264876682,739879,0.15300777931804665,6.334513682988472,116801.23163787101,5728,0.00032955909709052864,111dead8ad91fc09fb87ddffe402d9fb00225c6879d104fa8cb49011e1cfca47,196517375717870592,4602.218050662021
142701,1427,S,359,3590000,265616561,739879,0.15264475939058753,6.6008016229607165,112089.26464724378,5744,0.00032728048330050454,9f5ce933af4ea663629139ae03eb2f35db46bef205efd6c2dc07bd1ea9429c00,197066306934959616,4608.921286766999
142701,1427,S,360,3600000,266356440,739879,0.1525953819266981,7.277883791946806,101661.2824759167,5760,0.0003250094077386089,7008b96fba5539c5e9130b395cfb11b465687198dffc8206c03fae582d62dfda,197615238152048640,4616.447964525025
142701,1427,S,361,3610000,267096319,739879,0.15170906560042752,7.423626963049173,99665.43357885844,5776,0.00032274594727231136,322fa3d062f5a4295c3439a5fb9e6a4c3be86afdb0e1a4793b19c2092439d403,198164169369137664,4713.064761163027
142701,1427,S,362,3620000,267836198,739879,0.15241457046712195,6.508988335030153,113670.35273640146,5792,0.0003204901785113389,637b460954c3c9aa744d2d8a9b62392da462e5a1021b006a684183de53278251,198713100586226688,4719.698363311007
142701,1427,S,363,3630000,268576077,739879,0.1529993190421997,6.4235374460113235,115182.48414032764,5808,0.00031824217780508255,de0d5130fc2aa475a1871ef3fce21b4247651b479cb2e27b023d817518bf967f,199262031803315712,4726.275661433989
142701,1427,S,364,3640000,269315956,739879,0.15233740316141248,6.516567606013268,113538.14534468493,5824,0.0003160020212400142,b3fed09daf8092377e074ac7f5a7145e44dc647a31eee4eed9bdf48c324ba46a,199810963020404736,4732.9054403420305
142701,1427,S,365,3650000,270055835,739879,0.15242241606706378,6.536684866994619,113188.72104969245,5840,0.00031376978463711026,56be63d659fb031166bad349518db5ceddc9019fa71a76e45e6e70cd9456d125,200359894237493760,4739.597100859042
142701,1427,S,366,3660000,270795714,739879,0.152768161510952,6.375017834012397,116059.12630589846,5856,0.0003115455435492854,a17fb182103f50211b269fabed4efc70fabf13426b30578b51858eb99bf5b95b,200908825454582784,4746.05568976904
142701,1427,S,367,3670000,271535593,739879,0.15290508373675307,6.693865642009769,110530.90091271364,5872,0.0003093293732588368,4dcc2fa972ba130478283893bcdffc1eb94770002833440542df7101b0bb08fe,201457756671671808,4752.931966434
142701,1427,S,368,3680000,272275472,739879,0.15193215441892807,6.451499018992763,114683.2693955076,5888,0.0003071213487748944,f0b473b548f38577fbfd6eae5e0e75d2b7e2af317a8c2ba7b0a99d4cd009e5ff,202006687888760832,4759.5677231370355
142701,1427,S,369,3690000,273015351,739879,0.15196842059518179,6.516601296025328,113537.55836670175,5904,0.0003049215448308833,5b2b7b83f9fe4efbd50663aee9bae71acfce8ef4e36bcd753073b6b6517ea6a0,202555619105849856,4766.207425972039
142701,1427,S,370,3700000,273755230,739879,0.15230261003786666,7.561515344015788,97847.97971553983,5920,0.0003027300358819933,a40a5b0dacf6b9f0fce8cbb359b2cf89c921d029ca03e33c1c73808405323ae4,203104550322938880,4773.864666393027
142701,1427,S,371,3710000,274495109,739879,0.15229183176526298,6.538115940988064,113163.94610894386,5936,0.0003005468961026602,983269409ee7edc0cf03bc94d908c404cf1b4df3a623c6f7996c2b42e2b1e86e,203653481540027904,4863.953213486006
142701,1427,S,372,3720000,275234988,739879,0.1526514601880598,6.550546796002891,112949.19692070138,5952,0.000298372199384054,217ad8c4f7973d4b8249381793c066e187fa744c7ccc958958d2e77659ac74fb,204202412757116928,4870.666281605023
142701,1427,S,373,3730000,275974867,739879,0.15217128653004497,6.4603713970282115,114525.76864858673,5968,0.00029620601933157825,c7fbcee67721ad29f9f745700347cc8b6bc8bed9628b36da30bbe375ec32ae2e,204751343974205952,4877.263971417036
142701,1427,S,374,3740000,276714746,739879,0.15207219738428468,6.5311460150405765,113284.71271291938,5984,0.0002940484292623797,81316d1c0b7901641af3376613d437c80f94b6c467880ecfd5b7ba01ffe3029f,205300275191294976,4883.939503628004
142701,1427,S,375,3750000,277454625,739879,0.1517816709197632,6.61114870099118,111913.83426137023,6000,0.0002918995022028655,2a090bd3dcb11e18a1ece2c8706d817c6b5eeab8763d3551df35274b5300e29f,205849206408384000,4890.665729400003
142701,1427,S,376,3760000,278194504,739879,0.15193684305626007,6.464606945984997,114450.73245474267,6016,0.0002897593108862323,ff0d6be82f35e4b0b8a0ad80cf575ca080f364f80fa5201a3c5d44481d444a77,206398137625473024,4897.3311011560145
142701,1427,S,377,3770000,278934383,739879,0.15114451456827838,6.549671232001856,112964.29603747634,6032,0.0002876279277500044,afcaac111c8d4bbd273078db5372d092e504c4ae2b34d7220469e8b975a7c2c8,206947068842562048,4904.0118258920265
142701,1427,S,378,3780000,279674262,739879,0.15131002621113995,6.398977329954505,115624.56965373564,6048,0.00028550542493358157,4d442b6ad5a50b687499f4c7e272ee56f1b2c7cc930c5d26e01d1f1686aaf628,207496000059651072,4910.648937263002
142701,1427,S,379,3790000,280414141,739879,0.151675343623715,7.5979894699994475,97378.26077824952,6064,0.0002833918742757986,7b52af0f3c156c3c69c3ef20365017680d0ab15d00b5aebdcac403c457d7018c,208044931276740096,4918.799512381025
142701,1427,S,380,3800000,281154020,739879,0.15117212006825845,7.3677483790088445,100421.31760470533,6080,0.0002812873473124916,3e8a4f338da646fbfe74afc17a4ef03c43cadfcf6d5fb91fc0cf975f4560a290,208593862493829120,4926.931483394001
142701,1427,S,381,3810000,281893899,739879,0.15166793353812763,6.453412542003207,114649.26427442275,6096,0.00027919191527407954,4a808e072d1661dd3a895fd478e050f34668d563bd9a21d966aec875cbb290e4,209142793710918144,4997.30270557804
142701,1427,S,382,3820000,282633778,739879,0.15147603417652672,6.6024347670027055,112061.53882772573,6112,0.00027710564908315103,d3f45dcab4b3b910244bccd467b0c48b99497850d64ef4f4ef78b79ed6ac184c,209691724928007168,5004.000021745043
142701,1427,S,383,3830000,283373657,739879,0.1512371631960252,6.275749023014214,117894.93131206185,6128,0.00027502861935206553,198e2786713103fc8071713cb2beab5dc9c987405eeb3c9ba250d90e3afe60dc,210240656145096192,5010.36950714502
142701,1427,S,384,3840000,284113536,739879,0.15106604104655894,6.955147551023401,106378.62023374788,6144,0.0002729608963805619,756188ed8d9392e5c0b5fb832c12b70a492d74428469abc4082ae55b7f78bfd0,210789587362185216,5017.420560870029
142701,1427,S,385,3850000,284853415,739879,0.15079099669696636,7.517479987000115,98421.1466182103,6160,0.00027090255015337994,77569b401790a5adb5b183984e78556ee3011a84b44d1bf11c8dab4d66c24547,211338518579274240,5025.454851591028
142701,1427,S,386,3860000,285593294,739879,0.15121488764096486,6.5397989400080405,113134.82368298777,6176,0.00026885365033789237,edd8dcd89af46e3dee6a2f87342676bb194d8e3a5ae0013c7fa764210ec4178d,211887449796363264,5033.349671581993
142701,1427,S,387,3870000,286333173,739879,0.15031969748832824,6.895049021986779,107305.83606304905,6192,0.0002668142662817445,30ac554c335afbc731d48ae1867462e126dc07afad3b5c8611ffea9ff82b63a4,212436381013452288,5040.548494420014
142701,1427,S,388,3880000,287073052,739879,0.1503317211131646,7.1820152389700525,103018.29993138576,6208,0.00026478446701050997,0afc07b24bd7b7c191ae3edb35b88bbc55ddcd51295e322ebb8eebf7f9f9e0bc,212985312230541312,5049.746478883026
142701,1427,S,389,3890000,287812931,739879,0.15085561345184292,8.6897322210134,85144.050608468,6224,0.000262764321225352,2cf90c8060a9063809cbe3b25d57b265191e4bcbe381c74258828cd60e2a70c6,213534243447630336,5060.522449975018
142701,1427,S,390,3900000,288552810,739879,0.15122829923420977,10.915160653006751,67784.52681740317,6240,0.00026075389730069974,d3960d81d564d3bdde76d1d8e951440b8db22ce6c50f450fa0655faff43cd3a7,214083174664719360,5074.452817498008
142701,1427,S,391,3910000,289292689,739879,0.1516397353405987,6.578672281000763,112466.31058622179,6256,0.0002587532632819334,a8c390a892fd175c2ef410dc1b3ff637fbcbc120c1707943ee99a690002f2d71,214632105881808384,5147.179460921034
142701,1427,S,392,3920000,290032568,739879,0.15219545434100526,9.117668255988974,81147.83069827176,6272,0.0002567624868830809,f86ac8072b6cfa9f5bf7d063eb28e4dc520b6e56de88d9532e0f5b08868ef352,215181037098897408,5156.763849014009
142701,1427,S,393,3930000,290772447,739879,0.15176059061891334,6.428837243991438,115087.53012708644,6288,0.00025478163548452697,3580460cc98bbe56463fcaa6ac1f653d5ca931e7ede5b305eefb3521c4d76fd1,215729968315986432,5164.467978861998
142701,1427,S,394,3940000,291512326,739879,0.1512142656932921,6.618262737989426,111793.53695842683,6304,0.0002528107761307315,35976157aa3940f6eaf9150e552b4be867b662241a9b00fdfb84d6f3e417a2d5,216278899533075456,5171.27481535601
142701,1427,S,395,3950000,292252205,739879,0.15109101762034455,6.804270146007184,108737.45223566244,6320,0.0002508499755279609,0a4c4a1b26698668cfebd2a2e081553589f17959a8f614d868c0c809f36ca4f3,216827830750164480,5178.222501906042
142701,1427,S,396,3960000,292992084,739879,0.15108686271350863,6.710519935004413,110256.58327017748,6336,0.00024889930004203025,8a1f8f21469c931b3acff92aa7ca1932cd778026fa6f24a37d36f922374a3ce5,217376761967253504,5185.559837198001
142701,1427,S,397,3970000,293731963,739879,0.15072693159089995,7.196985753020272,102804.01064980627,6352,0.00024695881569605706,c3c63a2542bf7a0c5772610ef38128f2088564629e3d098d284235a047bfae97,217925693184342528,5193.398637178005
142701,1427,S,398,3980000,294471842,739879,0.1499055254204594,9.721360136987641,76108.58867216768,6368,0.00024502858816822647,485f8cec43dc8b6008c9cff509a14e317457765967baac067fb0fc6a3dbc8458,218474624401431552,5204.135392803
142701,1427,S,399,3990000,295211721,739879,0.1504955874026188,15.77504354598932,46901.867360493496,6384,0.00024310868278956858,d0c0ce6bd8b5a1886cca46a3c12cede535fcf5fa476c6b091892eb451ed5d142,219023555618520576,5222.725064068043
142701,1427,S,400,4000000,295951600,739879,0.15131720978795585,13.095860094006639,56497.16740167436,6400,0.00024119916454174724,86a200c218b21c5904fcc4d413d0caf6c7ab91dc46e984aef0707e44d153abde,219572486835609600,5236.50655537803
142701,1427,S,401,4010000,296691479,739879,0.15040175023271846,6.489018853986636,114020.16493532657,6416,0.00023930009805486025,eb13035ec6482d32da9b74218c9c661bed2d26f6fa4f125d1f6dfc50485168bf,220121418052698624,5300.600169562036
142701,1427,S,402,4020000,297431358,739879,0.15074174312074692,7.042253351013642,105062.8205379041,6432,0.00023741154760525225,fbc84a530f65cebad5de31c68b0982168e1e47f38c2f06caaa010e2114d518a3,220670349269787648,5308.1414902069955
142701,1427,S,403,4030000,298171237,739879,0.1502051779298926,7.5708764209994115,97726.99471725502,6448,0.00023553357711333906,af87d499b2c7765788d85e0c29431ebf91a7f9b5a32e134952258bc9696c8473,221219280486876672,5316.493927056028
142701,1427,S,404,4040000,298911116,739879,0.15000944792159815,7.124323318013921,103852.52984367072,6464,0.00023366625014144404,8fee3233fbe52bbb1c8383e8b7c9871fb67a3c24410aef5585a2d1c39aa01fa5,221768211703965696,5325.309694994008
142701,1427,S,405,4050000,299650995,739879,0.14969764627593174,8.165077063953504,90615.06636187865,6480,0.0002318096298916477,0127ebd42bbee6fd06dc61950eb0e5d6252fc2daa5930680bf49ec91d6767219,222317142921054720,5334.119910511014
142701,1427,S,406,4060000,300390874,739879,0.14934968841608173,8.110702495963778,91222.55444188644,6496,0.00022996377920364661,0f0e7c968ec10f0c3831c3aace4c8d6fb431719a216299d3c31fd34f176a6d2d,222866074138143744,5344.545351685025
142701,1427,S,407,4070000,301130753,739879,0.15003917487914856,7.201259046967607,102743.0057958486,6512,0.00022812876055262876,b0323b93d292842953402a1d2a71ce3844f0e24069960bf3e7b36a87d1c84ad3,223415005355232768,5353.569656183012
142701,1427,S,408,4080000,301870632,739879,0.15039786527125118,7.645949514000677,96767.44512178512,6528,0.00022630463604715736,83567c0b990ed96a0fe2bffdb2c675d7fd9d6c8d6815ae3b69fe7b829f3628c1,223963936572321792,5361.969796443009
142701,1427,S,409,4090000,302610511,739879,0.14980211252636946,9.217898802016862,80265.47219612735,6544,0.00022449146742706938,e34b4724fc0dbae09739734f31427b03f6d2d4274bbb0fa0298238f0ef2c20bb,224512867789410816,5372.609946007025
142701,1427,S,410,4100000,303350390,739879,0.14945615304878673,7.442492572008632,99412.79656532008,6560,0.0002226893160613858,492ed295dde86f3d6966619bf2b0403ed1effc1830c9bfe61598e18072c54f94,225061799006499840,5380.778911185043
142701,1427,S,411,4110000,304090269,739879,0.1500298310949641,6.708323247963563,110292.687554167,6576,0.00022089824294623444,da5fe41fc206f7839290a2ede1a55e9b94b8448ccca416acaad50f84e4535294,225610730223588864,5431.999897400034
142701,1427,S,412,4120000,304830148,739879,0.15032511009992192,7.135316619998775,103692.52542014414,6592,0.00021911830870278583,cc01b17ee879e6d88d4280341c0bbc6a1a4bc377b550553070b35398903069b1,226159661440677888,5439.693610370043
142701,1427,S,413,4130000,305570027,739879,0.15037059518327245,6.696110660035629,110493.84300289674,6608,0.0002173495735752003,76159ceb81ed9248b0ccfc96573a35b8a1af64249f856579d3709f044a0cd916,226708592657766912,5446.877608645998
142701,1427,S,414,4140000,306309906,739879,0.14954125021205092,8.954799661994912,82623.73564202919,6624,0.0002155920974285906,3cab10df6e1d4f22370ba21897f20657966a25dca9927712b2c402549e9bfb56,227257523874855936,5458.140909723006
142701,1427,S,415,4150000,307049785,739879,0.1500378992819969,14.398045569017995,51387.46064202537,6640,0.0002138459397469942,e5169d8cd37d4552f1789a8a6d841eed6d14ad11c25c4733bdff201a43853dad,227806455091944960,5474.585469623038
142701,1427,S,416,4160000,307789664,739879,0.15034630893317613,14.783917728986125,50046.206530854426,6656,0.0002121111596313609,66507ccee04e40fb7c5984e4814132a9979874d2ecac3bee4174cc5781117a70,228355386309033984,5490.129157686024
142701,1427,S,417,4170000,308529543,739879,0.1502596476186986,13.86763917002827,53352.91688285914,6672,0.00021038781579755202,c6b5be9384fa3cd8ae962d5394c10eb6fefb7d0862a2519c3feca9101b65af3e,228904317526123008,5504.607322797994
142701,1427,S,418,4180000,309269422,739879,0.14988274475553115,13.676325782027561,54099.252371736824,6688,0.00020867596657435315,495f1e0dcb5977eacc172f19f1cf104be31feb82bfb537d360a63a125d07d221,229453248743212032,5520.66404083604
142701,1427,S,419,4190000,310009301,739879,0.14972224718845467,13.395649717014749,55232.78195758046,6704,0.0002069756699015005,26d266c65e64b1e98db73b6a2fdb2d312f0f7c33c6fc3471f7bd13c32e73ec4d,230002179960301056,5536.536343731044
142701,1427,S,420,4200000,310749180,739879,0.14943256451172457,12.844380140013527,57603.32471748386,6720,0.0002052869833277185,fa1743e727a9ff900541f5a04bf0083e4bcdab00ac01673d25f1a78bd4b34f77,230551111177390080,5549.580110973038
142701,1427,S,421,4210000,311489059,739879,0.14910151761270027,7.573138770996593,97697.80039335461,6736,0.00020360996400877382,a6b87ca696e8d62740daa0a08d898ebcee7bae90f7c0cc404af9bc2d6b154bf7,231100042394479104,5593.02330069599
142701,1427,S,422,4220000,312228938,739879,0.14871055007959055,10.190267578000203,72606.4349475304,6752,0.00020194466870553923,82cafa7697078bf260659c597b419bd5c41d8536262a24967fae91e9542f5198,231648973611568128,5604.920703069016
142701,1427,S,423,4230000,312968817,739879,0.14924163878839386,9.30346141802147,79527.28202503225,6768,0.00020029115378207348,464e4c6ac9635023f4ea073444ecce9ebd687e42f32cf3ad2fdc3982a8483163,232197904828657152,5616.3358331029885
142701,1427,S,424,4240000,313708696,739879,0.14929047548400604,8.671055843005888,85327.44032513522,6784,0.000198649475203713,2c6cce257c456e54bef53d10afc0e0718498f95dd6a6505d8f91b21f99e9561c,232746836045746176,5626.5184667520225
142701,1427,S,425,4250000,314448575,739879,0.14939278379135468,9.844322712975554,75157.93839476474,6800,0.00019701968853517806,c3bc0805e22a031340c90a5ab0e8e77d2ec694341769e87a0d63a4718f23ac44,233295767262835200,5638.60002621304
142701,1427,S,426,4260000,315188454,739879,0.1489686841259485,7.481534951017238,98894.01103438022,6816,0.00019540184893869202,1c72c34f1254588c17445138e4ac9f1bc96080a5b8d6286d45d5b0a06b06ab7f,233844698479924224,5648.073492877011
142701,1427,S,427,4270000,315928333,739879,0.14861292687413835,8.197691527020652,90254.55490259216,6832,0.00019379601117211406,e0d5d4795e7f8ef1fa0640028b8bd3d48a3a0f1ab419d49c0f501c44aa54e86e,234393629697013248,5658.357529368019
142701,1427,S,428,4280000,316668212,739879,0.14893851753333973,6.455033513950184,114620.473836584,6848,0.00019220222958708617,b06eb8fae30be94dfe326c6f87935be493cb33e89b804b2664405c7e60e38939,234942560914102272,5665.194333493011
142701,1427,S,429,4290000,317408091,739879,0.14884384448998222,6.663607612019405,111032.79830965014,6864,0.00019062055812719332,e38bcecd0561d7f82c76356873f75e71284c04d133dd741f6a460038d2874ca9,235491492131191296,5672.013511073019
142701,1427,S,430,4300000,318147970,739879,0.14896653174653374,6.876505892956629,107595.19609484126,6880,0.00018905105032613768,dcaa1a0de798cbb825137a2a07a1bcce20fc14d56823f5b9164f5a8f63d9a7dd,236040423348280320,5679.005443661998
142701,1427,S,431,4310000,318887849,739879,0.14853318731360937,6.513720110000577,113587.77895047358,6896,0.0001874937593059269,71fa720b665ff64bc7f62157e31f8c935708ede86d5761ac1e490a8719a553cb,236589354565369344,5713.155496163003
142701,1427,S,432,4320000,319627728,739879,0.14887504738191168,6.94608761795098,106517.3721805508,6912,0.00018594873777507575,76d0f3592a8a7b8ea167d872fb9a0c5cbdd14a4f2bfe78452ccbe2cd162e87f5,237138285782458368,5720.582681827014
142701,1427,S,433,4330000,320367607,739879,0.1489223688277953,7.336051639984362,100855.20608488754,6928,0.00018441603802682284,7833bd54aec4bed9eaa2b19bb6d22710b0e3be8089fa84b36591ec14f3137e56,237687216999547392,5729.420849553018
142701,1427,S,434,4340000,321107486,739879,0.14969912917550737,6.829641496995464,108333.50481507587,6944,0.0001828957119373597,2dd16d48c25d0c053353e2006f8e52162869c395ace124139675a952ac6337af,238236148216636416,5736.367394962988
142701,1427,S,435,4350000,321847365,739879,0.14894909663427808,7.127214687992819,103810.39892715316,6960,0.00018138781096407587,c1fdc35ccc6c2264d327395acef7a5bcc080f5455cca1073f412253cd4ccbc70,238785079433725440,5744.017946669017
142701,1427,S,436,4360000,322587244,739879,0.14896662728997687,6.744693241023924,109697.94675015904,6976,0.00017989238614381648,02d227512ff1f5090e3bbdd5d8a2a67a0a3a35d3b6e618d72aa6e795a9acb6f0,239334010650814464,5751.396862694004
142701,1427,S,437,4370000,323327123,739879,0.1483683087877812,9.287009652005509,79668.16313582972,6992,0.00017840948809115552,191221344e86affa78dc971a4070d1b62d612d92f1fa0bfe2783b17b81faf6fa,239882941867903488,5762.916418901004
142701,1427,S,438,4380000,324067002,739879,0.14867662088993605,6.724218955030665,110031.96132488608,7008,0.00017693916699668268,dd1509d51c26d78c364ca39d4cebfe841d95e3a3bb63c888a6fd1e65f66a74c5,240431873084992512,5771.864658014034
142701,1427,S,439,4390000,324806881,739879,0.14907574004924226,6.62949868402211,111604.06469092413,7024,0.00017548147262530365,b6aa63d2ef8b7e67d16908ee2a08f81835b82857a46a1feff0c8021a2fbb5916,240980804302081536,5778.593979194993
142701,1427,S,440,4400000,325546760,739879,0.14889774029364852,7.466224282048643,99096.80878177237,7040,0.00017403645431455706,8f22ef7bf584d378a18dac37a0b448f71effaf69d7fb092e53f81e2071f32bfb,241529735519170560,5786.177057552035
142701,1427,S,441,4410000,326286639,739879,0.14865135662679957,7.537018959003035,98165.99958478386,7056,0.00017260416097294372,ea7fe85aa3f2396f61ff29f9471ff2a919d22b229941200b8f19522108754e5f,242078666736259584,5851.811350735021
142701,1427,S,442,4420000,327026518,739879,0.148666013710075,7.132186950009782,103738.02666501686,7072,0.00017118464107827158,74e7d9b4ef269e2e194a08912a7bc8f5a7d0f85080b590f879ab72c68e2008de,242627597953348608,5859.431507310015
142701,1427,S,443,4430000,327766397,739879,0.1484587804013114,6.723708236007951,110040.31912593612,7088,0.00016977794267601494,7cb33e9e7f3a18a783be317ec50db15585f3335191573ae3fd0ad6b606924e47,243176529170437632,5866.801089467015
142701,1427,S,444,4440000,328506276,739879,0.14839493436720155,7.668878565018531,96478.12176540993,7104,0.00016838411337768795,d05550f1f5bda5ffc835ed70be1d2a8004964dd056c0073093fb04628f36a88d,243725460387526656,5875.132221051026
142701,1427,S,445,4450000,329246155,739879,0.14831189077098603,9.870301862014458,74960.11878293214,7120,0.0001670032003592339,141d04d4e4e597a390e2527cfbe1acc18438e6ebdfd4f3944af725178bb6b388,244274391604615680,5886.9010922060115
142701,1427,S,446,4460000,329986034,739879,0.1481448188605874,6.4666008169879206,114415.44343611246,7136,0.00016563525035942739,5d514a05e545e76ef2d07e0fbc47041bd1cd40a96a699f0ab38e78490ca52d8f,244823322821704704,5895.303382577025
142701,1427,S,447,4470000,330725913,739879,0.1480907736962427,6.7534321040147915,109555.9988765054,7152,0.00016428030967829355,d2ea6d24f6b4005c0f4e6ed3d72c100ac9cc86a734a50ce544e3568947e9daf1,245372254038793728,5902.21624810301
142701,1427,S,448,4480000,331465792,739879,0.14805272653388946,6.570110931003001,112612.86267004463,7168,0.00016293842417554005,e912143e92974b14a1e7fa2046cd2559b34dc434905d612a6d1d140147720a0e,245921185255882752,5908.911765699042
142701,1427,S,449,4490000,332205671,739879,0.14770414380644972,7.032969058025628,105201.51502098417,7184,0.00016160963926900544,00f7a054dcb46c9447c0c97a3b9156317de90ad097d8f06b0b58d394ac9767e4,246470116472971776,5916.132930517022
142701,1427,S,450,4500000,332945550,739879,0.1489804884350538,6.961878732021432,106275.76671177821,7200,0.00016029399993312165,efaa94119264dfedcde80d9cb8a48f6365fc2426bced6087c521f0970ab45b33,247019047690060800,5923.564075133996
142701,1427,S,451,4510000,333685429,739879,0.14778905430349665,6.583844779001083,112377.95313155245,7216,0.00015899155069739197,eec70550f2e8b63f28260777f2f25237ad3ef8a747274e60503b154589904d2c,247567978907149824,5988.110348534014
142701,1427,S,452,4520000,334425308,739879,0.14795816698711123,7.537519972014707,98159.47456816323,7232,0.000157702335644884,dc4402ecaa4d26ebd57b4da2ab2f580c4ad64407e7e55d18353b09022a364be5,248116910124238848,5996.707825824036
142701,1427,S,453,4530000,335165187,739879,0.1483744923176747,7.900956506025977,93644.23148459329,7248,0.00015642639841073687,be17b37bfc21f111fbd43ae0dd3afd0e0f186a79a24e2f0340305ba54e9031e8,248665841341327872,6006.354187587043
142701,1427,S,454,4540000,335905066,739879,0.1478006658435425,8.0068616939825,92405.6176162067,7264,0.00015516378218068545,9a044702cd18406be61a27a7fd2339dc30e4f6ae39c67ac3ba0341afd9b71487,249214772558416896,6016.136064313992
142701,1427,S,455,4550000,336644945,739879,0.1481111647967318,6.662112599005923,111057.71465201593,7280,0.00015391452968959788,cc0c9102253129320c258b9c56d606ee6d41ff92bd6d5fac546f261f5025f042,249763703775505920,6022.988761426997
142701,1427,S,456,4560000,337384824,739879,0.14792777312421754,6.588063927018084,112305.98369965833,7296,0.00015267868322002933,a352b52d9ed145ba6b11e74fc66ac00a3ba5d304e38d0929eb7eec3e3d3a764c,250312634992594944,6029.693744859018
142701,1427,S,457,4570000,338124703,739879,0.14742676518740536,7.2122972490033135,102585.7607438803,7312,0.00015145628460079105,d485312cb1bbfa5774d8289c292006112c37c0e28456dd9a85d833bbbbcc9fb5,250861566209683968,6037.421946999035
142701,1427,S,458,4580000,338864582,739879,0.14776524783273018,7.2692388470168225,101782.18319289843,7328,0.0001502473752055344,4b7e68b8fdf80ea0929a4de966b547dbe222179e8135afa3c7ce9ca41d8f1b9f,251410497426772992,6045.166253974021
142701,1427,S,459,4590000,339604461,739879,0.14727088632004942,6.8957465019775555,107294.98246314858,7344,0.000149051995951351,2684b78d9b8f12d6cc18868eb60c3222a4450b2432836ba6896eaea9882e4024,251959428643862016,6053.692729276023
142701,1427,S,460,4600000,340344340,739879,0.14740169152074623,7.06115507503273,104781.5820694988,7360,0.00014787018729738683,b554d76e042da06c6f95f95da06b165e79b07ae4e06392932a013a0aa52766d9,252508359860951040,6061.267615966033
142701,1427,S,461,4610000,341084219,739879,0.14703657766467648,7.998457686975598,92502.70851651719,7376,0.00014670198924347406,c4b67b7263c06755d328eba99ed9902bce422c8927d2c1a472f648751c992ffd,253057291078040064,6118.099578730005
142701,1427,S,462,4620000,341824098,739879,0.14726438642970605,8.064930541033391,91740.2817340565,7392,0.00014554744132877636,8c2aa214024c5afd17b82c75aae1ee20dad8d1c59916207147a49f45c6a003f9,253606222295129088,6128.579654878995
142701,1427,S,463,4630000,342563977,739879,0.14752175489925404,6.485033306002151,114090.23903010847,7408,0.00014440658263045083,c55e69dfb7502af3b1ecf24b9e89958d8a5d81a2ec33364e75c6b0af402567a1,254155153512218112,6135.221033236012
142701,1427,S,464,4640000,343303856,739879,0.14785367325961454,6.843147183011752,108119.69700677552,7424,0.00014327945176232572,34d13acfea952e38ab05833a3258225d0d652612070e49478b72b9d49d54dddb,254704084729307136,6142.248788786004
142701,1427,S,465,4650000,344043735,739879,0.14744335967169422,7.094031744985841,104295.98098753316,7440,0.00014216608687359284,cc47ca7ea1f931dad18596a8f09a93dd0ab0e791e11bc8c7556a49043584b0e7,255253015946396160,6149.820669448003
142701,1427,S,466,4660000,344783614,739879,0.14772562879881782,7.278178140986711,101657.17102105635,7456,0.0001410665256475172,f267be94539a9fa5ce855d4db40e9b90fd783fb0c525c049390b01eec0c8a930,255801947163485184,6157.566068940039
142701,1427,S,467,4670000,345523493,739879,0.14769335340537842,7.192218241980299,102872.15642058747,7472,0.0001399808053001609,c19b4db7acccd8eaf07f97420223da875f84ee0bcd99a73943ec76b3aad179b8,256350878380574208,6166.540624474001
142701,1427,S,468,4680000,346263372,739879,0.1470843375325663,6.736929977021646,109824.3565724422,7488,0.00013890896257912357,cf9504a5584b39e5f3deea349612814794fe7c480d58c3cadc7416f1f6fc67a8,256899809597663232,6173.856808223005
142701,1427,S,469,4690000,347003251,739879,0.14708880956857567,7.618189840984996,97120.05285291461,7504,0.00013785103376229898,b325bed2d43c427df2f47e8c78e9a6181e131aefc793f001072bf705f0400b25,257448740814752256,6181.959870669001
142701,1427,S,470,4700000,347743130,739879,0.1471285312932739,6.608674077957403,111955.74048170952,7520,0.00013680705465664682,9f6ac92a97b290ef2096fe0b97dafa21277269fcf17bb6399e0774dedc288269,257997672031841280,6190.161352411029
142701,1427,S,471,4710000,348483009,739879,0.14777233541202656,7.765373406989966,95279.25589952973,7536,0.00013577706059698098,a99efff8501f4297354d0aa0527ef8471fc52d007094f53bfde3c465c7c9e480,258546603248930304,6250.57485944801
142701,1427,S,472,4720000,349222888,739879,0.14694505490508267,6.808525632019155,108669.48881274601,7552,0.0001347610864447733,6cf08845e8985e9696d1eae8062e1e59a440040905b1c2522213da82d279bf84,259095534466019328,6258.2064692809945
142701,1427,S,473,4730000,349962767,739879,0.14684742204177664,6.673116869002115,110874.57548314153,7568,0.0001337591665869742,cc4091e5b4d5650dddfffd79f5b85ce218ac1a6ef169edb74125f2bae14c2a4e,259644465683108352,6265.408723418019
142701,1427,S,474,4740000,350702646,739879,0.1469009124145451,9.153231550997589,80832.54486437223,7584,0.00013277133493484817,961b18a5aa62e7a71c91182131633bcbc9aa308a869f9b6ba5236042c03d11c6,260193396900197376,6275.137928898039
142701,1427,S,475,4750000,351442525,739879,0.14720338648441503,7.075543729006313,104568.50078769965,7600,0.0001317976249228263,9ba01b1464ea9224bc995ee036cd34582af72ec52cf8095aa0575e0e62922b0e,260742328117286400,6282.958530189004
142701,1427,S,476,4760000,352182404,739879,0.1470222598785086,6.653004407999106,111209.75646888516,7616,0.0001308380695073748,5d77bf879296f1155f0f3557fa1363b60fb48a96e8294f5cfe2471d96919e40f,261291259334375424,6290.06184809003
142701,1427,S,477,4770000,352922283,739879,0.1467202376955825,6.991147605993319,105830.83660910292,7632,0.00012989270116587907,44dd4675ef00a8466d9e0ef45a079f5c9806a563222bf832c59629af487a9ba8,261840190551464448,6298.672732441046
142701,1427,S,478,4780000,353662162,739879,0.14726357387786246,6.429138623003382,115082.13516391165,7648,0.00012896155189554527,cffff2df90afb9ef631b4672863b1e95be7667bca4e8ada878f93993cfcc4ee9,262389121768553472,6305.205338458007
142701,1427,S,479,4790000,354402041,739879,0.1473265025722455,6.67502558499109,110842.87102413969,7664,0.00012804465321231617,ad8288f9e50f97af3878f68099fd2fb67270c0661d3311bf969433e071c77854,262938052985642496,6311.987667476002
142701,1427,S,480,4800000,355141920,739879,0.14696026225479913,6.606261476001237,111996.62663789203,7680,0.0001271420361498057,731ceca5ecd45df8110e2844bfb046cffeb3e73f934c9a8062ca73e1fbd1abc8,263486984202731520,6318.732216536009
142701,1427,S,481,4810000,355881799,739879,0.1473314236566071,8.473872972012032,87312.96804232405,7696,0.00012625373125824775,8bdf04007d3d325c2a6801145e4382bdcfbbf31df6f7edb91bb23e5e09c35664,264035915419820544,6385.155814856
142701,1427,S,482,4820000,356621678,739879,0.14700762502827985,8.78463211801136,84224.24411865887,7712,0.00012537976860346235,d26f65436c310c6a9a542b2271243a06328e8f5e42d5f9a757b040d3b58d5eb4,264584846636909568,6396.323722610017
142701,1427,S,483,4830000,357361557,739879,0.14710574258302087,7.191111558990087,102887.9880294762,7728,0.00012452017776583816,ab1d1ea551e836398d209c885badc16d13710f1e5c0464066119ed467a3d0a84,265133777853998592,6404.298837647017
142701,1427,S,484,4840000,358101436,739879,0.1471935503701779,7.746264281973708,95514.29864351112,7744,0.00012367498783933122,0ff4c307b6c2fc18522987d068d260a116847d6386208e2f0fd92b70c7eceb0e,265682709071087616,6413.620755030017
142701,1427,S,485,4850000,358841315,739879,0.14669376385791186,6.494915671006311,113916.64456905327,7760,0.00012284422743048042,a4d614168f2e473798fc97045e422e47f66a484d16631010d9fc07bb217dc983,266231640288176640,6420.2212179999915
142701,1427,S,486,4860000,359581194,739879,0.1463870253192572,6.440995268989354,114870.29086361884,7776,0.0001220279246574387,b91bdc4a74926787ecf31dc29c215f83c090967dde8922bdd31730b1050fc480,266780571505265664,6426.779610564001
142701,1427,S,487,4870000,360321073,739879,0.1468078406729222,6.636532801028807,111485.77460286231,7792,0.00012122610714902207,0770561cca73b5720d52a60c7f49a8f4e811d206b85a5ebd48c351c94dcb32a8,267329502722354688,6433.588463461027
142701,1427,S,488,4880000,361060952,739879,0.14656498451460792,6.491746040992439,113972.26498510553,7808,0.00012043880204377405,726504608bf381a4feef7bbff5fa703f8fa7196190c72359335f07bbc2370697,267878433939443712,6440.2776636450435
142701,1427,S,489,4890000,361800831,739879,0.14700440213996624,6.61261078203097,111889.08955756755,7824,0.00011966603598904718,9192d0f94f9bf4482a984896feae7cafd6d73569c5dd6eda8bdc401275d853e3,268427365156532736,6446.995926422009
142701,1427,S,490,4900000,362540710,739879,0.14658822110386477,6.787382292968687,109008.00456848725,7840,0.0001189078351401013,34797b22899d19cfd58d7d6f9ace8e9c93cf7f9fb92c6f4a004d4894e94fdd11,268976296373621760,6453.915402699029
142701,1427,S,491,4910000,363280589,739879,0.14666529771854128,7.181944153970107,103019.31957950442,7856,0.00011816422515921788,ca7c9fa950f152597f391d7294766b56e363d8d0713f1255fc25c0e1d1d6eb2e,269525227590710784,6511.084647193027
142701,1427,S,492,4920000,364020468,739879,0.1465823736413483,9.71600611798931,76150.5284182669,7872,0.00011743523121483215,dcb0b31f7e46778ff7d7378ddfb75ff6e008e436aeb15c70502b426d0873d61e,270074158807799808,6523.308448819036
142701,1427,S,493,4930000,364760347,739879,0.14629661549685044,7.454437446023803,99253.499054399,7888,0.00011672087798068034,449750637f883c5e20a7702d0ed6a38a1507d10eef3deaf8bf3b9455be020447,270623090024888832,6532.372778868012
142701,1427,S,494,4940000,365500226,739879,0.14676865223821806,7.803220678004436,94817.13135264216,7904,0.00011602118963496538,71455e17229de00d93d1ddbba5079706b1b54bff34cf41497a46c19182e073f0,271172021241977856,6542.42653436301
142701,1427,S,495,4950000,366240105,739879,0.14635548647611824,6.742078740964644,109740.48634355456,7920,0.00011533618985953805,f1d96809d41b46dc83257df423902479e979e9cb4a1cdb38f9b62337ff8161df,271720952459066880,6549.390987246996
142701,1427,S,496,4960000,366979984,739879,0.14649637736193333,6.591634773998521,112245.14484912601,7936,0.00011466590183909562,b51f565ee473a89864198f1c4bd6e5f875bbbcd385d7176233dd197f09c32323,272269883676155904,6556.166164828988
142701,1427,S,497,4970000,367719863,739879,0.1463715673144228,6.628889572981279,111614.31969174386,7952,0.00011401034826039719,fe6d252df4755c66dd5658c6c118afbac66e5922a452e7675894779c6ab6cee8,272818814893244928,6562.986868967011
142701,1427,S,498,4980000,368459742,739879,0.1465557362108284,6.4799433830194175,114179.85563559714,7968,0.00011336955131149557,60ac60e9b43a4d63394bf8df2b82e1337a8cf0be5d410e7ba847625e10dfa7e1,273367746110333952,6569.638347988017
142701,1427,S,499,4990000,369199621,739879,0.14670416338364414,6.8715820320067,107672.29388425623,7984,0.00011274353268098678,38bb70232e87494e06802202ef4a157ed513150d67d51319a5b3c00e76e9a4f8,273916677327422976,6576.614487148996
142701,1427,S,500,5000000,369939500,739879,0.14643255145620016,8.066679176990874,91720.39494398217,8000,0.00011213231355727544,c2dd7ce0e21a11ebdf9dfb45dd896599ba114c7a116784f105b3fd34e629239e,274465608544512000,6585.154604411044
142701,1427,S,501,5010000,370679379,739879,0.14663781791732047,6.824467055965215,108415.64534380415,8016,0.00011153591462785783,8964d44198d751a707306cbceabded7652b3002d2d69450fd8a516b6005c1f61,275014539761601024,6617.641390970035
142701,1427,S,502,5020000,371419258,739879,0.1464874650894198,7.626742654014379,97011.1400848907,8032,0.00011095435607862186,5d5f2e839a852a42cee3b316be935882ae630a74c2606a1f2dc8e14a0bdc3314,275563470978690048,6626.193867436028
142701,1427,S,503,5030000,372159137,739879,0.1467407612088414,6.898101923987269,107258.34557868233,8048,0.00011038765759316369,051c7cb16530cbf0d98e36137e46a955567254a1b3758982016ae06164a92cc4,276112402195779072,6633.99894962
142701,1427,S,504,5040000,372899016,739879,0.14678839956447323,8.73727072798647,84680.79140893318,8064,0.00010983583835212136,d6c1d64be1a47d567f8700c59b59bcbd2d9e1e42a16a9c0ae1e6ae78f461906b,276661333412868096,6643.638676988019
142701,1427,S,505,5050000,373638895,739879,0.1462186039917887,9.103496121999342,81274.15995839467,8080,0.00010929891703252603,4646f605ce0f634a35720e16489ad5ebccfcc558bb03e9bb2b23dfac59418678,277210264629957120,6654.446742658038
142701,1427,S,506,5060000,374378774,739879,0.14628908583544573,8.497436631005257,87070.84643624714,8096,0.00010877691180716936,112c8d7d02f9724ca249a80d26a8840b0e6118b9ba5a5703f7a134183e79a046,277759195847046144,6665.847974781995
142701,1427,S,507,5070000,375118653,739879,0.14603432402331715,7.579268339031842,97618.7894271745,8112,0.00010826984034398887,f3fdc36798991a1c4807cfa4c37d079b6c417abb498a9a2001844b1e017454a8,278308127064135168,6676.222657998034
142701,1427,S,508,5080000,375858532,739879,0.146140224239662,7.265895038028248,101829.02397125484,8128,0.00010777771980546939,6618ce0544ea95951e032f3ba1ca604c556958e69f8e6ce9234cdc21d4a094d8,278857058281224192,6683.677830616012
142701,1427,S,509,5090000,376598411,739879,0.14624327835490256,7.00711514102295,105589.67351177092,8144,0.0001073005668480627,991f16b6f032f31de2143bebd62292a5e0b63e1b05cedfbf6b33f0bee0cd109c,279405989498313216,6691.164049368002
142701,1427,S,510,5100000,377338290,739879,0.14609599793956604,8.354274039971642,88562.9315557515,8160,0.00010683839762162368,375126f1023859df42567f50b15102c9675585c93de61b309bfc474af59ec495,279954920715402240,6699.973486764997
142701,1427,S,511,5110000,378078169,739879,0.14579356837778143,6.422591285954695,115199.45253530478,8176,0.00010639122776886339,ecc1fd8314a7b1d2ac3cdf5f4638f68c7f7f47513198ffd215118ca62a6fa9e0,280503851932491264,6731.418923853023
142701,1427,S,512,5120000,378818048,739879,0.1463986105313115,6.926642512960825,106816.39749930378,8192,0.00010595907242481982,4e66afe42e9b3995d22976b92125dac2ba6a221c714f7dc4bf9a9da23eee5b6f,281052783149580288,6738.4925981970155
142701,1427,S,513,5130000,379557927,739879,0.14606603952951927,6.772208367998246,109252.24975301464,8208,0.00010554194621634577,618ff6d4bd050da681bfba56be553b3ecd00b26f8bac605ba2d3199ab9f80792,281601714366669312,6745.754329399031
142701,1427,S,514,5140000,380297806,739879,0.14596289764149106,7.275925465975888,101688.6447586449,8224,0.0001051398632616136,6c8ee71999f0ffea9fd4005426c37778974d4e3dbed73eb99776c6c01ed39d0d,282150645583758336,6753.619587344001
142701,1427,S,515,5150000,381037685,739879,0.14619960655086867,9.461228889995255,78201.15215502107,8240,0.00010475283716963733,f0f41d7bd2335a53926bd8057a932e8112bfbdcf183c25a8edbd60b88add842b,282699576800847360,6764.50807385199
142701,1427,S,516,5160000,381777564,739879,0.1464433324777121,6.778061081015039,109157.91273589415,8256,0.00010438088103981223,f1fef14e94d3132fdee8f811d54ca77f333d32b50c73f24eaa4165f7ca939307,283248508017936384,6773.615756618034
142701,1427,S,517,5170000,382517443,739879,0.14590592734991445,8.235988588014152,89834.87435579345,8272,0.00010402400746147128,8f1401dc4bebebbe5d75b31b3cec81c86cbd651173a44c3b90429b57e4827a80,283797439235025408,6782.627387505025
142701,1427,S,518,5180000,383257322,739879,0.14604003334730284,7.462397270952351,99147.62952650692,8288,0.00010368222851345916,ce63b589a6dc11f0c98158cb19fe80533be979b764c944798a834a24366ec7bb,284346370452114432,6790.824489113991
142701,1427,S,519,5190000,383997201,739879,0.14632441149991868,8.8352296819794,83741.90899746268,8304,0.00010335555576372335,d409b8ac7433b9695300c10d4d6934a3bd5d248d01f92db3fa6745c92d450934,284895301669203456,6800.872741513012
142701,1427,S,520,5200000,384737080,739879,0.14594651152378338,9.485175287991296,78003.72450013903,8320,0.00010304400026892265,6774dd984bef756fd02972ccaa8ddd5f4450492ec8a5739062e3507c9822b899,285444232886292480,6811.491509250016
142701,1427,S,521,5210000,385476959,739879,0.14600741528086936,6.458737703971565,114554.73715011502,8336,0.0001027475725740531,ed8ee53dfef6d21d7ac3438d8a50d0f7d9b4d63a7601419652afdb64ccae77c7,285993164103381504,6843.425202854036
142701,1427,S,522,5220000,386216838,739879,0.14652293392105867,6.584190875990316,112372.046001585,8352,0.00010246628271209065,ad048ff138b685f73f009c454681f2d55ad7c7673bc6f597b4ee1349326a2cab,286542095320470528,6850.236605842016
142701,1427,S,523,5230000,386956717,739879,0.14578255879094246,6.4827462660032324,114130.48878375322,8368,0.00010220014020365212,be28b19a4170d44b55f3dc495d5168b5066d5ae8fb556229d269cadde15bc9e6,287091026537559552,6856.82484912104
142701,1427,S,524,5240000,387696596,739879,0.14612495268701706,6.973614590999205,106096.91578811318,8384,0.0001019491540566725,fc2b953db112462537922bd4c0c8d794db6c808153f7288b752d795d77f2f6ea,287639957754648576,6864.285964734037
142701,1427,S,525,5250000,388436475,739879,0.14624880872292664,8.587347979017068,86159.19627431805,8400,0.00010171333276610037,8a94a35936756642787c6b7cad378dc04a019854bc876da76de4c12a87e4c3e6,288188888971737600,6873.494157850044
142701,1427,S,526,5260000,389176354,739879,0.1456122428988254,6.591260310029611,112251.52174223204,8416,0.00010149268431361022,417dc8b1b5501b0c240bd677e5894244d81fdc4078562b01049feee65d5b015f,288737820188826624,6882.346228119044
142701,1427,S,527,5270000,389916233,739879,0.1456514122171676,8.22872367099626,89914.18713060541,8432,0.00010128721616733228,615dd6a109718a696ac2d575d2212eaf69b9d76ccaafe5aed5ed0abd531e3988,289286751405915648,6893.1148497830145
142701,1427,S,528,5280000,390656112,739879,0.14586614778815832,6.8102980150142685,108641.20753142252,8448,0.0001010969352816,b8a0f8e4e0289ce7799ea03afcefbc30a3140f4b21a16d1f95c29d09c06047e3,289835682623004672,6900.715286694991
142701,1427,S,529,5290000,391395991,739879,0.1460236416690828,8.127252889040392,91036.78821139275,8464,0.0001009218480967143,92107c6953a76fbf7cfc8ba4b6a4f6904123fc473ce7d14017e94951de3871b9,290384613840093696,6909.619255988044
142701,1427,S,530,5300000,392135870,739879,0.14574407972948514,7.4103861969779246,99843.5142694364,8480,0.00010076196053872585,a21cd731e4e88ccfa34f41ec2709b4104632cdfcf08ce2639ee19b0ae599bfe9,290933545057182720,6917.812584139989
142701,1427,S,531,5310000,392875749,739879,0.14627083481801678,6.488708060001954,114025.62623533676,8496,0.00010061727801923444,7eaa6e043feaf5f9067d3f179de4abf3ad90a26f67c4b25a8ef644fd72a1b929,291482476274271744,6967.308619012008
142701,1427,S,532,5320000,393615628,739879,0.14599097859567614,7.577709420002066,97638.87198511741,8512,0.00010048780543520584,23f60c3f23171c7ce161c07af4cb566350d23675c15da5fcd040dd77af4a9a3c,292031407491360768,6975.064126843994
142701,1427,S,533,5330000,394355507,739879,0.14631471238823593,6.66496632900089,111010.16321426957,8528,0.00010037354716880592,e7487a983a43ad06536a09122469d3494026d4c84da226a6de49440c2f02f0df,292580338708449792,6983.184379124024
142701,1427,S,534,5340000,395095386,739879,0.1458596867073685,7.439498085004743,99452.8114055598,8544,0.00010027450708725245,d868d6f2d0f4f1702dedfe90d1f44843186ae6f97bc61ee3841e6626799fbc2f,293129269925538816,6991.262439255021
142701,1427,S,535,5350000,395835265,739879,0.1458679804763704,7.216840951004997,102521.17304829428,8560,0.00010019068854268421,12d7804d959b6422fd792cd38eeea5dd59bc1d603b507607eee832bcaccb0960,293678201142627840,6999.067225881037
142701,1427,S,536,5360000,396575144,739879,0.1455224451697115,8.40140185499331,88066.13619609905,8576,0.00010012209437204759,5eec01c1462a2635c32ee8104f8f6959e66497cdfa0463fd64184f7d80fcbf17,294227132359716864,7008.694395546045
142701,1427,S,537,5370000,397315023,739879,0.14539500573484082,9.155910054978449,80808.89781105888,8592,0.00010006872689700035,3fe8d19ebb9d3c1d7cfe1ef767b580ee497e9080955bb8015946983a54688bab,294776063576805888,7019.826956355013
142701,1427,S,538,5380000,398054902,739879,0.14562320084254185,6.8525685030035675,107971.04759707279,8608,0.00010003058792383317,16304cb98a084703938131e3aa301f6741c9343ef442c01f339ede54fda5c03c,295324994793894912,7028.930191304011
142701,1427,S,539,5390000,398794781,739879,0.1458187224937008,8.942758455988951,82734.98648557418,8624,0.00010000767874340869,f52174bc0737371321334c827869429cc4d9512c25812789512e51f7993a260a,295873926010983936,7039.9046770480345
142701,1427,S,540,5400000,399534660,739879,0.14618056176280841,8.831640740972944,83775.93945454022,8640,0.00010000000013111753,88a96588513cc9c9575c04d4c31b38c5545f8ca17e9119e98dc5741a8c93fc47,296422857228072960,7050.635067866999
142701,1427,M,1,10000,739023,739023,9.674971981709735,6.991798636969179,105698.5531723427,16,1.5999878827489443e-05,8edefd53f52271e915db8c0420791f9228cf4703b611ab0b6da7eb8b661fef97,548296133349888,6.9918123470270075
142701,1427,M,2,20000,1478276,739253,7.561120303775024,6.736712264013477,109734.98214388352,32,3.1999027933533236e-05,83d13722bd9502ebc568c50ba6749ab31b8c753f0ba538250cadf030281a05e9,1096762908358656,13.976184700033627
142701,1427,M,3,30000,2217692,739416,5.95164040925769,6.407530003983993,115397.9769958557,48,4.799671779970131e-05,90ca5442c0bfcaecdb9ffcb1ef44dd04925f33f8f22ac54e37d20613deb17685,1645350616369152,20.590829250984825
142701,1427,M,4,40000,2956874,739182,4.972732192010019,6.483992034976836,114001.06539499176,64,6.399221294209405e-05,b1ae21dc0a3f34549e44ea97809748a7412cf09515022b5ad4aa404ec668db69,2193764715039744,27.21219597698655
142701,1427,M,5,50000,3696906,740032,4.2106858599219965,6.354930689034518,116450.05055317613,80,7.998479546836326e-05,5fe4bfa08a6417e8b3dcafd718c5866c7c888992fa3da8b2f36011075384eca1,2742809445927936,33.661423182988074
142701,1427,M,6,60000,4435929,739023,3.5310450730017626,6.300938041007612,117287.77448537161,96,9.597370801857195e-05,e016f52f965bdee2499c078bf3903406091a1a570858c20df5153c2ffca194a3,3291105579277824,40.05440384801477
142701,1427,M,7,70000,5175182,739253,2.9856385905180187,6.417704829014838,115189.62303435829,112,0.00011195824532769051,824baac297f13c4efc534b9ad48e612fab352f16a0e9ed2faf2fc8d7c4ea5326,3839572354286592,46.57502220501192
142701,1427,M,8,80000,5914598,739416,2.5971330078912107,6.594764797016978,112121.66358601012,128,0.00012793767954878235,cc42059820333bf90e9c5b84b7704130fef98b8e6103c4f4b09e300606e96e58,4388160062297088,53.29804604698438
142701,1427,M,9,90000,6653780,739182,2.299080579013032,8.02484349498991,92111.70292124551,144,0.0001439112484979609,b289bc8fdcf69495bfc43bafde0a9c67939ab1b80e7ba76901ef5dabd48b4c9c,4936574160967680,61.83883752702968
142701,1427,M,10,100000,7393812,740032,1.9939623234089112,6.640504544018768,111442.13441831936,160,0.00015987828843537215,a9d5e23ec3c3247e630f033a6eb0de2e5ed8ced2af6afec6fa4a5508acf823a0,5485618891855872,70.1949411079986
142701,1427,M,11,110000,8132835,739023,1.6424897882776281,6.471967516001314,114188.30489690146,176,0.00017583795864240933,2cd629e356dccd89f4653c6f16403366af995ce44bb6b3cccc9fe40b9fb3225c,6033915025205760,153.51140297501115
142701,1427,M,12,120000,8872088,739253,1.44282896704236,6.598857578006573,112027.42160459212,192,0.00019178963105986605,df81e799a813dbb0725df53165be34ca77d29129e640dcd4ddc10d110b7304bb,6582381800214528,160.22512461198494
142701,1427,M,13,130000,9611504,739416,1.327311409874387,6.52719504898414,113282.3509104541,208,0.00020773257214204237,ce535815b59ca796467422b0f47187321eac743900104436f4ee2ccfe6316530,7130969508225024,166.8827354090172
142701,1427,M,14,140000,10350686,739182,1.2588525022503556,6.981657736003399,105874.854934258,224,0.00022366596886588073,776b2e6e33642fc71533a53dc0dc36f37c4e5f8b4a1d4d22b7aac227ed7db28c,7679383606895616,174.35640896001132
142701,1427,M,15,150000,11090718,740032,1.1743840360831175,8.438907795003615,87692.86476126061,240,0.0002395892545889842,d942ae6e58a9850764bf6f94d4cb2220a6768e931740f79a944d6975872ba5a3,8228428337783808,185.30576968903188
142701,1427,M,16,160000,11829741,739023,1.130252983427333,6.294466149993241,117408.36830154271,256,0.0002555014476319369,53fa6256b3c1cb4e68deedf106eb51db6b81c22e320e3223c147469c6da8f3b7,8776724471133696,191.73388330702437
142701,1427,M,17,170000,12568994,739253,1.1127472629054036,6.477326477994211,114129.34063328538,272,0.00027140204841085146,863a92e7986a78a18aef01f81c973ecafd6d2e66f937350c521b2ea1c31d98f1,9325191246142464,198.3032335480093
142701,1427,M,18,180000,13308410,739416,1.0788704994076233,6.356161848991178,116330.58087049134,288,0.0002872903103215865,f7683f47f182c7334ce278bdb8625f544d1b764fd12bd582bcf6d1d3c3486801,9873778954152960,204.8083308400237
142701,1427,M,19,190000,14047592,739182,1.0617965081315222,6.5026999859837815,113673.08988470433,304,0.000303165345449825,4d5808dd314f6fd993740a76ad9f7c4e92e9f3d6b02ad1193f8cc5870fd1326e,10422193052823552,211.4733923849999
142701,1427,M,20,200000,14787624,740032,1.0456055640700077,7.118739733996335,103955.47915116136,320,0.000319026727032387,d1bb688b77c0d050df98306332ab26e4676bb2b7ee8f8136b333ab1fcaa048fd,10971237783711744,219.12225766200572
142701,1427,M,21,210000,15526647,739023,1.0363619930879446,6.6275666990550235,111507.44059737217,336,0.00033487327506677813,b37c4e6de29c0102c4ee24addae3f6ef80949ffa6e2227890df3bcd8e809acf1,11519533917061632,294.3691228220123
142701,1427,M,22,220000,16265900,739253,1.0341392025598992,6.871474572981242,107582.87644791057,352,0.0003507046694978026,b045c84742fc44b91e9e4311077236bb6708a9b9be3cbf8bb175923e2f5f91f1,12068000692070400,301.7908458170132
142701,1427,M,23,230000,17005316,739416,1.0283366862029488,8.618837921996601,85790.68392885038,368,0.00036652014332675867,f296699a696d4e3c7278192db35b98bbf8bcbae19972dbd782794f07f5199274,12616588400080896,310.8391440929845
142701,1427,M,24,240000,17744498,739182,1.021259099965715,6.635824377997778,111392.64059653018,384,0.00038231870982435916,702cc2c67b7e24ca921a124caad87f79cac704a3b0243ee1a3fff5338f6b72b4,13165002498751488,319.57603709201794
142701,1427,M,25,250000,18484530,740032,1.2506538251480779,6.288423526973929,117681.64100679029,400,0.0003981001246532085,419ea3f37551d411bc2e3732b0a180fcf601a7530c77c41a3be82d82e92eb8a2,13714047229639680,326.02978122700006
142701,1427,M,26,260000,19223553,739023,1.3349188811937525,6.203531921026297,119129.39425606081,416,0.00041386295246310516,726b34db89848bf9a717ad26e94856ad13311d060d7e3dd776566d14bc24fa1b,14262343362989568,332.32547537999926
142701,1427,M,27,270000,19962806,739253,1.177370891554816,8.096737102023326,91302.58160602314,432,0.00042960710347876064,9da02fb957e6afff19db09e4011f1341d4339af152e88a049b83b00dbe7a95d7,14810810137998336,340.70101558201713
142701,1427,M,28,280000,20702222,739416,1.0610617727951497,6.648168329964392,111221.01055524273,448,0.00044533178300730026,9baf9c87ad5ff1ce2f69310fe7f35290e0e861fa764acdbd287c2867f60844cb,15359397846008832,347.56212705001235
142701,1427,M,29,290000,21441404,739182,1.0312094820835889,7.111554978007916,103940.98088053579,464,0.00046103588175025364,bcdd86d9c9a4862d7fadbe7976e6347356646f9780942909f4de5e1e8fc21394,15907811944679424,355.31040144799044
142701,1427,M,30,300000,22181436,740032,1.019511485495679,8.528699930000585,86769.61390057362,480,0.0004767193800356927,2fd6be2b4193ee8ba14ca739d2690ebabab6c317b48bc2eaa0f5dfb9f4d49583,16456856675567616,366.8566525300266
142701,1427,M,31,310000,22920459,739023,1.0069813425921352,6.428880941995885,114953.59871613454,496,0.0004923805305760635,bd130cb6cab5e3d9407731b603e94225adac8699cdea5126ecd8223834fdb583,17005152808917504,454.47926551802084
142701,1427,M,32,320000,23659712,739253,1.0064443937371979,6.725673856970388,109915.08296731474,512,0.0005080195242393902,f628470f8355f9543bf4bec7a21f98693a0e312abd777cf0e50120e96ae1b167,17553619583926272,461.32448492903495
142701,1427,M,33,330000,24399128,739416,0.9997802388064836,6.557584146037698,112757.37886593172,528,0.0005236355313884212,ebc7d1c6c0dea278c725c6f3d6f53bfb9c5076aeb1a6badd78a3fcd9e73190d4,18102207291936768,468.3362364450004
142701,1427,M,34,340000,25138310,739182,0.991444261962139,7.523029012954794,98255.90180858203,544,0.0005392272966116915,b2e0f01a285078e69f908c18775f169afccfb10ee04915a1cf564be3a9206fce,18650621390607360,476.35384416702436
142701,1427,M,35,350000,25878342,740032,0.9873703320082275,6.328393559961114,116938.36563548795,560,0.0005547950667642348,4e1463002cda91e1c1b18bf5886c3dfb6beac4e90571fac3ebd961a469b474d8,19199666121495552,483.94848147500306
142701,1427,M,36,360000,26617365,739023,0.9777036874136359,6.319192219991237,116948.96661982294,576,0.0005703367265632715,22e79e08afdcce8516bcd9b06d86207269572755ddd453608c7429b54e4fff3f,19747962254845440,490.36811294499785
142701,1427,M,37,370000,27356618,739253,0.9761648135928002,6.474671498988755,114176.1400737412,592,0.0005858527974105741,9786e462e331048b547067c4d5f9e9f7ce4329ab5c78c3f4d533a731cb2d22ed,20296429029854208,496.94426555902464
142701,1427,M,38,380000,28096034,739416,0.9736698461103596,6.34968589397613,116449.224787871,608,0.0006013424075365557,6ce2d5c0e07bece80ccc48d610bfdc520e4bb3fd3bed6390e5d878c52ccd5566,20845016737864704,503.4069223339902
142701,1427,M,39,390000,28835216,739182,0.9661875164508723,6.512880829977803,113495.39770444707,624,0.0006168041321239801,677a9310d59e3897cae576280c12a888ecddfb6a2af00787a212ffc726b3fdf2,21393430836535296,510.01892626599874
142701,1427,M,40,400000,29575248,740032,0.9612861807697075,7.109173170989379,104095.36836433683,640,0.0006322385259673283,30044e06ea0acae24fc501c8c47009c434e223d7504bd01c19488ef48bb7c540,21942475567423488,517.6115255550249
142701,1427,M,41,410000,30314271,739023,0.9506026301445197,7.83711228100583,94297.8706316496,656,0.0006476430503586036,edad846f3af596518c841bbb1155f9dc2fc12a44a58d04a4a7a750ff8d71d272,22490771700773376,593.8139534739894
142701,1427,M,42,420000,31053524,739253,0.9503050446711886,6.500819143955596,113716.89992135082,672,0.0006630186065662296,0d7db694800825fed220414fc82e8a8de28807e254255a2f8dad7172758a9925,23039238475782144,601.8313205349841
142701,1427,M,43,430000,31792940,739416,0.9470940434796122,6.3272972060367465,116861.27202852715,688,0.0006783642735753314,29c7a68d16b82154960d76d798b8e3b07f928d681c099a4e5434ca18f9ee35af,23587826183792640,608.3198333740002
142701,1427,M,44,440000,32532122,739182,0.9399367310763231,6.449657385004684,114607.94827932758,704,0.0006936784341614762,7fc79b688af29975223564e38c74688590716bd1897b7c4204b25e3a7f1a6b6a,24136240282463232,614.9368111760123
142701,1427,M,45,450000,33272154,740032,0.9357462289382211,6.47955837205518,114210.25284556196,720,0.0007089619919518078,03a40689662ea1b3d8c9d36336cb0f5596a00ef1d9fec703ba0ef9c10abf34fa,24685285013351424,621.612271992024
142701,1427,M,46,460000,34011177,739023,0.9253474794395266,6.310884985025041,117102.91056699834,736,0.0007242119301063203,3a9aa203c5b4182e6b852f1d75832095b11e0dca9bb00cf196dc16c08a180ce0,25233581146701312,628.1315558920032
142701,1427,M,47,470000,34750430,739253,0.9276210452732278,6.515966963022947,113452.53961463287,752,0.000739429578451606,3aaa1eef9cd9a8e259e88fe6e3c048ffc80b0816b4d33c021b253d34c3888dfa,25782047921710080,634.7468902299879
142701,1427,M,48,480000,35489846,739416,0.9259877106363273,6.4889860799885355,113949.38914729594,768,0.0007546139597022115,a5436beaf8561a2199942326460ab66eb051db8c713d6cbebbca48b0dd767363,26330635629720576,641.4078321349807
142701,1427,M,49,490000,36229028,739182,0.9159682404066328,7.711639860004652,95852.76457652861,784,0.0007697632415563749,78f96437e8d2547756dd1294fd2e205668fa29c296862a392fa5a7a7710eb6a1,26879049728391168,649.6569900480099
142701,1427,M,50,500000,36969060,740032,0.9125659893739082,6.986959845991805,105916.16615981165,800,0.0007848787167782583,f7380b426ae9ea81dfce3f19807939de3572849df24b8858fb22d54bd044028f,27428094459279360,657.3276655329973
142701,1427,M,51,510000,37708083,739023,0.9023938596713915,6.3685805890127085,116042.02689606968,816,0.0007999568365066406,08a0d58807f1d202b2775f63a8c3620e31264b4a570c2eeeddc4a034f2a39e55,27976390592629248,739.4225225520204
142701,1427,M,52,520000,38447336,739253,0.9024661011765899,6.3687442319933325,116075.15910065423,832,0.0008149994070933734,a11548b51f36906ba454f67924dfae092c4c2fe9ac9ce4e9fb29ee7e42cf66cf,28524857367638016,746.0610418100259
142701,1427,M,53,530000,39186752,739416,0.9111233583219119,6.509522302018013,113589.90194576554,848,0.0008300053880573473,70a4b3fbe2b467db8588292040cc2d7279c4f8f14ebb68e8747d50210f02ccfb,29073445075648512,752.6966125500039
142701,1427,M,54,540000,39925934,739182,1.6570291718052004,6.959015855973121,106219.32975846565,864,0.0008449727097201529,71f82d77b3c94102dbc4619ef4e587fcdbd9c3af4ce68e58a52fde5ed1c81c67,29621859174319104,760.1828566750046
142701,1427,M,55,550000,40665966,740032,2.917955839375172,7.9951328380266204,92560.31325461462,880,0.000859903093629612,54b5358cc3ed57bb131877fd6835d5154a734e6497ff844708f6a4cf6f2cb8e4,30170903905207296,768.6799360029981
142701,1427,M,56,560000,41404989,739023,1.8502363455330357,6.553982621990144,112759.37740823496,896,0.0008747924059250226,aafced65151e2a1fb40bae031daa142c009c2fb2cf66f9d13a7b18bd2c210aa9,30719200038557184,775.7012722829822
142701,1427,M,57,570000,42144242,739253,1.212382304022159,7.343374311982188,100669.38829384749,912,0.0008896429766440374,8e867403999c59deb8a82e91c19978aacdfe9db1bee00ee21f285095021fa648,31267666813565952,783.5524689750164
142701,1427,M,58,580000,42883658,739416,1.0832566642270602,6.280958227987867,117723.43855196681,928,0.0009044536952974429,edd382476f355bceb21b430bec175b91a9a087a335abf0663d7c8713410de00e,31816254521576448,791.2595452840324
142701,1427,M,59,590000,43622840,739182,1.041913199398811,6.619927088962868,111660.14218380256,944,0.0009192222329407235,2315427ee1f092541864cfb800ac64dd6825225623ee7ace8cb903d1f246d733,32364668620247040,798.0781187270186
142701,1427,M,60,600000,44362872,740032,1.0258017418284138,6.393014156026766,115756.35247144941,960,0.0009339507788262749,4530adf70375932431d323816df3e7ca6b46c8da6f3a8480dd5003c48a06ef07,32913713351135232,804.7545722380164
142701,1427,M,61,610000,45101895,739023,1.0034458660560064,8.468946989974938,87262.67868659631,976,0.0009486345621187782,83bc693f9f140e729f8b6f9da6adf45fbdeae7369df66ae4d62c3464e281afb5,33462009484485120,869.7613812640193
142701,1427,M,62,620000,45841148,739253,0.9932373995965441,8.94351418100996,82658.00053961773,992,0.000963276482814582,f0b48ed29c523dda200c83ae573527b1f57d9f3a2fedaa648b22b53ffa0a3f25,34010476259493888,879.2267307889997
142701,1427,M,63,630000,46580564,739416,0.9807777535509485,6.623908501002006,111628.35354506296,1008,0.0009701144382230389,e1c6d53738173b376d59c6f52d7eb0684da2ba1d483cf05cb39d3b46de43a394,34559063967504384,886.3099139209953
142701,1427,M,64,640000,47319746,739182,0.9650795205589242,7.671047053008806,96359.98774249096,1024,0.0009691685207127017,de6709742e68a9176f1a233a67d8c14ca4c8c71251df395d2cff00fe6ac3c72c,35107478066174976,894.4848753929837
142701,1427,M,65,650000,48059778,740032,0.9558426864902051,6.5144168750266545,113599.11626732854,1040,0.0009682103964832591,d61fdab3d22c816b3e34a7d8547fdc71712d56feefc75f6f842d7b50bd774bf8,35656522797063168,902.1398788950173
142701,1427,M,66,660000,48798801,739023,0.9350742137576161,6.303014995995909,117249.12608798745,1056,0.0009672354511705914,9429d5b1b47dab648ee47d2cb5a77da02fef2b2656dac6220fb4f7b9ea286ddb,36204818930413056,908.5433643080178
142701,1427,M,67,670000,49538054,739253,0.9260851185358733,6.298525387013797,117369.21812273402,1072,0.0009662477171182758,fa4725fa53bd3193274075cc0c36d85aabf423b4ba6249cb1c4607009b543892,36753285705421824,914.9918754330138
142701,1427,M,68,680000,50277470,739416,0.9119785906196032,6.251328451966401,118281.41901061226,1088,0.0009652465908598235,a2592918f054fb0f80bd1c199d7092d7181cbd4e9e9a7d0bbc4c02c6f1ba6b41,37301873413432320,921.4153638430289
142701,1427,M,69,690000,51016652,739182,0.8982522093233809,6.353767458989751,116337.59100738792,1104,0.000964230017605631,0c7c4e3cd44340de07978d117d8cf738604b3cf1dbe6597f35776378dbb56372,37850287512102912,927.9134048289852
142701,1427,M,70,700000,51756684,740032,0.8882966872720603,6.520968866010662,113484.97672750428,1120,0.0009632015506081051,9a6d39cddbe60b910e6d7f99e837a5e41021a07187aa5cf0b3e4275ce82ddc43,38399332242991104,934.5258750740322
142701,1427,M,71,710000,52495707,739023,0.8702497675599152,6.860609643976204,107719.72730570404,1136,0.0009621562379793997,7969b524232c54b2960de88c36364ea660e23dc955ae91f35f899166dece50f4,38947628376340992,975.6656125200097
142701,1427,M,72,720000,53234960,739253,0.8660070566730043,9.33873809396755,79159.83857364282,1152,0.0009610984055645717,05976f513b4929616044b68c6d5fa4f15648d99cae14cb3b52f990dfe9782e86,39496095151349760,987.4390239189961
142701,1427,M,73,730000,53974376,739416,0.8570812428011906,8.457794498943258,87424.20971476486,1168,0.000960027403424349,0119df6375c243f59f12f7716f1208b0f942ed9ddd290577429f618f966b5987,40044682859360256,998.7753260760219
142701,1427,M,74,740000,54713558,739182,0.842906493856122,8.554986342962366,86403.64465433393,1184,0.0009589410345487643,b296165fdf19baeacffa9b6dd6cb50d821a0f28558ccd838c1d30319d22aacad,40593096958030848,1010.8141925400123
142701,1427,M,75,750000,55453590,740032,0.829732545465682,7.009301951969974,105578.55904495783,1200,0.0009578430949689122,c5f61a10acdf0ac3201725b2216fbbacf61c11aa25995bc8e25ad5474cb1d021,41142141688919040,1019.6257600330282
142701,1427,M,76,760000,56192613,739023,0.8084362286792792,6.240291107038502,118427.64821763632,1216,0.0009567282994630126,a2ec0ac64cab0dbd7d9211bcbc2e119c3d01bb8484113780fa64fc76be0f4f2d,41690437822268928,1025.958025822998
142701,1427,M,77,770000,56931866,739253,0.8020407114004123,6.484474594995845,114003.53092145527,1232,0.0009556012637175046,d654d78ff5a2e33d74f0eb785015f0caac255d9155923d806ad54b326c1cde5a,42238904597277696,1032.5822930990253
142701,1427,M,78,780000,57671282,739416,0.7877662978581984,6.262149379006587,118077.02998571702,1248,0.0009544612918702458,3940eb4d747721110c1f356353beb7fe6d9235457cf9817a6490a7fadf24be20,42787492305288192,1038.9461122290231
142701,1427,M,79,790000,58410464,739182,0.7737153561698534,6.568362512043677,112536.72412943775,1264,0.0009533060465497961,41a5b4d0b3988252f8b57fdd9cda10d1bcfb70617f2ac37175b85f61da460bcf,43335906403958784,1045.615579312027
142701,1427,M,80,800000,59150496,740032,0.7666813129373748,6.345108681998681,116630.3111717376,1280,0.0009521395633541162,a800a0285bc2be9a1b0af39001b43590f97cb1a481b0f5716af6bbe1f2544862,43884951134846976,1052.0629568360164
142701,1427,M,81,810000,59889519,739023,0.7392615619213226,6.334125838009641,116673.24251205935,1296,0.0009509562281993163,bce1f4ef74f15fa17263e17000f03d7e766e5ad8686a30cc9a51c4be3b12c24f,44433247268196864,1079.8012830120279
142701,1427,M,82,820000,60628772,739253,0.728832577336126,7.45738410402555,99130.33708441354,1312,0.0009497609427078874,fafc935de8963427ba737245a2cc4882d4ace3557ce6d3a1d6e08e0dd50a50fc,44981714043205632,1087.8947266599862
142701,1427,M,83,830000,61368188,739416,0.7136498862086881,6.92941159196198,106706.89569915463,1328,0.0009485529656835854,2441fe542e5b7cd29a6ba7fa89b3b33a25998256e6d5f163c7c788a204540087,45530301751216128,1095.7591180790332
142701,1427,M,84,840000,62107370,739182,0.6970377627340795,9.022612494998612,81925.4955712374,1344,0.0009473298213711462,0394ca2b8c32f591009843958d58d64001046bf8e55afcc81abf6add679c1612,46078715849886720,1106.3009803720051
142701,1427,M,85,850000,62847402,740032,0.6860034543317587,8.227994485991076,89940.75059967203,1360,0.0009460957815208782,6413f1b35e1092bdda816cbe1d4bfaa8fc01ff1b6c4f627654f0ee8cd5d08bf4,46627760580774912,1116.5925278069917
142701,1427,M,86,860000,63586425,739023,0.6553107683934366,6.989680861996021,105730.57834702908,1376,0.0009448449079368583,d3dbd4aa4e57419c902a39351ffdc5a5c9cc14ef3302f323208718f271cb0ea3,47176056714124800,1125.8497431580327
142701,1427,M,87,870000,64325678,739253,0.6451346037073569,7.486679385998286,98742.44132619908,1392,0.000943582384030366,c2e0b155887072e90797ce336ad907ee3ba262b8a1fe6deca44813d9f7518560,47724523489133568,1135.0477287130198
142701,1427,M,88,880000,65065094,739416,0.6370516189690315,9.0549041290069,81659.17490294795,1408,0.0009423074238981825,ea6b21b1325e8e5b18607a48357ac2d414f5db8af41533a94f9f1021923b1d68,48273111197144064,1145.941471920989
142701,1427,M,89,890000,65804276,739182,0.6224972364571508,8.498024121974595,86982.8079316212,1424,0.0009410174154959556,898baff4d182632522decd4f0db7114c7fb82ad04330e05511331b0c3a134462,48821525295814656,1157.696810288995
142701,1427,M,90,900000,66544308,740032,0.6086328794910226,9.653518253995571,76659.30498382829,1440,0.0009397168631120142,be5cca0e8ee7ae79b2a77ff34a65080504aad3ca900a464deccefc84461c771b,49370570026702848,1168.9761056639836
142701,1427,M,91,910000,67283331,739023,0.5820691131522368,6.372558338975068,115969.59348023182,1456,0.0009383995094627078,60ed71f3df32adfa32b7d9f75cfb5737a2213d9e7d2d2565047446f861c0669e,49918866160052736,1207.6848416650319
142701,1427,M,92,920000,68022584,739253,0.5706356389314439,6.470875192026142,114243.12447116249,1472,0.0009370708153624222,a31e15d4e5fbda60141da69424a932056912e1c65c7fba00143d0090be48c818,50467332935061504,1214.2537600880023
142701,1427,M,93,930000,68762000,739416,0.5583157786925543,6.512854770000558,113531.78078004903,1488,0.000935729950865915,99061cf97e055953cc381e7bc0df6807c983fb553d81aad07d94dad8c372f6c0,51015920643072000,1220.875413789996
142701,1427,M,94,940000,69501182,739182,0.5476911643446927,7.2165284440270625,102429.02882365858,1504,0.0009343741698497976,d7a519a42b45147a84f6d9197202499ec609335f0e522080d2b6849ed87a52cd,51564334741742592,1229.1286248650285
142701,1427,M,95,950000,70241214,740032,0.5478658723829115,6.835467261029407,108263.55708249749,1520,0.000933008205329341,dfc90cabfb4ef6f5359500f56a0ec4af6812fe64a136fa1134f0b93023a89e8a,52113379472630784,1236.4469857990043
142701,1427,M,96,960000,70980237,739023,0.5349584907111486,7.974616845021956,92671.91319183251,1536,0.0009316254862274545,b2e21e46092883a104eb0d2f72bad651e8102b9edad435a8fc8075bc4b1ccdf3,52661675605980672,1244.9810238159844
142701,1427,M,97,970000,71719490,739253,0.5356733208041256,7.147789425973315,103424.00369458784,1552,0.000930231746141235,d86b61e9f7d3bbca6afccc60fa3621bcf0aeb7f0ab40415c5d206354b87fcc93,53210142380989440,1253.5486198160215
142701,1427,M,98,980000,72458906,739416,0.5264038193395723,8.273373597010504,89372.97359171355,1568,0.0009288261117856345,50e210e5d82a54f9c52013d80643e8ed2ff6b916a3b3b7d4101ee6f0b46e073f,53758730088999936,1262.793866685999
142701,1427,M,99,990000,73198088,739182,0.5178359505881479,7.267947259009816,101704.37038926808,1584,0.0009274057052817213,5166f08d8ae00d25852aa21175204b3e21697959e20bee8c476c392f1948b0af,54307144187670528,1271.247448715032
142701,1427,M,100,1000000,73938120,740032,0.5150580794807331,7.375666867010295,100334.24954562377,1600,0.0009259754843671057,545625906f03ee0ee4315e05ade950e97ecbedc9e200f1664b6d55df9e7a72df,54856188918558720,1279.3908688580268
142701,1427,M,101,1010000,74677143,739023,0.511126160731251,6.503952854021918,113626.74616298957,1616,0.0009245285697310435,98fde1f424d172b9aeada51b7047f22c6173749e142372ea56b4ceb77ad0b0ef,55404485051908608,1321.7347252779873
142701,1427,M,102,1020000,75416396,739253,0.5110228870327367,6.5724607949960046,112477.3540776137,1632,0.0009230709629021482,4234fb5706dd68496c49da3668c3b697d8044aef475e559bccefbfd8abae0867,55952951826917376,1328.4989337759907
142701,1427,M,103,1030000,76155812,739416,0.5083807885188308,6.3036419749842025,117299.80905234597,1648,0.0009216017479944516,96e13c50b918a5b19e1f086aa5f1cbf4d1a212b0cf9e6515a95e54b3112493f7,56501539534927872,1334.9992976260255
142701,1427,M,104,1040000,76894994,739182,0.5063986942405855,6.776951938983984,109072.92934274812,1664,0.000920117917808452,97541be41ad2f9a10b3e3cc7563f0340f7896c12a621af0e95c3bd460d583827,57049953633598464,1342.2789910020074
142701,1427,M,105,1050000,77635026,740032,0.5045304399795272,7.534434398985468,98219.98053359485,1680,0.0009186246506093581,1cc314fb9e5620b1b3f53564893f3786e9059595791ad0de8530498ac961a581,57598998364486656,1350.3250017110258
142701,1427,M,106,1060000,78374049,739023,0.504000005340872,6.596240264014341,112037.00447840347,1696,0.0009171147646733562,f372c76c162eaeb071fc2b6a3572e46c81ca1e17cade5a7283763c06cb4814b6,58147294497836544,1358.5642416779883
142701,1427,M,107,1070000,79113302,739253,0.5034079929768895,7.947307500988245,93019.30243772172,1712,0.0009155945243826833,95c06e65b5b20e7f8c028307366ca6b264b7bcc58faf798498369f777c6c0098,58695761272845312,1367.0149241380277
142701,1427,M,108,1080000,79852718,739416,0.5029836853672836,6.91952192800818,106859.40556197423,1728,0.0009140629720253824,8018a5d9b9a037f94a99dc61e89c4b81f02d7e46395e185670a98d30590c1c2c,59244348980855808,1375.2079232939868
142701,1427,M,109,1090000,80591900,739182,0.5017092001802744,6.319093375001103,116975.95780500253,1744,0.0009125169736257728,060cd1888de0ebddbcffeaf5e62ffdbb8343c3c58289b3a1ba817c0e05af40dd,59792763079526400,1381.7206448930083
142701,1427,M,110,1100000,81331932,740032,0.4994902999036341,7.143037494970486,103601.86412588021,1760,0.0009109619235953322,02056b35bfe8f3697a0c5ecd35dc1164557916b93bc14bb216164ca04317b51e,60341807810414592,1388.9770106120268
142701,1427,M,111,1110000,82070955,739023,0.4997452056807985,6.433223706029821,114875.99899678885,1776,0.0009093903438736328,8c72a1c86e38f6948b0f0636fd2150e666f7ee9960e83a27b21e3e89e2a4821f,60890103943764480,1446.931699045992
142701,1427,M,112,1120000,82810208,739253,0.4992370066959398,7.063407887995709,104659.53711329111,1792,0.0009078087563962422,81716ac357b31ed82705e8306da3f4dc5ae1e0f208de0249b84187ce72e59a73,61438570718773248,1454.5488641980337
142701,1427,M,113,1130000,83549624,739416,0.49958974169239245,6.452108369034249,114600.6789887002,1808,0.0009062161624355347,6641e742b5a72d9b3ee0f21ab83ee7865706238b8b9677b96d39d2be32281b19,61987158426783744,1461.4999636590364
142701,1427,M,114,1140000,84288806,739182,0.4971818574625572,7.671487901010551,96354.45034106473,1824,0.0009046093038913071,e57180e40e354b6f5d5b043095b186c956053986bb9a06f8c02eaeb0bdecbc34,62535572525454336,1470.342727980984
142701,1427,M,115,1150000,85028838,740032,0.4956801697182674,8.217890668020118,90051.33189223737,1840,0.0009029937867570951,c80bfbc20e49bae2b3c4c9b18895c9962903b73ff901d0e9930e94afe584cc94,63084617256342528,1479.0972316830303
142701,1427,M,116,1160000,85767861,739023,0.49180930175027243,6.264725318993442,117965.74667997405,1856,0.000901361842963042,fb80f010be43f38f3d59f1ec99ebb5aa766c9fed66d4da4fc6046ae97346aa09,63632913389692416,1486.589930675982
142701,1427,M,117,1170000,86507114,739253,0.4935572859755484,6.452204984962009,114573.70026571664,1872,0.0008997202464798385,0a5d7c80a87e55ce2f6e43423577f9834223e7f7b91f9547276c655cb144c458,64181380164701184,1493.2318415190093
142701,1427,M,118,1180000,87246530,739416,0.4899500873172104,6.248248132993467,118339.73047510101,1888,0.0008980679584092129,2cc7813ac8987734a9108e1d726b9dfb1026f1b97664d35a89d11c6b32a22c9b,64729967872711680,1499.6404754600371
142701,1427,M,119,1190000,87985712,739182,0.4852993035177225,6.4229328710353,115084.80858229064,1904,0.0008964015992831172,1e3fa5b5cc24cbc47c6d899f9b697429ea7e079879b0290e4f4d61a3460ce6bb,65278381971382272,1506.1428478960297
142701,1427,M,120,1200000,88725744,740032,0.49105829239912246,6.946155988960527,106538.35030139364,1920,0.0008947269819339151,7e6a78b35bd2de2042c6e1a01e608192083e138954cf491c86c1f51e81ffc80d,65827426702270464,1513.2016736610094
142701,1427,M,121,1210000,89464767,739023,0.4874367456473206,7.864979810023215,93963.75042923584,1936,0.0008930360548548846,e2afc68930fcc20649dced4149b1c3c1e829d548dc25baac4f4d66c24ff75ca9,66375722835620352,1584.8906172949937
142701,1427,M,122,1220000,90204020,739253,0.48859927002324405,9.057746251055505,81615.556398906,1952,0.0008913358383203827,b85f522aa1ab06f29d23033a02ad4c35e2df4743cb15d9d1c838b3d46d70b929,66924189610629120,1595.0657293130062
142701,1427,M,123,1230000,90943436,739416,0.4880521912267391,6.371023259009235,116059.2215629405,1968,0.0008896252541405036,fd0c16f3976b27e02adfc81aca6854f64d571fc11c3c9b117782f4687670ec2e,67472777318639616,1601.6914384749834
142701,1427,M,124,1240000,91682618,739182,0.48643141611433843,6.555519933055621,112757.1889870613,1984,0.0008879008043387224,d75800373cb7c1889f027ee22c42ddf0362769240dbaf8532d97608144784491,68021191417310208,1608.380642705015
142701,1427,M,125,1250000,92422650,740032,0.4875164983553591,6.519910764996894,113503.39393799243,2000,0.0008861685036679944,e1fc892749ffdda7407411b30f2af444944ca1138fcaa15b8d34a573265a8147,68570236148198400,1615.0830546530196
142701,1427,M,126,1260000,93161673,739023,0.4839946501998559,6.375143382989336,115922.56920399937,2016,0.00088442002399711,402b49d4bfc86b25f84ff8a1b276d1898ea0e7ade8fb43b17732a0343cff3ba9,69118532281548288,1621.642443121993
142701,1427,M,127,1270000,93900926,739253,0.49300279866691005,7.012320301029831,105422.02413250192,2032,0.00088266262596424,e641cc8032cbdb2f023570abd4a78bd2e1ff7a32ad73bd347b5367f52307c22c,69666999056557056,1628.8334072169964
142701,1427,M,128,1280000,94640342,739416,0.49123164374132094,7.199843699985649,102698.89608874061,2048,0.000880895193000101,09bf6d2ceabb93bb9d2f0738ef925302905e90cc5f64396aa32b28fa13930267,70215586764567552,1636.6266991770244
142701,1427,M,129,1290000,95379524,739182,0.4861398407973377,6.5222619190462865,113332.15519012557,2064,0.000879114111579328,ca1ded85dfd2ac8841154af7d5bc406d6d7c3711055235a7079ff747afc08cc3,70764000863238144,1644.7937799100182
142701,1427,M,130,1300000,96119556,740032,0.4830661222852865,6.52427982998779,113427.3849810309,2080,0.0008773255932863867,64be643b3a282fe8740f7912dfd0f0e1f9c3c67fc115b2db287b7fcbef789674,71313045594126336,1651.5292160650133
142701,1427,M,131,1310000,96858579,739023,0.48223617531543056,7.77052148495568,95105.9721578281,2096,0.0008755210404120105,6c05e67dc523a27f9e1fe829f9820376c4681928c1800d438e49a07e4c39ed8c,71861341727476224,1720.7132972630206
142701,1427,M,132,1320000,97597832,739253,0.4888202785985069,7.454478852974717,99168.97137685225,2112,0.0008737079478149592,a95790ca649e73cf2bc6bac320189ff57916957feef3321e3b8b2fd465779a64,72409808502484992,1730.1335921150167
142701,1427,M,133,1330000,98337248,739416,0.4852350225637121,6.622538965020794,111651.4382030032,2128,0.0008718851614913003,082c01818579d1f41d53c061eb9bee5ac41ffda13865c7a73a046178f85ba04e,72958396210495488,1737.2790336080361
142701,1427,M,134,1340000,99076430,739182,0.48337764060113037,7.4102642009966075,99751.0992793735,2144,0.0008700489554242331,eb456eea84bbe23483f131217ba32ab3a52e32759915f7742f839f16d36d2660,73506810309166080,1745.2043762390385
142701,1427,M,135,1350000,99816462,740032,0.4833638421043562,7.93178501498187,93299.5534551426,2160,0.0008682057327741123,af7b8ecdb5bdc3655853cfdf4a40a15764bd193ea28a8b0cbdf1bb3a789fff94,74055855040054272,1754.3958392930217
142701,1427,M,136,1360000,100555485,739023,0.4810643027475631,6.364795205008704,116111.04147049919,2176,0.0008663466335281344,4f777f7c2f41d3a07aa9addddb3547600ec803d02362ee46a8a722619c72c316,74604151173404160,1760.86928483902
142701,1427,M,137,1370000,101294738,739253,0.4805873088979169,6.352446830016561,116372.95356914822,2192,0.0008644793804242497,398bc95242023029ac235ab0cdb826924065081546171e2957cb09c2bbf36e0f,75152617948412928,1767.3186756820069
142701,1427,M,138,1380000,102034154,739416,0.484751397803493,6.412649589998182,115305.8481712876,2208,0.0008626027830002804,774ee2de2859d39253d22c86d082fcb86acf2f45402cbc2642129a6b873261de,75701205656423424,1773.8250555460108
142701,1427,M,139,1390000,102773336,739182,0.4781752181100382,6.571187332039699,112488.34687696502,2224,0.0008607130059005702,3c7c503d3309744ebc82492b2a8a5637fb0930a00fb92bcaba9dbbdbcf6b4816,76249619755094016,1780.5720477980212
142701,1427,M,140,1400000,103513368,740032,0.4779863882995771,6.400325357040856,115624.1220121579,2240,0.0008588166384436509,984229619d89017ad2e65402558028077b81efb6dbbf392f49bff670407f1789,76798664485982208,1787.1168332149973
142701,1427,M,141,1410000,104252391,739023,0.47544658352092667,6.813446133979596,108465.37647291145,2256,0.0008569045658096379,08d0a323c41062efbf77062202e8c27cbc7c8517a3198268df3b57a44f726c6c,77346960619332096,1854.115735341038
142701,1427,M,142,1420000,104991644,739253,0.4795701375793067,7.658836793038063,96522.88199586474,2272,0.0008549847320814643,95f6a6fc09a0f5784a8e19b689dcf33371c51d5d8b736d28a9d8fc9ac98ab480,77895427394340864,1863.0667906820308
142701,1427,M,143,1430000,105731060,739416,0.47737972635234466,7.224243572971318,102352.03070483953,2288,0.0008530559113459561,d06503c56f94d142f14bea69e88e1144036998825fcf3b463d156bb20ec735dd,78444015102351360,1870.822555321036
142701,1427,M,144,1440000,106470242,739182,0.47376328295860837,7.397668263991363,99920.9444951752,2304,0.0008511141621536965,7e25a549ca5ad6d1a62c3393b557f88a80764fd3a22a4484e17bf066dffa38b5,78992429201021952,1879.739025789022
142701,1427,M,145,1450000,107210274,740032,0.47239738916697144,6.5954931220039725,112202.67936162277,2320,0.0008491662544061723,1baddddcfd363a6376ee82f6579638d1603a2acaf6f0ae9fec970557f132b2c3,79541473931910144,1886.436900989036
142701,1427,M,146,1460000,107949297,739023,0.46617532938610035,6.315756479045376,117012.5862914371,2336,0.0008472028261884652,3e4a46d4fbdf3611b77e4820bd15d0514ef70458c604681d26b913b64cf3760f,80089770065260032,1892.8529901389848
142701,1427,M,147,1470000,108688550,739253,0.47409387962716004,6.563068262999877,112638.32256135925,2352,0.0008452320362070047,f48bf3f22cb2c3cfe1f2afbdd2e4fec4aa4e921b156e98f923fb7ab840454e3a,80638236840268800,1899.520811273018
142701,1427,M,148,1480000,109427966,739416,0.4753879174232684,6.397776148980483,115573.90924310934,2368,0.0008432526241348647,bef969072acf8ab823c2e26eb8a67200f70617ae4ec7a88d474d321220290236,81186824548279296,1906.0103826160193
142701,1427,M,149,1490000,110167148,739182,0.47492054332367717,6.572587867034599,112464.37703897932,2384,0.0008412605457637279,bfd5329d87f559faa6cd2c920d0010a87b540b362331765b46effd1f9671e279,81735238646949888,1912.7556137730135
142701,1427,M,150,1500000,110907180,740032,0.47393383308800513,6.49031796498457,114020.91607722324,2400,0.0008392627458500237,77778db33b3b225dc33ab82a50af10c126300c9fadd0bc267405e230ff29a077,82284283377838080,1919.3914106020238
142701,1427,M,151,1510000,111646203,739023,0.4691659139820856,8.467359622009099,87279.0377391161,2416,0.0008372496233049151,b8beee39d5a13abb52c073746b386ab1920da4b2f7c0c7c1499c6f3692d8f1bf,82832579511187968,1980.0353846740327
142701,1427,M,152,1520000,112385456,739253,0.4813602724129103,7.867255038989242,93965.81098951849,2432,0.0008352295445552468,0e03cd45be9501423a1a691d6e99105b2c7d1a5f3051de4aad0f19b192b968e5,83381046286196736,1989.7492873070296
142701,1427,M,153,1530000,113124872,739416,0.47896288530868125,7.061849955003709,104705.7080950981,2448,0.0008332012159267038,41a08a0d48c7cd8c5c3d4afa4ddfcb760af45e93fa4a06c27ab99ec2e0b0692f,83929633994207232,1998.708725500037
142701,1427,M,154,1540000,113864054,739182,0.48431955296679724,6.528194741986226,113229.15893515476,2464,0.0008311604938738723,4f3c8ab856d83ef18818767a2c422593b8da2383fc00016d99c3032e446d1cbc,84478048092877824,2006.2425246280036
142701,1427,M,155,1550000,114604086,740032,0.475642589075615,6.4878228239831515,114064.76719191027,2480,0.0008291144921321667,a41ad5adff545799beea631a44f1aeba1c4d2ce2215b74bf616af23307d288f7,85027092823766016,2012.8357860830147
142701,1427,M,156,1560000,115343109,739023,0.46564296413447703,6.353859580005519,116310.8801342692,2496,0.0008270533785623109,62dbe9b0f965fd8dba6de745c8c6645aae97ca5d05e6eec0b82c4fe93c2abd9e,85575388957115904,2019.2899106949917
142701,1427,M,157,1570000,116082362,739253,0.47229282525283695,6.578888762975112,112367.45697242863,2512,0.0008249857202327326,8dc1ca3c58a33b6e0d2a1711422a6816d393293444afe7cef09b8ed22b5c9d69,86123855732124672,2025.9608242289978
142701,1427,M,158,1580000,116821778,739416,0.47158705977615206,6.371898029989097,116043.28828238722,2528,0.0008229101912163062,85085341b7e9c653b0801a42765afeb34e6cb8174353fa39c7880746d255a6b9,86672443440135168,2032.4252965319902
142701,1427,M,159,1590000,117560960,739182,0.4652580614015342,6.385048166033812,115767.64666117723,2544,0.000820822552136373,217d117004fdf906fc13135f9fcf6f93acf387bb73e8bfb24bdb2899d6811dfc,87220857538805760,2038.9088370780228
142701,1427,M,160,1600000,118300992,740032,0.46295939185499146,6.512552409025375,113631.63833805497,2560,0.0008187300796884032,b5454df2a6b6ced27b923cbc95fddb2b0309ee56f2d306854d2a4fcb093683c3,87769902269693952,2045.5407933000242
142701,1427,M,161,1610000,119040015,739023,0.4560389424387948,6.7537146910326555,109424.6698015314,2576,0.000816622719001653,35663e55afebc636838f10ea35b5d0b1cbdac76e8c2b2d3f0f0e68cea304f93d,88318198403043840,2073.848409928032
142701,1427,M,162,1620000,119779268,739253,0.46404754004158033,7.7915396930184215,94878.9365293749,2592,0.0008145092305375376,aff3d5f295728cf9d1ea589879d20e1ae522acba34fc76842a7d51b585c6e4ec,88866665178052608,2082.710211391037
142701,1427,M,163,1630000,120518684,739416,0.46756047893492936,7.640762637020089,96772.53896325376,2608,0.0008123882572379868,1b3e13bbb6e1907042857e3a681462d9d9afd421918fed1803b2c270c04233c2,89415252886063104,2091.441275507037
142701,1427,M,164,1640000,121257866,739182,0.46354592616216866,8.286235520034097,89206.00895458959,2624,0.0008102554674820348,c5cd00732f7baa4359cdc0e73b80f49f8ed9eba6198e1f9a4d0fa715137c0f35,89963666984733696,2102.0525316550047
142701,1427,M,165,1650000,121997898,740032,0.4642877173338198,10.515077840012964,70378.17610669135,2640,0.000808118294768395,1aac67e39a2a7233af7576d761d85383e6b7227adbaf189aff6f4a505d4fad0b,90512711715621888,2114.7779344349983
142701,1427,M,166,1660000,122736921,739023,0.4572227538450055,8.208945585996844,90026.54387923532,2656,0.0008059664700022808,c7cd3f972c312569910857e70ee3105211c99e0f8e9e5d3404a59e11b7bb33e0,91061007848971776,2124.9038443019963
142701,1427,M,167,1670000,123476174,739253,0.4641241340576297,9.09490080201067,81282.13996974748,2672,0.0008038089396258704,bb9fe17640950a0058805ecddb742705cb2902788c3d9aa93f0423caa0b3cf78,91609474623980544,2136.806386565033
142701,1427,M,168,1680000,124215590,739416,0.4669175073342421,6.405461742018815,115435.23789230495,2688,0.0008016443165983557,916e8373c9603d9103c4ff2e828f1b8bc524314c3cde2d32f79db01d6a0947a1,92158062331991040,2143.3194942370174
142701,1427,M,169,1690000,124954772,739182,0.46338536133525005,6.350104873010423,116404.69169914238,2704,0.0007994681807194464,83e8b5c9887803c12a84930517b73ef4a68a2c412199125f4b55bc622f5099c1,92706476430661632,2149.759191970981
142701,1427,M,170,1700000,125694804,740032,0.45759041321676597,6.561844599957112,112778.04415009108,2720,0.0007972881160016183,27ea3e9c31117cf4c0c918bbdc55f0d0f946befe23f3a894f2b5bd480bc6a134,93255521161549824,2156.4343332230346
142701,1427,M,171,1710000,126433827,739023,0.4498082960577347,6.336747502966318,116624.97198350624,2736,0.0007950936478147208,62eaf1cc8425e051e86a7d88fc461c2bdbf57f8e7d24655c672abe4aa47ce941,93803817294899712,2184.83524948603
142701,1427,M,172,1720000,127173080,739253,0.4555149071228706,7.005447420000564,105525.45122092152,2752,0.0007928939010121123,ea305f86378fd3bbc2b61399ac1cee33adaa5fea7bc0029c0e91455aef807d1b,94352284069908480,2191.9655831810087
142701,1427,M,173,1730000,127912496,739416,0.4591289037763792,6.64858929195907,111213.96848715919,2768,0.000790687459743821,4e996b74e0057ad0c726f68b9f598f2352c872f8fea66fb22bf3055b05da2884,94900871777918976,2199.1126210670336
142701,1427,M,174,1740000,128651678,739182,0.4570559154598227,9.437805966997985,78321.38132366394,2784,0.0007884698189701639,77b32cf7a1ad3dfc643415250fe9aeefa40820fa1dfc981a208add163811d26b,95449285876589568,2209.574123434024
142701,1427,M,175,1750000,129391710,740032,0.4551387474650919,7.9327349119703285,93288.38139836332,2800,0.000786248706800547,5845723e25da51866c55c0e373d31c7035385250a9624508eafc771ae412f280,95998330607477760,2218.129944750981
142701,1427,M,176,1760000,130130733,739023,0.44334120993688897,6.77835600101389,109026.87906764689,2816,0.0007840134519320385,b9c05226de209bdd9e2fd2a1054f72078a678b5fdc30f418265e59199c5f02b3,96546626740827648,2225.8165287870215
142701,1427,M,177,1770000,130869986,739253,0.44669454549955945,9.643454817996826,76658.522692551,2832,0.0007817733499086396,efd24abd0a9e32ae8f757f24bdcdba8b865b9bdab14d7c52fdc30aebb1436c05,97095093515836416,2237.115099657036
142701,1427,M,178,1780000,131609402,739416,0.4492351981879573,8.463532313005999,87364.94086088992,2848,0.0007795269572691667,1cedc0f481e5edf32b7044ff6883285e4476b355f72bc8f654db380ce50532fc,97643681223846912,2247.6763674280373
142701,1427,M,179,1790000,132348584,739182,0.4549951923674209,7.110527525015641,103956.00008571432,2864,0.0007772696879462557,e7fd3581e700d473501abc121942bb7523eaab19bacff964ea046e69ded31266,98192095322517504,2256.7889469169895
142701,1427,M,180,1800000,133088616,740032,0.4546545291688217,8.662549501983449,85428.89132472561,2880,0.0007750094076074913,1548ca82a84e8aa1afe38d1428a83327239462c7176ae576b7c382b65dd04da7,98741140053405696,2266.049983073026
142701,1427,M,181,1810000,133827639,739023,0.4399155254391665,6.755967132980004,109388.18757604327,2896,0.0007727352573061487,f263c45b41383a3e7c2c2f225b51f2c07a0d30b1dedafb15cbd51ed354aff6bd,99289436186755584,2317.4760804690304
142701,1427,M,182,1820000,134566892,739253,0.4437900479000344,7.04003814898897,105006.9593878785,2912,0.0007704566954119134,cc1d9cf8d43666496cba0e8f53369dd96716e920a03dd9fa9af37be6781a7f90,99837902961764352,2325.0364122739993
142701,1427,M,183,1830000,135306308,739416,0.4454141775096975,6.91000312397955,107006.60864161258,2928,0.0007681722520737011,1fadbd16dcbc57c6add1ce4a6897041e9b134e097cb386812aebd2fef4aa5b39,100386490669774848,2332.4519561959896
142701,1427,M,184,1840000,136045490,739182,0.44457599001524833,6.79429887997685,108794.44856016086,2944,0.0007658772640767394,ec07ca0b8d49643815affce0d5bb486538e88b36a54905a7dd1a485557d97a8f,100934904768445440,2340.5991429649875
142701,1427,M,185,1850000,136785522,740032,0.4410530637624632,8.590837730967905,86142.00653940448,2960,0.0007635797279916508,20693814f1d97d2fafb35b8762f9255d8847806b2a80555fb771c59c1d5480a0,101483949499333632,2349.849131792027
142701,1427,M,186,1860000,137524545,739023,0.42780945714454083,6.6321989630232565,111429.55814810476,2976,0.0007612686064156701,75bff4cdebe7abf522b70ec8f927d66dca817f921c70d291f6a8a4089312cf25,102032245632683520,2356.8779756540316
142701,1427,M,187,1870000,138263798,739253,0.43690824511936466,7.110225620039273,103970.39974603742,2992,0.0007589535125414423,50bd9b5c021acf76ab3e53cc4a81b10f21afbd0bafe92a7b0fde284d688c00e6,102580712407692288,2364.615595448995
142701,1427,M,188,1880000,139003214,739416,0.44004271017483215,6.816596513031982,108472.9011885012,3008,0.0007566329513716239,79dbc53ecf3db257ea58df03f6bcf4db5dd971551d7e6044bb63d5ad3fcf000a,103129300115702784,2372.075167800009
142701,1427,M,189,1890000,139742396,739182,0.4394988700836633,7.5320968010346405,98137.61287540315,3024,0.0007543021864895782,15f396e03f4a919a0e6e1acdbfbb1e6c800bf8307cf5784a65c488430ae086ec,103677714214373376,2380.515085196006
142701,1427,M,190,1900000,140482428,740032,0.43331401905654304,9.308071478968486,79504.33144739986,3040,0.0007519693386030693,89e7b5f470c8ae61aba2481f6cf3546e36f006fe7a3fe26f7a19591ebeb722ce,104226758945261568,2390.749022550008
142701,1427,M,191,1910000,141221451,739023,0.41881632200503155,6.566768767021131,112539.82380366979,3056,0.0007496232011920358,fbbba30b5f59c7c9108c9fac01c869a81beb667287fab99a60981a3dde59b5c6,104775055078611456,2432.115191215009
142701,1427,M,192,1920000,141960704,739253,0.42490121342635867,7.642990202992223,96723.00766663068,3072,0.000747273534138362,a9be88cfe8459459cc076b9791ad5a41f19b5fc9e176ef0ae92e96899ffdcec8,105323521853620224,2440.2357594450004
142701,1427,M,193,1930000,142700120,739416,0.43122780253090953,7.391380117973313,100037.60978304887,3088,0.0007449188185633619,bf997d56691ba060b538c638272ccc28eab1a3bc412b17f07179239470d302d3,105872109561630720,2448.569194921991
142701,1427,M,194,1940000,143439302,739182,0.42782305999848275,6.545424545009155,112931.10094189714,3104,0.0007425542488560157,d698d28f0797f39aead7070b89ba8d2ea4d353ead45edf4dc107dd3ac1e4c6dd,106420523660301312,2456.3547629159875
142701,1427,M,195,1950000,144179334,740032,0.42588813322891284,6.553332718962338,112924.5273719564,3120,0.0007401880629902996,04f3be1d1692dc35d0ef1d84f874777255b07a6ab586ffbb5a4978721b30e54a,106969568391189504,2463.1579035350005
142701,1427,M,196,1960000,144918357,739023,0.4102094739733713,6.304610806982964,117219.44821422771,3136,0.0007378088948106913,85b161f3691de91084d9656e8f5095f55cbf10a5c05a37bbc065191f4b1e0b0f,107517864524539392,2469.6383080150117
142701,1427,M,197,1970000,145657610,739253,0.41675829070227277,6.527771927008871,113247.36958736509,3152,0.0007354266426304794,55ac6b8878a4f7fb342eb311cc48704b91ce770142b3dddc34b4a7d8f5590742,108066331299548160,2476.289285945997
142701,1427,M,198,1980000,146397026,739416,0.4246768495844535,6.4051100490032695,115441.57623256826,3168,0.0007330397649747582,0016338e53ee94e9fdff4b79db79791d3e9b61cd074deeec6443ab8dbd4a5859,108614919007558656,2482.850265775982
142701,1427,M,199,1990000,147136208,739182,0.42016750352475957,7.0886932060238905,104276.20134157472,3184,0.0007306433911041524,522099e4e342cab496cf55976ba4d8fe28b079b26e78e5380f0bf7e692038c23,109163333106229248,2490.026325586019
142701,1427,M,200,2000000,147876240,740032,0.42088339445366846,8.692834476009011,85131.26553167247,3200,0.0007282458692887011,350401c12c0dcd427a948834aad3704c73dd1e75e0bdc82221bb6671069a1d61,109712377837117440,2499.384162348986
142701,1427,M,201,2010000,148615263,739023,0.40706859260388467,7.626472742995247,96902.33282204764,3216,0.0007258356833543235,59447f0f69076bd00d8c38d4076dbcdb7cdcc884e9318c3100f7d427b00f7e47,110260673970467328,2568.98481414502
142701,1427,M,202,2020000,149354516,739253,0.41485761630027057,6.570267662988044,112514.89861887918,3232,0.0007234228616707514,0059f5a52896f1a83fa28e07b9d73ab59d646694ed862cdcbb4d3ab1b2024ddf,110809140745476096,2575.6933637590264
142701,1427,M,203,2030000,150093932,739416,0.42737470279108597,6.360542829032056,116250.45532670738,3248,0.0007210058414711014,299826ff034b1958260e9bde4ce899e8d2251703dda03fd61bfc1aca98067cd2,111357728453486592,2582.187053989037
142701,1427,M,204,2040000,150833114,739182,0.42165087361679726,6.541119865025394,113005.42036422847,3264,0.0007185796910087739,4eba68771dcef01a26d86bcb252f6f2de5c8662c9d48db9cc1807acfaa6d9a23,111906142552157184,2588.9053990130196
142701,1427,M,205,2050000,151573146,740032,0.41719033917753506,6.46252772398293,114511.23021935909,3280,0.0007161528617864013,d3958c7a38150e87a45b986c2fba153a66ade61bcc0894278a6f3adc9e186750,112455187283045376,2595.5640676980256
142701,1427,M,206,2060000,152312169,739023,0.3998212903513846,6.285130691016093,117582.75783451131,3296,0.0007137136973551772,03142af60c6fd197ea08e0a1e2ed6328129c38832ca285788a83d34e97af389d,113003483416395264,2601.932986619009
142701,1427,M,207,2070000,153051422,739253,0.4042560772357149,6.362842747010291,116182.81786821666,3312,0.0007112723476562749,9b409b630dec9740a46a94d362ce49d360019c2ea0d11160e7dcc8ed8d8790bf,113551950191404032,2608.4728977290215
142701,1427,M,208,2080000,153790838,739416,0.4141586800051307,6.320888239017222,116979.76171066823,3328,0.0007088272299530893,807259c7ac9d04124060b3931f4de5ce43d1844983e549669f159187b228cc36,114100537899414528,2615.0099647879833
142701,1427,M,209,2090000,154530020,739182,0.4135668421307954,7.187050367007032,102849.14704275604,3344,0.0007063733556645476,f1fa9fcd393906bf27523030b359221eca1cc3fe018eef119ca4d92bfdc8f774,114648951998085120,2622.2964038220234
142701,1427,M,210,2100000,155270052,740032,0.40983677878466834,7.814473060017917,94700.17931040167,3360,0.0007039192723750596,15e483b2fc34ec36cae099ef0fe4b5ec6e96a1284d4330b91f19382750f73598,115197996728973312,2631.2314912470174
142701,1427,M,211,2110000,156009075,739023,0.3905646292716961,6.451064402994234,114558.30446476175,3376,0.0007014531932236135,a1424387774c94c8501376539872ced5a39b0be149726f94f824eb902bd94d77,115746292862323200,2705.438911092002
142701,1427,M,212,2120000,156748328,739253,0.40014065970543755,6.464183851028793,114361.38220022096,3392,0.0006989853811349595,e20641936c4dda1f1515d6db2e7bdf8dc0d61575ba5acd1248f916c835b92d01,116294759637331968,2712.0028281949926
142701,1427,M,213,2130000,157487744,739416,0.40852141189166596,6.3118610180099495,117147.06611729682,3408,0.0006965142347419255,063a0816e0c21ce87179e0bc40cfac4badb0b249353fe0274262f98cf7f1d159,116843347345342464,2718.4125240430003
142701,1427,M,214,2140000,158226926,739182,0.4061791428442912,6.552764585008845,112804.60184561968,3424,0.0006940347128498012,bcf112417be0d783e582c3ebbd0d5d7361d9ba2b1017ed55c9f85e4688a7bd0b,117391761444013056,2725.074327956012
142701,1427,M,215,2150000,158966958,740032,0.4017827854064327,6.521010315977037,113484.25537479336,3440,0.0006915554518926658,2c5f21f21aa561e1558ed309abcc6a4a1fb824d93ed9e3cfc00951287fa6008c,117940806174901248,2731.713414599013
142701,1427,M,216,2160000,159705981,739023,0.3855879654315384,6.544004921976011,112931.30259089818,3456,0.0006890645445701622,965af41786873b2cfa3dcf0e6a89971726e2cfa3d02a281f8a0c5aa6ca6e723a,118489102308251136,2738.3494518810185
142701,1427,M,217,2170000,160445234,739253,0.38649133641332806,7.820596693025436,94526.41902110622,3472,0.0006865723581071594,72cb34f0b13c9a25f39fabfffc260823056b43df732b111e6656152ee8d041b9,119037569083259904,2746.687463026028
142701,1427,M,218,2180000,161184650,739416,0.39445656513826516,6.5538596179685555,112821.4583621476,3488,0.0006840772738608336,885d0c6f8a0b2d6930ae47ad795bbe0f1c02d3fa0cee943fffbdf625a75e5777,119586156791270400,2755.350288725982
142701,1427,M,219,2190000,161923832,739182,0.3964714744661414,7.0806055999710225,104395.3076560323,3504,0.0006815742022881921,7f1c289bc6e38b1149e03201a7506c297ff88fb6967c2c0ff58df4cf8c1c3d4d,120134570889940992,2762.998011668038
142701,1427,M,220,2200000,162663864,740032,0.39267269869705573,7.484229997964576,98878.84260655544,3520,0.0006790718613656978,9b24a9c23b58a68137e1492262609c9230b551b750440b898a9e70b4a8179636,120683615620829184,2771.8918327130377
142701,1427,M,221,2210000,163402887,739023,0.37611666661139515,6.577628885046579,112354.0128084874,3536,0.0006765582334284125,54375627c86b4262e32cd31a98630aa1bb4fb700b5da70addb0c4f3ceb756095,121231911754179072,2844.385301211034
142701,1427,M,222,2220000,164142140,739253,0.3760591612998373,6.852437321038451,107881.76022133538,3552,0.0006740437812296174,940b33a1d41371df752dab32e604e9a577387d690ed44b59eab8233feb3e1885,121780378529187840,2851.754971404036
142701,1427,M,223,2230000,164881556,739416,0.3874758824015891,7.6350281490013,96845.2225152201,3568,0.0006715268702203704,bbda6c9eef8448cbb760f4e5389ea7255dc08d821a3c4b92db23bb30c4745354,122328966237198336,2859.866980994004
142701,1427,M,224,2240000,165620738,739182,0.3868638935452031,6.832586620992515,108184.79750098287,3584,0.0006690023668156582,806ad2327cb2da47fd50acb987e1649b00367c01b9579df397d24f840c1ea489,122877380335868928,2869.244507748983
142701,1427,M,225,2250000,166360770,740032,0.384832792083955,6.943314494972583,106581.95023944716,3600,0.0006664790631580475,c61e51d8488e124e8f830117548c63b1103a410a27bf366488c02f0ca6f3a468,123426425066757120,2876.6918473709957
142701,1427,M,226,2260000,167099793,739023,0.3673284102962694,7.5199565590010025,98274.90281382375,3616,0.0006639448413861654,62f73d2308a2bd8dec771fa8d0c5f00370669f51edc752fb230ae683e5d7f588,123974721200107008,2885.6920180310262
142701,1427,M,227,2270000,167839046,739253,0.3682975377484573,6.4194008110207506,115159.19036101614,3632,0.0006614102509291699,2d4a683bcdf8f228d2c2057e5b880e408351209561459e6b6c9ce1e745e47060,124523187975115776,2892.356955695024
142701,1427,M,228,2280000,168578462,739416,0.3793212810611728,6.39438000402879,115635.29216814291,3648,0.0006588736427149929,7da79cdc27523a4645d2fccbcb83066e2ac4fe7a38bbabc95884e93d476862b0,125071775683126272,2898.903585689026
142701,1427,M,229,2290000,169317644,739182,0.37578827977878143,6.659291806980036,111000.09151501895,3664,0.0006563298434601255,98407d6930d5071164322669c16eef5ba19bea6f1fdc2a62761e459592031bf7,125620189781796864,2905.713683445996
142701,1427,M,230,2300000,170057676,740032,0.37291926574172996,7.052477280958556,104932.20616223193,3680,0.0006537877120342087,55266198f0456f98d3d0853b619c1e3332438bc0e56a609df5a8258118586c84,126169234512685056,2912.9617501330213
142701,1427,M,231,2310000,170796699,739023,0.35494456304746064,7.500043674022891,98535.8262058761,3696,0.0006512350406323542,ab10da09dc4e3952a037b6ff7bca74c6e970d07780404fb8fb813b01c3aec748,126717530646034944,2985.650443347986
142701,1427,M,232,2320000,171535952,739253,0.35932793350738446,7.940496901981533,93099.08550125133,3712,0.0006486824564337272,f2a1cf48da8c16d0107e060ac0ebc3e8fe8451c54f4005d2786cc0bfa3fc0b5d,127265997421043712,2994.0755143350107
142701,1427,M,233,2330000,172275368,739416,0.3643967945649463,6.345397819997743,116527.91849704122,3728,0.0006461282972384134,dd0b254aee23dff74311dfb3ee13edba63d14bf5200313d969e321f918ba92ea,127814585129054208,3001.0014118960244
142701,1427,M,234,2340000,173014550,739182,0.36747390567180854,6.577593335008714,112378.79302537038,3744,0.0006435673544415221,9c2f0fb641f577dc1c777c341d68d4142792012ff0e452e0e56a482ed26d2c62,128362999227724800,3007.6726538040093
142701,1427,M,235,2350000,173754582,740032,0.3617330286511704,6.4825180870248005,114158.10801688686,3760,0.0006410085461442804,7fbe9b6035ae9c89ddf81bed5c4f3d89b2c2b72a4df66dac8b9191067354795b,128912043958612992,3014.461374378996
142701,1427,M,236,2360000,174493605,739023,0.3454748430176284,6.317869089951273,116973.45884792617,3776,0.0006384395849273069,429f1bbf0d8faabba2082c597b954b153fd7c58d5b8c015684dec2b16a857f3e,129460340091962880,3020.8713364150026
142701,1427,M,237,2370000,175232858,739253,0.34704507180268157,6.4056326990248635,115406.71073952418,3792,0.0006358711667281195,83f14a40ccf7fd0437cf7db1c8bef968d9ff22a30c195b06d4e5f42993046293,130008806866971648,3027.388924796018
142701,1427,M,238,2380000,175972274,739416,0.3525985736992255,6.565403647022322,112623.08302024283,3808,0.0006333016176253438,2a7f54b40bdc22109a940ca214c7b63a780d762ae774c32a04eb5c209050ef6a,130557394574982144,3034.051859906991
142701,1427,M,239,2390000,176711456,739182,0.35347695507480675,7.118460353987757,103840.15127455346,3824,0.0006307256980997079,8e26be8e273bed824abb6e21ad388eeebad0cdab76449c4534e274b15218d210,131105808673652736,3041.6594295960385
142701,1427,M,240,2400000,177451488,740032,0.35390705016361823,8.613720082037617,85913.17026231272,3840,0.0006281523779384215,4878c3ba216bd0b09e943b66edac71f06f58144c06d4e787eebe6fbdb35df01a,131654853404540928,3051.449216396024
142701,1427,M,241,2410000,178190511,739023,0.3367968576480342,7.4515352779999375,99177.27990658602,3856,0.0006255693005039924,8f006eb52f27736821fd8f0039ce744c106a54df95ca4011a782c7a24a07190b,132203149537890816,3112.851658147003
142701,1427,M,242,2420000,178929764,739253,0.3366106521669773,8.126699124986771,90965.96153376151,3872,0.0006229872214424606,9c32e991389ea253187461246f26ba1059e77f4da9fb1b24773c9b1d4f978cc4,132751616312899584,3123.1717480740044
142701,1427,M,243,2430000,179669180,739416,0.34031658112207636,6.346152134006843,116514.06779830008,3888,0.0006204044565272966,5ee95ae57fcb3f374145a974d6babbc6be89a354c1f8424b727074b85ebf5059,133300204020910080,3129.634909016022
142701,1427,M,244,2440000,180408362,739182,0.34026139927809135,6.501038148009684,113702.14774486491,3904,0.0006178157397580033,62890158b321191f62cb2269977c1566f39ee5b8647040294f695b671359c188,133848618119580672,3136.2698141520377
142701,1427,M,245,2450000,181148394,740032,0.33688991353873265,6.729582528001629,109966.9997240906,3920,0.0006152300850184371,bce1730482b1fe199aac40faabe284fc5e31f5726212c5cd29336a0f042c2bd2,134397662850468864,3143.1512689100346
142701,1427,M,246,2460000,181887417,739023,0.32278318775200004,6.586004139971919,112211.1350514807,3936,0.0006126350769079449,75a1c1b0db798155b2829273e227adc020734c67a06297253f01ba741972dd78,134945958983818752,3150.254905368027
142701,1427,M,247,2470000,182626670,739253,0.3254561936813728,7.93060337199131,93215.2278111444,3952,0.0006100415216807381,0a1c2140d7361ad1b9bdc44430d50eed70d9307d7b6e683a0db002837f00701e,135494425758827520,3158.693924812018
142701,1427,M,248,2480000,183366086,739416,0.3307128952286941,6.36602698097704,116150.30885189817,3968,0.0006074477262301559,82e576346deb3c3385849d0ef70879bd6f23f9548c423a01a9a4be8de853f4fc,136043013466838016,3167.293058718031
142701,1427,M,249,2490000,184105268,739182,0.331358039950603,6.66114275099244,110969.24771502153,3984,0.0006048484025300383,22637bc16cf5e1cb2fa140e7287477e16e67858d219bf8097426cd490bf91f6d,136591427565508608,3174.0766216620104
142701,1427,M,250,2500000,184845300,740032,0.3273690484247024,6.5043076170259155,113775.67660896986,4000,0.0006022526009342426,499304ee4232e4b5cbf444516c24d8dc8612af0a35e051f97b5bf99d8355da4a,137140472296396800,3180.673908789002
142701,1427,M,251,2510000,185584323,739023,0.3117673098928474,6.808923014032189,108537.4292640675,4016,0.0005996478577836232,493d9b0ca7ad66e4c335c2200becbb36b20cc8fdddb752dd279f9a9d725f755a,137688768429746688,3231.3462550709955
142701,1427,M,252,2520000,186323576,739253,0.3149812550136634,7.988927723024972,92534.69622329806,4032,0.0005970450207973925,46c33c88e93167728797a803d476a6190d7566e4904275bbfc87e3b135b07a97,138237235204755456,3240.242999563983
142701,1427,M,253,2530000,187062992,739416,0.31882079672726743,7.855948309006635,94121.80056636565,4048,0.0005944423894212965,f85607003af3e89b2060e1e1c51e55bb30db069c7b2096a29927d8f10ceda884,138785822912765952,3249.027030095982
142701,1427,M,254,2540000,187802174,739182,0.3176386318216986,7.890255047008395,93682.90322633642,4064,0.00059183465807771,2373d3291aaf19679b43e130b5b207f4906769258c4a3379c7e41b200b0f120f,139334237011436544,3259.7191009630333
142701,1427,M,255,2550000,188542206,740032,0.3159017776918176,6.960374736983795,106320.7123127806,4080,0.0005892309059329881,44c493f1ed9088fd5e4e4b49ed47b3ce0114aeb0f126ba4f5e0624832787bea6,139883281742324736,3267.167425738997
142701,1427,M,256,2560000,189281229,739023,0.302814649430601,7.554823098995257,97821.35072074491,4096,0.0005866186316149927,6112b2755adf97c2caa829836a99b4a0bb93ffc3ae92f23439c34d5aa8b5cdc7,140431577875674624,3276.216346059984
142701,1427,M,257,2570000,190020482,739253,0.3023008006641831,6.363057865994051,116178.89001933699,4112,0.0005840087151296848,7e1d5c72d2f3a9ac15d4753e9844ec4daf4b26c19789ad8d2a1ff7ef4c1b1a8a,140980044650683392,3283.477173141029
142701,1427,M,258,2580000,190759898,739416,0.30203872033883344,6.375868211034685,115971.0294388294,4128,0.0005813994499140544,72d5a321f72a4e8f6a0bbb7979c6781e8f7cad2f94cd6140ac591038fc867114,141528632358693888,3289.952746964991
142701,1427,M,259,2590000,191499080,739182,0.3032938417218442,6.620088373951148,111657.42181154978,4144,0.0005787855173280595,c939e1cb730b2fdc92fcb8711a768def3957304c10abba9bde611933d0e36896,142077046457364480,3296.6586113399826
142701,1427,M,260,2600000,192239112,740032,0.29887686736967434,6.469960279006045,114379.68211354896,4160,0.0005761760176686732,a37b1124cac39c73a3906ce3464f9167367ab33b5f5c201e7d29982efa18cb17,142626091188252672,3303.2223914689966
142701,1427,M,261,2610000,192978135,739023,0.2911733187368723,6.592686755990144,112097.39327119106,4176,0.000573558422428173,ec6f7b73145009bda305ff9bf76a0fb7d1061595dee71290218f62f818cea55a,143174387321602560,3334.889728315
142701,1427,M,262,2620000,193717388,739253,0.2915388450019437,7.474986434041057,98896.90189047634,4192,0.0005709436346936967,a50f48d047eef4b8a09cbd8b75a2c1e4d25bd01bcd99f3acf81555ae30cf3bb5,143722854096611328,3343.339211588027
142701,1427,M,263,2630000,194456804,739416,0.29373552795626406,6.815180486009922,108495.43919164865,4208,0.0005683299433374017,76930f1ae625b50e241e72420be212af4db8262af725793dd916e53de1e33ede,144271441804621824,3351.0793085600017
142701,1427,M,264,2640000,195195986,739182,0.2925325996640803,7.95348714402644,92938.10206950185,4224,0.0005657120211569303,646b7367f2d0a01212d7e8ec1d97998540c1862b5a78db007d6768eaba20c319,144819855903292416,3360.779926543997
142701,1427,M,265,2650000,195936018,740032,0.28776134196567377,10.106921364029404,73220.31836853689,4240,0.0005630989818801122,d352faa06c6825519645ed8d48ee44ad1a844121304bf15a1924ff3140b08c99,145368900634180608,3371.8059109440073
142701,1427,M,266,2660000,196675041,739023,0.2759769432810361,8.123018484038766,90978.86474740085,4256,0.0005604782804640099,ec66b3a726da193d8096a3c5675abf8149fe95ec3f7bd90697c4e3b65cf14ef5,145917196767530496,3382.2722599410336
142701,1427,M,267,2670000,197414294,739253,0.2800431074190182,10.208844988956116,72412.99097005789,4272,0.0005578608338518374,d787754016416d6c06a570608571916caa529567ea2dd60411eb77d209181061,146465663542539264,3394.632210388023
142701,1427,M,268,2680000,198153710,739416,0.2774467033952046,6.296464672021102,117433.51841322328,4288,0.0005552449277987047,2e14985b30f0ee136c0eb94dd3a1e382ac4a5fd1007f0e94c56fa9198787b11a,147014251250549760,3403.0145898010232
142701,1427,M,269,2690000,198892892,739182,0.2776415574851272,6.558967151970137,112697.92680360805,4304,0.0005526252310472832,d7838de811ee8e14442790e55d7559202eb2d18831ddaa992f5dcf74ba5dd125,147562665349220352,3409.7406271310174
142701,1427,M,270,2700000,199632924,740032,0.27454145412373726,6.39596078399336,115703.02335999568,4320,0.0005500108630451358,9a43921ca57ebf167e52f8938e4b27dfc0b2b11a1f80f313f0ba173e18cdb6de,148111710080108544,3416.2389584310004
142701,1427,M,271,2710000,200371947,739023,0.2699661808703628,6.296968228009064,117361.71650236509,4336,0.0005473892728284686,70707fd6cf38141e6fb00cdda5df66a9dcba3b14d3772f7e634b6e504c85ccd2,148660006213458432,3444.987905137008
142701,1427,M,272,2720000,201111200,739253,0.272425230657017,6.981226789997891,105891.56064363057,4352,0.0005447713819597485,c0f664e098ad3660c43e78698f7f3b87455723573ec543cc769878c9ada60da4,149208472988467200,3452.1592118270346
142701,1427,M,273,2730000,201850616,739416,0.2698223385448995,6.5231602290296,113352.4203053337,4368,0.0005421554745274596,dc5e208ee05f43a43db8099138539691c31909cbd0bf316b8ccd63c8e53c5105,149757060696477696,3459.203074057994
142701,1427,M,274,2740000,202589798,739182,0.26995436527903655,8.56751984800212,86277.24395320444,4384,0.0005395362197300787,04c4a444cab11015b3fb7b2d160c8e3ca61b29d6f148f4f91bf85595d80ee3a6,150305474795148288,3469.0397072610212
142701,1427,M,275,2750000,203329830,740032,0.27025520679633797,7.258966073975898,101947.30109747818,4400,0.0005369227350189388,acd677e12bd9cea25c43e44036a7df7add167d4255994d8ea2224762cd514566,150854519526036480,3476.76228075003
142701,1427,M,276,2760000,204068853,739023,0.2630582707669986,6.8790697020012885,107430.6602511965,4416,0.0005343024741287583,cfa5598e830d591fc68ff45d92b832df0cb928b0d7fe209916609632e900acaa,151402815659386368,3484.483300917025
142701,1427,M,277,2770000,204808106,739253,0.2647080079716381,9.300796266004909,79482.76457812799,4432,0.0005316863540005237,9582e71e4b7b4d7f74b3352a9cf365f119f655e62c1d265236fb4a68843c2138,151951282434395136,3494.7132223779918
142701,1427,M,278,2780000,205547522,739416,0.2637846326884301,6.874514890019782,107559.00770154159,4448,0.0005290726585079273,37d5a3119bce193d6c532bc06149bfc11d103ab7a4b86a156b8bcc4ef1bb20fa,152499870142405632,3504.0608899280196
142701,1427,M,279,2790000,206286704,739182,0.2651748149517607,9.550390436023008,77398.09225096053,4464,0.0005264560618156401,3417e452b635c61794cf5b324b6f37dd68f172faf7b9622d9cad89bf187b8b1a,153048284241076224,3515.3330907479976
142701,1427,M,280,2800000,207026736,740032,0.26438920773210733,9.682239175017457,76431.90656862344,4480,0.0005238456716644924,fd4b07ba5f8cf3ec6808994fd2b1384a24c7e226ed53d4c12567de12a1eae54d,153597328971964416,3526.941182686016
142701,1427,M,281,2810000,207765759,739023,0.2555533366861928,6.1761558940052055,119657.43946284156,4496,0.0005212289571031068,a23bff996f7b4ada7e2510adb30c780bfefaaea8e6f0787b5a2f07bbe37a7b60,154145625105314304,3559.312812993012
142701,1427,M,282,2820000,208505012,739253,0.2581332823903643,6.754196337016765,109450.91956366164,4512,0.0005186168212141685,741da5b6485f3017fbb2816580528952c76906fdacbc126540a379bf9a85283a,154694091880323072,3566.161005367001
142701,1427,M,283,2830000,209244428,739416,0.25427536461997463,6.572898639016785,112494.66036351451,4528,0.0005160075491085908,04c302c0f4ed564ad1c34b03ca0ce2f3085e8626d95c70ff852d66da4474c0b5,155242679588333568,3573.2239858360263
142701,1427,M,284,2840000,209983610,739182,0.2538997888741898,8.089082055026665,91380.20791131204,4544,0.0005133958244234289,09d83883ae669064181e624a97935e8850d05ce936a12bfcd8910f6cf23eab13,155791093687004160,3582.0795210630167
142701,1427,M,285,2850000,210723642,740032,0.24974719414679658,6.844187984010205,108125.60989395768,4560,0.000510790737482951,890f40dbd52f363ac9b74a9cf03c55163b158bfb02a5ba32c1d1eab42197d419,156340138417892352,3589.0196265740087
142701,1427,M,286,2860000,211462665,739023,0.24394678364919703,6.578296368999872,112342.61251630975,4576,0.0005081797832521203,27d76cfe275b1300c9741393869e3b9144c6c007043d2479e51c024fe069bdac,156888434551242240,3596.0732661710354
142701,1427,M,287,2870000,212201918,739253,0.24711853171907064,7.361991499026772,100414.81304314554,4592,0.0005055738417302244,972827924da8085b606b4346d41f757e3d3089062b56f8f95f2e93f6d80f2c8b,157436901326251008,3604.798309909005
142701,1427,M,288,2880000,212941334,739416,0.24463115610140448,6.7169287909637205,110082.45330734127,4608,0.0005029712007163652,2fff71f7c2445ce19b6d7b3d2f39f9c829a0ea096b12732f93c2c2fac3b8e532,157985489034261504,3611.6956197349937
142701,1427,M,289,2890000,213680516,739182,0.241162589637767,7.39380041602999,99973.2151813877,4624,0.0005003665578181551,956b5ce1ea5bce8047acdfc4227cdb280ea1e854bffb2d8388a7ea793b8b5a44,158533903132932096,3619.931955389038
142701,1427,M,290,2900000,214420548,740032,0.24063709971299171,7.525013361999299,98342.9482978862,4640,0.0004977689782519791,37946d4e27692baf82034f1efe1a803bd663a1d8e1b547af84cc3acb82e97beb,159082947863820288,3628.2144265869865
142701,1427,M,291,2910000,215159571,739023,0.23439630002157077,6.679135636019055,110646.50282210433,4656,0.0004951659934796489,c7735e7c2a130bcfc8a64bd633d697ec8f13e87452b901f9eab23f1b836372d4,159631243997170176,3681.8370138499886
142701,1427,M,292,2920000,215898824,739253,0.23832794518181746,7.7891154019744135,94908.46673200034,4672,0.0004925684512114886,1e5a06b105271502c40b204b4ac155c1fc5ec308ec84d313440ce8bd03a0202c,160179710772178944,3690.1328567250166
142701,1427,M,293,2930000,216638240,739416,0.23850137695513904,7.147064094024245,103457.30642295982,4688,0.0004899746433834818,b13f4d75515e050dc44d542c9c311c36fdb17d832bd9b08b39f4b2664cb66904,160728298480189440,3698.3028255690006
142701,1427,M,294,2940000,217377422,739182,0.2357095345574509,6.846877787029371,107958.98846044777,4704,0.0004873792860601517,b8ff00caf1332c37c5c9977525f252b2da647fdd42355fa0bb23bc32fd43bff2,161276712578860032,3705.2495640310226
142701,1427,M,295,2950000,218117454,740032,0.2310870557232195,7.440624170994852,99458.32271502214,4720,0.00048479141167992137,c22117582fa2184d007d1130b2f486522dadc2a06c01180c680911ecff842515,161825757309748224,3713.2205420350074
142701,1427,M,296,2960000,218856477,739023,0.22722703761188245,6.944277090020478,106421.87666474881,4736,0.0004821985987510795,fcc9b14acf0650b3a7524d0b711976b14b12bdddd56db81725bd94ce3a3a3553,162374053443098112,3722.1298767410335
142701,1427,M,297,2970000,219595730,739253,0.22940274959315288,6.515752571984194,113456.27259981738,4752,0.00047961165351674095,2124f5d18d5cc190ce7cd5bbbeec52e31a2dc47a9a3117b660d5c7130d64cbdc,162922520218106880,3728.8528297980083
142701,1427,M,298,2980000,220335146,739416,0.22660960167527427,6.364308336051181,116181.67457593363,4768,0.0004770288734949635,e7bbb850464fad1c511517c0efb24ee824736ec0a30a1528db1de8bdec056999,163471107926117376,3735.314456076012
142701,1427,M,299,2990000,221074328,739182,0.2274780329479084,6.501558726013172,113693.04364543894,4784,0.00047444499767791774,1ebd0b49e0e1884006778ba33723cf5a67b2d10eda69c550f052a8451d3655fe,164019522024787968,3741.9057287580217
142701,1427,M,300,3000000,221814360,740032,0.2257997557001523,7.303262079018168,101328.96669915042,4800,0.00047186901808372086,285f80a29a7b070072b2e0511a87d4bc9aa83e1a803c76f1e4d6f8a663d22baa,164568566755676160,3749.302396418003
142701,1427,M,301,3010000,222553383,739023,0.22087989579483108,6.84758702700492,107924.58673186704,4816,0.0004692885707769602,878b37774d29f1c2a4e7be096fd2d9762e17b13e4d4453b27a70a2a26e4531bd,165116862889026048,3820.8961885499884
142701,1427,M,302,3020000,223292636,739253,0.22563851502683355,7.7935654780012555,94854.27460469473,4832,0.0004667144113903811,6d223de636cb4ca0d8aede1a4a711140166e47f80cf1dba0f08974ee394df882,165665329664034816,3829.174459517002
142701,1427,M,303,3030000,224032052,739416,0.22573873284512413,6.362489244027529,116214.89194564692,4848,0.00046414484446458473,f0827265e94e37ee4e3864f505bf5c7544e9a38a7052c392975e126449e3fc4e,166213917372045312,3836.6458419900155
142701,1427,M,304,3040000,224771234,739182,0.22199122000773258,6.603417334961705,111939.31301091796,4864,0.0004615746363707272,6f36fc3a91891b688aaf9df4025c9f6f0022dffcc9fe1c2444a83bb218967c52,166762331470715904,3843.361471190001
142701,1427,M,305,3050000,225511266,740032,0.22292549245515042,6.387804244994186,115850.76367672466,4880,0.00045901273109847485,1db2126167b25837c43f7a2c9d5c28bb8fd0a940082d5e76472ece44a12a2059,167311376201604096,3849.840139332984
142701,1427,M,306,3060000,226250289,739023,0.21950066994427092,6.289808537985664,117495.30936225843,4896,0.00045644683272983767,69bfafa76a56a1d5628a1015b19ce55c0d39bec4f6648c1124c8ad6d86ee4179,167859672334953984,3856.2136711060302
142701,1427,M,307,3070000,226989542,739253,0.22466649632819483,6.26824162696721,117936.26410628269,4912,0.00045388763718685134,6f12797da3ac665329b371576997b6ed78f762d23bfda81b31d47bf7896d2019,168408139109962752,3862.6030507319956
142701,1427,M,308,3080000,227728958,739416,0.22507637717755266,6.130046117992606,120621.60475917188,4928,0.00045133345746718945,8895399d28076668cf988345eeae28d3930b2b4d6cfc0766461c8cd702134630,168956726817973248,3868.835633200011
142701,1427,M,309,3090000,228468140,739182,0.2230869064052609,6.332419562037103,116729.78910484722,4944,0.0004487790917491663,a643be1389c52c9e638bd9168afa901bd2968cbc95adc04d5f1fba547ba15f14,169505140916643840,3875.325071948988
142701,1427,M,310,3100000,229208172,740032,0.22173371118244742,7.29389483097475,101459.09930827763,4960,0.00044623342842648806,052654bd64b7b6a40f7a3da58b2debf6e53cc0d3d8317f27840eebb3c6a263bb,170054185647532032,3883.156913298997
142701,1427,M,311,3110000,229947195,739023,0.21679184990787073,6.461459661019035,114374.00197023731,4976,0.00044368425000216195,92d773c6eb9cf305c9b8de55bb95e545548da61f8b996be014d1104bb45c3bb1,170602481780881920,3959.420260354993
142701,1427,M,312,3120000,230686448,739253,0.22219319897239995,6.504157488991041,113658.53321529532,4992,0.000441142183637697,cd1b6d47eb625068cea95bda87f9491f17ce0ffb9205fd80183793d2b0a79d3b,171150948555890688,3966.0679042530246
142701,1427,M,313,3130000,231425864,739416,0.22251149516310492,6.333813279983588,116741.04797764357,5008,0.00043860555221521047,7fe6666284d789224abf6e251a163359393b372e78a40bb80674c85c3604be38,171699536263901184,3972.5180228420068
142701,1427,M,314,3140000,232165046,739182,0.21976730669484437,6.38525930501055,115763.81861578583,5024,0.00043606919012143544,120d118974f512f054a2be7708e802267702e9b8ba7fe3880bdc22b3a3a39b2f,172247950362571776,3978.9979598650243
142701,1427,M,315,3150000,232905078,740032,0.2203469000660733,6.362280845991336,116315.51921607954,5040,0.0004335419226336502,43f61142e9862266ea836a9e4b1ed99b49e16d07d251aeb4eedcc379afdff77f,172796995093459968,3985.4829746839823
142701,1427,M,316,3160000,233644101,739023,0.2154265693548743,6.289237975026481,117505.9685981891,5056,0.0004310116210130812,384d5b25a96848509514882f49c35f9810065240104d213e97898b9e52b43998,173345291226809856,3991.893903188
142701,1427,M,317,3170000,234383354,739253,0.21873239601729064,6.634428065968677,111426.78655180556,5072,0.0004284888346690703,3606fa6a310e2e2d56f12125249c0543133b7ef931a6cbae3ffe8386869d9a7b,173893758001818624,3998.693054970994
142701,1427,M,318,3180000,235122770,739416,0.2171894063229779,6.6197917310055345,111697.77389472102,5088,0.0004259718977871888,b55f3b19ca24e71be1fa90d872bb5371e69393bf05436ba81e2a80de72da24b2,174442345709829120,4005.8240559549886
142701,1427,M,319,3190000,235861952,739182,0.21274029614413564,8.740715069987345,84567.68057090667,5104,0.0004234556853332124,6a932269233d1bd02ebf6cfc2cb135c6090de016c429df9cf240aca85d7ab732,174990759808499712,4015.064744178031
142701,1427,M,320,3200000,236601984,740032,0.2138234763386484,6.92800672899466,106817.44821390897,5120,0.0004209489520009262,3bcda7f6024be7210c6f80fd231218e7688d0718f245493c8cb6245a25acf9e3,175539804539387904,4022.498464553035
142701,1427,M,321,3210000,237341007,739023,0.20937076524229037,6.4275312519748695,114977.7373346779,5136,0.0004184396680718994,9280d52bd4eb9a1520264b21f6b9fafaaf71ef6209a9eed49226d7021243cc53,176088100672737792,4088.3961366200238
142701,1427,M,322,3220000,238080260,739253,0.21273143364058128,6.501933834049851,113697.4043212529,5152,0.0004159382962774535,a6adf9b2576dcc445d065d16ff9903802b5576fa0746b3b01fed0bf221b5b4d5,176636567447746560,4095.0453970520175
142701,1427,M,323,3230000,238819676,739416,0.21065659024682998,6.342061894014478,116589.21220839035,5168,0.0004134431835160589,60f02d14e9b144e2cc6eb64a92114b599a01d4e27c9d3ce66cc6054998928864,177185155155757056,4101.475877307006
142701,1427,M,324,3240000,239558858,739182,0.2116488118682582,6.622163708030712,111622.42925278221,5184,0.0004109492496688251,3e61694868f2cd3a66a79e07931975589239a1662e5ccd4657e9c4c127897d95,177733569254427648,4108.276426283992
142701,1427,M,325,3250000,240298890,740032,0.2123260999490344,7.660692340054084,96601.19048649531,5200,0.0004084651714386983,a8c0d79429c65518ec6cd991768853e9861a0d385627150b6e3152617e13871c,178282613985315840,4116.467777551035
142701,1427,M,326,3260000,241037913,739023,0.2099988509514666,7.22576362604741,102276.11062946651,5216,0.0004059790283059331,f7707e22b386164b5a8ce9b113dc90c082e066716f561ff030f4605c2bf1589c,178830910118665728,4124.816573613032
142701,1427,M,327,3270000,241777166,739253,0.21580054320856257,6.580359340994619,112342.34510485899,5232,0.0004035011874713166,6f92df1bc54a9ef18660d15f8ae74e5e627679dd1eb48281636d31e623b8935f,179379376893674496,4132.462622567022
142701,1427,M,328,3280000,242516582,739416,0.2125580022437705,6.381447829015087,115869.63018612054,5248,0.00040103000994490615,84c09a0f07bae8cc7bdac71d85cbffc60dafb276edc25ceae2eb79aa7f0b8882,179927964601684992,4138.9430293120095
142701,1427,M,329,3290000,243255764,739182,0.21402842933327404,7.033395760983694,105096.03399547897,5264,0.0003985604648214327,34a78d5a722d9ffc96a4744775225fd36b20063b88b996161cf8e1ff977d606b,180476378700355584,4146.476240677002
142701,1427,M,330,3300000,243995796,740032,0.21245666243755146,7.285103789996356,101581.53148293996,5280,0.00039610114347164737,6de4b98e5786ade6c99cf3afbf55ef44f4ed7d04355bd994cadc789c8958be9f,181025423431243776,4154.263478379988
142701,1427,M,331,3310000,244734819,739023,0.20917326805124273,8.354809548996855,88454.79907902067,5296,0.00039364024466044013,2db77f895e455773ed5a8e65e78030d0654af0529c030558432864eb989edc91,181573719564593664,4220.297799716005
142701,1427,M,332,3320000,245474072,739253,0.21553643425268543,8.517810749995988,86789.08485966868,5312,0.0003911880312863756,f69a2b70635b966488f0b8d63be291a58c7762b6a33ae02d0bc5363d6f92f1a8,182122186339602432,4231.789679449983
142701,1427,M,333,3330000,246213488,739416,0.2111365470728479,6.154006346012466,120151.97229673156,5328,0.00038874287985784806,dbb45e6df25acd58b0402571e7d8366cee20472abcaac90a5388bb6336771c9e,182670774047612928,4241.499832347035
142701,1427,M,334,3340000,246952670,739182,0.21208117368315685,6.4696630199905485,114253.55504854098,5344,0.0003862998129398584,a65d943aa54b5310ebfbf59df6707408ad7e1ea6015067dd107b50826334c84c,183219188146283520,4248.073214542994
142701,1427,M,335,3350000,247692702,740032,0.21211517971738095,6.72831887396751,109987.65276468279,5360,0.000383867329301804,5603e320f24328e9bf949bc854559f0842d0a541455542280eb8d007341e3083,183768232877171712,4254.894515826018
142701,1427,M,336,3360000,248431725,739023,0.21092515195053757,6.537618372996803,113041.624309624,5376,0.00038143375697823414,0fffdb164e985ae99610f90ebde999fb259f2908ed2418a64b4d67e2393ce27c,184316529010521600,4261.907512293023
142701,1427,M,337,3370000,249170978,739253,0.21414912470046485,7.6566661490360275,96550.2459700521,5392,0.0003790092458820541,1a8deaf660661f927f643a084d69560ac76771e6f35d0822f23c4052c5a95049,184864995785530368,4270.071135254984
142701,1427,M,338,3380000,249910394,739416,0.20937303498253362,6.388524982961826,115741.2707897394,5408,0.0003765921893936314,50b3b5afffe7e17562928897505159bc60def87cbb2c4715483230bb8392af3b,185413583493540864,4277.406804392987
142701,1427,M,339,3390000,250649576,739182,0.21213165196221767,6.5735503699979745,112447.90994127998,5424,0.0003741776677596428,27caa07ca544a9025c7e43b2cd7e0b2e4b95cb6417e16f644cdbe973e76f67f2,185961997592211456,4284.069868782011
142701,1427,M,340,3400000,251389608,740032,0.20963509819746368,6.452505309018306,114689.09587190863,5440,0.0003717740799573259,335d1ff1dd97565c88b052b198ee148d6d2e5601adcb4a3f8197f939934d850e,186511042323099648,4290.644938472018
142701,1427,M,341,3410000,252128631,739023,0.2096744737962835,6.837268918985501,108087.455496727,5456,0.00036936989316653637,3d14c6fc119032998446668c32c4e81fabc35133389e0b1c606370d2d4302dfd,187059338456449536,4325.005924003024
142701,1427,M,342,3420000,252867884,739253,0.2112528024862944,7.538117095013149,98068.6543711365,5472,0.00036697513572668105,8bb1b59c0a159d81f1e55688971090051652a1bc268fff599f7ff132ebd84720,187607805231458304,4333.556510618015
142701,1427,M,343,3430000,253607300,739416,0.21174940906530107,7.926995210000314,93278.21960421883,5488,0.0003645882192494605,343f554818adf8e43ffb45591a025526abfe7fdec83b0b2bdba31cbba80c96ec,188156392939468800,4342.395457188017
142701,1427,M,344,3440000,254346482,739182,0.20890153209479503,10.200179721985478,72467.54666555201,5504,0.00036220428582583043,3b42983903f4c5225cac64e57588f2ddc5e6c62d0970f802283b5fe32a30835f,188704807038139392,4355.002279670036
142701,1427,M,345,3450000,255086514,740032,0.2097868370530948,9.843938459001947,75176.41471267691,5520,0.0003598316275344955,00c7916ba88d72cb3e493d3e2f1a705bb39cc530afae1ed9646318672ee60e1c,189253851769027584,4366.735163542035
142701,1427,M,346,3460000,255825537,739023,0.2065285436097731,6.560949297971092,112639.64503254666,5536,0.0003574588604585347,2bd235aa677d52769b89851276e20e5cc76ee02eaae2e02653234838a924f746,189802147902377472,4375.065628693032
142701,1427,M,347,3470000,256564790,739253,0.208102659434731,8.560842354025226,86352.83415216849,5552,0.00035509588287887996,590a9af8f8256a849364eab4cc5be4eb23c199a03767b58439effccc9169dd75,190350614677386240,4384.094103343028
142701,1427,M,348,3480000,257304206,739416,0.20631827015304346,6.4234084320487455,115112.717464887,5568,0.0003527411259825004,e907a2398c31dc9d0b1916f9cbb8e39dcf37254ba31e4c6ab80780d835ab9b68,190899202385396736,4391.045054293994
142701,1427,M,349,3490000,258043388,739182,0.20742309548358878,6.460597644967493,114413.87323907853,5584,0.00035038979781490723,f6fe44fb3139e52757d6192cad09d9228a4884623a2e96b332e36d87d3ecfa26,191447616484067328,4397.678604786983
142701,1427,M,350,3500000,258783420,740032,0.2060151319958229,6.732865046011284,109913.38678894407,5600,0.0003480500765403443,ce1a370e53d2fe2fe322f97432dc2e40da7dc6f4aba6d36d09fe19eebec28428,191996661214955520,4404.598752953985
142701,1427,M,351,3510000,259522443,739023,0.20429211178620466,6.3506545620039105,116369.57935353451,5616,0.0003457107367770449,7343891686f9bd2a8e1b816bfd4ef47aec868fe43f9efba000c04bc0ff8164e4,192544957348305408,4434.443275516038
142701,1427,M,352,3520000,260261696,739253,0.20530107402090841,6.616852323000785,111722.7593897311,5632,0.0003433815383725326,288b6a9462f4343106ba81e75774f7c3c644338d785794bf9364cbb1f614afa0,193093424123314176,4441.2345233110245
142701,1427,M,353,3530000,261001112,739416,0.20281244434962592,6.8913493489963,107296.25833113413,5648,0.0003410609334164171,875f7c535f5bcd6ace3b21d73308d5ded0e865d1e740440769a82b9c93e0087f,193642011831324672,4448.295685015037
142701,1427,M,354,3540000,261740294,739182,0.20430764712578525,7.408426491019782,99775.84320989199,5664,0.0003387441999632365,b259bc942c49e2e6d31631871b881d5a06ee8f2e50093248957b041daf317c03,194190425929995264,4456.596799678984
142701,1427,M,355,3550000,262480326,740032,0.20357975644537665,9.48889739398146,77989.25093966992,5680,0.00033643939534323136,03012e2375ea3f28280d1e92aba91016373dc58496a9fcacb69f8ec080d35f68,194739470660883456,4467.027345221024
142701,1427,M,356,3560000,263219349,739023,0.20566892537068007,8.812543537002057,83860.35165636284,5696,0.00033413546220758297,86b3e98f974a66206be4a1750862b29c4f35ee79b651398a9c0b345927eda03a,195287766794233344,4478.457322844013
142701,1427,M,357,3570000,263958602,739253,0.20387341545625653,8.142514261009637,90789.27912228621,5712,0.00033184201371260006,a34eb04434d4e7e2fe57b04e892b0124057e66da5d5139c86905e1959465ebff,195836233569242112,4489.630504979985
142701,1427,M,358,3580000,264698018,739416,0.20449710913816738,7.911975598952267,93455.29327693024,5728,0.00032955752416022056,b946a80936a66bfacaa79f8c98b422484dedd3c6ce86ea1b69e577a11e1f7ce7,196384821277252608,4498.640996161033
142701,1427,M,359,3590000,265437200,739182,0.205417114986288,8.578880101034883,86162.99462103816,5744,0.00032727734560924614,b04f2f26118c411e1f90457c799ef405dd1d16e854f60fa017d57febb9bd324d,196933235375923200,4509.182576255989
142701,1427,M,360,3600000,266177232,740032,0.20726051990145436,6.502578268991783,113805.93502871301,5760,0.0003250094077386089,3aa59d8a5774e60027a672838235ded2d707ef5fbdd7891d2c072e5f4d0bd773,197482280106811392,4517.705826592981
142701,1427,M,361,3610000,266916255,739023,0.20524392769091315,6.324821783986408,116844.87330079499,5776,0.00032274283058805856,eec3e8b177aa7d8bb9dbd43ff05f94c1e8c843304f6df539679c412a2819fe21,198030576240161280,4559.044101562991
142701,1427,M,362,3620000,267655508,739253,0.20366981908406748,6.478689478011802,114105.32986786458,5792,0.0003204870724889997,5c43ca35f0e4b431807c732ca44faeb72482eae88c01fc48e0196f06f25a275a,198579043015170048,4565.688617545995
142701,1427,M,363,3630000,268394924,739416,0.20280921082618295,6.395952899008989,115606.85509653576,5808,0.00031824063124659077,5d96aa256ff957fa88b33a00b380b0ca6d20d85ccc174da4edf59a3873c7e732,199127630723180544,4572.250130344997
142701,1427,M,364,3640000,269134106,739182,0.20521007057414242,6.507339561008848,113592.04373306176,5824,0.00031599893685652016,4ceea5c10aa06c569d72c1918825fbb650628eb07e0cd30aee8e28da248d1d3d,199676044821851136,4578.864988388028
142701,1427,M,365,3650000,269874138,740032,0.20692039013403793,7.302864920988213,101334.47736013444,5840,0.00031376978463711026,4365caaa39e7b50523190820d843fa985161dbdfb9f918db0bb9d5592b46d946,200225089552739328,4586.359968764009
142701,1427,M,366,3660000,270613161,739023,0.2040250405371178,7.262573114014231,101757.73632818148,5856,0.0003115424812222123,26261c761f75bfde17969d070db46299ac129ab3073f7e295f57b1a5bf29fb26,200773385686089216,4594.423513640999
142701,1427,M,367,3670000,271352414,739253,0.20396200765894804,9.952372803993057,74279.07038444132,5872,0.00030932632211563425,29f5b542449ccbd58761ac8390bb20bbbd4f2777119b0acddc2ce0fd921e767e,201321852461097984,4606.40534014703
142701,1427,M,368,3680000,272091830,739416,0.2012908571514346,6.97367363300873,106029.62497414516,5888,0.0003071198298967619,0ccb380d609b275646d56217ed715e9064acff5068c09e0ec73a8f88eb98f060,201870440169108480,4614.406447544985
142701,1427,M,369,3690000,272831012,739182,0.20255030455303902,7.7062865140032955,95919.3508646237,5904,0.00030491851636484964,d2fcfba07dae8c1c0fc4986cdde94e0f662334af468aa62ccd8094a8bda2c053,202418854267779072,4623.128835937008
142701,1427,M,370,3700000,273571044,740032,0.20563245009336775,7.698486601002514,96126.94524968471,5920,0.0003027300358819933,a62de942bd5a78cc6f88c2f2b229b433bab319406d52581c5d3fdaa9265ef53e,202967898998667264,4631.835812891019
142701,1427,M,371,3710000,274310067,739023,0.20298190386251447,6.345595138031058,116462.36230401986,5936,0.0003005438907238013,af58ccef5b7a55346323625baaee025fb8be76b7e24f4442d5e1b692046b9b08,203516195132017152,4689.322040517989
142701,1427,M,372,3720000,275049320,739253,0.2028524565281731,6.491753298963886,113875.70752542125,5952,0.0002983692057015598,73c97bbeb9dbb50ac1167938db08b1d776b27e145e6e3b82fa38a8f65ff8a58d,204064661907025920,4695.913382690982
142701,1427,M,373,3730000,275788736,739416,0.20301206972043861,6.338542695972137,116653.94325889231,5968,0.0002962045294189275,193c76c25fff8d353869e22f7e59dcc9188b6e7a0ec50105a5d682bb27b073de,204613249615036416,4702.363823477994
142701,1427,M,374,3740000,276527918,739182,0.20275927316790074,6.480736378987785,114058.33485167183,5984,0.00029404545927619113,542288ff22253b7fed82a94cadf387175f2e6a7955ad8e24306ee0bb8474a5b3,205161663713707008,4708.951894500991
142701,1427,M,375,3750000,277267950,740032,0.20403712858643838,6.639620163012296,111456.97823537221,6000,0.0002918995022028655,1d7c1ff76bf657b151202dac4844ace6854a2e32eb1d0d6d95627c014fa9ab73,205710708444595200,4715.931481667038
142701,1427,M,376,3760000,278006973,739023,0.20182595451141366,6.295867201988585,117382.24080815673,6016,0.00028975636499843795,647cd0feb3697a019c6a66ebcf7188507979f7ec1a0b4475ea70cf2ca609ef9f,206259004577945088,4722.404151310038
142701,1427,M,377,3770000,278746226,739253,0.19986758546009972,6.540775703964755,113022.22143956024,6032,0.00028762499406117273,fe008d0db087753ffa42e069e64984f99dc1d2cb7d0d27e3ae6841e2ac7f4dc0,206807471352953856,4729.083374474023
142701,1427,M,378,3780000,279485642,739416,0.2020648544811259,6.370497222989798,116068.80501126374,6048,0.0002855039652470275,fe7b9c76edd10c22e14f90251827eccb15136117d8496fdbb98568adb0010ea1,207356059060964352,4735.5637357630185
142701,1427,M,379,3790000,280224824,739182,0.2007165970259524,6.835002692008857,108146.55579641755,6064,0.0002833889652823598,4411b2edb8ff67a77f219c19660ffceeb0c63d93cb6e6a5742bb5eee685ddcbf,207904473159634944,4742.499275117007
142701,1427,M,380,3800000,280964856,740032,0.20069547906978047,7.549712906009518,98021.21076828495,6080,0.0002812873473124916,eea426df6e072a167b0bea21eaf311602bdb51384567b31f4238875e35749430,208453517890523136,4750.892640917038
142701,1427,M,381,3810000,281703879,739023,0.20066402072662182,6.549204231996555,112841.64820963377,6096,0.000279189031369865,43e987721ebaf46a4f242407c98de1bf008d763685fc25a9b7a99e459628c1fc,209001814023873024,4835.082288076985
142701,1427,M,382,3820000,282443132,739253,0.19954746373928886,6.478119056031574,114115.37725780213,6112,0.000277102777870176,33948392083be0408d3a96659e031d540a537e62398560e6d4e20065958c5a2f,209550280798881792,4841.656463238993
142701,1427,M,383,3830000,283182548,739416,0.19881100616334665,6.22449032694567,118791.4128164174,6128,0.00027502719112664864,97483cc75b54cde2f1f81b72c4f97e095b6a78df92f1a31a2476364d4558aeb6,210098868506892288,4847.982646394987
142701,1427,M,384,3840000,283921730,739182,0.19896648720980756,6.589153455977794,112181.6337923351,6144,0.000272958050841172,fac97eedc4e0741e76c481ae166ce619113a3862167f2bfd992a7f52e2ea0728,210647282605562880,4854.675507898035
142701,1427,M,385,3850000,284661762,740032,0.20014945316157992,6.453975274984259,114662.97413136665,6160,0.00027090255015337994,f611961ec2c0e4d0eaf28ad7b55b6a470f8cf96121578aab0e4a9b6dd8031af4,211196327336451072,4861.228693352023
142701,1427,M,386,3860000,285400785,739023,0.1984511984936101,6.3357592189568095,116643.163740948,6176,0.0002688508308573284,207eeb5614e60bc7844717f88536d161112f0e62fe40423a26c9f1316c80301a,211744623469800960,4867.6565094499965
142701,1427,M,387,3870000,286140038,739253,0.19941675638874456,6.411146114987787,115307.46402297654,6192,0.0002668114599739585,e6fc79820551f6c003a05736c046e15f916724bfe1c47d8f0269587c024305f8,212293090244809728,4874.160747758986
142701,1427,M,388,3880000,286879454,739416,0.19722669164466744,6.3912994299898855,115691.02779482359,6208,0.0002647830714546514,c4722d67e69241449f8d1a2f8af67b60059af4e36e8824c46fce5b841520dbee,212841677952820224,4880.769635659002
142701,1427,M,389,3890000,287618636,739182,0.2037395838909432,7.432032098004129,99458.9353561198,6224,0.00026276154154762155,4cb9e3ccfc2842f896c38f69ae25f6c43f372dfd2c6e20bb5ad887a77ada6038,213390092051490816,4888.703903627
142701,1427,M,390,3900000,288358668,740032,0.1979962407416315,7.359495367971249,100554.72053432387,6240,0.00026075389730069974,74e0633a650437c5478c41decd21786c01f71e608936bc61cec9eda6e23acccb,213939136782379008,4896.851814163034
142701,1427,M,391,3910000,289097691,739023,0.1974708439167525,6.536940349033102,113053.3492032417,6256,0.00025875051061058216,2b9b36b489a5a5d4fd229b46e0ab5a7a0262b4b8f6690e76e19a225d706653bd,214487432915728896,4967.902169133013
142701,1427,M,392,3920000,289836944,739253,0.19897192067128217,6.574621219013352,112440.39395944685,6272,0.0002567597478549005,513137cf9cf5e3804f0734514ae39aec4e545b5267761814503e5c3cb488e542,215035899690737664,4974.644305096008
142701,1427,M,393,3930000,290576360,739416,0.19625603753415963,6.234507494024001,118600.5471496757,6288,0.0002547802737790065,27c032a52b02ed627d0e6ae0852b2fecfe334fdd825fe792904246a57c4e1e66,215584487398748160,4980.9746880650055
142701,1427,M,394,3940000,291315542,739182,0.20397167253086598,6.782416288973764,108985.05318844774,6304,0.00025280806466654516,01f6375f53172dbc07d5943c098c3a1c542f76c733aba5b322dad09b382dc1c5,216132901497418752,4987.988967510988
142701,1427,M,395,3950000,292055574,740032,0.1966295082537369,8.172240266983863,90554.36157325859,6320,0.0002508499755279609,f9393459d31a651ee37fdfb44670c31b3a88013f5c5051ffc83dce754315b122,216681946228306944,4996.663306219038
142701,1427,M,396,3960000,292794597,739023,0.1987772497014405,6.5074239539681,113566.13695798292,6336,0.00024889661650892683,fc47c19fe8c7b65d8de489a884d040cffa060f09679b082873456a6fbd949e87,217230242361656832,5004.472695627017
142701,1427,M,397,3970000,293533850,739253,0.19660190724617074,7.886593071976677,93735.40554878856,6352,0.00024695614626497355,dd9f88274a285c347adfae7bff705a828105c74d3f2841bcf60ead64c0577789,217778709136665600,5012.683677036024
142701,1427,M,398,3980000,294273266,739416,0.19199863378450785,7.317536185961217,101047.12586438298,6368,0.0002450272614651829,d257f83a74344ea6cc1ee4f7469187ac5a139e94cfe8f6baea44b70e33483eec,218327296844676096,5021.588874456997
142701,1427,M,399,3990000,295012448,739182,0.1988097108269833,8.575461013999302,86197.34831670242,6384,0.00024310604183309573,7bfdc3ed25232254e4d86c8ba7e3a2c981359c62d9807b0d5797db7522ee6378,218875710943346688,5031.91147174401
142701,1427,M,400,4000000,295752480,740032,0.19446186621322317,10.347989343979862,71514.56919797928,6400,0.00024119916454174724,a5a4a31d7567593bfe3ef8c8215637e4dc6d9afebdb9733edfc1df8f596a8333,219424755674234880,5045.187157963985
142701,1427,M,401,4010000,296491503,739023,0.19532047320854604,6.734827727021184,109731.53730939902,6416,0.00023929748593054127,07637518b75cf2ab6d8dede9a41076c56168a7fa133a15c0e1bd0cf0699ac4a1,219973051807584768,5117.397742999019
142701,1427,M,402,4020000,297230756,739253,0.19556858219072482,8.817108532006387,83843.01920708902,6432,0.00023740895002987095,54343be7ba36e8e19785718501f58a65b1bc5bae1996645fbdbec00d5281e88b,220521518582593536,5126.62557413301
142701,1427,M,403,4030000,297970172,739416,0.19690936339453283,6.368940249958541,116097.17959040568,6448,0.00023553228653529557,94f809b3efbd4e6e39ddc69f12b57f763a4622f126499f05ad5c9289eea26a2a,221070106290604032,5134.406970527023
142701,1427,M,404,4040000,298709354,739182,0.19591890067921422,6.6215826270054094,111632.22474719655,6464,0.00023366368192719774,f544591fda9fbd2ba559269a8632a69d6afea7167044f35ad0f564c71fefca79,221618520389274624,5141.223495432001
142701,1427,M,405,4050000,299449386,740032,0.1949893177125236,6.88000565598486,107562.70227136402,6480,0.0002318096298916477,89eaf1cca354e3f19f59fa1f3bbbc239f3dc969f853b7e86b29c309b5fe181bd,222167565120162816,5148.276813750039
142701,1427,M,406,4060000,300188409,739023,0.19782811019320462,6.65213354799198,111095.63490695137,6496,0.0002299612406982301,0f05eb11db87ff8f588fcda3730709225c12b9a9fe60e5abbb550c1b5c32d241,222715861253512704,5155.555480448995
142701,1427,M,407,4070000,300927662,739253,0.1950368984810862,7.006882460031193,105503.83914913125,6512,0.00022812623703075775,a6601e9686d2e97d1b29dde24df6c62c793fa64f905da52e1d329d31052611ce,223264328028521472,5163.220190138032
142701,1427,M,408,4080000,301667078,739416,0.1947011378607618,8.596868010994513,86009.92815690118,6528,0.0002263033826860719,a97bcde0dfc2b67c17c023ed130d94b1ca7fecb5aa185ed54389fa99e8749beb,223812915736531968,5172.864636350016
142701,1427,M,409,4090000,302406260,739182,0.19836101757092198,16.27630196302198,45414.615781849134,6544,0.00022448897412801494,c3b58bc53a501beb263ec57339486595b4e00f150a440f94afddf5b8ff010379,224361329835202560,5191.741914919985
142701,1427,M,410,4100000,303146292,740032,0.19491282186891282,13.095196284004487,56511.71497932672,6560,0.0002226893160613858,94b0f617e9b7db94f2c3fcbec841c977a2a44b2c52b9e796b56071431056c80f,224910374566090752,5206.234800326987
142701,1427,M,411,4110000,303885315,739023,0.1998613250837692,7.200805593980476,102630.60019531527,6576,0.00022089578020754948,7f51a62dfa762ccacea5735ca6b0cf4916b1757e0613a85833cc50b195a12f69,225458670699440640,5269.129193424014
142701,1427,M,412,4120000,304624568,739253,0.19548193599623903,7.086725583998486,104315.17225235878,6592,0.0002191158613695764,91c9d87bf790f0faa92acbf64064279724c6340b6cb0c4cbf849a7cd150b4208,226007137474449408,5276.752264727023
142701,1427,M,413,4130000,305363984,739416,0.1968631953220605,7.851227457053028,94178.39491272885,6608,0.00021734835849154157,1764795f1c47ed5bc9961f70a99478186946e65b87d37547717f734d7d3df5ca,226555725182459904,5285.359900059004
142701,1427,M,414,4140000,306103166,739182,0.1975699607785894,7.278699107002467,101554.13613524298,6624,0.0002155896811543081,15fb29f8f1571e2b34cb6a362abd5f3691ba88f3657fdf2d614ca34ee4f697b9,227104139281130496,5294.570755374036
142701,1427,M,415,4150000,306843198,740032,0.19624241594262862,7.857988807023503,94175.75134983093,6640,0.0002138459397469942,d7d445c1b4f73c58f3661ad8b939f1ec891035727301b8bef47f4b3737c24902,227653184012018688,5303.159854469006
142701,1427,M,416,4160000,307582221,739023,0.1973218927959394,7.917740039003547,93337.61860827733,6656,0.00021210877474313005,ead9c17460ad03afcb5fec3c8659f7fedf25657da2f6aea6dce4224f0dd95dc2,228201480145368576,5313.186276221997
142701,1427,M,417,4170000,308321474,739253,0.19734641766643476,7.872691557975486,93900.9225188169,6672,0.00021038544672369254,31763160b132ee65c1420b488c37c7c09793e813dd14e99a1054b7a2a2b5a8f3,228749946920377344,5323.012001336028
142701,1427,M,418,4180000,309060890,739416,0.1989302379403066,7.663631091010757,96483.76744899896,6688,0.00020867479079620304,4228b87db3bcb7ac235a9174197a1380151b6626e78ef0177ef2a11e01ea9349,229298534628387840,5331.323469142022
142701,1427,M,419,4190000,309800072,739182,0.1949057546063648,8.692999150021933,85031.87303292616,6704,0.00020697333269639907,84514bbb67e74f74cba468fd21c3068aa7dabb5120faaf89897a2b631f0ab4b7,229846948727058432,5341.40547023603
142701,1427,M,420,4200000,310540104,740032,0.19485515540991338,7.118813928973395,103954.3956877547,6720,0.0002052869833277185,8bc2e73528053b26a8b15cbc34d1f8401e2925480c8198e205af9a8b61c461a6,230395993457946624,5349.97142091603
142701,1427,M,421,4210000,311279127,739023,0.19784867227705127,6.654617784020957,111054.16178439869,6736,0.00020360765898885076,c588e8c5d36c0961b569b54df700b08065feb524daea68787183c0cef8aaa33c,230944289591296512,5401.8670728349825
142701,1427,M,422,4220000,312018380,739253,0.19722036896135028,7.291141689987853,101390.56836807016,6752,0.00020194237989550284,f27aec207354257f68cdf991c406ecdc42523480694f4a264ea484ea62877202,231492756366305280,5409.754637270002
142701,1427,M,423,4230000,312757796,739416,0.19437877105834278,6.524070620012935,113336.60272342882,6768,0.00020029001830425774,bafabb617b0d7d6f1edca1fd00dfde8dc38e5001d8af63f59cf9d3a2dc432d85,232041344074315776,5416.830944054993
142701,1427,M,424,4240000,313496978,739182,0.19479109725210497,8.909818995045498,82962.62813094615,6784,0.0001986472190453017,385606dd47d54ec47ab369a919abab82383b08f65b42f061cac1049c6f8ac978,232589758172986368,5428.153502159985
142701,1427,M,425,4250000,314237010,740032,0.19682078996501992,12.636878410994541,58561.29780881214,6800,0.00019701968853517806,3c14da23b4de6e60c17aa05b4f046776e60f9c9ce95273af7039db47892fbdb7,233138802903874560,5442.859442504996
142701,1427,M,426,4260000,314976033,739023,0.19736355173458156,14.60892263095593,50587.09794478816,6816,0.00019539962573735377,36cfff879b322aad71c5826c82c693f8fe14390a6211f2fecef9a996cea49b55,233687099037224448,5458.913896783022
142701,1427,M,427,4270000,315715286,739253,0.19670424384209195,13.590720170002896,54393.95342946293,6832,0.00019379380456246238,412f476be9472f95f34ed49a158cfe18675420c157f425c425d1d6e59a3df1fd,234235565812233216,5473.175489666988
142701,1427,M,428,4280000,316454702,739416,0.19327449294946114,13.126787987013813,56328.783608868835,6848,0.0001922011353703324,a78ec463c85ce7d046192ad81695c6939c9743c526f6c9fe3fd803edb8cdaeda,234784153520243712,5488.812001847022
142701,1427,M,429,4290000,317193884,739182,0.19272804983110872,13.08532514597755,56489.38729101628,6864,0.00019061838492440738,2380ef83efe0d9e887f57cc14dc9473594046f7354ee9ee063d05219298160e0,235332567618914304,5502.190383923997
142701,1427,M,430,4300000,317933916,740032,0.19548741637021214,12.351858531998005,59912.60328013928,6880,0.00018905105032613768,6b63ffba28932aac0efef55292ce95e2e7d8c9359bfc00f5cdc29455d1fe02af,235881612349802496,5514.996767372009
142701,1427,M,431,4310000,318672939,739023,0.1927513545994717,7.549582157982513,97889.25857553555,6896,0.00018749161980422346,fd1d62b86553d97149c1ef504d0d892696911660a93ed2683a42e42799c7136b,236429908483152384,5556.34819744603
142701,1427,M,432,4320000,319412192,739253,0.19442950218349406,8.70412019797368,84931.38688182387,6912,0.00018594661523282092,a45dfdcaf9e53a8f7ccef26bfa2ef1026e39ebbf4c071a6dd0546f279a08afa4,236978375258161152,5566.67903214402
142701,1427,M,433,4330000,320151608,739416,0.1921866224652051,7.823195527016651,94515.85320173811,6928,0.00018441498599694773,6f1ff9fd1a0688e4eee94047d8f56c65402f1348a7ae8c4da9d4f00c5976e631,237526962966171648,5578.044204326987
142701,1427,M,434,4340000,320890790,739182,0.19322490695331856,10.70542051200755,69047.45116466087,6944,0.00018289362352894568,5336b5c1dad421d37491cdd6984cb227256cba197641eb9f0486c6bbdbc467e6,238075377064842240,5590.149324644008
142701,1427,M,435,4350000,321630822,740032,0.19511399213664415,8.993192583031487,82288.01876169152,6960,0.00018138781096407587,d6a06809f42f466c2abe7198975c6bd3bcd93605e71e1f7e8e3076dd4bbca243,238624421795730432,5600.624146654038
142701,1427,M,436,4360000,322369845,739023,0.19345191611723478,7.9826203910051845,92578.99834905477,6976,0.00017989033215198022,1bb9a1d244dbe3ca8b9057512f6013ab8bb8ef42ce873d3137c9b54ab2eddf70,239172717929080320,5610.472070352989
142701,1427,M,437,4370000,323109098,739253,0.19404013971069678,9.296034864964895,79523.4754105875,6992,0.00017840745141218023,1711c19ceebb19e8d0114f4a67a07d2752d5764b02dbc3fb7d907d1300d6e7a0,239721184704089088,5620.835667024017
142701,1427,M,438,4380000,323848514,739416,0.1936100380048226,6.638276074954774,111386.7503627495,7008,0.00017693815804380837,13c3bb41ef43dfbb7347dac7c127a8602faf06e932433dcea8e713b4cee3be17,240269772412099584,5630.210032752017
142701,1427,M,439,4390000,324587696,739182,0.19456721676303895,6.386897132033482,115734.13266555253,7024,0.00017547947077826344,d9eee56dc32cf252256242284e897a0f30edb05a3c0610b0dd17f18617de1db0,240818186510770176,5636.721276013006
142701,1427,M,440,4400000,325327728,740032,0.19345631516073583,6.445112471992616,114820.64947909382,7040,0.00017403645431455706,22a7b441f745f93611e3084792c63f7458d09fdba7b5627a25c2ae0060f32d66,241367231241658368,5643.274041580036
142701,1427,M,441,4410000,326066751,739023,0.19504687367315673,6.5545499920262955,112749.61681565204,7056,0.00017260219422885676,a32d773eb4bcdc71f25bf8fff7316d48343610e65e9c31cbe69e7f92e78c8732,241915527375008256,5681.440613874001
142701,1427,M,442,4420000,326806004,739253,0.19128959255471772,6.803317001962569,108660.67240240988,7072,0.00017118269198580937,110ecf5bf39838412b1834accd3b97018b4c8f7bc8c729566f8b1ab20393a8be,242463994150017024,5688.733259955014
142701,1427,M,443,4430000,327545420,739416,0.19326515706557293,6.981645924970508,105908.55049744212,7088,0.00016977697765381628,d35d6c59afc900141b084d613bc2c09e433930f21a58f06d69c8dfa0ebf414a3,243012581858027520,5696.215397428023
142701,1427,M,444,4440000,328284602,739182,0.19189375730717442,6.920364770980086,106812.57772707181,7104,0.00016838219978578418,1dd37c6b36544fd7d7d755016b54cd3f04a662a49bdfa34ab837b2ddcf82a08d,243560995956698112,5704.345484899008
142701,1427,M,445,4450000,329024634,740032,0.19441133921718368,6.960515407961793,106318.5635870461,7120,0.0001670032003592339,58d2f44f6fffd816f45f9cd4d5af781510396fd6c1f51d0bd447a9fa4658fdbf,244110040687586304,5711.81191223301
142701,1427,M,446,4460000,329763657,739023,0.18991168545334047,6.615081930998713,111717.8906790087,7136,0.00016563337252715156,e5f89ebcd956512351fec248b7593671f551986df464a36ef500d1f19e8e9076,244658336820936192,5719.094315128983
142701,1427,M,447,4470000,330502910,739253,0.1918226364804703,9.677969182026573,76385.13680875351,7152,0.00016427844982147143,ed4d338b3f4e7609222907761c73c90eb503e24547483fe6ea65d12d53a82b9e,245206803595944960,5729.400904021983
142701,1427,M,448,4480000,331242326,739416,0.19402392526971296,7.957870908954646,92916.30996023914,7168,0.00016293750390052232,6545a989cfff5b9a5def65d299fa41f933d4168f8ed7c2e61c78551599cc5dc0,245755391303955456,5739.995227931999
142701,1427,M,449,4490000,331981508,739182,0.19086988489511741,6.55850681400625,112705.83700872489,7184,0.00016160781555132762,34786326fefbf4b1bcf5f2d71df71a373041188bc40f4c73d5f4ced88cf90f9f,246303805402626048,5746.667601587018
142701,1427,M,450,4500000,332721540,740032,0.19617806002852065,7.072112535999622,104640.86879740223,7200,0.00016029399993312165,07542632a6b2b5ff04954606e5879b62a375e52890036373aa27f6250fbd6abb,246852850133514240,5753.853812810034
142701,1427,M,451,4510000,333460563,739023,0.1930628377501913,7.0721556969801895,104497.55798158726,7216,0.00015898976336576088,66144c57395c6a91cbf569498a0271f64f9abadd0fd7173454c71519b178013c,247401146266864128,5819.11608197703
142701,1427,M,452,4520000,334199816,739253,0.18947080938572297,7.089765070006251,104270.45081189809,7232,0.0001577005665973263,2d28eca74e73ca2d66d77ed596d3fa23a1505e65fa9afefc4901049514eb7cab,247949613041872896,5826.881962553016
142701,1427,M,453,4530000,334939232,739416,0.19445945075942384,6.696215548028704,110422.96871964888,7248,0.00015642552366154465,1bb7e55a78b91ea27b58a3698866d09555ef1afc5fa540cf5f0cb70df761c746,248498200749883392,5834.192328789039
142701,1427,M,454,4540000,335678414,739182,0.19139259934120068,7.261562708998099,101793.791449883,7264,0.00015516204988028098,4242e0cc3730333f31e4265880560e840eff612dcaeed640ece307f7f0c89999,249046614848553984,5842.093974096992
142701,1427,M,455,4550000,336418446,740032,0.19370997847312155,9.081218108010944,81490.38941672209,7280,0.00015391452968959788,43b2052bff3b69d18eaefa0e8e62ef09790085ce105439dd38c46658ed054bac,249595659579442176,5852.058151425037
142701,1427,M,456,4560000,337157469,739023,0.19495365708250623,7.628475192992482,96876.89627395873,7296,0.00015267698790130387,11d0e203a75b08309883752f40cd5ffe32e42d5df861f15589afcbc613c04df1,250143955712792064,5861.426969341002
142701,1427,M,457,4570000,337896722,739253,0.19185049480060143,6.504908239003271,113645.41555981636,7312,0.00015145460785928879,2cc5d1f06ab116a2538851f40f6888dc5a5e31e0cc47a47445bec88a57a1e91d,250692422487800832,5868.152136908029
142701,1427,M,458,4580000,338636138,739416,0.1904613991317887,6.397606679995079,115576.97073064967,7328,0.00015024654672229275,08cbcc1a851734620f6318fe134b8e3b503c288e863e21cf33f3ee604aa02756,251241010195811328,5874.739561552997
142701,1427,M,459,4590000,339375320,739182,0.19246365592027959,6.495171133952681,113804.8535990099,7344,0.00014905035653391894,022da011f213f58f734aeea34c121703142461ccb6e3e49a7e571778cfc391cd,251789424294481920,5881.398216806003
142701,1427,M,460,4600000,340115352,740032,0.19146849558209708,6.988240925013088,105896.74968863699,7360,0.00014787018729738683,08bbb3cc2ba76755d54379298a8c8b57cf6fdeebf81a164a8aebd03ad2313d29,252338469025370112,5889.699191104039
142701,1427,M,461,4610000,340854375,739023,0.19644198355398823,8.285110615950543,89198.92977375927,7376,0.00014670038737206313,6ffcc13282f504cb7a984fd9d2d7ede740a002e854266ddf537ccc9102a4a8d0,252886765158720000,5944.380946638994
142701,1427,M,462,4620000,341593628,739253,0.19108322282989562,7.71969249099493,95761.97508674643,7392,0.0001455458583120202,2d483079435c2e0b0ec93f90534dbd4d898d483fe8d149beac14e2d1071ba1e3,253435231933728768,5954.992522374028
142701,1427,M,463,4630000,342333044,739416,0.19179640459284594,6.645883158023935,111259.25364896959,7408,0.00014440580111413928,c59ba70e5b0c5d67849df909dab3a1d7879c208349240383b19bdddbb7cfadc4,253983819641739264,5962.268372101011
142701,1427,M,464,4640000,343072226,739182,0.19301806365127075,8.607419919979293,85877.3020105865,7424,0.0001432779066149769,374c572875604e51b874ea0e2f49817e15d007afc79f29d8c91432a9620d6042,254532233740409856,5971.990101215022
142701,1427,M,465,4650000,343812258,740032,0.19329957554345106,8.57001433800906,86351.31410665998,7440,0.00014216608687359284,4ec409ae3a891413a296ca2075f3c7a2c6ccc3798c5683a0437315d96d151eb0,255081278471298048,5982.3846959749935
142701,1427,M,466,4660000,344551281,739023,0.193477820639655,6.320082877005916,116932.48559900305,7456,0.00014106501857876402,2cf7d1e5166187a8189b08faaaacce582ad87afa34faa692a50747860cc2ab3a,255629574604647936,5989.213576841983
142701,1427,M,467,4670000,345290534,739253,0.19086383653219735,6.510812852007803,113542.35128598871,7472,0.00013997931734754102,4268492a331593b6d44df5be842faa148993abb4ed81f8fcc845845b44031c66,256178041379656704,5995.834080389992
142701,1427,M,468,4680000,346029950,739416,0.19131474110141786,6.580984156986233,112356.44735826505,7488,0.0001389082286909829,33849948f87e2a9328f654fcfa21fcdae415cf3f00db004181bfed3c805e9b55,256726629087667200,6002.537974770006
142701,1427,M,469,4690000,346769132,739182,0.19256806135075044,6.842642063042149,108025.81710249058,7504,0.00013784958419238227,49237cd3109769eb310af00b412fe946c7b724d9e77c863f741b4773f931c827,257275043186337792,6009.856820733985
142701,1427,M,470,4700000,347509164,740032,0.19420531094022703,8.17262385203503,90550.11137160409,7520,0.00013680705465664682,093a608b819729341837eee9b3cdcfc4cec4dd7403f6c783e6b5003d9ecc03bf,257824087917225984,6019.3907750110375
142701,1427,M,471,4710000,348248187,739023,0.1940294395503876,6.6375268929987215,111340.11385769647,7536,0.00013577564960601604,cffdae29af08b7ea27f1a42605e827ad4c83abfbb86d0a0e4bbbab95cb1d1def,258372384050575872,6052.430894841033
142701,1427,M,472,4720000,348987440,739253,0.19188230330735254,7.323547835985664,100941.92276147059,7552,0.0001347596948152463,a2245a63a3e8b6f8a7822690c88e8440479b6676c6af70da79ba75090921ebfb,258920850825584640,6060.394018492021
142701,1427,M,473,4730000,349726856,739416,0.19131227858018038,8.16045910603134,90609.60791452318,7568,0.00013375848094794712,c8d224d7d2e068ee683f913362a1612aae07ef523c389bef52fb6cef8a3e9f78,259469438533595136,6069.625661458005
142701,1427,M,474,4740000,350466038,739182,0.19228231529526707,8.579481389024295,86156.95593741054,7584,0.00013276998216884455,735180f52ba8ec8185a462655866a22ccf43fc29367ee6a40b00c01be47c1cfe,260017852632265728,6079.932479799027
142701,1427,M,475,4750000,351206070,740032,0.19321508197870818,10.432215359993279,70937.18586734359,7600,0.0001317976249228263,da11cec56be2980b34f898884028d4fc265d3913bea4bbf0ab796b0c8a300655,260566897363153920,6090.970655429992
142701,1427,M,476,4760000,351945093,739023,0.19221670110557135,7.508534558990505,98424.39882162026,7616,0.00013083675578803738,8b1854898b9a1773127922b09b7dae469dbdc178a9fffa00d5bb41d4de2a8898,261115193496503808,6100.002634520992
142701,1427,M,477,4770000,352684346,739253,0.19190743204780408,6.6288047000416555,111521.3124313882,7632,0.00012989140703690243,2999a33af40bc9442a58358059e33c54cef2cfe14cab185edcd8dd5c53538dc2,261663660271512576,6106.710905721993
142701,1427,M,478,4780000,353423762,739416,0.19228683238101604,6.60880377900321,111883.48523059407,7648,0.0001289609150857507,48031654dbfd54ae81d93c9f755fd039e52f4078e5d5f9b206e1bbf67ac21e49,262212247979523072,6113.419887454016
142701,1427,M,479,4790000,354162944,739182,0.19134123811623818,7.027736802992877,105180.66067659325,7664,0.00012804339839480062,c498198cef42943d70a2022121af2511f85f0fee98bda817be11de50ff7a0e93,262760662078193664,6120.916118527995
142701,1427,M,480,4800000,354902976,740032,0.19193761311661545,8.789016909955535,84199.63319922022,7680,0.0001271420361498057,f185c2c7daac3c703e328a8cb6cc3cfa8df6a22d0db5b8d03a03ca2a3feb0599,263309706809081856,6131.5740670490195
142701,1427,M,481,4810000,355641999,739023,0.19323987032355996,6.284804262977559,117588.86499511637,7696,0.0001262525159220756,97c08497063c26e862323990c36ee102c2562db736d8a3ad9561f2fcc6714907,263858002942431744,6162.713935015025
142701,1427,M,482,4820000,356381252,739253,0.18912267965613394,7.064397681970149,104644.8732475426,7712,0.00012537857306999827,1ab04c5e98fe73b9af6d3313b7b5fd96e9b2b7f9ab7559e1903f9cb66e34e2b6,264406469717440512,6170.438571559032
142701,1427,M,483,4830000,357120668,739416,0.19210192136735663,6.809913633973338,108579.350597223,7728,0.0001245195903240809,dddf3176af40e589acf1c45b62372a52d7399701e9dda305e4bbac3d21dfcb0a,264955057425451008,6177.911764485994
142701,1427,M,484,4840000,357859850,739182,0.1917053805919319,7.652510421990883,96593.39997444837,7744,0.00012367383203200482,66605fe97974651d40e9d78598a85ca457860d3b7a171249a6a38cd7c1dd262d,265503471524121600,6186.480845204031
142701,1427,M,485,4850000,358599882,740032,0.19110152497146612,9.424844719003886,78519.27772431397,7760,0.00012284422743048042,446375fb2e0c5da55a1a9dcc78594c5902051a96b9239a696e77ab1d637c3a7c,266052516255009792,6197.788511271996
142701,1427,M,486,4860000,359338905,739023,0.19174372144951854,7.684300373017322,96173.10153504772,7776,0.00012202680873272756,0bf26110b441873231a97b27c5d34678778812e2cb89fe209b1aabac0343cb6c,266600812388359680,6208.119767950033
142701,1427,M,487,4870000,360078158,739253,0.19090744300037196,9.052920744987205,81659.06018887222,7792,0.00012122501122261132,31719615d97cb5be06176c1256dbe52765041c97baced4d198c4a346b6a13b82,267149279163368448,6219.254869892029
142701,1427,M,488,4880000,360817574,739416,0.1924388534940358,6.646247460041195,111253.15517448653,7808,0.00012043826446708845,592f3ce20e69773ce53f95aa7203bf780946c69a3b7fb5120d2fadf1211ef096,267697866871378944,6227.1363294080365
142701,1427,M,489,4890000,361556756,739182,0.19302450793932638,7.097781741002109,104142.67823000679,7824,0.00011966498016983809,1cdd4d655dae605493476d3cb78d930d9cc59b8a0a97a3318ebab49e2c5220c3,268246280970049536,6234.7602516760235
142701,1427,M,490,4900000,362296788,740032,0.1921956270912532,8.651926772028673,85533.77987346047,7840,0.0001189078351401013,544e30ff83fead9678a6152d1dbecbe70fbb6911bab410022aaeda63972eeb31,268795325700937728,6243.934564754018
142701,1427,M,491,4910000,363035811,739023,0.19423970560151418,6.261390736035537,118028.57083279871,7856,0.00011816320959015154,61e7196f1272f3ddf609bc812330742c686a591aa0d4d0f027841643efa86330,269343621834287616,6274.449135061004
142701,1427,M,492,4920000,363775064,739253,0.19031363851551084,6.537431809992995,113080.03226435062,7872,0.00011743423582273784,9a1eee25d0351555f7bc8f2773a5b9bd436fc02529066547c3066dcecf9ae61a,269892088609296384,6281.161500229035
142701,1427,M,493,4930000,364514480,739416,0.1902334688231893,6.293635936977807,117486.30003454986,7888,0.00011672039072391001,6492387e72bb3fe0fdc7b29301fefab64d65a8ac832c0058b711a64ca9911f6d,270440676317306880,6287.647724932991
142701,1427,M,494,4940000,365253662,739182,0.19471956302944285,6.873840198037215,107535.52289607622,7904,0.00011602023469720212,7a917addc25dd1e70368bc22f9969927b96028347025d78f1369f70a0d723b6c,270989090415977472,6294.749130045995
142701,1427,M,495,4950000,365993694,740032,0.18928776939419595,9.322408819978591,79382.05825237553,7920,0.00011533618985953805,ff8991db669f155fcaa353859f1c3aefb41e93301310b61fb28fe8428b71d90f,271538135146865664,6304.713855915004
142701,1427,M,496,4960000,366732717,739023,0.1941179952620792,6.875781743961852,107482.032955597,7936,0.00011466498748494676,260c2c26c288281f69ef4e9191a2384d9f10d5afb28a604f5af35dbdf7b9f9bd,272086431280215552,6312.975472630002
142701,1427,M,497,4970000,367471970,739253,0.1894812711355215,7.745931999001186,95437.57937654556,7952,0.00011400945424482037,dd6e39b5f3d69a74bc92efc7c42a9f72b47c95b9c242ec72404510c4f9250f76,272634898055224320,6321.637391776021
142701,1427,M,498,4980000,368211386,739416,0.18906711501455178,6.879780919000041,107476.67821193823,7968,0.00011336911478690834,f61f1e9bc22f9024408c8a0d1d93cd43b56a22fefba9990b61339614b5472fbd,273183485763234816,6329.40465597203
142701,1427,M,499,4990000,368950568,739182,0.19750766756310628,9.539057683025021,77490.04404443344,7984,0.00011274267943264215,ebf77329f2a7911c20e0742f4150d089bba62d8a2473af7e09fd6e759a76042a,273731899861905408,6339.921568711987
142701,1427,M,500,5000000,369690600,740032,0.1880357009525026,10.283305925957393,71964.405739597,8000,0.00011213231355727544,fc9fe8da037365c145abdd88fc77088abdf9d82b5f1c200ee93a6d13c57920fb,274280944592793600,6352.572364050022
142701,1427,M,501,5010000,370429623,739023,0.19643161999179076,6.15738671796862,120022.18373638397,8016,0.0001115351022622614,86a284fc8ea5e42dbb73671d5d0f60c2be684820fa0e116a895a90320a7584c4,274829240726143488,6386.11081959703
142701,1427,M,502,5020000,371168876,739253,0.18881270316153365,6.713980954024009,110106.50835357678,8032,0.00011095356419598905,f8f5c2942b53a803177cbb87422567070fbc2a30a50c20e56a229b60a74146df,275377707501152256,6392.945638954989
142701,1427,M,503,5030000,371908292,739416,0.18975818801531366,6.429832410009112,114997.70955911308,8048,0.00011038727217010286,7af67e0632ddd6cf685dadf868a13f8a3883f02870c5a881d54b24e7747a9e61,275926295209162752,6399.859989591001
142701,1427,M,504,5040000,372647474,739182,0.19828821261849788,6.605287568003405,111907.61831182986,8064,0.00010983508751512853,57d9427c0e54fb57f6c887da9eb4a9f749d252da692856858bce7cf086707629,276474709307833344,6406.6198139089975
142701,1427,M,505,5050000,373387506,740032,0.18696220751107898,6.566576751996763,112696.77153700689,8080,0.00010929891703252603,477aafd7bebca2c2baef4e8bc8b3f2ca2ac10cfa30a35529607d3d5ede9b20ee,277023754038721536,6413.364552095998
142701,1427,M,506,5060000,374126529,739023,0.1958852095706892,6.497661630040966,113736.7628660806,8096,0.0001087762021174678,be532f2bdb34406bc8e76be8fa3eea26d79dac461afa7f725dc8699a96613c07,277572050172071424,6419.987061714986
142701,1427,M,507,5070000,374865782,739253,0.1893021731845627,7.16922862600768,103114.71966708181,8112,0.00010826915126431175,9234573606bb607d78c9c6e864e4e6314f2cdd949c27b0e9271a7758f8fb64df,278120516947080192,6427.345464184997
142701,1427,M,508,5080000,375605198,739416,0.18847707955708945,7.24064938002266,102120.12226970808,8128,0.00010777738581004142,031edc5422911107a640a3451f1c859aaa935a1f5c133c3b46f3190ce74f29c4,278669104655090688,6435.318356409029
142701,1427,M,509,5090000,376344380,739182,0.19544526684515184,7.523404732986819,98250.99489317811,8144,0.00010729991905770475,fc6bf13dee2392e5053404d9ef5c396c663be80ecd98b0563fdf13f0d867eff0,279217518753761280,6443.530928297027
142701,1427,M,510,5100000,377084412,740032,0.18685012576407467,8.867555350996554,83453.89125953792,8160,0.00010683839762162368,ff501a6480d48ace204c7c60aad357b8975562a1079b039ce4ae2574959d38b3,279766563484649472,6453.650231190026
142701,1427,M,511,5110000,377823435,739023,0.19540304776595016,6.419131645001471,115128.1888065766,8176,0.00010639062135552494,a55568440843b98802498b3059fdaf3ad035a5cf943520027b16d7c5acf4f86e,280314859617999360,6515.295083760982
142701,1427,M,512,5120000,378562688,739253,0.1894083065990289,6.433723808033392,114902.81865642735,8192,0.00010595848673112867,3e6f6158199a24f24d1312352291dcfaca28974689904a1343d093bdecb49b83,280863326393008128,6521.927559759992
142701,1427,M,513,5130000,379302104,739416,0.18907402969359685,6.427128633018583,115046.08701953485,8208,0.00010554166393114415,21fc4b3e3863541f83aeb1fcf338fdd1847b68ef44bf8bcbc7a86165e5713a84,281411914101018624,6528.525264169031
142701,1427,M,514,5140000,380041286,739182,0.19671824999768725,6.761955792957451,109314.82290520961,8224,0.00010513931906598584,7a6c0b677a91ce4c9d219a775f78c9fd5d73dd9e93c61461eb5c1ab699bad127,281960328199689216,6535.496773710998
142701,1427,M,515,5150000,380781318,740032,0.1864371665436164,6.444292368018068,114835.2616142392,8240,0.00010475283716963733,d0f2c6fe63bcee640df72007eb4e4abc4623356ad4da8766b042d7c3221f409e,282509372930577408,6542.0956887879875
142701,1427,M,516,5160000,381520341,739023,0.19289440538187566,6.442069971002638,114718.25101660284,8256,0.00010438037841592323,53bcf6b66c15a2dc333f9d16ac961b31888c813d180ce512b77e7c6a646f38b9,283057669063927296,6548.696843156009
142701,1427,M,517,5170000,382259594,739253,0.18881251094053927,8.685751096985769,85111.00441924295,8272,0.00010402352564932145,c2e1bd451264c68f961024a2d5a14c7f1b3c930827be4377e5e17bc5fc8a6bf1,283606135838936064,6557.853189711983
142701,1427,M,518,5180000,382999010,739416,0.18709511915770466,6.561612933001015,112688.14658072511,8288,0.00010368199817732534,48ff1498e6a7c88f5dec4c9a4034c5e65fd6b14cba8aa48efd3bc822cc38199b,284154723546946560,6565.426118934993
142701,1427,M,519,5190000,383738192,739182,0.19534642324657744,7.423550771025475,99572.56612092798,8304,0.00010335511562326961,d05e49d09dd436623ae0b7b6b11480da461efbc3585e2e74cf1efd9a12812d5b,284703137645617152,6573.448537786026
142701,1427,M,520,5200000,384478224,740032,0.1859286463284878,8.531722481013276,86738.87384955231,8320,0.00010304400026892265,be036699307950ef4dbe9c9b8f46a7de9c3d101367485354b9dc46e65362e473,285252182376505344,6583.0947061760235
142701,1427,M,521,5210000,385217247,739023,0.1929439630255565,6.364560720976442,116115.31924965595,8336,0.00010274717416488344,5b0d2a24cab087813ba0d0495392f9067129dc50454f79d55ac88d7400f047a6,285800478509855232,6649.673477144039
142701,1427,M,522,5220000,385956500,739253,0.18854456020480467,6.808194604003802,108582.82452226848,8352,0.00010246590518914332,d77018329e55555b4a231ed8451e1f427c0b628026c4b90a679d5b123583c7ae,286348945284864000,6657.678123506019
142701,1427,M,523,5230000,386695916,739416,0.1882585434243627,6.400837514025625,115518.63305071859,8368,0.00010219996201147345,101841fe8a6996d2eeed7653143f19ec0f5410b6ddbaf2960961c7dabe10a62f,286897532992874496,6664.56436025101
142701,1427,M,524,5240000,387435098,739182,0.19582062047085722,7.984329185972456,92579.0987298792,8384,0.00010194881834379561,ed107da7d41f338dea7b1281c03f8f4c86d0499633103b157ea1baf1de755d2d,287445947091545088,6675.358596395992
142701,1427,M,525,5250000,388175130,740032,0.1848895570496359,6.977359168988187,106061.90423579911,8400,0.00010171333276610037,1ddf5b4734f30da384471f59fa2a980362b19f32292c1d72b1873ef495304c0d,287994991822433280,6682.8300531359855
142701,1427,M,526,5260000,388914153,739023,0.19187621985455952,7.112391939968802,103906.39411292647,8416,0.00010149239045625387,d4a3679f60f1f32634cd041cee14d90a43a1db60f208124675edfdc9fab55b41,288543287955783168,6690.451249287988
142701,1427,M,527,5270000,389653406,739253,0.18813992036142851,6.608735515968874,111859.97657399393,8432,0.00010128694325300949,96de5e96ec546f5bedb9765cbf6f4fb5bac00dab5e2e75867f8fdac7218d2dd9,289091754730791936,6698.739214855013
142701,1427,M,528,5280000,390392822,739416,0.18763026514924402,6.45804543903796,114495.32323361123,8448,0.00010109680938414485,d1450d127925a606a2edc4c43d0c98836cea719018a75ae55b9c83f642cb42fd,289640342438802432,6705.344508173992
142701,1427,M,529,5290000,391132004,739182,0.19274170342896757,6.907992171996739,107003.88500676908,8464,0.00010092161709546073,899856fc12a435557a6034d044f854ef49d73307e92bf7ced1e43167177d2b45,290188756537473024,6712.3530421620235
142701,1427,M,530,5300000,391872036,740032,0.18487158481363172,7.084824908000883,104453.11064276026,8480,0.00010076196053872585,46de81bbdb09d9371d6c55bacd8ac03bd96c96418fb61ae064efc0c2d8c1b2cc,290737801268361216,6720.10602162499
142701,1427,M,531,5310000,392611059,739023,0.19202741773803983,8.570305308967363,86230.65029278927,8496,0.00010061708896232411,db544230e9b6bdf4cf1bcd39d3b71661fca6c22effc9c927125b1662e1300472,291286097401711104,6783.021840943024
142701,1427,M,532,5320000,393350312,739253,0.18733320054143127,6.912806190026458,106939.63922590032,8512,0.00010048763736042034,4354866044501c7fb336d7081d59af568474057b64065ca8eb3ec85e1ac5bfab,291834564176719872,6790.256002776034
142701,1427,M,533,5330000,394089728,739416,0.18963729042985847,6.552906819968484,112837.86269427773,8528,0.0001003734736725961,62d0e67cb7af227a47a5211e069ae72d996ed027d04f8a1cc410290fef61cecf,292383151884730368,6797.3361404720345
142701,1427,M,534,5340000,394828910,739182,0.19478108031180352,8.26727586996276,89410.58840018239,8544,0.00010027438099307244,4a27443069d6c1cc34f97268629d51f13b97047caeb4363281657b715d46415c,292931565983400960,6807.213890846004
142701,1427,M,535,5350000,395568942,740032,0.18457158296349283,6.605884921038523,112026.17194301021,8560,0.00010019068854268421,b05ec709bafeff67867c8d7b159bb3d5b746e6bbfdf736bf02616eeec45f3c4e,293480610714289152,6814.049769792997
142701,1427,M,536,5360000,396307965,739023,0.19121616904908742,6.345285210991278,116468.05075363157,8576,0.00010012201027554422,545fbabfa87d9b2eec6c077272940aafb027fcb4f895fd4430937d0f05f9848a,294028906847639040,6820.637425535009
142701,1427,M,537,5370000,397047218,739253,0.18744663480501367,6.735168293991592,109760.13779187726,8592,0.00010006866380396021,69ac75a55d48e6aa9438273b463711c1c0c6366bb5e990a1964ed0442608eb75,294577373622647808,6827.472858894034
142701,1427,M,538,5380000,397786634,739416,0.18895337565886466,6.608095125993714,111895.48363058831,8608,0.00010003056689105386,be32f646de40277e44c25efb1a7d0b200d2ac30023ab6e426aa6ef824441c77f,295125961330658304,6834.599697195983
142701,1427,M,539,5390000,398525816,739182,0.19140710076477832,8.349859306006692,88526.28204983645,8624,0.00010000765766299047,1940786d8c524e7cebcf577e61ece9a541157d17934b73abaaf97cd2d488e8d9,295674375429328896,6843.593807631987
142701,1427,M,540,5400000,399265848,740032,0.18364695795888794,8.959354960999917,82598.80351000269,8640,0.00010000000013111753,08d03635736fa7035b46fef192d88a892135fe3bccac7aa1dfed952af08bdab6,296223420160217088,6854.739570139034
142701,1427,MP,1,10000,739023,739023,9.677614693942836,7.054453218996059,104759.78464354643,16,1.5999878827489443e-05,67688890175f231bab22e2eea9483ccd9096072d4e8a803d51be60a0d59225c1,548296133349888,7.0544643389876
142701,1427,MP,2,20000,1478276,739253,7.582196194623431,6.62904378696112,111517.29023936462,32,3.1999027933533236e-05,9066b52992b03b8e551873fcf1da2074d4551802f3187710107962c2510adbff,1096762908358656,13.874696101003792
142701,1427,MP,3,30000,2217692,739416,5.94458344989566,6.248229970980901,118340.07445854622,48,4.799671779970131e-05,2986625280d89d3377d7dc52a580b8173df282631c3657af855bfcd45b55eeb1,1645350616369152,20.229309339018073
142701,1427,MP,4,40000,2956874,739182,5.0084837323467015,6.35705610801233,116277.40693814972,64,6.399221294209405e-05,9ccedb563e40bdb41b0b9ba0a5b235d9a0158e1fd50b8ab98c148020dbe19c35,2193764715039744,26.67464449099498
142701,1427,MP,5,50000,3696906,740032,4.255648190573323,6.419064544024877,115286.58029912652,80,7.998479546836326e-05,c1353c38df785c1cccbca2911a6f9d7720e51b98e1c28b7da33012244e3a98c6,2742809445927936,33.191667670966126
142701,1427,MP,6,60000,4435929,739023,3.5762389797310945,6.34076491399901,116551.08019671259,96,9.597370801857195e-05,d1b52c65bc1cd775d5609ec31b4d34a53ee027a152bb2a7f752b1738a99dde41,3291105579277824,39.63288970198482
142701,1427,MP,7,70000,5175182,739253,3.0210223259417632,6.585201948997565,112259.73109488816,112,0.00011195824532769051,be250180ce91005495f1679ab0931df91349a924491b2b3c5469ae798382bdbf,3839572354286592,46.390645270003006
142701,1427,MP,8,80000,5914598,739416,2.629804922769897,6.634374628018122,111452.25306953833,128,0.00012793767954878235,9ea1dac5541d39cdf29a589c0cebe27eebe2865a5ef1ef2d4d6b0d4467d2bd83,4388160062297088,53.127193057967816
142701,1427,MP,9,90000,6653780,739182,2.374483266573426,8.035255051974673,91992.35061223665,144,0.0001439112484979609,132bab7266f6d96e9ae3bcaa06a7187545f746b6e7446ce3683262e82cce6c0d,4936574160967680,61.68006449699169
142701,1427,MP,10,100000,7393812,740032,2.1378693153812205,6.525399197009392,113407.92764665779,160,0.00015987828843537215,36364259680f991e846394d4a0ab190f365c7c31798025da27a6eec9f284ca42,5485618891855872,69.75156545598293
142701,1427,MP,11,110000,8132835,739023,1.7910184118936934,6.344500899023842,116482.44862156222,176,0.00017583795864240933,a6ac4d6356bff0cfbf53c89696559531d50a31bf19768893a8da6e27fa25bded,6033915025205760,150.3532836799859
142701,1427,MP,12,120000,8872088,739253,1.6020348763872667,6.34171976003563,116569.79935610504,192,0.00019178963105986605,7e3138bcf1c64b2cb2e4b0405a6fb19067b176b9aa94e42afbcd1be32051f235,6582381800214528,156.79663675196934
142701,1427,MP,13,130000,9611504,739416,1.4847184487886425,6.370537818991579,116068.06536736728,208,0.00020773257214204237,5ecad94d7518b5fd7ef522c24e86db84992f89d4f637248254e0d6b1ceb826f0,7130969508225024,163.35911715199472
142701,1427,MP,14,140000,10350686,739182,1.408971896089089,6.9934327569790184,105696.59074255651,224,0.00022366596886588073,90bcc6545924686e0e9617c50ae0a7adde04bd2bd3230b32218151127992a20f,7679383606895616,170.83224847196834
142701,1427,MP,15,150000,11090718,740032,1.3397285034321877,9.55017866997514,77488.8120498301,240,0.0002395892545889842,41c999b4d20f6e4d11276086470ba90e3cad84fa89380a24fc9159203327d3da,8228428337783808,180.86617630301043
142701,1427,MP,16,160000,11829741,739023,1.2948479540004731,6.299634868977591,117312.03718477431,256,0.0002555014476319369,8a68740ee547869e447e6aa544730272eae6261afea13bb4150ff42a6c7fddb7,8776724471133696,189.4131841469789
142701,1427,MP,17,170000,12568994,739253,1.2750080768203573,6.350723996001761,116404.52340007423,272,0.00027140204841085146,170e7e18258af884b1aefcc53916732a7a56114b40561167ee4011e4f14a7b1b,9325191246142464,195.9156841399963
142701,1427,MP,18,180000,13308410,739416,1.2559003577329404,6.448588679020759,114663.22893341725,288,0.0002872903103215865,48ae0532c4b0c3f171a6857e0f387ff05566fb0911a34e7d4ad8200d49240a18,9873778954152960,202.46682298299856
142701,1427,MP,19,190000,14047592,739182,1.2438706497982064,6.71651263802778,110054.43447167422,304,0.000303165345449825,2d4d0de5c478aacfad5d43ccf8871796eb41b79bc3c9128a75573a4061763d0e,10422193052823552,209.33707875799155
142701,1427,MP,20,200000,14787624,740032,1.224827029388957,7.123553037003148,103885.23762733556,320,0.000319026727032387,70e25a6184c831ce8f6e71341d97cc1c1a494508b3ef8b163e687b9846fe1e45,10971237783711744,216.60458292096155
142701,1427,MP,21,210000,15526647,739023,1.2417045281502188,8.686289870995097,85079.24683330167,336,0.00033487327506677813,b8492eef131783edce2d9ab92ce80ae9ccd3b868c801fd6ee6b08d44ffb43899,11519533917061632,287.4038347179885
142701,1427,MP,22,220000,16265900,739253,1.2232481820083516,7.029925166978501,105158.01839150087,352,0.0003507046694978026,07c6efc148618f4b2a92b70989408c6cbbbf348887c1f472691e4af5e49fa9d2,12068000692070400,295.1295845939894
142701,1427,MP,23,230000,17005316,739416,1.212994269941801,6.531974189041648,113199.46751174853,368,0.00036652014332675867,ff6df1f84e7c55d73c8c1bd934b8606a90dc1722eb82cd961c3f780afd5433f0,12616588400080896,302.2228323679883
142701,1427,MP,24,240000,17744498,739182,1.1984549549245869,10.95372305897763,67482.26114719681,384,0.00038231870982435916,30dc384307388b4dd647c624b1b95844f19cf3029f66db1aadae4dd4dabbf674,13165002498751488,314.2828815730172
142701,1427,MP,25,250000,18484530,740032,1.2003761648172988,6.6825996459810995,110740.13695329685,400,0.0003981001246532085,9c1521a9722277b3350089098645ba980d1397544951e4e33502429c4c04aeaa,13714047229639680,321.11938148899935
142701,1427,MP,26,260000,19223553,739023,1.1819285268746134,6.369971415959299,116016.69014533644,416,0.00041386295246310516,90081a184646378ddd36aa8ca94f851c5fa1eab5ecc172de9f242c25e5162b29,14262343362989568,327.6482301270007
142701,1427,MP,27,270000,19962806,739253,1.1779275030221856,6.814742880000267,108478.48745248199,432,0.00042960710347876064,21d53315220bf0b462f98b6873aa48e25f10587a1e8b3f7abeaa016ef6e61e8d,14810810137998336,334.5537933809683
142701,1427,MP,28,280000,20702222,739416,1.2387404288338333,8.193935480026994,90239.42180193542,448,0.00044533178300730026,660a6218846c2a86c5665bf14eb36b094c0cdab0a3e39a3ca208c9c4d8e81f55,15359397846008832,343.2506778090028
142701,1427,MP,29,290000,21441404,739182,1.2603946928902607,7.226343313988764,102289.90900129123,464,0.00046103588175025364,9577b4404f6e1e0d18afa3d8b74003ddcf4d9acf02fbcb03fc072f8664c7a572,15907811944679424,351.0020489899907
142701,1427,MP,30,300000,22181436,740032,1.2510117396221312,8.02757905801991,92186.19893387098,480,0.0004767193800356927,caf3b5fd5d6f25f55e366fc1b3e5ed85ad57d019db99b15cb031ad587dbd6e96,16456856675567616,359.5280121960095
142701,1427,MP,31,310000,22920459,739023,1.1810356758645273,7.2066089769941755,102547.95318563838,496,0.0004923805305760635,9b5c0747bab8936dff25da00b4f86858b29aafe818a25b3feae69d4cc383deeb,17005152808917504,441.48071642097784
142701,1427,MP,32,320000,23659712,739253,1.176345650701357,7.733488760015462,95591.1391275523,512,0.0005080195242393902,7cf149d4188c2b0563b1b6bc9d1ae7659a88cab8e8eb5c4fe000603a4f319d61,17553619583926272,451.61538510699756
142701,1427,MP,33,330000,24399128,739416,1.1676893266716364,6.215506019012537,118963.12186621802,528,0.0005236355313884212,8691fcc87ac3987d1a197753e2353757b669d3e145b48887d5d4de89b5a61e5a,18102207291936768,458.22137193899835
142701,1427,MP,34,340000,25138310,739182,1.1535037900936729,7.054071550024673,104787.99297087007,544,0.0005392272966116915,59421fd34c2d0703482f339835ef4c28ea555a1baa928a20d502b49b5cbb3c74,18650621390607360,465.7617252859636
142701,1427,MP,35,350000,25878342,740032,1.1486764538816996,8.342011863016523,88711.45380179306,560,0.0005547950667642348,1a1d7af42d182b1bbb392534d99ff9173826fe1442c8896b576194647ee3be31,19199666121495552,474.6461247350089
142701,1427,MP,36,360000,26617365,739023,1.1343850107928475,6.366788610001095,116074.68776945508,576,0.0005703367265632715,b62ee4c8d0d93bb60b80433d35cb4aa374834da88738add9e9e8f44e77603874,19747962254845440,482.1454342919751
142701,1427,MP,37,370000,27356618,739253,1.1349549459908888,6.5999240730307065,112009.3188678961,592,0.0005858527974105741,748b203d6baa83cce88bf3a858b17e3293d9ada5708f6028a3423a844ff3cf6e,20296429029854208,488.9302569410065
142701,1427,MP,38,380000,28096034,739416,1.1260079241815804,6.264188913977705,118038.58570581923,608,0.0006013424075365557,ad220487a3a74b52728679b3dd1cf9aba69a6e60dc3f9a8361ed2a05e29a61bf,20845016737864704,495.2984403090086
142701,1427,MP,39,390000,28835216,739182,1.1209742173125425,6.669416718010325,110831.5811192135,624,0.0006168041321239801,8d741876a0fad1e2d7bdcc3a8e002c447c9491adec31ffa6e827ebaaf075f502,21393430836535296,502.0728622949682
142701,1427,MP,40,400000,29575248,740032,1.1136798850704228,6.3697499020490795,116179.1296958048,640,0.0006322385259673283,6526179cc56769537c040d4d6ae0a1e7b2af76f82fac7491fd1352546ae62260,21942475567423488,508.5321440320113
142701,1427,MP,41,410000,30314271,739023,1.1040350154476744,7.5152698130114,98336.1899689228,656,0.0006476430503586036,e7ea706da24865d3934a7922bd43582bbff545566bf328afe75a6eea7e4ecee0,22490771700773376,565.594718488981
142701,1427,MP,42,420000,31053524,739253,1.1300803910288286,8.526974632986821,86695.8132067358,672,0.0006630186065662296,0f2416189ee1c103880b9de592b8d3fc608e977152bf1330b74b5d7f428f631e,23039238475782144,575.0553403639933
142701,1427,MP,43,430000,31792940,739416,1.1423536110320534,8.154457479016855,90676.29598936212,688,0.0006783642735753314,1d4b5e3061effc967d51267a254a176921ea1a81f47c7d3e023792a1c8962dec,23587826183792640,585.1503148350166
142701,1427,MP,44,440000,32532122,739182,1.1112277165075959,7.839064878004137,94294.66543568131,704,0.0006936784341614762,878318b4d19c81b2f9e1b3db2c8a3028b60ab6a7f1dfc59f11281cc20192428d,24136240282463232,593.4797704599914
142701,1427,MP,45,450000,33272154,740032,1.090676525116874,6.51539487100672,113582.0644260744,720,0.0007089619919518078,4c885841176f9f1d7d0a91cdfce6dbd6e3efbc610c241b999065e0c343ec7cbf,24685285013351424,601.5596840970102
142701,1427,MP,46,460000,34011177,739023,1.061975035837043,6.4215995100094005,115083.94424910471,736,0.0007242119301063203,5bbfa8c572d056d1c067fd898c5b56969d3f8348a23d202bdeb2e5bff60792bf,25233581146701312,608.1032303019892
142701,1427,MP,47,470000,34750430,739253,1.054934955162592,6.413838063017465,115259.06839815188,752,0.000739429578451606,9921b6191e098860bbeecac3d5d8bd450dae7fe0e73bed0981b29a7989bf746a,25782047921710080,614.6071862649987
142701,1427,MP,48,480000,35489846,739416,1.0482559997250196,6.3907547980197705,115700.88719866303,768,0.0007546139597022115,4a68124a361cdff565bb4a0cf3321dc5198a2bf5975b54c8cbda5677d5be0ae7,26330635629720576,621.1044968040078
142701,1427,MP,49,490000,36229028,739182,1.0754012460469498,6.572344688989688,112468.5382430282,784,0.0007697632415563749,4e2cd2e146eae7d88973f1ef51fa9bdc014f9436113599be4fbb6dfd594fbebc,26879049728391168,627.7989089969778
142701,1427,MP,50,500000,36969060,740032,1.5918804104328361,6.628593416011427,111642.38829499575,800,0.0007848787167782583,7c2ef37d61b7e75fd4775cec34d59319bc97fb814871f99dc3da8b41ea9e021b,27428094459279360,634.5160747789778
142701,1427,MP,51,510000,37708083,739023,1.4826468983908694,6.848639099043794,107908.0076074066,816,0.0007999568365066406,4f8f426b0d24fa3b3cf84094717d16dcec4e642c74d2ba97f24bbdd90e1a580c,27976390592629248,664.726220172015
142701,1427,MP,52,520000,38447336,739253,1.6643302863485048,9.060813888034318,81587.92456561272,832,0.0008149994070933734,d1faec3942544c9b6b421895264bc61498da8c3ee1a60fd83f0baf976f7fa445,28524857367638016,674.7049119750154
142701,1427,MP,53,530000,39186752,739416,1.373641962468626,7.1935740689514205,102788.40433317202,848,0.0008300053880573473,aefdc231120dd3c006c94af3d2eb24a225be7a984977471071dbc739edb668c5,29073445075648512,682.881892815989
142701,1427,MP,54,540000,39925934,739182,1.1811006053594808,7.574058662052266,97593.91007934329,864,0.0008449727097201529,1325b56f8a48270d4fd26bbc16848f13daf8663bab2bc2a25089335f7d3fcb77,29621859174319104,691.3613887969987
142701,1427,MP,55,550000,40665966,740032,1.1332495213792078,9.298770581022836,79583.85396777891,880,0.000859903093629612,2dd12051006497596a6e9b5c07cb03dc17bf1c3c7e353b0ff0e3964ea054da88,30170903905207296,701.5941505279625
142701,1427,MP,56,560000,41404989,739023,1.1034903468971333,7.517768159974366,98303.51033364667,896,0.0008747924059250226,408eb5aa0c182b1caff142c6194b86fa5daa7965f949b41d3cb990853bc4ce57,30719200038557184,710.8223635890172
142701,1427,MP,57,570000,42144242,739253,1.094051404051724,8.856305113004055,83471.94349870876,912,0.0008896429766440374,8acc3ffc7a8dd2542e97aa1383bdfc6178122958827b3e50a4c231a872b6e6ae,31267666813565952,722.2506791839842
142701,1427,MP,58,580000,42883658,739416,1.0807868049495226,8.265796738036443,89454.89750521615,928,0.0009044536952974429,557669dc0202c0c02c16487399e1b05a2290b0085088fdb6ed0f267720cf3e88,31816254521576448,733.7283007680089
142701,1427,MP,59,590000,43622840,739182,1.0661365641741918,6.5208134449785575,113357.32976216599,944,0.0009192222329407235,cd2fd03c2a6c4e9888574813cc5948ca411b42b543ae7a11051d14d7e8c2c215,32364668620247040,740.5007078659837
142701,1427,MP,60,600000,44362872,740032,1.062852862940459,6.512265085999388,113636.65179892365,960,0.0009339507788262749,624d75ddf1bdc38fd2c8ee5511d4e5b63b4bee0eab158f48d9abbbe06c8e8ebd,32913713351135232,747.1366918559652
142701,1427,MP,61,610000,45101895,739023,1.0471483668074653,6.6099878789973445,111803.98716738659,976,0.0009486345621187782,98389e86d7df02b922a51c06d005ef5726bdbe9f88d498c5357a867b041cb1d7,33462009484485120,776.4331375079928
142701,1427,MP,62,620000,45841148,739253,1.049036144123398,8.820856464037206,83807.39478234887,992,0.000963276482814582,9d5c7bcf321b7e55794c4b337c7abab8fc31e87f4a2be7942436b3c77523605a,34010476259493888,785.7709877180168
142701,1427,MP,63,630000,46580564,739416,1.0464408933379261,6.379829769022763,115899.01717914658,1008,0.0009701144382230389,4ba7fd234a8be3ba54948103cd68422d34b348f500949a19e36d25a3b4ef75ba,34559063967504384,792.7676589869661
142701,1427,MP,64,640000,47319746,739182,1.0430246683105926,6.738156045961659,109700.93226662652,1024,0.0009691685207127017,58b292a7b3502d2b43326b2347fca69b5d250025d49c99d84f019ab66ed85ebe,35107478066174976,799.72135582997
142701,1427,MP,65,650000,48059778,740032,1.0384980448387409,6.693410486972425,110561.27536781813,1040,0.0009682103964832591,60d42010aaf51781b7cf8b4f00c22da07602735bf2de6c680c32e7e300feec1a,35656522797063168,806.646081555984
142701,1427,MP,66,660000,48798801,739023,1.0303385330681536,6.859679078974295,107734.34026457454,1056,0.0009672354511705914,c98f23940cf12bc657a2898ee23fba767d35952bd0a9af092df5b3c809ce8889,36204818930413056,814.0489469720051
142701,1427,MP,67,670000,49538054,739253,1.0310515172600032,8.154199270997196,90659.17761286143,1072,0.0009662477171182758,6d045cc0657326b17abf2f85572071b23877f2ceb668402dce25baf57cb483ec,36753285705421824,823.1844969349913
142701,1427,MP,68,680000,50277470,739416,1.0269781566106526,7.377427858009469,100226.8018381551,1088,0.0009652465908598235,ca7d99819ca7716e8d9d5d50f7735b80d2a4c6c19a3dadc9f0fb42d3dc021fb9,37301873413432320,831.9735323209898
142701,1427,MP,69,690000,51016652,739182,1.0238705051389716,8.030413948989008,92047.80783350025,1104,0.000964230017605631,9d8b0a82e210999a35607d76cee99455e9d51e3f2876d5dd26b6bc902fdd24bc,37850287512102912,841.8644992790068
142701,1427,MP,70,700000,51756684,740032,1.0207937080885088,7.5243108220165595,98352.13051468109,1120,0.0009632015506081051,bd83b58a3bfcd1deeb020cfd35cfd31ec4009b0532347acdeb66467bdb11c19d,38399332242991104,850.322177449998
142701,1427,MP,71,710000,52495707,739023,1.0165969119982174,6.685608209983911,110539.38202606377,1136,0.0009621562379793997,efdf649156e571757d43518cdd2474b9124295908331c246e386cb4dfd57427d,38947628376340992,887.2874958449975
142701,1427,MP,72,720000,53234960,739253,1.0158779333500874,8.584148946974892,86118.37988441678,1152,0.0009610984055645717,93fc29f480734fa34e13eec708ed3b4979319b130aba38168da3e1645773c3d7,39496095151349760,896.4077932119835
142701,1427,MP,73,730000,53974376,739416,1.014052838327946,6.443840997992083,114747.7102911763,1168,0.000960027403424349,9034e571919b51cff4ffb1586643984ee0f859def8bfa816c1e2f7478c2ba874,40044682859360256,903.0699457399896
142701,1427,MP,74,740000,54713558,739182,1.0076127832314827,6.573478017002344,112449.14763358163,1184,0.0009589410345487643,a0d8b96e47f87103127d9ffae2534564564dba93a0fdf80ef7f80a328b08c0b4,40593096958030848,909.7544774779817
142701,1427,MP,75,750000,55453590,740032,1.0033947699809995,6.3777080019935966,116034.16145246454,1200,0.0009578430949689122,2ecdb290e2a02507cab06f8f4c37129342cd813231ff7adfe4b35f68985c8a55,41142141688919040,916.2383194279973
142701,1427,MP,76,760000,56192613,739023,0.9947631990973792,6.350511251017451,116372.20544749007,1216,0.0009567282994630126,6905843b999b73f95e1f95a044300283718b2b07c8a7fd2449268f563f637b29,41690437822268928,922.6974507379928
142701,1427,MP,77,770000,56931866,739253,0.9938502764809659,6.451477462018374,114586.62056128788,1232,0.0009556012637175046,dd591e825e1cd34a3267919fb612d1c2d01252a7c69b8709067a6fb58ddee705,42238904597277696,929.2530978290015
142701,1427,MP,78,780000,57671282,739416,0.9868572799402386,6.426716441987082,115053.4657432901,1248,0.0009544612918702458,368c625b0fad3267722116a61b40bb6b35d3a1ec35e197585b6b1e37b68da0a8,42787492305288192,935.7821444889996
142701,1427,MP,79,790000,58410464,739182,0.9799500379621249,7.1597506499965675,103241.30491895752,1264,0.0009533060465497961,46c336e34041cde8f3142e4b3c2534877c7ed672eba1bc25f9265c84e226286d,43335906403958784,943.0363451919984
142701,1427,MP,80,800000,59150496,740032,0.9772067374809075,9.250744035001844,79997.02480145992,1280,0.0009521395633541162,4ed88dde5c6f09de599ec65ad1f39148394ce5d5b696b906252e97be7f779f23,43884951134846976,952.8554077490116
142701,1427,MP,81,810000,59889519,739023,0.9654134253115864,6.8934745519654825,107206.16931693585,1296,0.0009509562281993163,f05c23c260dfe6aa72b47cfd0f8c9c14a4b4d68d150388cbe87e92643d463ffb,44433247268196864,1018.9962167000049
142701,1427,MP,82,820000,60628772,739253,0.968283189216687,6.327738469990436,116827.36312601069,1312,0.0009497609427078874,524c4adb414d18e1ed2e06d5c118c0c21f165af81c1ca74baf7782cc200d7958,44981714043205632,1025.435469286982
142701,1427,MP,83,830000,61368188,739416,0.9601057427369568,6.412387366988696,115310.56339586595,1328,0.0009485529656835854,680f0d0abeec92db2d3d8935b916314b9f03038bb228fae81fe43468a275222a,45530301751216128,1031.9570223269984
142701,1427,MP,84,840000,62107370,739182,0.9518416121708377,6.614803193020634,111746.63530124685,1344,0.0009473298213711462,ada3eaae590125579dc3f80a543cb31f2c83e33e53abde5338995fb97b5e6b65,46078715849886720,1038.672142822994
142701,1427,MP,85,850000,62847402,740032,0.9503503116853693,6.361653301981278,116326.99313707082,1360,0.0009460957815208782,46b2493fd949800cd47d0778f7535e90697806d1010bfb2d2f0fa50161639d52,46627760580774912,1045.1820343839936
142701,1427,MP,86,860000,63586425,739023,0.9380240631151617,6.2808063520351425,117663.71363456183,1376,0.0009448449079368583,2a7eb08d834714da6495b4a390ecf6ac67b2fa9e0603bb919f99f6f77b5a6f49,47176056714124800,1051.5967978999834
142701,1427,MP,87,870000,64325678,739253,0.9327062987733687,6.638658933981787,111355.77341018859,1392,0.000943582384030366,8f11028c5e59b6cf9a67c9b7ce361d252c59342e6b6da22f62c309926c8cb6d8,47724523489133568,1058.325407730008
142701,1427,MP,88,880000,65065094,739416,0.923471844957798,6.5085040489793755,113607.67304369285,1408,0.0009423074238981825,c8f69fb3d6452412338bb55431c9bc82f70ce04302a6c8204914f6a938fcdef7,48273111197144064,1065.3489611619734
142701,1427,MP,89,890000,65804276,739182,0.9196950911481828,7.667392864008434,96405.91177606142,1424,0.0009410174154959556,f99ea98407dc3be713188982860e852a15267df5ad04e71bd54020fe7d4c79a5,48821525295814656,1074.165198777977
142701,1427,MP,90,900000,66544308,740032,0.9113653662098966,6.753011136024725,109585.48491830748,1440,0.0009397168631120142,496a34c179c650da199876634a03aa645debaa5beb8442ef136c6797bbce389a,49370570026702848,1081.0199831229984
142701,1427,MP,91,910000,67283331,739023,0.8941015276172116,6.910174991993699,106947.07454677348,1456,0.0009383995094627078,9134edcba8c1ea2b405a6774e48d30f4fafa1f0e9330ed505b3de48c9e2e370c,49918866160052736,1179.4829472170095
142701,1427,MP,92,920000,68022584,739253,0.885734177285541,6.940824977995362,106507.94427804602,1472,0.0009370708153624222,835c1d7b8566f7c0d0d5d7dcce6e76c4a31e973367c3d1e54b17845154f78ad0,50467332935061504,1186.8735176050104
142701,1427,MP,93,930000,68762000,739416,0.8774508425248331,6.593437278002966,112144.23809972995,1488,0.000935729950865915,3b490d57861184bd6232e787339e31be29744e525984f134b76c8e265fe2b76a,51015920643072000,1193.9961238660035
142701,1427,MP,94,940000,69501182,739182,0.8645075917392973,7.294138438010123,101339.17888754145,1504,0.0009343741698497976,b0b150c1b4feaa0dd409ee667da497625da00dfd4c479cf1cf3903f6736428f5,51564334741742592,1202.6023985079955
142701,1427,MP,95,950000,70241214,740032,0.859461294143843,6.462241742992774,114516.29781607004,1520,0.000933008205329341,7e56c87f206f56751adb6f8b08b720838325a3f32dbc5e93f2db743d324d96fc,52113379472630784,1209.1661900869804
142701,1427,MP,96,960000,70980237,739023,0.8405354738133367,6.332387116039172,116705.27819250722,1536,0.0009316254862274545,25a58b5bd95d37e7650f360df556e12752b985c7fead2822e23c40ea74035fc3,52661675605980672,1215.5989396779914
142701,1427,MP,97,970000,71719490,739253,0.8339009481929313,7.6371136080124415,96797.43394473224,1552,0.000930231746141235,cd0228f81365bd07467eafcb337409d7580e91eb62fe2f11c10180896b55d1b8,53210142380989440,1223.3406836939976
142701,1427,MP,98,980000,72458906,739416,0.8230498551610437,6.524774430959951,113324.37739019495,1568,0.0009288261117856345,d13f49586ec1d0ef76325de0dfd1ed82cdb614ba710749ceb53ed8cc5857eb7d,53758730088999936,1230.400102065003
142701,1427,MP,99,990000,73198088,739182,0.8025049370507963,6.851906994997989,107879.7480087829,1584,0.0009274057052817213,e730f12a3f8f0ff10b53fc816eaa82c0bc1ca6987bca1798f04921d762c1e551,54307144187670528,1237.746050346992
142701,1427,MP,100,1000000,73938120,740032,0.7936432290054528,8.519658903998788,86861.69344792177,1600,0.0009259754843671057,5bc9246d53132ad2d500458d80e684ed5c207cac4c9b8a97600716affb5d867f,54856188918558720,1246.8000412869733
142701,1427,MP,101,1010000,74677143,739023,0.767684985883258,6.991223694989458,105707.24557557079,1616,0.0009245285697310435,6d70ead9a5e433d0d8457b26779a2df6c794c9332ea33598963acaf318fb7f12,55404485051908608,1312.041105901997
142701,1427,MP,102,1020000,75416396,739253,0.7650168718807182,6.553179931011982,112808.28663067703,1632,0.0009230709629021482,6a9686c14baffea8341055c4000bba1f9cbc7cbc76b52dce19cd83c11928105f,55952951826917376,1320.5120297200046
142701,1427,MP,103,1030000,76155812,739416,0.7537366691635199,6.410420703992713,115345.93970399738,1648,0.0009216017479944516,df7d5b7f9e7c1fa1fe1d59b56bea8b15de00a4276a41879ee4f38bc995c2ceff,56501539534927872,1327.16397713701
142701,1427,MP,104,1040000,76894994,739182,0.7341732891124364,6.587976114999037,112201.68183625967,1664,0.000920117917808452,e7a8e2b4955facb656e03409fc116b57f57b402ec75a42c50b0ff349d90232c1,57049953633598464,1333.9281307799974
142701,1427,MP,105,1050000,77635026,740032,0.7261847142611141,6.830177762953099,108347.3996846664,1680,0.0009186246506093581,46754887e75dba065e32c3e7fc4f638b2c87d347ef9040cbd99fe424708e108f,57598998364486656,1341.0803168650018
142701,1427,MP,106,1060000,78374049,739023,0.7130778069995386,6.612881754990667,111755.0604080086,1696,0.0009171147646733562,59a41ef78fb80a191fda15d061ed92f8bef6991fd5601435b865fc6ce578c1f4,58147294497836544,1348.1750211159815
142701,1427,MP,107,1070000,79113302,739253,0.7150643598608719,8.492194139980711,87050.88317748693,1712,0.0009155945243826833,9a1d79d5809234eb4f06a8b989449cb05f278a42de4cb21d720525f2bd16e0eb,58695761272845312,1357.9158259719843
142701,1427,MP,108,1080000,79852718,739416,0.7024959718079471,6.523796813969966,113341.35950044077,1728,0.0009140629720253824,47335fea8e3addc204cc1ac73b6f709f2b2b004f80f65e907399226e23b799a0,59244348980855808,1364.8974838790018
142701,1427,MP,109,1090000,80591900,739182,0.6875215018556218,7.514983302971814,98361.09678483107,1744,0.0009125169736257728,50858cffc1ff2393e3c2cf26de0ba09d2a658e26d25d5872d2347f83da014101,59792763079526400,1374.4442690029973
142701,1427,MP,110,1100000,81331932,740032,0.6732678774843823,6.417678888014052,115311.47209345692,1760,0.0009109619235953322,4929c0e0cdb1c052049483ebe440467dd0699b9afab7b27d70e9eb4da0184221,60341807810414592,1381.0654549219762
142701,1427,MP,111,1110000,82070955,739023,0.6559643458414364,7.573570842971094,97579.20211255105,1776,0.0009093903438736328,db2558400f173a371bbfa502f5b081ae9ab8cfbb8c9fbfe2592f0b7122a0f404,60890103943764480,1438.1787368140067
142701,1427,MP,112,1120000,82810208,739253,0.6556949013882428,6.2990766179864295,117358.9471652292,1792,0.0009078087563962422,347460e57432ef22268865b90a7c4a84a2c80457aa741d4540dfed4532f0453a,61438570718773248,1446.018003639998
142701,1427,MP,113,1130000,83549624,739416,0.6502652876414019,6.455705048050731,114536.83129827362,1808,0.0009062161624355347,0d61c1420613d32dd3ed0ab3573318bb4b6caf6928eab8aff7b975f4dd0c476d,61987158426783744,1453.0054404769908
142701,1427,MP,114,1140000,84288806,739182,0.6482111499867032,7.197785686003044,102695.75008845121,1824,0.0009046093038913071,28368d77ff86886c82b68ea1ed2091225f2c04000bda8f3e9d4c5a362a6cecc1,62535572525454336,1460.7173454079893
142701,1427,MP,115,1150000,85028838,740032,0.6432943099676857,7.526167867006734,98327.86260909186,1840,0.0009029937867570951,0c28f2fe8003ed9123dc450cc57be74c0405d4fa40cfee2329f3393d2d66cf7f,63084617256342528,1469.5017756730085
142701,1427,MP,116,1160000,85767861,739023,0.6311006118121676,7.097790163010359,104120.15331917914,1856,0.000901361842963042,4289e58095cd53e4fd055ec9244c3bbc2fd9561abfcbe34ae5a36f7d87dd601f,63632913389692416,1477.1414833070012
142701,1427,MP,117,1170000,86507114,739253,0.6300310812459582,7.068916641001124,104577.97673156667,1872,0.0008997202464798385,175e7843a107ea8d357c8ec47ab57869a466b25bd7bfe2927b977bd394830d86,64181380164701184,1485.9833670550142
142701,1427,MP,118,1180000,87246530,739416,0.6277942035577325,6.3459009699872695,116518.67930133856,1888,0.0008980679584092129,caa8db5df45da6fec445db934941cecfd110d3855da388b7cce255ac7eabef21,64729967872711680,1492.4312559369719
142701,1427,MP,119,1190000,87985712,739182,0.618620495071467,6.436157098971307,114848.34640194592,1904,0.0008964015992831172,942486c717b1a31e82dd15df800a496200817ddaeb8293a0d973093b4f6175a0,65278381971382272,1498.957705622015
142701,1427,MP,120,1200000,88725744,740032,0.6179905471624021,6.354149507009424,116464.36697525796,1920,0.0008947269819339151,ee0309d3c1be674a580f55e0ae8006b844c3e4677baddabb51305cac318122d7,65827426702270464,1505.405409813975
142701,1427,MP,121,1210000,89464767,739023,0.6122756767479873,6.732864156016149,109763.53939053504,1936,0.0008930360548548846,fff188137377e3ed481ee78534f5c5646c5d55ed525d77a37249be6032ef4a3a,66375722835620352,1542.6443604989909
142701,1427,MP,122,1220000,90204020,739253,0.6316204030305907,8.600676302041393,85952.8918469512,1952,0.0008913358383203827,d33cb783822ba8cd48a8ecca360c1b82b1fbda9a6980413395caff3b435dc825,66924189610629120,1552.0123308759648
142701,1427,MP,123,1230000,90943436,739416,0.6675833807707707,7.137876673019491,103590.47008964495,1968,0.0008896252541405036,5a6ea58b4ab2474e2fdebfb7e4af3e7da678378d53f626103c8de9a77a803a31,67472777318639616,1561.2240896850126
142701,1427,MP,124,1240000,91682618,739182,0.6389172937940334,9.654529313964304,76563.23534393829,1984,0.0008879008043387224,ca725decb42eb6f1d9a947d29ac5c46ba44d2ffcd7c33e76be4df158ecc22edd,68021191417310208,1574.660215366981
142701,1427,MP,125,1250000,92422650,740032,0.633965437133698,8.465485938009806,87417.54524418688,2000,0.0008861685036679944,82946aa81d0ffd79830ab865899cfcc01bb099d51896f357dfc087fcdce373f3,68570236148198400,1584.802805706975
142701,1427,MP,126,1260000,93161673,739023,0.6267521427515088,6.918425744981505,106819.53196304424,2016,0.00088442002399711,284cb275b903e87ce5858d10be6435bf364e0e860d2001b023d5d15bd982cace,69118532281548288,1592.8417241889983
142701,1427,MP,127,1270000,93900926,739253,0.6231343888521503,6.532408752012998,113166.98450203305,2032,0.00088266262596424,195dc1bfed0dd0603f2719557f13235a7796189ddf8417007f571ba5e1198955,69666999056557056,1600.653392902983
142701,1427,MP,128,1280000,94640342,739416,0.6182613909552147,6.327891715976875,116850.29282866795,2048,0.000880895193000101,322082537a87c2f4c067a5eda0c5f8f8dab363a3990de25dcc8bc351d17d94ac,70215586764567552,1607.0833935400005
142701,1427,MP,129,1290000,95379524,739182,0.6097136367717864,6.47223270003451,114208.19279196476,2064,0.000879114111579328,29328e1ea8ff316d3e320ea6beacd4a2441f17c19574bc0880b900a02f166cd5,70764000863238144,1613.7570304169785
142701,1427,MP,130,1300000,96119556,740032,0.6087304150719013,6.520587357052136,113491.61654887449,2080,0.0008773255932863867,44bb5f7ef9caf126ca4bc897bb9c49d7ac0727cf47a591deff12c3ba747bdc86,71313045594126336,1620.3842250549933
142701,1427,MP,131,1310000,96858579,739023,0.6041934470159899,6.35815355903469,116232.32958094837,2096,0.0008755210404120105,17a26819cfb060260fa5ed82c3aa1f7baac90bfa5c654a86023f115deee69b4b,71861341727476224,1646.606017190963
142701,1427,MP,132,1320000,97597832,739253,0.6069067376153158,6.55449991801288,112785.56857837577,2112,0.0008737079478149592,d92054eb196e751ab86c59587de4d03b004d5bce0fc357e7e84d7916cd3c850d,72409808502484992,1653.2636198449763
142701,1427,MP,133,1330000,98337248,739416,0.6047521261862591,6.87771274195984,107508.99721195677,2128,0.0008718851614913003,8956dda42626086c07425c4363b3efec815e2ba476a9ce8f7639eced3335f256,72958396210495488,1660.2491128999973
142701,1427,MP,134,1340000,99076430,739182,0.6039537488332887,7.609100488014519,97144.46552050707,2144,0.0008700489554242331,75a5cf4612717f74cded05454d245b8a1b6973c2f447683cc82d2bbfe738158d,73506810309166080,1668.7807900789776
142701,1427,MP,135,1350000,99816462,740032,0.6050953496639615,8.94025339797372,82775.28242854122,2160,0.0008682057327741123,62077126c78c55f0336a6a2f932a1c19e6eb909fee2897bc93224e3db38232b5,74055855040054272,1678.7370920149842
142701,1427,MP,136,1360000,100555485,739023,0.6021159053578083,7.592364969023038,97337.65473804603,2176,0.0008663466335281344,774da50ca39262906eaeffaffe49b939e90f12e24ee9f8940b82e48cb7fc653e,74604151173404160,1688.0550304880016
142701,1427,MP,137,1370000,101294738,739253,0.6013817316050921,8.745992099982686,84524.7733532098,2192,0.0008644793804242497,649e3485cd75ffbe496319a12aee05a281fa5fbb0539e0c2c27adb081c8950a2,75152617948412928,1699.2187944799662
142701,1427,MP,138,1380000,102034154,739416,0.6039116209215506,7.046691666007973,104930.94278082513,2208,0.0008626027830002804,cfc11fc759244bf88a9e17298f255fbdce1b315f1a9be450b1c207c3a4694170,75701205656423424,1707.5242673470057
142701,1427,MP,139,1390000,102773336,739182,0.6000161912276427,9.023384167987388,81918.48936482443,2224,0.0008607130059005702,bdaf6e661a1247310f6350f1d663d461fb76910dfa3b117d5b5af0137e1e83c1,76249619755094016,1717.7157762249699
142701,1427,MP,140,1400000,103513368,740032,0.60643524632037,7.140195940970443,103643.09412766903,2240,0.0008588166384436509,60d3f058e1a219a9e64f01fe4b7e84c22a7588a2aa91b01bc63466ade64e77de,76798664485982208,1727.137405365007
142701,1427,MP,141,1410000,104252391,739023,0.5992777645035042,6.40904146298999,115309.4428032029,2256,0.0008569045658096379,8d687678e934930e8e6ef051b8e58cd18b7d15eeedd02dc81174578ccbac38f9,77346960619332096,1759.3281180079794
142701,1427,MP,142,1420000,104991644,739253,0.6019143318346012,6.6668459310312755,110884.96834149084,2272,0.0008549847320814643,206c6cdb6ffef313f95c8c57f0ca2f15e4d872772704d09c25ea196e0d4d2bf7,77895427394340864,1766.0813522469834
142701,1427,MP,143,1430000,105731060,739416,0.596284919903478,6.389294685970526,115727.32771640562,2288,0.0008530559113459561,e109fb6878baa388b584a7446a10697cb94e6d17ab3d1d6063dc999e1e74b7c2,78444015102351360,1772.6084843259887
142701,1427,MP,144,1440000,106470242,739182,0.5944601604935352,6.533328904013615,113140.17874500377,2304,0.0008511141621536965,024f32e9dcdecbbe0c14b779ebf8832f6bac7d3ab669e2669cd24a3276759988,78992429201021952,1779.473638268013
142701,1427,MP,145,1450000,107210274,740032,0.5940591301110174,6.394625336048193,115727.18667788776,2320,0.0008491662544061723,6372cdcbfd70e380348314763a988901d368f07da272cb4fece07c8766c61a83,79541473931910144,1785.9728924669907
142701,1427,MP,146,1460000,107949297,739023,0.590161511060724,6.74665325100068,109539.20003082807,2336,0.0008472028261884652,02c11b922aebcfb170517bc44fbb77114cc6c0ca7d0506bb4519b2e590747dc3,80089770065260032,1792.8032961579738
142701,1427,MP,147,1470000,108688550,739253,0.5958996809244895,8.165233150997665,90536.66764061413,2352,0.0008452320362070047,ad570b567e4acab6793a0b9f6bd4e46e71b5a12e024351a6c464ba93d919cae9,80638236840268800,1801.7579109590151
142701,1427,MP,148,1480000,109427966,739416,0.5925232559774313,6.950890670006629,106377.15871299912,2368,0.0008432526241348647,a19e1ede13528a93c2b49921c28dcea8f5b8b4ce4623aa4e0ff3989f68d2e26b,81186824548279296,1810.505926814978
142701,1427,MP,149,1490000,110167148,739182,0.59111465314991,7.7673984710127115,95164.68129690604,2384,0.0008412605457637279,378e9ec351e76cbec89902c87b27759862943652c948fb438ca735d66e49e9f5,81735238646949888,1819.2939654889633
142701,1427,MP,150,1500000,110907180,740032,0.5928145612408873,8.896384722960647,83183.45294690932,2400,0.0008392627458500237,76279ff8dd26bc49be2b5efc8e51a8f1c41d2f1ac6b0b495abfe5f7df0313704,82284283377838080,1829.246487780998
142701,1427,MP,151,1510000,111646203,739023,0.5878900218721117,6.275780390948057,117757.94466389203,2416,0.0008372496233049151,e3d2600a430471a6981cba6e1b03b65f771dede98c922ea6bc03ba9995252c5b,82832579511187968,1882.1552391519654
142701,1427,MP,152,1520000,112385456,739253,0.5911738343523983,6.367312511021737,116101.2591608096,2432,0.0008352295445552468,ae3313403e25c378e9550202ee626dc6bf428d065bb237645784cd9ce5e3ef4c,83381046286196736,1888.7171419499791
142701,1427,MP,153,1530000,113124872,739416,0.5884225112661584,6.34649178897962,116507.83213553677,2448,0.0008332012159267038,c86040a08a7c478dd1f41fb2d5f9fb7d95ecb1f89b6922cdbf09ab6f2d004c01,83929633994207232,1895.2009461509879
142701,1427,MP,154,1540000,113864054,739182,0.5869849589773474,6.407752171973698,115357.45767962796,2464,0.0008311604938738723,22396362d396b763accc496d1172b02ce823ac43c519af20ff72e17adbb9dfb9,84478048092877824,1901.8500180889969
142701,1427,MP,155,1550000,114604086,740032,0.5873775938426727,6.462372699985281,114513.97719628358,2480,0.0008291144921321667,a8ec2f92a7233a4131cf576bd4fa3eb96516b7c0cb04975eae29d5ba5681a713,85027092823766016,1908.5167687119683
142701,1427,MP,156,1560000,115343109,739023,0.5862574246006168,6.462502118956763,114355.55244650348,2496,0.0008270533785623109,5e3364572bd275ddf7aa471799288b185caf48afd6087d7a4c227fbd792eb76b,85575388957115904,1915.1634781699977
142701,1427,MP,157,1570000,116082362,739253,0.5881451580045458,6.6405692549888045,111323.73921778282,2512,0.0008249857202327326,9a06919b056d29a834f9183e3c4d082a9f18c68aa65a84550f8166602b44b549,86123855732124672,1921.9201716489624
142701,1427,MP,158,1580000,116821778,739416,0.5872622221894992,6.785423811990768,108971.23311492367,2528,0.0008229101912163062,2a7efb1320239223bb9e95a393e67a8ba88a981fb8826ebd3a3e7d3008dadd23,86672443440135168,1929.1777631869772
142701,1427,MP,159,1590000,117560960,739182,0.5868909330089636,8.583901077974588,86112.5953439358,2544,0.000820822552136373,79b51ab031887b18424b4af144ff60a2dcda10ea6340041453c39fece3d01d0a,87220857538805760,1939.253852758964
142701,1427,MP,160,1600000,118300992,740032,0.5854546406179792,7.64808538503712,96760.42600777112,2560,0.0008187300796884032,a676b71e957ffa598864db488d25dcc7c650aabd52749bb53f8469c59bb6f5e0,87769902269693952,1948.0769862479647
142701,1427,MP,161,1610000,119040015,739023,0.5829226705058703,6.297465349023696,117352.45198523747,2576,0.000816622719001653,735823a256f8d5ea2dea289fdda5006407ebade3edaf1f216ac6e74ee97ba1f5,88318198403043840,2007.0664396489738
142701,1427,MP,162,1620000,119779268,739253,0.5890664987904609,6.588456800964195,112204.27215851414,2592,0.0008145092305375376,7444278feb986cf3225356b725ba926441fc67f012e5834a3cdf372a150efbf4,88866665178052608,2013.778382738994
142701,1427,MP,163,1630000,120518684,739416,0.5885768127888698,6.394599013030529,115631.33176814724,2608,0.0008123882572379868,c45d1784f785fb9f4ae48aa9fc52a220c670e4d635225987b1af00a307bc0d89,89415252886063104,2020.281027983001
142701,1427,MP,164,1640000,121257866,739182,0.5871835364885483,6.595645471010357,112071.21475053571,2624,0.0008102554674820348,3223abc161b9e3892e31f86dcacc36c4d7842ec1c9cec800b62c3f3f24604ada,89963666984733696,2027.0530482460163
142701,1427,MP,165,1650000,121997898,740032,0.5883429854847945,6.587003877037205,112347.2847161678,2640,0.000808118294768395,088f24c2e8d73d0dbac4197547c094e8446d4a67dfd89b3a1170fa11616febf0,90512711715621888,2033.7575797049794
142701,1427,MP,166,1660000,122736921,739023,0.5842238778759562,6.435988470038865,114826.65070646674,2656,0.0008059664700022808,b936285bec7e1e7a5f53ab1e026408d8971c2a209d56f340a4228d3ea6b7cc9a,91061007848971776,2040.352613037976
142701,1427,MP,167,1670000,123476174,739253,0.5856562383746844,6.6981293960125186,110367.08255294182,2672,0.0008038089396258704,2f9b2f0d0bf074a5b23549c65a7b98956b280d292fbe3ad57497686d9e4a86ce,91609474623980544,2047.2015313470038
142701,1427,MP,168,1680000,124215590,739416,0.5838429174685866,6.632108188001439,111490.34048294382,2688,0.0008016443165983557,77d4b8ef81102c4ca898f95aff9100362973b1227b65657f3bdba6ac24c1ceea,92158062331991040,2053.9317178459605
142701,1427,MP,169,1690000,124954772,739182,0.5867057042849468,7.677803099970333,96275.19622154105,2704,0.0007994681807194464,2a35724fb4f14ef4f3acabbac7f9c1200b85889f2fbb4eea42cebb8b3ed3f7dd,92706476430661632,2062.088962149981
142701,1427,MP,170,1700000,125694804,740032,0.5850395375156675,7.2555929030058905,101994.69704170077,2720,0.0007972881160016183,a1d97198f9bb9a023de1e6f1304701d2f43928a0f9604af9a97405ccecf871a1,93255521161549824,2071.10935447301
142701,1427,MP,171,1710000,126433827,739023,0.5828697208545405,6.331983198993839,116712.7228192001,2736,0.0007950936478147208,56ac4e145798e4b7547bf54eda0b09c20f621c5309ec709a17721795a12bcb67,93803817294899712,2143.6614611219848
142701,1427,MP,172,1720000,127173080,739253,0.5850037005298128,6.525615719030611,113284.78902674597,2752,0.0007928939010121123,56b54214b9ae0ab6057e143f8a1f53f05457c9ecb929e512f44249db2d68aa7f,94352284069908480,2150.2671866110177
142701,1427,MP,173,1730000,127912496,739416,0.5821211597653952,6.354356462019496,116363.63248104657,2768,0.000790687459743821,f6ab8393184918e840acee40619011ca9f3a8e44a4c506f1e3d331cfe05c8653,94900871777918976,2156.709198755969
142701,1427,MP,174,1740000,128651678,739182,0.5827464965356136,6.7760792300105095,109086.97713070476,2784,0.0007884698189701639,348321a42bda4df8f273134ebeaf9542f562121641a8acfd788bf423ac99d401,95449285876589568,2163.6347312789876
142701,1427,MP,175,1750000,129391710,740032,0.5808545532064084,7.693793639016803,96185.57953610117,2800,0.000786248706800547,e5dd339c3893fb43d31bdba79e065d5fe6dc44095f91dfb122696415bfc40b8e,95998330607477760,2171.8240557889803
142701,1427,MP,176,1760000,130130733,739023,0.5766490898668082,7.213080648041796,102455.94581014835,2816,0.0007840134519320385,c4550bc93cfab6ba4bd5b0e6d2680dccd56e6d2e987100495356947a1594ae26,96546626740827648,2179.9019368729787
142701,1427,MP,177,1770000,130869986,739253,0.5773746731403987,6.475170760008041,114167.33664628206,2832,0.0007817733499086396,0680998ece49a3bebe953061ef9ccc3349454e45b8dc870bf80de9d1cba6dd7b,97095093515836416,2186.5319564910023
142701,1427,MP,178,1780000,131609402,739416,0.5739751369851238,6.698751722986344,110381.16212946668,2848,0.0007795269572691667,562ca7b2086d6ae9853ed0c8615c6e54cd877b5c9be192495f7b5ebc3d81b42d,97643681223846912,2193.334288757993
142701,1427,MP,179,1790000,132348584,739182,0.5764784358561392,7.074127827014308,104490.90235226603,2864,0.0007772696879462557,81d7ae8a51e74902bbf092b34d461b1498992114bdfe937b1bed0231c8dbe4ff,98192095322517504,2200.91282723099
142701,1427,MP,180,1800000,133088616,740032,0.5759694378062391,7.476456395001151,98981.65132010859,2880,0.0007750094076074913,403314ea1c0f05b1ad6bba682916caa671cbc800b9b5ab436cc93de6509a6168,98741140053405696,2209.5545429699705
142701,1427,MP,181,1810000,133827639,739023,0.5724358857001025,6.625865907990374,111536.06340097907,2896,0.0007727352573061487,885fb8d040d41b00d8178cf03b128ae7dc371ad9f05d970a0a479f78ae285315,99289436186755584,2292.0345403120155
142701,1427,MP,182,1820000,134566892,739253,0.5761980306418911,7.753130569995847,95348.9681782047,2912,0.0007704566954119134,27a098adc99a504a33f61071b0a0a30669b88dec4b9b41f41230533b6891e11f,99837902961764352,2300.312237282982
142701,1427,MP,183,1830000,135306308,739416,0.5741276466114007,7.517663071979769,98357.16138383355,2928,0.0007681722520737011,1ce2bba5c65e70153c83eaecc780ab983dcab63d16adf9ed4d490163009dff77,100386490669774848,2309.0810073649627
142701,1427,MP,184,1840000,136045490,739182,0.5739967990675549,6.8030211459845304,108654.9613970112,2944,0.0007658772640767394,2b372b326a34d867353b34b4cafc65621804a72ede9d1e971a8084dcdf34fe81,100934904768445440,2318.131006529962
142701,1427,MP,185,1850000,136785522,740032,0.5796114647201855,6.961133784963749,106309.11901140164,2960,0.0007635797279916508,1fb01d329610a97e4b98f2653e9720844731919e19ccc26f258fffba7658fcae,101483949499333632,2325.607248148008
142701,1427,MP,186,1860000,137524545,739023,0.5737764841897842,7.823970749042928,94456.25804396078,2976,0.0007612686064156701,319c3535af708120b79a7b05ad4e700c2d127932a27e4f16c0455dfed321999d,102032245632683520,2334.022860408004
142701,1427,MP,187,1870000,138263798,739253,0.5750289345680216,7.335402769967914,100778.78791149646,2992,0.0007589535125414423,87625abf9c14c7aca1727b37c5e7f081d9cadc2e0c7d9c48d669fccd84c1ddfd,102580712407692288,2342.106174397981
142701,1427,MP,188,1880000,139003214,739416,0.5734950965198153,7.179075362044387,102995.99359400461,3008,0.0007566329513716239,9ce8c45d7dfa2ba9468fa23e83832e0ed7ac9daa9a45a01d7b5248f26e50f285,103129300115702784,2349.914261085971
142701,1427,MP,189,1890000,139742396,739182,0.5726891300133999,6.923695963982027,106761.18706617413,3024,0.0007543021864895782,54dde381e2cda8284dd349ae59f063227d0da1cb733d3fd2e6a69128fc157b6f,103677714214373376,2357.243632318976
142701,1427,MP,190,1900000,140482428,740032,0.5724791532712113,7.069064088049345,104685.99389996566,3040,0.0007519693386030693,c087097288acae3687668cc5bf6370bcbc8ae0194ff13cf5ec81a1e01e78e36c,104226758945261568,2364.9318928510183
142701,1427,MP,191,1910000,141221451,739023,0.5686617200013532,8.090933465980925,91339.64617399096,3056,0.0007496232011920358,9889755f1a1854c3d24666515efd20c93c47459ef94ae9f728d3d7e9d52b7b47,104775055078611456,2424.550122207962
142701,1427,MP,192,1920000,141960704,739253,0.5728362165094986,6.961129564966541,106197.27633291844,3072,0.000747273534138362,4a714ef35d8ef48a324af2f1899fc52633000298c3b4dd9392bbdd07f0ed44c6,105323521853620224,2431.981820485962
142701,1427,MP,193,1930000,142700120,739416,0.5720188291466198,6.481538297026418,114080.32570589411,3088,0.0007449188185633619,cbf9cced2086e7f97c03d044f9b2581dd4d81304a446d29049dc2cc1318c734f,105872109561630720,2438.9976624050178
142701,1427,MP,194,1940000,143439302,739182,0.5683328386339956,8.561749425018206,86335.39283923019,3104,0.0007425542488560157,eb4ded4102b8279f61d5b5b95eb633ccaf702d6da7e10038f91c412480cdfb7b,106420523660301312,2449.0133828190155
142701,1427,MP,195,1950000,144179334,740032,0.5693343401594392,6.7140971389599144,110220.62753691986,3120,0.0007401880629902996,d951c2fcdd2989096499f6c694ac27cec1da399ac253e1a7f3a34713b5ebb8a6,106969568391189504,2456.6806934800115
142701,1427,MP,196,1960000,144918357,739023,0.565469281747355,6.390344018000178,115646.82557282309,3136,0.0007378088948106913,bb4bc36fd71225a352554280ef17385728103a207e55fd0648ddf619e80f5ed6,107517864524539392,2463.2022861959995
142701,1427,MP,197,1970000,145657610,739253,0.5693998807854236,6.62946580699645,111510.19124645376,3152,0.0007354266426304794,491c01eff2ac0cbd755830247d2ad84c0c58b0e053db849f0f5c40f165d53245,108066331299548160,2469.9948403100134
142701,1427,MP,198,1980000,146397026,739416,0.566440860870855,6.310561756021343,117171.18516342418,3168,0.0007330397649747582,c2dfa1ab6108694ebdf074511811d343d7a3b5af9175b00fa1b85dd208856f77,108614919007558656,2476.508005375974
142701,1427,MP,199,1990000,147136208,739182,0.5624119163955802,6.603201752004679,111942.96763317738,3184,0.0007306433911041524,10b839bef58ab2f027adeb9c9bb47aaac73536a38d4d91286ee65b8c7509dfa5,109163333106229248,2483.2702680060174
142701,1427,MP,200,2000000,147876240,740032,0.56497814526847,7.285710995958652,101573.06547164608,3200,0.0007282458692887011,6ff181745e7ee350706ce505b6a9b1728a7bd61ecbc0b91e094200f65cec666a,109712377837117440,2490.698580252996
142701,1427,MP,201,2010000,148615263,739023,0.5606097283782262,7.693654656992294,96056.17004505746,3216,0.0007258356833543235,c0258f79007ab270b3d5c5c8becb3e2442deb6bbcc4bff1e23f5d0b99c69d4f2,110260673970467328,2566.0477911999915
142701,1427,MP,202,2020000,149354516,739253,0.5629612661042338,6.433576587995049,114905.44798665089,3232,0.0007234228616707514,e995fe92450a46a07925323f9bb689c372f70858b7009cc802fdf0a4fba532d9,110809140745476096,2573.9451795009663
142701,1427,MP,203,2030000,150093932,739416,0.5626749457226953,6.377922051993664,115933.68403881122,3248,0.0007210058414711014,44d778af43cbb77e220a855db58152cc73157108d17aff384d68118a79b416b7,111357728453486592,2580.4602269179886
142701,1427,MP,204,2040000,150833114,739182,0.5632995485749519,6.4087869839859195,115338.83117773228,3264,0.0007185796910087739,9d152a916a4c2bb1d81f4a90192e4e840daa54bc2eae13d0cc6cbd65d8e31584,111906142552157184,2586.9614485239726
142701,1427,MP,205,2050000,151573146,740032,0.5599808784480904,6.664915555040352,111033.96493003571,3280,0.0007161528617864013,45421c218a47f8f5c6cc9bc073401734d7f0ff79750ed2fbfd64e5b70cd068ec,112455187283045376,2593.730308467988
142701,1427,MP,206,2060000,152312169,739023,0.5557611277892107,6.419826849014498,115115.72155773123,3296,0.0007137136973551772,a48a1a6227fae64c8f022017d11a932604aed61d0b8f3e2f195d8600475da505,113003483416395264,2600.281305711018
142701,1427,MP,207,2070000,153051422,739253,0.5594510194457232,6.580669110000599,112337.05686197808,3312,0.0007112723476562749,e7f0d82123f6209d5264cc4ab1332715d1733ca2c9a4effb2d778dec9d7ac5f1,113551950191404032,2606.963068334968
142701,1427,MP,208,2080000,153790838,739416,0.5576978020555975,6.439849702990614,114818.82871530701,3328,0.0007088272299530893,6b21cd93519c2f8f5dfeaa0ceda41c876103538ad497a254a9f437a05cc9fd16,114100537899414528,2613.5014869879815
142701,1427,MP,209,2090000,154530020,739182,0.5590163755985064,7.023484363977332,105244.34336199025,3344,0.0007063733556645476,872dce2312b98ee10148e8acb71306c6e5df2397b52a76da6e0fd4dc0fa2e991,114648951998085120,2620.630144106981
142701,1427,MP,210,2100000,155270052,740032,0.5579496432596102,8.12916061404394,91034.24512507732,3360,0.0007039192723750596,ba97cb8f3ecb71fc22574742d34cd984e04e91dea3408e9958b9f6c4eeb12236,115197996728973312,2629.389381974004
142701,1427,MP,211,2110000,156009075,739023,0.5523701830538522,6.350959135044832,116363.9986159009,3376,0.0007014531932236135,2c1b070e8a17bd182dee7edd6be309e772b985c8bb86c5d7c3868ee14f223e4a,115746292862323200,2703.617812387005
142701,1427,MP,212,2120000,156748328,739253,0.558520624799789,6.548642883019056,112886.44276464033,3392,0.0006989853811349595,fe483267029302d5793c2b72a21ba3cb1822da7f141fbcde17ad06b5cc8f86ca,116294759637331968,2710.283539666969
142701,1427,MP,213,2130000,157487744,739416,0.5570892175505551,6.371265088033397,116054.81639569227,3408,0.0006965142347419255,e02fe13cebc9ed430433fb345dff463ea3322f2f68b8405fc64a1ee0028aa6ca,116843347345342464,2716.7525151169975
142701,1427,MP,214,2140000,158226926,739182,0.5536543178119239,6.529042253969237,113214.46105676908,3424,0.0006940347128498012,e589f5cda974d259db94afd3ec2c3905de5b9256ed95f786b0dce1fff3670676,117391761444013056,2723.381342551962
142701,1427,MP,215,2150000,158966958,740032,0.554083630137199,6.544615907012485,113074.93220603882,3440,0.0006915554518926658,816ef495162f5275c952ae659b81bf9c5bc9d27c044a06d97c2ed1d5b76e7464,117940806174901248,2730.018016260001
142701,1427,MP,216,2160000,159705981,739023,0.5508540997426173,6.322616769990418,116885.62297618427,3456,0.0006890645445701622,9b4a0b749baa07b586c2a9df3a294b3079b698ddd6d13c6df70246d2abd6b5f4,118489102308251136,2736.4674506309675
142701,1427,MP,217,2170000,160445234,739253,0.5516226018685664,7.575831723981537,97580.44092503679,3472,0.0006865723581071594,7e594a780d202297973686d581d8436a56e5bfd3167bb9f8568461e4170603ad,119037569083259904,2744.6986730479985
142701,1427,MP,218,2180000,161184650,739416,0.550847874798543,7.668826573994011,96418.4015462621,3488,0.0006840772738608336,3e1bc98e37aad14a4bae88050b0da8560dc27522fbad4f7ac837b2cf4fca94d6,119586156791270400,2753.8394493340165
142701,1427,MP,219,2190000,161923832,739182,0.5495667188520971,7.247074734012131,101997.29230483228,3504,0.0006815742022881921,fe877122d5eebe8c61ff5a831f77e4153685ab62a90275306b2d4b945ac4df69,120134570889940992,2761.5543283899897
142701,1427,MP,220,2200000,162663864,740032,0.549786588281308,7.738302337995265,95632.3451419601,3520,0.0006790718613656978,fa44e92f1f021af8a724bbd9e789a1c2d347ca4bdd7855fcb781a718c1d9d6e0,120683615620829184,2769.8297308969777
142701,1427,MP,221,2210000,163402887,739023,0.5462563627765722,7.216284850961529,102410.45292184238,3536,0.0006765582334284125,69c30d5363c7a764e6bb928605319cac4383f7fee5fe5939bb52721ad99f59de,121231911754179072,2839.497111822013
142701,1427,MP,222,2220000,164142140,739253,0.5491204851521106,7.068450685008429,104584.87056688272,3552,0.0006740437812296174,5eea04fc30ecbd2a7ff870a948ffa4b232f0bcd69d0674ed14bc4051f227d748,121780378529187840,2846.6602489729994
142701,1427,MP,223,2230000,164881556,739416,0.549014760888483,6.5984005920472555,112059.88325279669,3568,0.0006715268702203704,2323c54833d570232c5bb67928161c6d98a6de0dd63084c5b766d9ad50f510e5,122328966237198336,2853.7601755629876
142701,1427,MP,224,2240000,165620738,739182,0.545665629285196,8.635297557979356,85600.0612644745,3584,0.0006690023668156582,441a332a075f7ecdff58c1c2135c44266cb279ffa706ef7b6b378a08d0fa87a9,122877380335868928,2863.7515692589805
142701,1427,MP,225,2250000,166360770,740032,0.5460837235100633,6.834892245999072,108272.66522499915,3600,0.0006664790631580475,10211aecf73774e1e83c406ea699375e4e217d3b3a37d0e2f91ed05838dc4b6c,123426425066757120,2870.731284527981
142701,1427,MP,226,2260000,167099793,739023,0.544046962962545,6.578736100986134,112335.10337786957,3616,0.0006639448413861654,b14c513e63df7ee39cc058e101067c7340b1d825b4748d21ba1fd42f6ee2ae75,123974721200107008,2877.776980154973
142701,1427,MP,227,2270000,167839046,739253,0.546957030613459,7.632933843997307,96850.43983203961,3632,0.0006614102509291699,907c8c12f2dea760ecb30da4e4b332084834f5c76c095b58066cf4ea1d5f89c1,124523187975115776,2886.914516442979
142701,1427,MP,228,2280000,168578462,739416,0.5477835258883786,6.318037020042539,117032.55261948775,3648,0.0006588736427149929,cf63ea71d948a7dbcbc7db1843a65a0e11d7dd1a58bfb8b68810869b6553b6e5,125071775683126272,2893.432359370985
142701,1427,MP,229,2290000,169317644,739182,0.5443309168048784,6.339884492044803,116592.34500683965,3664,0.0006563298434601255,4f7a0b336fbe2cfc098f14ab8a71dc83e371fc2fb2854b9a6948b483ca58e62f,125620189781796864,2899.866087595001
142701,1427,MP,230,2300000,170057676,740032,0.5426657894723073,6.403584812011104,115565.26878693532,3680,0.0006537877120342087,e14abbd33594daff921574526d68f3d2ea620d7b6c2401e0f545765a75b938a6,126169234512685056,2906.4169080890133
142701,1427,MP,231,2310000,170796699,739023,0.5420140095259892,6.775147240026854,109078.51502236442,3696,0.0006512350406323542,fe825ac547289d6bf4c4df3b64cf263b956198b6a1054e37edd1174a9770f968,126717530646034944,2948.8059782729833
142701,1427,MP,232,2320000,171535952,739253,0.5443173956211849,10.708430995000526,69034.67000395642,3712,0.0006486824564337272,bc0f3e26c728ceeaabf798a0601776426658a7429ca3fee7bed00e1b93621e5f,127265997421043712,2960.6369044510066
142701,1427,MP,233,2330000,172275368,739416,0.5408087079602921,8.094992013997398,91342.40018043798,3728,0.0006461282972384134,415f6e335b917fdac71c10371d516954206578ca517a75a1e6ea8d7ad9002535,127814585129054208,2970.526329885004
142701,1427,MP,234,2340000,173014550,739182,0.5388315985803437,9.921596206957474,74502.32649879986,3744,0.0006435673544415221,b25a61b2ba140b75f9cd60c4998cd821633f40f97a529f535fe2c9fa79b9ebc7,128362999227724800,2982.4572344109765
142701,1427,MP,235,2350000,173754582,740032,0.5358677120251215,9.381543133989908,78881.69242848956,3760,0.0006410085461442804,cf8c82c043efcde0ee2c98d1ed3310b37fc55fd34b24eb2d7254c85f5678fe73,128912043958612992,2993.3541510899668
142701,1427,MP,236,2360000,174493605,739023,0.5349211816679011,6.330889385018963,116732.88775962184,3776,0.0006384395849273069,48eba41cd7a1e0b4a966adbbe75550a8ac164d0d5036a24d1e5f2993ad97c983,129460340091962880,3000.634853561991
142701,1427,MP,237,2370000,175232858,739253,0.5373476629412473,6.559393014991656,112701.43415868189,3792,0.0006358711667281195,0ef3f5658ea378b84572e01137d056b7047beb9628a2af85e489d4d7057af9f9,130008806866971648,3007.2862813550164
142701,1427,MP,238,2380000,175972274,739416,0.5365955248103138,6.334639906999655,116725.81407239259,3808,0.0006333016176253438,b3b3c4ad520064816afac5ec095d91f8a360f97296ee2933bd4bb2feaa1f1578,130557394574982144,3013.7234252549824
142701,1427,MP,239,2390000,176711456,739182,0.5329373899044709,6.619487666990608,111667.55452783425,3824,0.0006307256980997079,055d4cb77a2c913a21afe2be95d58da3370033da45549d7dd7a27a95f52b0541,131105808673652736,3020.4379187239683
142701,1427,MP,240,2400000,177451488,740032,0.5370001009382158,6.528763169015292,113349.49374670243,3840,0.0006281523779384215,b692b10453d4f5dd20710bc1b64798b56ecd021fd7f4d2b02bd073609ece1d1c,131654853404540928,3027.1265663200174
142701,1427,MP,241,2410000,178190511,739023,0.5326247202132574,6.651207697985228,111111.09945098594,3856,0.0006255693005039924,6e6985db34451bc755997f66ed1035f5c5ba736338c0e9dcd2a9404a384b8573,132203149537890816,3057.98232085997
142701,1427,MP,242,2420000,178929764,739253,0.5351446089172036,7.688756401010323,96147.27810896184,3872,0.0006229872214424606,18b2bb30d087781a932e92cd199620eec9844fe4b7824877a0ca0ca534c1f2f7,132751616312899584,3066.472122534993
142701,1427,MP,243,2430000,179669180,739416,0.5337334463216301,6.963939794979524,106177.82774817543,3888,0.0006204044565272966,d2ecc275cf36698d5b09924b2f87419a464fd548cb52f61703b6c87febcf21e4,133300204020910080,3074.355473450967
142701,1427,MP,244,2440000,180408362,739182,0.5333955733953382,8.244183431961574,89661.03266629079,3904,0.0006178157397580033,183a35a9c1ee253f022d26076c2731e72e8f1c2565cedd6cf7432d6fcb162a38,133848618119580672,3084.109901232994
142701,1427,MP,245,2450000,181148394,740032,0.5336236461196754,9.919008258031681,74607.45880524666,3920,0.0006152300850184371,a20ce0725518cd6883e4972f068ad846c0f3ff38394df0219c420cab0094c867,134397662850468864,3096.3762145009823
142701,1427,MP,246,2460000,181887417,739023,0.5276224694621303,7.706871503032744,95891.43917985214,3936,0.0006126350769079449,49c8e7049e1d61993fc2dc86e8ee5f5e5d779dd95ff68c9e2c032a5ada2cf014,134945958983818752,3106.398944634013
142701,1427,MP,247,2470000,182626670,739253,0.5299984756968399,9.015012499003205,82002.43760968048,3952,0.0006100415216807381,48dbd1d09a68979accfd9ba6db7f0bc9a0acae3b0745dbef062b2323028b70f7,135494425758827520,3119.1932495529763
142701,1427,MP,248,2480000,183366086,739416,0.5281221393527599,6.471209376002662,114262.41325802157,3968,0.0006074477262301559,9526a754c197456eba24d3b7c0c0017ec8ec239bbce5b85b9da5f74ad2657e94,136043013466838016,3127.2231096070027
142701,1427,MP,249,2490000,184105268,739182,0.5275335456284449,6.594175432051998,112096.1987767406,3984,0.0006048484025300383,19df7d7c88d6d8769f2b94421f8c582a565eef1829cb66a2b27c577cf001947c,136591427565508608,3133.934608950978
142701,1427,MP,250,2500000,184845300,740032,0.5276637716574992,6.512639435008168,113630.11992066038,4000,0.0006022526009342426,855adefa3b6cbf41bcb5dceb76d646310f9e952f1244496d7a3c627fe09003f3,137140472296396800,3140.6234312959714
142701,1427,MP,251,2510000,185584323,739023,0.5240786396338929,6.453028171963524,114523.44237560185,4016,0.0005996478577836232,98982aea30833bd1fe9ade5637292a4486d64ccd4ba3e555faefc74ccb684d13,137688768429746688,3169.27349506499
142701,1427,MP,252,2520000,186323576,739253,0.5304501649241709,6.57018896198133,112516.24637856202,4032,0.0005970450207973925,e3cc33d37915535b817f56e6efb579819e59a3d157382c2606626cb7537510b4,138237235204755456,3175.944626168988
142701,1427,MP,253,2530000,187062992,739416,0.5245222235620535,6.372102403023746,116039.56641517968,4048,0.0005944423894212965,9c258df9e8b351de9353373ff25f16e6f2ac54ae0d7cf40db8d12443a15c0168,138785822912765952,3182.4181417159853
142701,1427,MP,254,2540000,187802174,739182,0.52272504752337,7.031443935004063,105125.20711715991,4064,0.00059183465807771,b0f7c4c055e7a410b66b9cd856dc0b98e6f3e9508e05a4f8cc84c3eaa8e47005,139334237011436544,3190.4563307510107
142701,1427,MP,255,2550000,188542206,740032,0.5245901212234104,7.76651073404355,95285.00318117894,4080,0.0005892309059329881,c82404bd04306da7afbcc7c09643198479dd2bc0f3329f26a0b925efd9f41fcc,139883281742324736,3199.0266863739816
142701,1427,MP,256,2560000,189281229,739023,0.5190826579980722,7.692747213994153,96067.50091249804,4096,0.0005866186316149927,f058b2ed9ee209bd29be31717babbe98814735bc352b7ff4d26927dbcaf1a9ac,140431577875674624,3207.661235472013
142701,1427,MP,257,2570000,190020482,739253,0.5231032054065164,10.453361466003116,70719.16554346956,4112,0.0005840087151296848,b72dd841fcbba0c31412f86b76d1e674bf681ca5310325ae7e65836f0e2f34ef,140980044650683392,3221.3629663420143
142701,1427,MP,258,2580000,190759898,739416,0.5222257638403998,8.031594284984749,92063.41527763115,4128,0.0005813994499140544,e4f4c7a305b1391b9fcc132d3cb259663ffc685c6d7190b784be4104a7cad0b5,141528632358693888,3231.2743172330083
142701,1427,MP,259,2590000,191499080,739182,0.5184221361444329,8.219515521021094,89930.11791383209,4144,0.0005787855173280595,65f0b3cefc7a52b3550a0d7e64ea813c29a11ca57afbd0729081d27d9afd27c6,142077046457364480,3240.4305980529753
142701,1427,MP,260,2600000,192239112,740032,0.517504557130824,10.389542803983204,71228.54334998093,4160,0.0005761760176686732,a10995301c07e6026f3410de46480372cfa6af24200d2c4b657a64bc06ec262d,142626091188252672,3251.7429781479877
142701,1427,MP,261,2610000,192978135,739023,0.5155193790318028,6.251919132017065,118207.38310822776,4176,0.000573558422428173,287fd9784e8daf39d90a0624d5668b5d17dfa99f7261ed0afc3fd047f703645a,143174387321602560,3284.1573689120123
142701,1427,MP,262,2620000,193717388,739253,0.5197662282706965,6.5011936200316995,113710.34969981335,4192,0.0005709436346936967,4bf15273cd3a823fd42f176bc4d471e0d81376e3bd6a01f5df8d1bc31832c2aa,143722854096611328,3290.786142318975
142701,1427,MP,263,2630000,194456804,739416,0.51609204555967,6.4682550670113415,114314.60144036145,4208,0.0005683299433374017,326dbb696b9cb0ee68fbfdcfbbb5a6838f74809ff478fdf41132edca3bd8545c,144271441804621824,3297.348240165971
142701,1427,MP,264,2640000,195195986,739182,0.5163876123075817,6.795125133998226,108781.21968668855,4224,0.0005657120211569303,092724190aa8bfa5399cc8235d9ba288618f837304c38ead4c417d5c356209d4,144819855903292416,3304.2381889650133
142701,1427,MP,265,2650000,195936018,740032,0.5160063792551346,7.087239918007981,104417.51775887414,4240,0.0005630989818801122,74b119333a7c9ae76d1fa177c075ba7ad64586bfd234ee6f5f36b3c7c07d81f7,145368900634180608,3311.4342189289746
142701,1427,MP,266,2660000,196675041,739023,0.5120572325678987,6.6376191529561765,111338.56627957684,4256,0.0005604782804640099,487076c9193898df545a3138d0ec34a00e1fbf3df0469556571317999a3a94f1,145917196767530496,3318.5641817419673
142701,1427,MP,267,2670000,197414294,739253,0.5161225648307496,8.483872403972782,87136.27041984112,4272,0.0005578608338518374,623bb7038a7d4adfb4bb4681c66addca787e52bf926d0770796923703378c055,146465663542539264,3328.668958380993
142701,1427,MP,268,2680000,198153710,739416,0.5117020847239518,6.8241587550146505,108352.69614099307,4288,0.0005552449277987047,050baf56cf24bc32b039186f41d2be37be3cd836ad0641ba5832ec1f2b5f0c26,147014251250549760,3335.9868284609984
142701,1427,MP,269,2690000,198892892,739182,0.5122372326071406,7.767988780979067,95157.44948164492,4304,0.0005526252310472832,698ee40cb1f01f69025b3787a599a9aa0ca5416b4ae0c83b28d9d3390badb93e,147562665349220352,3344.64801043598
142701,1427,MP,270,2700000,199632924,740032,0.510883105210467,8.457499907992315,87500.08963058595,4320,0.0005500108630451358,7009ba3e412a9e2db0ec160039a70c029c8f9476dc971a2923e544edbe5e7a50,148111710080108544,3354.0208594920114
142701,1427,MP,271,2710000,200371947,739023,0.5095217340315278,6.436554508982226,114816.55270202276,4336,0.0005473892728284686,205f2cc7356c05551c50972ac674798c3bc57a6192a8320a17b0d1be20252716,148660006213458432,3405.1391326389858
142701,1427,MP,272,2720000,201111200,739253,0.5141113776555211,6.561958851001691,112657.36600697399,4352,0.0005447713819597485,2be649db2218c8a59f623605715268cf51b2283e16a4901e10956e78d5233800,149208472988467200,3411.7841933050076
142701,1427,MP,273,2730000,201850616,739416,0.5115459295101371,6.460076158982702,114459.33171729655,4368,0.0005421554745274596,20a18c03db025621000b193bbc8480e12ec20ad64bf6815425c52378fbb7edd7,149757060696477696,3418.3449428959866
142701,1427,MP,274,2740000,202589798,739182,0.52310906754756,7.152026047988329,103352.81150268068,4384,0.0005395362197300787,ae8fd2afd76e0f000d580d780408519fda71b4c297900945fcc42d384559364f,150305474795148288,3426.2830664970097
142701,1427,MP,275,2750000,203329830,740032,0.5149506142340884,8.34119229100179,88720.17023253652,4400,0.0005369227350189388,f17212b892274c74015fc53feee622fe71c67bdfd0aa198f48529d76a0222ad0,150854519526036480,3435.1329712150036
142701,1427,MP,276,2760000,204068853,739023,0.50629963572563,6.381796452973504,115801.71906856465,4416,0.0005343024741287583,4532c9957f2016f47d3dfd38fbdf9a9b2a81d4091891b024e5f3d438d2ab95e6,151402815659386368,3443.0673061269918
142701,1427,MP,277,2770000,204808106,739253,0.5108826803294931,6.818903441017028,108412.29919069534,4432,0.0005316863540005237,76a934c69815941cab745068279849d6c7ba80ffa3ad66fb240425cff5216d96,151951282434395136,3449.9847374400124
142701,1427,MP,278,2780000,205547522,739416,0.5097781642200133,6.618469616048969,111720.0868017899,4448,0.0005290726585079273,63d6b5c2d32d2386ed0f18bac0fbbb84ccaab115f38916d5f47c50c6b8392fab,152499870142405632,3457.1204778690008
142701,1427,MP,279,2790000,206286704,739182,0.5078529280234511,8.045796104997862,91871.82851189049,4464,0.0005264560618156401,93069e6801fa86f24c1b3495ac65484199909c2d5a4dd42fe505eef3573852f6,153048284241076224,3465.7005585309817
142701,1427,MP,280,2800000,207026736,740032,0.5053634445121685,7.414005073020235,99815.41592047145,4480,0.0005238456716644924,8a884902a3063923c6cb875cda8fe9feaec132e2c7e3e23fee3f3f0e5fb6c95f,153597328971964416,3475.0940396990045
142701,1427,MP,281,2810000,207765759,739023,0.5010899994392204,6.628953348030336,111484.11539501726,4496,0.0005212289571031068,0eb0b1d7a06174e0a4f92c605b05179971c00d389e71ca531a69ffff850c96c9,154145625105314304,3536.9125732919783
142701,1427,MP,282,2820000,208505012,739253,0.5066321765956115,7.451296931016259,99211.3194312303,4512,0.0005186168212141685,81ded239594aed175169ec197a2b51b56e49f34fcf0d3d15fe7555a4deb33bcf,154694091880323072,3544.904083543981
142701,1427,MP,283,2830000,209244428,739416,0.5017073823761122,7.454362992022652,99192.37911962325,4528,0.0005160075491085908,8179249788253ba51591337e66de042fb724d5b32cc8bc619decf858916ef527,155242679588333568,3553.653148034995
142701,1427,MP,284,2840000,209983610,739182,0.5027630406281334,6.591158671944868,112147.50498213813,4544,0.0005133958244234289,2b7d4d4b6c5c3fed6518af3500a14798143d20afc9739cc67cd75f76805c4f18,155791093687004160,3560.377199428971
142701,1427,MP,285,2850000,210723642,740032,0.5026445468899123,7.04456182901049,105050.11070418103,4560,0.000510790737482951,784b1a6f92be3631293d193ea19483ed5fcd45f7589cb7c2b24ca71ce6e9ebc2,156340138417892352,3567.5669928739662
142701,1427,MP,286,2860000,211462665,739023,0.4940638905357109,6.632396121043712,111426.24573571204,4576,0.0005081797832521203,194055a7e6e35acd9b023cb685b945829ad23fed9df0c2dbc14aae77f505a377,156888434551242240,3574.6830393919954
142701,1427,MP,287,2870000,212201918,739253,0.5003057066318093,7.604936043033376,97206.99764164415,4592,0.0005055738417302244,e531af1fe743b70bd193beacac76bdc625afd08ded1f70aec322a4e6642e68ea,157436901326251008,3583.540650904004
142701,1427,MP,288,2880000,212941334,739416,0.49633012606901916,6.7097828919650055,110199.69079557758,4608,0.0005029712007163652,439e449b6c8cfcdca1d9c3c7baaf95a7e3f144b39c371ba69ef93d10f36653aa,157985489034261504,3590.7175524689956
142701,1427,MP,289,2890000,213680516,739182,0.49419940058251866,7.585607906978112,97445.32133278543,4624,0.0005003665578181551,9ee62f724233b1a4bae0fde9b125a82e3dae732028975cc7e7e2a7ed104172e0,158533903132932096,3598.922072523972
142701,1427,MP,290,2900000,214420548,740032,0.4922310320303987,7.902158821991179,93649.34528277772,4640,0.0004977689782519791,3081ccb3fea6c1c00ad81eedd6580641bd1c4f2dd798b89b5b121747705acd7a,159082947863820288,3608.427761744999
142701,1427,MP,291,2910000,215159571,739023,0.48617393636047684,6.665858394000679,110866.8916017067,4656,0.0004951659934796489,33b05f9c5dfcaa8cf03fe960f56478df1641c4e7eaf376d436aff98b2205c685,159631243997170176,3677.827013992006
142701,1427,MP,292,2920000,215898824,739253,0.4956224343481678,6.90354503801791,107083.09946975422,4672,0.0004925684512114886,f9488f722b1431b792ba5ffaa280799c5793f6e195747566e03675f98504be97,160179710772178944,3685.228258279967
142701,1427,MP,293,2930000,216638240,739416,0.4935192766223702,7.187901169003453,102869.52792125191,4688,0.0004899746433834818,eb92c9ebdafc4596947662d5a91f734c81ed083e3e648d754e1b52f86b6f4cfb,160728298480189440,3692.873544304981
142701,1427,MP,294,2940000,217377422,739182,0.48965913754070284,7.633705032989383,96831.35473608076,4704,0.0004873792860601517,73e1ced67c490f8caab865adccafe20abe3e55b1bb3519236916e10bee1e1e4f,161276712578860032,3701.3163372909767
142701,1427,MP,295,2950000,218117454,740032,0.48726266082065345,7.085878087964375,104437.58568990506,4720,0.00048479141167992137,43e0e410e038efe0753826eb386d835e31af4fd619998ea788f1d59490b7377b,161825757309748224,3708.89666233398
142701,1427,MP,296,2960000,218856477,739023,0.48108077921339354,7.749155230994802,95368.20181948111,4736,0.0004821985987510795,4ee12db34a4045e249987a716873f8fc0f8ed97d46861dae541e51ed50c385dd,162374053443098112,3717.145835154981
142701,1427,MP,297,2970000,219595730,739253,0.4874691180766768,8.060190704010893,91716.56442720824,4752,0.00047961165351674095,2056caca5546e4cdaa6827dfbc58b1144cc1b0f7dedd796c68f7ea045e7cc86e,162922520218106880,3726.3186668789713
142701,1427,MP,298,2980000,220335146,739416,0.48745310704990324,6.308347783982754,117212.30745670339,4768,0.0004770288734949635,3d3926d5a9ee6fdd7846e26fb039afe822fadc975d5d69568014b30167cee2e4,163471107926117376,3732.8059622829896
142701,1427,MP,299,2990000,221074328,739182,0.48460540864125407,6.6219401840353385,111626.19707469942,4784,0.00047444499767791774,7cc54e41a4050e9cd54dcf368efc5befacc62f15de19190d1d75ebfe747ae312,164019522024787968,3739.565127766982
142701,1427,MP,300,3000000,221814360,740032,0.48628093599551464,6.810874671966303,108654.47327139736,4800,0.00047186901808372086,0838cb3da0ff5bd04ae825c797008fc1e5117349d1a189ecf264e7655549c8a2,164568566755676160,3746.5330019799876
142701,1427,MP,301,3010000,222553383,739023,0.47948147200246405,7.9881258539971896,92515.1923626991,4816,0.0004692885707769602,9e0985d9972a645e95d480d0ada8bca9565f548086ac82ee47bdc61ca192fbb5,165116862889026048,3819.5091831780155
142701,1427,MP,302,3020000,223292636,739253,0.487496218438759,7.182925344037358,102918.09598350675,4832,0.0004667144113903811,11950b84fa225721eaa5f55b42ef7048fe396d18b755d5fe753fe6702587b8cb,165665329664034816,3827.2128110280028
142701,1427,MP,303,3030000,224032052,739416,0.48417672965979214,6.404188806016464,115458.18251100749,4848,0.00046414484446458473,cc6c972c23fcf3cf5921402c13713ed4d8432b497f23eaf2b07e38c3bddb03d2,166213917372045312,3834.851637364016
142701,1427,MP,304,3040000,224771234,739182,0.48177882383840004,6.505713434016798,113620.4364820308,4864,0.0004615746363707272,dd97ab2e17bd9f11d0560e8301fecc4478a1dd8b997c1529572136b3e34b299a,166762331470715904,3841.4527565469616
142701,1427,MP,305,3050000,225511266,740032,0.4813668106853431,6.51171777502168,113646.20297868118,4880,0.00045901273109847485,b1c02efbda24406640bb94d6ab1c2ac8bbaf65f3be94200a6b7a2a917df68b6b,167311376201604096,3848.0542152069975
142701,1427,MP,306,3060000,226250289,739023,0.4741610850926344,6.3992876560078,115485.19768543112,4896,0.00045644683272983767,0458b39cd3182d5299cba25ed090e87d93d69a695669fa328e7dfab840bc2655,167859672334953984,3854.588184767985
142701,1427,MP,307,3070000,226989542,739253,0.4809007280475861,6.464251906028949,114360.17821498081,4912,0.00045388763718685134,6857f07785964b5f07d727531091fb2fbac5eb4557e064f039d5cf5fdac19349,168408139109962752,3861.1560801579617
142701,1427,MP,308,3080000,227728958,739416,0.4793476530086635,6.496355623006821,113820.12360612785,4928,0.00045133345746718945,c5f00cfecbdd624e0cea240ae91aa1fe7a5c93b998943068b7af68231a504b53,168956726817973248,3867.7414140469627
142701,1427,MP,309,3090000,228468140,739182,0.4762604808879365,6.653992532985285,111088.49256077677,4944,0.0004487790917491663,44b84c6c7500def201016076e6ca3fc3737f1955c874a3ae51ae16d5c846c060,169505140916643840,3874.4947225590004
142701,1427,MP,310,3100000,229208172,740032,0.4753631320181555,8.059605488029774,91819.87891331712,4960,0.00044623342842648806,486cf99b2552e17f0e6f6bb96b1d8c2f23a7456ebfa59e664081ed096304ffed,170054185647532032,3882.6622917460045
142701,1427,MP,311,3110000,229947195,739023,0.4681849316622143,6.476507463026792,114108.26038863516,4976,0.00044368425000216195,9f1ad57f29479f2ccecdda1ac2c0eb51b0631aa789a2028113a842bba92052a1,170602481780881920,3959.856469927996
142701,1427,MP,312,3120000,230686448,739253,0.4769118077202481,6.450310862972401,114607.34462328549,4992,0.000441142183637697,2f53a5c65260cfee2a9c7a53e6c14dea342e6e8efc5e74fdc08de7dff853b6f5,171150948555890688,3966.404518002004
142701,1427,MP,313,3130000,231425864,739416,0.47568989890514535,6.4533376499894075,114578.84897766254,5008,0.00043860555221521047,f9aa07f58c62e29714b7e4c52d3806a588b88576ef8b73711e7145691a6a56f1,171699536263901184,3972.961648211989
142701,1427,MP,314,3140000,232165046,739182,0.47305489704306186,6.603268956008833,111941.82834660403,5024,0.00043606919012143544,8cf1abd8a93772fd27a26f14a8677c68464faa58da56b9c0e214e671929d9a6a,172247950362571776,3979.6651112720137
142701,1427,MP,315,3150000,232905078,740032,0.4725671044004672,6.4204327260376886,115262.01294795031,5040,0.0004335419226336502,b6a9d1f108a599babe4384b3375b15fb9f015eb4c79353c57808298cfac0a93c,172796995093459968,3986.270310461987
142701,1427,MP,316,3160000,233644101,739023,0.46441090523377104,6.3178259619744495,116974.25735498422,5056,0.0004310116210130812,280c82dacd69957899cd7f3e7df31123f17a0fc0afaa49f8c406a875a12369ce,173345291226809856,3992.680197620997
142701,1427,MP,317,3170000,234383354,739253,0.47067765672833844,6.743979496997781,109616.73301781144,5072,0.0004284888346690703,653c4f8021a11f4abd23503d4aae0a93f399220bf1a5d0465c446601305a990b,173893758001818624,3999.518241935002
142701,1427,MP,318,3180000,235122770,739416,0.4694987920085188,6.739256822038442,109717.73587585978,5088,0.0004259718977871888,8048af8ea43e03db661216e8345f93133fca46bd4f8b17ad44b64b2ed39ff6f9,174442345709829120,4006.726303041971
142701,1427,MP,319,3190000,235861952,739182,0.466643511048888,8.61814953503199,85770.38458143396,5104,0.0004234556853332124,c6c94fb3b6f7def9e98108a6738da226abd4cb30da78949db88fb0cb7463d83e,174990759808499712,4016.22254874598
142701,1427,MP,320,3200000,236601984,740032,0.46686640324079587,6.960049943998456,106325.67380326318,5120,0.0004209489520009262,bbc8065e4fcd538ba893b8b227e11796afd26920eb8e7130da0238e06ed833da,175539804539387904,4023.6564631870133
142701,1427,MP,321,3210000,237341007,739023,0.4610656657659242,6.397877173032612,115510.65767799056,5136,0.0004184396680718994,843eaef5a30e1ef0bdffcb8088b106481525364bb4f308fde0aee9b5b10ecc02,176088100672737792,4091.1985558219603
142701,1427,MP,322,3220000,238080260,739253,0.4657232624367108,6.632527843001299,111458.71038899086,5152,0.0004159382962774535,5540f7d19612360184067ceb4c15ef04040789b257ba8bfc5ca78cca651e278f,176636567447746560,4097.99058463698
142701,1427,MP,323,3230000,238819676,739416,0.46769383896476335,6.466791070997715,114340.4807549969,5168,0.0004134431835160589,2698fff022091624712b25fa115c2bb3d3104ef49509f5f6d6326fcc95b6c7fd,177185155155757056,4104.665249095997
142701,1427,MP,324,3240000,239558858,739182,0.46336318351577477,7.19936701800907,102673.19309474726,5184,0.0004109492496688251,34b2b6d51551013a7bf757944ba69170fa31594210de8b39dda7758e892e3b06,177733569254427648,4112.038198911992
142701,1427,MP,325,3250000,240298890,740032,0.46539052427046995,8.679362225986551,85263.407694208,5200,0.0004084651714386983,7b36f6be86f8776e2340c08732cf513fb1df06af4102239d836073ca6cb99bdd,178282613985315840,4121.195389706001
142701,1427,MP,326,3260000,241037913,739023,0.4569071950109014,6.387847061967477,115692.0309504684,5216,0.0004059790283059331,49ba79d973fd93ea3f7e912e05b73a5272a48b8aaba7a3a610eb2a58ef4233f8,178830910118665728,4128.857488350011
142701,1427,MP,327,3270000,241777166,739253,0.46705323636563356,6.673260390001815,110778.38369795712,5232,0.0004035011874713166,df585fc26367edd170be1898bd29cc510d3182124c09f9ce0eb575a50f57a47b,179379376893674496,4135.6317095729755
142701,1427,MP,328,3280000,242516582,739416,0.4660440288096441,6.597613132966217,112073.25817656217,5248,0.00040103000994490615,8ff48841b044bbac8c00964848814a2f2dad5e0a76af58594badda707d0bb4da,179927964601684992,4142.343816080014
142701,1427,MP,329,3290000,243255764,739182,0.46601113162365876,7.0827046720078215,104364.36844831129,5264,0.0003985604648214327,219ae8919023a1eecd366003ae9d7fb76e5557e68126bcb2ac45ff47f4cf8828,180476378700355584,4149.909116846975
142701,1427,MP,330,3300000,243995796,740032,0.46142233142305966,8.457519356976263,87499.88841463043,5280,0.00039610114347164737,bfd142ec8e9fbd29d187d4cb99da29f1ea31a7b0b5f66994e1bf44e4cdb81220,181025423431243776,4158.895702804963
142701,1427,MP,331,3310000,244734819,739023,0.4510383649436016,8.609678589040413,85836.30531117972,5296,0.00039364024466044013,85601d2e4d4a1b2597630fe9b33d29449602526335b6521ae95ad05119e0daa5,181573719564593664,4237.236383548996
142701,1427,MP,332,3320000,245474072,739253,0.461276406083173,6.6382285470026545,111362.99311866768,5312,0.0003911880312863756,39b0a4c15b1852adf72de084fde1e8fdb94866cf8857a064f82e4dcd3962ff6b,182122186339602432,4244.072999242984
142701,1427,MP,333,3330000,246213488,739416,0.45807909881744774,6.437496397003997,114860.80215037064,5328,0.00038874287985784806,bdab907d4abcc1ac22f18c1a1b021ac2f971257ee6e629d423f5a2a7b6d069d9,182670774047612928,4250.642676651012
142701,1427,MP,334,3340000,246952670,739182,0.4584871749142549,6.679424700036179,110665.51884266263,5344,0.0003862998129398584,ba8bb1174218c1f4ae45810f3302e849445f5b878ad67f02446a59ca1bd97c59,183219188146283520,4257.42078116897
142701,1427,MP,335,3350000,247692702,740032,0.45522742504986125,6.876937704044394,107610.68833948865,5360,0.000383867329301804,06382b0ebb03be71797111f38c6088245f86d45b39e83ba615e0792d39365f29,183768232877171712,4264.964151407999
142701,1427,MP,336,3360000,248431725,739023,0.44874582038633654,7.242144429998007,102044.77515511292,5376,0.00038143375697823414,e7d742d1a36baf60440987a1a299faa2f7487677543be55a8b7110a5bbb5b727,184316529010521600,4272.74086731096
142701,1427,MP,337,3370000,249170978,739253,0.45810407531611647,6.553994761954527,112794.2616450216,5392,0.0003790092458820541,f6635c7ad1bf8348606019e40874f6ca3ae879eb61e505e85da55090d0504dde,184864995785530368,4280.645713314007
142701,1427,MP,338,3380000,249910394,739416,0.4598085587238042,6.482188876951113,114068.87612133003,5408,0.0003765921893936314,316cf4e5a7f106cca5e201327f3ce732d67346ce7d08ccefe04e241fb7916f04,185413583493540864,4287.36320166901
142701,1427,MP,339,3390000,250649576,739182,0.4528574700710534,6.8876877059810795,107319.32566543552,5424,0.0003741776677596428,d9ed6e1edae4b1d21b2246b01e14459cb8452e1303940d124eee6fd66c337448,185961997592211456,4294.3884572869865
142701,1427,MP,340,3400000,251389608,740032,0.45531879667127295,7.102416173031088,104194.40116871912,5440,0.0003717740799573259,f1d819768ae703dab924b1f50f3dcd690c8cf3fd182689f73a6a8b81e4d7e719,186511042323099648,4302.006811850995
142701,1427,MP,341,3410000,252128631,739023,0.4473094421502149,6.690916956984438,110451.67721422056,5456,0.00036936989316653637,7fc6c9c76bd38b72b68fe0aa81f7af257ce72f1fe5b70506f93c0625599040e0,187059338456449536,4374.344218300015
142701,1427,MP,342,3420000,252867884,739253,0.4519923765604347,8.070327439985704,91601.36382289212,5472,0.00036697513572668105,82c91ea78a57aa6d572560c9e8b3d9fc308ff0144fac8067e751b10065a35479,187607805231458304,4382.900875588995
142701,1427,MP,343,3430000,253607300,739416,0.4547980275397957,6.484240975987632,114032.77619357409,5488,0.0003645882192494605,bcae72c8d69ee7d09c2e49a335f1e014aaa3699ddc3499c25d79b961a824e472,188156392939468800,4391.163634845987
142701,1427,MP,344,3440000,254346482,739182,0.44799708521796616,6.69193627795903,110458.61306758328,5504,0.00036220428582583043,2d6cdf9b8e4dd4ec0c30867d51765800a5c23cdccd816ed9c262752bf87851b0,188704807038139392,4398.017276419967
142701,1427,MP,345,3450000,255086514,740032,0.44834216087631296,6.842835624993313,108146.97890696785,5520,0.0003598316275344955,f5e56363c0eaa81a879d0165170f5d241f33ba429a853b92433fadbf8f6a0953,189253851769027584,4405.015866036003
142701,1427,MP,346,3460000,255825537,739023,0.4403847787707842,6.72032223403221,109968.38756593139,5536,0.0003574588604585347,0a20ae1a9fd012138a50843078397841dfb870f8c71d6497bf2b02fda928f848,189802147902377472,4411.902901057969
142701,1427,MP,347,3470000,256564790,739253,0.44642495560515244,7.059957885998301,104710.68127277748,5552,0.00035509588287887996,3f53713a10c12217cdc3fabf3a88360beae062e89b878a424ce7f4faa0bf8a07,190350614677386240,4419.540935449011
142701,1427,MP,348,3480000,257304206,739416,0.44824114532026355,7.076328763971105,104491.47074182198,5568,0.0003527411259825004,de999b949be1ec2fe98ce8af1fde7a316260133d05bb2f86b3ed3b67701c7853,190899202385396736,4427.761929282977
142701,1427,MP,349,3490000,258043388,739182,0.44750991247274613,6.607859771989752,111864.05666980708,5584,0.00035038979781490723,7f51f971a8761fcaf95eecf8eb2233a2300b284694b07f40ce82c77d34a9d683,191447616484067328,4434.548245671962
142701,1427,MP,350,3500000,258783420,740032,0.44359114798595983,6.652891572972294,111234.64013849515,5600,0.0003480500765403443,dc7182ec65062582cafd9fd8b2ecd0eb06cc74f71affc5499a0d25d0c1adc8fa,191996661214955520,4441.39429233101
142701,1427,MP,351,3510000,259522443,739023,0.43570398733383797,7.486818039033096,98709.89199243888,5616,0.0003457107367770449,8ea32b6596d7dfdcb4fd7c0587ba9eecfc0b6a98093373a37197f8f93e59a2f8,192544957348305408,4516.060878427001
142701,1427,MP,352,3520000,260261696,739253,0.4437054039641649,6.76973302004626,109199.72734684718,5632,0.0003433815383725326,9093c06570adb23c73596ba60d05e30b87734571f4eb1ca1d04339f753907f09,193093424123314176,4522.966165632999
142701,1427,MP,353,3530000,261001112,739416,0.44637991292822027,6.455326311988756,114543.55121084511,5648,0.0003410609334164171,3b55fb737f439e4c6bd9142ee01243ec9c12b54d9065896df286ce1db5f8fa66,193642011831324672,4530.845754279988
142701,1427,MP,354,3540000,261740294,739182,0.4425864502917857,7.103312916995492,104061.5848742102,5664,0.0003387441999632365,fa1d8f626b5ee50ec9030386ba393354de948f6c0a2de74243b2d127b020576b,194190425929995264,4538.464643446961
142701,1427,MP,355,3550000,262480326,740032,0.4407113922680475,8.141324541997164,90898.23113948252,5680,0.00033643939534323136,099e96d7444efd34438d2a6633992597e580fceb1a58330c3b863b0e3a5558de,194739470660883456,4547.107153546996
142701,1427,MP,356,3560000,263219349,739023,0.4340582766913443,6.431870132975746,114900.17440045641,5696,0.00033413546220758297,90362782733fd67c5affba106bb9a496fc8935fcbd007fc28fb2ba756b39f36f,195287766794233344,4555.181707609969
142701,1427,MP,357,3570000,263958602,739253,0.4414198488413137,6.724736075964756,109930.4108963033,5712,0.00033184201371260006,cbeb68354594670edb905693fdc9644c2417cc50cb47135b2487273a1b5341ac,195836233569242112,4562.29239871999
142701,1427,MP,358,3580000,264698018,739416,0.44626957740712186,6.498259696003515,113786.77285777715,5728,0.00032955752416022056,c2252baca437e5a1d812b003d04bb667f55cb6271f8b9a5dcb03bf54a7dcdd07,196384821277252608,4568.924406105012
142701,1427,MP,359,3590000,265437200,739182,0.4384750063841597,6.648995731025934,111171.97692740057,5744,0.00032727734560924614,c9f9d6f6430fefb2047d6fd5b92f1ddaab5bf5e1eb18bc497912cc47df943e30,196933235375923200,4575.679064716969
142701,1427,MP,360,3600000,266177232,740032,0.4382193045334493,6.938527501013596,106655.4827219312,5760,0.0003250094077386089,f796da6e45686a5d8dc07e43f06a2621833dedaedf68e73c411dff867596a249,197482280106811392,4582.955840298964
142701,1427,MP,361,3610000,266916255,739023,0.43323660651257373,6.740474510006607,109639.61052042842,5776,0.00032274283058805856,42797b2866c8262b9612875e52ad825e5a21c39b47a217e4727acf6d51d7b6ef,198030576240161280,4677.664813037962
142701,1427,MP,362,3620000,267655508,739253,0.43975941424463,7.577243293984793,97562.26259579882,5792,0.0003204870724889997,c7e341fad9cbe15ec06634a13ffa83b9e0dcb5d6eb46535409a61217fb268f88,198579043015170048,4685.707119132974
142701,1427,MP,363,3630000,268394924,739416,0.4416259858844196,6.292458929005079,117508.27591288093,5808,0.00031824063124659077,d14b5fe3ebc61eca8382f4c6e629810a5c48756d98d07ff748a2f95dc9edc95f,199127630723180544,4692.20369845198
142701,1427,MP,364,3640000,269134106,739182,0.4343684075285524,6.601449656009208,111972.6785051118,5824,0.00031599893685652016,fd359c69bfd5e8679278210491005decbb85e821a2f554c4bef8e871512445e2,199676044821851136,4698.90715336398
142701,1427,MP,365,3650000,269874138,740032,0.43693476429522105,6.520907219033688,113486.04958523899,5840,0.00031376978463711026,d6e73ddc00863910aace1b10f05c53ccf5648937698f5ed84eb908fcba90009d,200225089552739328,4705.531173021998
142701,1427,MP,366,3660000,270613161,739023,0.43057174393579145,6.360872890974861,116182.63918597784,5856,0.0003115424812222123,bb17838f60846ec7cf9fba9c21c5b1451cad01be29ed11d108e660d431696ab0,200773385686089216,4711.983881708991
142701,1427,MP,367,3670000,271352414,739253,0.43608033960594833,6.640705736994278,111321.45125505913,5872,0.00030932632211563425,ff525334bef5c49492da32e57cb04d3baf20b9122ebe7b303e013d63fa90fc98,201321852461097984,4718.819127628987
142701,1427,MP,368,3680000,272091830,739416,0.4368552035141867,6.49934120697435,113767.83837822567,5888,0.0003071198298967619,b1f052079da9ef4649c33809ad2ab43d04d91d64335ef336d3c0557ab09ff341,201870440169108480,4725.463722268993
142701,1427,MP,369,3690000,272831012,739182,0.43095866663280413,6.6797678370494395,110659.8339990374,5904,0.00030491851636484964,fd2d4a94d7ba2d8275e757983f0444b7d6a63064e43c2c666968c3705a1619ad,202418854267779072,4732.322226007003
142701,1427,MP,370,3700000,273571044,740032,0.4323304473714598,7.326692570990417,101004.92040980546,5920,0.0003027300358819933,f513142860334d9b8291568b37bbdcd78e69342445fe12af44fa38e562b732c2,202967898998667264,4739.788272543985
142701,1427,MP,371,3710000,274310067,739023,0.427429906088399,7.652105697023217,96577.73026939383,5936,0.0003005438907238013,1d1e5b8a393a37551a7ad4c45c10159fa49f6c8900eec6a41409fe38a510e915,203516195132017152,4820.266524621984
142701,1427,MP,372,3720000,275049320,739253,0.43435817253894843,7.868328758981079,93952.98832121126,5952,0.0002983692057015598,b915eccba7bfe78b079520d9c098a0342d13bd01f53e84db54a6bead25c9eb3a,204064661907025920,4830.368543524004
142701,1427,MP,373,3730000,275788736,739416,0.4367791774899049,6.415759591967799,115249.954335214,5968,0.0002962045294189275,e8a2b91cbb1e4eea0366def3b9e0426d2fee8c6762cef930a3444bf5a879373f,204613249615036416,4836.898204453988
142701,1427,MP,374,3740000,276527918,739182,0.427816874187401,6.428886776033323,114978.22651903685,5984,0.00029404545927619113,ac0526649f17616a8bbb33617fc3727e28204f3584bb76be97ed50938a77639b,205161663713707008,4843.423772067006
142701,1427,MP,375,3750000,277267950,740032,0.43143639751220053,6.562484738009516,112767.043207549,6000,0.0002918995022028655,9e981f8929b88da36edafaa663979bf542760d44e9c5c88ce4b6a6fd31bcfd54,205710708444595200,4850.078348551993
142701,1427,MP,376,3760000,278006973,739023,0.4285799189357067,6.39912114397157,115488.20273487283,6016,0.00028975636499843795,97be9c21875b2fe44dcd0f0a8d9bd25273b6200d0b7c336726e7e76999bea785,206259004577945088,4856.5778258169885
142701,1427,MP,377,3770000,278746226,739253,0.43372532849658835,6.65189817402279,111134.14256504331,6032,0.00028762499406117273,465601a0b382ed11238967bf256069733d517da8af1d971a92f9b65320c1512c,206807471352953856,4863.325311405992
142701,1427,MP,378,3780000,279485642,739416,0.43051389410930746,6.464856819016859,114374.69084001252,6048,0.0002855039652470275,0aad799a8476789f91f20cda36ff9e54a2d97df7c452c7ac08655363dc58dabc,207356059060964352,4869.884994021966
142701,1427,MP,379,3790000,280224824,739182,0.42323676248879316,6.557733622961678,112719.1256155602,6064,0.0002833889652823598,5925f4e55cd668a1849d15f837d4305fd9aca54c55b3aecf38adefc2f0f62fe3,207904473159634944,4876.532153825974
142701,1427,MP,380,3800000,280964856,740032,0.428826018117615,7.151054357003886,103485.71875631149,6080,0.0002812873473124916,9bc158e545c0c72c84a7aff6444048c86d55c712f10796ec512142c41f590236,208453517890523136,4883.87210360897
142701,1427,MP,381,3810000,281703879,739023,0.42542832115407564,7.219333042972721,102367.21253902574,6096,0.000279189031369865,97e419330c7b6adf4660a2c70591df30735e7a21af7e2d728d887d046b4a6246,209001814023873024,4952.787615355977
142701,1427,MP,382,3820000,282443132,739253,0.4275005008260642,8.109341819013935,91160.66587138762,6112,0.000277102777870176,3d4b5915a4f28f2c6b8e244e71b2e2d7de90f75c0004b7a513fdacf15917f46d,209550280798881792,4962.30067127198
142701,1427,MP,383,3830000,283182548,739416,0.42798711690181007,6.409975289017893,115353.95483767768,6128,0.00027502719112664864,6ce9c18491f37a5ee805470d8eae12e31bbbedf1d50bb4adb37dbd07882b1481,210098868506892288,4968.807819823967
142701,1427,MP,384,3840000,283921730,739182,0.42357098649887076,6.604910532012582,111914.00646796709,6144,0.000272958050841172,454fcf160d5a361cb48dfb4358f9973563b365c0cb35b4224f5c0008270204dc,210647282605562880,4975.506103138963
142701,1427,MP,385,3850000,284661762,740032,0.42382456247940364,6.421263811993413,115247.09491265473,6160,0.00027090255015337994,f6edf43541617ec3f314eb2e381ed366273eb126812c923ada8c602e39fa8555,211196327336451072,4982.019595331978
142701,1427,MP,386,3860000,285400785,739023,0.42175848952081707,6.659056812000927,110980.13140061151,6176,0.0002688508308573284,f96565c7fc7c2a486c7bfab350a209a7490095ed741bfe31399f373a512aa243,211744623469800960,4988.887290710991
142701,1427,MP,387,3870000,286140038,739253,0.43482456092075417,8.121507165022194,91024.11473375579,6192,0.0002668114599739585,6761bd3f4938131ea86202e13d43198f7a43b4a9664a0929e3771f0607f09873,212293090244809728,4997.486864070001
142701,1427,MP,388,3880000,286879454,739416,0.4276579867733686,6.596172201039735,112097.74054768431,6208,0.0002647830714546514,bb7d8cad6749543ede4127598a33401cc23109180d1f675f26ebac40be88fadb,212841677952820224,5005.30903917097
142701,1427,MP,389,3890000,287618636,739182,0.4317553518733772,8.003551483037882,92356.74957130796,6224,0.00026276154154762155,7d3d84a071cf9f9c72b057827d98362723708a0f30b002f573897ebc48a05af6,213390092051490816,5013.621810744982
142701,1427,MP,390,3900000,288358668,740032,0.42345729902996215,8.743383913999423,84639.08336623554,6240,0.00026075389730069974,a10ea9fa8db1f8bcf412a1003c49caef06e451adf57d0e9701294f5cb9d51e25,213939136782379008,5024.24865895597
142701,1427,MP,391,3910000,289097691,739023,0.41791818763275773,7.442787233972922,99293.8501085585,6256,0.00025875051061058216,ede40f430cd8f4b7700f8a8f6c14bdf0092d4ece318aee792bf5bafd33fe9ee1,214487432915728896,5076.731204539014
142701,1427,MP,392,3920000,289836944,739253,0.42274677035123714,10.920973422005773,67691.12710323097,6272,0.0002567597478549005,bcef898f307a77a139bc91faaea939c28e820b5acba5cd8701ef6971670b552a,215035899690737664,5089.982927135017
142701,1427,MP,393,3930000,290576360,739416,0.42298491895169804,8.309443202975672,88985.02365780776,6288,0.0002547802737790065,1045b14599dd00ae16aa4f9304e546ca5ce1bb51b53eef6fac8270ef9581ffbb,215584487398748160,5101.153452190978
142701,1427,MP,394,3940000,291315542,739182,0.422311552423066,8.303519689012319,89020.3224276239,6304,0.00025280806466654516,0a0109a472793ab5e8439a9175c776b7315b1d3dcb9e1593f7fb0107440f09e4,216132901497418752,5112.601185164996
142701,1427,MP,395,3950000,292055574,740032,0.4196589980649771,7.847048052994069,94307.05597853937,6320,0.0002508499755279609,577929edec7b0e1515657f16078c4c995ac157044770f539f879944a8a236a62,216681946228306944,5120.967782527965
142701,1427,MP,396,3960000,292794597,739023,0.4184528014066412,7.071236108022276,104511.14751515407,6336,0.00024889661650892683,278e60a15b37694ba017d499e36e0326b1cf1f5effef88543a9b47d66244c217,217230242361656832,5129.081417245965
142701,1427,MP,397,3970000,293533850,739253,0.42530572039710846,6.587305877008475,112223.87631644646,6352,0.00024695614626497355,4d587984cf7655a9e7f6b1dac4aaeae7795120eaa9dd773e6f0ea21f3071c8a9,217778709136665600,5135.809723465005
142701,1427,MP,398,3980000,294273266,739416,0.42372406924582295,6.4075526960077696,115397.56831975705,6368,0.0002450272614651829,306a1aa063148c895738f748de52aeaca158dbb095da0b5b0ac9f16b09ea16de,218327296844676096,5142.401530153991
142701,1427,MP,399,3990000,295012448,739182,0.41513160939439053,8.720332799013704,84765.34291026184,6384,0.00024310604183309573,961eb397d4e2e438ebd6a5eb135b47d38abdd977d83180fcf40c5316abcf489b,218875710943346688,5151.226326868986
142701,1427,MP,400,4000000,295752480,740032,0.42119798280732357,15.31758519099094,48312.576086421956,6400,0.00024119916454174724,39210bb2fab0518a0b175314ab718cb272f43696cfa035fe87a9aff36666c846,219424755674234880,5167.177866737999
142701,1427,MP,401,4010000,296491503,739023,0.41464041402624374,11.946723152999766,61859.89166530864,6416,0.00023929748593054127,2af1ee066b4d87c0a99d7c44d9fd16c9a148691be8d7261d5db051731c6073eb,219973051807584768,5206.188482331985
142701,1427,MP,402,4020000,297230756,739253,0.4219211500364816,13.893553211004473,53208.34697739309,6432,0.00023740895002987095,118db92cb91a7df12b1afb5561e57eb87d292f2c8687a46fc9e4baa32d472692,220521518582593536,5220.577797480975
142701,1427,MP,403,4030000,297970172,739416,0.42373825524897935,12.273972569964826,60242.598375150104,6448,0.00023553228653529557,75ac739df395a06f7187192ba3b323715920f25b0ace4ec72bb12daf3e00f726,221070106290604032,5233.439114136971
142701,1427,MP,404,4040000,298709354,739182,0.41579523848156036,14.40606392303016,51310.476195951866,6464,0.00023366368192719774,e5fc24b7f4d00f6ed4f502a433405003b6c5b57a2ffb234591d82219ad3afc3d,221618520389274624,5248.633379058971
142701,1427,MP,405,4050000,299449386,740032,0.4149353777822054,10.1558459509979,72867.58814289473,6480,0.0002318096298916477,7c997abf922412afcb2062dbb21f7653b05f1cd3bf6ed2d3606c53c4e69b86dd,222167565120162816,5260.830231444968
142701,1427,MP,406,4060000,300188409,739023,0.41300798192057175,6.7443841740023345,109576.05334060322,6496,0.0002299612406982301,0be142d8a78901dde6fa29deecb80362a5fd2ab3e183d2323c7cfc2472999634,222715861253512704,5269.630048327963
142701,1427,MP,407,4070000,300927662,739253,0.4244754853747111,7.23988044296857,102108.45411376489,6512,0.00022812623703075775,59ec424f3c5f96cd1264d42f666634a1986fed5bbc688dd2522fcd81053e74a9,223264328028521472,5277.352020945982
142701,1427,MP,408,4080000,301667078,739416,0.4238164362107161,7.682260131987277,96249.79983705979,6528,0.0002263033826860719,d6e4bf95ccb5113b1b0693285250af6f64757211b102bf73e94c1c5dbe766b94,223812915736531968,5285.815695988014
142701,1427,MP,409,4090000,302406260,739182,0.40928628827548874,7.153886882006191,103325.92787554792,6544,0.00022448897412801494,24287066ace2196607d667a9da438320241299ee56cecef40896655803022a2b,224361329835202560,5295.190951789962
142701,1427,MP,410,4100000,303146292,740032,0.4161458381714318,8.035401693021413,92096.4537022092,6560,0.0002226893160613858,d7404dcab62d72f3baf659356ab66cd7850cf9dad6e95108d33313e472dfe5a2,224910374566090752,5303.842341665993
142701,1427,MP,411,4110000,303885315,739023,0.4165104043335364,7.3908601309522055,99991.47418648114,6576,0.00022089578020754948,0159e4a9f6b93ca0fcaea5baa962b2f748c44d3cd5594c4ccc3b557ec3199686,225458670699440640,5345.03815061599
142701,1427,MP,412,4120000,304624568,739253,0.4209290854392633,7.2508121079881676,101954.51061069012,6592,0.0002191158613695764,01fceff367e3adc37a15c2cb1361fe507facf52c650b00a4cada6fae6aae4732,226007137474449408,5352.907548182993
142701,1427,MP,413,4130000,305363984,739416,0.419016951729606,7.607286968035623,97198.38401086823,6608,0.00021734835849154157,5f4bc6c61a996886b53910611dd6c12d8bbf9375ee4753f2fdf25a8fcd4667e8,226555725182459904,5362.611476187012
142701,1427,MP,414,4140000,306103166,739182,0.4070340209616697,9.660362892027479,76517.0013033396,6624,0.0002155896811543081,60ee6ddf3a713488fad6e4d6f06d422ca7b2c291fa13445fcd66293ca5624e0a,227104139281130496,5374.330921296962
142701,1427,MP,415,4150000,306843198,740032,0.4151736436923833,11.397798460966442,64927.626377528635,6640,0.0002138459397469942,3384bc995d4b721f19ab0681e97845fd6d1b0cd1ef2e5c3af35fadc15e2a2c38,227653184012018688,5388.6762806629995
142701,1427,MP,416,4160000,307582221,739023,0.4135421459841478,6.676445124030579,110691.09178176707,6656,0.00021210877474313005,7ce99db6e67d8c542a1f8d1ab1640718c9e6f4b7b1f405d95ee051ab74db62e9,228201480145368576,5397.619313717994
142701,1427,MP,417,4170000,308321474,739253,0.41779301620226933,7.385619200998917,100093.57101704009,6672,0.00021038544672369254,a7e46fc0df14635b94e494dc7cc3e72f891c31bf938a0ceeed2c30bc3a67c557,228749946920377344,5405.693848758994
142701,1427,MP,418,4180000,309060890,739416,0.4187619189414887,6.712530754040927,110154.57911382729,6688,0.00020867479079620304,409a57aacad1c0010238b36d582d08eb7f9ff7b09e7ea93175b0980974d2154b,229298534628387840,5413.050910516991
142701,1427,MP,419,4190000,309800072,739182,0.4064340808799389,8.98490924196085,82269.2784194092,6704,0.00020697333269639907,0ba67130035dfa8daea69ec531c0785bb87bd29b70a39b6e9a458bb0a6b241f6,229846948727058432,5422.647407270968
142701,1427,MP,420,4200000,310540104,740032,0.4103492257102884,11.538866816961672,64133.85402041235,6720,0.0002052869833277185,109e47fe8cce06f255b55fe6f7e6955ce05a72a90da7a6b01002d80ee590d292,230395993457946624,5436.3527079210035
142701,1427,MP,421,4210000,311279127,739023,0.40779433481932065,7.866950800002087,93940.20870192857,6736,0.00020360765898885076,3a0ca9e938dba55e7f253599f040affeb88a685f5a5b31b56883cb3b2f5b7da4,230944289591296512,5493.719028801017
142701,1427,MP,422,4220000,312018380,739253,0.4183032575691462,7.53114017599728,98159.50609392389,6752,0.00020194237989550284,d26ddccb302b4d5c4aa4af8e1f5e4e64c1a30055c26750ebbfdc5566fee5fdd4,231492756366305280,5503.073412680009
142701,1427,MP,423,4230000,312757796,739416,0.41577285796519,6.515562198008411,113484.60463258484,6768,0.00020029001830425774,60a7efa16d6bdae6a783130f54ac10faac0f367e35d53a9d4095187c52624c8c,232041344074315776,5509.787041191012
142701,1427,MP,424,4240000,313496978,739182,0.41283535028821494,6.590857324947137,112152.63258728312,6784,0.0001986472190453017,999860b038f2aeabff38261995b97ba7f211199af744e95958bccfcacb2800b5,232589758172986368,5516.493786133011
142701,1427,MP,425,4250000,314237010,740032,0.41237793786657895,7.086698581988458,104425.49396426485,6800,0.00019701968853517806,a5b1d0141242710b20ed70f7a0580ff823d6d3ff35597d7c10616a1b959f62ed,233138802903874560,5523.684533283988
142701,1427,MP,426,4260000,314976033,739023,0.4074895981003276,7.231534480000846,102194.49302825057,6816,0.00019539962573735377,65c3add23cbc27fa226851990b569d054da823338237899e152a12d9b971c3ae,233687099037224448,5531.576141419006
142701,1427,MP,427,4270000,315715286,739253,0.41664124727885304,10.31508676498197,71667.16255937301,6832,0.00019379380456246238,3ec267d8d022a7beba418bf33a3a0259d10f49e908a72b80024795428065a233,234235565812233216,5544.11537785898
142701,1427,MP,428,4280000,316454702,739416,0.4163111913087727,7.266001378011424,101763.81224446796,6848,0.0001922011353703324,bf6bb66c70ffddc9af3a78d3f8469a6fd0d18f56b81248b723aa88c03adf689f,234784153520243712,5553.915660413972
142701,1427,MP,429,4290000,317193884,739182,0.4016257532451544,8.851056846033316,83513.41685612056,6864,0.00019061838492440738,db7d345845e3f7d4c3d7f3e377879400d8e17d6c4f00aed2d44d990996fb6369,235332567618914304,5564.710703149962
142701,1427,MP,430,4300000,317933916,740032,0.40910631720813345,9.951452953973785,74364.21630315727,6880,0.00018905105032613768,ed332e499175e00bb58a32c31e19c9ef1b94f0e5c5d51d50b97c03b9921b625d,235881612349802496,5577.141623069998
142701,1427,MP,431,4310000,318672939,739023,0.4049601619766671,13.4482818779652,54952.967725258466,6896,0.00018749161980422346,607ee219979fa47d52d90e665efdab11660333a27f49cb1341baa51d1c62e718,236429908483152384,5641.675214749994
142701,1427,MP,432,4320000,319412192,739253,0.4150472287685014,12.93736976798391,57140.90369662528,6912,0.00018594661523282092,8b059cdac60e6ad377033e71b44d07485833c5afb9de4dd3f188030f6ae56158,236978375258161152,5654.70995448099
142701,1427,MP,433,4330000,320151608,739416,0.4098410632734216,13.179985854018014,56101.42591879821,6928,0.00018441498599694773,fb68a3602baa39dfe760cbafd8b99d82855296b5c9379cdd40fae7e4d653c1fc,237526962966171648,5668.548254024994
142701,1427,MP,434,4340000,320890790,739182,0.40711742332536366,13.854215080034919,53354.303779015456,6944,0.00018289362352894568,ad4f7f7a5e193b5b13b97224672318596884a70af0d69c5c1d89b3afa3decb69,238075377064842240,5685.144810425991
142701,1427,MP,435,4350000,321630822,740032,0.4171452382248413,13.538873672951013,54659.79060566109,6960,0.00018138781096407587,bc2ab456f1f2f28da16ed153daa3e8995a947584b9bbc02822828d9cdc1ef9ae,238624421795730432,5699.17035066901
142701,1427,MP,436,4360000,322369845,739023,0.40869245430634216,12.374541530036367,59721.24286028624,6976,0.00017989033215198022,d16fc98455e9b91bd1c8cc6a877617e518d4cb2cd54e1a6af32c60ba1276f532,239172717929080320,5711.654034211009
142701,1427,MP,437,4370000,323109098,739253,0.41961822326483195,14.087175036023837,52477.0224058107,6992,0.00017840745141218023,274e915b8bc5309811bf5e56648a85fd8cfe1f86d096a78d168a0c1ea7486156,239721184704089088,5726.356631750008
142701,1427,MP,438,4380000,323848514,739416,0.413595098837073,7.861585867009126,94054.30564626073,7008,0.00017693815804380837,a7c2439b213ba8f67f73514754e1a41d0a86d166bd7974ebdf749dd54d1fe2f9,240269772412099584,5737.237183788966
142701,1427,MP,439,4390000,324587696,739182,0.4047329723781772,6.770252889953554,109180.85513421214,7024,0.00017547947077826344,96deae56254ac88ec9bd871b63658e2a4da53cb1f2238b806f08d764237e8d96,240818186510770176,5745.667636001017
142701,1427,MP,440,4400000,325327728,740032,0.4165110184815808,6.522550908965059,113457.45097717019,7040,0.00017403645431455706,376dbe1c5356734381cb7af3ef3c532979d860ab0b065eee1df25f15ee6fbc65,241367231241658368,5752.291408115008
142701,1427,MP,441,4410000,326066751,739023,0.41949373807375995,7.907275971956551,93461.1366317519,7056,0.00017260219422885676,6676bb11708c49adcbc956ef642994cff680adff20f1766dd54e77f0a76ed2d8,241915527375008256,5804.185468623007
142701,1427,MP,442,4420000,326806004,739253,0.41463943292504557,9.0337394560338,81832.4464191005,7072,0.00017118269198580937,7d393c06022351fd57bde4db530a9b8ba8f8b042d9dea0f9fe0d9e4b34583e14,242463994150017024,5814.899084756966
142701,1427,MP,443,4430000,327545420,739416,0.4073698287457639,6.5715317880385555,112518.05877982338,7088,0.00016977697765381628,85dfad98b8d41e27f937a7941a6451aaeb9d60f6cfe2e4c6f37e7625c48e72cf,243012581858027520,5822.785091315978
142701,1427,MP,444,4440000,328284602,739182,0.4079559880667745,7.208405659999698,102544.45086266565,7104,0.00016838219978578418,e24a8882c134399a2b1746acf5ac1b42d3c55c24732c3ddd3d153ec415cd9b6b,243560995956698112,5830.4517871469725
142701,1427,MP,445,4450000,329024634,740032,0.4143381375327486,7.093994939990807,104318.08963215287,7120,0.0001670032003592339,bf5ecccea6d7b787dac0878ebbacd0eea1a2a8a56bb2760e1689a8082b43babf,244110040687586304,5838.240636074974
142701,1427,MP,446,4460000,329763657,739023,0.41464247481677435,7.1582370870164596,103240.92245288056,7136,0.00016563337252715156,9d75f5f752f5a7d9cbc1a1b268c4af74f480132a866985a401eff162dcacd7e4,244658336820936192,5845.99923310196
142701,1427,MP,447,4470000,330502910,739253,0.40955344470390515,10.107212995004375,73141.13201783574,7152,0.00016427844982147143,41893271132b18cf5a22a50b0e3ffc6a11e915c5636e2a41e2412d3264d7cf2f,245206803595944960,5857.592578173964
142701,1427,MP,448,4480000,331242326,739416,0.4042577999677989,6.490524060034659,113922.38795522647,7168,0.00016293750390052232,4d0ceb87f2df36e6eaffe9eb4150be1a75aa69a9d44ad37f556af59175856836,245755391303955456,5865.810865611013
142701,1427,MP,449,4490000,331981508,739182,0.40318238657885225,6.7205545689794235,109988.2446326526,7184,0.00016160781555132762,48bf3541c4c01929a7e30f6240ab5401fc76777cd65cfef4cf5ef565906c1a80,246303805402626048,5872.703927690978
142701,1427,MP,450,4500000,332721540,740032,0.4171474022657249,6.691248792049009,110596.99362536866,7200,0.00016029399993312165,749578959f92d349b0ec60182bbbe84adaf1403ed3d5da8e56a75e12db3f246f,246852850133514240,5879.553673018992
142701,1427,MP,451,4510000,333460563,739023,0.4062439103897865,6.811223372002132,108500.7728623011,7216,0.00015898976336576088,1c2a30f5b1b5b475ded400b30d8bb416cad2c061d9a16db4a7d64c092249559a,247401146266864128,5911.731212851009
142701,1427,MP,452,4520000,334199816,739253,0.4113880137794356,7.439484288974199,99368.85021662337,7232,0.0001577005665973263,b7c09b4bff261cb9ed06a7354950cb2339ccd082d58ca9595b7580ab453da049,247949613041872896,5920.0215655759675
142701,1427,MP,453,4530000,334939232,739416,0.40722372028475484,8.07158393796999,91607.29860240588,7248,0.00015642552366154465,fa8ef3f5ed7b6707c533d6ebd39f378dbb39733ea5eab8226dbecd571a40780f,248498200749883392,5928.8550721759675
142701,1427,MP,454,4540000,335678414,739182,0.41314977105457673,10.761406106990762,68688.23577987796,7264,0.00015516204988028098,a95c0db95f554c6c5115ba369d78ca55bff331dc34b1ba5ecc8736b22dce3e40,249046614848553984,5941.897600571974
142701,1427,MP,455,4550000,336418446,740032,0.4089866480715576,9.320172338979319,79401.1068770691,7280,0.00015391452968959788,5bfa884f982a6c918f3c37a6d79252185ebd05869ab8ffd572bb318783aadd62,249595659579442176,5953.370632000966
142701,1427,MP,456,4560000,337157469,739023,0.4116600254390331,6.872828232997563,107528.22199918088,7296,0.00015267698790130387,399c48bd8874932ad64918e4ed06ca5ea0e787540839f12ff4c579626b47dce6,250143955712792064,5960.860393813986
142701,1427,MP,457,4570000,337896722,739253,0.41645295005254335,8.236262535967398,89755.88099234506,7312,0.00015145460785928879,64dabde8789c3b970ff7d809c45c38a8b43d53473e606d4bff76f99334dfe64a,250692422487800832,5969.743202094978
142701,1427,MP,458,4580000,338636138,739416,0.40115699933014703,7.8429768169880845,94277.46852424789,7328,0.00015024654672229275,22a2df1bb10301c0e0572301391b5c4a16685045bc7358636ff89283a15e1d68,251241010195811328,5979.148733765993
142701,1427,MP,459,4590000,339375320,739182,0.41077600955939914,7.1896976789576,102811.27705319182,7344,0.00014905035653391894,8d7bf7c7d99bf6f6b5b3bd1bc72999a163adb8e3059d530d3bd6c79996d9d8e4,251789424294481920,5988.08927958901
142701,1427,MP,460,4600000,340115352,740032,0.4038535867720484,6.5709351190016605,112622.0220711044,7360,0.00014787018729738683,619757e6ce83a57d3317414655065c9e400817495324e04beb6ec4a36ab2940c,252338469025370112,5994.767169605009
142701,1427,MP,461,4610000,340854375,739023,0.4113052523693953,6.590711452998221,112130.98999559548,7376,0.00014670038737206313,dbd6b107a11b2ca7015110457730cf784595a8778fb28e9346b3ec7b3b0ece8c,252886765158720000,6024.663270596007
142701,1427,MP,462,4620000,341593628,739253,0.4118341976996912,6.935763888992369,106585.66407850989,7392,0.0001455458583120202,c2657abe84389daa26028e87cf86ab04c9dd07c651f5d7f638803af254956aaa,253435231933728768,6032.111326382961
142701,1427,MP,463,4630000,342333044,739416,0.4014903243098249,7.5795601310092025,97553.94603638408,7408,0.00014440580111413928,6d65708579eab035a8e3a220bc9bf7691a97cb05f8f6f41ece5d4bb0a94675ae,253983819641739264,6040.183497093967
142701,1427,MP,464,4640000,343072226,739182,0.40813970039597924,7.732608015998267,95592.84506219378,7424,0.0001432779066149769,a4385fc91527d6c86d9c01f984bd8c489f099f7d870f435c56f43fc08f5f6155,254532233740409856,6050.538487203012
142701,1427,MP,465,4650000,343812258,740032,0.4047036493519418,7.218314181023743,102521.44495808637,7440,0.00014216608687359284,d902379cff4c9977a24defe97d8536d525eb54914e4c15b20da1364bf1b029a7,255081278471298048,6058.378208347014
142701,1427,MP,466,4660000,344551281,739023,0.4099136337525208,7.623876800003927,96935.32823085747,7456,0.00014106501857876402,471bbf61f13e8890b21b41d971569957ebbab582d5681b71ed6ea205e79814a3,255629574604647936,6066.735706647974
142701,1427,MP,467,4670000,345290534,739253,0.40943256849045145,9.388286436034832,78742.05852545606,7472,0.00013997931734754102,3520f2fcc6cf2730cd77744d361b389626a5a78e0da56b633e1e1fae322bf056,256178041379656704,6078.056774172001
142701,1427,MP,468,4680000,346029950,739416,0.4051666825505774,9.287698082975112,79612.40701346572,7488,0.0001389082286909829,9234d6de8b4144684cdd4fdf6ab4392559ccc66e9e61c032b8667be46e83ba69,256726629087667200,6088.338830624998
142701,1427,MP,469,4690000,346769132,739182,0.4049436095343467,8.5118493619957,86841.52744764861,7504,0.00013784958419238227,d291d19a78ba7f8a3177ec2be00bc6321b449c5455d29e3e81d82d50aab58fb2,257275043186337792,6099.334232166002
142701,1427,MP,470,4700000,347509164,740032,0.4069257734334872,6.677806908031926,110819.61640878012,7520,0.00013680705465664682,dd5dabaf8ef0df3ac1f8085057fcd0e43b0a721bedcd411fbd6a695305056c41,257824087917225984,6106.099853076972
142701,1427,MP,471,4710000,348248187,739023,0.40512473759980405,6.701422190002631,110278.53178725184,7536,0.00013577564960601604,dae466170a5a64f03b2e64c4263b9dc481603e78dcd322304448f602901f54fb,258372384050575872,6139.26929919899
142701,1427,MP,472,4720000,348987440,739253,0.4101906146813591,7.9314413540414535,93205.37932532463,7552,0.0001347596948152463,94cf9fb4029cb9e68b8d79f3357afbefcc866989b6c6cd2f36553f3e510dd4af,258920850825584640,6147.921827229962
142701,1427,MP,473,4730000,349726856,739416,0.41046315774124703,7.259674605971668,101852.49892492023,7568,0.00013375848094794712,c30f92b518e49f185d870776ae19a35b0d1e88d02515b40b5257fcf5571d352e,259469438533595136,6156.830378629966
142701,1427,MP,474,4740000,350466038,739182,0.3986796670284488,6.953404550964478,106305.04734511256,7584,0.00013276998216884455,bce10295bc446246c652e7c828e8bf85f8c307cd7045bb9aac05b5dceda6e9b9,260017852632265728,6163.906650414981
142701,1427,MP,475,4750000,351206070,740032,0.40822467014089153,7.116112680989318,103993.85636163325,7600,0.0001317976249228263,5d556dcb3590a85a85f2da3b267efa2dfd8e32c1459bbbd2a73d90478d4e003a,260566897363153920,6171.6317965179915
142701,1427,MP,476,4760000,351945093,739023,0.3983116476424815,6.8374947009724565,108083.88632387432,7616,0.00013083675578803738,95a685ff9d08bd35434085a70ecf8ac78fb768be49478d17c345865bcfdbd81a,261115193496503808,6179.0728183320025
142701,1427,MP,477,4770000,352684346,739253,0.4090641669888683,8.410938839020673,87891.85299629105,7632,0.00012989140703690243,7a5a6ad7010549f7ae254b448e75aacb68e49e21359b2042614edab69ba47e0a,261663660271512576,6188.3887158639845
142701,1427,MP,478,4780000,353423762,739416,0.3980261423263242,8.782501333975233,84191.9598849998,7648,0.0001289609150857507,4ebd1bb239b95693e7ee8a4c7562d474c11746d6de7a6da656a9cf537270c4c5,262212247979523072,6198.770616677008
142701,1427,MP,479,4790000,354162944,739182,0.39622956103187734,9.706341433979105,76154.54340111473,7664,0.00012804339839480062,91673ec662a70c9574999fbb9486cc54d8529802980a05fab242b935b21d4212,262760662078193664,6211.597756569972
142701,1427,MP,480,4800000,354902976,740032,0.40463075894112716,8.028863432002254,92171.45194552766,7680,0.0001271420361498057,5d3cc9c54fd70ff91e00e795db13d9bcc79fcdde437f99065ff848e1bb2000ea,263309706809081856,6221.5167520979885
142701,1427,MP,481,4810000,355641999,739023,0.39716134284199806,6.625809349003248,111537.01549097164,7696,0.0001262525159220756,411b6a95616a92329591235833670a3341411f6eb543a8f60cf251ab979cb805,263858002942431744,6253.534136736998
142701,1427,MP,482,4820000,356381252,739253,0.40454107438760406,7.755705204035621,95317.31551830198,7712,0.00012537857306999827,bf4551f8ae8f1414138cd19d6c2823da430005081203d14a8f8925e616d3f09a,264406469717440512,6261.783898419992
142701,1427,MP,483,4830000,357120668,739416,0.40405505041950124,7.5065076790051535,98503.32959334237,7728,0.0001245195903240809,961eea8e9a43272ccc5202f87ae6f2b9f77e378e3bce3bb8bb2325118f6fac89,264955057425451008,6270.280258637969
142701,1427,MP,484,4840000,357859850,739182,0.3982421166899897,6.589727485028561,112171.8616861432,7744,0.00012367383203200482,9532bc73a461394117adefcaf858cfcd4b366f742b06f31ab0d629130ba33d03,265503471524121600,6276.97726785898
142701,1427,MP,485,4850000,358599882,740032,0.4016802878200642,6.411308087001089,115426.05501994406,7760,0.00012284422743048042,7f84b0f5eab3eb79eff02b6ad77ad36f286f49de5affed9ed804534a2232a8f4,266052516255009792,6283.5701655489975
142701,1427,MP,486,4860000,359338905,739023,0.3990190282467838,6.370021213951986,116015.78317845306,7776,0.00012202680873272756,2e9960c971747e4d3cbbf73ce53a5a958b0dbbacb7f71ab39866cbb5e7489316,266600812388359680,6290.040923930996
142701,1427,MP,487,4870000,360078158,739253,0.4079864513542704,7.364719245000742,100377.62138751095,7792,0.00012122501122261132,9da1e1bca9f0e9892dbd8e2d9cfcb635ea0e1c1cddc0f62289e5c277a38229b9,267149279163368448,6297.9031829839805
142701,1427,MP,488,4880000,360817574,739416,0.39932251936826235,8.36221986002056,88423.41057487839,7808,0.00012043826446708845,e54c69458ea419343d74a3cd4f3e07e5f942996d45545d9171a3e0d60a2f1e45,267697866871378944,6308.29604785901
142701,1427,MP,489,4890000,361556756,739182,0.39794227651796266,7.689151136029977,96133.10844370406,7824,0.00011966498016983809,dc635dd8b6c385247ee6b6978575738f28cbb18f1c4011ff66a6787e2d4c655d,268246280970049536,6316.878993365972
142701,1427,MP,490,4900000,362296788,740032,0.41415597424574774,7.833122646028642,94474.71122837493,7840,0.0001189078351401013,45d84d3a84b0dd930f4e82dad2f15b9d33936391310e12827fee5d3ea44aa37b,268795325700937728,6325.6397671980085
142701,1427,MP,491,4910000,363035811,739023,0.39489181187070105,7.079952384985518,104382.48166290623,7856,0.00011816320959015154,207a95203115d568d67a9023c41b7f79ff5f597b4d51dc79a221a1930d3457fe,269343621834287616,6374.841387544002
142701,1427,MP,492,4920000,363775064,739253,0.42438971814728615,7.520856156013906,98293.72941920592,7872,0.00011743423582273784,719933f40e75c403aec06ba2c4e99944be81ceae7ffe280d2722a8a72a43d4cf,269892088609296384,6383.708279685001
142701,1427,MP,493,4930000,364514480,739416,0.40720962433764085,6.443604575993959,114751.92049411898,7888,0.00011672039072391001,7a77521789719d4186647b9e09dd654e1473661a9c14d1b88f0c33ab1e6c975d,270440676317306880,6390.255775330996
142701,1427,MP,494,4940000,365253662,739182,0.4054302323334995,6.618746483989526,111680.05932664905,7904,0.00011602023469720212,dc62924977e81a6a407657f69fb6f26775e4694a4b835a50f277029bcd9be6b5,270989090415977472,6396.992875738011
142701,1427,MP,495,4950000,365993694,740032,0.404794725945053,6.6333349360502325,111562.586110064,7920,0.00011533618985953805,ffaf12ed26325a113979346615849ea63e8bb396668b0560b6a1c4f19c5381ba,271538135146865664,6403.796657293977
142701,1427,MP,496,4960000,366732717,739023,0.39902604031570355,6.44110960199032,114735.35550018276,7936,0.00011466498748494676,cd36b7b2d4a32cf50ebbe3d28c879ccaae7d096927f73d1bdbefc295536d3bbd,272086431280215552,6410.39666027698
142701,1427,MP,497,4970000,367471970,739253,0.40238636092397234,6.684380822000094,110594.08787227079,7952,0.00011400945424482037,062e3ee28ecceda51ecf8e28490cb80dbfef1805154cc0d657ba2e33b00bbef2,272634898055224320,6417.170150213991
142701,1427,MP,498,4980000,368211386,739416,0.40511728769159855,6.470579489017837,114273.5362814058,7968,0.00011336911478690834,86630f97ffaa2ec5b18692e5e1f262c7fda770b17c44895003986e8343264d07,273183485763234816,6423.752432837966
142701,1427,MP,499,4990000,368950568,739182,0.39950664847049255,7.788885398011189,94902.15380351372,7984,0.00011274267943264215,1c186acc8ff846e228eba9eb879b8abf3a9a6d849f49b00c022868875e2b93d1,273731899861905408,6432.015274055011
142701,1427,MP,500,5000000,369690600,740032,0.3977879124957674,7.722389701986685,95829.40366368937,8000,0.00011213231355727544,fae6a95ac2f2969a2c06a6e44354fdfaa27bc0c31fbdbfea3081dd023581ae08,274280944592793600,6441.281321151997
142701,1427,MP,501,5010000,370429623,739023,0.3994378199792327,6.774179482017644,109094.09795854523,8016,0.0001115351022622614,27a73f6707e70d0ba7786eb6070dd62e9233b85bb224021b6806934308b4be2e,274829240726143488,6510.268243715982
142701,1427,MP,502,5020000,371168876,739253,0.39511859764481344,6.715883576020133,110075.31498008563,8032,0.00011095356419598905,5c1a6bcc1986f62ffc53084899a8faf961aa32d70439a5e12032fff5001d7d66,275377707501152256,6517.16120219999
142701,1427,MP,503,5030000,371908292,739416,0.4068511863399292,6.518296358990483,113437.0024431532,8048,0.00011038727217010286,3caedd5b27bdab040cf4731ad772a4c50a5409aa6d5ed860b1865bcf715c1d8e,275926295209162752,6523.831987395999
142701,1427,MP,504,5040000,372647474,739182,0.40027825352465296,6.743359223008156,109616.28700988246,8064,0.00010983508751512853,8b6cf3d540caf08f11a59d1bddb614f4223aad546ed85bd5cd2c49ec6e1f5934,276474709307833344,6530.891985702969
142701,1427,MP,505,5050000,373387506,740032,0.39896478894609877,6.626475511991885,111678.07059133766,8080,0.00010929891703252603,400a2ce2764a3bf2a7737fa170e422996962f498cd26124d9ce4328d5d78e92e,277023754038721536,6537.674070484005
142701,1427,MP,506,5060000,374126529,739023,0.40512075348632676,6.446393485995941,114641.31092919533,8096,0.0001087762021174678,9b133b4de547c9be52c989e27d003fef7f6f468e90d120eba849070472d5bd37,277572050172071424,6544.312788320996
142701,1427,MP,507,5070000,374865782,739253,0.40081238378833306,7.656873653992079,96547.62941198256,8112,0.00010826915126431175,09c9a2ebade09367df38d5e830ec45fe518678e42266fd7e47c84e7b7bc189e4,278120516947080192,6552.529277973983
142701,1427,MP,508,5080000,375605198,739416,0.40820858027308277,7.580535545013845,97541.39342916959,8128,0.00010777738581004142,d137c53d0d1afdd7226afc13a35896d184602494b1b5b56ebb9b47a384d8f639,278669104655090688,6561.632311451016
142701,1427,MP,509,5090000,376344380,739182,0.3944559005580351,7.175678638974205,103012.13825061561,8144,0.00010729991905770475,db1dc6c2e903e52dae2f42d11328d61360588ccdc01903fe52eb57b24062d04e,279217518753761280,6569.401958611968
142701,1427,MP,510,5100000,377084412,740032,0.4024801623225367,9.02619337302167,81987.16440220269,8160,0.00010683839762162368,7945c4d1818e0c9bbd2cd17e3a755d3d17fa342c4983972b92fbeb6f7d85dfb0,279766563484649472,6578.929835301009
142701,1427,MP,511,5110000,377823435,739023,0.3941474609993188,6.293825587024912,117420.31770367755,8176,0.00010639062135552494,55ea73f9a552ec405458bd64322f2d917c7ca6176e0d4c4bd23839bdc72d166b,280314859617999360,6648.007439467998
142701,1427,MP,512,5120000,378562688,739253,0.40331933196629083,7.602243377012201,97241.42773899694,8192,0.00010595848673112867,f4fccace3312de917e3e42b5f647bbce884feb81432ecce3ecbb71cd83b6711c,280863326393008128,6655.805721302982
142701,1427,MP,513,5130000,379302104,739416,0.4054862251038824,6.698633646010421,110383.10782085868,8208,0.00010554166393114415,5943ff81deaf644e9d6011ad72e249100828d72a93eab9e4813946f84a2785b6,281411914101018624,6662.984861108998
142701,1427,MP,514,5140000,380041286,739182,0.39256374495042434,8.945787054020911,82629.06276846326,8224,0.00010513931906598584,cd7f4138a28b57e5532664864597eb9fdad63c8dbdd2526e2f950b61f33bfaf6,281960328199689216,6674.531792188995
142701,1427,MP,515,5150000,380781318,740032,0.4050687001612961,6.977443935000338,106060.61573463064,8240,0.00010475283716963733,ca2dac7a085f8654027f5a553c3feeeaf3a7afa6aef705ea31ad8ee9caaf27e8,282509372930577408,6682.011453415966
142701,1427,MP,516,5160000,381520341,739023,0.3868079877364137,7.237923966022208,102104.27789367198,8256,0.00010438037841592323,e67909ba3872ff38c73905f02b9fdad0426e6b7846f42cdbb2399ac41ef29eea,283057669063927296,6689.707976477977
142701,1427,MP,517,5170000,382259594,739253,0.39812800084158606,7.013717215973884,105401.0273348826,8272,0.00010402352564932145,d67a20c7e0efc94d6d8735bf1c564e0d29aa89e1435ad539547179ad27ef4efd,283606135838936064,6698.6508429209935
142701,1427,MP,518,5180000,382999010,739416,0.40739858549407093,6.459225795988459,114474.40039318934,8288,0.00010368199817732534,92752db14f5d8a7d16d7e72a5d1603967719bb262e337c9986606eb63aa21a02,284154723546946560,6705.310706857999
142701,1427,MP,519,5190000,383738192,739182,0.4004088104752388,7.033363668015227,105096.51354464836,8304,0.00010335511562326961,55dc4ac970a35f809c19e688a95c7cfebd541a5a32b17b80242559051ab95d08,284703137645617152,6712.468270668003
142701,1427,MP,520,5200000,384478224,740032,0.40060148619403374,7.377063024032395,100315.26063816779,8320,0.00010304400026892265,c072ad39aba4ce29ea54be1d1340ac96ac32ccc262af08de3387df18e4bb29ad,285252182376505344,6720.463567311002
142701,1427,MP,521,5210000,385217247,739023,0.3879684391841576,8.51812552800402,86758.87641833906,8336,0.00010274717416488344,2bb13a09cf8ee1c1633d3208ef967d650083aca66f353ef3c31020cd11b6ad5a,285800478509855232,6782.762336406973
142701,1427,MP,522,5220000,385956500,739253,0.3982649137973421,7.195207106007729,102742.42132415499,8352,0.00010246590518914332,891b9a481ba966e611d117009d03c2fdecd8e8581340a18fa94208215c3dc651,286348945284864000,6790.102701733995
142701,1427,MP,523,5230000,386695916,739416,0.4083254021469437,6.719187617010903,110045.44628699274,8368,0.00010219996201147345,bb78af634867c0964eaeb69598563e3bd211cf7f6e9e3b5ed576cf504b51479b,286897532992874496,6797.333687481005
142701,1427,MP,524,5240000,387435098,739182,0.40260337039060123,8.558954562991858,86363.58501027168,8384,0.00010194881834379561,f985e6f72dad25d70c2b74a1ebf3b2584da3a7b97af3e868ce7c0081d205d5ce,287445947091545088,6807.415684341977
142701,1427,MP,525,5250000,388175130,740032,0.3997097998009538,6.727225023030769,110005.53682484054,8400,0.00010171333276610037,7674ff0498428baf213beccf62cae74c8d8d188bf4d30d767d1fea22e1d7b202,287994991822433280,6814.348389291961
142701,1427,MP,526,5260000,388914153,739023,0.38830831547800376,6.398172202985734,115505.3312968244,8416,0.00010149239045625387,9d133b3b4719b5647e64d7447745e4344ee833998ebda54f9d5a718a31688021,288543287955783168,6820.931183648994
142701,1427,MP,527,5270000,389653406,739253,0.40467940315353074,6.8103902349830605,108547.81803877627,8432,0.00010128694325300949,98a7fcd72b03e24b0a64106df9311189987fcb6d2d93f9f609b9b658c6162076,289091754730791936,6827.838678453001
142701,1427,MP,528,5280000,390392822,739416,0.40123082184757514,6.735142612014897,109784.75773934578,8448,0.00010109680938414485,c964b2284e18bf677d54214c9c61aad7a13519b2c73162ea63e254d540aef7fc,289640342438802432,6835.134599924961
142701,1427,MP,529,5290000,391132004,739182,0.41084101149288593,8.746511614008341,84511.63533769648,8464,0.00010092161709546073,1883d00078f5c3ea8436c4791ae6eed7ccfcb213cd265ce78f2fe52ec6338bcf,290188756537473024,6844.51454944897
142701,1427,MP,530,5300000,391872036,740032,0.4011588283685379,8.472706828033552,87343.0433768184,8480,0.00010076196053872585,1dfa853e0cdbee399b9b36d0fc7676736fb0819a936da4a639ccdabb3c8626e5,290737801268361216,6855.294706350018
142701,1427,MP,531,5310000,392611059,739023,0.38912257382799176,7.514122419990599,98351.20572881545,8496,0.00010061708896232411,ac1ca098d1bf2948a9e7dfdccc9f8c8d892000cf011b33270e04021253678d0c,291286097401711104,6905.9409248059965
142701,1427,MP,532,5320000,393350312,739253,0.4117508583052106,9.209060143039096,80274.53274466703,8512,0.00010048763736042034,e75c71c20a538fc56079f7b2c326362199f068dff8265b68d048c4087781cb7e,291834564176719872,6916.903892587987
142701,1427,MP,533,5330000,394089728,739416,0.40694486529961227,7.752287078998052,95380.36871766186,8528,0.0001003734736725961,50cbcb485e5157d5e9371d5329f77dd6b40c2aed9e161e0e77384de931317d91,292383151884730368,6926.180092062976
142701,1427,MP,534,5340000,394828910,739182,0.40974108591197145,7.495315603970084,98619.19618280962,8544,0.00010027438099307244,2ef833b63994e3734835e6c299fc993a35f529228a59ea73977c46b029e97e04,292931565983400960,6935.163954899996
142701,1427,MP,535,5350000,395568942,740032,0.3959344163064075,6.941887567052618,106603.85851138213,8560,0.00010019068854268421,07310b820acf433f9b0c134ee9baaaae23a57d3baa8a46696c6fefcef5b52b02,293480610714289152,6942.469582937018
142701,1427,MP,536,5360000,396307965,739023,0.39065425965035916,6.746404091012664,109543.2455616618,8576,0.00010012201027554422,7ffb0d481d7b642c3729b4e3fee093993eaac61fe897237a6a1530b785a7f631,294028906847639040,6950.883977162011
142701,1427,MP,537,5370000,397047218,739253,0.4138376296927644,7.229211483034305,102259.14703628431,8592,0.00010006866380396021,ebc92b195da4987df7018f70713f26be109ef098f47e6f3235fd0c71ee51d7de,294577373622647808,6958.79521233897
142701,1427,MP,538,5380000,397786634,739416,0.4063944385239698,6.6338917359826155,111460.3658647856,8608,0.00010003056689105386,645b113debfe2b76c974e06477f288d2b0343f80e4b9a035ede6b95d09e20d7b,295125961330658304,6965.935609052016
142701,1427,MP,539,5390000,398525816,739182,0.3971056598544849,9.55960730300285,77323.46911026453,8624,0.00010000765766299047,e079c5f29a5a44de2c846e42d040f82f490d04b6217763a9446069754de916dd,295674375429328896,6976.279049013974
142701,1427,MP,540,5400000,399265848,740032,0.3992276215552253,8.181986583978869,90446.49394183255,8640,0.00010000000013111753,9d821d7759477161cee142c922d1ae7d9e8757d862181361b9d8a9f1f7433f70,296223420160217088,6986.350292416988
142702,1427,S,1,10000,739109,739109,9.6761652557713,7.006607314979192,105487.43018891376,16,1.5999878827489443e-05,ada16c8c081d90b83f1f1013d9bdc4450ac84ad4aeb9d336eebc06890a3b8d1f,548359938491904,7.006634204008151
142702,1427,S,2,20000,1478218,739109,7.545401802316326,6.6151961460127495,111728.96217831597,32,3.1999027933533236e-05,5613184579fc670970ffd08db70496076989783dcf06f2123ffe21ccfe70210a,1096719876983808,13.876061642018612
142702,1427,S,3,30000,2217327,739109,5.951850633634674,6.238176527025644,118481.57819804539,48,4.799671628773719e-05,92b2ed8d4b90c8adf611f494a9e076554ca9785d78b6b19bbd7c20f841ed7e51,1645079815475712,20.26892412401503
142702,1427,S,4,40000,2956436,739109,4.986983767095894,6.464589049981441,114331.93885729238,64,6.399221294209405e-05,4c6f93917809a868846c03966e77d2a77650c45c71da791f69b9bcd59f1fdcb1,2193439753967616,26.8316691070213
142702,1427,S,5,50000,3695545,739109,4.231405678261261,6.456591502006631,114473.55772318781,80,7.998478707221776e-05,fc7339eb403c83db9276000bf1e14f3147638a13a61188b261268614b887fbd9,2741799692459520,33.378317015012726
142702,1427,S,6,60000,4434654,739109,3.5459585031076624,6.282003858999815,117654.97388880572,96,9.597370801857195e-05,a21326a0d529997163851f4bada9e0a68ab1b3ef6cf8d432481c657534cd8296,3290159630951424,39.799230261007324
142702,1427,S,7,70000,5173763,739109,3.0003152574979404,6.605352641956415,111895.46418843219,112,0.00011195824532769051,74a495f7e74e09bf2ed09fbd60350c276fca724c33f4c1acdcb01537f365a492,3838519569443328,46.51013853796758
142702,1427,S,8,80000,5912872,739109,2.5936282702683737,6.720434315968305,109979.35032916194,128,0.0001279376687933884,29c20b12888339e702be95ee61cdc69d1764b612f79d102adb7b751ec2e85572,4386879507935232,53.40473737800494
142702,1427,S,9,90000,6651981,739109,2.297206518026384,7.979129332001321,92630.28198273572,144,0.0001439112484979609,7f1433661d0dab58db5cc0e81a11650da36cfa1b5974f7c7eb75d2ac203d039a,4935239446427136,61.88195906596957
142702,1427,S,10,100000,7391090,739109,1.9980410383137737,6.669934595993254,110812.03111706607,160,0.00015987825485336908,ef24f386506fa1217540ec8573c308c0ad0f71fccd1b3dae348aa213373ddad3,5483599384919040,70.33488282898907
142702,1427,S,11,110000,8130199,739109,1.6476121126401666,6.281808666011784,117658.62975085614,176,0.00017583795864240933,83223d334b864a4e08bdf7f62c4e80238e5a1df4e2623df42599983acfb9c2a2,6031959323410944,153.18537784501677
142702,1427,S,12,120000,8869308,739109,1.4402928588874888,6.297026965999976,117374.27900352473,192,0.00019178963105986605,c5ea680063689e697e2c8c21435eeb402a36a0f0f0b474f12a4bb5b04fa343b8,6580319261902848,159.62919039197732
142702,1427,S,13,130000,9608417,739109,1.3296239356792605,6.554612120031379,112761.66864874098,208,0.00020773254375364424,dcf259d8f2a047b1cb00b74bc4448a219234d96dd5429c54293ad60f9afdd0bc,7128679200394752,166.3401634399779
142702,1427,S,14,140000,10347526,739109,1.2603614836819417,7.002460186020471,105549.90394312244,224,0.00022366596886588073,7870bfb522e62f982cef389f86172bca8916d251bd5599f8281c94f566720637,7677039138886656,173.86626790900482
142702,1427,S,15,150000,11086635,739109,1.1818989201544892,8.621177594002802,85731.79150307152,240,0.00023958917907403206,f6f9ba45938f1a68e384ebbe88a65ee30007ff0d0e482df496951535ed27fa41,8225399077378560,184.94406122597866
142702,1427,S,16,160000,11825744,739109,1.1302795958254244,6.397810937021859,115525.29564808469,256,0.0002555014476319369,03b1b0c7e690d507e2329f20873bbe9c8a9cbd67977e3974e4e420a4422fcb79,8773759015870464,191.50073513400275
142702,1427,S,17,170000,12564853,739109,1.0949826045058697,6.478704323992133,114082.84172853966,272,0.00027140204841085146,c96053ab1138ab5ed8336d58089899922342e807b793d6007a6b067ac6a3f4c4,9322118954362368,198.0855677429936
142702,1427,S,18,180000,13303962,739109,1.0637541408285494,6.420953211025335,115108.92163657035,288,0.00028729025594045497,38c2ae77ca55fe061415554046ebc15cef341d67976cad0845ac1c33507d2580,9870478892854272,204.68714083597297
142702,1427,S,19,190000,14043071,739109,1.0421718380189977,6.601259164977819,111964.8511788862,304,0.000303165345449825,2d334a758e71604fd714647a5324f21ea2615e0147c17c4101aaa6f0d957d414,10418838831346176,211.5028922079946
142702,1427,S,20,200000,14782180,739109,1.0326489707043698,7.5913032600074075,97362.59699882926,320,0.0003190265929083784,c33fd33a9a36fa5238b47495f1789f2452acd4984640be2f611fdf4a37581d65,10967198769838080,219.63450133701554
142702,1427,S,21,210000,15521289,739109,1.0177999498324126,6.66861561202677,110833.9486035191,336,0.00033487327506677813,f7a1b80b4836c165b9088366d1c476c02151730be8ca663d61179153b7d77881,11515558708329984,294.71116919000633
142702,1427,S,22,220000,16260398,739109,1.0143738511552016,6.999127486953512,105600.162502785,352,0.0003507046694978026,42e3c1e2b5b6c96ab3d5795da972670a7935d97556877a8340331138559c3185,12063918646821888,302.27186772599816
142702,1427,S,23,230000,16999507,739109,1.0052484179852297,8.226950644981116,89839.97010494968,368,0.00036652005463717636,4fe48c4f247001b6983f7a0e382f5bd8eb6b1600b562a0bd2102d8b476c5ade2,12612278585313792,312.5877956710174
142702,1427,S,24,240000,17738616,739109,1.002205025886544,6.906437408004422,107017.40366797324,384,0.00038231870982435916,e82750db27ecb5090d9a7686bf5564ed069019f5623e958c2d2f2a2123b01327,13160638523805696,319.9112942270003
142702,1427,S,25,250000,18477725,739109,0.9881837253773721,6.462888701993506,114362.01891764259,400,0.0003980999153432933,a8a90644e3f24f8e5edcfa7726ffeda7fed3b5cc7f369065662ec3525817d180,13708998462297600,326.5705597680062
142702,1427,S,26,260000,19216834,739109,1.0680554238745301,6.398707994958386,115509.09974050266,416,0.00041386295246310516,5877705a068bd1324991bec3ab653914dd9df4d69629ae9ad1835fbb7d4290f5,14257358400789504,333.05296349996934
142702,1427,S,27,270000,19955943,739109,1.0226034173516796,7.207836392975878,102542.42184523922,432,0.00042960710347876064,3650576750729691a469fc30c99c0edc39dd618c3502d6643009bfc3b5174bef,14805718339281408,340.73599186498905
142702,1427,S,28,280000,20695052,739109,0.9859178483816574,6.52259133203188,113315.2396610071,448,0.0004453316517516721,ea231e9d05f7c2c38da6f4b6f3b2a9ac814c8453ec47381385ec6a390e4c6e67,15354078277773312,347.484597556002
142702,1427,S,29,290000,21434161,739109,0.9678783856872707,7.170682610012591,103073.72954535247,464,0.00046103588175025364,1aba8d60f4e1cb9781f779dfed691736ec14aff1a6162c254ecc9e8600938138,15902438216265216,355.20044786296785
142702,1427,S,30,300000,22173270,739109,0.9511044589696306,8.2230830899789,89882.22445431918,480,0.0004767190790904257,1374f5e7382d2e680114d003fa4ca004400c61f8b1532a3bc66dedccd99f5973,16450798154757120,366.1872790880152
142702,1427,S,31,310000,22912379,739109,0.9340491229027985,6.369949107000139,116030.59735403061,496,0.0004923805305760635,d168289f7d48c13e7ddc3ca946987f4226e1f7ef2da21d4b809d02de5a5a5d98,16999158093249024,453.31556130899116
142702,1427,S,32,320000,23651488,739109,0.9758127145122067,6.676379597978666,110705.05940431725,512,0.0005080195242393902,d09546c00e30db15db15461ed762e1e6a3e7cd46cd6739ae42a39fb30eb8c294,17547518031740928,460.10620511497837
142702,1427,S,33,330000,24390597,739109,0.9230329186989682,6.657949011947494,111011.5140073453,528,0.0005236353493813119,bc569bb1eedf1cd706c3868450f4c4d87486f44e5657167ad12b93f4517ab90a,18095877970232832,467.25879049202194
142702,1427,S,34,340000,25129706,739109,0.9011041094452821,7.993646950984839,92462.05199354466,544,0.0005392272966116915,b0cf69ce5bf2deaf9de514b62ac1b841e8f8471884f95c67c4bf012d11f1c1be,18644237908724736,475.73038209602237
142702,1427,S,35,350000,25868815,739109,0.867113336521329,6.452261594007723,114550.37729505847,560,0.0005547946578895612,30aa1f545efd8d5e4133136ed8051df9732e0d38ec6f076d2292ba9de900ebdf,19192597847216640,483.32893714896636
142702,1427,S,36,360000,26607924,739109,0.8350007246013802,6.3443938959972,116497.96846099326,576,0.0005703367265632715,cc4bd40ff7a30bd26363a59a6cb9859311623df2d1144fa4b72f1b071abfd0d8,19740957785708544,489.7737351859687
142702,1427,S,37,370000,27347033,739109,0.803514544911602,6.589775485044811,112159.96685734947,592,0.0005858527974105741,d57a23d27687d043cd556f5db1c252179b4e415ef657037addf07442a7f0966d,20289317724200448,496.4569370240206
142702,1427,S,38,380000,28086142,739109,0.7670556397290013,6.361612241948023,116182.65494497877,608,0.0006013421666786346,d475ec086773928327ab2fdae3ba0772999cbc81dd98a1cf4479f34aac40af17,20837677662692352,502.9404455850017
142702,1427,S,39,390000,28825251,739109,0.7317857711059246,6.4576855770428665,114454.1633658256,624,0.0006168041321239801,9b41f54843b3484e530797ea1c7278399532b148e1e73a1140c597d99fba4e95,21386037601184256,509.4862744989805
142702,1427,S,40,400000,29564360,739109,0.6825633914035786,7.083992758009117,104335.08689917393,640,0.0006322379930523717,76ff62c799953675bfe5a7645ac01c29a87655b8dd64dd9ba5ee5cb6ed836f85,21934397539676160,516.8923119030078
142702,1427,S,41,410000,30303469,739109,0.6573783311431053,7.905828310991637,93489.12864353522,656,0.0006476430503586036,b2fef4126b4731c83b2b7b3b50d7323308cba042e04ae602edb46b6ba9396218,22482757478168064,593.9223833020078
142702,1427,S,42,420000,31042578,739109,0.627623084765285,6.442619016976096,114721.82322941514,672,0.0006630186065662296,5e15a357cb574ce60ebbf17fbfa3eb062f57c9537e3e84954657bd21de55e646,23031117416659968,601.7376330000116
142702,1427,S,43,430000,31781687,739109,0.5901382887532899,6.38081250700634,115833.05404890588,688,0.0006783639658672091,70bde09d186d68bd47429796b7dc7c95316db12c2dbbfa27d867e2d231878614,23579477355151872,608.2458214369835
142702,1427,S,44,440000,32520796,739109,0.5338347618442147,6.5190388259943575,113376.99003307635,704,0.0006936784341614762,dedefbbbd715547f0e7bfef582ebdfbdf33dd55572833a680be5a15749812195,24127837293643776,614.9004148729728
142702,1427,S,45,450000,33259905,739109,0.4574710072600086,6.561574821011163,112642.01356559408,720,0.0007089613190964262,bfe35c7743da1980004cdde85b1891da82ed8ae1e517ed3838bf36f360a15363,24676197232135680,621.633536303998
142702,1427,S,46,460000,33999014,739109,0.38972114416909404,6.345081692968961,116485.3402626814,736,0.0007242119301063203,2b14021f9a0a2732f5c89b589e4876d434a91f41f76b5d28120a9f8c94740f7d,25224557170627584,628.1878981089685
142702,1427,S,47,470000,34738123,739109,0.33988987506809715,6.506252577004489,113599.80130686681,752,0.000739429578451606,152387f3d47cc2d247add04981f5c997717355f22b8e5a0eb826a2d427e6277d,25772917109119488,634.7937290469999
142702,1427,S,48,480000,35477232,739109,0.313071232476457,6.640811963996384,111297.98645212813,768,0.0007546135772581481,57486fc43a8d171e169cd6a3238b206d6b0e5cb27c36ce9707458a8b40376abc,26321277047611392,641.5823744389927
142702,1427,S,49,490000,36216341,739109,0.2903189828997886,7.61780698801158,97023.85491824127,784,0.0007697632415563749,564d8544fc24133a93b1b9ce9e8c44e1bf6c1f1da0c179e60f3500f642f749c5,26869636986103296,649.7327346780221
142702,1427,S,50,500000,36955450,739109,0.28248139964111474,7.162949288962409,103185.01083609708,800,0.000784877888320331,6d2d6f2fdb09d70dd4c0a4b7adcbe53e58e23380c1aa629ebd4b4943ab7af900,27417996924595200,657.6182055309764
142702,1427,S,51,510000,37694559,739109,0.2730275582774171,6.332016177009791,116725.69673519599,816,0.0007999568365066406,727e07e61df2ea903c98ad65a833a67e5413219766c3cad4d517e3e3cbe8372c,27966356863087104,739.4636515629827
142702,1427,S,52,520000,38433668,739109,0.2676115093494129,6.505332453001756,113615.86903355767,832,0.0008149994070933734,58a5feacc4c808c61211f870e49e016f4c0655a2ea7de92b74f9708e10f98686,28514716801579008,746.1785426139832
142702,1427,S,53,530000,39172777,739109,0.26180975693106323,6.594917793001514,112072.51147001983,848,0.0008300049231188175,bd727c454a93514b4f03dd05157c237f4847bdb7618f7a093463f9a734af89bb,29063076740070912,752.9052367840195
142702,1427,S,54,540000,39911886,739109,0.2558391860889482,7.000212596030906,105583.79332923003,864,0.0008449727097201529,4cb560d29a4ca12b0b86eb694069801db5af7fd88f3001a5b569813b8ae2c988,29611436678562816,760.4135846609715
142702,1427,S,55,550000,40650995,739109,0.2530310357279415,7.807695958996192,94664.16262641261,880,0.0008599020941720259,812ec6abf475cde2d3bc8387ba2e7d2341f17a6e34c32516150260d51b5ec1a9,30159796617054720,768.7490373330074
142702,1427,S,56,560000,41390104,739109,0.24812078283701083,6.627794547006488,111516.5828931475,896,0.0008747924059250226,110ea7d4a4fc410cf0c9fa9b4d33dc974906202a473f71ee33781b680b8d17cf,30708156555546624,775.9162714789854
142702,1427,S,57,570000,42129213,739109,0.3084234983910109,7.219392379978672,102378.28353113889,912,0.0008896429766440374,189b254f2cc4a55584a8588fa29739078aebce3cb80369a23bfdb9e0d3613959,31256516494038528,783.6600088279811
142702,1427,S,58,580000,42868322,739109,0.3513178440896448,6.380574323993642,115837.37802734143,928,0.0009044531402465383,326fc2f254ef5d3d97b793f538e867d4f9b27eacf278df0123a42e07f2233190,31804876432530432,791.3236617830116
142702,1427,S,59,590000,43607431,739109,0.2641193812643071,6.5573206979897805,112715.09112351056,944,0.0009192222329407235,d52bd73788311460ac6dfe2e256c0ba0d6d9c4c3c8ffa6c6ba1ee969b1ddd0b9,32353236371022336,798.0551619409816
142702,1427,S,60,600000,44346540,739109,0.25020840337451494,6.560405893949792,112662.0840155072,960,0.0009339495932635718,577f142ccd38328a575055e9d19831583f75b8b136a8d4970548e088b1c0e4be,32901596309514240,804.9028655299917
142702,1427,S,61,610000,45085649,739109,0.2440414006904543,7.259655121015385,101810.48378736526,976,0.0009486345621187782,5473b674fec2b7be18c52b8aa5fbcdf9bc6ee554e65d54aa43ab2b5837a6240d,33449956248006144,876.36029602302
142702,1427,S,62,620000,45824758,739109,0.24223078930483877,7.022096394037362,105254.74993872143,992,0.000963276482814582,d47c0c06a579933ea3dc7c2a7c82cb58eb1869d11019b9eb36dc5efe81f60022,33998316186498048,885.6524430160061
142702,1427,S,63,630000,46563867,739109,0.2373502749730458,7.697465395962354,96019.78859011097,1008,0.0009701137907752745,4e73cf67ea76b3e1fe1117d9fc48c9e4c6059cf4e77a65288603ea4edf2e3275,34546676124989952,893.8751345939818
142702,1427,S,64,640000,47302976,739109,0.23211940184422405,6.699465278012212,110323.58096186742,1024,0.0009691685207127017,b5d3a731ff74f5988843061a652ad8e0dd8990670d74a7aaab161dc48e5e8d8e,35095036063481856,901.8059325090144
142702,1427,S,65,650000,48042085,739109,0.22969917052060534,6.393684217997361,115599.85992419012,1040,0.0009682090633531184,6729c710ffa014b1c3e901be406aaf9f2006a79fe2eb1c8970d4e5451e3303d3,35643396001973760,908.3816230890225
142702,1427,S,66,660000,48781194,739109,0.2289872014010738,6.331835802993737,116729.02188185991,1056,0.0009672354511705914,6ddcc951e858d600edca226d4fa4f2f98c806651978c0df1c87204c3c1716eb8,36191755940465664,914.8898000639747
142702,1427,S,67,670000,49520303,739109,0.2267503010117784,6.44747885200195,114635.35080390466,1072,0.0009662477171182758,ed6ba30b038f8778dbc61b952ef98f868bad24815433c502b825f308ff2b99bf,36740115878957568,921.542792349006
142702,1427,S,68,680000,50259412,739109,0.22533239912348152,6.327956334978808,116800.5847187116,1088,0.0009652458946272994,3a277c33784b7e2c12ed00bb7741dd4e1858e880869ba4f9523442167394c092,37288475817449472,927.9983582539717
142702,1427,S,69,690000,50998521,739109,0.22037259496270542,6.507217762991786,113582.9515654912,1104,0.000964230017605631,610decfcb92f2c38e919f57b3be2148385107a8a6e1b3ad55660f9d1b7534600,37836835755941376,934.6104109759908
142702,1427,S,70,700000,51737630,739109,0.21913432446462885,6.96937974600587,106050.90078834936,1120,0.0009632001204369336,7f462f061e90987d65a79f5512ad7929793ba07d045f8a19abc3e3b4b49aecfe,38385195694433280,941.6852636309923
142702,1427,S,71,710000,52476739,739109,0.21983889610840937,7.254865878960118,101877.69316914523,1136,0.0009621562379793997,45f279043ebae1372d7e03f6d3ae4cc8b2b4313467ea06db347ff21eea024616,38933555632925184,1012.8923185659805
142702,1427,S,72,720000,53215848,739109,0.2150359010092114,7.2865209330338985,101435.10281418436,1152,0.0009610984055645717,43b0eb370544cfd03c80ac2d3a49bb24ccdb038053b2c46f2d3aa3771204cfd8,39481915571417088,1021.0018128239899
142702,1427,S,73,730000,53954957,739109,0.21551520492398787,6.278610705048777,117718.558248191,1168,0.0009600266589961468,99c64890011aef09a909b6670a4fa1e1277a7bc40b9348cd8320f49cb137d564,40030275509908992,1027.386503171001
142702,1427,S,74,740000,54694066,739109,0.21450491388849482,6.6180735059897415,111680.3854371009,1184,0.0009589410345487643,312187c752e89ce311d553147a1cbe9b0fab0472d4ef3796b92beabebefb949d,40578635448400896,1034.104946648993
142702,1427,S,75,750000,55433175,739109,0.21074532176745867,6.394902724015992,115577.83314268154,1200,0.0009578415689667777,b4e4ba848622ec1c6603baa5f272a97d09b8ce03d0b85345f9dd1da01c8cabda,41126995386892800,1040.61988342501
142702,1427,S,76,760000,56172284,739109,0.2131388385302571,6.399905612983275,115487.48445611357,1216,0.0009567282994630126,dea5504b23ed8cb92cd295141cdd0fd63329383e4ca65fa7c919be60390904a0,41675355325384704,1047.1202137490036
142702,1427,S,77,770000,56911393,739109,0.21410027809063062,6.435860286001116,114842.30035379482,1232,0.0009556012637175046,cffbec5890bcab47c359c88005ca387b56f2c2210bc22568ab0ee3e92528e7f0,42223715263876608,1053.7442012280226
142702,1427,S,78,780000,57650502,739109,0.21326780603723589,6.684264849987812,110574.4635479768,1248,0.0009544604998762266,a73ba77058440d325c91b8c24428124cefffddaa63d47f9eab9988a028e15af2,42772075202368512,1060.8792990410002
142702,1427,S,79,790000,58389611,739109,0.21050462850093696,7.464542146015447,99015.98591609996,1264,0.0009533060465497961,9eb98672bdfa40820c1d821394a78d563aa0ead71fedc9cfec7aac1493a0b6db,43320435140860416,1068.813185548992
142702,1427,S,80,800000,59128720,739109,0.2081490474842356,6.558439980028197,112695.85484516736,1280,0.0009521379428121688,50870e08755e0a00f3b27c766767f5a8008e99fff48169f162ef724136e08baf,43868795079352320,1077.5335696259863
142702,1427,S,81,810000,59867829,739109,0.21063048559022615,6.894121355027892,107208.58568307139,1296,0.0009509562281993163,14efa84344743e88531f0b0b587c5b5b22cd932c33fb993eb2d5e803e66755fb,44417155017844224,1135.9540267529665
142702,1427,S,82,820000,60606938,739109,0.20758917897903756,11.407711371954065,64790.29630931095,1312,0.0009497609427078874,337b41636f461b81728052c1b2eabe44e1ae227b79fc4cc39367356654dd496a,44965514956336128,1149.464838244021
142702,1427,S,83,830000,61346047,739109,0.21087941808059887,7.3419439980061725,100669.38677286525,1328,0.0009485521267938548,1074e4bd751aa6dcb5345433d1955079c7562f8620e9136b4b99adb2a605155c,45513874894828032,1158.3852797530126
142702,1427,S,84,840000,62085156,739109,0.21139045347140212,9.738386123033706,75896.45662660914,1344,0.0009473298213711462,f4586c4dd7a2fe1e6e5d39b0350016a7261464864dba31abd076d3eece8bf707,46062234833319936,1170.381227697013
142702,1427,S,85,850000,62824265,739109,0.2083956410617276,6.937795516976621,106533.69621393681,1360,0.0009460940678102585,9ec7363711ac1a84a2fe73c119dde69e5b87bdcd7adbaebfd0bcb34f8909367f,46610594771811840,1178.7385577859823
142702,1427,S,86,860000,63563374,739109,0.2077571267895234,6.524088979000226,113289.22741229438,1376,0.0009448449079368583,57c2f3cd3e4aadcd55f1726d090e79daa2e53ae267f8c1f60d96e07ed2d682b1,47158954710303744,1185.363036328985
142702,1427,S,87,870000,64302483,739109,0.20675771864404344,7.177087996038608,102981.73861153034,1392,0.000943582384030366,14941de81155e0bd6ab8cf8b72aa09249f1b269cb3ead7f4a0452ffbd5faff7f,47707314648795648,1193.0439197159722
142702,1427,S,88,880000,65041592,739109,0.20745787803096857,7.837179134017788,94308.03958427453,1408,0.0009423065388225252,c868b4a35f5e2fb40731993abb47a6320d65107eadca0ab693bb2d8785e6594f,48255674587287552,1202.2282336939825
142702,1427,S,89,890000,65780701,739109,0.20504365774217612,6.51779276097659,113398.6653311843,1424,0.0009410174154959556,7d01a379fb10a65c5dd5b8baa3bed11519b9d344853024b68ed87c7d2c65f9d0,48804034525779456,1208.8453249059967
142702,1427,S,90,900000,66519810,739109,0.2034343128306383,6.453487825987395,114528.61149341597,1440,0.0009397150576826922,98468723a5c46a5032b50fb56250c34ea15e5a43060e492eb3bad0f14e5306bd,49352394464271360,1215.4020086620003
142702,1427,S,91,910000,67258919,739109,0.2023690358106935,6.8303748780163005,108209.14125501915,1456,0.0009383995094627078,14474609d095997838662a8337b8c3851a045ce698660bd9b5b7dd9e8c6b808d,49900754402763264,1254.081166316988
142702,1427,S,92,920000,67998028,739109,0.2035330874425062,9.162547587999143,80666.32046397937,1472,0.0009370708153624222,ea730c12b6a68fbd46a146fa28caaf3d0bce10e86440f34b24fedf9c4b54f315,50449114341255168,1264.131113313022
142702,1427,S,93,930000,68737137,739109,0.20500106797537362,6.613925549027044,111750.42635741919,1488,0.0009357290203531935,ac763bd8bf81c7b056e07bdc2febbce0dab0aae00e83060e2c8ffafea43a360b,50997474279747072,1271.5180698750191
142702,1427,S,94,940000,69476246,739109,0.2039132534531577,7.143038954993244,103472.62623891137,1504,0.0009343741698497976,707e53796c261ff752fd783eb35bda586a217dfd45e235b0cb1953d0fc94c024,51545834218238976,1279.4568274979829
142702,1427,S,95,950000,70215355,739109,0.204576240631095,9.4152090959833,78501.60229742719,1520,0.0009330063097088902,dbb145e3dd3c2ffa5b92036258280c9697a9102916866aa695156a4fd0613fa7,52094194156730880,1289.9738950509927
142702,1427,S,96,960000,70954464,739109,0.2037682104401423,7.985996111994609,92550.63358845007,1536,0.0009316254862274545,3514021baa445d819b208935ecebb2a657ae29210cf408e35935333695cc20f6,52642554095222784,1299.5277067340212
142702,1427,S,97,970000,71693573,739109,0.20353669203442518,8.6753953419975,85196.00212591821,1552,0.000930231746141235,73b91f37004a5bed943cf6a9edeb9dbd987403ea4cf4d3cb83e9860dcc9008e3,53190914033714688,1311.1448788609705
142702,1427,S,98,980000,72432682,739109,0.20356031184515683,6.408839832991362,115326.48954577115,1568,0.0009288251366231554,c5ad82a81b69a5cfefd5c027867759be2a4a1bf1e6a916e9ee49cb1fd686454d,53739273972206592,1319.4656449829927
142702,1427,S,99,990000,73171791,739109,0.20403976762383993,6.403602399979718,115420.81375982071,1584,0.0009274057052817213,f69479e28c088cabafe9d72581f58de1418deff8e8a9dcd8cb40fa6d1dfb6093,54287633910698496,1326.0616986859823
142702,1427,S,100,1000000,73910900,739109,0.20184252197738245,6.36182515101973,116178.76669897616,1600,0.00092597350015941,bef71f2a465c0b654fd0c389c8635c034f809a2553a11253e088fa247bf57eb8,54835993849190400,1332.564547795977
142702,1427,S,101,1010000,74650009,739109,0.2037971578152184,6.508285145973787,113564.32353877951,1616,0.0009245285697310435,8c789737f19156de889e993205ffb6907921ebf2b867a37fc33691764f8849fe,55384353787682304,1362.7372933169827
142702,1427,S,102,1020000,75389118,739109,0.2027954237463548,7.8787188300048,93810.81060860115,1632,0.0009230709629021482,4f3f18c5c746f301cd60b9d7b4745f96126e488663fc0811a907926e203025bd,55932713726174208,1372.9183750369702
142702,1427,S,103,1030000,76128227,739109,0.20146810580695856,6.241198893985711,118424.20223336214,1648,0.0009216007290072995,229c13d99da76912d4ccbd156549d0cec91a687eb7ddc3eb0d95784f3ed89aba,56481073664666112,1379.3767526269658
142702,1427,S,104,1040000,76867336,739109,0.19906752946674347,6.805841908964794,108599.20196301218,1664,0.000920117917808452,8a63b83d27790bf92fdc0e30c8bdf731f4700b698f61cc46a56ce0f5f1b840c1,57029433603158016,1386.3190348360222
142702,1427,S,105,1050000,77606445,739109,0.19964042166613824,7.199586482020095,102659.9238506011,1680,0.0009186225794932556,7ea10aaa764495fa71d03882e1f302e96982fad1d0b074e96c24a60a925c4986,57577793541649920,1394.224407917005
142702,1427,S,106,1060000,78345554,739109,0.19846094150499916,6.8398722559795715,108058.88945569914,1696,0.0009171147646733562,e43c6ad6e8ad4298e5341c7e85790ca0d029914190ad5885c540ed441de04c61,58126153480141824,1401.9816713049659
142702,1427,S,107,1070000,79084663,739109,0.19873703272264484,10.72301898902515,68927.32361627514,1712,0.0009155945243826833,896b7a6cc131fe9287fe6840b82c38e513ed1ae001b0b0250cee4b70c3316bb4,58674513418633728,1413.5729144479847
142702,1427,S,108,1080000,79823772,739109,0.1994740850983906,8.810414573003072,83890.37699369817,1728,0.0009140619100757221,cfaae089b48e32422c3324a35728dba7c7e35726643ad2fed716dfef72504ae8,59222873357125632,1424.561809531995
142702,1427,S,109,1090000,80562881,739109,0.19840852208493548,9.48892870999407,77891.7222996464,1744,0.0009125169736257728,af7d06d874d55db7a83e4f169484bef5199433c2b9919fd2e6dcde8638290ca1,59771233295617536,1436.2677907029865
142702,1427,S,110,1100000,81301990,739109,0.1965251718022353,6.337251349003054,116629.27021448709,1760,0.0009109597673231938,1132fe22d39f789a4915df49c826ba808922a24167c384741523d067b467a7b9,60319593234109440,1444.239282326016
142702,1427,S,111,1110000,82041099,739109,0.1977382135246294,6.513527964008972,113472.91423081422,1776,0.0009093903438736328,81222e1a255b5f8c7928f705e250e29e7a00a328b32c13100acb8426f4976ed2,60867953172601344,1473.6722064809874
142702,1427,S,112,1120000,82780208,739109,0.19615010528769344,7.712981669988949,95826.62472489176,1792,0.0009078087563962422,0c0b3b731d431a1133ea9be52f447c4271c3136ff3acb7e74abd4a2f46e623e9,61416313111093248,1482.8106042409781
142702,1427,S,113,1130000,83519317,739109,0.19848144372315193,6.220290775992908,118822.25873629203,1808,0.000906215058421882,cde78539cebb310e154c09ad8970398aae50f506585d9ed145a5b282b79121ef,61964673049585152,1489.1371011330048
142702,1427,S,114,1140000,84258426,739109,0.19672981983302437,6.437165642040782,114819.0121398957,1824,0.0009046093038913071,81ad3cd5ebeab17dde2423b976c3d7c78e16ddd41a544129adf27ea01661650b,62513032988077056,1495.6990142209688
142702,1427,S,115,1150000,84997535,739109,0.19885842374391305,6.5293589719804,113197.7891201505,1840,0.0009029915471533421,f6ed6fdde7dc8c4b904be00ed472854bd5155f6f73296ec811e85f6cecbeed08,63061392926568960,1502.3198033209774
142702,1427,S,116,1160000,85736644,739109,0.19674364839550706,6.248399385018274,118287.73329889162,1856,0.000901361842963042,de97e2a8accf3896aaad3168184fc2f579f881c05e59bf0a5e23e876c78e46c0,63609752865060864,1508.6602602539933
142702,1427,S,117,1170000,86475753,739109,0.19126585087468104,7.283911780978087,101471.43763193025,1872,0.0008997202464798385,971a06e68bafb415f54e7946321c3682dc76972f4ec04b34a817096b4ae09a66,64158112803552768,1516.5072862259694
142702,1427,S,118,1180000,87214862,739109,0.19041279979494377,7.022876073955558,105243.06455313897,1888,0.0008980668132656732,28f07b6b23ba8618f06b90851d3098668f6db951eef5be478b050ee0c10cb8ca,64706472742044672,1525.1319625140168
142702,1427,S,119,1190000,87953971,739109,0.19377546815526284,7.656652153993491,96531.61527189163,1904,0.0008964015992831172,7f57a609892278ee158200b8642b1c9b3157add2259bbf2a6a2092d36e45455b,65254832680536576,1533.7232576910174
142702,1427,S,120,1200000,88693080,739109,0.19579264144786082,7.234784645028412,102160.47004355544,1920,0.0008947246608934763,869800973472c00c8133fdf38459e2745a03358dc48cc233ec7ad60339a140a5,65803192619028480,1542.1848669030005
142702,1427,S,121,1210000,89432189,739109,0.19473724220339836,6.715657069988083,110057.58517703935,1936,0.0008930360548548846,7b6c24e463c3d5c31a68657c4931e91ecb258189589bd2427d12fd151a1ab4bf,66351552557520384,1593.3075831349706
142702,1427,S,122,1220000,90171298,739109,0.19720917683032851,6.472174125025049,114197.9473546904,1952,0.0008913358383203827,e3561d376ae7ac5112de8923a5ed4743fd4468614e9c1f9869f7b11b9183d433,66899912496012288,1601.2439081369666
142702,1427,S,123,1230000,90910407,739109,0.19546034409489357,6.401198708976153,115464.15501265037,1968,0.0008896240688359829,893068324838cb4ddfcc04dcc73dbaa45f02eb49109f70760b8cd8cea1546bc9,67448272434504192,1607.748485738004
142702,1427,S,124,1240000,91649516,739109,0.19234217230805375,6.4227195649873465,115077.26478190959,1984,0.0008879008043387224,233aaadae5e86e4083a9dee6d060fffd0297a0f27631977da58fa00affdd40ea,67996632372996096,1614.3404732829658
142702,1427,S,125,1250000,92388625,739109,0.19213456160015824,6.463865314959548,114344.74018037695,2000,0.0008861661031547014,6456a7429915eb0e857eae46b3ebecf85ce4ceddd5fb2dc0ccd2e56df036d20f,68544992311488000,1620.9606931909802
142702,1427,S,126,1260000,93127734,739109,0.18860535252911256,6.562110507977195,112632.81822235484,2016,0.00088442002399711,cba23171335f8a3913cc7a6a25af81ec7cde423c216cd76bd5de5a2ed4a6cd46,69093352249979904,1627.6553774140193
142702,1427,S,127,1270000,93866843,739109,0.18673285110612392,7.1908803500118665,102784.21612157409,2032,0.00088266262596424,f7eaaf3a440443d563b8afadb63547eb69fc3159b9e373c3575ea4902b9f1a62,69641712188471808,1635.34476510901
142702,1427,S,128,1280000,94605952,739109,0.18350615591488306,6.3570352449896745,116266.30520611507,2048,0.0008808939685374851,e2016e4d1b44db7f7c8d6dffdac6dd5a37f88a3c00b084a6dd2ad9f39e3df62c,70190072126963712,1643.395524802967
142702,1427,S,129,1290000,95345061,739109,0.1840775728065791,6.553491532977205,112780.94986173394,2064,0.000879114111579328,5a285cf8e423e793759ffa753a94223a18fdf219f68b29671c46d9bb0fbbee35,70738432065455616,1650.1311794539797
142702,1427,S,130,1300000,96084170,739109,0.18433514769097278,6.88509176595835,107349.18649223288,2080,0.0008773231153313136,e6c9a03c06436cd5a64f0e81c66b85cd389876fbc463ea8d02980a142654096c,71286792003947520,1657.1115773880156
142702,1427,S,131,1310000,96823279,739109,0.1831530416063213,6.3224279480054975,116902.71618408285,2096,0.0008755210404120105,2d997bf9a6c8c6d84f2eb0b82e40ae9a8a81c1d5f8e303ba8062c9b0024fe6e6,71835151942439424,1730.5977044199826
142702,1427,S,132,1320000,97562388,739109,0.1778928261409373,6.883858735964168,107368.4147727472,2112,0.0008737079478149592,34f3724b115df3b5fdd5a19c636c59d986bfe7222064bfb37e73dea3d543941b,72383511880931328,1737.980279781972
142702,1427,S,133,1330000,98301497,739109,0.17631052935087912,7.112199725001119,103921.29419564124,2128,0.0008718838989066071,03f9ddb0c3553b60f18f320db520df39b7fc256c60f40cfdb6e3c3e7f1ef8869,72931871819423232,1745.5711277169758
142702,1427,S,134,1340000,99040606,739109,0.17424941059435364,7.633168987988029,96828.59126571183,2144,0.0008700489554242331,f8b1b99c6bae3a52722d77e16ac799e6113af070b892c8047fdee7a16f4e0393,73480231757915136,1754.6245530419983
142702,1427,S,135,1350000,99779715,739109,0.17356862698280176,6.453227931982838,114533.22396019867,2160,0.0008682031794738562,a4f80253b75946a84d410657bcbbe9327b77b987a19b78605ed4ecf58abb5eb8,74028591696407040,1761.1810130079975
142702,1427,S,136,1360000,100518824,739109,0.17755111841255364,6.370403420005459,116022.32249199794,2176,0.0008663466335281344,c5a29e52a8528889abde14e5a8f819fa2d188d840be0c35a1dd44bded3887829,74576951634898944,1767.7127234039945
142702,1427,S,137,1370000,101257933,739109,0.17931102398571575,6.484145382011775,113987.11109260841,2192,0.0008644793804242497,d4b988bd06d5e81a5e589434e73c157ef9f2f4468848498238dad831368079b0,75125311573390848,1774.2947271550074
142702,1427,S,138,1380000,101997042,739109,0.18364506969368644,6.322730489016976,116897.12241948061,2208,0.0008626014833617823,1ae03ad748e082fb49a9e3b31fd875535ade9df4b52fc52a3bbb4caa2b684a21,75673671511882752,1780.7634129700018
142702,1427,S,139,1390000,102736151,739109,0.17925795053110719,6.669759901997168,110814.93349988265,2224,0.0008607130059005702,0546616a84877755c45f344fa6866e7f2e788be1bababb581a63b3de5ece97be,76222031450374656,1787.539504038985
142702,1427,S,140,1400000,103475260,739109,0.1843740572744824,7.260242706979625,101802.24406127064,2240,0.0008588140119585591,d2b74f4a8f629fe23e7221514019a7b050630448ad56188fac2ee7353b833f8d,76770391388866560,1794.90885750897
142702,1427,S,141,1410000,104214369,739109,0.17937039128371002,6.49284663295839,113834.3536790478,2256,0.0008569045658096379,190f530c7a01467c5511fae98a77d62088970663646d52b91aab58845d1e3160,77318751327358464,1866.7348045759718
142702,1427,S,142,1420000,104953478,739109,0.17695997233624008,7.715117045969237,95800.10200702626,2272,0.0008549847320814643,03505ef5e64c74fa3b4908d01012b00ce8cd20b896fcca799bc46ef30e460e68,77867111265850368,1875.4428109719884
142702,1427,S,143,1430000,105692587,739109,0.18352401872346133,6.42321867501596,115068.32281374314,2288,0.0008530545757532773,be92a4e23d62208e55fa18f87797b2acd4d7b53edb67d9f1b71f5dd5ac570def,78415471204342272,1881.976243194018
142702,1427,S,144,1440000,106431696,739109,0.1876725299907474,6.3009470899705775,117301.25478699287,2304,0.0008511141621536965,22082868c3857d0f75e5ee33bb61116680b0ce6d23483bd464bb7c311aa4bf4a,78963831142834176,1888.4747837220202
142702,1427,S,145,1450000,107170805,739109,0.18763488894496178,6.592010207998101,112121.94409274995,2320,0.0008491635569585131,db38d623e330cc52fdfd9811189e34ab14590f976a316b373e3d2d7f60db34e3,79512191081326080,1895.211918340996
142702,1427,S,146,1460000,107909914,739109,0.18376524892534696,6.359239051002078,116226.01290378171,2336,0.0008472028261884652,8b36d30a797ecd3451cd60b08fd3730944208ae7063fe7139a1114e8e1b896c5,80060551019817984,1901.709029375983
142702,1427,S,147,1470000,108649023,739109,0.18283406755810902,6.485902981949039,113956.2219874425,2352,0.0008452320362070047,18be35ba5e2b4c56f1298118d2ce2f57cc4b9fb785217badc6f8a389dca29923,80608910958309888,1908.3975294679985
142702,1427,S,148,1480000,109388132,739109,0.1807134043751128,6.321000911993906,116929.10826789524,2368,0.0008432512537180497,fb94e0551dace843f9a0135505583f4a7ecc37f24b28e284ac2b9f4f2b9fb9c5,81157270896801792,1914.8792144769686
142702,1427,S,149,1490000,110127241,739109,0.17895356394921155,6.432894263009075,114895.25084378918,2384,0.0008412605457637279,52eb5f519fadc44a8cd47caa22f653161c80a342d3191503901c6fb4c2a5c1ff,81705630835293696,1921.4111924309982
142702,1427,S,150,1500000,110866350,739109,0.18264102494047832,8.361763909982983,88391.51738278438,2400,0.0008392599797221072,4ff58c599f87b189dc346887243c51363fd3a949aee0ed618b9393c3a436c86e,82253990773785600,1930.3025969279697
142702,1427,S,151,1510000,111605459,739109,0.18234029305402288,6.634829633985646,111398.33888334608,2416,0.0008372496233049151,62a9809656948a63fc9159135f06906691b884b181b71212f0e728fc058316ff,82802350712277504,2001.953878293978
142702,1427,S,152,1520000,112344568,739109,0.18026139535335087,6.56050054600928,112660.45857577077,2432,0.0008352295445552468,9bbd9411ef3b0eaec70df9ffa7e4e6c34e25ad0ca47b4127577a1e1e0ed1d65c,83350710650769408,2008.6047775869956
142702,1427,S,153,1530000,113083677,739109,0.18076539634763922,6.378296137030702,115878.75258863076,2448,0.0008331998118452622,d354ea9e24d1da5c8110ede9e9eeb0744fe889a598e8a6987d0f6fdcbba05bac,83899070589261312,2015.0932736709947
142702,1427,S,154,1540000,113822786,739109,0.17964095222923193,6.586187467968557,112221.06925965937,2464,0.0008311604938738723,291c3504029bb4d09cd64c8c3c6a09b8912bbb736c0fab7ddcccda0b53d22464,84447430527753216,2021.7895168079995
142702,1427,S,155,1550000,114561895,739109,0.17879679769042053,6.4629413659567945,114361.0870266003,2480,0.0008291116596644133,1f73b83190b2c97d88e787451a505f507ff9681a361b93827fd68f01dce9dde5,84995790466245120,2028.3534013960161
142702,1427,S,156,1560000,115301004,739109,0.17681068261036728,6.36815574899083,116063.2731253672,2496,0.0008270533785623109,d4efe74cef06806169b409d9dbdb24a36e64b7bfa0d9204edcfb797a53caa776,85544150404737024,2034.8134886579937
142702,1427,S,157,1570000,116040113,739109,0.18066235130632424,6.396148102998268,115555.3292541075,2512,0.0008249857202327326,c64f9375f05f34606d7ab6ccb58ffb00ce4922b9d79a308e7d2bb6d74793e495,86092510343228928,2041.3038198680151
142702,1427,S,158,1580000,116779222,739109,0.17895277718992034,6.360099352954421,116210.29153525186,2528,0.0008229087546582308,27a0fc3cc867e107c0ba9bac13158ad571a895ec08abd0b9596c7a30a00d1032,86640870281720832,2047.7721142999944
142702,1427,S,159,1590000,117518331,739109,0.177277219283643,7.074045909976121,104481.79293799563,2544,0.000820822552136373,e9c0adb6c2265ee255c9c8efa66ef837f259e760267dd9a9adefdf0fd4cef9c7,87189230220212736,2055.339955051022
142702,1427,S,160,1600000,118257440,739109,0.18097466473360482,8.418541499995627,87795.37405622863,2560,0.0008187271832773637,eb396d0fc566e1b0134baf493d5754aec8dac5352cec69e67dae066fbc5240fe,87737590158704640,2064.3543286370113
142702,1427,S,161,1610000,118996549,739109,0.18344888894224143,6.192233213048894,119360.65302619344,2576,0.000816622719001653,153b13f47e6d0ff7e3cb355a912cc43fc83b613e2fa165d2e46c4a012f44ee0b,88285950097196544,2141.5827118880115
142702,1427,S,162,1620000,119735658,739109,0.1889438570446256,6.29016275703907,117502.36497026926,2592,0.0008145092305375376,241c9422eac938cc84b41a9fa39bf362a37abb1ef9ebfe17f31e2ff05f90a54c,88834310035688448,2148.028746641008
142702,1427,S,163,1630000,120474767,739109,0.1923677202249205,6.244623666978441,118359.25420268431,2608,0.0008123867894187496,5bcee464f352ebe367ffc8f65e92720f8b19fe283b42404450a849d42b0af9bc,89382669974180352,2154.3951041050022
142702,1427,S,164,1640000,121213876,739109,0.18735883846771567,6.5788732670480385,112345.83339703709,2624,0.0008102554674820348,f593366ee7b3bbcb8e7a5c396f26c204aa2289c9a055a085aa4d80391bdd52b8,89931029912672256,2161.050582830969
142702,1427,S,165,1650000,121952985,739109,0.1815833088762418,6.8361586119863205,108117.59087977682,2640,0.000808115336864722,0b217d892147ab067966659b0a11c812f0fe9ed773be8492acd5dedbdef16220,90479389851164160,2168.3884329239954
142702,1427,S,166,1660000,122692094,739109,0.18232916420316808,6.851242180040572,107879.56119157696,2656,0.0008059664700022808,452e7f9c18e4bbe541609e517f4624bab1c0ea92d2d1947d1a49365e18f3c645,91027749789656064,2175.681676997978
142702,1427,S,167,1670000,123431203,739109,0.17876236577372467,6.529799954034388,113190.14444590252,2672,0.0008038089396258704,5279508b2327822d267736ce054b38fbdd6db81d391628c1e4a9c9ccddccfd7c,91576109728147968,2183.9885509749874
142702,1427,S,168,1680000,124170312,739109,0.17730090820246153,6.57875830802368,112347.79655889733,2688,0.0008016428187598779,678ab71f3c275fa685e1bdf73061504d27c3084d261eb499c862652516f77ce9,92124469666639872,2190.686491010012
142702,1427,S,169,1690000,124909421,739109,0.17690585571827258,6.9696508049964905,106046.77632775207,2704,0.0007994681807194464,fca804c4fa35d529c69bff3015ffd8b954ba4d0962a58b596c8ea9309b59aee8,92672829605131776,2198.146733101981
142702,1427,S,170,1700000,125648530,739109,0.17372059509879675,9.159331888018642,80694.64116338348,2720,0.0007972850991079935,bc91b21a64045aaa56719302d8e5d344954eb9dab87e4e67a30f2c10e919cf34,93221189543623680,2207.78171048098
142702,1427,S,171,1710000,126387639,739109,0.178280892300551,6.675390766002238,110721.45824994723,2736,0.0007950936478147208,f36bdb2da981b09ee992ad34f76faeb839b50b70646f134754082a5e6d475cfd,93769549482115584,2257.617259357008
142702,1427,S,172,1720000,127126748,739109,0.1778440773115121,8.455033370002639,87416.4497827132,2752,0.0007928939010121123,f8d283b8c0a10b5b907c263ea0389c966d8881e00c47adc1cbecec4465d49658,94317909420607488,2266.7071494549746
142702,1427,S,173,1730000,127865857,739109,0.17816884426579954,7.580605786002707,97499.99153955955,2768,0.0007906859331534237,c46d9e1b3dca337815610b551aa893c7dc9a94ba753cbefdf48c3fac7c1f021b,94866269359099392,2275.593660092971
142702,1427,S,174,1740000,128604966,739109,0.17584007902388085,7.958176071988419,92874.17032673508,2784,0.0007884698189701639,dc78a7e7f284d32d609e7ea7259d16e1e9ca73797661628dbe6e3651d26d3ad8,95414629297591296,2286.231022423017
142702,1427,S,175,1750000,129344075,739109,0.17340841565081977,6.927136470039841,106697.62364242105,2800,0.0007862456334695638,2c2d80b951d9a9f8083ba617e683253cbc0d38e5b7948909c78c0db82b272108,95962989236083200,2293.658588212973
142702,1427,S,176,1760000,130083184,739109,0.1766499218665002,7.411971952999011,99718.2672420858,2816,0.0007840134519320385,2638ee288909e2b7c6997fdb242ddc24f4cb98c3dd42adce8be3e85e5805292a,96511349174575104,2301.5636953079957
142702,1427,S,177,1770000,130822293,739109,0.17761069613230096,8.78172489599092,84164.4447706876,2832,0.0007817733499086396,49864c64d48be2e31f552fbc947cb241c047817b50bc982d4ebe61cfa2106188,97059709113067008,2311.7242361379904
142702,1427,S,178,1780000,131561402,739109,0.17301121541110284,6.5928589690010995,112107.50957592292,2848,0.0007795254032184976,debb7ca3acef8e551e0328b543165d0300710f2dfe01560c2982a1f2c7b1f5cc,97608069051558912,2318.418626651983
142702,1427,S,179,1790000,132300511,739109,0.17215531873795648,7.081022407975979,104378.85342199686,2864,0.0007772696879462557,19fb89acf6be57e49656868334454520013d7fac936fda60d12cda568129eba5,98156428990050816,2326.026403467986
142702,1427,S,180,1800000,133039620,739109,0.1718317158489325,7.9134499919600785,93399.0864605098,2880,0.0007750062804394945,b6656dbfac8f8d18d07b4511ea0b722739bc10d916beaaba48544bfff5830b7a,98704788928542720,2335.1216016989783
142702,1427,S,181,1810000,133778729,739109,0.17033095511708773,8.41712841700064,87810.1133050521,2896,0.0007727352573061487,d3f774d399954d2b710e16ccaf0cd75579854043b140167adff75502f69aa14f,99253148867034624,2412.2398276050226
142702,1427,S,182,1820000,134517838,739109,0.17264369306077432,8.479269319970626,87166.5909065099,2912,0.0007704566954119134,81a2821dfb025ccce0b779b94ee06c0b095e6d8eb34a7f775a758f9a30bb223b,99801508805526528,2422.5287478539976
142702,1427,S,183,1830000,135256947,739109,0.16951497927190726,6.688485256978311,110504.69151126019,2928,0.0007681706718776426,b4812b63714fd58f07327b94d6b5942bbbff1e822cc6d5efb89b2eefe35c507b,100349868744018432,2431.110762548982
142702,1427,S,184,1840000,135996056,739109,0.1737297102268134,7.080041014996823,104393.3217949489,2944,0.0007658772640767394,ac7e9cde9b56b2ed145da9da78f059158227aa3982b222abe479970fd89fb9c5,100898228682510336,2438.736110967002
142702,1427,S,185,1850000,136735165,739109,0.17320452260158647,8.908275294001214,82968.80996680829,2960,0.0007635765496325366,f963f09541a1103646c7c16213666dac63fdb4c9e579b7767c26bd6bb39e7eef,101446588621002240,2449.20066009101
142702,1427,S,186,1860000,137474274,739109,0.1686883458020482,6.316125381970778,117019.36793556508,2976,0.0007612686064156701,3f3be683e3f77c8228f5cae6ca3addfa6e9f2c825b0b5b75a51541aa0d895082,101994948559494144,2456.1652851019753
142702,1427,S,187,1870000,138213383,739109,0.16668170270214355,6.403087818005588,115430.08951425175,2992,0.0007589535125414423,e05b926a22c16cb88dc9ca7eb7d5d90e5702659b75db8c9e4c50d09f8cb32796,102543308497986048,2462.774943283992
142702,1427,S,188,1880000,138952492,739109,0.16983436870338728,6.346989560988732,116450.3254492295,3008,0.0007566313463671793,e0882c4b18170a46da9990d78695ed961608567ff15d8cccd3141db371107141,103091668436477952,2469.2179893249995
142702,1427,S,189,1890000,139691601,739109,0.17025835975034878,6.457094237965066,114464.64504952432,3024,0.0007543021864895782,c121d9d1e3ebdbb98b422551f6d36a1f6a5c1d24d1596e72084e45b9ed801cad,103640028374969856,2475.7954839959857
142702,1427,S,190,1900000,140430710,739109,0.1686719741286865,6.386469246004708,115730.45630218559,3040,0.0007519661117420469,5f32b0b96bb3a3fa13f922c4c7f0871fc21d6efc640be394135eec575eb600bb,104188388313461760,2482.2682973119663
142702,1427,S,191,1910000,141169819,739109,0.1719772004302955,8.115000569960102,91079.35281434415,3056,0.0007496232011920358,4f43f970495d5d3634e3427a2281f683b70ba4b62d61f70f94eb508291ebf7f7,104736748251953664,2545.8110807709745
142702,1427,S,192,1920000,141908928,739109,0.17099158100101788,9.338426024012733,79147.06376636305,3072,0.000747273534138362,ca994286fd71f7548b36a27becaee640a15eb44347c12e15ac0348acb56ae1d3,105285108190445568,2558.011399753974
142702,1427,S,193,1930000,142648037,739109,0.16979161388263977,7.5505501520237885,97888.09889593213,3088,0.0007449171901085253,ec8fe9e71aadcc0d46f24e77610c08f41ec020cb150c4752c4fee300e858a231,105833468128937472,2566.912687858974
142702,1427,S,194,1940000,143387146,739109,0.16773714352717406,6.543271389964502,112957.10600259998,3104,0.0007425542488560157,6da544204ce09b80e4b110fad2edc6aaf6ebb583af6c4a87765727c2b3385560,106381828067429376,2574.435660595016
142702,1427,S,195,1950000,144126255,739109,0.1683454482692418,6.336868889979087,116636.3093244366,3120,0.0007401847903576157,c92872e7f1fc63308a62aad0ec3afb57fe4080d9645c305c480d0db6dd5fa0cb,106930188005921280,2580.8684751389665
142702,1427,S,196,1960000,144865364,739109,0.169426466379073,6.369955752044916,116030.47631260662,3136,0.0007378088948106913,24f5905bdec03c4f2d6d11d9cc35838739c3d34a1f5092e423326469629d272e,107478547944413184,2587.3306001059827
142702,1427,S,197,1970000,145604473,739109,0.16850149101068912,6.6568750709993765,111029.42328299393,3152,0.0007354266426304794,38e44e3fbc99464390c4c43b8e35f7e2580c43824d9b18d1184ad851a93d3e1e,108026907882905088,2594.088300908974
142702,1427,S,198,1980000,146343582,739109,0.1685357135402127,6.3884876139927655,115693.89261726398,3168,0.0007330381144473651,56f0f2053a331dff1376f0c9a56fe0d2d4a61cfaaddc902e4734c8760b20d3ef,108575267821396992,2600.58348943101
142702,1427,S,199,1990000,147082691,739109,0.1676393080981123,6.549869037000462,112843.32493134517,3184,0.0007306433911041524,fb77b18e0891506bd68cac844ceeec32dda8511f73800fe94e07bcd8975b403a,109123627759888896,2607.231519553985
142702,1427,S,200,2000000,147821800,739109,0.1666695879629936,6.336678603955079,116639.81183118241,3200,0.0007282425536533295,cde14a6be91e0a3ff8ccedf44edc4123d79165469804f49b6552d44cdc6359bc,109671987698380800,2613.6643873620196
142702,1427,S,201,2010000,148560909,739109,0.16643671285569117,7.125189508951735,103731.83745799605,3216,0.0007258356833543235,42dedd27e06bcfcde83029c1158f4851126004e016c1ca2a8a52b1d2c6e634ae,110220347636872704,2658.414931765001
142702,1427,S,202,2020000,149300018,739109,0.16939316710645208,8.138955798989628,90811.28074092173,3232,0.0007234228616707514,0aad27316bd2c1c60d08ef6a1ab983fcbeb109fb6d38c6ba368b4f40a83f32a2,110768707575364608,2667.715777210018
142702,1427,S,203,2030000,150039127,739109,0.17119907911315083,7.549910896981601,97896.38713424954,3248,0.0007210041702676624,744130b5df3063c9a122975651cf6ef3686e88d91385e22e6fba26bd9c4df91a,111317067513856512,2678.447175055975
142702,1427,S,204,2040000,150778236,739109,0.16871358056767854,9.219589004002046,80167.23952436134,3264,0.0007185796910087739,0ea0d3b965a0d3338f539a90eb32f84f4349f674cb2e3880cc58b42b967daac0,111865427452348416,2689.9176218509674
142702,1427,S,205,2050000,151517345,739109,0.19300411192449438,8.461032002000138,87354.47399623107,3280,0.0007161495059537005,e52c2cb1f27a85de4089416239a59630fc041bfde3b3731bcfbc007e0d901f05,112413787390840320,2700.590515762975
142702,1427,S,206,2060000,152256454,739109,0.18141162439819353,6.358404747967143,116241.2632250726,3296,0.0007137136973551772,7c99fc41ebbf3f8d9b160b368c49d0c20ceca9c30108ca71e6faeb1d7e0b28f9,112962147329332224,2707.0501011949964
142702,1427,S,207,2070000,152995563,739109,0.18203421462281028,6.4832169390283525,114003.43486126984,3312,0.0007112723476562749,3db98b48e6e71f9f9210516bca7a5e8876d437770e1cf61874f796c305b63791,113510507267824128,2713.6448461789987
142702,1427,S,208,2080000,153734672,739109,0.18385720843326372,6.376771909010131,115906.45087299857,3328,0.0007088255394876097,83a50e4e03080641fbe30d6eb370769dc89d95b849760ce3f90cd9dc8689a6e2,114058867206316032,2720.1610631719814
142702,1427,S,209,2090000,154473781,739109,0.17835409757116502,6.490703973977361,113871.93176013698,3344,0.0007063733556645476,0f10e322a66e4735ec9639458fc9adf79fb18c1d2ca7da078fbb4b168a7d9175,114607227144807936,2726.778822206019
142702,1427,S,210,2100000,155212890,739109,0.17669692013398616,6.528916133043822,113205.46702373135,3360,0.0007039158791843994,ab57b8991182718675fe0a435f40db42fece3aac869c15dd445ca38f80340adf,115155587083299840,2733.4042529650033
142702,1427,S,211,2110000,155951999,739109,0.17534160239779528,6.613038373994641,111765.41828435472,3376,0.0007014531932236135,9a8d512ebb74b978e38a6b9ee0265a5c813bd67fe923f577a1a29ecc1befc1a1,115703947021791744,2759.327241921972
142702,1427,S,212,2120000,156691108,739109,0.17467377369736842,7.501171159034129,98532.48037272751,3392,0.0006989853811349595,98c4bcf442d7f36d3783fae5b9f93778bf5efaa209bbd613a23df0987bb2b2aa,116252306960283648,2767.3427566890023
142702,1427,S,213,2130000,157430217,739109,0.23489513699576245,6.4053271430311725,115389.73474666804,3408,0.0006965125264447076,c49cf38ae982e68a6693754c97560dd6a6121f00e5201e4e8a721d49f8623bb3,116800666898775552,2774.913538404973
142702,1427,S,214,2140000,158169326,739109,0.19569119922763983,7.81554496800527,94569.09313754992,3424,0.0006940347128498012,605c64613c5d108fb3632c3e4b3ecaef71830c064918925b6b1340ecfb8dc332,117349026837267456,2783.499573916022
142702,1427,S,215,2150000,158908435,739109,0.18182537763522824,7.433282533020247,99432.3835689977,3440,0.0006915520242150242,5b52481cf2dcbcbaba1a1945c2febf39a89c1c08c9a0b75dee714251280fd939,117897386775759360,2791.942283173965
142702,1427,S,216,2160000,159647544,739109,0.17542937228939295,7.000934238021728,105572.90996763483,3456,0.0006890645445701622,2ff2befa95d0d18da70feb0b0375a82ad54dd1887101039b36ea3cf1d931de95,118445746714251264,2799.8433675629785
142702,1427,S,217,2170000,160386653,739109,0.17413277923572926,8.46678310399875,87295.13806145909,3472,0.0006865723581071594,f2fd38f98a5901f7550d1703c8a6fd32183920f3ff96ff8cb6a0413c6d6873cd,118994106652743168,2809.225966761005
142702,1427,S,218,2180000,161125762,739109,0.17664961138655322,7.284965388011187,101456.76206181379,3488,0.0006840755491772676,36765a3ea3810eea575bf5e482f0f274f67a9ce021c6c865210d486cec94cb13,119542466591235072,2818.504556767002
142702,1427,S,219,2190000,161864871,739109,0.17245592794751455,9.018866374972276,81951.43039828795,3504,0.0006815742022881921,07b7d6d63f3c22784ad6859942b07199d181bb6801ad55cd84c2bb52c7eba0e3,120090826529726976,2829.249606555968
142702,1427,S,220,2200000,162603980,739109,0.17177293859717616,7.481651783979032,98789.54826295233,3520,0.0006790684021012319,2c206076a843d2ffe4bd2c112e74591c3e636fbb4899e91f2f2aee609d45487d,120639186468218880,2838.3324235900072
142702,1427,S,221,2210000,163343089,739109,0.169083081059358,6.584171338996384,112255.4323005606,3536,0.0006765582334284125,b094833ca5fba318a4b5b4773026ac898d2bbc2f20c86cdf0379f1439a9093f8,121187546406710784,2869.71157983999
142702,1427,S,222,2220000,164082198,739109,0.16595065602620554,7.108499805035535,103975.38443715344,3552,0.0006740437812296174,ce74c6ff8cd33c95e5a22876eaab58dacaca31cc0beaf4f0ddba5c624e3fc6d6,121735906345202688,2877.322026712005
142702,1427,S,223,2230000,164821307,739109,0.1650548078080471,7.722237703972496,95711.76494862174,3568,0.0006715251306097107,2bf9746c92ed9292ec98b7a9a8d59e805d11c8d3453753839b9f2c707ba351ff,122284266283694592,2886.748352425988
142702,1427,S,224,2240000,165560416,739109,0.16397452729576573,6.577166551956907,112374.9861222676,3584,0.0006690023668156582,47f531aa7d26705d4d978c6d14774fef98ac5a43d396183f307596f32534bdf8,122832626222186496,2893.515884374967
142702,1427,S,225,2250000,166299525,739109,0.16553105585179229,6.4955097700003535,113787.68197895572,3600,0.0006664755752336408,51a46a573e1cdfb2272631ccec1c28232d27e58325d2f47107d531de84ff3f42,123380986160678400,2900.1044120379956
142702,1427,S,226,2260000,167038634,739109,0.1646719353296623,6.3880411960417405,115701.97769826194,3616,0.0006639448413861654,c7d2cc781dd9c9999f9c074e30ee2487508afbf80a4c32e17eb5e84ccfbf8a67,123929346099170304,2906.643380392983
142702,1427,S,227,2270000,167777743,739109,0.16418940517216898,7.094006258004811,104187.81336230092,3632,0.0006614102509291699,911dbd9ccf4a7c9b16b7217f0234e79bf2650b9876ee04007579c28132ed07d0,124477706037662208,2913.8361259190133
142702,1427,S,228,2280000,168516852,739109,0.1662932580666563,7.027934795012698,105167.31039173857,3648,0.0006588718896491239,b7c7e61d0a86762893953a4246ee9896d1fa09289f000f9de7e2eb5f03e3d1c0,125026065976154112,2921.7724214390037
142702,1427,S,229,2290000,169255961,739109,0.1685791736079004,7.7392867199960165,95500.91975405977,3664,0.0006563298434601255,b30e2d1973b753b91bbab0605c8a8b473d13296e9f021a66ed8e0f2459062a52,125574425914646016,2930.4013092899695
142702,1427,S,230,2300000,169995070,739109,0.16589460525977684,8.941154596977867,82663.7088066703,3680,0.0006537841984009934,720d68b7542a074098b7266f9f782d756b8592eb1bf513b979049718005eb49c,126122785853137920,2940.252555618994
142702,1427,S,231,2310000,170734179,739109,0.1629968915734755,6.73156275897054,109797.53535166211,3696,0.0006512350406323542,bfae1e251d3d4c723b9870e432fa0641bad0c15b40383b9cf100dd9a1106bd0d,126671145791629824,2991.6227496250067
142702,1427,S,232,2320000,171473288,739109,0.1639930794598358,6.514024709991645,113464.26102226868,3712,0.0006486824564337272,bbb5867e7db803792f0e447cc1f45a247e3f5042193fa512d6e25a89dc952e24,127219505730121728,2999.7088855030015
142702,1427,S,233,2330000,172212397,739109,0.16394890156108766,6.269850015989505,117883.04315336229,3728,0.0006461265322006036,230e5513b793c29946cb8bffca8d0961603d25431fda0e9729490dbd55327ee0,127767865668613632,3006.1455889170174
142702,1427,S,234,2340000,172951506,739109,0.16359799699169422,6.577729257987812,112365.3727618002,3744,0.0006435673544415221,354f4796df138c89087733f5dfe212da425e37691dd237ee5a9f869074c6b3be,128316225607105536,3012.8230857989984
142702,1427,S,235,2350000,173690615,739109,0.1678663850971013,6.495179300021846,113793.47141310081,3760,0.0006410050097751409,6f612422d34f6319258e1ca4584247b5636533dc957172595342c19a5fb50b3e,128864585545597440,3019.4206667229882
142702,1427,S,236,2360000,174429724,739109,0.16827738645034948,6.341243005997967,116555.8549484544,3776,0.0006384395849273069,5902a571e577f78a9eb9cefe83345f5fa41d18d94f105c0a9d63237aa616e7cf,129412945484089344,3025.8540132530034
142702,1427,S,237,2370000,175168833,739109,0.16647258869784817,6.655844344000798,111046.61734858494,3792,0.0006358711667281195,255aa1ec92859e97a685bf00ff517dd71a57c44b97869e32ce0b7287f8829fb9,129961305422581248,3032.6144001680077
142702,1427,S,238,2380000,175907942,739109,0.16439886095576708,6.624416521983221,111573.4491554473,3808,0.0006332998421089916,5adf8fd58474a5db60361208362f6c4b18c64a36bcac4f1958cbf485f865ae43,130509665361073152,3039.712199347967
142702,1427,S,239,2390000,176647051,739109,0.16178432142350227,9.241063713969197,79980.94406412655,3824,0.0006307256980997079,c042a8d30be50baba974e2b81da89ac3be2b29b0d156ac23f6dd2634158d1d6d,131058025299565056,3049.4242156220134
142702,1427,S,240,2400000,177386160,739109,0.16131172835307608,7.078455409966409,104416.70635649415,3840,0.000628148821825479,2693f00c0d05c56937daa646cbb4acd46474dd189fb0829f69d4eb1682adb8ba,131606385238056960,3057.623759772978
142702,1427,S,241,2410000,178125269,739109,0.16084413657481117,6.310929451021366,117115.71262777815,3856,0.0006255693005039924,b638d231174a034b87cb7b48d1dbe04ea289d63ce4766cdb4c67181bfdf3a0ba,132154745176548864,3124.8006375429686
142702,1427,S,242,2420000,178864378,739109,0.16060438938782384,6.481085967971012,114040.91901459343,3872,0.0006229872214424606,a198ee5965c85aa31a2ed0fb383bb9f84b12ff3427868db716602c205249b827,132703105115040768,3131.3940564270015
142702,1427,S,243,2430000,179603487,739109,0.16028575111805932,6.41331260901643,115246.0584816795,3888,0.0006204026720346659,6227db25f7ada8f1fa2fe3f2be138c0dc7e4a250b9fdc27b6bf3673c5c7c137c,133251465053532672,3137.9308293180075
142702,1427,S,244,2440000,180342596,739109,0.16223039860492158,6.854196673026308,107833.05984035382,3904,0.0006178157397580033,bc2f42d874ab5fb8fc354796b3a088316682a408c0964a3a5d426aa397050b6a,133799824992024576,3144.8921117939753
142702,1427,S,245,2450000,181081705,739109,0.16276699926371496,6.994432725012302,105671.04282194666,3920,0.0006152265121705185,2365e0ea8d6dd2ec3368f00210ceb5a29d430fcbd774e1bb5fc64428ce8ae881,134348184930516480,3152.388007246016
142702,1427,S,246,2460000,181820814,739109,0.16364296258282401,7.671786789025646,96341.18104758623,3936,0.0006126350769079449,0c481059b870b9cb0f733669ac69f52af35c4173d388c76650600256f7f9b03c,134896544869008384,3160.5353223239654
142702,1427,S,247,2470000,182559923,739109,0.16390897208045288,6.450959376001265,114573.50091981963,3952,0.0006100415216807381,ed4107c6412fe49ec4315dc3a4776ebf2587881b0538fb1e490e0f5d30881a8d,135444904807500288,3168.376650133985
142702,1427,S,248,2480000,183299032,739109,0.16150948859918066,6.3038693880080245,117246.87719672962,3968,0.000607445934271106,bbb3c9e8d7d782abe2ab7e96cf3fb35642f559bc88d01e676c447e755925cba9,135993264745992192,3174.776749173994
142702,1427,S,249,2490000,184038141,739109,0.1609624428855536,6.670186150993686,110807.85202522298,3984,0.0006048484025300383,8aea87297b6bbc6a0465fd20aba4aedfa638d16a965ea3f534203563a259a939,136541624684484096,3181.619269056013
142702,1427,S,250,2500000,184777250,739109,0.16226466452413854,6.993755983014125,105681.26794745038,4000,0.0006022490143743337,0e17ca9ce51cf579bcc4f7504bd6f8d0b299285a85467ac4d0ae70c7a99e10ab,137089984622976000,3188.7004624910187
142702,1427,S,251,2510000,185516359,739109,0.16151494722218826,6.593378659046721,112098.67326304317,4016,0.0005996478577836232,4e35f5487640bb0e1e23b03280cd5732e66a2b6c786d161f05e4416a184332b9,137638344561467904,3260.945642911014
142702,1427,S,252,2520000,186255468,739109,0.16119560229727953,7.770273428992368,95120.07611498506,4032,0.0005970450207973925,23189a3ed9d811956717154938410c5e2a0bedd501dd7d72ad60c0ebe768af49,138186704499959808,3269.2172701300005
142702,1427,S,253,2530000,186994577,739109,0.16478233024671685,7.492501139990054,98646.49817070046,4048,0.0005944405915120033,fae6360945d75e2e2a18a21246704ee11e8cc249ec2997bccf5e6ab1927f0a1c,138735064438451712,3278.0031530120177
142702,1427,S,254,2540000,187733686,739109,0.1625899677449696,6.529388912022114,113197.27005985653,4064,0.00059183465807771,792d4c6dcf383da8d316384752d72fe25a79c6d0f1bf4f52019d0bf93c4a20d0,139283424376943616,3284.625909721013
142702,1427,S,255,2550000,188472795,739109,0.16015047832019003,6.378340769966599,115877.9417180419,4080,0.0005892273086956768,f2fb1ce09b753a1a46b6287e02b778af983c3b3594fd700496fca66a26a37f6a,139831784315435520,3291.1042637400096
142702,1427,S,256,2560000,189211904,739109,0.16025850318008636,6.3287302169483155,116786.30225391325,4096,0.0005866186316149927,61f97078403116fd68ed16974f02077b57014c0db975bbe807cd7a3c7b400a36,140380144253927424,3297.600729463971
142702,1427,S,257,2570000,189951013,739109,0.16054599061345315,6.644066198030487,111243.47319403522,4112,0.0005840087151296848,a28503e56e34cb674efc3572c4582ba76545c87f3b441fe31a3f42d512541b1d,140928504192419328,3304.336608261976
142702,1427,S,258,2580000,190690122,739109,0.16059705546226152,6.603828713006806,111921.28568450929,4128,0.0005813976475757286,fa430b7cd55eacd5dd661ece53141f2035ae46e16df09964fe6081f4e35cb045,141476864130911232,3311.083502119989
142702,1427,S,259,2590000,191429231,739109,0.16226839611042856,7.044034564984031,104926.94111328166,4144,0.0005787855173280595,08c22d100d5ba7a5e0f16aa6ffb81920ecc0116f47952939e14ebd18718ae985,142025224069403136,3318.6701142740203
142702,1427,S,260,2600000,192168340,739109,0.16145807192922854,8.129222001007292,90920.01668897922,4160,0.0005761724127975814,9d1c24f1455616c5e1b43699594ac2d1020ee4359803a88e073ea375873a955d,142573584007895040,3328.4861918350216
142702,1427,S,261,2610000,192907449,739109,0.16086852713768185,7.644901966035832,96679.98403166649,4176,0.000573558422428173,c57b04cff397b0f952fe2a47397e83b0118bba0256475663b7adf1c826ad0587,143121943946386944,3390.9966000539716
142702,1427,S,262,2620000,193646558,739109,0.1631139669632522,8.445186875003856,87518.37122605562,4192,0.0005709436346936967,e25ea43d7820893d70ca22700740642fb93d93145b4ac51043b630b8e7861244,143670303884878848,3402.356707583007
142702,1427,S,263,2630000,194385667,739109,0.165905726421335,6.355738428013865,116290.02803864093,4208,0.0005683281380950018,3de059c0f0abbc2e41ab56d80f0038f682161cd471c592d0207f6f3ede6026b2,144218663823370752,3408.8094010489876
142702,1427,S,264,2640000,195124776,739109,0.16667191075561907,6.478363332047593,114088.84653686018,4224,0.0005657120211569303,07d32d42ba94f91d19db753d72dd0fb1656c765cbd49d64d278e7be501e91c0e,144767023761862656,3415.3941037679906
142702,1427,S,265,2650000,195863885,739109,0.16367352076893127,7.244019962032326,102030.2268455706,4240,0.0005630953724253206,5ed3a2771082c2aec8bfde4e7acac0e7064cf9fbb84af32bee46ada87969fe25,145315383700354560,3422.7643655680004
142702,1427,S,266,2660000,196602994,739109,0.16433019586217162,6.6615091760177165,110952.18522866962,4256,0.0005604782804640099,4bfa7b0fb8641c8c8ac5e946393f5cf642aab41714ab368202f3dc009a52c3ac,145863743638846464,3429.934626011993
142702,1427,S,267,2670000,197342103,739109,0.16376813587992264,8.141495540970936,90782.95213459707,4272,0.0005578608338518374,196a2cd2257cb79c63511cd02fe1be36278c1805665822d1429535ab3f81bf4b,146412103577338368,3438.484044449986
142702,1427,S,268,2680000,198081212,739109,0.16027141916856602,6.359776325989515,116216.19411041195,4288,0.000555243121179646,f59a536e58d48ba7073aec71fd3b6c4fe26a4558b5f184a1ce4aabd5e57b5af9,146960463515830272,3444.971875166986
142702,1427,S,269,2690000,198820321,739109,0.16104237595824009,6.954772816970944,106273.63674575192,4304,0.0005526252310472832,9880c40cff541bf94d0c79a5cf4ffd89c588de7dac1cde08ab986f65116f335f,147508823454322176,3452.1135289620142
142702,1427,S,270,2700000,199559430,739109,0.1602137127860314,7.607540694007184,97154.78756258651,4320,0.0005500072520606037,d07bbe581b52e76bfd19593f2db9d42780f79938e6ff104240fb25aaed947976,148057183392814080,3460.2360492139705
142702,1427,S,271,2710000,200298539,739109,0.15918756093046318,7.605105762020685,97185.89367830408,4336,0.0005473892728284686,28e88799d226e349f4a80d1a42be4c5601f51db113d060a0bb2e57da346ab772,148605543331305984,3507.0434113490046
142702,1427,S,272,2720000,201037648,739109,0.15942206676538465,8.567824235011358,86265.65855304572,4352,0.0005447713819597485,f5f6f1af4d06f3f0f0e2e3526c499376fab0420c4c4ac3e485902a0ea9325e1f,149153903269797888,3517.3102859979845
142702,1427,S,273,2730000,201776757,739109,0.16107673868261652,7.572769933030941,97600.87874532556,4368,0.000542153668060322,ff3da250b22ed935e83fa5a4473d61a3702d0884ddd79921885bd7fd6c61f586,149702263208289792,3526.6319075810025
142702,1427,S,274,2740000,202515866,739109,0.16034334452068408,6.7382150900084525,109689.13727553224,4384,0.0005395362197300787,42f0fead8beb93c3e8a626d96cb5de70017bffa24b5b998571f6cc87031ea22d,150250623146781696,3534.9357744180015
142702,1427,S,275,2750000,203254975,739109,0.1617425345530202,6.961253310961183,106174.70259790713,4400,0.0005369191255599194,97abaa7118c73ed1c404768d95022f5d11946518a477a831cd621de769da7b36,150798983085273600,3542.4126016810187
142702,1427,S,276,2760000,203994084,739109,0.16240614381809218,7.351265767996665,100541.73299211556,4416,0.0005343024741287583,a8233dd6f40174d9ae0e46cd6d07558721909e9bc837354ba6d741cc16f17eab,151347343023765504,3550.9671984720044
142702,1427,S,277,2770000,204733193,739109,0.16016003865799,6.3744416940025985,115948.82116427414,4432,0.0005316863540005237,a8e253a9a12e2132480cd32a0f4a3f3d2c3b98946ce916d9ac9585da5bc1f7fa,151895702962257408,3558.5783003150136
142702,1427,S,278,2780000,205472302,739109,0.16081877639651926,6.4957720849779435,113783.08695732351,4448,0.0005290708537211621,128410b6f7e83875a8d28617a15874bff811a59022a50aaf823bd7e9dc96bc5d,152444062900749312,3565.283857356
142702,1427,S,279,2790000,206211411,739109,0.1624116379278304,6.905995229957625,107024.25579354695,4464,0.0005264560618156401,5e68fa75fa8a93530d32c4e77a3744c71912f3b8de6245fbd746c19f70a83de7,152992422839241216,3572.7381570410216
142702,1427,S,280,2800000,206950520,739109,0.16079836087392388,7.652951757016126,96578.29076504952,4480,0.0005238420667849485,08274061bb01da5d115ef386ee02285b4baeaca887f9f4a8ca447ee0b1fb3547,153540782777733120,3580.795384647965
142702,1427,S,281,2810000,207689629,739109,0.16414971801132325,6.699596652004402,110321.41760039711,4496,0.0005212289571031068,7cd933fe1e2568b70bd3ebb628fa6cf50f91f49c5b439be48a923f956cb00929,154089142716225024,3611.6264293440036
142702,1427,S,282,2820000,208428738,739109,0.1624244873915906,7.3885640050284564,100034.1879013273,4512,0.0005186168212141685,f677e7b7b00496f272d28e5d6b070f9a97e91ab3d6b45e4e5a3a81e7b4b5c2e0,154637502654716928,3619.8743400039966
142702,1427,S,283,2830000,209167847,739109,0.16009648929229003,6.7799358399934135,109014.15845857297,4528,0.0005160057475292283,fe714998274d945b7f6d88f2cd1a3d10e6fe3e6b1237fee6eed10431f79b3a7b,155185862593208832,3627.4085265989997
142702,1427,S,284,2840000,209906956,739109,0.1621456725163156,7.487279912980739,98715.28894206327,4544,0.0005133958244234289,9a32baad3733437f8581b44bc6f33e39372b8351f263d7e9f87bc5c017b6193f,155734222531700736,3635.799666283012
142702,1427,S,285,2850000,210646065,739109,0.16098956239720183,11.35394176299451,65097.12797796367,4560,0.0005107871402329705,f59166163a9728c69c3b72e9e62599264a1ec35ed87e60c6fa17d0ec3012833c,156282582470192640,3648.1445601430023
142702,1427,S,286,2860000,211385174,739109,0.16221414519475516,8.140016661956906,90799.44559011677,4576,0.0005081797832521203,02eea9a527a23ab985aa378673e30be249220f1afd1f27e2ddae1a00d496d58e,156830942408684544,3658.8867859970196
142702,1427,S,287,2870000,212124283,739109,0.16125726700566995,9.935934540990274,74387.46671999875,4592,0.0005055738417302244,7f11a93065c24acb259bc352c4938ff525388c68050a66ee7353b9c47b608b4b,157379302347176448,3672.7147956279805
142702,1427,S,288,2880000,212863392,739109,0.1613436569606376,6.516730386996642,113417.15187033114,4608,0.000502969403868721,0463dba7cedd9ab25c6d0651a07e6932cc6527ec56cecb2c572de93516777bf9,157927662285668352,3680.434992659022
142702,1427,S,289,2890000,213602501,739109,0.1612221197918463,7.072734982997645,104501.15857257,4624,0.0005003665578181551,f0a616d71a5ea54241b6f3f40c481f64a34940320e574085cd73089fb6c4d801,158476022224160256,3687.963693580008
142702,1427,S,290,2900000,214341610,739109,0.16116896434326103,7.160428885021247,103221.33099403122,4640,0.0004977653916751945,f1338d7cea57088655be53688b06636920f04913ed39ac4a05fcb629423b0f7f,159024382162652160,3696.699362359999
142702,1427,S,291,2910000,215080719,739109,0.15917790492883693,6.162220302969217,119941.99552454594,4656,0.0004951659934796489,953fc7dd0146545ea3f0b90a3b1037270214f9b6819b3987210f845707caecae,159572742101144064,3729.165715684998
142702,1427,S,292,2920000,215819828,739109,0.15860147611855083,6.38876771600917,115688.82026308736,4672,0.0004925684512114886,55a1fe60f2e252e6719ee88c160012b86b50bd70ca03e5efb39b88c2ff367a95,160121102039635968,3735.6709767740103
142702,1427,S,293,2930000,216558937,739109,0.15886311793785018,6.412037066009361,115268.98431671059,4688,0.0004899728527878686,3c8fd3310f6a8fe4489cf402e10c4aa4d29ff7c15562b818baf3114d474c3658,160669461978127872,3742.374137557985
142702,1427,S,294,2940000,217298046,739109,0.15894764094493258,6.949419767013751,106355.49798103562,4704,0.0004873792860601517,e472a5367088c95b5389d20a6098e0640e8f48daa422bb89ecc468cfbb2b5760,161217821916619776,3749.5015273200115
142702,1427,S,295,2950000,218037155,739109,0.16029115058272572,8.03428924299078,91994.32303794743,4720,0.000484787838810935,5f573173076c14cc78b35cdcdfd46eb9a9dee1027dd430c7eaf7a99368094630,161766181855111680,3758.284742012969
142702,1427,S,296,2960000,218776264,739109,0.15941617681671416,6.780900093028322,108998.65649988024,4736,0.0004821985987510795,09ff9dee123e856737b694a5d6bb6e9479e0bd70fc81d252732a121b271e4659,162314541793603584,3766.01634811901
142702,1427,S,297,2970000,219515373,739109,0.15892551785241602,7.495949909032788,98601.11246332596,4752,0.00047961165351674095,b664f5d2ec9ecd1551d07b8071045dee9bd239e4342504dc02fd60f089cb7dbe,162862901732095488,3774.4473903150065
142702,1427,S,298,2980000,220254482,739109,0.15909207138348916,7.081787726958282,104367.57334400598,4768,0.00047702709066640395,ff9b5240fc5e730f9b1ffeee655ec60ca245649ec3e104109b6d5c29625d091a,163411261670587392,3782.449995532981
142702,1427,S,299,2990000,220993591,739109,0.15774728498021592,9.732182446983643,75944.83601456493,4784,0.00047444499767791774,67e52a895edd1c5aa5ccf377e9ee74cc1812bc8fa9c0802541005254b09b12b5,163959621609079296,3793.8042092639953
142702,1427,S,300,3000000,221732700,739109,0.15704944848464453,9.121924340026453,81025.5569383353,4800,0.0004718654619455365,543e19d361b2d300bec6227455c8023e7ef2d9b6de3f41e887aeff4f3b40e4be,164507981547571200,3804.8037460030173
142702,1427,S,301,3010000,222471809,739109,0.1577878362156316,6.23354946996551,118569.52504526918,4816,0.0004692885707769602,3cbdeb94ae589fbb76dd33e4dc6af820fe5e186ad814d8d75f279c8a17444607,165056341486063104,3837.8109532240196
142702,1427,S,302,3020000,223210918,739109,0.1584883169974563,6.3602932070498355,116206.74958518603,4832,0.0004667144113903811,b000325a55929006b24cbec7947202c9fe03205d3fd7c5f6e11e5ad570c55327,165604701424555008,3844.3920854349853
142702,1427,S,303,3030000,223950027,739109,0.15752086602208096,6.432311101001687,114905.66740232767,4848,0.0004641430709115295,074f28211414c5558de5f0a07a1c5c1389137c6430e1702d3bf48fbfa42ce5a5,166153061363046912,3850.9248898180085
142702,1427,S,304,3040000,224689136,739109,0.15736261531309118,6.5656610379810445,112571.9094733038,4864,0.0004615746363707272,c54584b52a74e4481d3c5687b0d27e114147dd748f8ac040555cb827b1bdbd4e,166701421301538816,3857.5790945080225
142702,1427,S,305,3050000,225428245,739109,0.1589460181075144,6.377943636965938,115885.1570459476,4880,0.0004590091946999404,c43fbbe2bc5147f26efd57a1c69e3c4e31f6fb437d0e4de32203a59be52ab004,167249781240030720,3864.0953120159684
142702,1427,S,306,3060000,226167354,739109,0.15862092696008434,6.260987107001711,118049.91567119642,4896,0.00045644683272983767,8edb0219e993b815e47459c5b732d6347885e578f652ef48086bf8cacea7f881,167798141178522624,3870.45660472702
142702,1427,S,307,3070000,226906463,739109,0.15984872380465562,6.671720971004106,110782.360834968,4912,0.00045388763718685134,766dacbca63b643e32466ba9b67cb150436f79b541e07ae1eeb3323d33a685f5,168346501117014528,3877.313429441012
142702,1427,S,308,3080000,227645572,739109,0.15915651004847067,7.5574704150203615,97798.46422303311,4928,0.0004513316946902418,d22bebbe58b2f6e350d6eb91f871ef0201c68ed08a15827d1bfa8c61da941c12,168894861055506432,3885.376931236009
142702,1427,S,309,3090000,228384681,739109,0.1596897293309531,7.70672158501111,95904.46363567894,4944,0.0004487790917491663,4b3eaa8856027b883371b3431476af4b33c715608c555f996ddfbc1e9545c266,169443220993998336,3894.5916028770152
142702,1427,S,310,3100000,229123790,739109,0.15992556781516973,7.798000823997427,94781.85713003253,4960,0.00044622991475974975,8edf996ed2c68d30de81b430a55dc71dd881ba4522b04b03b3727bae0596a280,169991580932490240,3903.4441470080055
142702,1427,S,311,3110000,229862899,739109,0.15880073819071508,6.350689404003788,116382.48274809806,4976,0.00044368425000216195,e4197e4d348642beb3adb5bcd84226e78da470d307ae40722b4c7abdfe0f8b43,170539940870982144,3961.5681847750093
142702,1427,S,312,3120000,230602008,739109,0.15729264516243607,6.423266149999108,115067.47233260801,4992,0.000441142183637697,4bed2c3f4804ab00ec8e7f4dd1b4c82a2ef6d275ee988fa0b6df0042572bfbb7,171088300809474048,3968.0858400670113
142702,1427,S,313,3130000,231341117,739109,0.15844818014203757,6.282433804008178,117646.92204611056,5008,0.0004386038017058557,461b8c7f4f32df2d2ee077a80c7c62c2e41c8b011bf630560b6c2d3b368b7920,171636660747965952,3974.4660728820018
142702,1427,S,314,3140000,232080226,739109,0.15873513730149005,6.4752172119915485,114144.27899518696,5024,0.00043606919012143544,d653c0b7d4106ac761c91f2dd5d02bc75555dc480ec6a6679709afe9eff65b42,172185020686457856,3981.0623205429874
142702,1427,S,315,3150000,232819335,739109,0.1594891837690577,6.387871156970505,115705.05757516374,5040,0.0004335384346716208,69e43a5e06223f549755525b09d846f4fca2ca8d6413f2f35caeabc685d6b0e1,172733380624949760,3987.5541330669657
142702,1427,S,316,3160000,233558444,739109,0.16080759024136726,6.399462266010232,115495.48528876633,5056,0.0004310116210130812,fd92f7bb70efbcf19556e0ddb76ad8db6bf7f141ff0fb236ae3f1aa8ff9a1c57,173281740563441664,3994.0456259999773
142702,1427,S,317,3170000,234297553,739109,0.1580837641320422,6.646038528007921,111210.45971750333,5072,0.0004284888346690703,70bea62ff43e2d039c4891be93e98d517b4abe6913593d3e3bd563264bfb69e9,173830100501933568,4000.7874274890055
142702,1427,S,318,3180000,235036662,739109,0.15854812266239593,6.652552301995456,111101.569209505,5088,0.0004259701610265323,626b69ec65907a1d94198653d166a3e9d7290a0ad5480e1153b2cba8e0749d29,174378460440425472,4007.9360774430097
142702,1427,S,319,3190000,235775771,739109,0.15792611774477572,7.384231430012733,100092.88129783407,5104,0.0004234556853332124,b60118dd3efef47fdb07b2bb8911c44397ef39267a92ac95fee47311e9429137,174926820378917376,4016.769940041995
142702,1427,S,320,3200000,236514880,739109,0.15730334496436707,6.868734265968669,107604.8324742938,5120,0.0004209454926947701,4bd051e6386ce9530677a5b7937780710e8d0efae31ce0b1bcf25db5ae7f3d2b,175475180317409280,4024.131358230021
142702,1427,S,321,3210000,237253989,739109,0.1560278410556664,6.339943030034192,116579.754186847,5136,0.0004184396680718994,5c6b2ada232dbc65f8dd7a29e3bfe0065b500daa4bfc98c1bfe2b40dd8e7eaee,176023540255901184,4091.3818301869906
142702,1427,S,322,3220000,237993098,739109,0.1575539596033597,6.412362770002801,115263.12944388784,5152,0.0004159382962774535,5f352cdef4a9e61363b7353daadd35aae050a0fefff4707af639891a68d44f2c,176571900194393088,4098.00410705799
142702,1427,S,323,3230000,238732207,739109,0.1562564257823377,6.384763805021066,115761.36918624217,5168,0.00041344146197357416,2fa26143d5719cdeb35593bffb879fe7f356277f9e0deb2edae6fd859f9aced2,177120260132884992,4104.511048915971
142702,1427,S,324,3240000,239471316,739109,0.15535822379779787,6.998182376963086,105614.4238871268,5184,0.0004109492496688251,4199333148591525bff688d7cae1564aed0fd24f5f8332b18fd1269fe7c82b79,177668620071376896,4111.693807232019
142702,1427,S,325,3250000,240210425,739109,0.1550552620619199,8.153672605985776,90647.37275045912,5200,0.0004084617437153333,290a5e6d2ce81f88cb96a2d9d9e620851ab531923e09edb33672576ad57f2665,178216980009868800,4120.318622004008
142702,1427,S,326,3260000,240949534,739109,0.15479831982149395,6.335671380977146,116658.35482237523,5216,0.0004059790283059331,5aee4e7f747b3918e0029801f1e0f1040037585a45a3d3557c0071234a7b7a36,178765339948360704,4127.983708189975
142702,1427,S,327,3270000,241688643,739109,0.15532808066447962,6.555854632984847,112740.29724229677,5232,0.0004035011874713166,d3dad3a13f3a3f60fc66584d7bd9f592d9d53e36ef6f022526d26e73fc4fa20b,179313699886852608,4134.646373490978
142702,1427,S,328,3280000,242427752,739109,0.155883190971608,6.414863382000476,115218.19811063673,5248,0.0004010283050771895,ba9f03e93bfb28008e2e57b7a7abb5ef09b909e4759918a097b40e5abd58264e,179862059825344512,4141.167652038974
142702,1427,S,329,3290000,243166861,739109,0.15753193345934713,7.078340732026845,104418.39803724171,5264,0.0003985604648214327,6da16898dd8135d5c4b10dac6550fedfa312096d0c4ff08af0aacf181ce1c971,180410419763836416,4148.803497752
142702,1427,S,330,3300000,243905970,739109,0.15691080418740866,8.549347469990607,86452.09503934364,5280,0.00039609775023126994,59aac0bbd9ce75f2493cdabe67b9404ab1a96b64de05b5a78e6dff593d670f48,180958779702328320,4157.860555056017
142702,1427,S,331,3310000,244645079,739109,0.1559365679345171,9.058948135003448,81588.83227779057,5296,0.00039364024466044013,7ff5cb34b0257fb62c7232c1cdbb4335a7c1c63fb1861dfde9e95820ed8730cf,181507139640820224,4237.092739210988
142702,1427,S,332,3320000,245384188,739109,0.15568574885658232,6.567287004960235,112544.0382675152,5312,0.0003911880312863756,2478c589ddbd9eea173042a3af097e9d367bf6c6f7e5137aa257c411452125dd,182055499579312128,4243.85948982602
142702,1427,S,333,3330000,246123297,739109,0.1554762535943192,6.2694152210024185,117891.21855001712,5328,0.0003887411931073879,ef994fd472576d9a709fd0fac26cff0f6392d8914535778414f3776126971bdb,182603859517804032,4250.248927901965
142702,1427,S,334,3340000,246862406,739109,0.1546101696667966,6.819045831973199,108388.91807039331,5344,0.0003862998129398584,6d45d84d9c99429c8b95447f5c03f4eb491659601dc5a2e85e5ace72eaf42c48,183152219456295936,4257.209262509015
142702,1427,S,335,3350000,247601515,739109,0.1552548786285939,6.90250260400353,107078.40944113638,5360,0.00038386397341543454,adfe87ddc46344019e91a0a5db82298a330f4bb996a3e8e3a9d739aa8ca5660a,183700579394787840,4264.705269286002
142702,1427,S,336,3360000,248340624,739109,0.15533609412975777,7.214078647957649,102453.69312812336,5376,0.00038143375697823414,6ada7a566f7d3263d7f4ad28e84ca2fa8a01b4bfc41574a2c313b9885d69412a,184248939333279744,4272.4617612509755
142702,1427,S,337,3370000,249079733,739109,0.15421186093972875,6.610004496993497,111816.71666580216,5392,0.0003790092458820541,39bb04bf5e40c3e7e1320c46fc8e1828e6b23d8a3fb4862b1526586ea20675f4,184797299271771648,4280.469511057017
142702,1427,S,338,3380000,249818842,739109,0.15587964860429335,6.4683972769998945,114264.62666851006,5408,0.00037659052218758695,dce154acbfde45e721c230387d0cf516032710f1ea80afecd0ee44e4c9869d21,185345659210263552,4287.160830050998
142702,1427,S,339,3390000,250557951,739109,0.15676470370927922,6.8391714410390705,108069.96232978007,5424,0.0003741776677596428,dab811d1fbd44af793a2aa2aa75a8c4a06f299533eb4b11789350cae11758b0e,185894019148755456,4294.145063253993
142702,1427,S,340,3400000,251297060,739109,0.15697034056279394,7.102338774013333,104065.57945451963,5440,0.00037177076426437905,1069ba296d4a4aa6cd01bde3ed6dfed868082cac5f0c285fa21b1988acc077ec,186442379087247360,4301.864428433997
142702,1427,S,341,3410000,252036169,739109,0.15624026839006463,6.586558779003099,112214.74290279803,5456,0.00036936989316653637,c45aa28e1a692495f1b4d26d7f119bc099ad61dacd457ceb1f3292ed50c4deb2,186990739025739264,4373.286882760993
142702,1427,S,342,3420000,252775278,739109,0.15612754936115095,7.359955275023822,100423.02872521298,5472,0.00036697513572668105,72ce75d215831efac312abc1d1fe48a06db854bdb398f74af7427a3176afdef8,187539098964231168,4381.172601489001
142702,1427,S,343,3430000,253514387,739109,0.15420418048517895,6.274233735981397,117800.67990794906,5488,0.0003645865729984544,ed8e45435bab32f4682569d50526461cea0006fcbddce105536429ce52f7a940,188087458902723072,4389.159689944994
142702,1427,S,344,3440000,254253496,739109,0.1537183551446616,6.473722024995368,114170.64204274802,5504,0.00036220428582583043,4fd30e2af7a4b94acb66439c46d90077c9d4670e3ba07a54371ddf8949513395,188635818841214976,4395.729628094006
142702,1427,S,345,3450000,254992605,739109,0.15519892078278785,6.4223711919621564,115083.50699583095,5520,0.0003598283548403787,36f6a6b39bb054a03fbc44a50c747adc6e4961ebabbd377903a11eba46b6175c,189184178779706880,4402.257149968995
142702,1427,S,346,3460000,255731714,739109,0.1546241362050938,6.854187356017064,107833.20641959994,5536,0.0003574588604585347,004923d0ce8c337fdc0864feac7927268e9f5a546019eaef3b677768c551acda,189732538718198784,4409.30361170799
142702,1427,S,347,3470000,256470823,739109,0.15486029951593117,7.02001078199828,105286.02062767901,5552,0.00035509588287887996,b15f9d2763b02dfe04a347d34891fe2788732a4015eb13a959dac6b7822fcc6e,190280898656690688,4416.898349736002
142702,1427,S,348,3480000,257209932,739109,0.15451676873553735,7.342662437993567,100659.53681536348,5568,0.00035273950207942586,aca26247dca62de9289a38434348618bd4417bd6ef8eeb78971929c402a1aa25,190829258595182592,4424.75882869499
142702,1427,S,349,3490000,257949041,739109,0.15471929176193927,6.703567593009211,110256.06734700146,5584,0.00035038979781490723,bf23f9bb08b96b395275b2ea4a05bca02cf3c1dbf7af53b07731978f8d125dda,191377618533674496,4433.475370995002
142702,1427,S,350,3500000,258688150,739109,0.1554924825771408,6.652329376956914,111105.29231463025,5600,0.00034804684961408316,751aaffcf243fbaab47aa4abb08a1a6e80b4b544be6bf9e37ddaf4da825af35a,191925978472166400,4440.306840717967
142702,1427,S,351,3510000,259427259,739109,0.15401224667189026,7.455941869993694,99130.19882498428,5616,0.0003457107367770449,f614201749bf1bb78c1686cd0d1673ae477dc6eeebdd1279c6f2ee72540640af,192474338410658304,4513.388784523006
142702,1427,S,352,3520000,260166368,739109,0.15413016677710017,6.791376599052455,108830.51311027602,5632,0.0003433815383725326,ef2fdaea4c76cd1767ede5fa10c259c5829054a325e377ec241dc0d622630e30,193022698349150208,4520.751855848997
142702,1427,S,353,3530000,260905477,739109,0.15392309709861832,7.328187212988269,100858.36763149615,5648,0.00034105933323525786,a42d46ba8d36bb5556e2204fbefab7bf75ab401c7caf7b552ec1d41b545677f5,193571058287642112,4528.612184286991
142702,1427,S,354,3540000,261644586,739109,0.15438567027236808,7.153687372978311,103318.6050024835,5664,0.0003387441999632365,72c0dc57c279aed6902747e53018a5526e06facb3915ff4a609b58fb404a0b5c,194119418226134016,4536.270419781969
142702,1427,S,355,3550000,262383695,739109,0.154420976256645,7.953211336978711,92932.1463599853,5680,0.0003364362169151278,880a6d6109f9dcb8ad965b2a922afd8d154eac0a913f59f15bb975ba7b0e52e8,194667778164625920,4544.725308738009
142702,1427,S,356,3560000,263122804,739109,0.15530630960959538,7.172335734998342,103049.9724648167,5696,0.00033413546220758297,009350e2639bdd99f9176b8787ea386e12761372afb62e6e1122792c44a30088,195216138103117824,4553.427899878006
142702,1427,S,357,3570000,263861913,739109,0.15540200030017934,6.694160756014753,110411.00250481811,5712,0.00033184201371260006,b0661e34e834132743d5e0cac10ade14681e9ce1dfc1c7401e3a35823965896e,195764498041609728,4560.288970260997
142702,1427,S,358,3580000,264601022,739109,0.15412179204814253,6.435154989012517,114854.88714133011,5728,0.00032955594905488946,cba8e210382619ab21590c49ac4fae07358a1c10883da10f571a2548c3179150,196312857980101632,4566.946546535997
142702,1427,S,359,3590000,265340131,739109,0.1541018109580774,6.618258505011909,111677.26365482456,5744,0.00032727734560924614,4b359e43a88c673aa659526be770ccb77fcb6f0c7753cb7b1b8b29b7d4318e24,196861217918593536,4573.721649418003
142702,1427,S,360,3600000,266079240,739109,0.15561012424830037,6.599809966981411,111989.43661980167,5760,0.00032500628049793057,f5e5599f79ae15fe0b4618bbd908c4897366a0a3102263b77cd3e41aaeb2e958,197409577857085440,4580.484164741007
142702,1427,S,361,3610000,266818349,739109,0.15447155746134378,7.3053475840133615,101173.69385919806,5776,0.00032274283058805856,f5d63a6a4d8b8bf663034407855624838d512a26094627018279095ee2f064f3,197957937795577344,4676.514136137965
142702,1427,S,362,3620000,267557458,739109,0.1538231683584102,7.578160225006286,97531.45592793096,5792,0.0003204870724889997,04b687e4a9c79589c618574d7a52cd248f0ef80efe62f9590e1ad2b68617446f,198506297734069248,4684.589603179018
142702,1427,S,363,3630000,268296567,739109,0.15346321435411947,6.357460408995394,116258.52973527113,5808,0.0003182390825497844,386ca7ed38482983d7216249911139f79811173aabd5c9e72300fed06c51b51c,199054657672561152,4691.04941890901
142702,1427,S,364,3640000,269035676,739109,0.15350814876109337,6.5374165220418945,113058.26965560195,5824,0.00031599893685652016,901a18cd1bb319242edac2a5c778beeeb661b464030a4ba1445852163b17a16c,199603017611053056,4697.699676357966
142702,1427,S,365,3650000,269774785,739109,0.15294558001510222,6.4869683849974535,113937.50610984211,5840,0.0003137667112298147,f351663a9a3bc8137ae6ec0b36a60e381d099e9e0a3cc481382fe5dcb1dc0845,200151377549544960,4704.295393594017
142702,1427,S,366,3660000,270513894,739109,0.15233751422898434,6.337467042962089,116625.30076914537,5856,0.0003115424812222123,1a91ee2942d230256777fd5bd5e15fee3b247cab3dd696bb2e3c3d461bfc96fd,200699737488036864,4710.733201480005
142702,1427,S,367,3670000,271253003,739109,0.1528711039149851,6.612114018993452,111781.04277646939,5872,0.00030932632211563425,8980044af39469c5373197d3e106178fea8268da4752c7bee32c52a35b3e0f17,201248097426528768,4717.445334537013
142702,1427,S,368,3680000,271992112,739109,0.15351278273303556,6.426800585002638,115004.19068933917,5888,0.0003071183089188324,5f9312acc9f9ad20a2e04f398678438b97a18f74c66d233ca3e0ba48fa3fe2fa,201796457365020672,4724.053398852993
142702,1427,S,369,3690000,272731221,739109,0.15421223648836926,6.556608532962855,112727.3339996105,5904,0.00030491851636484964,f7c4d06db065e33f02b3f5437169f52d71ea9ede6fffb5acb8b04e028a4a0b67,202344817303512576,4730.768313105975
142702,1427,S,370,3700000,273470330,739109,0.15323134911494374,6.262052341015078,118029.83426998799,5920,0.00030272701890849026,539082dfec0968d007237cc76ef62fd1918edf3b721f6c07707105d552b5f638,202893177242004480,4737.188528779021
142702,1427,S,371,3710000,274209439,739109,0.15353453025610547,7.409469273989089,99751.94884667908,5936,0.0003005438907238013,6da5027246af78e3b8a5d21d4068092faa0456e2758fffc9ef60cfbaaf1751e7,203441537180496384,4811.829282275983
142702,1427,S,372,3720000,274948548,739109,0.15295591393882815,9.654234603047371,76558.01111014014,5952,0.0002983692057015598,d4ac6db2438d215ce04d4090648fbf367aa6cbc7eb15e0f212d67d2bbaf6e065,203989897118988288,4822.251161523978
142702,1427,S,373,3730000,275687657,739109,0.15236758576030263,6.416144640010316,115195.18986386374,5968,0.000296203037446774,caec1fbf01c971673b09951cf30e96ee67c5264c59bc8e13f04c584060cab35f,204538257057480192,4830.965419507003
142702,1427,S,374,3740000,276426766,739109,0.15377107002673868,6.520720462023746,113347.7511119397,5984,0.00029404545927619113,29d364a12835e118f8649781f33e6a65d2b742ed64156eac2504155a215bbf03,205086616995972096,4837.585773488972
142702,1427,S,375,3750000,277165875,739109,0.15314894729214615,6.481244403985329,114038.13124922747,6000,0.00029189654421581557,317c15dee921bdb77ebb2bf83c6e6a035b50a7ab1c4bec66786491fca147809f,205634976934464000,4844.159041442967
142702,1427,S,376,3760000,277904984,739109,0.15313939840521784,6.261286051012576,118044.27939855443,6016,0.00028975636499843795,1a7f194dc30ec668408490b43945a1346d911b4f84ce4ef5aa342dae34d7134d,206183336872955904,4850.602265685971
142702,1427,S,377,3770000,278644093,739109,0.15430954927535462,6.44580997095909,114665.0309782598,6032,0.00028762499406117273,76da2e9a97e07dc326667d606293d6b712d930502b77bf07680bb82962a17cef,206731696811447808,4857.140743516968
142702,1427,S,378,3780000,279383202,739109,0.15334651723939283,6.334733683965169,116675.6231395921,6048,0.00028550250354300756,2fd41180c0d3cbad84d5cd66f8e12233ff8e98704e48ab1569de35fa92730b2c,207280056749939712,4863.575045884005
142702,1427,S,379,3790000,280122311,739109,0.15459553015104122,6.536245261027943,113078.52910705522,6064,0.0002833889652823598,240741fb3fa0b13d433573c81498b5476f694b6fb0d6fa06a80cd0e0c4d00a6e,207828416688431616,4870.213971210003
142702,1427,S,380,3800000,280861420,739109,0.15414075833031843,6.42191052500857,115091.76235354254,6080,0.0002812844508146472,c9f21e4e6832d97012996cf39e367717943cb263f0ef25c646d16dcf1b73d281,208376776626923520,4876.728996857011
142702,1427,S,381,3810000,281600529,739109,0.15296395140512709,7.8805402319994755,93789.12844056009,6096,0.000279189031369865,ac52ece976eaad5f0b02f15a7aaa27be5f0db47e2b18c36813ae766d29c3bf01,208925136565415424,4935.594112276973
142702,1427,S,382,3820000,282339638,739109,0.1528080691046516,8.804323905031197,83948.41080047487,6112,0.000277102777870176,3bc0c3723bded54d70b5e7e37d6220514365033967fa145bb44a02192576b301,209473496503907328,4946.0860844369745
142702,1427,S,383,3830000,283078747,739109,0.15305497515772512,7.23276637098752,102188.97750724477,6128,0.0002750257609275095,aa752e50ac77fadcf051dd9cbeb7470b6bf4a666556338a1734400010f0c94f8,210021856442399232,4955.201573384984
142702,1427,S,384,3840000,283817856,739109,0.15255536386299906,7.464196587970946,99020.56990180614,6144,0.000272958050841172,2a75c1a6ace89fa162b7988135134cab43ebe92e32cfd9649dbf964e1d8027e2,210570216380891136,4965.116858634981
142702,1427,S,385,3850000,284556965,739109,0.1517924847642855,6.421216991031542,115104.19302638536,6160,0.0002708997175954676,d0ab301055da1509e2fd22222151df1f24882e3da24e4bc16dc439f22f675add,211118576319383040,4971.660722855013
142702,1427,S,386,3860000,285296074,739109,0.1519258296314202,6.269333748030476,117892.75060243723,6176,0.0002688508308573284,b983613aa868c4bca53a0e375999066b861700a7b668b37552c033378bb9bd91,211666936257874944,4978.021889819996
142702,1427,S,387,3870000,286035183,739109,0.1516485619692263,6.623828679032158,111583.35093111059,6192,0.0002668114599739585,78ef5d0edbf4769be277d59192fe0f92c1d27f4a219f3924b5ee9d7c29396ea7,212215296196366848,4984.73199232202
142702,1427,S,388,3880000,286774292,739109,0.1518399375133472,6.496372798981611,113772.5655331641,6208,0.0002647816739704846,ab6183445beaf571db8a81836107a69ae062f6324b70450078f3063e30407d9d,212763656134858752,4991.891239880992
142702,1427,S,389,3890000,287513401,739109,0.1516256334470816,8.384823866013903,88148.42289005268,6224,0.00026276154154762155,935500fdde6c70fab601ab76be85b0cc079246ebc48be06776037d5cbde16168,213312016073350656,5001.324987969012
142702,1427,S,390,3900000,288252510,739109,0.15103689570352516,6.699446308019105,110323.89335149997,6240,0.0002607511310793459,51cb4f2d698a1932d7e13facde29c143b03918a243b833344c7d82dd15dd5ec1,213860376011842560,5008.300158747006
142702,1427,S,391,3910000,288991619,739109,0.1517953920200697,7.441394438035786,99323.99178064449,6256,0.00025875051061058216,9fa064e9731965fe9a54347449e110bd335c3dc1f782003510776e6a8b96acaa,214408735950334464,5053.7133563180105
142702,1427,S,392,3920000,289730728,739109,0.15201163419443298,10.264216372044757,72008.32223422434,6272,0.0002567597478549005,95fcfef934a299091182bda77640ff4d263195db7a95e0f74c8177214f066d7e,214957095888826368,5066.14981182199
142702,1427,S,393,3930000,290469837,739109,0.15191323585897662,7.776682647992857,95041.68209702658,6288,0.0002547789101922231,5d310f9120aea754414da81515ef0069527ba478c90d5a3d3cbaed38df23b0f9,215505455827318272,5075.869470196019
142702,1427,S,394,3940000,291208946,739109,0.15106882879736827,9.475340113975108,78003.42690706096,6304,0.00025280806466654516,987adb9f7c3185c31b0429c9fb9d43f277f0091ef650c297a52c2601c166559c,216053815765810176,5087.714168375998
142702,1427,S,395,3950000,291948055,739109,0.15152665337848484,9.7182581119705,76053.64989118779,6320,0.00025084727798366506,f39e1024d867cc6b7e79602f2ec1be3136d8a60df7c00d4c2fb854f064fc03a1,216602175704302080,5101.271016144019
142702,1427,S,396,3960000,292687164,739109,0.15164125292019542,7.345908121031243,100615.06185789884,6336,0.00024889661650892683,30ddfb45bd2ef1325572ffb6bc943e335a13464fce8f6c61cdc4777f6e27edf1,217150535642793984,5111.484285079001
142702,1427,S,397,3970000,293426273,739109,0.15092440005404764,7.681245383049827,96222.54766538103,6352,0.00024695614626497355,618658b9787b4c8c5651043dd70cea8276092eeb34b97cf20b4883fd1406569c,217698895581285888,5119.634113379987
142702,1427,S,398,3980000,294165382,739109,0.15116594507278916,7.821191458031535,94500.81921227147,6368,0.0002450259329295132,fe011d7b5b4a2891554070321685233b8c669ba3f37ec12fbd58dbc844d14da8,218247255519777792,5128.841681842983
142702,1427,S,399,3990000,294904491,739109,0.15094523442501862,6.524373508989811,113284.28683330218,6384,0.00024310604183309573,54f90733881a6f1635729e2a78236c0df6361f6859e0f010e68dbebc9c2b9c98,218795615458269696,5135.512312102015
142702,1427,S,400,4000000,295643600,739109,0.15150730259411707,6.53798680001637,113048.40811213468,6400,0.00024119653795690127,9fd53bf3e1520e5516cd9e6f9fd0c06607bdf31f0d0402a4752ae105963041f0,219343975396761600,5142.187829627015
142702,1427,S,401,4010000,296382709,739109,0.1521836682459782,7.429618024965748,99481.42657083739,6416,0.00023929748593054127,98e93b0bb4b7f796c82f89bd847808ba520d0d7f74e7b7a05e07c3bc2cc73b34,219892335335253504,5189.411776956986
142702,1427,S,402,4020000,297121818,739109,0.15111331331344152,7.244303009007126,102026.24035480525,6432,0.00023740895002987095,4d55d1d8dc2e84512eb7da10748f95c9c78dc5ead09a158843e2d6c77c8b4848,220440695273745408,5197.9382885809755
142702,1427,S,403,4030000,297860927,739109,0.1516408105981498,6.591688114043791,112127.42278041127,6448,0.0002355309941748136,5507f30bf7ec8434cda59074a16d712bfad53cfd82a6376085d961ae6a148ef2,220989055212237312,5205.00556098402
142702,1427,S,404,4040000,298600036,739109,0.15196006297345843,8.073862729012035,91543.41915476703,6464,0.00023366368192719774,34be3bc957ec1886b7f9692def4b1911ef75c70da209bd68871a146acd83bc91,221537415150729216,5213.5644000979955
142702,1427,S,405,4050000,299339145,739109,0.1513946526706088,7.1204906980274245,103800.29008460806,6480,0.00023180707648860443,873147c0a72be97d352d2fd5a433049b2609f71a838be3e83efa336a526ca647,222085775089221120,5222.789438227017
142702,1427,S,406,4060000,300078254,739109,0.15141505205927977,6.683226834982634,110591.63758010027,6496,0.0002299612406982301,06e09f8825848a42544f4a5f20cccb13ac752c26aae16fee8a503070b3eb34d2,222634135027713024,5230.106308824965
142702,1427,S,407,4070000,300817363,739109,0.151259369000246,7.7151806660112925,95799.31203116148,6512,0.00022812623703075775,0930ac426b1d923a9aafc3dd5acaf3d6b93c6dc6ba5cd68c92073c2d9ae25364,223182494966204928,5238.582306272001
142702,1427,S,408,4080000,301556472,739109,0.15153352448314444,7.953292106976733,92931.20258359979,6528,0.00022630212759424374,8d12c5a2fa2bf4d838d3ec3ca7edae5c61a2034b36539375358f4f2c7d97f2ff,223730854904696832,5248.532488081022
142702,1427,S,409,4090000,302295581,739109,0.15154800493151566,10.523739107011352,70232.54686231958,6544,0.00022448897412801494,1bb702569150cdb977b9cd1956cca62ae19a8c499b9db5f9dd2bb042c28e915f,224279214843188736,5261.373110038985
142702,1427,S,410,4100000,303034690,739109,0.15122759360582433,7.45534783200128,99138.09746440723,6560,0.00022268683800057937,aa382f462ce981f1643cbf44807ea98005a7e3e31ea102e7d01dd7cb61526069,224827574781680640,5271.053369503992
142702,1427,S,411,4110000,303773799,739109,0.15158265840882493,6.6050877689849585,111899.95134819883,6576,0.00022089578020754948,430b591743c50262a3d37209e555413b84ee26c29b44283a52a6611588ee5138,225375934720172544,5325.351964497007
142702,1427,S,412,4120000,304512908,739109,0.15035063874995894,9.050766709027812,81662.58437119648,6592,0.0002191158613695764,387ca88bfd1ae36e9f9259953246be86b98c8fb6f99bf0d9d353e93e9561aa7f,225924294658664448,5336.303459001996
142702,1427,S,413,4130000,305252017,739109,0.15043353590015363,7.238343642966356,102110.23909015526,6608,0.00021734714173029995,4c6309e5cc22676b62066061331ddddfe9503f97a0ac39205c280a55be31d9ed,226472654597156352,5345.854458665999
142702,1427,S,414,4140000,305991126,739109,0.15106699298138165,8.121545684000012,91005.95240830746,6624,0.0002155896811543081,48d104cc2719fb8f94da5897624d14226258cd2021582956ad9fe5e3d77bd1b1,227021014535648256,5354.798030294012
142702,1427,S,415,4150000,306730235,739109,0.15035395591526474,8.739456578041427,84571.50549349596,6640,0.00021384353912511146,9ed2ae94b3020947188ce946998f80f61aefc1852312b45b7725c9800ff4db4d,227569374474140160,5365.547777139989
142702,1427,S,416,4160000,307469344,739109,0.1500519694274227,7.8093365100212395,94644.27599598853,6656,0.00021210877474313005,deea6703c59a6ccd273d7ad590f22edac7ff05ef95dc5f550c0f2ba746cb7a39,228117734412632064,5375.58941868
142702,1427,S,417,4170000,308208453,739109,0.15011822043734172,10.883735431998502,67909.49712237563,6672,0.00021038544672369254,8f8dd6a886ff40d7e14b9e560095655ce8c2b4deb5d38d30198f6b9fb803bd2b,228666094351123968,5389.776246152003
142702,1427,S,418,4180000,308947562,739109,0.15021921792355833,6.679904463002458,110646.64234251459,6688,0.00020867361339504975,5fc45d6f0756c837e6e433e8561b875ed15d44021a589d8d483a131f047ca359,229214454289615872,5399.085892441974
142702,1427,S,419,4190000,309686671,739109,0.15079060138885486,7.3892602560226806,100024.76220777078,6704,0.00020697333269639907,4f5e2bf32358b236d7314282ffab8f36e5d1ef61e0ee818268aa1c3c5cdf282f,229762814228107776,5407.110971455986
142702,1427,S,420,4200000,310425780,739109,0.1507779704105539,8.10744806600269,91164.19790579203,6720,0.00020528466217592514,d7b19c2e5192686499c7d30111a70f62553d21fbdf6a534df68d6d38ce2532a6,230311174166599680,5415.765256489976
142702,1427,S,421,4210000,311164889,739109,0.1502029221544286,6.565678539976943,112571.60939265168,6736,0.00020360765898885076,ba40989d55b9d95de88417cfcf1259f154f43d1c0a6e20e2fa0c0f4db77b37e8,230859534105091584,5463.614477566967
142702,1427,S,422,4220000,311903998,739109,0.15028820000460116,9.484069150988944,77931.63337731779,6752,0.00020194237989550284,5ad0e0692d12c700f047523ef00bfa3004e7a3acc7dec4907ef203868e3f5fdf,231407894043583488,5473.786040175997
142702,1427,S,423,4230000,312643107,739109,0.15100984357591782,8.098443188995589,91265.56583175441,6768,0.00020028888125939146,ec0c97ba8d528ef34b1ad2c4fdf8be93de9cf9952770b651183a292f0fd54079,231956253982075392,5484.739752691006
142702,1427,S,424,4240000,313382216,739109,0.1506382925168478,8.827084115007892,83731.95387855882,6784,0.0001986472190453017,e23bb76d9f86f748d5a42fd701880253e41a352430bd925693ebed933cec9fc6,232504613920567296,5494.611685875978
142702,1427,S,425,4250000,314121325,739109,0.15105036123892815,6.512022087001242,113499.15435258551,6800,0.0001970174488174002,a40277b963e8cce4680f83631cc642f520579b173e8f4026dce5cc52543e2cd1,233052973859059200,5502.609459880972
142702,1427,S,426,4260000,314860434,739109,0.15124386388540786,6.446390781959053,114654.69981566729,6816,0.00019539962573735377,21f68d6f4939238a253cb4362eeed17c2dc07a9a86b8649075ce99e352fa5a7d,233601333797551104,5509.189720224007
142702,1427,S,427,4270000,315599543,739109,0.1501129775826579,6.410742336011026,115292.2643370343,6832,0.00019379380456246238,01462da0214a57f74f3587c4a3f3cfa8dc5a03857945fb202240d9ce86b222c5,234149693736043008,5515.703884518007
142702,1427,S,428,4280000,316338652,739109,0.14960869646900246,6.622592861007433,111604.17309536468,6848,0.00019220003964380667,3e4eae9e2a6582977bf7f5f54c912150ba6ce64369d38e742e7a25fbbc5a147b,234698053674534912,5522.427114510967
142702,1427,S,429,4290000,317077761,739109,0.14978144688013895,7.575161262997426,97570.0680605103,6864,0.00019061838492440738,6bd21bb73062b4e859807d6e7d10a7730a6ff4770fd9e5baadcfab89dc0c278d,235246413613026816,5530.632659185969
142702,1427,S,430,4300000,317816870,739109,0.1496635767006304,10.09506732900627,73214.86582623475,6880,0.00018904889393740022,423e6175c30c54b5be793aa140913d55f4e8cc68d4f392222db836fd2ff46a48,235794773551518720,5543.071362710965
142702,1427,S,431,4310000,318555979,739109,0.1497229466641884,7.8175972669851035,94544.26657681244,6896,0.00018749161980422346,055d0000e8ef85f707c2739792f1b27ce0da98f70efa6b14890abc734def4413,236343133490010624,5595.7748932450195
142702,1427,S,432,4320000,319295088,739109,0.14948148771956224,9.088491583999712,81323.61604440513,6912,0.00018594661523282092,9ae1a172fe7e11cb8861a93db9a3dba41deb8cebb65542fddf9cb823a5f015af,236891493428502528,5607.077157079009
142702,1427,S,433,4330000,320034197,739109,0.14984305078589905,7.310101265960839,101107.90167047728,6928,0.00018441393251585658,e97e2c0a35b4f3e8b9755e8b73914789b0b087174dd77ff490f2ed5dc1d1fa26,237439853366994432,5616.541427513002
142702,1427,S,434,4340000,320773306,739109,0.149840910753397,9.904381037980784,74624.45125704522,6944,0.00018289362352894568,720c782c3e837913429386b86d33d565aec8d0243e26bb91da60faaded2bcd27,237988213305486336,5627.663555166975
142702,1427,S,435,4350000,321512415,739109,0.14950252342643858,6.524569005006924,113280.89249003438,6960,0.00018138573972889888,ccfe7affebdda236fe34d4fdb66ef79ed487854571681170ccdc2d3409203cd9,238536573243978240,5634.883849497011
142702,1427,S,436,4360000,322251524,739109,0.14975305651761694,6.225499586027581,118722.84140197282,6976,0.00017989033215198022,12ae1dba67c46a122cd8bdfd48491b614d27476f89359104da6763d079128dc3,239084933182470144,5641.209581181989
142702,1427,S,437,4370000,322990633,739109,0.14995485612633092,6.813486611004919,108477.35413557803,6992,0.00017840745141218023,99c9948930feca655786b8340edba959011cf8be386b1c56fa178174ce7d98dd,239633293120962048,5648.159213610983
142702,1427,S,438,4380000,323729742,739109,0.14993979817697173,6.86340409895638,107688.39913016134,7008,0.00017693714769950202,e9f34033c9f5fd913df6b9f9e1a658fcd1d7bbad09519ce2f9e6564ddb78add8,240181653059453952,5655.536701517005
142702,1427,S,439,4390000,324468851,739109,0.14943276141093872,7.833354963979218,94354.07988003962,7024,0.00017547947077826344,44b86b687c5433ec4e157b224f501dddb54446cc848fa4825ac831be9174d7ba,240730012997945856,5664.026479190972
142702,1427,S,440,4400000,325207960,739109,0.14951583050398426,9.6552833779715,76549.69523590317,7040,0.0001740344699854125,2307f9ceb6ac667ece75fcef96f082f24244b2c6dd3689eabd3622b85272652b,241278372936437760,5675.60883113998
142702,1427,S,441,4410000,325947069,739109,0.14916303310147996,6.512739256955683,113486.65605038966,7056,0.00017260219422885676,f01774e07639495a0faa7a41a55e9e819db64deed8f6f7fc2e48f4229574a92f,241826732874929664,5706.0104347899905
142702,1427,S,442,4420000,326686178,739109,0.14924392845177753,7.176708868006244,102987.17888570715,7072,0.00017118269198580937,f7f6d670dfdef306803a3a3b607be138f6493bfb36a91e9ad9446a48b59862c4,242375092813421568,5713.717898841016
142702,1427,S,443,4430000,327425287,739109,0.14871165823860188,6.719226721965242,109999.11605659068,7088,0.00016977601130114682,3e63977d93ca8d583cd427a124daa214359144d6954058128aced7c2e7f91cb0,242923452751913472,5721.130795403966
142702,1427,S,444,4440000,328164396,739109,0.14925923272076325,9.933767373964656,74403.69521206283,7104,0.00016838219978578418,a33938fd63aa4af5b8d133215bbf0fe4814dd2a3750a10196b115aaf10730c68,243471812690405376,5732.924585647008
142702,1427,S,445,4450000,328903505,739109,0.149339097584724,7.669567439996172,96369.05937427534,7120,0.00016700130461506213,4a40fad08561cee9271d7687d38367901dd244690bfaac7e82fca054da38125d,244020172628897280,5742.383266447985
142702,1427,S,446,4460000,329642614,739109,0.14931768400470674,6.319809273001738,116951.1559719813,7136,0.00016563337252715156,396ec87451a8f0460c7e390f10c6d9fdf1440d1f7873bafce06370584294a6e9,244568532567389184,5748.803410299995
142702,1427,S,447,4470000,330381723,739109,0.14975090822010134,7.4917999189929105,98655.7313318313,7152,0.00016427844982147143,4be7eb608cf506977e1b85a15a59ba32f4ff57b998c123e32b766877d903155a,245116892505881088,5756.405275937985
142702,1427,S,448,4480000,331120832,739109,0.14916279810059008,6.743639198015444,109600.9110655726,7168,0.00016293658235712067,72a13539425291646f740af65df4c434a06ad31af023ce2022c65318b04f358f,245665252444372992,5763.772543334984
142702,1427,S,449,4490000,331859941,739109,0.14890313535417968,7.533308469981421,98112.13797300177,7184,0.00016160781555132762,bf2eecef727a81ff2652c4ad1db1a9a34f80755e491f271c532adca9d079b005,246213612382864896,5772.054819389014
142702,1427,S,450,4500000,332599050,739109,0.14834521689310484,7.2089061380247585,102527.20535525186,7200,0.00016029219437791153,2fd876a93fcd9690285b895804a7ef9c0b524ec60d8db7afc14dbe361c1fab1a,246761972321356800,5780.015953672002
142702,1427,S,451,4510000,333338159,739109,0.14810700593432777,6.4777303310111165,114099.99525013132,7216,0.00015898976336576088,cd98b12d6aad7b8630f5bc8c0d36ba71b083fd9ae9e433ceb9becadd863d2daf,247310332259848704,5826.902970107971
142702,1427,S,452,4520000,334077268,739109,0.14817314436826212,7.139989352028351,103516.82104260163,7232,0.0001577005665973263,5a135af5787fdd0df3bdc0d43e5fd1b8161b2eec5f2d234c145667c4d54a4ab7,247858692198340608,5834.6592992339865
142702,1427,S,453,4530000,334816377,739109,0.1483889895510698,6.586762942024507,112211.26469944394,7248,0.0001564246477071284,1216a76998fb58d05b9999b534d81c161114c04e2d2f73a860a63fe123bec046,248407052136832512,5842.0089685890125
142702,1427,S,454,4540000,335555486,739109,0.14933177040976317,7.867992918996606,93938.69664212376,7264,0.00015516204988028098,6b33a191d6ef30026c63fa2fefa1440b94aac28ca466561ce4d8c552ae156ce6,248955412075324416,5850.678037666017
142702,1427,S,455,4550000,336294595,739109,0.14868761096446628,8.14830552903004,90707.07981760992,7280,0.00015391281585102937,d30026080478454145d4869948fccca8cb63bee351d804f9b12766684eefe3b5,249503772013816320,5860.9923667419935
142702,1427,S,456,4560000,337033704,739109,0.14857597621402305,6.377408967004158,115894.87263935071,7296,0.00015267698790130387,820cfcb1b65a53b6304d892b18697a8973de8a9184efe96b231a1e96cbb9e4ab,250052131952308224,5867.545212394965
142702,1427,S,457,4570000,337772813,739109,0.14831281942914906,6.540536614949815,113004.33641952345,7312,0.00015145460785928879,4c7c6b401e085523d70b2a3ca29e6346265f1b2ef32588624aacc6c3ca1bdf7b,250600491890800128,5874.295425959979
142702,1427,S,458,4580000,338511922,739109,0.14787779800985348,6.349231883999892,116409.19933363276,7328,0.00015024571709800697,890a6becd96b5aadb4f7f23a2e1e5b688bca7d690b813aa200206f99d5f05b76,251148851829292032,5880.806567438005
142702,1427,S,459,4590000,339251031,739109,0.1486129817112487,7.790012695011683,94879.0494877225,7344,0.00014905035653391894,5dbc7c7f44e0137d72472685a4e6b1dd070223911aa0a0c6da539316de326e33,251697211767783936,5889.555378490011
142702,1427,S,460,4600000,339990140,739109,0.14864583239087234,7.93834265996702,93106.21015735678,7360,0.00014786856662553843,346f17627b6812a8b14c198484e55fa06868550ae89d2c0e500955ea9659e926,252245571706275840,5898.019611164986
142702,1427,S,461,4610000,340729249,739109,0.1485689232379763,6.657532687007915,111018.45604789312,7376,0.00014670038737206313,d4d531c9329c725c58e06e8791d42780ffdd2eab9ae64d3a0548c62bd64dc7b3,252793931644767744,5957.893563756021
142702,1427,S,462,4620000,341468358,739109,0.14884753976732,7.799815264996141,94759.80839148318,7392,0.0001455458583120202,99ce05178d84a7440c10f0a0b7d2fc4bd390bab008044b561d0fbc5be9685407,253342291583259648,5966.654680253996
142702,1427,S,463,4630000,342207467,739109,0.14874130918183354,7.9469684599898756,93005.15079695455,7408,0.00014440501852192874,e69294f371979e35aa33e4e32ae590bf320dc0812eceeaba2be9f7e9c4ebde93,253890651521751552,5976.409611130017
142702,1427,S,464,4640000,342946576,739109,0.14877946926465038,7.852778219035827,94120.7021749748,7424,0.0001432779066149769,a9c661f98d1f5bfe70db85bc2316d9ac871eac6218fcd4a981f2c5aa25f26603,254439011460243456,5985.955700396968
142702,1427,S,465,4650000,343685685,739109,0.1492589215403835,6.511600237980019,113506.50730814534,7440,0.00014216456073971482,e4ae9d1d6f05ebd50c40a48acd7e639080014058f70a79d4759399eccc83ad48,254987371398735360,5992.672721892013
142702,1427,S,466,4660000,344424794,739109,0.1493501980038401,6.604950448032469,111902.27781650826,7456,0.00014106501857876402,ce094334adcccf59546ae8df523fa62c7b25c9ab1cbef1244641213a3eb174b9,255535731337227264,5999.442201905011
142702,1427,S,467,4670000,345163903,739109,0.1490962229214595,7.102366976963822,104065.16621814441,7472,0.00013997931734754102,0c85051aa683198668bcb9408bf6d48a8b8e8904f9fb411cd5499831a7c2cfa9,256084091275719168,6006.996482133982
142702,1427,S,468,4680000,345903012,739109,0.1482923466088491,7.038295891019516,105012.49328591926,7488,0.00013890749379299883,3867b539b3e3ffbbcbde6e35bd40dcc5692a3773e7166e3b8f12751f94fc6de0,256632451214211072,6014.536642091989
142702,1427,S,469,4690000,346642121,739109,0.1483492961620742,6.757786578964442,109371.46229220818,7504,0.00013784958419238227,6ab77e279bab7065454602101c150ef32734091d8c5591a8dba14d9e65268429,257180811152702976,6022.972917428997
142702,1427,S,470,4700000,347381230,739109,0.1482711697164296,6.935894798021764,106562.89080549587,7520,0.00013680562435200078,26c1fdda97fb8aeceffb026f5c3ad8bfed135b521f9cf5ab4a5927a89cb2dd3f,257729171091194880,6030.36829293397
142702,1427,S,471,4710000,348120339,739109,0.14847715849800172,8.348163390997797,88535.52157316598,7536,0.00013577564960601604,40882f9057773c53ee16130afe9495ec8c213972909e663ecad8e2d1c437f2ef,258277531029686784,6087.876084874966
142702,1427,S,472,4720000,348859448,739109,0.14842434725154469,8.357450212002732,88437.1406650455,7552,0.0001347596948152463,935741ccf99cae7b92527894a78b82561f7cf4e6ef470ad50575c08d2aaea9bc,258825890968178688,6098.373179212969
142702,1427,S,473,4730000,349598557,739109,0.14814520206029813,6.442123244982213,114730.65197498263,7568,0.00013375779436598667,8140aa680cd6dbabccf04a141ddfb40cda883045d72582cec9e09d4a7a2bc70c,259374250906670592,6104.979477087967
142702,1427,S,474,4740000,350337666,739109,0.14822822035011549,6.72279960999731,109940.65610715054,7584,0.00013276998216884455,22d955cbe7dc574c1cfdb5248bbfe7a94d1fc16ea3ced08eddc83a7fee387102,259922610845162496,6111.837359415018
142702,1427,S,475,4750000,351076775,739109,0.14805477915203752,7.060267652967013,104685.69129803403,7600,0.0001317962916575928,72e9f98826fbb2b4d0e3daac96d265abbc5a2d455e324790c5c89e497ca469b2,260470970783654400,6119.421018687019
142702,1427,S,476,4760000,351815884,739109,0.14846905524404858,7.188216281996574,102822.3095973272,7616,0.00013083675578803738,96ebf4750338388cfefb14b52af2ea9e6946bd56269a3f6a3534a5b55c7cca7a,261019330722146304,6127.102122814977
142702,1427,S,477,4770000,352554993,739109,0.14783533180350325,7.69681729003787,96027.87387932959,7632,0.00012989140703690243,582fea106a16de94dc871eb94576e8e8cd7017e35a5bc73c07528d1d53cf8d40,261567690660638208,6136.486550159985
142702,1427,S,478,4780000,353294102,739109,0.14792091032230242,6.656126330024563,111041.91287145724,7648,0.00012896027740073065,22c9236da4dd6c9e52db695820497a3347151cda171aed2b5c6f763121caf801,262116050599130112,6143.702569379006
142702,1427,S,479,4790000,354033211,739109,0.1478246684209095,7.448821337951813,99224.96009324762,7664,0.00012804339839480062,7397e518865d07ccd4e851c904e69fe482b902f510614c8a09eaa31e670bc835,262664410537622016,6151.642011836986
142702,1427,S,480,4800000,354772320,739109,0.14783381268065404,6.500017632963136,113708.76845807346,7680,0.00012714080105206025,374a10eeba15ae10f81d0186c55361ad89faef21a0f8959d5cec690966a51fd9,263212770476113920,6159.695033875003
142702,1427,S,481,4810000,355511429,739109,0.14916322781952374,7.642650482011959,96708.46543873697,7696,0.0001262525159220756,d0693f536ed0243e7f94b93e2435b5e3473d4670d9b27c41bfbdd418ec45a88e,263761130414605824,6219.636183971015
142702,1427,S,482,4820000,356250538,739109,0.1484369448476188,6.766329608974047,109233.37211059517,7712,0.00012537857306999827,286960016e67001b2cdebd072321acf509c2fa55cda015410568c0f539f8ca12,264309490353097728,6227.795378776966
142702,1427,S,483,4830000,356989647,739109,0.14822772717201993,6.615465893002693,111724.40640677628,7728,0.0001245190020755465,18b7c4bf37ea08c60ee8f83b141492d4c404474f53a54db9003f10cb02254003,264857850291589632,6234.926631584007
142702,1427,S,484,4840000,357728756,739109,0.1481704421252217,8.09412668395089,91314.23671259213,7744,0.00012367383203200482,c5fc796c296b2cc99c4062f8c1ba46ff47e436318521825330b2a5e4b8757e3e,265406210230081536,6243.566657855001
142702,1427,S,485,4850000,358467865,739109,0.1483167725890765,6.893092684971634,107224.5846354874,7760,0.00012284309154523887,7ba482116201d0518f6ee8f8665c718f2dc8b0250b7541f46286c6ec48d74a0c,265954570168573440,6252.008403322019
142702,1427,S,486,4860000,359206974,739109,0.14752334742453235,6.548532275017351,112866.35981312953,7776,0.00012202680873272756,f8dba7ff63011cecb95ac53b0a50e877416ce7bc671dc9cac45be5210b378e30,266502930107065344,6259.11656241602
142702,1427,S,487,4870000,359946083,739109,0.1473691233462113,8.018683347967453,92173.36162642545,7792,0.00012122501122261132,2483b7c13d06ac414807f450ae8018499daa2c16f6600d3bb1813d520a9f6352,267051290045557248,6267.817781226011
142702,1427,S,488,4880000,360685192,739109,0.1473522899184022,6.4434454149450175,114707.10969098927,7808,0.00012043772615275663,c18f99123568d29618ad647fe5d41c889f15fdc17e4813c43aa94013d4bb8ce2,267599649984049152,6274.361306236009
142702,1427,S,489,4890000,361424301,739109,0.14691439896824435,6.560388355981559,112662.38519646529,7824,0.00011966498016983809,b93e00a2cc04367ffbfd674de1239ef7ac418770023960fbc2e64f99ff5539c5,268148009922541056,6281.073923973017
142702,1427,S,490,4900000,362163410,739109,0.14737021572064554,6.43016908201389,114943.94479725182,7840,0.00011890679942843602,d2be6b8f11b99bc49662e7ce4f1453643e101030ed39304997ca61c703dc5e8c,268696369861032960,6287.664960235008
142702,1427,S,491,4910000,362902519,739109,0.14736699684394405,7.819665698974859,94519.25804154205,7856,0.00011816320959015154,ff8c60b587b61c8b081f1069da925a3a3abc146f50111e0a958227877fdfa1ea,269244729799524864,6350.272208473005
142702,1427,S,492,4920000,363641628,739109,0.14757853373300991,9.094190817035269,81272.65139582276,7872,0.00011743423582273784,cef4a7fe21b8cab4e0e2362baf1069bdfdbc4a05c0d184351eedbcb6fa6a0b9c,269793089738016768,6362.133140723978
142702,1427,S,493,4930000,364380737,739109,0.14761306806183513,6.574857104045805,112414.45833783872,7888,0.00011671990279924844,413fefd6a95697d9372eef79f9ea9965829100953c2f43f73c26de56805f8343,270341449676508672,6369.935699273017
142702,1427,S,494,4940000,365119846,739109,0.14738373793571827,8.956926237035077,82518.15192403103,7904,0.00011602023469720212,f2d67cc7b4e7e8e1a09ee0aac2bbadb070febf59aa9ec9f8cbcc356ace9d77c8,270889809615000576,6380.341714270995
142702,1427,S,495,4950000,365858955,739109,0.14761383015630533,6.3700333260349,116029.06329849092,7920,0.00011533525519776457,50f61995b9b0c7d79d5ea0d1e64fc0c4c878042912b311bcb15e8f7f24f6cbda,271438169553492480,6386.84653754899
142702,1427,S,496,4960000,366598064,739109,0.14728018264584533,6.384287913970184,115769.99815166103,7936,0.00011466498748494676,1489f205a43ff890912a13a5d4fff0f1d2efc4320b4ef18afffd88ba8b817526,271986529491984384,6393.406570272986
142702,1427,S,497,4970000,367337173,739109,0.147592231109533,6.668357498012483,110838.23868475751,7952,0.00011400945424482037,fd3b2c03cee03957276b8901820175ce9628eb1c048cab80dce1737609daf7c8,272534889430476288,6400.238473421021
142702,1427,S,498,4980000,368076282,739109,0.14785287701329278,6.273922649968881,117806.52093370422,7968,0.00011336867766474996,92c10de8a0fd8dfabeb868c527d03d357da19f91cde1fdd4e8462f811e8ddb0e,273083249368968192,6406.687247332011
142702,1427,S,499,4990000,368815391,739109,0.14764407012351244,6.784830739023164,108935.51046881564,7984,0.00011274267943264215,f2367329137243c6fe769cd3c9f40bf831751a2855ba263db252484d66a7d64c,273631609307460096,6413.639320013986
142702,1427,S,500,5000000,369554500,739109,0.14757895359413195,6.419962843996473,115126.6787612589,8000,0.00011213148073621088,1916bb9c51895fd0ff6518377e791045fff90e039c73d4765543d7837360c70e,274179969245952000,6420.157382528007
142702,1427,S,501,5010000,370293609,739109,0.1475785500182425,7.497289331979118,98583.49695100957,8016,0.0001115351022622614,b3be906a477903802c9d843439764bcd302d360427c276adac8b147d8058de6b,274728329184443904,6463.01988407399
142702,1427,S,502,5020000,371032718,739109,0.1473669849594097,8.495040666952264,87004.76301135443,8032,0.00011095356419598905,9b625fe78e1bac4fdbc04b598aed575a2f44c698b5c6c187b81693f6eca18bf5,275276689122935808,6473.424385503982
142702,1427,S,503,5030000,371771827,739109,0.14718068418853394,7.5143176119890995,98360.0957751308,8048,0.00011038688622029674,fe5da5d3747a54852eaddcbba60e9ea515aa2340cbe602708b10eac6c98c92b5,275825049061427712,6483.7394757560105
142702,1427,S,504,5040000,372510936,739109,0.14741622702940935,8.859713256999385,83423.58026272309,8064,0.00010983508751512853,ae918936c2603f90eabf9e6fbc13ea180b2fe02d523159d3baa01ba5f5f59c55,276373408999919616,6494.981185114011
142702,1427,S,505,5050000,373250045,739109,0.147273341485139,8.709557958005462,84861.82692207035,8080,0.00010929818675682022,358458e8ab3953e256807882efea8efdde2b636b323d75a9fb5b0164419b565e,276921768938411520,6506.176739928022
142702,1427,S,506,5060000,373989154,739109,0.14729499091907736,6.312494339013938,117086.67925957376,8096,0.0001087762021174678,0d0e3bdc0af7df672c0748f216e87cf1093f4338de5c0cf81b49bf4a31a891e4,277470128876903424,6514.031382354966
142702,1427,S,507,5070000,374728263,739109,0.14693396780553775,6.483447301958222,113999.38421289611,8112,0.00010826915126431175,b5452906f1981c7b3e8a8a66fbb13d7dd1752f6ddbea6c3d6eeb49616ecc7f4a,278018488815395328,6520.679812231974
142702,1427,S,508,5080000,375467372,739109,0.14663335968146693,6.520343039999716,113354.31210687225,8128,0.00010777705135913959,84d91853ffc59832f589332c3d95fdb21dffc9b985055a278f5adf9c08de7a4c,278566848753887232,6527.423941839021
142702,1427,S,509,5090000,376206481,739109,0.14759965216413393,6.564315433031879,112594.9853477144,8144,0.00010729991905770475,45a8f8eeddf0ddb83faa80ba1f950e7f091bddc59267a706766fb4a6d7ab1fc5,279115208692379136,6534.202426452015
142702,1427,S,510,5100000,376945590,739109,0.14673574263807898,6.551725138968322,112811.35644777445,8160,0.00010683777050916276,69ad61f926414df81b6dfe58b259b31aca472ae1d65b877363a0e70543102d4d,279663568630871040,6541.140648212982
142702,1427,S,511,5110000,377684699,739109,0.14673907731488875,6.553193067025859,112786.08648340064,8176,0.00010639062135552494,17d017ab530fbb28b0fc3f1d61b8c091d0cdbf16b827e29f2a1c67db44dab797,280211928569362944,6566.21828179498
142702,1427,S,512,5120000,378423808,739109,0.14655304799055022,7.761368464038242,95229.2116299606,8192,0.00010595848673112867,2487f76d75cdfbb6cf88bddeca5142f1324eeb494373b34aff0d3c6607a7c04c,280760288507854848,6574.526816865022
142702,1427,S,513,5130000,379162917,739109,0.14665258885563462,6.770080189977307,109172.85752304767,8208,0.00010554138126212556,d91c12196b34cabdb03c9cafa8c426f517f1a1227c86a3ce9fd1acb1e5757b33,281308648446346752,6582.6209422270185
142702,1427,S,514,5140000,379902026,739109,0.14696261419963316,7.300059078028426,101246.98883938567,8224,0.00010513931906598584,3c775b9144abf584c5519359cb3d0a516ca013c916a0175dae2a328e4bc2eff7,281857008384838656,6590.901596839016
142702,1427,S,515,5150000,380641135,739109,0.1469808940124421,7.26642299303785,101715.65854453556,8240,0.00010475231375102108,f322e056008d0b320f7587418a0329ea1f4ff877323967d386c6d4443582d7c3,282405368323330560,6599.093682566017
142702,1427,S,516,5160000,381380244,739109,0.14689802504648994,6.7337362469988875,109762.09534928077,8256,0.00010438037841592323,94a8f662c761d713a5065034fe4ff85ea7dfdc50f1f99201d0c02a4be33359e1,282953728261822464,6606.744379191019
142702,1427,S,517,5170000,382119353,739109,0.1468680807745789,8.38928299403051,88101.56964855298,8272,0.00010402352564932145,b5772f56cb2c307fecab117449e4dd26eb48915d3c522ae78afe35e0b9140aae,283502088200314368,6616.83342427999
142702,1427,S,518,5180000,382858462,739109,0.1473334409519765,7.835487839998677,94328.3960223879,8288,0.00010368176752935607,3224029cf25dd30ca79e0c42fa9cb148ce32574611b39552c80b9ca9f009c309,284050448138806272,6626.230580064002
142702,1427,S,519,5190000,383597571,739109,0.14690684576775914,10.495782583020627,70419.61798977057,8304,0.00010335511562326961,f0cbfe30ff5c0def7c57d7b2f658fc01216dd796169971457dfbd1b06c9bdfe7,284598808077298176,6639.6038502599695
142702,1427,S,520,5200000,384336680,739109,0.147086471602541,6.810003691993188,108532.833964393,8320,0.00010304358098701541,17d31759dd15adf84a623adabd56c4e08f6794007aaa9f2f4f37a7e0fae88d3c,285147168015790080,6647.976799230964
142702,1427,S,521,5210000,385075789,739109,0.14682762307521988,6.528716252010781,113208.93288513827,8336,0.00010274717416488344,e14f2887f36fa693475df06a2037202775a88b7b565089d3911a848637f715b6,285695527954281984,6677.123565613001
142702,1427,S,522,5220000,385814898,739109,0.1468321938674112,6.9470667099813,106391.52189773481,8352,0.00010246590518914332,3a8583e03213e78b90abbbb39e3fa6932c3e9c2e64e4da1fd9f1eceaaeb29813,286243887892773888,6684.564988058992
142702,1427,S,523,5230000,386554007,739109,0.1468959238636102,7.699411305016838,95995.52104956466,8368,0.0001021997835797048,2de0ad9571c6a9f52fed63daad075967fa4e1c039bfe300e37f27aae53e1cc48,286792247831265792,6693.686132757983
142702,1427,S,524,5240000,387293116,739109,0.14652637890429032,6.440158178971615,114765.65939223923,8384,0.00010194881834379561,00d2173a21a278e78a4d6d0cfa3711ce6467024f4f77e82ce21569daeb200beb,287340607769757696,6700.4340520380065
142702,1427,S,525,5250000,388032225,739109,0.14636971461616372,6.457885485026054,114450.62036386019,8400,0.0001017130179756565,f9cc27fe528b6b075a4f75bf5ef209365395468b13ff42d41533b335c319fd3a,287888967708249600,6707.039206151967
142702,1427,S,526,5260000,388771334,739109,0.14714408188770767,6.587784806964919,112193.85903719546,8416,0.00010149239045625387,275af1cb39e4340044c399702dcd848e524dd4afd67afef424f7f9266ad6105e,288437327646741504,6713.794684015971
142702,1427,S,527,5270000,389510443,739109,0.14693759643194473,7.007051391003188,105480.74486066856,8432,0.00010128694325300949,8bc8f317c3172b6127bffd7b7ff978470eb6ddcbbf2e91c3b2726898e50505ee,288985687585233408,6721.401419756992
142702,1427,S,528,5280000,390249552,739109,0.1467184258818409,8.665292817982845,85295.32879329217,8448,0.00010109668331954785,aa8b71d671183508cd76dc6571824ef0d464effcb0aa51f69262c2cdb929b92e,289534047523725312,6730.687096401001
142702,1427,S,529,5290000,390988661,739109,0.1466166019280748,8.22454386902973,89866.26027775015,8464,0.00010092161709546073,76942756021404e7946196747c9f239e1d65e772da2f07ffee05908089de6da2,290082407462217216,6740.583245549002
142702,1427,S,530,5300000,391727770,739109,0.1466996434054376,7.120453567011282,103800.83137179019,8480,0.00010076175050608948,b9697f176d2be0b51d1c57367b994853d90693194a608f88476c8c97a479e478,290630767400709120,6748.471415830019
142702,1427,S,531,5310000,392466879,739109,0.14643532430630132,6.650733927031979,111131.94545279937,8496,0.00010061708896232411,45d34dbeb43d4436c6daa513279baaeedc510a8dc186b1e67e33cf0745d0f9cd,291179127339201024,6788.738728893979
142702,1427,S,532,5320000,393205988,739109,0.14665653623496577,6.877907893038355,107461.31112748799,8512,0.00010048763736042034,b2de22a2792a12e9cc740a59da2b663fffa2504527e2067d86c72b2880b58b0e,291727487277692928,6796.106758498994
142702,1427,S,533,5330000,393945097,739109,0.14662987078117,7.352326292020734,100527.23051779318,8528,0.00010037340008183396,bf8d26462f22647bcdd851cb181b70bc9fbc2e2f47141de8b582f03c0b6bde68,292275847216184832,6804.416848619992
142702,1427,S,534,5340000,394684206,739109,0.14659162784892593,6.420034681039397,115125.39055012379,8544,0.00010027438099307244,c9703cfaeaa93057fc34af4ab7fe7af066d95d5237cba4417eafa6fd29940341,292824207154676736,6812.4096972660045
142702,1427,S,535,5350000,395423315,739109,0.14632479074759577,6.390945833991282,115649.39199905732,8560,0.00010019058344556396,892bfc997bc6900df23b600d55afe13d286da8cbcb3ab6e7ceebe5cab4d63471,293372567093168640,6819.02591733
142702,1427,S,536,5360000,396162424,739109,0.14693519836995655,6.357505852007307,116257.69872734527,8576,0.00010012201027554422,ed4676b8b653c6dd2172e900dbf59c1fe174b01bb0d4d25fcc28faf29bac6931,293920927031660544,6825.500542843016
142702,1427,S,537,5370000,396901533,739109,0.14705022107336327,7.010851586994249,105423.56956622968,8592,0.00010006866380396021,ffcb4e7f03f24eed4060dcbc7651101d1c96a921008df6c9527eca1838127fb4,294469286970152448,6833.01497143897
142702,1427,S,538,5380000,397640642,739109,0.14647393251240495,6.649755396996625,111148.29882822759,8608,0.00010003054583639174,07165b1221a5796d898d1730de345a9034775f20f9bfb30d723adbcf3e20ec77,295017646908644352,6840.199583982991
142702,1427,S,539,5390000,398379751,739109,0.1470551100349192,8.195114777015988,90188.97478689432,8624,0.00010000765766299047,3af6c5287684c3abdcab2221e1931348d49b967ed06112f12ceb3e3c6ac907d6,295566006847136256,6850.708026267996
142702,1427,S,540,5400000,399118860,739109,0.14658510820255277,8.141881509975065,90778.64853406146,8640,0.00010000000005843601,ed6252583faf5e57293466709fec2afa08f4a6c1b7cb6bdddcf3abcfaaeb5a40,296114366785628160,6861.180180986004
142702,1427,M,1,10000,739517,739517,9.676991405460004,6.937435589032248,106598.034750642,16,1.5999878995143762e-05,5f1d4c925d0049abd1d3d1d1587f543fbdd5dd8a273da14a6ba4e3039ae86bb5,548662641956352,6.937450547993649
142702,1427,M,2,20000,1479407,739890,7.5259954135357905,6.613435923005454,111876.792731328,32,3.199902927568006e-05,d8f3222d0feeecde194b6945112b8f74406ac5e3d3e56a6a95c6f5c5860984a9,1097602020168192,13.680353607982397
142702,1427,M,3,30000,2218684,739277,5.928588392514333,6.352927206957247,116367.93180793879,48,4.799671628773719e-05,5dba9643601a0849f393fbce49c14fc1eb33cc9c691874b15db4fe4ebf207d94,1646086601263104,20.139409116003662
142702,1427,M,4,40000,2957756,739072,4.972195944407839,6.351708848029375,116357.97825167915,64,6.399221294209405e-05,38274da0c5fb59cb2011c192c379421c19f68c72c5b209cdb9fc525e62ea5519,2194419088705536,26.576091841969173
142702,1427,M,5,50000,3697330,739574,4.228172240829553,6.387511231994722,115784.37565722172,80,7.998479127348539e-05,3de76a3240028854e80f052be6fbd491224ba75fb8aeb2d9c2b622984fca5899,2743124020116480,33.06502395396819
142702,1427,M,6,60000,4436847,739517,3.54765027118284,6.221429117955267,118866.09748003517,96,9.597371406865068e-05,22744e75b337111067a5018b3a4bc441d3da8e0217dde88b70138434c11fc4ed,3291786662072832,39.38682597997831
142702,1427,M,7,70000,5176737,739890,3.000642550090695,6.553277331986465,112903.81323991985,112,0.0001119582617851642,41ca8b67d8f0f4bcd705c7e62211e5b59e6d85b3939f365c19d32ddad32df12b,3840726040284672,46.097738133976236
142702,1427,M,8,80000,5916014,739277,2.5867018671210964,6.639188389002811,111350.50802663509,128,0.0001279376687933884,6ad5653373fd15211614cc2ab715529dba0ecfba38471f55227bc7216edc4ad5,4389210621379584,52.820909780974034
142702,1427,M,9,90000,6655086,739072,2.284428272438908,7.3473376969923265,100590.4492864869,144,0.0001439112484979609,8a35b3eb5aa47dcaea446976f147ea870884fd99f4f8ff75565348eeed6946f5,4937543108822016,60.72419216798153
142702,1427,M,10,100000,7394660,739574,1.9743390149718572,7.441678600967862,99382.68496355262,160,0.00015987827165656922,685a0896ffec2b0ba692dcd6ef0fac2c70c4ff49e222e86753adbb707fc55026,5486248040232960,70.07547183299903
142702,1427,M,11,110000,8134177,739517,1.6295204440896185,8.178790970006958,90418.86541812071,176,0.00017583797897244906,cdd1e1f8c5690152d1f53a3119f10cb40d08799951a8da13576bfc825e72464e,6034910682189312,142.44905369298067
142702,1427,M,12,120000,8874067,739890,1.4292211768439915,7.081449994002469,104482.83905508605,192,0.00019178967940873835,bba04e6357af930892ed591180d73d0252446d23b83e693e2988f81f89a4d6aa,6583850060401152,152.87244224001188
142702,1427,M,13,130000,9613344,739277,1.3283713177054175,6.335895779018756,116680.7387280749,208,0.00020773254375364424,efb74d259eaf00a33a8cb44e67843b298ebf40bc0830dc37cda091e26dc0358d,7132334641496064,159.2989516009693
142702,1427,M,14,140000,10352416,739072,1.2644760870462808,6.626222825027071,111537.45044741694,224,0.00022366596886588073,b78cd8b3a40529dacaed78d37705a12a554459d89df13c672564dbf84e669937,7680667128938496,166.15200665197335
142702,1427,M,15,150000,11091990,739574,1.1911180009262603,7.018674077989999,105372.32414299517,240,0.00023958921685850385,939537d78bb33f940988ae707162db96a7e8b12ebbee738f02d5e1b6a49db4b7,8229372060349440,173.6899216119782
142702,1427,M,16,160000,11831507,739517,1.1315005646711576,7.967727894952986,92814.0380482162,256,0.00025550149061530754,a2cd1cd4208406d2223e5ece9b11998f3875770c9b0546919bd8616ec46cb5b1,8778034702305792,182.1498043119791
142702,1427,M,17,170000,12571397,739890,1.1087746321582226,6.525719032040797,113380.60930407743,272,0.0002714021453732196,eb64d06b2264a69f24e47d639e82a201adf230f5eafed575a8bd9fe3495c36eb,9326974080517632,191.07023167499574
142702,1427,M,18,180000,13310674,739277,1.0775632851689256,6.311331581033301,117134.86932324422,288,0.00028729025594045497,9c070d3806d3d7d9eadf326d8889629097e35dc8d8e134800299ba03e6e1b955,9875458661612544,197.47437610599445
142702,1427,M,19,190000,14049746,739072,1.0747061503730433,6.605874806991778,111881.01827448391,304,0.000303165345449825,f4b29375a380a48ca58521d5ba072708630995b28ec416b5654f33135ad03cf1,10423791149054976,204.1727939679986
142702,1427,M,20,200000,14789320,739574,1.0548921917618341,6.534692002052907,113176.56589899861,320,0.0003190266600179436,f03b0abac9b2527e0a2854de7bd0aa76a51e30e488bce4278b25694014be552a,10972496080465920,210.8537318590097
142702,1427,M,21,210000,15528837,739517,1.0408996213618695,6.854051659000106,107894.86814400279,336,0.0003348733490384986,0f21fc52bd8d95eb0cfee7427ca7e039da8ca0e983bc67f805bf688b7246e3b7,11521158722422272,251.357190331968
142702,1427,M,22,220000,16268727,739890,1.0329244131909106,8.756591711950023,84495.20365215617,352,0.0003507048317134577,9c8161b5a788fa9bc9dd817b6e2b1ed62ffd987b334e421bb4e61150fe4a03e4,12070098100634112,261.8049740609713
142702,1427,M,23,230000,17008004,739277,1.02343639039563,7.865412232989911,93990.87779522214,368,0.00036652005463717636,13c5866e744905e66b2b3c7413fe1770fe7e5ee0b06b4595a91ad14a1253e67b,12618582681729024,271.4207296349923
142702,1427,M,24,240000,17747076,739072,1.019756613819914,9.490315728005953,77876.43964457327,384,0.00038231870982435916,e7a327adeac6054552247119e0b53da132ee99a1dfc51ee6c0acdfcf47f5f080,13166915169171456,283.67616748798173
142702,1427,M,25,250000,18486650,739574,1.0169643524222827,7.265800336957909,101788.37370992904,400,0.00039810002007210996,cf32b6839c0be942656f854c12e51e7dd4628efabc015c307348c24f6c707046,13715620100582400,293.6949704649742
142702,1427,M,26,260000,19226167,739517,1.0105820900257274,6.602834792982321,111999.92475746621,416,0.0004138630657057084,83d56e0e6c8ad4b4d8cb4f08266492139856a480fa8dd308b6d36eb110c3ebe1,14264282742538752,300.82354389096145
142702,1427,M,27,270000,19966057,739890,1.0055238571334426,9.400419525976758,78708.18934787074,432,0.00042960734747696016,5195d0f8b8dde9989bbd02101883123acab10fcc59ac8c725becc6feff6d71cc,14813222120750592,310.74988169100834
142702,1427,M,28,280000,20705334,739277,0.9974512320830048,6.419425554049667,115162.48514380392,448,0.0004453316517516721,921fd013036e1ca3135b01ed6caa3c2554ea682f3ebeef2327ada525178e12fe,15361706701845504,320.1129708089866
142702,1427,M,29,290000,21444406,739072,0.9932506446983725,6.5146069239708595,113448.44111477293,464,0.00046103588175025364,6295bba5b16d7dd1e58f8f1b00a6fea21812773ae187e780e14dcb0cbf2db2b9,15910039189287936,327.135275757988
142702,1427,M,30,300000,22183980,739574,0.9904466402818968,6.464787097997032,114400.36443414204,480,0.00047671922966890473,ecce3d1fc18f1bc5d48b58878b73732aa800567cad0e3a90f039d7e287cea95a,16458744120698880,333.7000889920164
142702,1427,M,31,310000,22923497,739517,0.9836362323504589,6.844623290991876,108043.49173946054,496,0.0004923806913055276,e6d71cca170d3bb62a1ce4f3322c3df2aad2e07baf3be1503ce5a4172d79b965,17007406762655232,374.0234030460124
142702,1427,M,32,320000,23663387,739890,0.9740338898350838,8.539287046005484,86645.40681368786,512,0.0005080198664107712,5acdecd39c278bf0fad4e73415935f43dee6969b150a2e4d39840ace2d0b9213,17556346140867072,385.1895611520158
142702,1427,M,33,330000,24402664,739277,0.967545766713405,6.812665955978446,108515.0812878545,528,0.0005236353493813119,c113849453425bb1c3c94f4d67381430c38bfdd9192e0db11febe0e624febf96,18104830721961984,392.7272107140161
142702,1427,M,34,340000,25141736,739072,0.9636138454828042,7.603961807966698,97195.64861907533,544,0.0005392272966116915,e5b91a70a0966d8ce53ef0d2a64205882ea4dcc3d86d5d93d841f26716819e4e,18653163209404416,401.25993102398934
142702,1427,M,35,350000,25881310,739574,1.0460212963168294,7.648146708961576,96699.76638045105,560,0.0005547948624703635,a859c307204fdb811defdd60cf96ec6746bb12d065e94f44124f430eb1d0bd13,19201868140815360,410.0696442699991
142702,1427,M,36,360000,26620827,739517,2.1801915037984805,8.94762652600184,82649.5158074558,576,0.0005703369429150359,7e1bb50858660b68637c404223610a6b8f7079307902c9e3d58a900660e6ee6e,19750530782771712,420.42557343898807
142702,1427,M,37,370000,27360717,739890,4.202055667509385,8.857825315033551,83529.53164974415,592,0.0005858532539792423,70620b77a7c606bebbeeb26a471dd3da71f3573b0623a6a6b70c6c4c1c77e5dc,20299470160983552,431.14065350900637
142702,1427,M,38,380000,28099994,739277,2.5736068552061284,7.3867053700378165,100082.10196100122,608,0.0006013421666786346,e09bb5ac4782a1e13429be8b6476bb68da617592bdbff87b9301066e76781fb0,20847954742078464,440.47630846197717
142702,1427,M,39,390000,28839066,739072,1.3437926376159108,8.995778449985664,82157.64806893146,624,0.0006168041321239801,cb4acde4fd3667dc7562e5f0e320df583d90e452a84c990c0d924b0c96765f09,21396287229520896,450.9372830759967
142702,1427,M,40,400000,29578640,739574,1.1118356039446535,6.505795112985652,113679.26397248519,640,0.0006322382596965051,cd890b6e4272d395dece48f631ae7357002789843d74db457171494441030a39,21944992160931840,458.28935903299134
142702,1427,M,41,410000,30318157,739517,1.0418453863456614,6.29790620499989,117422.67603364743,656,0.0006476433303736867,7c6a6316ece2db195d91b27e86026a14d5f5b016ab41ddc279c341c61b8a8eb1,22493654802888192,488.45873495400883
142702,1427,M,42,420000,31058047,739890,1.0233442573256772,6.583441782975569,112386.50304667631,672,0.0006630191935620604,218f9e1295058d35b5169d4f0faccca87b2a0107c3bdec2665283140a79c2498,23042594181100032,495.156009083963
142702,1427,M,43,430000,31797324,739277,1.0034627881814047,6.296883270028047,117403.63737069993,688,0.0006783639658672091,8ff868964071f399f3b1ccbdbcae22261f71ac7ff5e76ff14ab4726a3e028e11,23591078762194944,501.56575737701496
142702,1427,M,44,440000,32536396,739072,0.9970169600665797,6.590186615998391,112147.35531249187,704,0.0006936784341614762,33d6a7d05b8634d0560fe1d272e16b115225f281a034285ea84c7ac5daa5de23,24139411249637376,508.26171518000774
142702,1427,M,45,450000,33275970,739574,0.9887047422603175,6.78609485400375,108983.74041495402,720,0.0007089616557594579,1cc507e6fb2b0b5c53c614448bcc88628e73cb70ad38a4009121f180f1313681,24688116181048320,515.1581466479693
142702,1427,M,46,460000,34015487,739517,0.9754484345079191,6.694459820049815,110467.01599211288,736,0.0007242122817175584,cd602ba9bc40d5219e293576a165d4d77e19a02344ffe477ef0a59c0451532ff,25236778823004672,522.4869239070104
142702,1427,M,47,470000,34755377,739890,0.9677385971594799,7.765333691029809,95281.15975939194,752,0.0007394303116827908,579ac8b8a2be85995b82086143504f86a1986f2b93f29f78c7347d1964ee16a7,25785718201216512,531.2495508159627
142702,1427,M,48,480000,35494654,739277,0.9568969858078641,9.443238598993048,78286.38366490397,768,0.0007546135772581481,742a75c72ee143fd468cc4aa36b2aa938a48b425a131edb20d1af954c1a90665,26334202782311424,543.9963669499848
142702,1427,M,49,490000,36233726,739072,0.9518805336572326,7.886879417987075,93709.05282442232,784,0.0007697632415563749,10a3de5b9561f8649ac397b67e4eb9337ec17f97a64b7778a5c7e28545d6355c,26882535269753856,554.7267848259653
142702,1427,M,50,500000,36973300,739574,0.9488589586740868,8.971515696961433,82435.7917860509,800,0.0007848783028387343,ecd487830a988fc66414fd15edb43c5e40051f23776ca478feb59582d45ef820,27431240201164800,564.7375655120122
142702,1427,M,51,510000,37712817,739517,0.9438735850909794,6.159108886960894,120068.83034095894,816,0.0007999572675250621,3db8dd417d2475016c9b32c4531526f454d7c125f8f3804e96332e4b1f265774,27979902843121152,604.1789913019747
142702,1427,M,52,520000,38452707,739890,0.9359104122021422,6.621252136013936,111744.72513675058,832,0.0008150003021192502,f16b4de791169528c98b1f47de8d890082a1576c6f8f1583a87408ebf71946a6,28528842221332992,610.9118686270085
142702,1427,M,53,530000,39191984,739277,0.9287904291812877,6.428600380953867,114998.1265269295,848,0.0008300049231188175,099642fe697485514a91a89963a068406aeb840826f34cb14086981006f4f347,29077326802427904,617.4390637949691
142702,1427,M,54,540000,39931056,739072,0.9266431132814733,6.601248783990741,111959.42225240586,864,0.0008449727097201529,820632227d0c684d849d872b6fa415a684af18c600c24f3df4a9b48285e9a120,29625659289870336,624.1319808349945
142702,1427,M,55,550000,40670630,739574,0.9272721716914225,6.544518472976051,113006.63342213571,880,0.0008599025942496776,e7529ca343722edb63ed53f7842a719253ca5442d0c0237e3e0e714e92c34214,30174364221281280,630.8378738900064
142702,1427,M,56,560000,41410147,739517,0.9172680380133972,6.410544705984648,115359.46380806208,896,0.0008747929240263801,1a4995d6ba24bdf7abaff1c78041b4deb6ac737ed38d0fb255a64768a34d6187,30723026863237632,637.3487363460008
142702,1427,M,57,570000,42150037,739890,0.9139282037112388,7.082172712951433,104472.17682886151,912,0.000889644048748235,96c054a7137a85f5e7bea9fe93293f934fdc42b480c65cb5d111ef83a2257fc4,31271966241449472,644.5242782889982
142702,1427,M,58,580000,42889314,739277,0.9051950940653959,7.122517329000402,103794.34206357383,928,0.0009044531402465383,89882663ed86e3d124fdfc8be3ff0d0abe2290be19a65140d57f31b9ab59696b,31820450822544384,652.950762877008
142702,1427,M,59,590000,43628386,739072,0.9123991806283309,7.0226110449875705,105241.76766524994,944,0.0009192222329407235,fff449fc3960bffb03b8c999e3148b7d98096180a285b62a2c6dc51e8abe2c7b,32368783309986816,660.5950681539834
142702,1427,M,60,600000,44367960,739574,0.9116743137101917,7.640573102980852,96795.61860503194,960,0.00093395018645842,b77d3efc8dce36adca04ec7b19049877195a8ee85e0d13b12062148461fd1337,32917488241397760,668.7428668540088
142702,1427,M,61,610000,45107477,739517,0.9007617973588091,6.232978505024221,118645.84474403322,976,0.0009486351748302501,bcb8915f0747d0e35bf32933ed159d1c184b11a423099a4c56729c465eb050da,33466150883354112,742.5538389279973
142702,1427,M,62,620000,45847367,739890,0.889086303680293,6.24753527995199,118429.10313356179,992,0.0009632777469785174,8e99be4a7358199777f27144ed22ec490aed99d40a956c06708c182073de3b7b,34015090261565952,748.9294898629887
142702,1427,M,63,630000,46586644,739277,0.8727534245870293,6.605606645985972,111916.59443561271,1008,0.0009701137907752745,0ed9370df3024875b3f3e0134e24c534ace3f1fc677471d93175804172375500,34563574842660864,755.683085430006
142702,1427,M,64,640000,47325716,739072,0.8685228853726165,6.986590632994194,105784.3573244052,1024,0.0009691685207127017,00d610218c9822988b0835b3161e3f2315e422706d15a7b3d98a32a747a00a41,35111907330103296,763.2003056589747
142702,1427,M,65,650000,48065290,739574,1.7349637420814592,7.27153313299641,101708.12488552064,1040,0.0009682097303828455,fb6556e5ec82d31630c459e81fc7074db1762d912acb06cdbfb4a036e2fd9932,35660612261514240,771.5134833859629
142702,1427,M,66,660000,48804807,739517,1.4206574162416734,6.602397768991068,112007.33822388404,1056,0.000967236127957601,ed06019e5e174ab865e207dec6aa8127945636b831c1b35dab2dde8aaddcd9fe,36209274903470592,778.6414102540002
142702,1427,M,67,670000,49544697,739890,1.0239226508071928,8.36171888600802,88485.3951785064,1072,0.0009662490892048042,4d6e00ffbc39cbb93a3cb578eea6808c1bef227e58df9120a8e12aecfc84126e,36758214281682432,787.4778899020166
142702,1427,M,68,680000,50283974,739277,0.9416978528815118,6.407423853001092,115378.19519364861,1088,0.0009652458946272994,4c7e9a53745218f2bda14a5f4b23905b3a386c1992c610650d7dc10746507d6a,37306698862777344,794.5941156629706
142702,1427,M,69,690000,51023046,739072,0.9076574832087452,6.752101786027197,109458.06556551562,1104,0.000964230017605631,d395581d2ece36fbb4fadee70244895f0b396a1393f2d357c9577c9126c0d695,37855031350219776,801.5340537329903
142702,1427,M,70,700000,51762620,739574,0.886516960953596,6.885211789980531,107414.85121434316,1120,0.0009632008360207139,cdf888efbc29b3a46145ee40b6903ce68880fe73f5fbad89557eb1ea6d4e52f8,38403736281630720,808.6370468959794
142702,1427,M,71,710000,52502137,739517,0.8607285739657,6.955863501003478,106315.62851877623,1136,0.0009621569632026418,c95fc424d0a776b418c6d0ed429ea54cc850f84214293d99ef7592ff9c08561b,38952398923587072,879.1612799569848
142702,1427,M,72,720000,53242027,739890,0.8348862560441236,7.003270841029007,105649.20546344118,1152,0.0009610998742179007,2e16f14c96db0de479cb4855f971a6c7bdd9d09b4dcf754739b5ec1a3af75a1a,39501338301798912,887.9157252259902
142702,1427,M,73,730000,53981304,739277,0.8118276743564985,7.516199473000597,98357.82068525489,1168,0.0009600266589961468,d9735b959d4d137f1e3dd94d7c0d1fbf16675bf47b3f35160ee9ecae275bd772,40049822882893824,896.0023971279734
142702,1427,M,74,740000,54720376,739072,0.8035778555029356,6.66052742197644,110962.98433686027,1184,0.0009589410345487643,868dc5f98edcb49038d556690ae24e826cda00c4bfe8b5fb80bcbfff3742a87a,40598155370336256,903.8635348209646
142702,1427,M,75,750000,55459950,739574,0.7981573122533779,6.611620504001621,111859.71722853418,1200,0.0009578423324991561,83a77c6cde8fb458cc8ca5c94122a95696277198f00f15da67ad21ad572204e0,41146860301747200,910.6414868049906
142702,1427,M,76,760000,56199467,739517,0.7777214287399551,6.28293433401268,117702.48751393484,1216,0.0009567290725088762,8c08fd7ce9ded931925d2aa2c814f183d92a20b9fad2f8f7836ff840a9f253e2,41695522943703552,917.1251933159656
142702,1427,M,77,770000,56939357,739890,0.7540714812898406,6.631022771005519,111580.07226806796,1232,0.0009556028276950068,0fdf158897ffffc77d574e0b540166980136850d0f52e85bf32becb364ba90b8,42244462321915392,923.9348631429602
142702,1427,M,78,780000,57678634,739277,0.7260731764946047,6.308428113989066,117188.78088832278,1248,0.0009544604998762266,5f22b1978d3bfe3750ea7d95ca9d3a9f19c3f72cb65223f046d7f72252c9b995,42792946903010304,930.3420972210006
142702,1427,M,79,790000,58417706,739072,0.7129642387595935,6.740133025974501,109652.4352192802,1264,0.0009533060465497961,00e3f3e8fafc5a85f19c270a3a2335ff876b6795dfcd2a7a923c8b93f02c1ceb,43341279390452736,937.1775660249987
142702,1427,M,80,800000,59157280,739574,0.6999661726337698,7.069154447002802,104619.86727614452,1280,0.0009521387536471205,39949a6ce73a7f87fa5e8ddd26ccdbc28da44bf316f1203a832e6653ee8300f7,43889984321863680,944.3443365739658
142702,1427,M,81,810000,59896797,739517,0.6748068673312692,7.262275076005608,101829.93514571589,1296,0.0009509570484137276,261c310009a740cad4029b0ffb950730e07d7dc717fdc238738f64c2fa42ed11,44438646963820032,1016.8679229120025
142702,1427,M,82,820000,60636687,739890,0.651518918295989,6.502005925984122,113794.11345092133,1312,0.0009497626006862815,504d74ce6f1ecd7689872474c6d0594b1cf42f3cafeb811890b5a85b69bfbe21,44987586342031872,1024.7058617949951
142702,1427,M,83,830000,61375964,739277,0.6331171571781814,6.3872181689948775,115743.1890441181,1328,0.0009485521267938548,f20d9916e39529656f7d03b83c7feabfa23ef6e3a32cac356f8854efd4808448,45536070923126784,1031.204632279987
142702,1427,M,84,840000,62115036,739072,0.6247937446818205,6.639394383004401,111316.17695310962,1344,0.0009473298213711462,a16aa12e27c46e76845e507d14c4b7e84fa7cad028f27cd680f93bae5d6313bb,46084403410569216,1037.9527555030072
142702,1427,M,85,850000,62854610,739574,0.6044696658785161,6.612984286970459,111836.64861523718,1360,0.000946094925261736,007434c876fa112a673e74e5c12990875df2bf3b8285f76824dbf2956d21915a,46633108341980160,1044.6636688410072
142702,1427,M,86,860000,63594127,739517,0.589950598333356,6.392698920040857,115681.49998143094,1376,0.0009448457746258338,02e9b5c183cab8f86b4d52472c383bcc7825fc4a751ef752b9633efc11b71d20,47181770983936512,1051.2315206970088
142702,1427,M,87,870000,64334017,739890,0.5780424714030438,6.832195189024787,108294.62266952744,1392,0.0009435841346068372,69eb1c7274e1249a906e395ba6ee165726b76a475462d56a7d2cb3931a3438b7,47730710362148352,1058.1661935439915
142702,1427,M,88,880000,65073294,739277,0.5568848857880097,6.671696662029717,110807.94548220531,1408,0.0009423065388225252,fdd7e021456af65af5bfbd17f2e73cadbd8eeb453350d81a311a5000769920a4,48279194943243264,1065.3264689850039
142702,1427,M,89,890000,65812366,739072,0.5475943103190066,8.900951102026738,83032.92440643944,1424,0.0009410174154959556,1268782c84a2107b4c4e5a57be29e51192985c5c46e5d97a7c0e9851707736fd,48827527430685696,1075.1677545459825
142702,1427,M,90,900000,66551940,739574,0.5517105192798948,6.861519140016753,107785.75194620738,1440,0.000939715961025206,ba8d5a052fbb6e9ff50f495f6de2d7fd55246c6b2eb41b1d062c81eba28a5cc4,49376232362096640,1082.1260191350011
142702,1427,M,91,910000,67291457,739517,0.5431518524958402,7.030500861990731,105186.95815799972,1456,0.0009384004218929422,133e19b7f5cd275aa16917f1c5118f36706eeba422e2f2bb10bd5b1ac9dd54cf,49924895004052992,1181.3598550949828
142702,1427,M,92,920000,68031347,739890,0.5314402439905258,6.8474210649728775,108053.81952992702,1472,0.0009370726570558076,2bf730ea7230cdf376ac5156ce6a58c670f6f32ebb1b50010ce63f901dc7e16f,50473834382264832,1188.7543106820085
142702,1427,M,93,930000,68770624,739277,0.5212663457396829,6.634297468001023,111432.59758335064,1488,0.0009357290203531935,491f5e6ee13ad85fcc290996248600576bbd7603829dc99be31f11bb7aa2a942,51022318963359744,1195.9358226589975
142702,1427,M,94,940000,69509696,739072,0.5216388660894367,7.346816311997827,100597.58793656615,1504,0.0009343741698497976,fccb62bb5bff74fb7e9054c41d2b2444f10f36debb7f42dc1e54d7458f6cf80f,51570651450802176,1204.5673061949783
142702,1427,M,95,950000,70249270,739574,0.5245399779167789,6.487542525981553,113999.09858596323,1520,0.0009330072581781225,dd63c39e0ab7f0fa74684228b76a7992c532a5720e14e99840b842cc6fb2044d,52119356382213120,1211.1574285209645
142702,1427,M,96,960000,70988787,739517,0.5177377391862589,6.367530536022969,116138.74418290383,1536,0.0009316264436269405,87d2791f2cfdeb068e791994b0065393c3bbfbe6bcfa09e7803d57fc72483434,52668019024169472,1217.6253847099724
142702,1427,M,97,970000,71728677,739890,0.5160072505611846,7.592624596029054,97448.51607531903,1552,0.0009302336773932783,095e078028628ab87569f1b0904b17052a10901a9b8b667823485bfa55b85ead,53216958402381312,1225.3204529979848
142702,1427,M,98,980000,72467954,739277,0.5114769081508779,6.663877259008586,110937.9676824938,1568,0.0009288251366231554,5bcfcba37d7a3c2da07e8cd04039dae21236210f9ecfb78ef971f7cd7df34df2,53765442983476224,1232.3381695739808
142702,1427,M,99,990000,73207026,739072,0.5123585506649136,7.211435412988067,102486.11513165652,1584,0.0009274057052817213,5a44330aaf35ae3335f21b90026fb0b0c2784ae60abe78fed78e2aacd452c256,54313775470918656,1240.1130641049822
142702,1427,M,100,1000000,73946600,739574,0.5130017776728807,7.788399739016313,94958.40285329388,1600,0.000925974492952861,37554955377eb22c5d03c3097594556896f214e4119853972024ada6e382f4cc,54862480402329600,1249.3092153159669
142702,1427,M,101,1010000,74686117,739517,0.5062074187983927,7.872496697003953,93936.78123503551,1616,0.0009245295712897258,03235b143c455cbe4c4ace212fc63e97730cdfc9bd5b7c5697c389d55229d890,55411143044285952,1316.8989189169952
142702,1427,M,102,1020000,75426007,739890,0.5012794348982638,6.5087355190189555,113676.45802137643,1632,0.0009230729820788175,7baabd0f26ab7e95d2b35ce1c510d0ba8803f5bbfdd9f1f45a32cf3844c60689,55960082422497792,1323.5534204400028
142702,1427,M,103,1030000,76165284,739277,0.5007893404832622,6.410239538003225,115327.51555026649,1648,0.0009216007290072995,9f4b42070a7aea736b6058e23274bfe43dd2650a07f09edc5512b113af769e31,56508567003592704,1330.209319565969
142702,1427,M,104,1040000,76904356,739072,0.4974194610556559,6.874454534961842,107509.91169426686,1664,0.000920117917808452,063df37ae2e5145255400db17d845e6d1108fbbfdaab1c79a6e1069f734ddfcc,57056899491035136,1337.2666976329638
142702,1427,M,105,1050000,77643930,739574,0.4971829085061068,7.037053640990052,105097.10991714828,1680,0.000918623615770923,5167bd290fe9d710b0691c9113bc6a231a90460711c463a1334dbbcfcb9ea4ed,57605604422446080,1344.8448707700009
142702,1427,M,106,1060000,78383447,739517,0.4937197260920869,7.195821348985191,102770.33908079058,1696,0.000917115809543816,2a578faac71e711af697cbfa9bea04c775608e91e11ca7f5a6430efc9e5ccc2e,58154267064402432,1352.5666510830051
142702,1427,M,107,1070000,79123337,739890,0.49446890519076453,7.089760478993412,104360.36622002326,1712,0.0009155966297755534,e1b5d758bc97e514105bc84e10a67c2f734297861485570595354e771a59828c,58703206442614272,1361.9719447710086
142702,1427,M,108,1080000,79862614,739277,0.4954791148495344,7.586071964004077,97451.88333407203,1728,0.0009140619100757221,c285972eac9de1d500a7b3d5e74632c4119a0510fbc6c85c90033be787adebfb,59251691023709184,1370.120531196997
142702,1427,M,109,1090000,80601686,739072,0.4955799241234449,7.735451780958101,95543.48225908788,1744,0.0009125169736257728,7545c7bd6e54dba2fc0ccbe286ae8998aee7b51278f2256a2eac21d2dd91d006,59800023511151616,1379.5521278209635
142702,1427,M,110,1100000,81341260,739574,0.502207713910686,6.544274267042056,113010.85037413627,1760,0.0009109608462082833,928fea7db20f5f5b7a7ac490b33dc793e94ec75539f5b9b9363674c8580d30e0,60348728442562560,1386.2062165960087
142702,1427,M,111,1110000,82080777,739517,0.5000411858872003,6.395126132993028,115637.59410229075,1776,0.0009093914311718055,3294f18d2fde888616fbffe861b6108e9ef77674b63f1ec7147c79cbddf0d548,60897391084518912,1448.0987064680085
142702,1427,M,112,1120000,82820667,739890,0.4988353234408415,6.92710301297484,106810.88452332035,1792,0.0009078109462239407,db9c8e92a1cfcfec665f8435bee2d2c0bbb7def8486fa5f0e10148b614ca748c,61446330462730752,1455.5512553880108
142702,1427,M,113,1130000,83559944,739277,0.49071132130727335,6.677092403988354,110718.40185383923,1808,0.000906215058421882,562c83133c439369d461a3eae043d08863b0f6238a694ec80e00ff169a827a11,61994815043825664,1462.7801954459865
142702,1427,M,114,1140000,84299016,739072,0.4918350546179158,7.685759168001823,96161.22283365107,1824,0.0009046093038913071,dbbcea86bf96f7b98ccf263f7af364741d9eb0824ae0612ce7636f060a1cb42f,62543147531268096,1471.8748476519831
142702,1427,M,115,1150000,85038590,739574,0.4981347197238255,8.469719311979134,87319.7768140893,1840,0.0009029926677330091,45440eeb77787a8a9de6522a38e395b97c6d010ba66c2ed4ff5740ca41041c8b,63091852462679040,1480.8438325729803
142702,1427,M,116,1160000,85778107,739517,0.49793725184816473,6.372450470982585,116049.0777240944,1856,0.0009013629717689648,2acc40412a1f531f1b62ace62c2b3c83c38455ed038a410e4204712f6e518b9f,63640515104635392,1488.5245476510026
142702,1427,M,117,1170000,86517997,739890,0.4954022707824303,6.447287552000489,114759.88840771094,1872,0.0008997225188895524,6c7eb2c791fd66ff514d5f803544cadf57a5c400814efcd4674212685ac0281d,64189454482847232,1495.1664945139783
142702,1427,M,118,1180000,87257274,739277,0.4899211783787524,6.294274153013248,117452.30379679079,1888,0.0008980668132656732,e29bacc3df29528286ef569f75cfbab35e78f57f1018197f08ea5f08cacdf325,64737939063942144,1501.6086049199803
142702,1427,M,119,1190000,87996346,739072,0.4913177483524465,6.442035320971627,114726.47434794392,1904,0.0008964015992831172,001ff4392cf0fa5846e124def6a4c1a7e2f94818c182e49b1cb511bc637769e8,65286271551384576,1508.1432738410076
142702,1427,M,120,1200000,88735920,739574,0.4908093399316413,6.962666951003484,106219.93055310652,1920,0.0008947258222195986,a025930ae8ff43a9e730f8971eef6dd84727071cc07527efe421c5fc55e88aee,65834976482795520,1515.2347198149655
142702,1427,M,121,1210000,89475437,739517,0.4891273671546738,7.908055095991585,93514.39652650428,1936,0.000893037224213475,f401625ee13d4e23c6e42142f7bb906556277585cd530d98adbcabd94b793eea,66383639124751872,1586.6803965279832
142702,1427,M,122,1220000,90215327,739890,0.4884880739917132,8.858743086981121,83520.87793214685,1952,0.0008913381913894265,c98ea1b742723fc263b276c8e2cff20c50bf266f4e810ae9bdd0a56134637220,66932578502963712,1596.5643391449703
142702,1427,M,123,1230000,90954604,739277,0.4839329337772013,6.323992945021018,116900.35179151247,1968,0.0008896240688359829,14af73c31226d2f73589c22844c51b059e2d58c95dbe8cb0abfcb0fe8d713980,67481063084058624,1603.5150414179661
142702,1427,M,124,1240000,91693676,739072,0.48587616545170453,6.591813925013412,112119.66970055155,1984,0.0008879008043387224,dcd47588603f5599f1b46c78f6fc50ac0c0c6736d92e905c7ecf7978c7e8ea2c,68029395571501056,1610.2563150729984
142702,1427,M,125,1250000,92433250,739574,0.48512195839051,6.5666658919653855,112625.49552047446,2000,0.0008861673042446812,d6278d8cccfacdef701460ffe2aba141f055e0accff8383dc8df7314ba5e5ebb,68578100502912000,1617.0192762929946
142702,1427,M,126,1260000,93172767,739517,0.48599422606632037,6.366684025968425,116154.18591273869,2016,0.0008844212329189739,eb2297902fd4c7a8dab57fc859dbef71bed561878cea8117266459504d332a97,69126763144868352,1623.5566817069775
142702,1427,M,127,1270000,93912657,739890,0.48508682106284917,7.011454185005277,105525.89812001219,2032,0.0008826650577016823,1f550cb090cb385a43f6b76de99ef9a33051722c6dffde8a21381393777b299b,69675702523080192,1630.7550040659844
142702,1427,M,128,1280000,94651934,739277,0.4805287474608768,7.207931532990187,102564.3760094532,2048,0.0008808939685374851,6395f62260961feca1990f7296097eb989d5fc94bfeb05bfbd23f6b22710c603,70224187104175104,1638.5572057570098
142702,1427,M,129,1290000,95391006,739072,0.4818703631732057,6.555116835981607,112747.34203716544,2064,0.000879114111579328,d0551090345fa1e964b743ac429809051ccc7bbd6bfcff97432439d29a260866,70772519591617536,1646.776829998009
142702,1427,M,130,1300000,96130580,739574,0.4867290129593043,6.677993195015006,110747.94154508541,2080,0.0008773243551689087,308a413bef17002975927ee3769582046fff2b0ddb93c179f53614d6fcc2c2f8,71321224523028480,1653.7024058469688
142702,1427,M,131,1310000,96870097,739517,0.4835604430535392,7.901702393020969,93589.57895619614,2096,0.0008755222878742791,9a306e248ba2334727ee1acc73260fbff631b15ab74d8358067b07b258af2b3b,71869887164984832,1726.2817612459767
142702,1427,M,132,1320000,97609987,739890,0.4827665565948013,6.762126418005209,109416.76541715166,2112,0.0008737104561633073,86ab327507429de28c8cc0223e73d7cf9946a129cc0aa7b4e765ecf19511aaef,72418826543196672,1734.2940377119812
142702,1427,M,133,1330000,98349264,739277,0.47740898054285097,6.509486564027611,113569.1721195577,2128,0.0008718838989066071,81aa1d8d3bfe25f610077bb1992d070adcc9aa9f1d8295a121d0c0bfafa5e7dd,72967311124291584,1741.3074114719639
142702,1427,M,134,1340000,99088336,739072,0.4806159846729831,7.586449324968271,97420.0140726691,2144,0.0008700489554242331,feb528798a3df95febe2d90b1ae8a4028375997e951b3c8686bbb5d0250eac0e,73515643611734016,1749.3874170840136
142702,1427,M,135,1350000,99827910,739574,0.4832044264915894,6.6408893229672685,111366.71069674521,2160,0.0008682044570100404,9afc246bc54806f70f032ece3397e89ae96bdc74ca7e6319d8fec44ad1e85513,74064348543144960,1757.752435249975
142702,1427,M,136,1360000,100567427,739517,0.4793082792077438,6.336929242010228,116699.58299319864,2176,0.0008663479184753302,5521d78cacde35f88bd35c90d387ea6431db71deb0e28b947929cf9436ce7ebc,74613011185101312,1764.181548619992
142702,1427,M,137,1370000,101307317,739890,0.4787026679405151,6.387332295009401,115837.09220484685,2192,0.0008644819632611909,7b6932524e36a286daad23f34dc146db8631bc65f77da4e5948e8c58e0c4c9c1,75161950563313152,1770.6782306939713
142702,1427,M,138,1380000,102046594,739277,0.47463400678161166,6.449318406987004,114628.70234459022,2208,0.0008626014833617823,10efbcb47c22d1c3fa1e12240c057e570d0c7ac430d03d7843a0b3f76ff150bf,75710435144408064,1777.2189440309885
142702,1427,M,139,1390000,102785666,739072,0.47690628213497605,6.648947295965627,111156.2428007883,2224,0.0008607130059005702,e90d99de8624a010a13bfbf2b077ccc5e416aa4617bb05dcfed7062014d945a5,76258767631850496,1783.9649956779904
142702,1427,M,140,1400000,103525240,739574,0.48181118461984546,6.5622426649788395,112701.40983157087,2240,0.0008588153261124089,cbd792a0c187ea8fc0ea07d1f72aee6fa74b719ac7f2b1b4a9d13c32856a27c8,76807472563261440,1790.6741174539784
142702,1427,M,141,1410000,104264757,739517,0.47958878486366896,6.623028923990205,111658.42826403663,2256,0.0008569058871545673,4c1c3f43a196c6b7e0b394c5550204cadc070d5940d59fa1a8ce1f85edf1e3a1,77356135205217792,1860.1786017139675
142702,1427,M,142,1420000,105004647,739890,0.48193756825214457,8.675027389021125,85289.64426514485,2272,0.0008549873872216603,e0b9ce66546a7d891f4b2f65df73c8d4e74adb8dc01a38ce3a43724c9c310709,77905074583429632,1869.4576126859756
142702,1427,M,143,1430000,105743924,739277,0.4724165564487255,7.134813713026233,103615.45931469534,2288,0.0008530545757532773,e9405a001ab712b36c24fa13befe04ec35145bec4f1c247b0d29839783b21e53,78453559164524544,1877.8247683839872
142702,1427,M,144,1440000,106482996,739072,0.4732010207107664,6.45608854101738,114476.7447510151,2304,0.0008511141621536965,c92a6b13010967137e923570c935681551f0ea8af2294018b26ed23f4f3eb611,79001891651966976,1884.376274653012
142702,1427,M,145,1450000,107222570,739574,0.47937639410493493,6.512418100959621,113563.65462638553,2320,0.0008491649066181234,5350011968f4cde6759ffd1c7be77beb15665b78609f84e9ad7a1f3a6474035a,79550596583377920,1891.0784993959824
142702,1427,M,146,1460000,107962087,739517,0.4751617836771699,6.2863667189958505,117638.22141736688,2336,0.0008472041828131386,200f5e7843eabb88fc7708472d62bf7e5bec7c027456c359c872b62422548ebc,80099259225334272,1897.4653225039947
142702,1427,M,147,1470000,108701977,739890,0.47159781478807905,6.66965600597905,110933.75720377805,2352,0.0008452347614039419,71fe05fb9819e06a9188ece088af52aaf21929e4e0e5097430698081313f74d2,80648198603546112,1904.269668804016
142702,1427,M,148,1480000,109441254,739277,0.46549139998584654,6.493000230984762,113857.53483761656,2368,0.0008432512537180497,2aa9c005251db53c7057362dbce1cb38e5ffecbc8b89bc43b4884edb44bf3df7,81196683184641024,1910.9384691150044
142702,1427,M,149,1490000,110180326,739072,0.46532550913510456,6.427133821998723,114992.47105612031,2384,0.0008412605457637279,17180791fff31f14d0280b06326edcacf6f39d35d70573456a7ee5d0948d0331,81745015672083456,1917.4687976029818
142702,1427,M,150,1500000,110919900,739574,0.4731536515243519,6.6871785370167345,110595.82092897683,2400,0.0008392613637455314,33b5a9855d10a30be3bf01bdd7bc7ca1dd918307fd54f8f2c08d457e11a840fa,82293720603494400,1924.3332889970043
142702,1427,M,151,1510000,111659417,739517,0.47082776760449274,7.1993552729836665,102719.89254025494,2416,0.0008372510140614925,20f0a944970e320f3f9d6edfcf8b69ad18fa60f61868ad9dea4265240b9fb362,82842383245450752,1992.3084565969766
142702,1427,M,152,1520000,112399307,739890,0.4681530462935696,7.980697528983001,92709.94136953414,2432,0.0008352323375031365,f48a8cdba48c30634329118334883d85d0a5140c4a9e6f61c624055f1309d047,83391322623662592,2002.2178380159894
142702,1427,M,153,1530000,113138584,739277,0.460062488123627,6.303762700990774,117275.51227202866,2448,0.0008331998118452622,b0e5c9d8cca8c5025407e7db7c626eff009d60632646a12c3a6674334ff5d79c,83939807204757504,2008.7546492730035
142702,1427,M,154,1540000,113877656,739072,0.46147330898622513,6.411610966024455,115270.87403094025,2464,0.0008311604938738723,05ed06241f96693df03ae4879064ff946c361601a9ddfcac6802268334135e31,84488139692199936,2015.2662639159826
142702,1427,M,155,1550000,114617230,739574,0.4664893082347603,6.411359580990393,115353.69224849412,2480,0.0008291130768806292,3690426c34ea3557e88960acee3d22b729ec72b2ee7545ac012257418a5a1bbe,85036844623610880,2021.804959325993
142702,1427,M,156,1560000,115356747,739517,0.4651308347195367,6.27674818696687,117818.49103577928,2496,0.0008270548022740733,e009f367b251edd628c73f31c2b5f00904fa5ac0d6c64b7a111c8eff17d43553,85585507265567232,2028.1820596539765
142702,1427,M,157,1570000,116096637,739890,0.45823397953637984,6.409274205972906,115440.52824428772,2512,0.0008249885785684623,fbe3752bfa6185c488c93326959e38f1e167575989ba85dc519eff31c77ce433,86134446643779072,2034.6861164880102
142702,1427,M,158,1580000,116835914,739277,0.452691383282018,6.361655641987454,116208.27055157004,2528,0.0008229087546582308,0a2d36984deb07eb7cc83afd2fba5b62a1b395a3afcda78264432a1d39c6eb2c,86682931224873984,2041.1676684750128
142702,1427,M,159,1590000,117574986,739072,0.4538339728874693,6.5089651250164025,113546.7752253685,2544,0.000820822552136373,db3f92abeae30b4c120632aec9bb8251af96f0a9ae7dfbc0178e99a970c700cd,87231263712316416,2047.7853058009641
142702,1427,M,160,1600000,118314560,739574,0.4619336599949356,6.961985554022249,106230.32671659527,2560,0.0008187286324872647,f953486784ff1dddcdba3d73fce32db284c8217091253c5ef04e046aabf40c44,87779968643727360,2054.859105503012
142702,1427,M,161,1610000,119054077,739517,0.45825436991825547,8.641324995958712,85579.12129746884,2576,0.0008166241744639982,093eedec9590973b574741d325d69f8fd8c3efef0badafd7562863c48617277d,88328631285683712,2111.5733825200005
142702,1427,M,162,1620000,119793967,739890,0.4540064568696113,9.16930983401835,80692.0055482247,2592,0.0008145121518426695,5b0984d13b12afe0a9c602dbdc4612d59291adaa5e0a98abd3c54a37dbee9f32,88877570663895552,2122.4740234239725
142702,1427,M,163,1630000,120533244,739277,0.4474005995880045,8.009844151034486,92296.05296434152,2608,0.0008123867894187496,a79afaed4a9c2b8b29ad7f9399cccdaa7ca942fd90abed92ea8db6b561925ed8,89426055244990464,2132.93904835399
142702,1427,M,164,1640000,121272316,739072,0.4466919220047175,7.552839573996607,97853.52816767401,2624,0.0008102554674820348,21e4da61ac3401a7c6957a95477bc89509f81fe5d7e8afd176583afad3053f1a,89974387732432896,2143.465088477009
142702,1427,M,165,1650000,122011890,739574,0.456077469403148,6.545253688003868,112993.93961696095,2640,0.0008081168168421321,17e039bb157fe6b3abdd8fbd7f449d627e7511749058bbf3509a45aed40a9d9a,90523092663843840,2150.1923158749705
142702,1427,M,166,1660000,122751407,739517,0.45403630007753426,6.392761202005204,115680.37294558059,2656,0.0008059679559837421,6097b53804151c09a7532b0ca0b50c6e2a50890d005b782c991c18436ca000a9,91071755305800192,2156.6855002699886
142702,1427,M,167,1670000,123491297,739890,0.4506352404245847,6.9611231359886006,106288.88263372499,2672,0.000803811921428689,3a06d625e63f0f84f9ddf368474738c9ea5ec902bb25f66b6383c3513ed4424d,91620694684012032,2163.758015119005
142702,1427,M,168,1680000,124230574,739277,0.44265894346531165,6.790898274979554,108862.91769732418,2688,0.0008016428187598779,4ff756ed9d5a75a351df5c9b103cf6fec0d2eed264952477b0a54431599587c4,92169179265106944,2171.093777569011
142702,1427,M,169,1690000,124969646,739072,0.4414582503659526,8.930401931051165,82759.09703797694,2704,0.0007994681807194464,8b286787e28c25947d0893088388d1731fe91d70a0f6deb95e3732b057f52801,92717511752549376,2180.511457061977
142702,1427,M,170,1700000,125709220,739574,0.45311451436524314,6.361664779949933,116254.78952159132,2720,0.0007972866086007041,d0194361215cf49a5589f4b79e17878c0eb44fc90a480593ff73f6e5f26e8085,93266216683960320,2186.974847253994
142702,1427,M,171,1710000,126448737,739517,0.4550893345401767,6.773850818979554,109172.31863565081,2736,0.00079509516305801,450ab8c40ad4ebab1f7f793ac8cb57d9f5db8eac3ddaa67bdd90b805bb20f0fa,93814879325916672,2218.126779275015
142702,1427,M,172,1720000,127188627,739890,0.447362696878938,7.34631927497685,100715.74244264406,2752,0.0007928969407897145,0181de914d19547634feeca3b8aadb6dccb7537d35e277c22327d3637783c69f,94363818704128512,2226.398627520015
142702,1427,M,173,1730000,127927904,739277,0.4369192848676958,8.5062178990338,86910.18837925285,2768,0.0007906859331534237,74481872f895855b2c4e21e53547840d4b7a2522b9a9e3f3a60011a8556fb3f0,94912303285223424,2235.8250078730052
142702,1427,M,174,1740000,128666976,739072,0.43761610123869205,10.002963892999105,73885.30118730741,2784,0.0007884698189701639,fe261475b9520f9c9a791a140c3b43b943a9e9b4fa841f05f9808fce7fe4ead4,95460635772665856,2248.0346131040133
142702,1427,M,175,1750000,129406550,739574,0.4464924282643632,7.050293935986701,104899.73988531236,2800,0.0007862471712003933,8146c7f36c8c371430949cdc51506e88ae0bb56ad2ac0ca8fb7853cc06132eb2,96009340704076800,2258.1092008689884
142702,1427,M,176,1760000,130146067,739517,0.4437407427765517,7.350922849029303,100601.9264775244,2816,0.0007840149951551083,2ab07952c3607c170ebc7a974b7c94cbb36559b55653022d3670047fc51ee036,96558003346033152,2266.118611721962
142702,1427,M,177,1770000,130885957,739890,0.44148597460189826,10.05393474601442,73592.08296963606,2832,0.0007817764450890704,c71d1672b47a630b4694b37636293c962c0a199c2b9c8b5115857ea9ac913557,97106942724244992,2278.4971963459975
142702,1427,M,178,1780000,131625234,739277,0.4324638124897912,7.562345294980332,97757.63617811936,2848,0.0007795254032184976,e78cbe5f8f811acc22468fd252cea2ea6fbfa25bb3029986f1fffa490d8ad0ee,97655427305339904,2288.114845782984
142702,1427,M,179,1790000,132364306,739072,0.43122087120183994,7.103703984990716,104040.37127132148,2864,0.0007772696879462557,fe5d3aa22eed77b5cb7912cc6b7a5eff4a0e2a7470f590671f271afd00ea3858,98203759792782336,2295.701606346993
142702,1427,M,180,1800000,133103880,739574,0.443788611303408,7.5342192749958485,98161.99569004547,2880,0.000775007845107369,9ab71091d1cd30a125b8ca03ce353454a6d7acfde2763eb15875bfdeac9ee3d0,98752464724193280,2303.727180196962
142702,1427,M,181,1810000,133843397,739517,0.4383985121075216,6.632505440968089,111498.89081614673,2896,0.0007727368272032782,04e6494fc864c226823bf4c58cbc26db96e7f4892daf481552ad0d199c189402,99301127366149632,2343.9716550899902
142702,1427,M,182,1820000,134583287,739890,0.4346019050055881,7.785962863999885,95028.70909146569,2912,0.0007704598433763408,ebab579d01ffd889308004a9277868c220bcd9eef9a1b7dbe80ccdd76baa83b5,99850066744361472,2352.3762306889985
142702,1427,M,183,1830000,135322564,739277,0.4233715698194997,6.7232298030285165,109958.60942712215,2928,0.0007681706718776426,37588f19493bb9632e7174e930e39a93e8576d8612bc8d0fa3dcaeb647b30989,100398551325456384,2359.242028593959
142702,1427,M,184,1840000,136061636,739072,0.42254296575899064,7.076618491031695,104438.58192110216,2944,0.0007658772640767394,2ff1e9f6e7f1893fa754aa6c17568008ae3bce4840680b9c58950ddc313b55cd,100946883812898816,2366.920537750004
142702,1427,M,185,1850000,136801210,739574,0.43905647608556597,7.449030696006957,99284.5955644199,2960,0.000763578139913591,718d9a0bd66d4133386ca7f440d7c7976264752a20930b3463e434f9676c09e7,101495588744309760,2375.072465887002
142702,1427,M,186,1860000,137540727,739517,0.43503377694633594,6.8518452440039255,107929.61219419747,2976,0.0007612702016585695,08d8a6758f0efc7523162c90a21d6547158d00cdb13ab9111bcbcbfd8e46ba02,102044251386266112,2382.849456238968
142702,1427,M,187,1870000,138280617,739890,0.4303800444922366,9.286325654014945,79675.21574909538,2992,0.0007589567106263742,6c402c235d36dfcf1b5613445c7d1dd79f69a9185c7c14ef437e0de8e1593656,102593190764477952,2393.589938864985
142702,1427,M,188,1880000,139019894,739277,0.41905087037923267,7.59731349098729,97307.68657592003,3008,0.0007566313463671793,316a73762e180cde925ef2f801fab8917a66cbe2547c1c45085a66514207fde4,103141675345572864,2403.1996196300024
142702,1427,M,189,1890000,139758966,739072,0.4224153048115946,9.005247935012449,82071.25504301602,3024,0.0007543021864895782,7083a5f9cc35aaa37ba8fc7e2dba42b9bdecfe2791a1daf757ec64bca806da94,103690007833015296,2413.553916056
142702,1427,M,190,1900000,140498540,739574,0.4329178347931093,8.981375865987502,82345.28996840774,3040,0.0007519677262907446,1b5275a4f4749bb6dfbefb5331aa83cbb561d92ca80cebcd6b2fd34f139c2a99,104238712764426240,2424.617044464976
142702,1427,M,191,1910000,141238057,739517,0.4308659936641964,6.2483477799687535,118354.00749791462,3056,0.0007496248204309707,2200232ecbafb85b5cfa9d2a97788f1de5417df5cff9ad24eeaf405514a3e12c,104787375406382592,2458.7058467780007
142702,1427,M,192,1920000,141977947,739890,0.42101958475616374,6.547044589999132,113011.29690337088,3072,0.0007472767796378995,f180c3fe89f6a33cb203a733731da2d94a494ebbc4c0cde93d93732214ed6df3,105336314784594432,2465.358284260961
142702,1427,M,193,1930000,142717224,739277,0.41036018461714346,6.399662025040016,115518.13159936012,3088,0.0007449171901085253,107966c48fb217ce76c79002227e258e640b2591626a77a86b967720224bb59a,105884799365689344,2471.856259813998
142702,1427,M,194,1940000,143456296,739072,0.4062064786786475,6.535136659047566,113092.04972428421,3104,0.0007425542488560157,5f3f10d8279cec2ee781963abe0223f9a566c39971677656a611c2a89509a021,106433131853131776,2478.5539349649916
142702,1427,M,195,1950000,144195870,739574,0.4207831549236572,6.486209292022977,114022.5309888721,3120,0.0007401864278078873,6d9d34fb34039104d2353e0c6f29b416aa3dd12eb4d532ed8aefc0b95acf3ce7,106981836784542720,2485.211499224999
142702,1427,M,196,1960000,144935387,739517,0.41963463126964645,6.765396845003124,109308.73930125801,3136,0.0007378105366756237,12a0b6c6eca0252ccacfb919d01f59243f11d64c10963dd3fe9365768d24ed2d,107530499426499072,2492.1513267320115
142702,1427,M,197,1970000,145675277,739890,0.4128203070468722,8.37373034999473,88358.46977093855,3152,0.0007354299327986056,ef247fa77f8f96fb97e0b7304a033ac601431315a583c01cab5605b26407aeba,108079438804710912,2501.2132213769946
142702,1427,M,198,1980000,146414554,739277,0.40098949097855696,6.892076737014577,107264.76622490869,3168,0.0007330381144473651,c4a970df62855d30f3fb7b0fee2272f1ee9329a9865f751593699bb406426595,108627923385805824,2510.0328014660045
142702,1427,M,199,1990000,147153626,739072,0.3999862719829164,7.754116238036659,95313.50540950015,3184,0.0007306433911041524,b232aa8c7568882d06f3fde173d57840bab7722386ab97e758d6ba760a0c3d91,109176255873248256,2518.8366201199824
142702,1427,M,200,2000000,147893200,739574,0.41239314485086004,7.77336973400088,95142.00730284165,3200,0.0007282442126197288,34e40ad14ba40b4b8b67231456f8a57765a685117e02409a99f2dc6360661f20,109724960804659200,2527.6793264549924
142702,1427,M,201,2010000,148632717,739517,0.4130101175771123,6.255248882051092,118223.43346273265,3216,0.0007258373464560718,9166dc5adef188a41b953cd8cee710c80208b1b94b0bbd747aa9442bd85306fa,110273623446615552,2577.533871732012
142702,1427,M,202,2020000,149372607,739890,0.40444054404241986,6.399979054986034,115608.1908461206,3232,0.0007234261937236558,7aa66313451ff94a3e02bf8ed3489e6822c87e188dde4b2645ff702b4f588852,110822562824827392,2584.0664210359682
142702,1427,M,203,2030000,150111884,739277,0.3884357049743299,6.353619423054624,116355.25371845115,3248,0.0007210041702676624,1bcc0849f93b691030ebdc0640573ab8dfddef3e4cc034c49272f5212053c1a7,111371047405922304,2590.6078469299828
142702,1427,M,204,2040000,150850956,739072,0.3864680606785389,6.543035674025305,112955.52046796646,3264,0.0007185796910087739,0451ab6b413b3501711fd132c48929c0f2888a698bcb0f5a317b34f345f52096,111919379893364736,2597.258657318016
142702,1427,M,205,2050000,151590530,739574,0.40111200873476216,6.395313640998211,115643.11643120037,3280,0.000716151185032576,9a2e0e972e26d233fdfef66e403f2809a0c5b4ee82d4b8c21136c3facfb82c4e,112468084824775680,2603.7568014209974
142702,1427,M,206,2060000,152330047,739517,0.4014207613552445,6.372742417035624,116043.76132057716,3296,0.0007137153802865912,41f434a120d306c5fbcd95f6ec0410f2fc6c29f2b32d92ce6905fc34994481cc,113016747466732032,2610.335431476007
142702,1427,M,207,2070000,153069937,739890,0.39463144135857975,6.573210435977671,112561.43511704747,3312,0.0007112757187747079,eb65e7e67f2396ba4a2a42d8f11e18d0303905daa68e0730ff224535e8ebba4e,113565686844943872,2617.1354544520145
142702,1427,M,208,2080000,153809214,739277,0.3793960646359389,6.701396181015298,110316.86234195984,3328,0.0007088255394876097,0b687acecafe762359beec18e514b12162deb60554c1c884f43e8ee62ba8ad99,114114171426038784,2623.933840192971
142702,1427,M,209,2090000,154548286,739072,0.380575820096521,7.827459273044951,94420.42101005968,3344,0.0007063733556645476,79bbbdaefb856b3f268b149cfa625be308099c73a4df1af59f2d713e7abe3463,114662503913481216,2632.764283493976
142702,1427,M,210,2100000,155287860,739574,0.39614351309948276,7.589996532013174,97440.62423225312,3360,0.0007039175769550826,65d1a954d1f9ad84d5a28418bfa6bf396724b28122b62f610296ec2466dc680c,115211208844892160,2641.0773666590103
142702,1427,M,211,2110000,156027377,739517,0.3935143797126625,6.282877165998798,117703.55849101467,3376,0.0007014548945607652,f9c776eb72561275398f9a3ee28050140e5ddc27948dcbb368af500da2f87f59,115759871486848512,2709.166038181982
142702,1427,M,212,2120000,156767267,739890,0.38300501077186644,6.49383333500009,113937.32512538986,3392,0.0006989887884666184,b6a239c180094da0e4701f73385b8b7f55ab5c5a12bfbfa2dfe8aa2c51573363,116308810865060352,2715.7640169669758
142702,1427,M,213,2130000,157506544,739277,0.36780444580293636,6.354836251004599,116332.97394297643,3408,0.0006965125264447076,e5772d7338b7b1a8a3bf3ab399556b5eafd584f69e34406fcb80bbc997f859c8,116857295446155264,2722.222194619011
142702,1427,M,214,2140000,158245616,739072,0.36708933762253715,6.636492391990032,111364.8530497871,3424,0.0006940347128498012,6c60f08d2f19734d5db4c7828f16ba5e65a6d77416fc5c03ed2c0c110600e29b,117405627933597696,2728.9907283899956
142702,1427,M,215,2150000,158985190,739574,0.381843172044929,6.545801776985172,112984.47847906398,3440,0.0006915537392410319,adc16ca2504921d31135600310a2613d74aa7ba41532533b8e20973b16cd2b4a,117954332865008640,2735.6379819029826
142702,1427,M,216,2160000,159724707,739517,0.38281870714550514,6.562619883043226,112686.24622169496,3456,0.0006890662628735505,f75eaedaf7773298ebccb9a3ea04a3309dd2c936edf2dc4185f47ef83b9184b2,118502995506964992,2742.3093332159915
142702,1427,M,217,2170000,160464597,739890,0.37386634629370064,8.51334535004571,86909.43096723162,3472,0.0006865757987691014,65f351b7f9874dc5752ab28f1c62d5b7291230aea249db45e46dbeba707232ed,119051934885176832,2751.3692106769886
142702,1427,M,218,2180000,161203874,739277,0.3587920742118395,6.569173159019556,112537.29839423757,3488,0.0006840755491772676,dd8c3cc2c254c6e64996a88bf0ea35cc4e89d23e67cfb43b991de72e4acaab81,119600419466271744,2759.9107283229823
142702,1427,M,219,2190000,161942946,739072,0.3583135672267184,7.374644086987246,100217.98900154546,3504,0.0006815742022881921,bf290c1e8b1863a3be2b4e016f0313308a2560866e074fb8aa1c9cf358615175,120148751953714176,2767.7910731539596
142702,1427,M,220,2200000,162682520,739574,0.36744744131597507,8.07316827098839,91608.89197091573,3520,0.000679070132931481,e49699c7196761ebb61345872b5707a1758d214bb89c789b8c1ec963bc86a280,120697456885125120,2776.808286860003
142702,1427,M,221,2210000,163422037,739517,0.36880004408284517,6.572187729994766,112522.196623344,3536,0.0006765599672441813,f48e8cde4d4c4720b4c000f827daa4fd517de5350713272c24eefa403b8942dd,121246119527081472,2846.7792851809645
142702,1427,M,222,2220000,164161927,739890,0.36231715063256453,7.084257549024187,104441.43156567132,3552,0.0006740472523106992,0cb55d5e76765f8997a310e33cbbfa4aeb82531d608b11e4cd37c651b68ff32d,121795058905293312,2854.402136350982
142702,1427,M,223,2230000,164901204,739277,0.34938180514487316,7.691666598024312,96114.02035937065,3568,0.0006715251306097107,1f0fb909c9b57e501dc2f4a7b7f12a754ee5bc68d40aa6b552458b7882e92e61,122343543486388224,2862.590943677991
142702,1427,M,224,2240000,165640276,739072,0.3486575982976959,6.746118028997444,109555.15406388987,3584,0.0006690023668156582,ccf07529088090fa7ac572eeb1152142169ed0010cc626c9df66b4da64b83713,122891875973830656,2871.0641566480044
142702,1427,M,225,2250000,166379850,739574,0.35842987022695144,7.01934226899175,105362.29345406055,3600,0.0006664773204036759,736bc398e28a33709513a315171df62748cee4ff733092d5e5ef81922a62e71e,123440580905241600,2878.581914696959
142702,1427,M,226,2260000,167119367,739517,0.35929094171004083,7.788891061965842,94945.094765949,3616,0.0006639465892473335,73bbe3cfa11edb0df5e2d2cda193adf5ab201b61fc5d4f7884e0633d2e71e2b2,123989243547197952,2887.8669933860074
142702,1427,M,227,2270000,167859257,739890,0.3519140562910439,6.4733125629718415,114298.51297962398,3632,0.0006614137494925102,c245785455cfa43c77ccdd0d0dfe81e3ba8b8219ff2c1a851bf28b1635ac0487,124538182925409792,2894.483934407006
142702,1427,M,228,2280000,168598534,739277,0.33810576816502635,6.374097857973538,115981.43242736971,3648,0.0006588718896491239,84abdfc3162486fc7792fb2fa2f31f985f9dc0071543bea34845d70fdfa18a70,125086667506504704,2900.964835997962
142702,1427,M,229,2290000,169337606,739072,0.3444467169585259,6.493647283001337,113814.62031895331,3664,0.0006563298434601255,2003a3274a6b7656d05aa21abe222d5eba471b3dfbb1cdcb182617e08bf7d41d,125634999993947136,2907.621113228961
142702,1427,M,230,2300000,170077180,739574,0.34816781832276955,7.052656907995697,104864.59353517318,3680,0.0006537859564342263,c4615b9a0ad7e7e4e2eb534b1f246d8a435412510693dac61d2084615017a26d,126183704925358080,2914.8845267409924
142702,1427,M,231,2310000,170816697,739517,0.3502156360727423,6.478667436982505,114146.46718530075,3696,0.0006512368010600564,480a8caff8501d3b0a83ac651ede62cfcf90a9e30f8f4c6f9bd02202b4c89cac,126732367567314432,2988.4510741360136
142702,1427,M,232,2320000,171556587,739890,0.34214431094083114,7.333237746031955,100895.4060435798,3712,0.0006486859795191922,9db108eb062d7bc3057e5b061b1ed839571e79c440ee67cba35dabcc1186895d,127281306945526272,2997.6440645839903
142702,1427,M,233,2330000,172295864,739277,0.3275233770504545,6.343293431971688,116544.6637347518,3728,0.0006461265322006036,206998de102faf0c8d2c926be72e799fb1912736a94961d4b172b95f458d12bc,127829791526621184,3004.167866914009
142702,1427,M,234,2340000,173034936,739072,0.3293822836847011,6.627307294984348,111519.1988395259,3744,0.0006435673544415221,4ec071a859bd86be66256e0c69b69876055744b780b6f63cfd459e29fb242233,128378124014063616,3010.988556745986
142702,1427,M,235,2350000,173774510,739574,0.3337300103751479,6.637683285982348,111420.50142130972,3760,0.0006410067791841002,c404cc33ea0835e3efae446e0fcd31f5387a9880d8aacee9fc1a4866dccabca9,128926828945474560,3017.9028865729924
142702,1427,M,236,2360000,174514027,739517,0.3332294930838578,6.3238782419939525,116940.4235345977,3776,0.0006384413564320457,ae945dec4c73daa07193b5cb7c2d2fbce19eaffb3e33d8b9c3cc64f45dbdc156,129475491587430912,3024.402088865987
142702,1427,M,237,2370000,175253917,739890,0.32488764065854747,7.175982696004212,103106.43591880336,3792,0.0006358747113548271,9e0dd4375938c82a58d2a52283ba07bedc12e0a5729db628bc9cc058098b63f1,130024430965642752,3031.688912039972
142702,1427,M,238,2380000,175993194,739277,0.30884711827311156,6.618981559004169,111690.44563877358,3808,0.0006332998421089916,54b0b177eccf4376102a6709991e4b9dfae7cee1b2922f98c52de8e47313b701,130572915546737664,3038.905947452993
142702,1427,M,239,2390000,176732266,739072,0.31208122201885863,7.402078702987637,99846.54711948615,3824,0.0006307256980997079,d01c81113077e026fb915625166c2f282a69f3b78ea86e87290f5b9349f20471,131121248034180096,3046.8085879419814
142702,1427,M,240,2400000,177471840,739574,0.318587909817037,7.139790444984101,103584.83287413164,3840,0.0006281506011130682,d4897251fd8b1d8930fe6284b995d93af852979f12bbff84db717eaa785fe263,131669952965591040,3056.439035423973
142702,1427,M,241,2410000,178211357,739517,0.3152825600002832,7.359438588027842,100485.51817567015,3856,0.0006255710815868978,430ff61319de99fa39e658b14e7a0cf44fd50e29afc9d80d4cf7d09d98317b5a,132218615607547392,3125.455267368001
142702,1427,M,242,2420000,178951247,739890,0.3125372462329583,6.59784669498913,112141.13243369608,3872,0.0006229907846113026,35a5a4b18fc1dded3846d307f04e8a3598ef9bc988d3e4ace9e6aa2badfe20d1,132767554985759232,3132.168113529973
142702,1427,M,243,2430000,179690524,739277,0.3023013073882066,6.496315855009016,113799.4236271589,3888,0.0006204026720346659,35938302097744de9c13288e21f829f3f278f0367d78473511760e6a704d3f2d,133316039566854144,3138.795670441992
142702,1427,M,244,2440000,180429596,739072,0.3064658971839518,6.459770254034083,114411.49931585485,3904,0.0006178157397580033,7e8e5be626e2a889b7b293aecba08166b00d32d9695b24c70b9d35c9f108f5f5,133864372054296576,3145.372004007979
142702,1427,M,245,2450000,181169170,739574,0.30605679294139854,6.860546078009065,107801.03968263483,3920,0.0006152282998312824,2727bd11c6bc3193d4abe9b6294620d98421f5f792cea1133b89eda8264c3041,134413076985707520,3152.7280057430035
142702,1427,M,246,2460000,181908687,739517,0.30181460027572243,7.074493766995147,104532.85059774756,3936,0.0006126368660620434,8ae97e26436c08ac88cabc200b3648cc4ddcfa5a5a83beddf360beb9a39ad7a9,134961739627663872,3160.3699981360114
142702,1427,M,247,2470000,182648577,739890,0.29414389350986275,6.480553492961917,114170.80359008588,3952,0.0006100451003769184,6cbb5071d084b4ad79861b20e453a948f54b6bc2db5bceeca04d38c74a51e9b5,135510679005875712,3169.015521394962
142702,1427,M,248,2480000,183387854,739277,0.2874209158092194,6.41023200599011,115327.65105992649,3968,0.000607445934271106,1a7e955fc581db3da1a6401af3c83dd9147604d951f82e067e57cd18d6721352,136059163586970624,3175.58152818901
142702,1427,M,249,2490000,184126926,739072,0.2924722130524893,6.43634454801213,114827.91116710228,3984,0.0006048484025300383,f0f316364f3af7df0213d0f6442d19b5e0cf2d304666e288047517ffd21b10cf,136607496074413056,3182.1365644749603
142702,1427,M,250,2500000,184866500,739574,0.292505694628787,6.9527530879713595,106371.38851939143,4000,0.0006022508088957329,0ab58b5b7b6683db9bea4b024d73ca3a5d73759a83c6daa3430437b21a5dbf18,137156201005824000,3189.2741582979797
142702,1427,M,251,2510000,185606017,739517,0.2889565445794318,8.01747154199984,92238.18209095114,4016,0.0005996496534951113,0745719c2d50e9cfd01bb50a344dd01065f70a8cd077e4b07a1d9a9fb97df558,137704863647780352,3257.6245265390025
142702,1427,M,252,2520000,186345907,739890,0.28129074506741664,6.952156645944342,106425.96789467156,4032,0.0005970486119929766,b63cb8b90c1f937b3568ede9c744ef682ac152874b3ae6283dca2ae5bf6f5e4d,138253803025992192,3265.0975496050087
142702,1427,M,253,2530000,187085184,739277,0.2750134419445257,7.276902124052867,101592.26926474861,4048,0.0005944405915120033,c12b83a02bda1aabc19aedab92310203b97f6e6682857e0d7c299e8febbaed1b,138802287607087104,3272.9009821329964
142702,1427,M,254,2540000,187824256,739072,0.27462856627931054,7.795032623049337,94813.20165545151,4064,0.00059183465807771,fba8a4018dd984d4c844d82ab04ec779f50d4641defd3c5fff7c08233551b579,139350620094529536,3281.5020972999628
142702,1427,M,255,2550000,188563830,739574,0.27416231561064025,6.319695344020147,117026.84381768551,4080,0.0005892291085593669,4fb3bda425f90c4564ea914b5f8a9f4b037266c91ea5916d8f4b7272a5fb25ed,139899325025940480,3287.993326485972
142702,1427,M,256,2560000,189303347,739517,0.2713779133344451,6.308211530966219,117230.85003884285,4096,0.0005866204323645196,49ec9d3bad7f3c493a8898046d0e119f34de7b1b815c0d30f43b7f5b067ff7a6,140447987667896832,3294.4688174420153
142702,1427,M,257,2570000,190043237,739890,0.2653470334962052,6.368531458021607,116179.06025541527,4112,0.0005840123157861623,69763b3d4cd7dd74e83805d3e23717eba448712a5d8822b14507b76921ddc8cf,140996927046108672,3300.9421453860123
142702,1427,M,258,2580000,190782514,739277,0.2612848948619272,6.357124755973928,116291.09516928787,4128,0.0005813976475757286,aef28f86c08a2697a403ee0054653a3ed12cea900bc5de311e40e6a399acb5d9,141545411627203584,3307.4009286449873
142702,1427,M,259,2590000,191521586,739072,0.2658197888307684,6.987587226962205,105769.26999182598,4144,0.0005787855173280595,6b5ee814b2c34e7ed05c2a3b710b1372f0e48192ed4ac06519c1a9d501911cdf,142093744114646016,3315.4310841899714
142702,1427,M,260,2600000,192261160,739574,0.2609964106699016,7.354156403976958,100565.44345454163,4160,0.0005761742164806982,3d7697ee3dcbd9314483801b4732f9a17c6cd45d7f77e2b0aad6ca9b62f9ad85,142642449046056960,3323.2977074820083
142702,1427,M,261,2610000,193000677,739517,0.261875231575206,9.09174164995784,81339.42081420992,4176,0.0005735602266921244,f88ae91c6f8fa44df23bf2dca0580d747fca2dc051116b7d820bca4a68e04b54,143191111688013312,3370.7466419059783
142702,1427,M,262,2620000,193740567,739890,0.25925224519112355,8.99937636294635,82215.69697278042,4192,0.0005709472417645532,9364da4c66475cd057b3afd620a568b9b528f4f0654c4a8b2ee5c48f76081a51,143740051066225152,3381.870406239992
142702,1427,M,263,2630000,194479844,739277,0.2549421366460074,7.960627086053137,92866.67896995186,4208,0.0005683281380950018,91c4d2880037dd2154ef39f58e49d520ee39a8dc9746c9c7e8d89e86883cb0d1,144288535647320064,3391.6892399289645
142702,1427,M,264,2640000,195218916,739072,0.25558129148083575,7.294442309997976,101319.87732454971,4224,0.0005657120211569303,7ab96ba993f45e1f95929ebe025be14372f03bdaae7636cd40ba183c8274cb22,144836868134762496,3401.9668853129842
142702,1427,M,265,2650000,195958490,739574,0.25766167309388294,6.631341836007778,111527.05112925393,4240,0.0005630971784017681,a5d474c94162475717bae359027c30161e16aa7105b0b4b7920ff39d68d006f7,145385573066173440,3408.764754895994
142702,1427,M,266,2660000,196698007,739517,0.2526540035655445,6.321552406996489,116983.44842977599,4256,0.0005604800867157985,1319b6ce7ff96a454018c4b539ad8b5f3cca3220d4c2f7c986dacdfb80789507,145934235708129792,3415.245081335015
142702,1427,M,267,2670000,197437897,739890,0.25301497672463846,6.951850705023389,106430.65154799102,4272,0.0005578644442851307,b98c5a42e174d66df54bffe37bf5db1f756850f646455d0a2f32b9d54c76f6b7,146483175086341632,3422.3535497540142
142702,1427,M,268,2680000,198177174,739277,0.2510173262257652,6.610450929030776,111834.57950702809,4288,0.000555243121179646,7badab9bfc7bee7c11bc6f629c93f163c48fc444be0ae54878379a6641172e9f,147031659667436544,3429.458437024965
142702,1427,M,269,2690000,198916246,739072,0.25435106598220153,8.33805585297523,88638.40840503368,4304,0.0005526252310472832,c56516be41341ebc91d731275b99f850588e3ee34476916798b29cd0667803dd,147579992154878976,3438.438276080007
142702,1427,M,270,2700000,199655820,739574,0.2541925330814557,6.371330765017774,116078.41866579608,4320,0.0005500090588023455,759dea8412d9396c2a072b0a8163bf82270b012606affb1a12dfafaa5f78d812,148128697086289920,3446.2069757090067
142702,1427,M,271,2710000,200395337,739517,0.2520519744394668,6.755200475978199,109473.73103577846,4336,0.0005473910795398254,2b7c9bb3cba25101a1acd62861a99bbe7b4767fe2faf6f0f030279f4b1f29cb6,148677359728246272,3477.3893771140138
142702,1427,M,272,2720000,201135227,739890,0.2468838891314362,7.345361727988347,100728.87182407442,4352,0.0005447749927006917,2586d09175e36f8dbc4c455a18cfa12729d14512a9c6e80bd34a3a4fcf6d3e81,149226299106458112,3485.5385021310067
142702,1427,M,273,2730000,201874504,739277,0.24517388000633047,8.564518532017246,86318.5708847867,4368,0.000542153668060322,1f380b59075255ee06236e922a81dc0aa679710f65520fba3fea05af8834ecd4,149774783687553024,3495.0076649849652
142702,1427,M,274,2740000,202613576,739072,0.24967754104990508,8.529202039004304,86651.95133380602,4384,0.0005395362197300787,9e5677b4257638c85655507ffa8428404cdb4a25e991c997edd856c731641335,150323116174995456,3505.394983208971
142702,1427,M,275,2750000,203353150,739574,0.24923617865685266,9.13855427299859,80928.99357015331,4400,0.0005369209315382717,2a83738af550d66b73f87e83d9509c86ce517fae09e38d85fc5de31ae6e051ee,150871821106406400,3516.2353956769803
142702,1427,M,276,2760000,204092667,739517,0.24952056256874666,8.157159861002583,90658.63763875129,4416,0.0005343042797710246,a4577b8b6e3aee4755d012650b90f79e85bf964852d9f951d2e49ca93603c5ee,151420483748362752,3526.453033939004
142702,1427,M,277,2770000,204832557,739890,0.24369340102136441,7.452121837006416,99285.81633297885,4432,0.0005316899619940694,5eea5bf49d941bdfdc8e16570b288e2385ade73c3de4e626fd36ddfb8d2eb9ab,151969423126574592,3535.7700988670113
142702,1427,M,278,2780000,205571834,739277,0.23793089018822527,6.642206177988555,111299.91755598795,4448,0.0005290708537211621,9f3909e438a2156be1529eeb13056b226dabbdde225802eef011394099885137,152517907707669504,3542.967641819967
142702,1427,M,279,2790000,206310906,739072,0.24070296085310264,9.041964147007093,81737.9927617424,4464,0.0005264560618156401,44b1139803c05120dbeed0b842eb13f58a15e59c47bb00eb170ceaac4d214efb,153066240195111936,3552.527900217974
142702,1427,M,280,2800000,207050480,739574,0.2374004194179514,6.58706347696716,112276.73797072886,4480,0.0005238438704718731,03cb86c7fc1a8e7a52f730bbf8f329c9976c8be0b593665d8338b3b00d5f5074,153614945126522880,3560.653983519005
142702,1427,M,281,2810000,207789997,739517,0.23558143905968196,6.542797478963621,113027.64641236297,4496,0.0005212307601485292,55aec57095f6c67b48aa711dfe47c71976616f6792d425b3ea98f876c7f707b6,154163607768479232,3590.0157199469977
142702,1427,M,282,2820000,208529887,739890,0.23327253387644067,6.88113388401689,107524.43019871693,4512,0.0005186204234075938,fa994e32aeb48f3cb64554f9b2343bd146ca894fd975b4e241c1798250bec37c,154712547146691072,3597.4146691709757
142702,1427,M,283,2830000,209269164,739277,0.23190391232153326,7.535437308019027,98106.71494981182,4528,0.0005160057475292283,d299f3da921e9429ff43b077b689c4d9a080240bd68e356fdb890aec8d4e1904,155261031727785984,3606.5520862329868
142702,1427,M,284,2840000,210008236,739072,0.23372467495513946,6.821403307956643,108346.03477233625,4544,0.0005133958244234289,0b6d77fb11ea785335553c7f76126ad683bc9c3f40b28cf2d0a2e372f156e958,155809364215228416,3613.57703414798
142702,1427,M,285,2850000,210747810,739574,0.23266678974408572,7.2085199460270815,102597.20518739916,4560,0.0005107889401023684,cca366ccc09c66bae3e2236665ddb2732b536dc8972d78ae0e0e775671a65c5f,156358069146639360,3621.6526084119687
142702,1427,M,286,2860000,211487327,739517,0.23172430484248535,6.789857442025095,108914.95238513238,4576,0.0005081815821751423,ef93e87cf4786dd00a1fdf73487bc16ef443a9bcdf34ea007f8a1cf42d219f72,156906731788595712,3629.218032987963
142702,1427,M,287,2870000,212227217,739890,0.22766438124751454,7.394792286970187,100055.5487276776,4592,0.0005055774350757142,f3a61e0f3d6960ce1d4df44ac5b5c411ba9fd84d2dbf9099cebf1171146531f2,157455671166807552,3637.456721887982
142702,1427,M,288,2880000,212966494,739277,0.2263776992266709,7.915690394002013,93393.87510155466,4608,0.000502969403868721,129cb366b1c33414936bba66bf50566248435f8138c766bb48fdc7cc29bb7e12,158004155747902464,3646.294245418976
142702,1427,M,289,2890000,213705566,739072,0.2262866055527731,10.2643922730349,72003.4835322478,4624,0.0005003665578181551,119ae5bb49a3fca23bf8e088135ad0c48c8a95675f5594bf4d4937e6682f4dd3,158552488235344896,3660.524870549969
142702,1427,M,290,2900000,214445140,739574,0.22035067516649123,9.679723804001696,76404.45274835761,4640,0.0004977671862041965,2e14abc6e6c1fdb6f06d74acd3f5fb98346a6406b28d88d85fdf73889acdf5dc,159101193166755840,3674.002710148983
142702,1427,M,291,2910000,215184657,739517,0.22030845402235869,6.517720472998917,113462.52160760974,4656,0.000495167786758202,0b12b0079d2b5ef590c69ce3505aebebc528b6bbdc1aef41a6d778b82f307f90,159649855808712192,3705.309044645983
142702,1427,M,292,2920000,215924547,739890,0.21754660580500737,6.84894268703647,108029.81333169101,4672,0.0004925720326687141,f2780d6295d0e1acbd1fb3664dee7a712b6b9da964f556d937957d52fd446818,160198795186924032,3712.6587202129886
142702,1427,M,293,2930000,216663824,739277,0.21741398799870293,7.664654252002947,96452.75255655665,4688,0.0004899728527878686,293bc3520d2b225ba937ca6962aded790ea4e5d7115d5a3b503814361e0b0afc,160747279768018944,3720.7360205429723
142702,1427,M,294,2940000,217402896,739072,0.21786906184892485,7.511539815983269,98391.54395845463,4704,0.0004873792860601517,7acb316a03f9100927e6ddac089d569a8bea9f59cec373255c83a3762369deb4,161295612255461376,3729.507800291991
142702,1427,M,295,2950000,218142470,739574,0.21636832326066077,6.545034592039883,112997.72210516276,4720,0.0004847896264811902,4cc2a8dcec8eb11dab2b326cd5d3db7f183a02121e93a32d373e21405caa3c4e,161844317186872320,3736.1422445540084
142702,1427,M,296,2960000,218881987,739517,0.2152543745762007,6.341137017006986,116622.14489556193,4736,0.0004822003848678714,bbcd39ebbc4ca65999ca12302225e27dfd5ab1fb9f373690344852d7a9b91947,162392979828828672,3742.5837930769776
142702,1427,M,297,2970000,219621877,739890,0.21552715131953526,6.736377983994316,109834.98873697172,4752,0.0004796152200554316,742ce4e18fb473851e48459eeef4d5b9ecc42b43cf7dec8f2708c6315705ae03,162941919207040512,3749.433223605971
142702,1427,M,298,2980000,220361154,739277,0.21209167621344394,7.697936523007229,96035.73604309205,4768,0.00047702709066640395,39cbecfa47e17389378fceebdfea575597d970ca09cde98794c547c0b26c91c7,163490403788135424,3757.713936225977
142702,1427,M,299,2990000,221100226,739072,0.21143398931747412,7.57653736800421,97547.46318827756,4784,0.00047444499767791774,595b18882258d9079146f2c27c5340968909e382749047d7e967d26191ac7f14,164038736275577856,3767.002631226962
142702,1427,M,300,3000000,221839800,739574,0.21406991891562838,7.60807430796558,97209.0926117366,4800,0.0004718672412444974,2bf98c33e50a595422cc1be92f7d978b657c573e00103c4e87a2ba2aaa152b49,164587441206988800,3775.5258651429904
142702,1427,M,301,3010000,222579317,739517,0.21152599980862155,7.120858343027066,103852.22741078043,4816,0.00046929034822075754,db8dbdfe77ef05140b1c553e85b0eeff818b66e79f06d5d7b1123af77b987d76,165136103848945152,3828.0743699590093
142702,1427,M,302,3020000,223319207,739890,0.21089590872546807,6.98755026498111,105886.89482607969,4832,0.0004667179599928887,9e49684d474bc4be0d754a2203b4ba3a6ad0692d5d12fbedd2df326971890a86,165685043227156992,3836.008464975981
142702,1427,M,303,3030000,224058484,739277,0.20952746412442141,6.248307803994976,118316.35431393585,4848,0.0004641430709115295,1c94cab83c33436ffcc62154e3f5f105a15b25bc316d5d2c30ad48c17087c07f,166233527808251904,3842.3774201779743
142702,1427,M,304,3040000,224797556,739072,0.21564923408517053,6.369315457995981,116036.33151380117,4864,0.0004615746363707272,09ac5be89f14740b57be06ab97565e65532c208eb427432d4034ddb981a25a69,166781860295694336,3848.8435222529806
142702,1427,M,305,3050000,225537130,739574,0.2162720799618495,6.4616520650452,114455.86864708825,4880,0.0004590109641221425,9a962c5a713ce229eeef96e581729208d12fc71748a1d99a06e01dc7211567ce,167330565227105280,3855.422893829993
142702,1427,M,306,3060000,226276647,739517,0.21212885961312483,6.4103925209492445,115362.20248342812,4896,0.00045644859999674546,18054f90e6deeae0f181b741e81c00e1c04775a1e3519a12326ee62bc4681de6,167879227869061632,3861.9880848419853
142702,1427,M,307,3070000,227016537,739890,0.2197852551141988,6.565486120001879,112693.86401502107,4912,0.00045389116485070437,2490d31cad93330b7020b27bffb40ce4b5a055800e715f1ac69c044dc7326cad,168428167247273472,3868.683689446014
142702,1427,M,308,3080000,227755814,739277,0.21513033582946647,6.399932783970144,115513.24442838848,4928,0.0004513316946902418,583c4d2c45160f218d63a21945e894dff054cc8ca08204bccd8790bf010fa590,168976651828368384,3875.1894082310027
142702,1427,M,309,3090000,228494886,739072,0.2185075800849114,6.813520245021209,108471.38827246553,4944,0.0004487790917491663,d434558e8a9373327d8a36f7dc12da378f6ea79bf3f03a8b00f539251513b81e,169524984315810816,3882.1558881039964
142702,1427,M,310,3100000,229234460,739574,0.2196501446415348,7.8349534049630165,94394.17974477298,4960,0.0004462316728080854,9981fb91a4f7614a99bdf3f5a06818276eab0d9ea830a604ab8aa57ff5bc7553,170073689247221760,3890.7550783969928
142702,1427,M,311,3110000,229973977,739517,0.21400002796995024,6.274895720998757,117853.27324647449,4976,0.0004436860055968961,4f4dcadac2a479211bb22dae28299a2755208f9e0efcdd7fa47b4e6311c1f87a,170622351889178112,3962.683180489985
142702,1427,M,312,3120000,230713867,739890,0.21637140099791935,6.53825024102116,113163.30405311042,4992,0.0004411456873781394,2de3a0ccb9b99650e117486c817a4416e1e4a8632299c57b55709dd99b61cd8c,171171291267389952,3969.375064146996
142702,1427,M,313,3130000,231453144,739277,0.2126160736046587,6.357056186010595,116292.3495354439,5008,0.0004386038017058557,3afc3fde5eb6c9e47b37da72175bd62a1c14ff6dfc304b52be6bf676cb6c426a,171719775848484864,3975.8316747669596
142702,1427,M,314,3140000,232192216,739072,0.21428904445744484,6.454637533985078,114502.47920330527,5024,0.00043606919012143544,0766a7d0c106b99ee323acc682bd8f3a55496492009eea312c9391fefab458b1,172268108335927296,3982.391006856982
142702,1427,M,315,3150000,232931790,739574,0.21294909621160954,6.403730858000927,115491.11235303777,5040,0.0004335401798586056,f90b29c53180d58146386c393d0dbb609b445374ba00fdf1452e3389eb5bb6fa,172816813267338240,3988.8945883539855
142702,1427,M,316,3160000,233671307,739517,0.20965784961863773,6.3398322989814915,116646.14537498177,5056,0.000431013363450233,1133e4a12529d8637c6fce7eac546fbd1df9bf4e37a5627ecbfd7cd03ab310de,173365475909294592,3995.334982300992
142702,1427,M,317,3170000,234411197,739890,0.21083634387814582,6.675813548034057,110831.43570087997,5072,0.0004284923115215882,0632a3828cf8ff3e47b8324b2aa31fe7b757c0583dbb85ea0afab21ab5e8bad2,173914415287506432,4002.1162838920136
142702,1427,M,318,3180000,235150474,739277,0.20729262078147023,6.636334869021084,111398.3869998787,5088,0.0004259701610265323,91343552d7aac2d779a803195d42e53262812bff193578ae675eabc5eb07749f,174462899868601344,4009.272813727963
142702,1427,M,319,3190000,235889546,739072,0.20932151167645435,7.992028720036615,92476.14415437361,5104,0.0004234556853332124,0674c6d9152306ce4a50d603badac1ddd488b03596e64a5c125507f3cfb2c08a,175011232356043776,4018.657682536985
142702,1427,M,320,3200000,236629120,739574,0.20870066117734004,6.868959811981767,107668.99505074046,5120,0.0004209472235438012,0d25f3dd9275507de16b3955c1e1acd5e215d7a35fd306cd39a031353026c0c3,175559937287454720,4026.056616776972
142702,1427,M,321,3210000,237368637,739517,0.20893013289607365,6.291706779040396,117538.37646464356,5136,0.0004184413958771932,d3c936af966c590692537a6ae8e87b1c7db2fd3044d990d25a3917dec171fcad,176108599929411072,4093.174940573983
142702,1427,M,322,3220000,238108527,739890,0.2093831693808808,6.391498826036695,115761.57958223367,5152,0.00041594174330028224,0a43c4840ef4333bb2f2a9dbc86ecb8fb36c61fa5edc3f5ca6a3f6e21dde0b97,176657539307622912,4099.724067953997
142702,1427,M,323,3230000,238847804,739277,0.2076789473698085,6.357146973023191,116290.68875348513,5168,0.00041344146197357416,0efb0d5772e4d751bdafff92fea8c7eeddf9cde86b9b58aabcb55d3e5915d999,177206023888717824,4106.299427687016
142702,1427,M,324,3240000,239586876,739072,0.213933672971448,6.728260728996247,109845.92151949173,5184,0.0004109492496688251,83494bfd9817882dc67d82a5485b9ed776d0380c40822640cc1fb429b841b19d,177754356376160256,4113.147933820961
142702,1427,M,325,3250000,240326450,739574,0.21172818690031878,7.427947218995541,99566.40484852696,5200,0.00040846345876194013,215fa6e110aed78dc91d394c593c939e1176f1875b050322d3bd80ecf7ab4e23,178303061307571200,4121.083891326969
142702,1427,M,326,3260000,241065967,739517,0.2111323105879497,7.215039987000637,102496.59064016145,5216,0.0004059807400174733,82faa0137210f23178e7021a556b3071fb3e349f6996258697a0d44fbf62c4b3,178851723949527552,4129.6768885079655
142702,1427,M,327,3270000,241805857,739890,0.2109212126763967,6.478644474002067,114204.44553935311,5232,0.0004035046017479307,4b6b75432dd5fcc7b7e1f62d3a1256a83256677f81e83f29911d21a88b649a98,179400663327739392,4136.335501852969
142702,1427,M,328,3280000,242545134,739277,0.21029239156001384,6.270458479004446,117898.3965008846,5248,0.0004010283050771895,cb3178f320155f733ec0d6108393f20240797b8c8685b3eb452fc6d6df8fbe94,179949147908834304,4142.789387458994
142702,1427,M,329,3290000,243284206,739072,0.21347229823258496,6.983460542978719,105831.7714335874,5264,0.0003985604648214327,7755189a9bc3fff0b40630f58758d85680b5ea5d71a163ffc00765de6fe9789d,180497480396276736,4150.333342394966
142702,1427,M,330,3300000,244023780,739574,0.21083306961057063,8.462837910978124,87390.77928464318,5280,0.00039609944802435163,dba86f7c6b28872b97372fcadd19311d7ad275fa13934d6b624b79b6212491a1,181046185327687680,4159.248383928963
142702,1427,M,331,3310000,244763297,739517,0.2105581573543579,9.216722771001514,80236.43743812446,5296,0.0003936419388299477,4f0e3497b88ca959d349366748ffc106fa0feb21b95f82d60559e2dd3eccce94,181594847969644032,4239.0210388939595
142702,1427,M,332,3320000,245503187,739890,0.20982619426038557,6.425959610962309,115140.77971137434,5312,0.0003911914099279564,79e9a045e15c5f7a524a0dc2e18073d6a2f12f2b7a5055ba91cffe04726f430d,182143787347855872,4245.642907942005
142702,1427,M,333,3330000,246242464,739277,0.20837544348334966,6.347278170986101,116471.49850455465,5328,0.0003887411931073879,0222f75b884d49ee1c1edaaa94938662134bde303f55ce8252801d76a7033340,182692271928950784,4252.092288176005
142702,1427,M,334,3340000,246981536,739072,0.20938687593746153,6.777034202998038,109055.3740562572,5344,0.0003862998129398584,bb1b790a83f4373a41c6f69474278d3c940fc7c751735837f4a826a125b33d7e,183240604416393216,4259.042301026988
142702,1427,M,335,3350000,247721110,739574,0.2077557117953141,7.01865934295347,105372.54536259989,5360,0.00038386565251848835,4d694ef41e11416f4dbc3106849af1dfe81e21511b4e801fa7d4adc97d2118a0,183789309347804160,4266.662682971975
142702,1427,M,336,3360000,248460627,739517,0.20849681697202324,7.1513288709684275,103409.73172163108,5376,0.0003814354321722727,5d7e633421cf4fdfce2122dfc87446306053687989c7dc3356f473227e42bdc2,184337971989760512,4274.357047330996
142702,1427,M,337,3370000,249200517,739890,0.20748429180523226,6.584581892006099,112367.04351695451,5392,0.0003790125860299335,f7f924332bfd96c22862ace7c888f1f4c281ea5e35836a3e6a6bdf9e3a52ff16,184886911367972352,4282.385581454961
142702,1427,M,338,3380000,249939794,739277,0.20763336784467926,6.419721244019456,115157.18080262482,5408,0.00037659052218758695,d012a77ab09862ef40ae59278ddf5bb96cfa7d943c1bb6954d0ccf0e68a3f3ac,185435395949067264,4289.024659982999
142702,1427,M,339,3390000,250678866,739072,0.20797274561852455,6.845334971032571,107967.2511465887,5424,0.0003741776677596428,d506a7e2c8caa2dd190ea9f577e1ceeb9ecb227b2a9256ae6fc70ac68acf362d,185983728436509696,4295.994490564975
142702,1427,M,340,3400000,251418440,739574,0.2039130159752402,6.969254137016833,106119.53380660794,5440,0.00037177242325671654,b71ea7e3b6eb7444cf3c585e814dd32613cc58e0236782b23f116e87372045df,186532433367920640,4303.488074388995
142702,1427,M,341,3410000,252157957,739517,0.2034305658355568,6.579575946030673,112395.84527421344,5456,0.00036937154796772443,5875933e89e4b600dd187bf81b3a1390e2ef4fb84024cc80716eee4240c840bf,187081096009876992,4374.854495419015
142702,1427,M,342,3420000,252897847,739890,0.20515877846958466,7.220278149005026,102473.89154972637,5472,0.0003669784345547602,745ed3e742be108de2c9ef4b83f2225ebdf814605b1f1af65dec654d23077806,187630035388088832,4382.557419714984
142702,1427,M,343,3430000,253637124,739277,0.20490407632873622,6.253095752967056,118225.76036025317,5488,0.0003645865729984544,a8551d096c26561b4f17936a1ade3a9edb9c4fd4aa5f59f809dd91f37c3e861b,188178519969183744,4389.916110993014
142702,1427,M,344,3440000,254376196,739072,0.20633229129674488,6.459884086041711,114409.4832284933,5504,0.00036220428582583043,bfb1c51c16051db21297e27765103e99dae39f848793fb69c40376508c4bc986,188726852456626176,4396.540500729985
142702,1427,M,345,3450000,255115770,739574,0.20483344840184656,6.861793511023279,107781.44209846815,5520,0.00035982999231832645,c821a2f7391a529153afac4481069189a93d8d7e572ce61f2f17c81c5feac97b,189275557388037120,4403.512893348001
142702,1427,M,346,3460000,255855287,739517,0.20156498038674966,7.2961592089850456,101357.02618568171,5536,0.00035746049346674504,a13abda22a990c9db3adab6210c9a02bca33c2f1c36154aedb4a2f291d78ae23,189824220029993472,4410.976294806984
142702,1427,M,347,3470000,256595177,739890,0.20207019307818025,6.96833477797918,106178.88255572136,5552,0.0003550991375960213,e343fa553e20d941245de1a5ac1802d5ed76adc7e198a49520462f075da4f26f,190373159408205312,4418.496060939971
142702,1427,M,348,3480000,257334454,739277,0.2016819276774114,7.369932633009739,100309.87212675423,5568,0.00035273950207942586,a122e232b1a4ffa2cc7dec1fafdf24a9449b762f81a039c209e878c17a446849,190921643989300224,4426.369020518963
142702,1427,M,349,3490000,258073526,739072,0.20178334181144406,6.867626266030129,107616.80548280982,5584,0.00035038979781490723,01a320bfb914059429e54b52b1e9464f70abcd68548044dbc44d1c304862c35b,191469976476742656,4435.340536363015
142702,1427,M,350,3500000,258813100,739574,0.20373276975288293,6.744398730981629,109657.51425736908,5600,0.0003480484641921716,f5b98afd026bb98c2f8e1323302da69e617fc7edd2108a62e415958546291694,192018681408153600,4442.290268405981
142702,1427,M,351,3510000,259552617,739517,0.20050106195164516,7.79442489601206,94877.6862778377,5616,0.0003457123466105899,91f71ee1a495e68faadc60ffdb519a5a983a98e748c78f3959e1ce174c620813,192567344050109952,4514.988576183969
142702,1427,M,352,3520000,260292507,739890,0.20131703166540574,6.833719301968813,108270.46990162967,5632,0.0003433847462249203,0c9eb6087dc95c6a02a867f8233ada8fb1bc7586d9bad5a1d30bda80d536409f,193116283428321792,4522.719171094999
142702,1427,M,353,3530000,261031784,739277,0.2017055279082269,7.314278471982107,101073.12742218608,5648,0.00034105933323525786,9c981c0860d0affdbd933435b5159260f5469f4c1acbcd797e2ff8a75b1b27ed,193664768009416704,4530.5558565739775
142702,1427,M,354,3540000,261770856,739072,0.20284210086116586,6.965260036988184,106108.31412973042,5664,0.0003387441999632365,d20778ac1715e866a18d055684677817c370e74e2658b5dda92b2efc574d8cab,194213100496859136,4538.065441037004
142702,1427,M,355,3550000,262510430,739574,0.19985395395150546,7.934618548024446,93208.51349358672,5680,0.0003364378072272627,346dc58f558e6fce56dd61782921cfcb1dba94f5aebc17bab49b40b77ba2229f,194761805428270080,4546.516218466975
142702,1427,M,356,3560000,263249947,739517,0.1956118510806398,7.163222046976443,103238.03941162847,5696,0.00033413704750438235,d6b4c3337f986cf7fe41523f03cd36738da4532f3b15a6afa9cfd6fa48613b14,195310468070226432,4555.202920964977
142702,1427,M,357,3570000,263989837,739890,0.19897818558227115,6.7690520089818165,109304.81831403337,5712,0.0003318451719860709,db16ff5b1b7cfaf587eceadd91f88b58635eb43572e1c4009dcce78e08fe1857,195859407448438272,4562.197352612973
142702,1427,M,358,3580000,264729114,739277,0.20049914671443542,6.472270576050505,114222.20244245722,5728,0.00032955594905488946,f1e5a6d3405c0447d4e6fc8a77be6aa2115cbed767091e5b803d698ecda5ee91,196407892029533184,4568.89176961896
142702,1427,M,359,3590000,265468186,739072,0.2012772954713939,6.647133971971925,111186.56598713752,5744,0.00032727734560924614,540f7a45c127638221906aa384b1afa2492561956fb2b3e4f46db22fb8c7c44c,196956224516975616,4575.707948435971
142702,1427,M,360,3600000,266207760,739574,0.20125391264398795,6.602129980979953,112020.51491422245,5760,0.00032500784519854894,a1d5d2ca9086369a9017a1472aa6eef7824185c9cfde1a399c2891fad1d6ce22,197504929448386560,4582.4674961550045
142702,1427,M,361,3610000,266947277,739517,0.20018995044822827,7.224432461021934,102363.33497335948,5776,0.0003227443900067933,98545ae238f4d6cf71dc619a3402c30a9ed7f80f608aedececdc3b6f6e2dff31,198053592090342912,4678.769073000003
142702,1427,M,362,3620000,267687167,739890,0.19919091060504482,7.576491673011333,97656.01705016132,5792,0.0003204901785113389,a874403335b0446821da0bcd0349744380a91ff7b4dbdc887bd8eee31929c751,198602531468554752,4686.8465913099935
142702,1427,M,363,3630000,268426444,739277,0.19834458096597524,6.3648104360327125,116150.67053918468,5808,0.0003182390825497844,a402c44dec0e0f4a11ce9c3b68922476802149c97804ea352594f724f82f4e5c,199151016049649664,4693.390889731003
142702,1427,M,364,3640000,269165516,739072,0.20108132975857937,6.475030847999733,114141.85003123409,5824,0.00031599893685652016,fcc6f3eb1bb3eb83a26104ea3f6fdc424481cf12e0bad866e69529550766e699,199699348537092096,4699.9793470769655
142702,1427,M,365,3650000,269905090,739574,0.19703506057623968,6.453588097007014,114598.88497423516,5840,0.00031376824899502384,e4ce7a2be5a926edf1b7842b7e0f0345d3a48f969d7c482cedf05d951aa93e07,200248053468503040,4706.5458236209815
142702,1427,M,366,3660000,270644607,739517,0.19830712259478211,6.563773451023735,112666.44187493391,5856,0.00031154401344345834,c0246d41bb08b8c6408a377e18563fce7cd0f2a0371a4a86677c3aea53a6ad8b,200796716110459392,4713.226761102967
142702,1427,M,367,3670000,271384497,739890,0.19955668887754469,6.640106394013856,111427.43144402336,5872,0.0003093293732588368,fadd3397d03801d1dc90e8a62eb68434ce259e214ad150c294219d51755b9f84,201345655488671232,4719.990538696002
142702,1427,M,368,3680000,272123774,739277,0.19733109831776377,6.489800243987702,113913.67564585412,5888,0.0003071183089188324,16774219da98ca6defccd5d1819e2e0a88e1af0234a789583d21d8c3e59889af,201894140069766144,4726.668228197959
142702,1427,M,369,3690000,272862846,739072,0.19927361328832244,6.677625618001912,110678.86136167456,5904,0.00030491851636484964,0f77f26fbd3a8abb10a2f93b670a0ad5749ba965f862cfa895d07df06c0f901a,202442472557208576,4733.490987261001
142702,1427,M,370,3700000,273602420,739574,0.19719970052774685,6.478375709033571,114160.4058203546,5920,0.0003027285284371871,8a8a3f296b5ca8ea1d772e6b517f6e9a02509e0866c57ddb07996a28e60721ae,202991177488619520,4740.055307958974
142702,1427,M,371,3710000,274341937,739517,0.19857384197962533,7.041770011011977,105018.6244145346,5936,0.00030054539445114643,85473a17ec8d2a41e841879e3dbc7236051220a62a05987f772bf58e5c334af4,203539840130575872,4815.012290570012
142702,1427,M,372,3720000,275081827,739890,0.19985017089463739,9.394201359013095,78760.28751397009,5952,0.000298372199384054,e7eee4cabde7dd358c30052e6b9fedc525beff4fa69a138141b73fb0f9075abf,204088779508787712,4826.696353211009
142702,1427,M,373,3730000,275821104,739277,0.20065531552419313,6.3628223040141165,116186.96306096934,5968,0.000296203037446774,a29f66f7d2a675b42d1b231fa7e941d4c6e2a2d65f02e6eefb4d6e332930542f,204637264089882624,4834.7710487089935
142702,1427,M,374,3740000,276560176,739072,0.2006050812401159,6.492274969990831,113838.67803138409,5984,0.00029404545927619113,a8f7ed16c3db0b436ac2dd3653dc53368a4e2403e4f2ab69bad9ccf5f6cb933e,205185596577325056,4841.441999939969
142702,1427,M,375,3750000,277299750,739574,0.1966847769973017,6.313150232017506,117148.17053603569,6000,0.0002918980242307879,53da355c6a1dd4a9298385a94d51e141f24f1c6b8a2e391bccf75276b26a7a4a,205734301508736000,4847.849342008005
142702,1427,M,376,3760000,278039267,739517,0.1988301362301444,6.3280311090056784,116863.6795965752,6016,0.00028975783895957875,bee63e24232fa0f4d167e501b78b502b1dd6c1108f60b1794234caa211753d45,206282964150692352,4854.261096115981
142702,1427,M,377,3770000,278779157,739890,0.20013551761688544,6.583828790986445,112379.89678786034,6032,0.0002876279277500044,2464f5d134013f40a23bbefbb7f99a47d027aa73e50102a3f0f45fb666599807,206831903528904192,4860.973359129974
142702,1427,M,378,3780000,279518434,739277,0.19963721586235736,6.406470215006266,115395.3698665993,6048,0.00028550250354300756,552b4ffb525ac95e5a55cc124a191fed19e81831c216c63583380f337a056cb6,207380388109999104,4867.472638672974
142702,1427,M,379,3790000,280257506,739072,0.19676845128205064,6.663904283021111,110906.75505095016,6064,0.0002833889652823598,8f104e6786e33c76c12bcd4db6431808e4d2d201007ca4eab7e6f1ad1118df9d,207928720597441536,4874.251001507975
142702,1427,M,380,3800000,280997080,739574,0.19874621412352653,6.860118454031181,107807.75943677874,6080,0.00028128590006365505,2451164ecffd0f13343067dc452979506398f5601b1c62860926354c623e66d4,208477425528852480,4881.2091897680075
142702,1427,M,381,3810000,281736597,739517,0.19694905456398046,7.895324910990894,93665.17633372327,6096,0.00027919047431768324,592d5c9091517595e0d655d88f06a516ac669f916027ee19ae722e68889c693b,209026088170808832,4947.293840966013
142702,1427,M,382,3820000,282476487,739890,0.19899458325796646,8.224636790982913,89960.20356925414,6112,0.00027710564908315103,5d9293ad772da056a27d9a733d7500b3d416af3411ee7ab0757ef113db9e7a7c,209575027549020672,4956.908551172004
142702,1427,M,383,3830000,283215764,739277,0.20020380977574118,6.237585439987015,118519.73926653565,6128,0.0002750257609275095,c6ec029eee1c8f600aa0a170eb77f2c36be8616d4d01e8cbedf346e5838ae388,210123512130115584,4965.688704585016
142702,1427,M,384,3840000,283954836,739072,0.1953840484132311,6.423830577987246,115051.6021597149,6144,0.000272958050841172,c6aae9c46be9f1638ea2349627cc6cc2e56f5ecda4a99e6e1145e7c702d3c637,210671844617558016,4972.212873167999
142702,1427,M,385,3850000,284694410,739574,0.19558214110577699,6.387132110015955,115791.2482881386,6160,0.0002709011348523012,a13dca7609841033f88c1663c11e7208d1f512db29af964fba8decd59369e228,211220549548968960,4978.705964596011
142702,1427,M,386,3860000,285433927,739517,0.19774640501443783,6.377618201018777,115955.0441388711,6176,0.0002688522415709461,4f69d36c55a6471f2a72ac5802ceb2bc13605c625d3601901c83b16036562d70,211769212190925312,4985.17554286198
142702,1427,M,387,3870000,286173817,739890,0.1954799056488179,7.047665475984104,104983.70027937302,6192,0.0002668142662817445,fd06f1e27d47fc0fa1fe661eae3fd847dbd9d9674ef301f50845b5867d335283,212318151569137152,4992.741712413961
142702,1427,M,388,3880000,286913094,739277,0.1971579459144082,7.108731557033025,103995.62764029205,6208,0.0002647816739704846,76dcfecca476193a0aea536ce0127efbdbab62146db2feac2d9073d6ada6b777,212866636150232064,5000.499275069975
142702,1427,M,389,3890000,287652166,739072,0.19432963201196127,6.8306157530169,108199.90857684707,6224,0.00026276154154762155,e6f5592fb7ad753848996c46539f1362271bd2714987b998bcdfe5ab60d69596,213414968637674496,5008.868825386977
142702,1427,M,390,3900000,288391740,739574,0.1967786104455342,7.755460818996653,95361.70928598424,6240,0.00026075251514486475,c5e3497da389cf312e8879d3f0f1578059988e068e35c307de7d19eb42e92b8a,213963673569085440,5016.981938237965
142702,1427,M,391,3910000,289131257,739517,0.194276952487885,8.048493915994186,91882.65627317077,6256,0.000258751887896395,26453fb5b55be73c04f8737f14aae3d388d18faef2a90dd8f69cdeb74c3bfbe4,214512336211041792,5060.97476885299
142702,1427,M,392,3920000,289871147,739890,0.1946848569014248,9.18194483104162,80580.96771597193,6272,0.0002567624868830809,8dd8a2f87dcac8b2743888f034f83b28e3d3941a2cf6eca44703201f9d0427e2,215061275589253632,5073.364435468975
142702,1427,M,393,3930000,290610424,739277,0.1944798783724412,7.634424309013411,96834.67542237458,6288,0.0002547789101922231,f69e11d4f1c102040f71b46e8fb696410b690d2f34c858801a2c361075776457,215609760170348544,5083.181984552997
142702,1427,M,394,3940000,291349496,739072,0.19610998709597388,10.47664506797446,70544.72068155032,6304,0.00025280806466654516,5d8acd4283d1d40ecfe6c06f651b3fec14185e3292b8610d3866c1d26df06fc4,216158092657790976,5096.667686689005
142702,1427,M,395,3950000,292089070,739574,0.19473998160190542,9.851241741038393,75074.19058848955,6320,0.0002508486276868116,81d4582ec6a533e9ca1fe5ffc6a7d41fed47d014daa468e2e62003fd47b723f5,216706797589201920,5109.174412565015
142702,1427,M,396,3960000,292828587,739517,0.19495485551533295,6.54058700799942,113065.84548077089,6336,0.0002488979592016131,8681d50dd51d8924973956a186ca553717e7e58849e489efe3d62bd4b32ec85a,217255460231158272,5117.854459210997
142702,1427,M,397,3970000,293568477,739890,0.1965958461215576,7.994515500031412,92549.6986023847,6352,0.00024695881569605706,ffd2be734c0c0fe24c86b417c229bf9950ff0dedd2bf25c6bb922a087f85eb54,217804399609370112,5126.349498395983
142702,1427,M,398,3980000,294307754,739277,0.19210419417980704,6.314472678990569,117076.60125915387,6368,0.0002450259329295132,3d3a5f601601b1b2cb62b42284f185f0a0327a2481c87e9cde60a61d001bc353,218352884190465024,5134.594430944009
142702,1427,M,399,3990000,295046826,739072,0.19366573115761074,6.4439493590034544,114692.39729008301,6384,0.00024310604183309573,b0e619f9d3f1ea31eb692f8f2a8cc1167f851203357e839cc81d1a216f75bc5f,218901216677907456,5141.20854154299
142702,1427,M,400,4000000,295786400,739574,0.19479470884046057,6.597272159997374,112102.9998556698,6400,0.00024119785215569157,26097201480c80941f84f5308b4b28659298cd58fb1b4833066c766b78dbd495,219449921609318400,5147.923536023998
142702,1427,M,401,4010000,296525917,739517,0.19265765636934032,7.848088807018939,94228.9286199989,6416,0.00023929879289404928,a22e0416116dbd897eeba55a0c7dca140d233ba08c8b0f5c0dcfdd623462159c,219998584251274752,5193.480974901002
142702,1427,M,402,4020000,297265807,739890,0.19753084404864016,6.700765091984067,110418.73425545229,6432,0.00023741154760525225,b3732534464a1769fb5f3c6eb21a845c621e8e5b558307ca4c6db0b225a79646,220547523629486592,5201.68783371296
142702,1427,M,403,4030000,298005084,739277,0.19287990600261193,6.626193665026221,111568.87911411122,6448,0.0002355309941748136,6c0264f24da3b94762324f408de5495fdbf55bb4c741fad0fc55203b0da483a4,221096008210581504,5208.79998661601
142702,1427,M,404,4040000,298744156,739072,0.19440916009249884,8.84071959805442,83598.62472763505,6464,0.00023366368192719774,778be5fe30f2839cc1115d165aaec174ca5c6dd2758f17ded5b36f227bf6d555,221644340698023936,5218.182890105993
142702,1427,M,405,4050000,299483730,739574,0.19594102698761645,7.019580387976021,105358.71934265915,6480,0.00023180835407109546,2b810ffdeac8698e22c6c8e276853207328a9f290d116fa7fdb993951596a00a,222193045629434880,5226.681883803976
142702,1427,M,406,4060000,300223247,739517,0.19388181271370428,6.763300282997079,109342.6240232367,6496,0.00022996251082673806,6332c1e0a28a7b284680c39ee36bd55e49444eac5d4db1869c63f52803a51ff2,222741708271391232,5234.0288270909805
142702,1427,M,407,4070000,300963137,739890,0.1967060012933726,8.522703930968419,86813.9977632577,6512,0.00022812876055262876,72cada6e38fd0ed3a78af71edd9331d465c1c2fc155b376006a8b61843e366c0,223290647649603072,5243.322893749981
142702,1427,M,408,4080000,301702414,739277,0.19492204401314397,8.15321351698367,90673.08227118527,6528,0.00022630212759424374,f662a8e9a1296505d02d41360f97fdab78d2375685f4c8156b69c8d91d03b8da,223839132230697984,5253.374253343965
142702,1427,M,409,4090000,302441486,739072,0.19473114337192757,10.224790074978955,72282.36419333247,6544,0.00022448897412801494,ccaec0b159e90393c3e64944e6c83462f22af257570d29b4c009a0db2b9ab362,224387464718140416,5266.792955292971
142702,1427,M,410,4100000,303181060,739574,0.19381126578493899,6.988045190984849,105834.1753362029,6560,0.0002226880778858086,c3d0ea62001430fa0071b8ad0fdc1c8ffaf422dd801653aa00d76b1ada42f5a9,224936169649551360,5275.687980283983
142702,1427,M,411,4110000,303920577,739517,0.1952844265543143,6.718987123982515,110063.76204538243,6576,0.00022089701242640177,aea59f77b8818b1917f665776c3c2409875a22efea4c7a562e1dbbaeb1dba909,225484832291507712,5328.058932190994
142702,1427,M,412,4120000,304660467,739890,0.19860092050650838,8.645791169954464,85578.0558951318,6592,0.00021911830870278583,7142fd5ada9219d3dfe5dc2eacfa61ab9abcaa775b02be6f2148c1c3c9cd6e61,226033771669719552,5338.361428008007
142702,1427,M,413,4130000,305399744,739277,0.19146651473019477,6.990566071006469,105753.52446294272,6608,0.00021734714173029995,278cc1a6e2ce08a61d9bd5c87a9e2121aab546b2ac66084b7e623fba38174044,226582256250814464,5347.8141827569925
142702,1427,M,414,4140000,306138816,739072,0.19421736712805904,7.557585752976593,97792.07595612301,6624,0.0002155896811543081,c0b6d80106fdc70c23f97e22a827db1fd6cd1a009c0f8056d961c20f6a87c837,227130588738256896,5356.091296333005
142702,1427,M,415,4150000,306878390,739574,0.19391566554721473,8.794822753989138,84091.973276499,6640,0.00021384474026401212,f02627b81f5eed009d9f406726f0dda19e7e052ba5776ca3242b860bb3fe66dd,227679293669667840,5367.252684695995
142702,1427,M,416,4160000,307617907,739517,0.19377857348977984,7.7893427379895,94939.58924073176,6656,0.00021210996800974675,a0be6473085f1c886f2b095922917b2c5abef669ea3cbe1dabc4ea97f8a840e9,228227956311624192,5377.177697542997
142702,1427,M,417,4170000,308357797,739890,0.19551376177558633,11.359768007998355,65132.49209658571,6672,0.00021038781579755202,4e9ac6e5e6304ec246c40b0cde30210f7f702fda4b3352175ced6fcd62d443e5,228776895689836032,5391.415953670978
142702,1427,M,418,4180000,309097074,739277,0.19391665740846997,6.60287328803679,111962.92398029749,6688,0.00020867361339504975,9aa51a996f413f9f6a916c007207bb12620400ccc3355c6aa2c22fbe45f04fd4,229325380270930944,5400.063361820008
142702,1427,M,419,4190000,309836146,739072,0.1947559728975894,7.330572869046591,100820.49700654885,6704,0.00020697333269639907,d643237160cdadbca0c4bf7e0c9fc749276b8ca81285cbedd9f0cf4a5c69fdaf,229873712758373376,5408.007088456012
142702,1427,M,420,4200000,310575720,739574,0.1934747930164204,7.027533023036085,105239.49123763548,6720,0.00020528582355221404,3c4d73f20e8faba83024b7f2df7e08c8ee1ff184ba3c6268fe87d3b1e211c85f,230422417689784320,5415.54260380601
142702,1427,M,421,4210000,311315237,739517,0.19474325190846378,9.429627474979497,78424.83724433747,6736,0.00020360881229360906,b556d2897cecb8100534746b2a984247c1fab2f3925366027b0fa8b3f918c375,230971080331740672,5456.801245193987
142702,1427,M,422,4220000,312055127,739890,0.19549202573179536,6.941343567043077,106591.75602731094,6752,0.00020194466870553923,4a7e34d047a343820c9838dcab026cb66dfeed44250cbb276756c4b7c42569d7,231520019709952512,5464.796955141006
142702,1427,M,423,4230000,312794404,739277,0.19512888555530025,7.722915214020759,95725.12186303188,6768,0.00020028888125939146,7581932af2990dfdef427a2d3f11faa994ce2d8e4492a06c85435980a7b3b96e,232068504291047424,5473.190268836974
142702,1427,M,424,4240000,313533476,739072,0.1916398657237447,9.753574893984478,75774.47326065267,6784,0.0001986472190453017,c1624f6498f44127c2f15c59cbada0b7d627ee4baf3404e7064ef50e366fdb69,232616836778489856,5485.278269902978
142702,1427,M,425,4250000,314273050,739574,0.19408253284492252,8.382660153030884,88226.64720966831,6800,0.0001970185694484369,16a6e5e05cb1d19a11488cfb92f415a63a6e86c7dc0ec69a6e17658ce6640ab3,233165541709900800,5495.539832800976
142702,1427,M,426,4260000,315012567,739517,0.19110382017135133,6.4116049819858745,115340.38701351007,6816,0.00019540073810444256,da8e4b6e31fa28f3a2fef3d10731dfa904f905a42fc3b2d8fdd614c5f78c9f49,233714204351857152,5503.736138209992
142702,1427,M,427,4270000,315752457,739890,0.19128638413458204,6.598279964993708,112133.76878904615,6832,0.00019379601117211406,24c69c9afe89c1fdfbd9df1ef3355dacc660b1055314d7c8eff90d9b3301aa63,234263143730068992,5510.831835071964
142702,1427,M,428,4280000,316491734,739277,0.19079906462163804,6.524783381028101,113302.91855352187,6848,0.00019220003964380667,5791b837af13ea5af9563a75074a15534a195b2e278a8eae88d8aa1880cb6d8f,234811628311163904,5517.458634342998
142702,1427,M,429,4290000,317230806,739072,0.18994367572214102,7.092214867006987,104208.91271049414,6864,0.00019061838492440738,db198bbce06dac7b8e4809b09c51fdd9bbfcff1146de13da5f5ea374b5259023,235359960798606336,5524.679578828975
142702,1427,M,430,4300000,317970380,739574,0.19377372873047458,8.04106021602638,91974.68743312961,6880,0.00018904997287501907,6c49eb978cf814582ed2d4405bb3a359db214621842cccbe58422b83dfdd4f65,235908665730017280,5533.365794668964
142702,1427,M,431,4310000,318709897,739517,0.19284552452856144,7.127996818977408,103748.22250637482,6896,0.00018749269029246944,61009d8835d1c3da40b45122d581c03f776a21f7f8350057d39199bf46f9a17b,236457328371973632,5594.171156351978
142702,1427,M,432,4320000,319449787,739890,0.1897952645101121,9.001089235011023,82200.05164731533,6912,0.00018594873777507575,dbfac2c6c1f3d3ced6632f5fb3f8c9001ef0ef8d12a3446dcc304f32330e1df7,237006267750185472,5605.552507384971
142702,1427,M,433,4330000,320189064,739277,0.1912434764198216,7.544464100035839,97989.33233660535,6928,0.00018441393251585658,6189d096e3da5a3d3601898f64278f75a337625a9e86a1921cbd79b3d2024e4b,237554752331280384,5615.269296263985
142702,1427,M,434,4340000,320928136,739072,0.18855216616592402,10.907935456023552,67755.44308816675,6944,0.00018289362352894568,adcb2ee48b5b2a055fff31c34e1c1d10c4759fae029ab5aabb069b0d145c84da,238103084818722816,5627.499583308003
142702,1427,M,435,4350000,321667710,739574,0.19278061157032889,13.530633379996289,54659.22985492959,6960,0.00018138677606021087,a33d4a98ae0138e7b53f25f1fe3313c7ed93f856877405da711d3e55635bdfa4,238651789750133760,5642.552566583967
142702,1427,M,436,4360000,322407227,739517,0.19129179279377412,13.763578706013504,53729.99390608305,6976,0.0001798913598556432,71b3a079a6ab5c1559d759409419dde9694ad5ac9831f3df23716a614454ea8f,239200452392090112,5656.4082182549755
142702,1427,M,437,4370000,323147117,739890,0.18734100436077247,16.966632992960513,43608.53448689447,6992,0.00017840948809115552,6c46f58b2018920f77b04d4d93524e5a0eb815cfb80c7db4cc73bb1630424ed5,239749391770301952,5674.00866492599
142702,1427,M,438,4380000,323886394,739277,0.19151142742978666,10.102382174984086,73178.48277712426,7008,0.00017693714769950202,33b9983925ae2698e4834265bfc4ceb6f94df3570384a036efc28ded72bcbac8,240297876351396864,5685.8571679730085
142702,1427,M,439,4390000,324625466,739072,0.18797025293018896,6.963912895007525,106128.8403721772,7024,0.00017547947077826344,02830a56188b5bc6f68ef3b02f380c71e764dae4fc6bc618f8a79439462ac8cb,240846208838839296,5693.335568180017
142702,1427,M,440,4400000,325365040,739574,0.192127679715487,7.605958502041176,97236.13398646915,7040,0.00017403546283357773,a27cadc4d064709ec77277886ee205e6dddd6ca76754aced3ddc22233d748398,241394913770250240,5701.922770983016
142702,1427,M,441,4410000,326104557,739517,0.18834053738209405,6.349480723030865,116468.89442747981,7056,0.00017260317827839697,3f9375f5d78b3b05232878b9697447c9b1a06b21bee09b4f21a36db70a4352d7,241943576412206592,5743.997884022014
142702,1427,M,442,4420000,326844447,739890,0.18878423929896004,6.461210499983281,114512.59791054857,7072,0.00017118464107827158,4cf229936b343b034ce28475abab4464bf6bae4b8d160e9e724c839bedc5a553,242492515790418432,5750.577288046014
142702,1427,M,443,4430000,327583724,739277,0.18877393183098667,6.2895485399640165,117540.5508523557,7088,0.00016977601130114682,d368d96c1d157ec476f4d56be2d9930a07bf09c124e536f58279b48ebac111ef,243041000371513344,5756.968728670967
142702,1427,M,444,4440000,328322796,739072,0.19025817365847866,7.198275132977869,102673.48584858158,7104,0.00016838219978578418,a58516f7eb268b32674eb0f0393be1cc920c184f2ac454cd809b2bf6426ff8cc,243589332858955776,5765.268300794007
142702,1427,M,445,4450000,329062370,739574,0.186657218859079,7.217993174039293,102462.5518710658,7120,0.0001670022531400321,98dd530b3e13d38f463b7a142ad5d57d9ea5132a26bdbf0f48dd1e3b015520dd,244138037790366720,5773.264070280013
142702,1427,M,446,4460000,329801887,739517,0.18899109733047448,6.793655026005581,108854.07003581822,7136,0.00016563431208996477,f508f0226450e2b24e570dcf8e581c11094bf6ea063f699c0875f608cfc353c2,244686700432323072,5780.816878923972
142702,1427,M,447,4470000,330541777,739890,0.1921313393844893,8.121213547012303,91105.8422139628,7152,0.00016428030967829355,1516719f9a806384fe541188980c47b962f41799cdcad0148e353ec006041ee6,245235639810534912,5789.686861288967
142702,1427,M,448,4480000,331281054,739277,0.19164478030567114,7.518015198002104,98334.06564494061,7168,0.00016293658235712067,372985ab4b17a51923af93489b0f0c9b969807fd9664bb73381290ea2cd79543,245784124391629824,5799.021996854979
142702,1427,M,449,4490000,332020126,739072,0.18770317795741587,9.8065429420094,75365.19284833327,7184,0.00016160781555132762,eac1ac34d783bc0e4ba28a6d09e954c59846174fc380852712ad1a4e46aa3168,246332456879072256,5810.574950370996
142702,1427,M,450,4500000,332759700,739574,0.19118443385202627,8.696755775017664,85040.21719507214,7200,0.00016029309777713946,b676ba45905d09eb978a52c4f8ede7c21a0801973a9c0a61ed2641645c76a389,246881161810483200,5821.664690480975
142702,1427,M,451,4510000,333499217,739517,0.19130061668931017,6.314770867989864,117109.0789293207,7216,0.0001589906576468831,1c5b63575b6e5964dd6d4fa8bf7d872596a3fd46737e83f9f3c32ef85121f0cd,247429824452439552,5867.100979251962
142702,1427,M,452,4520000,334239107,739890,0.19022873647806152,6.43122919194866,115046.43636807066,7232,0.000157702335644884,1ebf0e634db3ed282012358d2cc15854568156f65c1d6150d2aed3e75de5b870,247978763830651392,5873.687183983973
142702,1427,M,453,4530000,334978384,739277,0.191918687104414,6.405702026968356,115409.208372104,7248,0.0001564246477071284,8f67108bc7f8e989f9f6cedd7f882aabca2fecd01652656ebe573e7a6bd525d1,248527248411746304,5880.256000366004
142702,1427,M,454,4540000,335717456,739072,0.18562056098919158,7.309609429037664,101109.6430219667,7264,0.00015516204988028098,7b7bdc7514d48deefce24370fd14a1eae205192141077de255e86b18c59c170b,249075580899188736,5887.734011168999
142702,1427,M,455,4550000,336457030,739574,0.19076749461105402,7.003659570997115,105598.22225835377,7280,0.00015391367336014923,9835827297a3029f914b3db0bf2f4b9ddd37b1728fe08e6d7b52ecd22069f9a9,249624285830599680,5895.214983301004
142702,1427,M,456,4560000,337196547,739517,0.18889712309096132,7.957824012963101,92929.54943403433,7296,0.00015267783614408408,36c3c4adcc47a42cd6beed7f0aa6a31bddfb485352bc2cf2a860393e99643e77,250172948472556032,5903.84891597199
142702,1427,M,457,4570000,337936437,739890,0.1884392292872304,7.252548235992435,102017.9357550669,7312,0.00015145628460079105,4cb17dbac3af24720fb4e5025e57f10a36d434c9aaf5d28e4abd607e6b349fb2,250721887850767872,5913.103463578969
142702,1427,M,458,4580000,338675714,739277,0.18764496155905994,6.745106450049207,109601.9767033635,7328,0.00015024571709800697,1e0e1414d297545696b8d3296f47aec2abe3657e518646e260a6d54339472708,251270372431862784,5920.750657408964
142702,1427,M,459,4590000,339414786,739072,0.18710768243454715,7.9694427360082045,92738.22831559638,7344,0.00014905035653391894,1b8c28696a82528972fade70804f4e17baa7f815f70b49e20223fb636034a2f8,251818704919305216,5929.476611019985
142702,1427,M,460,4600000,340154360,739574,0.19025902586722418,10.329575065989047,71597.71774495415,7360,0.0001478693775190121,5246eb3c37b22778a691f59e3ee648bb02d1e9f80e54a667a44588cc88091782,252367409850716160,5942.00325392501
142702,1427,M,461,4610000,340893877,739517,0.18612786319973207,7.0903325420222245,104299.33936343744,7376,0.0001467011888588033,15be1ce08ecbda74980e8433ee8edfa10c79284ee527d52766ac559773fe42e8,252916072492672512,5984.934762732009
142702,1427,M,462,4620000,341633767,739890,0.18653588484372602,6.395014877023641,115697.93256592995,7392,0.00014554744132877636,b277fafdaa93734fc7c434581fc64b727527a66cacfa9004536bc8e2fbd0a6d2,253465011870884352,5991.446064634016
142702,1427,M,463,4630000,342373044,739277,0.18826868714914807,6.401287472981494,115488.79863938854,7408,0.00014440501852192874,558f3eb4b25b7fdf52045cd94c0412728e37ea464f199fe13eea47028b3fd95f,254013496451979264,5997.972857409972
142702,1427,M,464,4640000,343112116,739072,0.18471294404583322,6.889436372031923,107276.11956767707,7424,0.0001432779066149769,bfb9a5d1e426c1c00a1efc7c77007ceb6a6a79149a659e827416d5a644742cea,254561828939421696,6004.964978905977
142702,1427,M,465,4650000,343851690,739574,0.19580253960769303,7.516749426955357,98390.13621338217,7440,0.00014216532433144528,be689a7b6d4e756b644d08ffb3046bb1a3f203de8cccd29ca717427bff1fe37b,255110533870832640,6012.95470563398
142702,1427,M,466,4660000,344591207,739517,0.1865290819952477,7.006507040001452,105547.17147616636,7456,0.00014106577263132627,ee66c35a9c206095adbafc184636375adc1e43b05f3ab15e0bc371180139a8f5,255659196512788992,6021.110813948966
142702,1427,M,467,4670000,345331097,739890,0.1872501600524812,6.912708712043241,107033.29632723743,7472,0.0001399808053001609,801d3663dc63a957edaa5147730fec676aecfbf9f12ac3cc44bd0b3f92471454,256208135891000832,6028.134364668978
142702,1427,M,468,4680000,346070374,739277,0.19260920229209352,6.60903930402128,111858.46626001842,7488,0.00013890749379299883,5f0d2fa71d47213663d872b63eaaf2dedf4ed1c97f3083bf507112aa96382e01,256756620472095744,6035.267836074985
142702,1427,M,469,4690000,346809446,739072,0.1880880304075749,9.50525806704536,77754.01728043088,7504,0.00013784958419238227,4669f7997fb49c58be6568c24681801f58537d1850cfcf2a95c8fdf38abb9a21,257304952959538176,6045.575110912963
142702,1427,M,470,4700000,347549020,739574,0.19331735423381533,7.1281602830276825,103753.8397896219,7520,0.0001368063399959131,4afd03153857e58407c013363468108369e0063c30127380dde9fb41195ee461,257853657890949120,6053.92597967101
142702,1427,M,471,4710000,348288537,739517,0.1882328394752483,6.309601748012938,117205.0201477286,7536,0.0001357763555863966,8f3d8b3bfe71aee36c0460cb61eda3b5771d40de7a13143fbe422876179eeeae,258402320532905472,6103.514259435993
142702,1427,M,472,4720000,349028427,739890,0.18749365205095422,6.439920008997433,114891.17861188871,7552,0.0001347610864447733,b60af5126c0eed9c85b05aaa31d076381a9f928514b7818f1c9e933d89ba5c15,258951259911117312,6110.044709826005
142702,1427,M,473,4730000,349767704,739277,0.19334892251532804,6.619020403013565,111689.7901785309,7568,0.00013375779436598667,197b8339433cd548f5c1bbd98e3011278a0917a814279f5214221f985c6f7ba3,259499744492212224,6117.153183938004
142702,1427,M,474,4740000,350506776,739072,0.18739897024065802,8.128627080004662,90922.11916302796,7584,0.00013276998216884455,2927230e70dc7f9c4f01c7f7b5732fa51f3ff3e6ac0f91f72eaac660086f34a8,260048076979654656,6125.816103309975
142702,1427,M,475,4750000,351246350,739574,0.1906283434920659,7.634232419019099,96876.01312183075,7600,0.000131796958748181,4fdd56560b6257deb6785658f5e3f1b64d45f40c392dc0d56d2ff9283295213d,260596781911065600,6134.784574526013
142702,1427,M,476,4760000,351985867,739517,0.1846708874746577,6.618918823020067,111727.763970759,7616,0.00013083741309890642,18ef4af458a410973ecc98b255b8f3f54b7bdd7fcf16968d08c6a1e325d6e9d9,261145444553021952,6141.620640987996
142702,1427,M,477,4770000,352725757,739890,0.1874126322700687,7.841589034011122,94354.60042484937,7632,0.00012989270116587907,4958b2e520b28f25fbe378ad880cb7541d1eabadf58e5241ba87f87a922e2f7c,261694383931233792,6150.064690738975
142702,1427,M,478,4780000,353465034,739277,0.19096405191721239,7.187334266956896,102858.30219400782,7648,0.00012896027740073065,fc1c3c6fdbe932e91d7304e6ea01da213a27bd9a2fd09d8d7218decbdfbb4603,262242868512328704,6158.94357067399
142702,1427,M,479,4790000,354204106,739072,0.1887894532477769,6.717938632005826,110014.69952090492,7664,0.00012804339839480062,3fe772612e55bb49ec968312116052b1221c1ff08b7a0a9ec122db1ee4e7726b,262791200999771136,6165.779122809006
142702,1427,M,480,4800000,354943680,739574,0.19032963227068808,7.168904089950956,103164.16438555806,7680,0.0001271414190248989,c14f5f36342581dcff518ab2269a252b6bfcc504c01759b4e1b1c3703dce3013,263339905931182080,6173.591992833011
142702,1427,M,481,4810000,355683197,739517,0.18425359974357158,6.517641772981733,113463.89165872811,7696,0.00012625312400728247,6a625ee8da52deed2dd6215876a9b30de0172cd173fbbbb53ec5ae634d5472b3,263888568573138432,6230.066752949962
142702,1427,M,482,4820000,356423087,739890,0.18791198585305835,6.811061571002938,108630.64329795072,7712,0.00012537976860346235,652fb9be8c755bf56ec11b15949215259032276ef2fc5a2a734a3a243fe8e188,264437507951350272,6237.364683018008
142702,1427,M,483,4830000,357162364,739277,0.1916131115867061,7.758091694035102,95291.08821546948,7728,0.0001245190020755465,666ac6a8f5b0884ffe27447c920bd12686375263818872e3712e609b2cc0f889,264985992532445184,6245.622878689959
142702,1427,M,484,4840000,357901436,739072,0.1863317904348063,6.786767812969629,108898.96639570029,7744,0.00012367383203200482,3267790a219988f37c1dc13edba9ca8392bc2e54b7c2e6c6483be2217c5610e9,265534325019887616,6253.94547259697
142702,1427,M,485,4850000,358641010,739574,0.18839452817363167,6.7689026150037535,109260.54665946614,7760,0.00012284365987746135,079213de4eb1640fa5316d344b32b97be0144c8bdfc36ae5f4530e3199d605f6,266083029951298560,6261.177911309991
142702,1427,M,486,4860000,359380527,739517,0.18537525938786367,6.818632175039966,108455.32960511475,7776,0.00012202736707777156,02ae61e70f0199228447c4982216045e2aef7be45f15075ea90d5a3543dcc851,266631692593254912,6269.168894667004
142702,1427,M,487,4870000,360120417,739890,0.1895484106836395,6.50969694100786,113659.66906063787,7792,0.00012122610714902207,95828862c25c7760cbe3033e8de2a83dbf2cba82dfecb5296c36ad52586e1710,267180631971466752,6275.892544422008
142702,1427,M,488,4880000,360859694,739277,0.188166839320788,6.414252843009308,115255.35679587602,7808,0.00012043772615275663,0b7fd74503b381a0cb00035a7b20a6a970d29fdd8af47ccacc1f61484f902fb3,267729116552561664,6282.418645203987
142702,1427,M,489,4890000,361598766,739072,0.188518492029454,6.4848283270257525,113969.4009970767,7824,0.00011966498016983809,969907197ed143567e74162a63f6bef1924f96e24350409702c3a4ef4b4c53ee,268277449040004096,6289.061103531974
142702,1427,M,490,4900000,362338340,739574,0.18565866484332086,7.1092361499904655,104030.02297243873,7840,0.00011890731763917654,91400f21e8643a78d83dcd343ae4f1052277d78475ae829d85a84fddbe1c60bf,268826153971415040,6296.330315247993
142702,1427,M,491,4910000,363077857,739517,0.18723410179359015,7.5831716189859435,97520.80490285563,7856,0.00011816371772261688,55a8068cf2f9d2d67b348e7ce11b94b6a5633a2b7ef66bd69a94f6a39f91343f,269374816613371392,6369.780363883008
142702,1427,M,492,4920000,363817747,739890,0.1903428110264854,8.124144393019378,91072.97509824493,7872,0.00011743523121483215,241195b42bba6341693d4311048fd61da36b145ccb59d4790c37ee2873cee5d9,269923755991583232,6378.409816375002
142702,1427,M,493,4930000,364557024,739277,0.18558982678968605,6.362958912039176,116184.46861274473,7888,0.00011671990279924844,bf874938ae32c431984f6f840d974ce98fd81e2e83dfc2e17fac6b0c5133aae8,270472240572678144,6386.43465079501
142702,1427,M,494,4940000,365296096,739072,0.1887426748020161,6.501682215020992,113673.9655304137,7904,0.00011602023469720212,1ac3dd16912bedbd1b263ef779f80cd7d9bc12fd70525d779d334f94a8cc14b3,271020573060120576,6393.047237991006
142702,1427,M,495,4950000,366035670,739574,0.18546397426806388,6.622962302004453,111668.15788399799,7920,0.00011533572284856511,8a2bbea4b6b995e9d966230182b8ddbfa6ba3c987ee12e515de614afb30c7610,271569277991531520,6399.806200480962
142702,1427,M,496,4960000,366775187,739517,0.1898620769804247,6.45735631295247,114523.1831975327,7936,0.00011466544497490278,09db9a085fffd40fe660495e0a014a0978df5a9545f9e76b511cacbd4490fc3b,272117940633487872,6406.439156837994
142702,1427,M,497,4970000,367515077,739890,0.1896932957599001,6.5099070310243405,113656.00099569741,7952,0.00011401034826039719,651a807f331d350ea1352c2b4de074b075c3d731b9e42e14ffe95c5f3c824edc,272666880011699712,6413.133885709976
142702,1427,M,498,4980000,368254354,739277,0.1861515236152318,6.3604225409799255,116230.79995658628,7968,0.00011336867766474996,486ecac1c0babee6f59f08bc6e34cbf16a97f1b9e5caf425f40f96693b41139e,273215364592794624,6419.579030641995
142702,1427,M,499,4990000,368993426,739072,0.19134042931028333,6.790558994980529,108838.16789550168,7984,0.00011274267943264215,42b2a445631e2d4123df109a5e23caab05832f3d749023cc34e6bff0c9e14512,273763697080237056,6426.680199680966
142702,1427,M,500,5000000,369733000,739574,0.187175572453425,8.257019176962785,89569.12708443541,8000,0.0001121318974313922,a1ef1157c7cabcfcd4cba052117bd1e2c18876b8bf2ab520ecb1bebb33890608,274312402011648000,6435.449176519003
142702,1427,M,501,5010000,370472517,739517,0.18650353586848623,7.579459194967058,97568.57065620949,8016,0.00011153550872262581,1f2084635728a29b3ad49842129281c820406c95a04e800058bbb59c427177fa,274861064653604352,6505.161642207997
142702,1427,M,502,5020000,371212407,739890,0.1899471749042752,6.98985592299141,105851.9672152775,8032,0.00011095435607862186,2dc2598da7f42f5635ec4e351b0e583ee405b409733d08b84d1c9d42e4356b42,275410004031816192,6514.380524370994
142702,1427,M,503,5030000,371951684,739277,0.18839423705900413,6.522473224962596,113343.04864152808,8048,0.00011038688622029674,d454ca69df264c8b0c855bad85c20dbf717e44cd4d55d696c076b2eb5bae1dde,275958488612911104,6521.064512076962
142702,1427,M,504,5040000,372690756,739072,0.1873572860255058,6.979282541957218,105895.12540249446,8064,0.00010983508751512853,1f6d962a3a5f61f26b3a0d5b42e865904ab99a940af8e29ec3e5cde4bea7fbd7,276506821100353536,6528.258435427968
142702,1427,M,505,5050000,373430330,739574,0.18578316413213614,6.6504714409820735,111206.25155121142,8080,0.00010929855214381653,a42790a146617cfbf2d942a1724fb2d0a9f15d4f623ac25446a8ec7bfe1bfe84,277055526031764480,6535.144023242989
142702,1427,M,506,5060000,374169847,739517,0.18998147040363303,6.345401871018112,116543.76114106472,8096,0.00010877655720433462,4e96e7008f8fa607c51eb5160d5c987162cb2c4e5129c625f08e7fef8ae1b745,277604188673720832,6541.706884726009
142702,1427,M,507,5070000,374909737,739890,0.18960308591384586,6.833339739998337,108276.48385007418,8112,0.00010826984034398887,f3a8be9b3aad324fd482dcf1e5ff0c247283f962d65925f0f9ddad5860faffac,278153128051932672,6548.70415564999
142702,1427,M,508,5080000,375649014,739277,0.18953934608847092,7.014552287990227,105391.90095791755,8128,0.00010777705135913959,e3a6fbf872a754da790d0c4fef018a580f4b13a593068e930cabac294a471d46,278701612633027584,6556.179143044981
142702,1427,M,509,5090000,376388086,739072,0.18672042319652404,8.094800541002769,91302.06436296516,8144,0.00010729991905770475,cd0c099df0eaf24f014b6a1be4e86e44e8cb6b1bb743ee015fd282aa7c60b193,279249945120470016,6566.099244843004
142702,1427,M,510,5100000,377127660,739574,0.18720635885464398,7.532215244020335,98188.11279817474,8160,0.00010683808427882017,b6237aa83e7b9b31c0c39631aa22763682bd12b26c536f0a39d4f6c140aafe4d,279798650051880960,6574.178129252978
142702,1427,M,511,5110000,377867177,739517,0.1936916450434857,8.3491903229733,88573.49891344247,8176,0.00010639092476845516,16ed2ce532ea6314f879da149827060576933b71ab2bf09ed387e2a7a0f6d04f,280347312693837312,6630.8056076359935
142702,1427,M,512,5120000,378607067,739890,0.18661847433612058,9.564170536992606,77360.60300663082,8192,0.00010595907242481982,2186b1b6fd68d04ea8e54477577ffec8879b1d75a6db4cb008667075f106ad0c,280896252072049152,6643.175029119011
142702,1427,M,513,5130000,379346344,739277,0.18932800479718984,6.32227021100698,116932.20557275921,8208,0.00010554138126212556,c8ce5da61d64e4b4088268030454ba5ab6117ef83e9822273ba373acd752cc6a,281444736653144064,6650.501564371982
142702,1427,M,514,5140000,380085416,739072,0.18882729440855245,7.527749553031754,98179.67438918626,8224,0.00010513931906598584,575353da58624a1f6209ed4cd07c5d026de2ee421ebc9edc5a10b1faffae3038,281993069140586496,6658.181522494997
142702,1427,M,515,5150000,380824990,739574,0.18431883330849178,8.442531723005231,87600.97376770517,8240,0.00010475257563785915,513e6f7bebfb90f7d36023dcc4af121f7c91ba61d23ec96c65b163e18d4a565e,282541774071997440,6667.077921779011
142702,1427,M,516,5160000,381564507,739517,0.1958309590591948,6.617105023004115,111758.38942091704,8256,0.00010438062989819927,28cc81d7120ea9ffe9e1388eb1a1c04e83f719ba874dee9521e631edc0072fcb,283090436713953792,6676.565357556974
142702,1427,M,517,5170000,382304397,739890,0.18579566982092804,6.995397744991351,105768.11025931375,8272,0.00010402400746147128,dd84a61365fb3fa262c7045502b011682c53c5317f8727598bda17087ca82df4,283639376092165632,6684.10385188699
142702,1427,M,518,5180000,383043674,739277,0.1866720960664051,7.210210597957484,102531.9565852103,8288,0.00010368176752935607,0bb78c435377effea800d53e68df78d5ae92438cf98b144236f9221d18842899,284187860673260544,6691.779524637968
142702,1427,M,519,5190000,383782746,739072,0.18889386437324904,7.191325318010058,102772.71119261668,8304,0.00010335511562326961,1ca8ba81183859f302f37276d5e9862d7ed68a67d48c8b40cef45bbcf703c18a,284736193160702976,6700.817929290002
142702,1427,M,520,5200000,384522320,739574,0.18649465101528712,6.491613958030939,113927.6002518687,8320,0.00010304379076945177,e14e67b1a2d172f6f4fefd07a34217293270236bad3c01164669e1745eac7783,285284898092113920,6707.451503960008
142702,1427,M,521,5210000,385261837,739517,0.19279501892750237,6.717425957962405,110089.34145726223,8336,0.00010274737350372622,84c3f2461c5bc5207589a3ef96935a1e278a498cd5d1bbb1a8be81e20e148833,285833560734070272,6748.584512899979
142702,1427,M,522,5220000,386001727,739890,0.18554714963438834,7.498914455005433,98666.28089164726,8352,0.00010246628271209065,9fefbdba57e37ffdce843199947a96992d7ac846de7f11e2c940b8cbaede1409,286382500112282112,6757.101577260008
142702,1427,M,523,5230000,386741004,739277,0.1899716476393592,7.103971950011328,104065.30391759517,8368,0.0001021997835797048,c26873a2707fbb301ab75804c1793a1583dbe2f3e8e370b6e1670addb72a1528,286930984693377024,6765.776903952996
142702,1427,M,524,5240000,387480076,739072,0.18847770309691864,10.011188311967999,73824.60273137278,8384,0.00010194881834379561,28c032a1f79e364c7d7136aebb2de8c94f51ddef7988a2970917a1e9a2f20fc8,287479317180819456,6777.837722035998
142702,1427,M,525,5250000,388219650,739574,0.1849007886808736,6.626666442025453,111605.73818982622,8400,0.00010171317547619426,c282edb0d0c3dced46b64406d14e2d18811a96d6104d04c1d69324ee53bef184,288028022112230400,6787.601789884968
142702,1427,M,526,5260000,388959167,739517,0.19595666267199588,6.607320973998867,111923.88002794895,8416,0.0001014925374830028,1c99dcc6bb861fc0cf4a7c8afbe6484c4d59aa0b0e0792261e91d0f96b583b06,288576684754186752,6794.784818657965
142702,1427,M,527,5270000,389699057,739890,0.18393207708122095,7.841211202961858,94359.1469287961,8432,0.00010128721616733228,45664c31f26afc9bece3d58d433766bbab924d59832d97a1d0577576abedb0ac,289125624132398592,6803.097442486964
142702,1427,M,528,5280000,390438334,739277,0.188030951250183,6.425288408994675,115057.40333229184,8448,0.00010109668331954785,3764ea81d49814e175a506fe695858cf8617080989913c4a0229ce4b68befa69,289674108713493504,6811.062440859969
142702,1427,M,529,5290000,391177406,739072,0.18752621135932168,6.696309719991405,110370.04423399769,8464,0.00010092161709546073,dfcbc07502852c27e0d388aa98828992bc7a4554e9badbdf80ce7194e95dafb1,290222441200935936,6817.929275480972
142702,1427,M,530,5300000,391916980,739574,0.18738868009703286,6.5737583579611965,112503.98322054745,8480,0.00010076185559146747,c29df7ee9fa543af4ce6d64d4faaef9e4dc92df463eb65da327e3d04000b708d,290771146132346880,6824.702351298009
142702,1427,M,531,5310000,392656497,739517,0.19144043705557862,8.651359047973529,85479.8645969066,8496,0.00010061718355257985,ca579c4cd7ee2552a2fa1f300b8df4b48201ba313dc61540b68bd882eb6dd87f,291319808774303232,6858.740093049011
142702,1427,M,532,5320000,393396387,739890,0.18212735824139212,7.972035838000011,92810.67158193061,8512,0.00010048780543520584,1278e4b18acef57707e7db1b351e2501df663e209d010b0ae6376e2e202f094b,291868748152515072,6868.504288333992
142702,1427,M,533,5330000,394135664,739277,0.18640532035395674,6.827622459037229,108277.36952875486,8528,0.00010037340008183396,112a2f21226d3a435dd8f7560ac33a86b951a70c8d177f2c168f6a300804c4d8,292417232733609984,6876.169700358005
142702,1427,M,534,5340000,394874736,739072,0.19012473597941945,7.238343188015278,102105.13384108419,8544,0.00010027438099307244,e1cba3bf4ce502138616155929db8885eedcb7341e6cbda7104f31fab7e6e727,292965565221052416,6884.624083340983
142702,1427,M,535,5350000,395614310,739574,0.18648648601675963,8.078807525045704,91544.9461702352,8560,0.00010019063602686942,53a49e8988c6b55fd8b10d8f249fe821902f2fcf02cf099c59f3c73aed018e52,293514270152463360,6893.483621347987
142702,1427,M,536,5360000,396353827,739517,0.18899118034086979,6.774943672004156,109154.70826065731,8576,0.00010012205234927402,d7d4ce9c9efc109159a44d7f2a010fe871794a846fe4bb762487b5fb16766c75,294062932794419712,6902.455226412974
142702,1427,M,537,5370000,397093717,739890,0.18438732592636026,8.926776624983177,82884.3412446645,8592,0.00010006872689700035,36d0e5d12434927c10e2f068e11655be4214232d5732a70117e283cc974a5c5e,294611872172631552,6912.110807357007
142702,1427,M,538,5380000,397832994,739277,0.18699020868723096,7.169262008974329,103117.58714838277,8608,0.00010003054583639174,26df4da3eceada565758747c3217456ea6b0a044756a313146a9013f8ee4d2ad,295160356753726464,6921.566454819986
142702,1427,M,539,5390000,398572066,739072,0.18905814520041753,9.013951803965028,81992.00706563567,8624,0.00010000765766299047,181011f303fff8ea807d8b40fd4c26995b3763a58b77a1ffab9cb8a0a1a8e6b9,295708689241168896,6932.481265474984
142702,1427,M,540,5400000,399311640,739574,0.18615372036605948,6.502844489004929,113730.84520942777,8640,0.00010000000009117992,243caaf3444253a6a8a1879ec5e5fd087208067a057ec133e92511eb10aa2d78,296257394172579840,6939.280194599996
142702,1427,MP,1,10000,739517,739517,9.68071463714567,6.993797765986528,105738.97398013846,16,1.5999878995143762e-05,f04b4563829cedd736ed5950e407978f27ba0f13dd3b21b3a18781027b4300a4,548662641956352,6.993814334040508
142702,1427,MP,2,20000,1479407,739890,7.558963092935737,6.690925324975979,110581.11756801834,32,3.199902927568006e-05,db196a36d8169ff525d6811224c0ed7060b00643399359c421687053788bce0c,1097602020168192,13.918734653037973
142702,1427,MP,3,30000,2218684,739277,5.970419126707267,6.4788406969746575,114106.37096621482,48,4.799671628773719e-05,e113b08bf978e8d63d043639ab8a0e946ea99a1086756d7baf729a8d48e9dc45,1646086601263104,20.593740415002685
142702,1427,MP,4,40000,2957756,739072,4.989233692996346,6.488460623018909,113905.59994739234,64,6.399221294209405e-05,96cdfb25086fe17b47ce8b1570542e0fa5835c88fe9fde4b053d72604786617e,2194419088705536,27.231436014000792
142702,1427,MP,5,50000,3697330,739574,4.228841064049705,6.495960921980441,113851.36223610843,80,7.998479127348539e-05,7842a61cb68dc3c9ba26ea4957f048d4273442f4da74d2833ff4223345d0b259,2743124020116480,33.82682781899348
142702,1427,MP,6,60000,4436847,739517,3.5560669437216594,6.364503124030307,116193.98805977844,96,9.597371406865068e-05,a4c87df1cf15887dfe3564dbe2f9dc9a6dd869e8b47e4cfeb207b27c50e9f197,3291786662072832,40.299919717013836
142702,1427,MP,7,70000,5176737,739890,3.0089712669586164,6.636059434968047,111495.38476120695,112,0.0001119582617851642,e17b58e9bc7089e86ab7e720f7fc6540f8f7306319d0783d4796d298eb6546b8,3840726040284672,47.03334590001032
142702,1427,MP,8,80000,5916014,739277,2.623541735579741,6.683136343024671,110618.27292684202,128,0.0001279376687933884,92f552ba25d9b9a38174d3a199dc470f935da08b328a432a9e83f825036686f4,4389210621379584,54.20948919799412
142702,1427,MP,9,90000,6655086,739072,2.3661243534847904,7.799925344996154,94753.72741536982,144,0.0001439112484979609,409a573c8b02a607e92389b027c6d18ea1da6a11fba68a4c94475beb78f03546,4937543108822016,62.478102100023534
142702,1427,MP,10,100000,7394660,739574,2.10190242840247,6.676501501002349,110772.68534860168,160,0.00015987827165656922,1ac5fe6dac9d3373b2bf345d2c1eca2d3227c7ee4c0be2049bbf59dbb3f23789,5486248040232960,70.64394516102038
142702,1427,MP,11,110000,8134177,739517,1.7754874357745436,6.365937539958395,116167.8064476946,176,0.00017583797897244906,398a306e65e31f48e5814ebae0f3eb09b3e558920c1121bddcf48279cb80260c,6034910682189312,152.87624724704074
142702,1427,MP,12,120000,8874067,739890,1.5936876537919418,6.475493403035216,114260.0191134773,192,0.00019178967940873835,ab36da41bd09c1f3d7c6f3e39f8c3dd4ec30fe9668c4a13fd553f508a88d5053,6583850060401152,159.45698559499579
142702,1427,MP,13,130000,9613344,739277,1.4881592586080206,6.574574006022885,112444.85183720764,208,0.00020773254375364424,0b21f9d87c6a7b5639657ab6e9183eae9b4970d0873d8610f288cb4698062cc0,7132334641496064,166.13457549200393
142702,1427,MP,14,140000,10352416,739072,1.403213578316015,6.957490822009277,106226.8020048298,224,0.00022366596886588073,f0e3d6a49a013383aa90df40b9efdcd00dc343822ea88fc1c8b4f66c88a8172c,7680667128938496,173.5714590330026
142702,1427,MP,15,150000,11091990,739574,1.3346291612696075,8.266506467014551,89466.33054133413,240,0.00023958921685850385,ba5cfa02a553106df642443f99aac1591d3dd605a495e167858c216782e907ed,8229372060349440,183.22943962499266
142702,1427,MP,16,160000,11831507,739517,1.285525382842192,6.405170516052749,115456.25493444862,256,0.00025550149061530754,19005177da2fbf53dfa941a70f622875c6762c56c0f273886c7a1ac1cf7a623c,8778034702305792,189.79520304402104
142702,1427,MP,17,170000,12571397,739890,1.2645943801565356,6.579365315963514,112456.13588362465,272,0.0002714021453732196,8dd95ea5c9c569b54d8edc08570d0cc92fc124616536f2ab98bcc53817b96070,9326974080517632,196.48565676499857
142702,1427,MP,18,180000,13310674,739277,1.2495156632912319,6.448315489978995,114646.53073331686,288,0.00028729025594045497,e9c26697c3cb1e7482539f9c80e38cd4484390c7cffae142d2043c664177de36,9875458661612544,203.10996651102323
142702,1427,MP,19,190000,14049746,739072,1.2451382872139165,6.614793994987849,111730.16129602955,304,0.000303165345449825,e4dccc9637fb7bb01786216406e24efd71fa103d2eb914fc72c18702d9c1718e,10423791149054976,209.8865575530217
142702,1427,MP,20,200000,14789320,739574,1.2271066469544851,6.963496373966336,106207.27868330119,320,0.0003190266600179436,d6f1539a4ae5310c15f04efd505f63935182ad41abade81a2c4c66e820460918,10972496080465920,217.012100922002
142702,1427,MP,21,210000,15528837,739517,1.2274888112061653,8.293838910991326,89164.62062217806,336,0.0003348733490384986,3820ef5a9f0f3617db0a262f87ce4127a5477d760f56b416c6a478f1975e6311,11521158722422272,288.63895985001
142702,1427,MP,22,220000,16268727,739890,1.2359732461972321,6.854148598969914,107947.76175573366,352,0.0003507048317134577,66490baa8984323e809975a4a459c75834a23942b026abb474d40729d57ab57d,12070098100634112,296.08119384903694
142702,1427,MP,23,230000,17008004,739277,1.2165728830195432,6.68295250099618,110621.3159363023,368,0.00036652005463717636,07785d2ca5b0da8d8e8469738cd3c8beaec3bb25c1fbe41cc6d2d013feaf7b6b,12618582681729024,303.28174529701937
142702,1427,MP,24,240000,17747076,739072,1.2041626160310799,8.208372740016785,90038.79616686227,384,0.00038231870982435916,22171b934e828c8e8a789b8c4b492e6b908e07db56088795e1207379a84d0a51,13166915169171456,314.93678325304063
142702,1427,MP,25,250000,18486650,739574,1.1909111082762922,6.866360432992224,107709.75500301669,400,0.00039810002007210996,b85bc3f66ce46757b8342d2c4878c3fb954259f32aa32da54fb36f8c7d96e23a,13715620100582400,321.95449589699274
142702,1427,MP,26,260000,19226167,739517,1.1934878095665546,6.496008881018497,113841.7470704031,416,0.0004138630657057084,8cfcbb130d629b877123b455c2d1e8963cd802fa62f0c77cc1184811bedfc8a3,14264282742538752,328.6094863979961
142702,1427,MP,27,270000,19966057,739890,1.2773557959558783,6.746214694983792,109674.83743886062,432,0.00042960734747696016,4884c84a4fe773756ba1d43539e264493a76753b8f4b90b28fccfb19eacdbeb0,14813222120750592,335.46025689702947
142702,1427,MP,28,280000,20705334,739277,1.2196617822849032,7.073241754027549,104517.4229452925,448,0.0004453316517516721,c2c8cc42f865c9e3960c2225d7eb5597b325be4e0a92df62f812efc72ad1285c,15361706701845504,343.0475785600138
142702,1427,MP,29,290000,21444406,739072,1.1860643396916009,7.2248232690035366,102296.20469345189,464,0.00046103588175025364,e6af0d8e66ac27aba1b0f0e9c9192c7caa9296d1c77a74db033e62eded39adb0,15910039189287936,350.808927681006
142702,1427,MP,30,300000,22183980,739574,1.1770389815373634,8.044416798977181,91936.31042265664,480,0.00047671922966890473,d8bb4634ec9dbdd7c4808cff62ad21af6a7c1332115ae0b7404ea8d22baa7d13,16458744120698880,359.35221571999136
142702,1427,MP,31,310000,22923497,739517,1.166809732301928,7.2105502380291,102560.41156189716,496,0.0004923806913055276,5e13f96e047621e9127b699dc4715a704206f52e21568472e980d7f205fe454c,17007406762655232,442.1141364760115
142702,1427,MP,32,320000,23663387,739890,1.1606660057766296,7.509272066003177,98530.18954389912,512,0.0005080198664107712,f41527a278b0867fed371659873b19d9be37ce6d7995b1718d4f5588b74dd855,17556346140867072,451.4729393090238
142702,1427,MP,33,330000,24402664,739277,1.1506356686841832,6.486019857053179,113980.07041191496,528,0.0005236353493813119,8bafed95e669f7ea9a362d035c50bc37f8b829fe04a0090c784a2f0de6aa95a6,18104830721961984,458.36540844402043
142702,1427,MP,34,340000,25141736,739072,1.146583718208033,7.163836112013087,103167.07256334982,544,0.0005392272966116915,03a51dab18f7cfd05c2a2e7b94697648eba018b1cd1121a0cde8a76964ca336f,18653163209404416,466.05463530001
142702,1427,MP,35,350000,25881310,739574,1.142658301896003,7.933345786004793,93223.46711581408,560,0.0005547948624703635,631e4f9da94e9d7df25fd4ee55f8cb3fa298eec1b5a3bf2cd4dc5d4bc2cce982,19201868140815360,474.47031595901353
142702,1427,MP,36,360000,26620827,739517,1.134339305509154,6.447997357987333,114689.40803518436,576,0.0005703369429150359,7e2b371c0c019bf9464059000bff5b47d9c6f5770166e65ab3c9230497fa3d90,19750530782771712,482.0508124830085
142702,1427,MP,37,370000,27360717,739890,1.1309664020977988,6.617451195023023,111808.90923025929,592,0.0005858532539792423,6e887bff7a571da0603042c659ac47881fe6bac4c653f279cf098bd8b278dc72,20299470160983552,488.9049117889954
142702,1427,MP,38,380000,28099994,739277,1.1431415186501792,6.499874322966207,113737.12217602266,608,0.0006013421666786346,cdcacb6a896eb71df5b4e0552e0442bd0dc1ba40f52bf8b9e79fc49e6df09e86,20847954742078464,495.5087647360051
142702,1427,MP,39,390000,28839066,739072,1.1299942836325434,6.716800794994924,110033.3361904562,624,0.0006168041321239801,10b45a88b1ae4be2f71ce2a5c46e2b7cd9bb1244337f16c63f4ff9867c1ca377,21396287229520896,502.328092839045
142702,1427,MP,40,400000,29578640,739574,1.1317671589095002,6.611666275013704,111858.94284999542,640,0.0006322382596965051,6d1643405bf004afd933349c907a2dbb9108a445c0df93875c8de3c474e3b7b6,21944992160931840,509.0319650560268
142702,1427,MP,41,410000,30318157,739517,1.1186425788874126,6.904190129018389,107111.33184061687,656,0.0006476433303736867,a826ce3dfb70e13569f64dc9525193e4f5734068df5f286c33a62c3318dd6a89,22493654802888192,570.9083252410055
142702,1427,MP,42,420000,31058047,739890,1.1106556425659935,9.229072264046408,80169.4882033139,672,0.0006630191935620604,4babe17f5577713cb51016f692eeb800fb0cfc6049604027efbf1847877f0740,23042594181100032,581.7899421559996
142702,1427,MP,43,430000,31797324,739277,1.1122598827405177,7.130281610996462,103681.31868170148,688,0.0006783639658672091,27beda772f967f041a8b6fa565979ab63c09278869a9c919de325771f78c95fa,23591078762194944,591.2499124580063
142702,1427,MP,44,440000,32536396,739072,1.1092315559615138,7.579789299983531,97505.61272219081,704,0.0006936784341614762,43ac5d98e82ad4573ad9e6ba1908b459ee726d7d3aa289768299384568d9ca1a,24139411249637376,600.478129330033
142702,1427,MP,45,450000,33275970,739574,1.1018085669646174,6.47100231400691,114290.48609658869,720,0.0007089616557594579,26b7162d87a399242defe777fb9cd58362b51e4daa6d803f65e7561edffd824e,24688116181048320,607.0588034830289
142702,1427,MP,46,460000,34015487,739517,1.9782496069023892,6.32390789600322,116939.8751786665,736,0.0007242122817175584,2023f904fa315a988f84590b4f0bd973b9b790cf613fc8a77f979c7c873a5845,25236778823004672,613.4664032220026
142702,1427,MP,47,470000,34755377,739890,5.750694101204698,6.430011302989442,115068.22696501485,752,0.0007394303116827908,cec1dcf907a6070ee6693a978d9efea2d330085510c506871619c2510dbc410a,25785718201216512,620.0765781780356
142702,1427,MP,48,480000,35494654,739277,3.156145792358703,6.486295798968058,113975.22143803799,768,0.0007546135772581481,926b5542c56fa93e5e8e41d17e609b7bf6323842a3298b7d8a6a3ee2a46b9a9a,26334202782311424,626.6603248420288
142702,1427,MP,49,490000,36233726,739072,1.7678962299722183,6.595805174030829,112051.82392437742,784,0.0007697632415563749,764b6828aaba779eb83c11b1684177fab68580479e283e1074ece383d4a546ef,26882535269753856,633.348875856027
142702,1427,MP,50,500000,36973300,739574,1.3878206305971195,7.086901090980973,104357.88372173086,800,0.0007848783028387343,ebb8ef9b24a9ab999e238ea740a990f47dcbad5728080be1fe37f0a728674b6f,27431240201164800,640.5431343550445
142702,1427,MP,51,510000,37712817,739517,1.286529566359147,6.893222653015982,107281.75154424181,816,0.0007999572675250621,e068b9c83c64f2cff2a5c51fc91205e113b5e26e8dac758e2e83547b1e4c08e1,27979902843121152,682.0889053790015
142702,1427,MP,52,520000,38452707,739890,1.2473065049834955,7.690008884994313,96214.45320352801,832,0.0008150003021192502,efb9515fff0a9d91e1972800babeea2cd8fe49dc62059636942c9fb2c31bbb74,28528842221332992,690.6930537750013
142702,1427,MP,53,530000,39191984,739277,1.2276435113653241,7.671904707967769,96361.59834365682,848,0.0008300049231188175,d0c04adc913ec0fd8d3727aca3ab028a94b6040d958e66e6d777507f28f9774c,29077326802427904,699.2829814960132
142702,1427,MP,54,540000,39931056,739072,1.221574897496891,9.590152099030092,77065.72245864032,864,0.0008449727097201529,dc5bd6bc17f3348628b352fece9bd4dc306ae094c94eae0418a4e2cad5eb5bbe,29625659289870336,711.7276743740076
142702,1427,MP,55,550000,40670630,739574,1.213342616563407,10.589933727052994,69837.45310045594,880,0.0008599025942496776,f6a29b6b9c61abd0ad4f0087e15e10fa47dffcae9712f1d3efa30f61be943439,30174364221281280,724.9958313230309
142702,1427,MP,56,560000,41410147,739517,1.1984392017292158,7.466974923037924,99038.3666239941,896,0.0008747929240263801,2842ebc254469e781e483bb2d12c78f2fcee9ccb37896dea1d2d4e5007d0519f,30723026863237632,734.9299978570198
142702,1427,MP,57,570000,42150037,739890,1.188194650152287,6.588435899000615,112301.31268519016,912,0.000889644048748235,b86fa236143044abc7ce561515e7ba0e8f9151100ec8b92d1cb8a70d083bfc17,31271966241449472,741.6932544420124
142702,1427,MP,58,580000,42889314,739277,1.176824044508986,6.34718243801035,116473.25521522918,928,0.0009044531402465383,d6a9e22dfcd32c998b4a14c56d9bc7160cdaa0564f3e3dd37ad058284883a92f,31820450822544384,748.1725862210151
142702,1427,MP,59,590000,43628386,739072,1.1790866303452168,7.184757067996543,102866.66521991244,944,0.0009192222329407235,f8f934c3034dc48d8ad2a6311e0620a3f6e7d4d39c837cae7428864b65d00297,32368783309986816,755.4630687780445
142702,1427,MP,60,600000,44367960,739574,1.1705339215744517,7.497259530995507,98645.91147504232,960,0.00093395018645842,24d94841c141dc740e826c4a6546b367edac20a48c93ef1b0e700e868dfcf50a,32917488241397760,763.4872020040057
142702,1427,MP,61,610000,45107477,739517,1.1574629108253294,6.251002273987979,118303.74835685464,976,0.0009486351748302501,5f47fa87e4891132e2a98e262d44ef64f9d6a64d654f82e452c8b673de9a82a1,33466150883354112,793.1222634070436
142702,1427,MP,62,620000,45847367,739890,1.146801994911526,6.471360958006699,114332.9826293448,992,0.0009632777469785174,b54550cfcd27197ba44e95aa78f877eb1d00e62ae7fb33cba581d5a993227d52,34015090261565952,799.7206374999951
142702,1427,MP,63,630000,46586644,739277,1.1600267158223052,6.460399395029526,114432.08922482126,1008,0.0009701137907752745,f11dc8f8f7651c069d00812adda779f16f996d84fdf08dacb4677b165bfd3f1a,34563574842660864,806.3288715220406
142702,1427,MP,64,640000,47325716,739072,1.1607685234458296,7.505359320028219,98472.56719978347,1024,0.0009691685207127017,a9de0ad2dd4a15b5436f859362fe97f5a013b3be2b53624f4d09ab7cbba606f5,35111907330103296,814.4519575220183
142702,1427,MP,65,650000,48065290,739574,1.1473880570022021,7.883995394979138,93807.00557879473,1040,0.0009682097303828455,fba2c11c0cb1bf574614ed09156483a8011b8bd699c2c73c452ca200436d07a4,35660612261514240,823.3803800250171
142702,1427,MP,66,660000,48804807,739517,1.1269215561279533,7.4443457129527815,99339.42196065374,1056,0.000967236127957601,61b8036120210440a50418c08686089a47fa91275a1eedff01668ef1912be625,36209274903470592,832.3162477349979
142702,1427,MP,67,670000,49544697,739890,1.110200830755484,8.065340550034307,91736.98189307738,1072,0.0009662490892048042,a4548378d3a893392e45481d3509483a091384e40b354fcfee449f8636a7a126,36758214281682432,842.5791183490073
142702,1427,MP,68,680000,50283974,739277,1.0946074571824695,6.910541902994737,106978.1516959804,1088,0.0009652458946272994,236493f030af32cf1dbbbbad595eb9923ea20aa8e405d614eb4d06fd4e81ceeb,37306698862777344,850.3911188240163
142702,1427,MP,69,690000,51023046,739072,1.0886735425178757,9.288919487968087,79564.90536464634,1104,0.000964230017605631,802bd5fccbdece1555f6e0a444427954070e2cad3d846486e8ed75d874a07216,37855031350219776,860.6275480100303
142702,1427,MP,70,700000,51762620,739574,1.0844219632616274,10.581431392987724,69893.56851003287,1120,0.0009632008360207139,d419c4f3ae2301401ff71a4ab806b6b00b3d8551131034ac60f0d5a7b7057189,38403736281630720,873.3050946440198
142702,1427,MP,71,710000,52502137,739517,1.0737728093702072,6.252315307036042,118278.90368353379,1136,0.0009621569632026418,c9f7a30de050bad1c11aaa027020d9c2ebfcd73546c9d08d67df8e7b814fd84a,38952398923587072,903.1296480940073
142702,1427,MP,72,720000,53242027,739890,1.0651681546944896,6.521898270002566,113447.03173355521,1152,0.0009610998742179007,93719d9b4235da6bfe1fea9d3a9154514d81fff864d176746184292687028fd1,39501338301798912,909.7524215850281
142702,1427,MP,73,730000,53981304,739277,1.0587858105561667,6.351535974012222,116393.42090240949,1168,0.0009600266589961468,3fa2f052c2c4a06d1c260ea4bdd0f4a5cdd49e82d78ff677c4e85659ec80b132,40049822882893824,916.2117520309985
142702,1427,MP,74,740000,54720376,739072,1.0620194633898126,6.576788206992205,112375.82490709449,1184,0.0009589410345487643,79c444d597e025eb0fb728cc0463a411a874173e0fbca302ff4dc1486fc75c4a,40598155370336256,922.8901260780403
142702,1427,MP,75,750000,55459950,739574,1.0589827627309722,6.403941430035047,115487.31481698646,1200,0.0009578423324991561,cedc35b5aa139d514098b42af4d307f673b98cd0b5a233ad876026a176964d61,41146860301747200,929.3970948260394
142702,1427,MP,76,760000,56199467,739517,1.051424297389405,6.434041567030363,114938.1756856328,1216,0.0009567290725088762,9b12c5389b38acbfde6d070fb5ff9771e566a9a8b6aa1753865a342a1b407fa1,41695522943703552,935.9727076240233
142702,1427,MP,77,770000,56939357,739890,1.0464638927762722,6.907391163986176,107115.69425192622,1232,0.0009556028276950068,4dd9be63c470672420e75523a300bd6466c96d37d781829a186820cbd75e39ba,42244462321915392,942.9668144430034
142702,1427,MP,78,780000,57678634,739277,1.0393229282706133,7.759588811022695,95272.70297490996,1248,0.0009544604998762266,0c6f7aab9971b3230452795d73a7c67a163f779747e23eada107e7632d921cf2,42792946903010304,951.2552399070119
142702,1427,MP,79,790000,58417706,739072,1.040719122675244,7.704754083009902,95924.15176880994,1264,0.0009533060465497961,914e084dab6d6b801838e142aed58a6fb0544d324ddad5d92bc8408bea0d833b,43341279390452736,961.153859640006
142702,1427,MP,80,800000,59157280,739574,1.037194587294498,7.64958835602738,96681.54227112935,1280,0.0009521387536471205,6df05f2042890a3fef7e947e3036823c66951892dae8b72ab7e8558ea44a904e,43889984321863680,969.8614115529926
142702,1427,MP,81,810000,59896797,739517,1.0320255148197484,6.317271702981088,117062.71864973383,1296,0.0009509570484137276,4cc6611e160336dcd70b8f6f09e00d0bbe55eaeb40b3de2c8442994e1a98026e,44438646963820032,1023.7815162580227
142702,1427,MP,82,820000,60636687,739890,1.030189803102632,6.523052344971802,113426.96039689658,1312,0.0009497626006862815,bd183f43ba5e305807b44bf180f6e16916a1d1f8590a2d2e2f565031f287d86b,44987586342031872,1030.474472130998
142702,1427,MP,83,830000,61375964,739277,1.0264620631389192,6.499721890955698,113739.78954833391,1328,0.0009485521267938548,a2939cbe8728fe0cb22489931e14fff147dfc5c09f12c6e408e9474d9d97a890,45536070923126784,1037.139455733006
142702,1427,MP,84,840000,62115036,739072,1.0294863453859435,6.813173931033816,108476.90187880685,1344,0.0009473298213711462,5a7027916f157548899525eadec26661180b07ba8c1b73b07664ab96ea1bc0cf,46084403410569216,1044.115417124005
142702,1427,MP,85,850000,62854610,739574,1.0274632662118772,6.679119498992804,110729.2660524379,1360,0.000946094925261736,5c88b74856031a169922b438291a7b8e879f1c503df57601c2aea502bab9abaf,46633108341980160,1050.8931956820306
142702,1427,MP,86,860000,63594127,739517,1.0218352516925457,6.737358632031828,109763.6388961202,1376,0.0009448457746258338,c6137e0636fabb7733f216dd7de634e1e100d7a05e35d8901f42454acf8faecb,47181770983936512,1057.7225793870166
142702,1427,MP,87,870000,64334017,739890,1.0189253922826023,7.500293899036478,98648.13432111635,1392,0.0009435841346068372,bae8351bcf30dfb4e04c302288e7169b1ed40fd63fd3c59cb799902567c9e390,47730710362148352,1065.697841938003
142702,1427,MP,88,880000,65073294,739277,1.0158263643421679,8.144308108952828,90772.22891252504,1408,0.0009423065388225252,b9f17350854430a1c876f337039c5a1efaa0e530178a1e58ccd3fe43626fb991,48279194943243264,1074.9011798209976
142702,1427,MP,89,890000,65812366,739072,1.0184813154003882,6.901905086997431,107082.31867638187,1424,0.0009410174154959556,af85b9acadc08b0adf51f2292df33d7d471507c1a3455dd32c092e82faa98e4b,48827527430685696,1081.9014750909992
142702,1427,MP,90,900000,66551940,739574,1.0156122258229638,7.5832415200420655,97527.42254685532,1440,0.000939715961025206,5b5423e364dedec8246fd367de52d61e60c31454fa76a336a6e9ae339f90db7e,49376232362096640,1090.4025544369943
142702,1427,MP,91,910000,67291457,739517,1.0085689404484384,6.465548632957507,114378.07400139005,1456,0.0009384004218929422,ed1e3ef3a3af7c343bbcf68341a28543b22f9d8fa5c796d6b8983ccc61ae776b,49924895004052992,1179.9107422149973
142702,1427,MP,92,920000,68031347,739890,1.0033812124905193,6.999586065998301,105704.8221171454,1472,0.0009370726570558076,bf468a036f0ae208ce9579b228d7cd31dc7764efab9911d03808591fea1bdc84,50473834382264832,1187.4153603030136
142702,1427,MP,93,930000,68770624,739277,1.0003724374975482,6.641043242008891,111319.40766830054,1488,0.0009357290203531935,74d44d30d26159cd38e5583065d705504b9a90fad445102304b0109c856c1a56,51022318963359744,1194.5600269190036
142702,1427,MP,94,940000,69509696,739072,0.9990456318995677,7.159162308031227,103234.42439220869,1504,0.0009343741698497976,e129cf0b094c0c2328cbfd2faa19133a3029945ad7852aaedffbddd95212bf20,51570651450802176,1202.7697794350097
142702,1427,MP,95,950000,70249270,739574,1.0073826756484565,6.537853366986383,113121.83961398723,1520,0.0009330072581781225,3ecd2dabf89dbf9ca8cb4b85cd6c8f7cddfedc0cf8380fc1a1f72616b1baf1be,52119356382213120,1209.4084292500047
142702,1427,MP,96,960000,70988787,739517,0.9964938530328343,6.429067648947239,115027.09885485434,1536,0.0009316264436269405,2ce0a12c046c9d55c1226d6f145cb0806504fba9d3f7eea2d6bbbba42fdbda18,52668019024169472,1215.9378541540354
142702,1427,MP,97,970000,71728677,739890,0.9904495441598942,7.733162410964724,95677.54570250874,1552,0.0009302336773932783,123ba7ae797978e925671090b904ea715204bd645f007362fe2cab3591b39559,53216958402381312,1223.928259138018
142702,1427,MP,98,980000,72467954,739277,0.989230718435143,6.473883919999935,114193.73735079382,1568,0.0009288251366231554,da94ee092c6da0b78475137726ba5a6eb829675371751ebc2aad78dda2fc30bf,53765442983476224,1230.5072341490304
142702,1427,MP,99,990000,73207026,739072,0.9852474940083289,7.044730398978572,104911.32493972506,1584,0.0009274057052817213,11e5941a1057e66ac181549b0b2e4109bc1b9664c4b66d6871bf0117bc240640,54313775470918656,1238.046744484047
142702,1427,MP,100,1000000,73946600,739574,0.9831009525235364,8.105457325000316,91243.95704593648,1600,0.000925974492952861,4e2f2fccc663fecebc5ea899698b86ee4fac7bcb8b33779c40f9567b9f50c0e5,54862480402329600,1247.5430945850094
142702,1427,MP,101,1010000,74686117,739517,0.9722525219429948,7.551816847000737,97925.70648660594,1616,0.0009245295712897258,195960aa8b79a8b0611cb020d78af39bb23e2c16d541c4b766012982f68b3479,55411143044285952,1315.5576853050152
142702,1427,MP,102,1020000,75426007,739890,0.962294663033607,6.500307621026877,113823.84390650067,1632,0.0009230729820788175,be6eb6da7497b15d9fb628df6f25295bf18415dbaa14583b7ef16e4e0f347e4e,55960082422497792,1322.2389310889994
142702,1427,MP,103,1030000,76165284,739277,0.9491688228996952,6.324680120975245,116887.6505782882,1648,0.0009216007290072995,cb2db682b103c0eea1b34d3654b028789d13aad7fa6bed5b0380ab4b15553bbc,56508567003592704,1328.7335526850075
142702,1427,MP,104,1040000,76904356,739072,0.9444982372314656,6.833560137019958,108153.28835641172,1664,0.000920117917808452,edb7391481135c23ea3a3b603264164953f885cd1da36a88b5b40f0775d144d3,57056899491035136,1335.7473723140429
142702,1427,MP,105,1050000,77643930,739574,0.9412081914543262,6.945149072038475,106487.85106392643,1680,0.000918623615770923,a300a2f432c659859cf2c0fc98a9159359362982e2a2479b3fa71fabb6dbb6d2,57605604422446080,1343.1623289810377
142702,1427,MP,106,1060000,78383447,739517,0.9286845112472472,7.124850091000553,103794.04346122159,1696,0.000917115809543816,d0eaffef08e0add73d6cb93c9faea076c4b1da523dd41471c22987f0d13fcd1c,58154267064402432,1350.812868160021
142702,1427,MP,107,1070000,79123337,739890,0.9198170125240374,7.186704838997684,102952.60715106688,1712,0.0009155966297755534,13dbe59e384feb5199b538764803b475af0d46dc3e7191712adcd534060de1ec,58703206442614272,1360.110836921027
142702,1427,MP,108,1080000,79862614,739277,0.906009865556834,8.376445284986403,88256.65002850909,1728,0.0009140619100757221,5557466b3b8f864de7f0d00ab43e971ff468d56fae611b02fac2985c64492361,59251691023709184,1368.9688768869964
142702,1427,MP,109,1090000,80601686,739072,0.9037485799452488,7.290010633005295,101381.47078330375,1744,0.0009125169736257728,4a4ed7f9733d5fb301b1cef4ed6f8718d1078cb630d0b2d26c450679dc8209a4,59800023511151616,1377.8117544790148
142702,1427,MP,110,1100000,81341260,739574,0.8988770742253932,6.686183082987554,110612.2866844292,1760,0.0009109608462082833,cabd4bdd560aec2c0563761bdb412df097c8171d20752fd2fbab5a264e106191,60348728442562560,1384.6071357899928
142702,1427,MP,111,1110000,82080777,739517,0.885494381720698,6.4845774820423685,114042.43407499285,1776,0.0009093914311718055,34409fb4169cb1a45e107987a2a6de1693eb02f6cda0409485534da3c2541786,60897391084518912,1446.2800705140107
142702,1427,MP,112,1120000,82820667,739890,0.872673007095111,6.897704483009875,107266.12046405653,1792,0.0009078109462239407,43b7682a5f25387f3e8caf2fafb1e3f8d45c270281ee4e3e44a67a8eeae479a5,61446330462730752,1453.6973475860432
142702,1427,MP,113,1130000,83559944,739277,0.8543208664920403,6.553650777961593,112803.84400188319,1808,0.000906215058421882,51bdd53bbe031ee2badcfa7eb29b6dfe5ce43281c1e244bf0cf39e98a6d03003,61994815043825664,1460.7571871940163
142702,1427,MP,114,1140000,84299016,739072,0.8537849977968637,7.469120210967958,98950.3420917924,1824,0.0009046093038913071,76c1b94cc8aca245a0be468af545796499acf497aa6d5e42244b0da7390162ee,62543147531268096,1469.6849477940123
142702,1427,MP,115,1150000,85038590,739574,0.8444068597059051,8.624182522995397,85755.83807833501,1840,0.0009029926677330091,f947377851b28886cbc5a2f258fcf1daef7f4ed5fb4cc2fa6244ac22fb9f7e01,63091852462679040,1478.8856558150146
142702,1427,MP,116,1160000,85778107,739517,0.8272738981365462,6.373027112043928,116038.5774293098,1856,0.0009013629717689648,508700db84561467f30fee71b4a072b90b3f1033decce28f221fcf3e9d28afb7,63640515104635392,1486.5670777320047
142702,1427,MP,117,1170000,86517997,739890,0.8137422608970576,6.356938677025028,116390.92928079964,1872,0.0008997225188895524,aab25266bbdb0f812d96e97f688294a5fe2c84951932ca02e0b75334a2e7e9f0,64189454482847232,1493.1180954690208
142702,1427,MP,118,1180000,87257274,739277,0.7942779191350017,6.24687117501162,118343.56420814534,1888,0.0008980668132656732,46e431fa5a3fc823c5f3da08ccc9421bc640070f125b88d910c7a53ab2882c34,64737939063942144,1499.4866133980104
142702,1427,MP,119,1190000,87996346,739072,0.7799031624011115,6.257539830985479,118109.03645236662,1904,0.0008964015992831172,ab3bc70c773802b20f1c4397a7da2bedbe4351cde8b41aaab10d2cb053ab45d9,65286271551384576,1505.8499139930354
142702,1427,MP,120,1200000,88735920,739574,0.7760657657132077,6.9692935069906525,106118.9343307409,1920,0.0008947258222195986,e0e9712388eaec3c130eab885a9539f26f047be922fbe5fe8cd4e90fbd0ef309,65834976482795520,1512.932640293031
142702,1427,MP,121,1210000,89475437,739517,0.7634129896323038,7.327480554988142,100923.77515714837,1936,0.000893037224213475,f0eddbd069408db0cf831d6e18347cdbfed5301a0599027147b78808b52507fa,66383639124751872,1582.9251742259949
142702,1427,MP,122,1220000,90215327,739890,0.7487027517945808,8.383669805014506,88253.7143289507,1952,0.0008913381913894265,f79ed301b3e9f8d0358af7be21f4950a01ec84f98e26e176733e5b09d7d0d517,66932578502963712,1593.183768176008
142702,1427,MP,123,1230000,90954604,739277,0.7298223127461118,6.329046475992072,116807.01078816442,1968,0.0008896240688359829,917c8494a8ca1be19a0eef5889ace2abd63bea8d5a2bb9dfe39680018efea628,67481063084058624,1601.08425612899
142702,1427,MP,124,1240000,91693676,739072,0.7215045690536499,6.587852386990562,112187.09172347137,1984,0.0008879008043387224,c34bd55ae1734839f56226ed37341ebe4075d1d3e0684b544a25b4aac2ce5644,68029395571501056,1607.7597300140187
142702,1427,MP,125,1250000,92433250,739574,0.7134728583060549,6.370053270016797,116101.69784310923,2000,0.0008861673042446812,7fe4975502e845378701cc3ce03b169a4dc5b0b1c56b476533889d2f18b583ac,68578100502912000,1614.2878271890222
142702,1427,MP,126,1260000,93172767,739517,0.697823315495539,6.372695452999324,116044.61651340088,2016,0.0008844212329189739,43f28a97d533ca59f4a9238d0ce819b1bb4c99fe20081da38a1b0f7e8455bc33,69126763144868352,1620.8187616050127
142702,1427,MP,127,1270000,93912657,739890,0.6855946624090031,7.046103761997074,105006.96909837918,2032,0.0008826650577016823,f0a10b8ac1b4360b30b4710c2cc047b309ad5bd29ba4dcdf31990432eeeb0c0f,69675702523080192,1628.0561098030303
142702,1427,MP,128,1280000,94651934,739277,0.6710067198637519,7.049147148034535,104874.67270507007,2048,0.0008808939685374851,69823a01fc8e97d9a1dd8736ee32f5f473cec78835cfca599b0263c41cba2e30,70224187104175104,1635.614489180036
142702,1427,MP,129,1290000,95391006,739072,0.6623726644068388,7.033345458970871,105081.14585176967,2064,0.000879114111579328,46ccfe7b1112ee696d9aa0478890651c84cd315019ea2f7456c8bf19dda741ca,70772519591617536,1644.8080800450407
142702,1427,MP,130,1300000,96130580,739574,0.6610534152375928,6.694576984969899,110473.59701149592,2080,0.0008773243551689087,49c2d4361735c9e4b58743f2eebc7f1be34f64172b10fb855e51e7dc2945027b,71321224523028480,1651.7443556470098
142702,1427,MP,131,1310000,96870097,739517,0.6500682699680925,7.98954781901557,92560.557462327,2096,0.0008755222878742791,a7df6a68050d2dcd964885c8c1f9bb279242e701b92653c165a0970f329ed84a,71869887164984832,1724.4118078680476
142702,1427,MP,132,1320000,97609987,739890,0.6769458462078052,6.775838023982942,109195.34932523096,2112,0.0008737104561633073,40b2cbc8725719271108a2e39ccb9dfe889ce328e48e33f7079889bff4fc3ffe,72418826543196672,1732.4860413240385
142702,1427,MP,133,1330000,98349264,739277,0.6497897681418361,6.668872159963939,110854.87654692086,2128,0.0008718838989066071,bea93d3d4ae71be35a5d90845cdb0a40e3f8521aaedea060d55ae080ae51455e,72967311124291584,1739.700628006016
142702,1427,MP,134,1340000,99088336,739072,0.6446260380257691,8.359505139000248,88410.97501716341,2144,0.0008700489554242331,b9fa90c10c2a0127a871e249ffd3075d5458ec3923a8682bfc49dbf85a15d5b4,73515643611734016,1748.5525860690395
142702,1427,MP,135,1350000,99827910,739574,0.640919847065347,6.490703894000035,113943.57408349155,2160,0.0008682044570100404,d51a4b44f2c3f29f08c4a9b6432179793783a0b0f14c14dadbca4be1f9c41e83,74064348543144960,1756.8953547750134
142702,1427,MP,136,1360000,100567427,739517,0.6328314773297636,6.420956547022797,115172.40376636587,2176,0.0008663479184753302,69afd19108643e9b94dc1bb4c45a2d2f64bddcbbfe97d3e0d9bb9ee692ed60db,74613011185101312,1763.439808369032
142702,1427,MP,137,1370000,101307317,739890,0.6286008500208923,6.656167719978839,111158.55716483541,2192,0.0008644819632611909,9576c980b5a381f1584c51ab4f2cd0eb35219575ad914247075a1c297819a13b,75161950563313152,1770.1977408870007
142702,1427,MP,138,1380000,102046594,739277,0.6190165593224899,6.578290930017829,112381.31725469253,2208,0.0008626014833617823,05e8031a8d3536d16e58082d831cd544f7887547d4d7a2d64217a8595523d691,75710435144408064,1776.8748645100277
142702,1427,MP,139,1390000,102785666,739072,0.6202543281666498,6.695485989039298,110383.62281840063,2224,0.0008607130059005702,a408deb9b4a46a9780ecc300f30a74fe7b836e68fc5891b40ed78ecd60335424,76258767631850496,1783.6541116780136
142702,1427,MP,140,1400000,103525240,739574,0.617143864752375,6.937108220008668,106611.28189796006,2240,0.0008588153261124089,661a43fdbb8492d6729fce0c23ef7321757971c6cf92c707129bf2871a8cffd6,76807472563261440,1790.700402520015
142702,1427,MP,141,1410000,104264757,739517,0.6137687705367514,7.426910021982621,99572.63489272557,2256,0.0008569058871545673,725271b3cb9ff04fea4ed67fbaed7ac281bccc11ffc6ae91ec7d32acc04449e6,77356135205217792,1863.6926074320218
142702,1427,MP,142,1420000,105004647,739890,0.6138633191181941,8.698039790964685,85063.99347225107,2272,0.0008549873872216603,c16de59b4c592f06876b36fa150ef93549c1593a35e880abaf3c156717d5e264,77905074583429632,1872.8694889740436
142702,1427,MP,143,1430000,105743924,739277,0.6109584004937528,6.288809187011793,117554.36967730241,2288,0.0008530545757532773,07a9fd155754ca3acb58a2f09e7c7369cbbbc81a4528cfc904e0593a27ef7d05,78453559164524544,1880.7729321870138
142702,1427,MP,144,1440000,106482996,739072,0.6157080308970672,6.5119561580359,113494.62159507455,2304,0.0008511141621536965,5bfcc16ce3431c2b2b419f3c9b1acf022ed1199d89701ec80fa56ec99111e750,79001891651966976,1887.3684664880275
142702,1427,MP,145,1450000,107222570,739574,0.6134355870568636,6.420094967004843,115196.73833501442,2320,0.0008491649066181234,acf1dd4a6797d6c4084496a5a5eace7d330e1b1a461a32102a39b76e84a44d69,79550596583377920,1893.889415098005
142702,1427,MP,146,1460000,107962087,739517,0.60645106570886,6.323169873969164,116953.52406146766,2336,0.0008472041828131386,2ee3febb04977a9e48ec258dc5e001182b436cccdfef824f2e5412c812fe7205,80099259225334272,1900.3046170030138
142702,1427,MP,147,1470000,108701977,739890,0.6028739969622009,6.6566940800403245,111149.76760288764,2352,0.0008452347614039419,9aa5e931e0af658813fe1d510375519d8be8d51cf38770238447c0520da1a6e0,80648198603546112,1907.0425847620354
142702,1427,MP,148,1480000,109441254,739277,0.603650988067981,6.368837382993661,116077.22972705329,2368,0.0008432512537180497,1e79d187a29879a230c0d8645bff726ea4c38f1d88381d2114b7dd91cf498952,81196683184641024,1913.5001853970462
142702,1427,MP,149,1490000,110180326,739072,0.600433591207419,6.492148745979648,113840.89134705678,2384,0.0008412605457637279,8228af65abea65256786e41bca6b5dc6ac41fc2d092930e2760bd0f891630433,81745015672083456,1920.0780673730187
142702,1427,MP,150,1500000,110919900,739574,0.6032234201444504,7.077828558976762,104491.65218363523,2400,0.0008392613637455314,4c8d33e5ac268ad6f2888163f55d17cb32ea614c75fc17b938b32eee613fbba5,82293720603494400,1927.2763048580382
142702,1427,MP,151,1510000,111659417,739517,0.5997339889415239,7.004280727007426,105580.71968025732,2416,0.0008372510140614925,d93623868702cb20a776a4bf205ffc5eeca4f4e8e74985afe7697d9df4864302,82842383245450752,2000.612942405045
142702,1427,MP,152,1520000,112399307,739890,0.6009123378381365,6.350021797989029,116517.71025956378,2432,0.0008352323375031365,a8f60b1ed7537337efa9ddd09cccc68f98ccad394c3da36c33ea4a6ee68b8ccd,83391322623662592,2007.0685363410157
142702,1427,MP,153,1530000,113138584,739277,0.5988090861054688,6.261009501002263,118076.32617098831,2448,0.0008331998118452622,b01bc61b7200910024f9cba4ae5bc45b41a3ae394b1bf11c24f6e8fb5f7f0a5a,83939807204757504,2013.4422112500179
142702,1427,MP,154,1540000,113877656,739072,0.60959386412644,6.576648476009723,112378.21250382843,2464,0.0008311604938738723,bf7392ae25062af4df9c453ca9eff14e5f8177c8fe6820429929adf6c4169dc3,84488139692199936,2020.1201592530124
142702,1427,MP,155,1550000,114617230,739574,0.6214355859656419,6.520840770972427,113416.96967854504,2480,0.0008291130768806292,7e94eee7eb12396d52f169b7193e08b9abcf13fcc3d3c836f0a2f559c0deb71d,85036844623610880,2026.818981501041
142702,1427,MP,156,1560000,115356747,739517,0.6103262282874826,6.364438297983725,116195.17157300141,2496,0.0008270548022740733,cde3bf1842ec373a47a0b20f838973cb264275dee388ed7b1ddcae551c8bbe48,85585507265567232,2033.3007519739913
142702,1427,MP,157,1570000,116096637,739890,0.6027549483589228,6.603212054993492,112050.01351432886,2512,0.0008249885785684623,6320499e9e6cb11a250869ad7b83fc743f932b465803f099bf149391dee3f1db,86134446643779072,2040.0096006770036
142702,1427,MP,158,1580000,116835914,739277,0.5990779184582149,6.462972262990661,114386.53454129303,2528,0.0008229087546582308,6769e01886834db97d81d7b11af10095e4a6c696dc6cbe1b1f8c6a9713d8fa54,86682931224873984,2046.5818328220048
142702,1427,MP,159,1590000,117574986,739072,0.5985001609901016,7.168972363986541,103093.15791378151,2544,0.000820822552136373,b78744559f9efdff09e4956c40a957e109c1d22cb1b23f3adfdba2abfb698541,87231263712316416,2053.861723544018
142702,1427,MP,160,1600000,118314560,739574,0.5994467994057603,8.144990351982415,90801.08975451329,2560,0.0008187286324872647,8cfca055de73d0e0bae26359f8fdd04e1237273de39dc17570e3140cd049119f,87779968643727360,2062.4721850880305
142702,1427,MP,161,1610000,119054077,739517,0.5968816489088484,8.225782416004222,89902.32935911157,2576,0.0008166241744639982,d2b794e36aad1cebc4921b705d6ea81a4bf05800b49cda0b80ccd59b1da92106,88328631285683712,2136.175895708031
142702,1427,MP,162,1620000,119793967,739890,0.5975405083058191,6.514176914992277,113581.502261192,2592,0.0008145121518426695,63309c6026a40eb4a5f5bc9ed0d806ec273ffc9d4972974f75537c30f157035f,88877570663895552,2143.066629697045
142702,1427,MP,163,1630000,120533244,739277,0.5939269465390598,6.416908263054211,115207.66227194457,2608,0.0008123867894187496,6bccb74ecc4a3a69e1e8b7854245273fd229e6eb1543b0cb8d33201825a7b58d,89426055244990464,2149.615233966033
142702,1427,MP,164,1640000,121272316,739072,0.5936664367242384,6.491796540969517,113847.06765465316,2624,0.0008102554674820348,7a9b682ceb1fe19589c59428302521bc2830d56be27ed879e8207b80b12bcccf,89974387732432896,2156.223945613019
142702,1427,MP,165,1650000,122011890,739574,0.5929760325718592,6.905111047963146,107105.30140107709,2640,0.0008081168168421321,a89dce2c3a161034f92ea6bb9d79672b303c67501877d14906bafa4d8b4e2559,90523092663843840,2163.220392915013
142702,1427,MP,166,1660000,122751407,739517,0.5898723062647921,6.595695870986674,112121.1490743543,2656,0.0008059679559837421,0f433fd46c3def1fca09d47a74858461681d0dee9b6f5dad0b7f6d2c3d72398d,91071755305800192,2170.349843606993
142702,1427,MP,167,1670000,123491297,739890,0.5894817049957775,7.465017014008481,99114.3085958892,2672,0.000803811921428689,3e7ae97e0be0a1d177d949135f4fc5255e76e1a465bea0c274d69e958b8e2f32,91620694684012032,2178.1472825450473
142702,1427,MP,168,1680000,124230574,739277,0.5883496430967371,6.380938659014646,115857.0924288058,2688,0.0008016428187598779,c9870e1fc8247a7ba75c9a8d35caa7c54b0287e958dc52f350be71dab6bff755,92169179265106944,2184.6353889460443
142702,1427,MP,169,1690000,124969646,739072,0.5867070326517724,6.894686574989464,107194.43037207669,2704,0.0007994681807194464,58be8072d204f23e0dfc02ddc294bbb2db68e5e617bf18a2957679dadafa7f83,92717511752549376,2191.6690589070204
142702,1427,MP,170,1700000,125709220,739574,0.5885258619638958,6.994449044985231,105737.27755301156,2720,0.0007972866086007041,1d967402ddb99b192370bcfec94a71a55c52feacd01f91f3dcec4f44aa4137da,93266216683960320,2199.147848586028
142702,1427,MP,171,1710000,126448737,739517,0.5872360051228667,6.69956426898716,110382.8503330113,2736,0.00079509516305801,c9da40db132a4721f9a0a817e05188eb8599098b54b266b103f7cff5fa1ff2e8,93814879325916672,2254.217783697997
142702,1427,MP,172,1720000,127188627,739890,0.5859624376229521,8.20923788897926,90128.9510678315,2752,0.0007928969407897145,2af7531a1c618f36a854314a2363f1d3b2add1dbc66ad599cae86224fe230636,94363818704128512,2263.0681179730454
142702,1427,MP,173,1730000,127927904,739277,0.5862125359224877,7.63928904797649,96773.01059786724,2768,0.0007906859331534237,4f26c8b9af78fa5c7bb05adcb6371eb391754e5fa4c4e83998c7853448c89b0a,94912303285223424,2272.7548303900403
142702,1427,MP,174,1740000,128666976,739072,0.5891986260952568,9.590809517016169,77060.43986054843,2784,0.0007884698189701639,d7fc1e28701609fd4fd20d6e9bd054287d20a42e4b4cf516b5ddaf92b9c21da5,95460635772665856,2284.683575927047
142702,1427,MP,175,1750000,129406550,739574,0.5854737626639299,7.016084595001303,105411.21475743304,2800,0.0007862471712003933,8b542f0adfc2b74fb73ce4bd9e086eef167f2c4510321f8b4a44f569bb80ea99,96009340704076800,2292.0575525379973
142702,1427,MP,176,1760000,130146067,739517,0.5843067923081814,6.574743438977748,112478.45742783559,2816,0.0007840149951551083,eab096c46768e8109deecb062eecb81919e175e231fa4164761d8d98ecb0420e,96558003346033152,2299.150089917006
142702,1427,MP,177,1770000,130885957,739890,0.586817786628127,10.054956151987426,73584.60731365359,2832,0.0007817764450890704,b7a37ba398626d4895c9a864c9e45c778896b6b23766e9e9f93f64c39650d4ed,97106942724244992,2310.2449499420472
142702,1427,MP,178,1780000,131625234,739277,0.5859125966007307,6.691387314000167,110481.87248901813,2848,0.0007795254032184976,5e150890159d5b12c2847eaf09bff4fc7410f2c670daf42daaafa10752419f93,97655427305339904,2317.958342012018
142702,1427,MP,179,1790000,132364306,739072,0.5885373714848047,7.14605630497681,103423.7582882295,2864,0.0007772696879462557,8f53036a236c25f2488c266c216081196d09d6224d060e236330fa48b9328999,98203759792782336,2325.6328436839976
142702,1427,MP,180,1800000,133103880,739574,0.5925841143235531,7.91958245501155,93385.47886852216,2880,0.000775007845107369,d68f93bdd57393338bf8ac018988c04097e8de692670d58cb6c286954498c242,98752464724193280,2334.570094213006
142702,1427,MP,181,1810000,133843397,739517,0.5859111717609836,7.674100008036476,96365.30657999798,2896,0.0007727368272032782,fc72f4ecbf6515a4f8e7c2c5bc9f7b4ae537126c596c33af4bf465732d2be81c,99301127366149632,2411.0918838070356
142702,1427,MP,182,1820000,134583287,739890,0.5833104893504155,9.05875012697652,81676.83064760153,2912,0.0007704598433763408,4c86d11cdf4b219058df0097543801d4229fa27853871070eba3ae47917f20d4,99850066744361472,2422.181090218015
142702,1427,MP,183,1830000,135322564,739277,0.5825384775491363,6.693454320018645,110447.7545755389,2928,0.0007681706718776426,c189eaa488e0a50e449b8874885a8405b7557bbcb127f11496ceb015bd52a2ec,100398551325456384,2431.0272233450087
142702,1427,MP,184,1840000,136061636,739072,0.5842480208372467,7.031494930037297,105108.80081031073,2944,0.0007658772640767394,a35250d0ce5e6943b0e951ca47fb72e0867f3c6811a7013be35370b445ace463,100946883812898816,2438.6135280990275
142702,1427,MP,185,1850000,136801210,739574,0.5890762840547058,9.144668983994052,80874.87926511929,2960,0.000763578139913591,46e5fbcce411d77ef5d990c3da9ee66e77f2debfacf4026a2cd8f5a2a130a68e,101495588744309760,2449.4205019419896
142702,1427,MP,186,1860000,137540727,739517,0.5825250563575715,6.383734264003579,115843.95111337383,2976,0.0007612702016585695,a4af17e7dc34ba0ba107acb81133e5fa8f5e18f0770d8a204960c75b8a5f4039,102044251386266112,2456.2490328460117
142702,1427,MP,187,1870000,138280617,739890,0.5806424185147285,6.610918127989862,111919.40146216475,2992,0.0007589567106263742,6ca3189dadddd9d5592dece59ec28949adb5ebcb860d92e6754e23ac3f7fefd7,102593190764477952,2463.1157993320376
142702,1427,MP,188,1880000,139019894,739277,0.5787364148028822,6.44510894297855,114703.56925547168,3008,0.0007566313463671793,71a3584f8659f28f9423ca39567ca58cd006a6a4ddb3b341b3d82b4386bbea55,103141675345572864,2469.7431748980307
142702,1427,MP,189,1890000,139758966,739072,0.5812125207851782,6.661844814021606,110941.04120294553,3024,0.0007543021864895782,380ab4d2786fbb8daae928f574a437f50a84357de8e4325488421b77b635eb8a,103690007833015296,2476.6220647640293
142702,1427,MP,190,1900000,140498540,739574,0.5793568037351325,6.6209668520023115,111701.81282154255,3040,0.0007519677262907446,66f7aa00bdc4c8f49b4954920a28a5dc04e9fb969cc7ad90316fb6bd8ab33600,104238712764426240,2483.4047838160186
142702,1427,MP,191,1910000,141238057,739517,0.5777471825916363,7.380719601991586,100195.78576057157,3056,0.0007496248204309707,53135226744fc6a398d15de0dea779469301654a0bcfbc607758231f7bc3e550,104787375406382592,2551.3608960410347
142702,1427,MP,192,1920000,141977947,739890,0.5749171275120604,8.057548172015231,91825.69985367522,3072,0.0007472767796378995,226792a7f023ef5e0201e9f8f09fc3c3fa523987c01f9101331e01f592a12477,105336314784594432,2561.2089811179903
142702,1427,MP,193,1930000,142717224,739277,0.5753961683037532,7.268728117982391,101706.51426225087,3088,0.0007449171901085253,08055f208f42a0900561d02680e1ba11098e7f8ca2764b700288ab0412ae7498,105884799365689344,2569.815950554039
142702,1427,MP,194,1940000,143456296,739072,0.5747280610156876,6.593655242002569,112088.35962365774,3104,0.0007425542488560157,be8223f3366d47099b05c42c171298e5eaf5df01daaa34fe9f70cbe83378e90c,106433131853131776,2576.514720392006
142702,1427,MP,195,1950000,144195870,739574,0.5893673987959817,6.53721271402901,113132.92566002281,3120,0.0007401864278078873,1c447b6f1cbb9d73d7777e6300110013dc08ef11edc5344a8b795ce39de77bb6,106981836784542720,2583.1623175549903
142702,1427,MP,196,1960000,144935387,739517,0.59350889418659,6.376621816016268,115973.16280268382,3136,0.0007378105366756237,c8e7fa9bb2139efd3b714fc8cebd78b24dd2b5d955a5ccff3bf7430357b7d715,107530499426499072,2589.6393650100217
142702,1427,MP,197,1970000,145675277,739890,0.5861176146718701,6.6431353989755735,111376.62497652798,3152,0.0007354299327986056,0cc9322963b73b534f0bc0fd2e85893ee6134b3e55d1944b22411a129c179024,108079438804710912,2596.4270043960423
142702,1427,MP,198,1980000,146414554,739277,0.5809022402439478,6.440552997053601,114784.70875687253,3168,0.0007330381144473651,b0b3042fc144ccfed1ca4aa443fbd532d422e9f45e3a9c8f9266d7cfbb036f78,108627923385805824,2602.9618392050033
142702,1427,MP,199,1990000,147153626,739072,0.5811301198103125,6.735457934963051,109728.54513180986,3184,0.0007306433911041524,8aa6fc76f26a951b71901385e6d4a631590af72f97432e9fb6f7c86d64ae4dc1,109176255873248256,2609.7860367090325
142702,1427,MP,200,2000000,147893200,739574,0.5853037534130232,6.68750114296563,110590.48577179451,3200,0.0007282442126197288,aa16b3d28faf19d5d656f49990cd772cb114f1ac7cd148906f797007bf70ef19,109724960804659200,2616.566299522994
142702,1427,MP,201,2010000,148632717,739517,0.5794468477194885,8.430360382015351,87720.68648187636,3216,0.0007258373464560718,70988723eabfbb4c856c07e61a113537ac6f0fdffdd2907760cc6a124fa1bd42,110273623446615552,2675.444687199022
142702,1427,MP,202,2020000,149372607,739890,0.5742689002455864,8.711149682989344,84935.97595330232,3232,0.0007234261937236558,ea9a5a28a7656249890cd0377a2f662154f8d65b0eb44742964f5a6fa8594bd1,110822562824827392,2686.091336688027
142702,1427,MP,203,2030000,150111884,739277,0.5723979082088768,7.731295052974019,95621.36678713617,3248,0.0007210041702676624,816c715e21bc816579d59c4ffd4f3c318327f4cfe088941583da89fc831e4ec1,111371047405922304,2696.0699666599976
142702,1427,MP,204,2040000,150850956,739072,0.5745058827512521,7.0548569620004855,104760.7349065838,3264,0.0007185796910087739,559447b957091435746b8784815c7ef1f3eeac343a4e317e52d1be71d305e605,111919379893364736,2704.957189159002
142702,1427,MP,205,2050000,151590530,739574,0.5746401273907703,6.570981707016472,112551.5231932978,3280,0.000716151185032576,9bb0ab67fd8fc6be985cf9984399fbbb5bcd9542cf21ba10e179e6d3b6ca3650,112468084824775680,2711.6141821360216
142702,1427,MP,206,2060000,152330047,739517,0.5718011809292748,6.4821242920006625,114085.59396378887,3296,0.0007137153802865912,b499509a9d4a168554f6bf30f66111c2f7be27a833e35368299ba2d1cc0ee05e,113016747466732032,2718.196691902005
142702,1427,MP,207,2070000,153069937,739890,0.5710731229304359,6.621659689000808,111737.84742049279,3312,0.0007112757187747079,3d8b1a2283c107e1858ad61a0c1352cffd9fd28daa74235a4bce989944267f38,113565686844943872,2724.9158462650375
142702,1427,MP,208,2080000,153809214,739277,0.5653097731419972,6.430235559004359,114968.88305511279,3328,0.0007088255394876097,ce66c470f3a54f8233836e22c8a145a9670b3b62f742829d39240b7ab0365e3a,114114171426038784,2731.4370683190064
142702,1427,MP,209,2090000,154548286,739072,0.5699673435413015,6.690744758001529,110461.84344667108,3344,0.0007063733556645476,a44b7d421a4ebf44940cd3684b08f59fdefdb936bbc99596b76f38f74b578e6e,114662503913481216,2738.33565087599
142702,1427,MP,210,2100000,155287860,739574,0.577032145331916,8.179127470008098,90422.11442625527,3360,0.0007039175769550826,bf096a32a1d15d53cdffbd2be8472de3e1021c3b3a9a53694c9a9886402f8921,115211208844892160,2747.0524152670405
142702,1427,MP,211,2110000,156027377,739517,0.570156928418212,6.90160471200943,107151.45692322426,3376,0.0007014548945607652,858315ff811220105f39a18036c0596d744e60d044aebb7ec47eaf904cf075b7,115759871486848512,2779.768647296005
142702,1427,MP,212,2120000,156767267,739890,0.5662360577162217,7.602303915016819,97324.44378321899,3392,0.0006989887884666184,04cef03212f081407205104e71e942861285fceb153dd216b7e40c7ce4a5203e,116308810865060352,2788.2862155309995
142702,1427,MP,213,2130000,157506544,739277,0.5671646343442928,6.891600155970082,107272.18400208205,3408,0.0006965125264447076,67f9e391779a7befeeb04ef3f45989223644a00a5d4e1386795af9fad1c802d9,116857295446155264,2796.08403133502
142702,1427,MP,214,2140000,158245616,739072,0.5668218616676198,8.05904671602184,91707.12443330092,3424,0.0006940347128498012,d483a3330fd3ba87563a75496ab4e9c054130aeb3481f536e6f45303de5095a4,117405627933597696,2805.101018011046
142702,1427,MP,215,2150000,158985190,739574,0.5723828794402455,8.534792144026142,86654.01424188858,3440,0.0006915537392410319,aae2d3394db7886530c2c31aa60cc285f771aad37731e6861b752321e624ad0a,117954332865008640,2816.9663599180058
142702,1427,MP,216,2160000,159724707,739517,0.5714612142519131,7.389354749000631,100078.6976833147,3456,0.0006890662628735505,c158a89570de19b97c9e7348e98be8d52701ad41c9437cfd2b2055f999122681,118502995506964992,2825.987798478047
142702,1427,MP,217,2170000,160464597,739890,0.5683551045015713,9.14745332003804,80884.8074009,3472,0.0006865757987691014,fa5109e8be0dc8507bcaf87d7b0c7ac1fd9cdfb027665a63148c3d91842b9042,119051934885176832,2837.3984386500088
142702,1427,MP,218,2180000,161203874,739277,0.563842215815435,6.712110753986053,110140.7630321018,3488,0.0006840755491772676,821120dddf7775afb91be1d398b26ec0677a6151728ab713427e572d0f0b1b5c,119600419466271744,2844.314724243013
142702,1427,MP,219,2190000,161942946,739072,0.5651878341077561,7.0645453199977055,104617.06543348214,3504,0.0006815742022881921,6a611df98074c8faaf6d200672116fa2d4739cc29271e55cbc1bbf6807a6da9c,120148751953714176,2851.8899761000066
142702,1427,MP,220,2200000,162682520,739574,0.565957438883649,9.49636740697315,77879.67422752971,3520,0.000679070132931481,32bb5ac0f31589e13ffea121c13d0b4b9f676a538306fa10099c5c39f5dd5344,120697456885125120,2861.917393654003
142702,1427,MP,221,2210000,163422037,739517,0.5632923441443763,6.3880801210179925,115765.14163728929,3536,0.0006765599672441813,a9a2eb452e05e6d6824bad4c5bfdf0db6b8472c2c0ecaa11f42cf0ef0a3a499e,121246119527081472,2893.000529757992
142702,1427,MP,222,2220000,164161927,739890,0.5571474342374613,6.675231603032444,110841.09795739231,3552,0.0006740472523106992,0d2276220c26f608f5e69f9990a87d2db4d8920c57d6aa06799b2ba930983e76,121795058905293312,2899.7670215599937
142702,1427,MP,223,2230000,164901204,739277,0.5576600898467481,6.5149708859971724,113473.56925093109,3568,0.0006715251306097107,121d1b41fe1b2980fbd899da38787c60a66394766ed423eb24157e34cb94e1aa,122343543486388224,2906.4192124940455
142702,1427,MP,224,2240000,165640276,739072,0.5575238576098879,6.866202305012848,107639.12380799229,3584,0.0006690023668156582,0fe0d88ece9b9ced7b239be269994c4ffb1bdad4ddda21eda059d2c2548fda26,122891875973830656,2913.3832924110466
142702,1427,MP,225,2250000,166379850,739574,0.5613088765774961,7.716769158025272,95839.85018274897,3600,0.0006664773204036759,12a151ff6e25fdf3c6c2876869381228498486340fe778e81bc407fdc1c2d3a4,123440580905241600,2921.586540325021
142702,1427,MP,226,2260000,167119367,739517,0.5589149163797209,6.906504307000432,107075.44180497008,3616,0.0006639465892473335,f55d79ec9c8661314300a837c020e6f29a2c9f9a986903b04cde544d73315412,123989243547197952,2929.401941090997
142702,1427,MP,227,2270000,167859257,739890,0.5556564903117172,7.8160837680334225,94662.4962012352,3632,0.0006614137494925102,141538365746a3fcfc2658e29a8150d015e9edba93e45c508040c2475ef1153f,124538182925409792,2938.144087859022
142702,1427,MP,228,2280000,168598534,739277,0.5543804959443103,6.855934996972792,107830.22305876945,3648,0.0006588718896491239,04c3d044b838d0c74e535d69719f361082771653a1b729772faa2893b8c2becc,125086667506504704,2947.286946584005
142702,1427,MP,229,2290000,169337606,739072,0.5581965427684421,9.462561658991035,78104.85433378989,3664,0.0006563298434601255,91f6507147345de31db425b73c7738bb5eedd9ba36e834b2e165cae016255f0e,125634999993947136,2957.658545354032
142702,1427,MP,230,2300000,170077180,739574,0.5632555933390624,9.145941246999428,80863.6290160553,3680,0.0006537859564342263,c21769bcbe77472feb8ca7251817da8fdd7a96040d9a0cb905febdad0c8b7ba1,126183704925358080,2969.610559431021
142702,1427,MP,231,2310000,170816697,739517,0.5603877284425763,6.387703750981018,115771.9626378142,3696,0.0006512368010600564,d99e6acde559eeb27b23e4dc48b6de90ae73e9188067ded45b9a45adc6808020,126732367567314432,3001.869941689016
142702,1427,MP,232,2320000,171556587,739890,0.5542538628421386,6.627657871984411,111636.72209568458,3712,0.0006486859795191922,dfff69132302bacf90885b5f2a40bb117cc59d5de577561b1ec10c7c76b267a0,127281306945526272,3008.5958312980365
142702,1427,MP,233,2330000,172295864,739277,0.5494655581574,6.499043958960101,113751.65403840263,3728,0.0006461265322006036,2c9569c30eeffb7bd619618226e103d4ca86439c7521ce680c05e366904c876b,127829791526621184,3015.188958364015
142702,1427,MP,234,2340000,173034936,739072,0.5515011232907606,6.572316760953981,112452.2792922602,3744,0.0006435673544415221,cf2306ef5d629f4495d53bd4cfb996c49559ad45e3c69d6748252d6ed2d1a707,128378124014063616,3021.8575486179907
142702,1427,MP,235,2350000,173774510,739574,0.5560275438377418,7.3045618570176885,101248.23561997376,3760,0.0006410067791841002,97382c1f3d7eef13e405ed514ced2f98ae93e066fe27dfc1c703ef7cedf704a1,128926828945474560,3029.2609530100017
142702,1427,MP,236,2360000,174514027,739517,0.5532564086279242,6.734212303010281,109814.92218019711,3776,0.0006384413564320457,a0c728fae1546f4dd1de595765fd9181829f21ff79558f3a58dc1279dd7705d8,129475491587430912,3036.8713007009937
142702,1427,MP,237,2370000,175253917,739890,0.5494420980312855,7.749623320996761,95474.31782849994,3792,0.0006358747113548271,0dd74971f9cbbcd86ad03fe4d70321bbdc89715d69e7e6cf0c9fc62a6eb8fb19,130024430965642752,3045.116288124991
142702,1427,MP,238,2380000,175993194,739277,0.5446133195450825,6.366641434025951,116117.26648354965,3808,0.0006332998421089916,29204c3eb60598c43fd6e8af9d3abc6a492694d2d6f71af0716b2e4a431053c8,130572915546737664,3054.3280733490246
142702,1427,MP,239,2390000,176732266,739072,0.5462352997875973,7.322470872022677,100932.0505218817,3824,0.0006307256980997079,1458784c80fd54a72ff4ecaf865d0f315648d8480fc3ae5cf4c99bfadd68ea04,131121248034180096,3062.162408952019
142702,1427,MP,240,2400000,177471840,739574,0.5501306255155028,7.466257586027496,99055.51629829296,3840,0.0006281506011130682,7c0ee51b3ad45097aa7f59fd2c6b9b8c6665727bb10b5f59baa593d2a10aba10,131669952965591040,3070.540333256009
142702,1427,MP,241,2410000,178211357,739517,0.5499898289671218,6.3000103469821624,117383.45800562759,3856,0.0006255710815868978,23adcc9cf5b96c397c94d1f40e2b4f98646216d26085942fb59b4a870489f580,132218615607547392,3129.7951072659926
142702,1427,MP,242,2420000,178951247,739890,0.5451980428906807,6.496010061004199,113899.14625311134,3872,0.0006229907846113026,8073ea1008b3f860f049824d73c3fb99484e91971ca71f5beaa6987f94d1d422,132767554985759232,3136.437217714032
142702,1427,MP,243,2430000,179690524,739277,0.5414546934874295,6.410130242002197,115329.4819434258,3888,0.0006204026720346659,0010b9f71bc6acc3e15c7cbd33c3f539f7e710f658f800f1a6dc3f9321902b54,133316039566854144,3142.9635882840375
142702,1427,MP,244,2440000,180429596,739072,0.545893437192644,7.111203463980928,103930.65023993274,3904,0.0006178157397580033,3d44fccdaad01ef3aef21ab42940b5c6c321a223f9adcafa296f4ccf83bdf763,133864372054296576,3150.5360006120172
142702,1427,MP,245,2450000,181169170,739574,0.5521115628513952,8.130834450013936,90959.17578284138,3920,0.0006152282998312824,7df6a327738ce01695bc9efd7f01cc8e003e8114f3dce32efecf3871cac92499,134413076985707520,3159.2011465600226
142702,1427,MP,246,2460000,181908687,739517,0.5819984463721704,6.39642594801262,115614.09543555634,3936,0.0006126368660620434,3876e8a65063f9e19b82258405a531efd9c7d836e76decf4e82e745f9f3ae972,134961739627663872,3167.7602541359956
142702,1427,MP,247,2470000,182648577,739890,0.5554542310079441,6.523370343027636,113421.43111510071,3952,0.0006100451003769184,7b79ef78c1509186c3fbba9b8732d5c70141f49565ef549bd1a77ede3b51a1a6,135510679005875712,3174.4627660210244
142702,1427,MP,248,2480000,183387854,739277,0.5448045948834619,6.478349430952221,114115.02387751524,3968,0.000607445934271106,0f27beda88e4242d5524525508a147fcddea9e064f305be202880e1d101acf73,136059163586970624,3181.038521566021
142702,1427,MP,249,2490000,184126926,739072,0.5453766096327848,7.777818898961414,95023.04046944184,3984,0.0006048484025300383,e53e22e158c33ecfac75c438e875d0de164130e0ac93130c9bab8e3a6d525363,136607496074413056,3189.001022792014
142702,1427,MP,250,2500000,184866500,739574,0.5513642031888097,7.574115421040915,97644.93394772692,4000,0.0006022508088957329,456f202e9cecef8fca9e5c5f15037a5e83fbf82781d04e769524fa911df83f88,137156201005824000,3197.150371958036
142702,1427,MP,251,2510000,185606017,739517,0.5528874690196292,6.530456774984486,113241.23648330201,4016,0.0005996496534951113,639f2fdb80daf0a7c5c00202612caa75fc5e5b602d3c8f8a1c85a91571f07b9d,137704863647780352,3261.401306556014
142702,1427,MP,252,2520000,186345907,739890,0.5437223271166849,7.561960281978827,97843.67709035154,4032,0.0005970486119929766,5156c3b285b5efcc87788ab005121c3165b3f27d3d2588d630697e5d2498708c,138253803025992192,3269.4598460490233
142702,1427,MP,253,2530000,187085184,739277,0.5358036539119886,7.543034386006184,98007.90532938635,4048,0.0005944405915120033,9259eec7ae887c577a523d7b085d8c7b55b8ecba0ecca0657a39240b258f8625,138802287607087104,3278.194536133029
142702,1427,MP,254,2540000,187824256,739072,0.5391852666153228,6.731503666029312,109793.0026733468,4064,0.00059183465807771,e06bd5e1b8a19ea3bc521e33f5362ecc90ee409f6e38f3fe949a1001063ddab3,139350620094529536,3285.120793195034
142702,1427,MP,255,2550000,188563830,739574,0.5443079110648208,6.532656316005159,113211.83362853891,4080,0.0005892291085593669,20697059c647a2e347a7d5b5517a5bd2b7a67a8252bf6c9dc2854e6b8ec07eb1,139899325025940480,3291.826031197037
142702,1427,MP,256,2560000,189303347,739517,0.5444574608846957,6.37871056899894,115935.18658678661,4096,0.0005866204323645196,a121ef18462391c2a30d9c933ce7c6246e29ece45d5e203536e06cf50dde7330,140447987667896832,3298.3962282790453
142702,1427,MP,257,2570000,190043237,739890,0.5385240920209752,6.5567750269547105,112843.58498779261,4112,0.0005840123157861623,c0d315b05367444865539e8004dce38bee1b1336f6cc95258dcb00dd6e085868,140996927046108672,3305.158627137018
142702,1427,MP,258,2580000,190782514,739277,0.5304234492244988,6.750592025055084,109512.91342391078,4128,0.0005813976475757286,7886c73eb1abcc872e465dc529c0dbf0320cefb67dd4d40ef9a8099b3b61f691,141545411627203584,3313.23598943901
142702,1427,MP,259,2590000,191521586,739072,0.533353873652738,7.966930802969728,92767.4682105317,4144,0.0005787855173280595,3ad662309883e9eb7ec85f2727d169fcdd65a87ed9aa45f8b0b1798e9cb95f90,142093744114646016,3321.7021454190253
142702,1427,MP,260,2600000,192261160,739574,0.5396938357443358,7.404927695984952,99875.92456858243,4160,0.0005761742164806982,410b9e4a9fd3c09b9d40dd6c828394e36906e635a16d1c48eff016bbf544d245,142642449046056960,3331.5199585380033
142702,1427,MP,261,2610000,193000677,739517,0.5384414515285652,7.429536157986149,99537.4387141355,4176,0.0005735602266921244,50f328956becee38f8bda49ff2414e3ee752ec251a9f6463aff1295e391721ea,143191111688013312,3399.874810050009
142702,1427,MP,262,2620000,193740567,739890,0.534982355802554,6.553494382998906,112900.07387805577,4192,0.0005709472417645532,e7f3ee1602c6a3d8b3a836d2e3a04961abf248d7426eccff7ab325eb9b46668b,143740051066225152,3406.614497405011
142702,1427,MP,263,2630000,194479844,739277,0.5238914913670611,6.428387796971947,115001.92946483906,4208,0.0005683281380950018,33c34eb6eb93908945fbc0a7361931f05f5f70cb1c0e40d0ed8c8e7428c14e16,144288535647320064,3413.143126261013
142702,1427,MP,264,2640000,195218916,739072,0.5270485803046192,6.969173257006332,106048.73386624265,4224,0.0005657120211569303,d6353817a300a292f86453b630e3887178e49da3dcca01133db6d0bf70aec311,144836868134762496,3420.2460389840417
142702,1427,MP,265,2650000,195958490,739574,0.5358851498479571,6.968115538998973,106136.87385933413,4240,0.0005630971784017681,ce8561387363375682319a66153ace05ac5fd4abcab0fe57e0b4b59e77c891f1,145385573066173440,3427.7579246460227
142702,1427,MP,266,2660000,196698007,739517,0.5319893391387143,7.839448335987981,94332.78571467249,4256,0.0005604800867157985,9212f5043fc845674efa03c336cc1c5dbdc6f45c747f870067ad46ce624b6276,145934235708129792,3436.090144817019
142702,1427,MP,267,2670000,197437897,739890,0.5280891435408213,6.555206359014846,112870.58857918164,4272,0.0005578644442851307,0b6f11fe71cd3c4b99ac6b424d972fc30a49cca9e3827fd42c89c703ea9330b5,146483175086341632,3444.415237526002
142702,1427,MP,268,2680000,198177174,739277,0.5201730128943249,6.671039242995903,110818.86540784272,4288,0.000555243121179646,2ae3d2c3c05318d229eae85820daf0f6d365a82f40ff0e4f9ee6ab608515f5e1,147031659667436544,3451.2207910930156
142702,1427,MP,269,2690000,198916246,739072,0.522449251335304,7.0525797310401686,104794.56144921824,4304,0.0005526252310472832,5d3f414dea3fdc2b93f24e287d3afed1d304004c539e1fa72d60d3cc6d9a08b5,147579992154878976,3458.821616243047
142702,1427,MP,270,2700000,199655820,739574,0.5317655405933059,8.078867260948755,91544.26927830807,4320,0.0005500090588023455,aaadbfd133ca96dd89055d872f6ed9bafe4ca63f6d533214b83728357f85c7dc,148128697086289920,3468.192404646019
142702,1427,MP,271,2710000,200395337,739517,0.5304619248795953,6.645004182995763,111289.16997409685,4336,0.0005473910795398254,836edb912cc22d3d0b091965226c0573d7f25269fa873612d8eaf1775f324009,148677359728246272,3533.8046981280204
142702,1427,MP,272,2720000,201135227,739890,0.5244117715215372,6.917664148961194,106956.62351736275,4352,0.0005447749927006917,6d061fca260aa532bd91740547664e8f10416ec7e1e6a4e875f18c0fe22cf6c4,149226299106458112,3541.268595868023
142702,1427,MP,273,2730000,201874504,739277,0.5147847949690245,7.690129989001434,96133.22545357849,4368,0.000542153668060322,4c0c1b6b470af8c7495b95a2526a0f2f070ee269135166e6f2ed1aabee14843f,149774783687553024,3549.501677506021
142702,1427,MP,274,2740000,202613576,739072,0.5189199008700507,6.615441752015613,111719.22113512938,4384,0.0005395362197300787,f7e38a74e6d3554b547b9098912641fa6588765bb816a55442a86626e05d833e,150323116174995456,3557.8236322239973
142702,1427,MP,275,2750000,203353150,739574,0.5295700175668424,6.94332844595192,106515.7734877405,4400,0.0005369209315382717,83b539f22b687fff5aeb46ba0bd014ee9ce922262f0021e91f572b94d52807f2,150871821106406400,3564.9388812260004
142702,1427,MP,276,2760000,204092667,739517,0.5274951489601285,6.582306700001936,112349.21642283585,4416,0.0005343042797710246,567db00add95bc0372490e00a17f71adfb4bbf4fa9b47f71dbf0007999644c95,151420483748362752,3572.0307592230383
142702,1427,MP,277,2770000,204832557,739890,0.5218849117030957,8.67582855198998,85281.76825604639,4432,0.0005316899619940694,960e3ad1a2db30660263ee463aa40fa1776f999d2febce30e79d91f8e499f75d,151969423126574592,3581.2096581190126
142702,1427,MP,278,2780000,205571834,739277,0.5088333473842225,6.72746162104886,109889.44146287694,4448,0.0005290708537211621,c0e6f4d53f12c12f0310f58e9bfb028ef37b1f0ce9a8a0d55aff38755978236e,152517907707669504,3588.1006121310056
142702,1427,MP,279,2790000,206310906,739072,0.5161272579507924,7.065589257981628,104601.60830395127,4464,0.0005264560618156401,fd1ab08357ca9e8c41a59cf20159aa2c06c3d386038c4348692f97f5e634fd6a,153066240195111936,3595.6998822400346
142702,1427,MP,280,2800000,207050480,739574,0.5258438394277583,7.517614586977288,98378.8130454518,4480,0.0005238438704718731,142b84287a7d5f0e6c6d4ef2f8009d7adf99e8f5a71d4ba9071dfd11ef3382f6,153614945126522880,3604.7514867940336
142702,1427,MP,281,2810000,207789997,739517,0.5224422335462368,6.865206993010361,107719.54884287113,4496,0.0005212307601485292,b68e75c1034e938ba72c892bbcd7484349e079e3133a5cbd893c5ad525bae0fd,154163607768479232,3676.085493573046
142702,1427,MP,282,2820000,208529887,739890,0.5157333696231217,7.121519786014687,103894.95813140947,4512,0.0005186204234075938,29eecbbca84020a68b9028b83cf4ccc39044aa020232afe8e8d6c7b8a1e0222e,154712547146691072,3683.6946902790223
142702,1427,MP,283,2830000,209269164,739277,0.5053737482377599,7.174954795977101,103035.77109844686,4528,0.0005160057475292283,11cd679657cab727eb605b8f5d9c4a29c6765bf9c221c3b0af48a49afa514182,155261031727785984,3691.3589320610045
142702,1427,MP,284,2840000,210008236,739072,0.5104089931381339,6.908758805016987,106976.08946245197,4544,0.0005133958244234289,5f9f2a2255377ec3504bf8ea0d78f9b3a24f6b823a1fdb7048307852aacf2313,155809364215228416,3699.342559073004
142702,1427,MP,285,2850000,210747810,739574,0.5238059503856983,6.909878834965639,107031.39919872093,4560,0.0005107889401023684,239dee1f06b2841407618d99bcda38d5567d9a7bfc181851b7cdc50e3353fdd5,156358069146639360,3706.7864558460424
142702,1427,MP,286,2860000,211487327,739517,0.5218280388008613,7.1163784980308264,103917.60362446036,4576,0.0005081815821751423,c1aed62b2e99f69496ae0056820ca099659e6934f37f998695e8d5505e221a67,156906731788595712,3714.3780335590127
142702,1427,MP,287,2870000,212227217,739890,0.5153252924363002,7.55194431298878,97973.44489517016,4592,0.0005055774350757142,70bce7d1f3e4d1dc35a646940430313190f7ac537184893f0179acb7e79367b2,157455671166807552,3723.8736921190284
142702,1427,MP,288,2880000,212966494,739277,0.5022730796806695,6.341702834004536,116573.89495388506,4608,0.000502969403868721,7e6ce14bb80da3d1572a833d5fbea4aef25c0e2b914539e04f01b794935da30d,158004155747902464,3730.3123748500366
142702,1427,MP,289,2890000,213705566,739072,0.5058522807259357,6.50278487399919,113654.69015515399,4624,0.0005003665578181551,c13f663ff7cda2939674b91b4b18036f91c5a3cea9d346166fcdde379198652a,158552488235344896,3736.977816081024
142702,1427,MP,290,2900000,214445140,739574,0.5147452432709728,6.544554543972481,113006.01057426374,4640,0.0004977671862041965,0071ec38606e41853a4f6b8a86964efd00e68d3b69fa0df893d7a2a9cde4073a,159101193166755840,3743.623397281044
142702,1427,MP,291,2910000,215184657,739517,0.5168695761000912,8.16212504694704,90603.48815368969,4656,0.000495167786758202,4b7029fc056a03a798afb2a447172d7839e23e967391531577b41f1eccf8b82e,159649855808712192,3813.401139329013
142702,1427,MP,292,2920000,215924547,739890,0.510747798204625,7.244925104023423,102125.27933368238,4672,0.0004925720326687141,79be3dd34d7522a5c0f0434830e921f507254308c21f3078c60cbc14a1581bed,160198795186924032,3822.6342999649933
142702,1427,MP,293,2930000,216663824,739277,0.49757346014410886,7.271332853008062,101670.08098029374,4688,0.0004899728527878686,02d3e5afb728abd0c15cfe1c4c2c261eb666b1b5f57beb5c8c594b6912afe3fe,160747279768018944,3831.0553031720337
142702,1427,MP,294,2940000,217402896,739072,0.5027245832513598,6.618420656945091,111668.93709369305,4704,0.0004873792860601517,f2c01236b45a53ced2765727a32e5b15bff400f779fd69bcce5949e33139730b,161295612255461376,3837.785835025017
142702,1427,MP,295,2950000,218142470,739574,0.513345345079251,6.585628353001084,112301.20504188102,4720,0.0004847896264811902,75aaa652ed413d5f863b0a6f7a5da99c2470ed30b9643a24e3a3e052b1e90158,161844317186872320,3844.5846474370337
142702,1427,MP,296,2960000,218881987,739517,0.5124296896816343,6.475930701009929,114194.70561732099,4736,0.0004822003848678714,c0d2a74458897c9ee2f79926d83a54fed207b18f50112130195c5f2321135793,162392979828828672,3851.2279885190073
142702,1427,MP,297,2970000,219621877,739890,0.5085659253470621,6.519211719976738,113493.78295734197,4752,0.0004796152200554316,0037e491d8d91ec332881fb93e01b3b1e7dc54ab4395693ccce667a788ce2d18,162941919207040512,3857.858080674021
142702,1427,MP,298,2980000,220361154,739277,0.49020622003129044,6.439793182013091,114798.25191667114,4768,0.00047702709066640395,f1c35f9250878bd5f92ca8fca4a5589d74aab414239c2c4be6c6296829dfe3f6,163490403788135424,3864.50787664199
142702,1427,MP,299,2990000,221100226,739072,0.4969661907832599,6.582171941990964,112283.90970541052,4784,0.00047444499767791774,adbdc51c9728e4e83ec776a9ca62a9e348daf5e81dc937f479cbaf469174010d,164038736275577856,3871.2617731190403
142702,1427,MP,300,3000000,221839800,739574,0.5083388967626926,6.761234177974984,109384.46747033177,4800,0.0004718672412444974,ec9e0d57f4648f752ce80742ba24cbaeb1d8ec712ea35bf9891c5e47e14e612d,164587441206988800,3878.1281706970185
142702,1427,MP,301,3010000,222579317,739517,0.5093435382190549,7.624293465982191,96994.82362523838,4816,0.00046929034822075754,4fd57bc8fc901065afea12eaa28aab54d35fa8d3f6c4b2d55ca3fce30e8dbb62,165136103848945152,3946.541938149021
142702,1427,MP,302,3020000,223319207,739890,0.5019505103873843,8.156685499008745,90709.63936146813,4832,0.0004667179599928887,17c1f3ea1bae919110c3560ffecc8da3687d20a08fe2c1a1dd1afcb4e6d9c522,165685043227156992,3957.1278871510294
142702,1427,MP,303,3030000,224058484,739277,0.48511729365647566,6.420012243965175,115151.9610721805,4848,0.0004641430709115295,1ee06746b2c08600a9f4e5a3a4a069ca7f4049ca627256fb855ff5e9900053a7,166233527808251904,3963.6801913930103
142702,1427,MP,304,3040000,224797556,739072,0.49317137847980663,6.48141485900851,114029.42352513739,4864,0.0004615746363707272,71f3c0ced8878164c85668bd62140977bd08b83ec237989788775177dbba50c7,166781860295694336,3970.2703512459993
142702,1427,MP,305,3050000,225537130,739574,0.5051277954294092,6.503905482008122,113712.29210601196,4880,0.0004590109641221425,7c70b33bef8dc393e61cca9fc2a6644af4699fdbe971fc4d8a5bdec68728d437,167330565227105280,3976.863825603039
142702,1427,MP,306,3060000,226276647,739517,0.5037445929902101,6.393406948016491,115668.68901242552,4896,0.00045644859999674546,f80e4e13225fdbd0aa888e6f3f85e9ae0ad3e90a4f8974efd3c373c0cde0f210,167879227869061632,3983.349270888022
142702,1427,MP,307,3070000,227016537,739890,0.5017058297551298,6.607383023016155,111979.28096837546,4912,0.00045389116485070437,4da20312588752c8f6176ba7f444c2be338b2ac4e890f2ce8bd67f568fc1b6b6,168428167247273472,3990.0505436400417
142702,1427,MP,308,3080000,227755814,739277,0.48287265971889437,6.405703199037816,115409.18725535783,4928,0.0004513316946902418,4f0a9bb1f5ece8c7b45fc538adac1aed93c8974788edaff4d40352dd269a4f2e,168976651828368384,3996.560975674016
142702,1427,MP,309,3090000,228494886,739072,0.487772520857366,6.97202849102905,106005.30404472217,4944,0.0004487790917491663,f674214bb8b94402e8993e902cb78ab93207e6d0f68da9ef30c935548cd155f7,169524984315810816,4004.38165417203
142702,1427,MP,310,3100000,229234460,739574,0.5130424993003303,8.702849686029367,84980.67031850886,4960,0.0004462316728080854,4a207f48786b1b08e47224eb91798e138529339d8830841f34def57316e591bb,170073689247221760,4013.5579302420374
142702,1427,MP,311,3110000,229973977,739517,0.5060630400209152,8.023748548992444,92166.0238334441,4976,0.0004436860055968961,ff4666d314b92ccaefb872f0471699354f7d6c07528990b81e46864ed4e5005e,170622351889178112,4065.1871645050123
142702,1427,MP,312,3120000,230713867,739890,0.4988223635188005,9.41519710700959,78584.6532569301,4992,0.0004411456873781394,924eb4888e8022093f21c2d7eb5b3024bded65bbeea6f54ea8b96b9e491281ae,171171291267389952,4076.272220135026
142702,1427,MP,313,3130000,231453144,739277,0.48145830224258124,8.04214008001145,91925.40699924584,5008,0.0004386038017058557,433b97787fde739dfd936f88d1de34405d17d7e4d8dc6edb706858f346957d32,171719775848484864,4086.0070315600024
142702,1427,MP,314,3140000,232192216,739072,0.48572277682109155,6.690940195985604,110458.61692851844,5024,0.00043606919012143544,585d32403e998e6cd906cd1e36d96b6888b259223362359ebeecdfb70b86a081,172268108335927296,4092.8426900440245
142702,1427,MP,315,3150000,232931790,739574,0.49763302488442335,6.39712973497808,115610.28627513589,5040,0.0004335401798586056,63cbb5433bb285c708a4700233296642a4afb13cb5815e5a8d136957ac26a958,172816813267338240,4099.401404738019
142702,1427,MP,316,3160000,233671307,739517,0.49885008378683965,6.3992732359911315,115562.65418403599,5056,0.000431013363450233,9e6b7b10c1f65080816775cc01ddf88492f6a8f30ea46a204221b8ffb66aa313,173365475909294592,4105.901053100999
142702,1427,MP,317,3170000,234411197,739890,0.4933076662545134,7.003722919034772,105642.3859929012,5072,0.0004284923115215882,736bc94e64dffa07b449690fc645f3682e4074ef6cbc6e98a37a04421dbc7c3e,173914415287506432,4113.441869859002
142702,1427,MP,318,3180000,235150474,739277,0.47308394219482053,7.292586134979501,101373.77691762814,5088,0.0004259701610265323,39157de54509fa79a17339230ba570c82ecf454b3bb833c4851ab96937abfcdd,174462899868601344,4121.224744321022
142702,1427,MP,319,3190000,235889546,739072,0.4763585180921624,7.698335455963388,96004.13027305664,5104,0.0004234556853332124,9d9de2ea94d617c997d0b598b1e3490a2b9e86f087f586cbd94397ecb7ced674,175011232356043776,4130.198258624005
142702,1427,MP,320,3200000,236629120,739574,0.49158028446125474,6.578427654050756,112424.12912219188,5120,0.0004209472235438012,f680a0ed8076b97c5598d7aded914df6b906fdc7fef1858e5f57fc4c31eefe37,175559937287454720,4136.887328254001
142702,1427,MP,321,3210000,237368637,739517,0.49527412180326275,6.975498178973794,106016.3705911532,5136,0.0004184413958771932,5468e15a7010b53f6fba92960d095183586b88eb97faaa6a758fd6787e04b906,176108599929411072,4168.843438777025
142702,1427,MP,322,3220000,238108527,739890,0.4891682038807267,7.352232537989039,100634.73865618138,5152,0.00041594174330028224,226ce7089829c24d11454d008cbdfedad6550f28b117a883492b8d7b4e8283db,176657539307622912,4177.111193771998
142702,1427,MP,323,3230000,238847804,739277,0.47007783890654325,7.228608687000815,102270.99460086138,5168,0.00041344146197357416,834ae0a6652ccdb423cefb97d13381529a7e43865417ce02c1ef8bbaea952928,177206023888717824,4185.262793336005
142702,1427,MP,324,3240000,239586876,739072,0.47568669358792914,8.241880088986363,89672.74359980352,5184,0.0004109492496688251,84f6e61f7d33b7e8c488517e7fd74f096ae2af5ca0978eede7e1db8efaf38b57,177754356376160256,4194.709647460026
142702,1427,MP,325,3250000,240326450,739574,0.4903354304774386,9.257948362967,79885.30190537598,5200,0.00040846345876194013,064312ce98988b03a850eea30fdd1e60a50147bcf2184d143c5b39ab579541a6,178303061307571200,4205.561258044036
142702,1427,MP,326,3260000,241065967,739517,0.48988388693152435,7.9909878189791925,92543.8777723565,5216,0.0004059807400174733,9b71d01b1508b77f7e275b8dee23dfbfc8148bb14a4baa4f1814eb1fc832c574,178851723949527552,4215.9007546069915
142702,1427,MP,327,3270000,241805857,739890,0.48483869007013386,10.004630775016267,73954.75321764656,5232,0.0004035046017479307,bd6c010f0f1317567015a6079db8abe8d5d22948470c3997ac20ea2a987f5435,179400663327739392,4228.471966865007
142702,1427,MP,328,3280000,242545134,739277,0.46857121449163674,8.680368517991155,85166.54546034025,5248,0.0004010283050771895,8ac9e6be90c23cf4ec2f61530df30339bb4af9e89f272605021c4f36e82fc8b4,179949147908834304,4238.156474740012
142702,1427,MP,329,3290000,243284206,739072,0.47029813542925947,6.580520661955234,112312.08561852667,5264,0.0003985604648214327,956526a88dd91270e51b97fad0a17acccaf4afa5ea1a79a0b7db47f98290fc07,180497480396276736,4244.838865447033
142702,1427,MP,330,3300000,244023780,739574,0.4847537884421935,6.629387919965666,111559.92211175815,5280,0.00039609944802435163,1cbaefffec412f22c070d86ff83cbb624d8a453313039fbe058b7647bd4f080b,181046185327687680,4251.575543987041
142702,1427,MP,331,3310000,244763297,739517,0.48867074304336694,6.3401750779594295,116639.83894873953,5296,0.0003936419388299477,de65b70aa80ecdb448679855434e828297642c91330a1290d852e7857ce64016,181594847969644032,4281.150856991997
142702,1427,MP,332,3320000,245503187,739890,0.483415071319858,6.597705156018492,112143.53817024773,5312,0.0003911914099279564,2b50d556df5984076619f5aff5c2ff985783a963873deeca0de00b81701b911d,182143787347855872,4287.845027416013
142702,1427,MP,333,3330000,246242464,739277,0.463874152169996,6.445068849949166,114704.28279533908,5328,0.0003887411931073879,d385ce33ef78c89673d68309c38d0c1cea23f5f375e60c256af1b2d3113ed5a5,182692271928950784,4294.462475592038
142702,1427,MP,334,3340000,246981536,739072,0.4665792201438246,6.7819843490142375,108975.77493044852,5344,0.0003862998129398584,1c46690f7a4546f81c62e055486a1d6c7a94216b254deefc6e46131a9a419c81,183240604416393216,4301.74439351703
142702,1427,MP,335,3350000,247721110,739574,0.48415660389053444,8.511974876979366,86886.29967649197,5360,0.00038386565251848835,8fb7750eba834cad0129cc7b18f1490e55ead190044602e59e396ac3639c6d28,183789309347804160,4310.793803197041
142702,1427,MP,336,3360000,248460627,739517,0.4824026481466685,6.86966227699304,107649.68788592302,5376,0.0003814354321722727,e7098ef506599b11cd85edc3040b3034af3377d2496713e1af18eb3b05c262e0,184337971989760512,4319.365004107996
142702,1427,MP,337,3370000,249200517,739890,0.4776581104130504,7.566813145997003,97780.92649101779,5392,0.0003790125860299335,02fc016302f068a3d1fea2056f1b926b6f3255b5a22889be0cfe794ce4bc2a5a,184886911367972352,4327.8416219740175
142702,1427,MP,338,3380000,249939794,739277,0.4589184179857551,7.000721254968084,105600.11934132782,5408,0.00037659052218758695,fce5caea65a96619caf2e5fd4d61e96f42d11139d8ed8a319812ff698d06d455,185435395949067264,4335.77606689604
142702,1427,MP,339,3390000,250678866,739072,0.46044243365825566,8.970124535029754,82392.61306950724,5424,0.0003741776677596428,72e90a732050f79f34c22ac8605bfa0663bc9fbd1c9bb6cdb58ce2922c16977c,185983728436509696,4346.480312275991
142702,1427,MP,340,3400000,251418440,739574,0.47578107856153745,10.530641565041151,70230.66879943795,5440,0.00037177242325671654,cfd23159aaffed577e7eaa3c4423c5b840581ba81f88374edf5ee2094f6cd9f2,186532433367920640,4359.149253248994
142702,1427,MP,341,3410000,252157957,739517,0.47661569983127666,6.390238062012941,115726.04851704858,5456,0.00036937154796772443,a76c162dda937c25c9b28832753a8ba18492510f0371b2191104daf812c316c2,187081096009876992,4391.703150376037
142702,1427,MP,342,3420000,252897847,739890,0.4764386224218883,6.4557067469577305,114610.22456583475,5472,0.0003669784345547602,5dac61456b839f5363727a5de834879f9589d317bb8a5b458e11a06d70df9bfb,187630035388088832,4398.263513843995
142702,1427,MP,343,3430000,253637124,739277,0.45514861342415225,6.3659881229978055,116129.1830453286,5488,0.0003645865729984544,b1ed39ea0b51909f71c4002837941ce83695f7741a30cca27cb08b330f2dec04,188178519969183744,4404.781103243993
142702,1427,MP,344,3440000,254376196,739072,0.4588214593091389,7.714446448953822,95803.63346747032,5504,0.00036220428582583043,29b535274398a0b560729b3c5cf8fcf29b8b2d493151b25e2903a2a8891a8f1b,188726852456626176,4412.671719552018
142702,1427,MP,345,3450000,255115770,739574,0.47387907723222183,7.789621643023565,94943.50738618572,5520,0.00035982999231832645,a563518ff55da0c5182947576dd9f515d8339db3370922bebc8566b67fd94b9b,189275557388037120,4421.0202540630125
142702,1427,MP,346,3460000,255855287,739517,0.472427293486882,6.892603164014872,107291.39374523902,5536,0.00035746049346674504,ca3eaafc8a22acbdf3e56d8b60e987e8b3fe1c8c121646b3d6ca69bef0457b4e,189824220029993472,4429.280357373005
142702,1427,MP,347,3470000,256595177,739890,0.4710503678394728,6.815683216962498,108556.9819557638,5552,0.0003550991375960213,6088de8bd34e786735be412b6f7c1d68fccf050736529f5f595eb2edace0a3b8,190373159408205312,4436.243898770015
142702,1427,MP,348,3480000,257334454,739277,0.449671422709081,6.498896590026561,113754.23347011258,5568,0.00035273950207942586,87ff079b1171d45d35b99debbb4e5bf6b752c2a374daa005279c7ddbb7e3049e,190921643989300224,4442.979293460026
142702,1427,MP,349,3490000,258073526,739072,0.45229398891469125,7.722278193978127,95706.47177361885,5584,0.00035038979781490723,d19942d55b31dd83e12fbd490fd725d42b196a8e28a619b7c349821d41be3cb6,191469976476742656,4451.433692952036
142702,1427,MP,350,3500000,258813100,739574,0.47102157681189993,7.6412132370169275,96787.5096610606,5600,0.0003480484641921716,d828ab8e6ba25d4aeca461a4c1497d0b2a4ec01d3cf531d90b15ecdaa5c6f11b,192018681408153600,4459.986055404006
142702,1427,MP,351,3510000,259552617,739517,0.4678972042292949,6.532511345983949,113205.62044712553,5616,0.0003457123466105899,72cb6f20f23230eb4a940fa324a72b99f93c7406a553fb6ec24a97a45437fa70,192567344050109952,4521.127681935031
142702,1427,MP,352,3520000,260292507,739890,0.468622544083394,7.803645593987312,94813.37806653896,5632,0.0003433847462249203,9f80b24a058c670d594c47bc5093a65dd4b73575fd1013b04c43bd0d4a6370e7,193116283428321792,4529.4294305799995
142702,1427,MP,353,3530000,261031784,739277,0.4489416202115731,6.632086770958267,111469.74180694898,5648,0.00034105933323525786,d741f2288e261e031b19e653ac9465ac9bae90ef88f357fbd86c5d8f75c26f27,193664768009416704,4536.574883465015
142702,1427,MP,354,3540000,261770856,739072,0.45007490525412486,7.969798878009897,92734.08417359591,5664,0.0003387441999632365,c34d3d8942d2179ea0f90a10b02923c702d80ce348435ad8b957f4a3ef6e8317,194213100496859136,4545.109595659014
142702,1427,MP,355,3550000,262510430,739574,0.46544650457256537,7.595563366019633,97369.20941356917,5680,0.0003364378072272627,e530d86d3410b14aad8458510e6009f4f27e62fe15d5d41a7cd2551f7342c54a,194761805428270080,4554.16313329601
142702,1427,MP,356,3560000,263249947,739517,0.4652313419888238,6.5117406159988604,113566.71642956139,5696,0.00033413704750438235,ff428b1dae364c43a7889d775350c1ef53ea7f91cec72120322b68557ec4d260,195310468070226432,4560.8754245699965
142702,1427,MP,357,3570000,263989837,739890,0.46157683168421193,6.646134748007171,111326.36157006212,5712,0.0003318451719860709,c391fd1743c2d2d4ad4a25cc4e4adf4075ef5c0f562fb35825c502748e62b41b,195859407448438272,4567.69297222601
142702,1427,MP,358,3580000,264729114,739277,0.4451182338439674,6.474341136985458,114185.67300644548,5728,0.00032955594905488946,3888ede5c3bdb4b2f1033c2e3e028df922a19365b0aff239860354fa801da1af,196407892029533184,4574.286288425035
142702,1427,MP,359,3590000,265468186,739072,0.44876545926754063,6.827905649959575,108242.85482099121,5744,0.00032727734560924614,db273ce40a400f632dd56b77beef5db9c2013fe329cdef5b5c879f5b08d22456,196956224516975616,4581.2191426380305
142702,1427,MP,360,3600000,266207760,739574,0.46522277727631123,7.647814202995505,96703.97062082429,5760,0.00032500784519854894,5bfaca0b47bb1d1298a2648f4d1d2fd64e75b285f381325167272eaeb495565b,197504929448386560,4589.46017369203
142702,1427,MP,361,3610000,266947277,739517,0.4615883436530762,7.074979295022786,104525.67691897653,5776,0.0003227443900067933,9a3b72b4e2b273473f6034d9588030fdef7440b966a5be6898f5d7df8a814b8e,198053592090342912,4683.42781314702
142702,1427,MP,362,3620000,267687167,739890,0.4598164025777661,6.545226751011796,113042.68410343825,5792,0.0003204901785113389,25eb4a646d5360d3031c7d1c7d5fe637ea6c9b2cbac5b6a15df457e871a1c536,198602531468554752,4690.077982828021
142702,1427,MP,363,3630000,268426444,739277,0.44090348864313383,6.404718660982326,115426.92804036659,5808,0.0003182390825497844,b57e3c00e618038e9c8402f4f31137cef8b991ecb95dc46a19a8665960415626,199151016049649664,4696.6002248229925
142702,1427,MP,364,3640000,269165516,739072,0.44556152724583836,6.4330058640334755,114887.50603075062,5824,0.00031599893685652016,b327f443f79a89133b402e075b9fd3a4d237b70ee3253d0250e8888dc84bf0ab,199699348537092096,4703.180095783027
142702,1427,MP,365,3650000,269905090,739574,0.46296996243774297,6.570571360003669,112558.55228997726,5840,0.00031376824899502384,bc1615c4c3ecb300ece81a043e1e46058dd524205ba0251eda3b86b52b8ea8c0,200248053468503040,4709.86603547103
142702,1427,MP,366,3660000,270644607,739517,0.46074078788180933,6.536608832946513,113134.65726641123,5856,0.00031154401344345834,300e1204b4c39ebaed0445ef32aed10f60b99879cb38fe776ec5650ca313f34c,200796716110459392,4716.502969918016
142702,1427,MP,367,3670000,271384497,739890,0.4585512696725147,6.589525924006011,112282.73604699533,5872,0.0003093293732588368,56ae16d2f2197c95c884890fac5b5205f1629f19ef40ff6035b37ed7a5bd501d,201345655488671232,4723.464046031993
142702,1427,MP,368,3680000,272123774,739277,0.44149405350662085,6.48880263895262,113931.18902431731,5888,0.0003071183089188324,67691bd0ab3f9dcd1efae503a1eb76ea4a844937a1564d34fdfe593b9ad13dda,201894140069766144,4730.132576547039
142702,1427,MP,369,3690000,272862846,739072,0.44283291174129175,6.701236167980824,110288.90513236348,5904,0.00030491851636484964,f7606a6abc9d449bdb69edd54aef04c0e8a44ca84cdb26c85ba1190427feeeb1,202442472557208576,4737.0020270210225
142702,1427,MP,370,3700000,273602420,739574,0.4569665202233599,7.219437372987159,102442.05494007759,5920,0.0003027285284371871,1778ad71050178a3b696c12d8b1e54b4ed863af7ad47a3b7c6ac432d7170e690,202991177488619520,4744.324815902044
142702,1427,MP,371,3710000,274341937,739517,0.4553262536291637,6.391929375007749,115695.42725104085,5936,0.00030054539445114643,8e0ce0368f4fbbec45933b22738b946d6d956314ba223e9cf05b938716e73b6f,203539840130575872,4833.922094731999
142702,1427,MP,372,3720000,275081827,739890,0.45442491612386826,6.5314963719574735,113280.32013868466,5952,0.000298372199384054,4ca01df4f77d741297fd23c450ca5bf2553bf58d1b9a84b59cb41129a7e29e66,204088779508787712,4840.549043300038
142702,1427,MP,373,3730000,275821104,739277,0.43536873124122466,6.461432031006552,114413.80122121883,5968,0.000296203037446774,6a18aa0c88c4da84d95208c464df2de32d1285e6065f5ba855771c7e55c13716,204637264089882624,4847.141793320014
142702,1427,MP,374,3740000,276560176,739072,0.4377861662971383,6.556486151996069,112723.79485999457,5984,0.00029404545927619113,105b9486450a4c09ac2071097250e130619fe1bcd777f80386db332bd2b4e95d,205185596577325056,4853.832367066992
142702,1427,MP,375,3750000,277299750,739574,0.4527157166948785,6.5507872279849835,112898.49208359838,6000,0.0002918980242307879,a78db42c09e263c3cb8b2df92eefaa203bb68a3f3747c7f6a64922c79deb4a94,205734301508736000,4860.4975822670385
142702,1427,MP,376,3760000,278039267,739517,0.45157279226732505,6.390178282978013,115727.13111462096,6016,0.00028975783895957875,5d41e6c2c87fd417b20a8147e26473f567d9f82c3a8f948cda7d3845cbbf7c16,206282964150692352,4867.074750744039
142702,1427,MP,377,3770000,278779157,739890,0.4480946395007411,6.629164457030129,111611.35084156161,6032,0.0002876279277500044,dd2fcff0bdf9a221dcd1f5847341b6295bccfda53e2a50a5377d3cb889e29149,206831903528904192,4873.825878356001
142702,1427,MP,378,3780000,279518434,739277,0.4320848580010395,6.394667676999234,115608.35329396096,6048,0.00028550250354300756,7a53445a78039f198c42fb5db78f7cbea1ad0801e13ee9aa7766736bd49558fd,207380388109999104,4880.495637240005
142702,1427,MP,379,3790000,280257506,739072,0.43136339583816435,7.529142999032047,98161.50391817711,6064,0.0002833889652823598,daf72e64c18c9c4526a0863fd7f57e339f6924f9f1c419e72600ae35ed66abcb,207928720597441536,4888.616836033994
142702,1427,MP,380,3800000,280997080,739574,0.45215242935363936,7.259882693993859,101871.34299178878,6080,0.00028128590006365505,c82d72e6f6e63049cf2e1c1a687c170f267abace01e40073ce16d15f9c767131,208477425528852480,4896.717022581026
142702,1427,MP,381,3810000,281736597,739517,0.445692122184476,6.254942499974277,118229.22432988652,6096,0.00027919047431768324,0d2cd8b3650fb3492321ec91a2f4df41fa188e8958da0b3b14ab03a23601fb74,209026088170808832,4967.4595307499985
142702,1427,MP,382,3820000,282476487,739890,0.44690981159069837,6.331504876026884,116858.47432597924,6112,0.00027710564908315103,12154b16adfc52c08e32e459c89f592d6b41893b88986e09b55c1ce538ff63b8,209575027549020672,4973.897412008024
142702,1427,MP,383,3830000,283215764,739277,0.42897092664587366,6.257548255030997,118141.63788599308,6128,0.0002750257609275095,0e6d1f4630193fe489b53a974b30be8a6582f14e8b387345e26465c6ca086741,210123512130115584,4980.312218966021
142702,1427,MP,384,3840000,283954836,739072,0.4268741790794938,6.675021150964312,110722.04616059222,6144,0.000272958050841172,d5a564e2df3022aca4d46ab18cb6bd53750b009b3f5f44fff08ffee686362ef5,210671844617558016,4987.083800680994
142702,1427,MP,385,3850000,284694410,739574,0.447024091544158,7.483401625009719,98828.58585704191,6160,0.0002709011348523012,b6fa419791bc77c6dbffb979a8ca8e8f959ccbcd80fe4c78100dd85aa1ab34f4,211220549548968960,4995.038542874041
142702,1427,MP,386,3860000,285433927,739517,0.44344806754232524,6.37808309396496,115946.59227625026,6176,0.0002688522415709461,b221f09e45dd89a48c1b1f943f02641b6cd2e9895db82013d1195974cf33b1c4,211769212190925312,5002.796887668024
142702,1427,MP,387,3870000,286173817,739890,0.44202357978371865,6.907496189000085,107114.06561153744,6192,0.0002668142662817445,b7fd910d5a8f0b79d980c85be652bed89d6b8fa8cfa9f35dff666142ebb2741d,212318151569137152,5010.00825528102
142702,1427,MP,388,3880000,286913094,739277,0.42798508809878444,7.491989917005412,98675.65335639064,6208,0.0002647816739704846,89c45dbad8b0e138545900eec7cbbea26b71a32fa1269e1ed57291a5044b1521,212866636150232064,5018.523131959024
142702,1427,MP,389,3890000,287652166,739072,0.4223899420958553,9.08523869694909,81348.66068496223,6224,0.00026276154154762155,c62b506819c2fb618d97ecaa98d827c9e484924ea31102436f0e459436012d41,213414968637674496,5029.826099800994
142702,1427,MP,390,3900000,288391740,739574,0.4472600172274598,10.764924363989849,68702.20124109526,6240,0.00026075251514486475,ba36e963728a07d4fd9f23aa4d265e84487f4ac463cf05d8d8286e37834f8aee,213963673569085440,5043.158031002036
142702,1427,MP,391,3910000,289131257,739517,0.4418128146337862,6.551764905976597,112872.94501751794,6256,0.000258751887896395,1eedebf7d7f257c4d5e7930ae75e9fe7fc518cf87ebe95b4fd79cc9dc9a1bf98,214512336211041792,5116.762164211017
142702,1427,MP,392,3920000,289871147,739890,0.4369125786234813,9.268968548043631,79824.41586298899,6272,0.0002567624868830809,d721316a68989e6e1168dbe83840fbbfa2cd67c2e5ea4b6cdfb9a77b871856e6,215061275589253632,5126.5763621830265
142702,1427,MP,393,3930000,290610424,739277,0.42422287715471163,6.39971989399055,115517.08703598015,6288,0.0002547789101922231,4136faa52df0a0ec0fb0502c81e73310d550d79131e89a1fb7ecce3d163292a1,215609760170348544,5134.24025250203
142702,1427,MP,394,3940000,291349496,739072,0.42932167751466194,6.6851937039755285,110553.56549511664,6304,0.00025280806466654516,30922a4b3dd538865727f7938b7450609d68ee049b79e28349dcf0e391a00f33,216158092657790976,5141.12669573701
142702,1427,MP,395,3950000,292089070,739574,0.44271624456936826,7.038686954998411,105072.72233137224,6320,0.0002508486276868116,7977e2d23e215167418459c539f5d472065eb5b09e70a49ff7228d9ceab79ea1,216706797589201920,5148.367040465993
142702,1427,MP,396,3960000,292828587,739517,0.4375243496149824,6.651206722017378,111185.38799162404,6336,0.0002488979592016131,1761a9de39df635c8b052a3245afb6cda6d0ac6f0d63e465a7909d415a163dd9,217255460231158272,5155.627746632032
142702,1427,MP,397,3970000,293568477,739890,0.43817830485342113,7.131954567972571,103742.94913804134,6352,0.00024695881569605706,2d05089fc675b66c0cb9ab1c42dc7f63db4d7b70116f8a6d5b1e49cc1d2ee052,217804399609370112,5163.426568920026
142702,1427,MP,398,3980000,294307754,739277,0.42054902046591247,7.794575420964975,94845.06340288602,6368,0.0002450259329295132,e6ecf2b1a8bcf620168815760d1ad1eaaedfa72bd72e2d7718c69d4f9684b29e,218352884190465024,5172.740274109994
142702,1427,MP,399,3990000,295046826,739072,0.42169276777955544,8.882547351007815,83204.96033338283,6384,0.00024310604183309573,1141837957dfbbb9c3be2c623573e3944dd08dc18ff5b69376dfe9131634a838,218901216677907456,5184.010462212027
142702,1427,MP,400,4000000,295786400,739574,0.4392184978036759,8.268044168013148,89449.69148341201,6400,0.00024119785215569157,d44744e990dcc0b9934ca94f1229b159b33fadbe8b3bbd4fbbed8de08588e270,219449921609318400,5194.030215295032
142702,1427,MP,401,4010000,296525917,739517,0.43531276881102793,6.730003728007432,109883.59440611344,6416,0.00023929879289404928,49260e2f6898503cc2c398391ed87be72c4beca43409747686efc706eb46d542,219998584251274752,5226.384984571021
142702,1427,MP,402,4020000,297265807,739890,0.4344295235669212,7.604636645002756,97294.5894116065,6432,0.00023741154760525225,ec0d60f0a7cc231770e0d2bbc507a6e5c70856759c945238ec432d88045951d3,220547523629486592,5234.853607095021
142702,1427,MP,403,4030000,298005084,739277,0.420311332537521,7.989328422991093,92533.05920840152,6448,0.0002355309941748136,002257ed136f89bc7be6a49667c83cbfe8b59a38457fa96cb210fc0ff561e131,221096008210581504,5243.666748357995
142702,1427,MP,404,4040000,298744156,739072,0.4216240993370265,10.275147041014861,71928.11908675157,6464,0.00023366368192719774,6692690c81d78c7ee7570db04774eb8687be5fbd7cf0ba717407d9582526fc7f,221644340698023936,5256.22550573101
142702,1427,MP,405,4050000,299483730,739574,0.4393028651860907,8.352203413960524,88548.3702137592,6480,0.00023180835407109546,2f74b630bb2af74820218e512c7350fc1400cc7099d1b26a099e63d7e0480d8a,222193045629434880,5267.590003713034
142702,1427,MP,406,4060000,300223247,739517,0.4342489997813844,6.625483945012093,111617.05411070169,6496,0.00022996251082673806,025acddcace2382b61eafe3cdc6d02f56af75a5ff3823b33cf1cd9fab2aafd81,222741708271391232,5274.710662871017
142702,1427,MP,407,4070000,300963137,739890,0.4286339339551441,8.326772750995588,88856.75424629972,6512,0.00022812876055262876,b5116951cfc6a80e5e218db0649f5e2c01577e8e03712b83aa26c24dfc7cdeb1,223290647649603072,5283.740272873023
142702,1427,MP,408,4080000,301702414,739277,0.42031363732609256,6.788525911979377,108900.96164992673,6528,0.00022630212759424374,d8b702ff901df90d5477e8f2c4ab75558357c9e70fca782d85b6587490a47b76,223839132230697984,5292.220441461017
142702,1427,MP,409,4090000,302441486,739072,0.4198577234829261,7.266354353982024,101711.52740369485,6544,0.00022448897412801494,4d6b9556c73bdfa1d8f17ea9a303370502490e47d79ca421bb560ace982f2ac8,224387464718140416,5300.312254039047
142702,1427,MP,410,4100000,303181060,739574,0.4329065219755671,9.672624194005039,76460.53285708939,6560,0.0002226880778858086,b89d18cab20ca44b3ebc4a653ca53aa4fe4558f97e6b68777d21d1c6de7f4c13,224936169649551360,5311.4144252749975
142702,1427,MP,411,4110000,303920577,739517,0.4296481465767488,6.775895324011799,109139.37784418941,6576,0.00022089701242640177,861d6fe91491ef8482452b9e79d555568eda449271bff7c9dd2445e1c6aa8ad0,225484832291507712,5350.716238801018
142702,1427,MP,412,4120000,304660467,739890,0.42636338413928987,9.401763707050122,78696.93634665344,6592,0.00021911830870278583,ade2a363e07023e3d87858393515ee07e585b88c020e90b81162c6e37f963663,226033771669719552,5361.009088769031
142702,1427,MP,413,4130000,305399744,739277,0.4127708535441727,7.734306739992462,95584.1324701224,6608,0.00021734714173029995,2bb38347c2cba24c1b09aa016dbc70e72f27cf21e292b64ac6de6027370b1da9,226582256250814464,5370.983128554013
142702,1427,MP,414,4140000,306138816,739072,0.41215676254040234,10.718073993979488,68955.67248510773,6624,0.0002155896811543081,72cef94c071fb31a8724109e497c809ce2eb6602e1ac919d5324be9e073b8c40,227130588738256896,5383.860426435014
142702,1427,MP,415,4150000,306878390,739574,0.4343106833068702,8.263244093977846,89501.65232792684,6640,0.00021384474026401212,e10fceec4d0d7c871da50a692ae72e82f87aae6167e158c1a9f77a894288e76f,227679293669667840,5397.01414101501
142702,1427,MP,416,4160000,307617907,739517,0.4259641762969542,6.765286123030819,109310.5282690837,6656,0.00021210996800974675,9044cc8b08a8e8e05c7b4270d089e4b5958a91689703f1e15a4a759f2d10d680,228227956311624192,5404.451719744015
142702,1427,MP,417,4170000,308357797,739890,0.42473383493238437,7.222831664956175,102437.66355372888,6672,0.00021038781579755202,82b871543a6e43f8a8bd2ddbdf9e38d541291845e9fd8bb19e66cff8d9207f77,228776895689836032,5412.51407171
142702,1427,MP,418,4180000,309097074,739277,0.41302220585106514,8.184437246003654,90327.16334418455,6688,0.00020867361339504975,b7ed8cf5b9a22c7da8d503753103882a2541fb354482eaa4bd1e8cdca0b92ac3,229325380270930944,5421.2759491250035
142702,1427,MP,419,4190000,309836146,739072,0.4092599845052302,8.718221899995115,84773.24946276192,6704,0.00020697333269639907,5c85ed83cfc3dfaf7b87073e3546959f0768c4e893f9499084e41ba0a807335d,229873712758373376,5431.760013735038
142702,1427,MP,420,4200000,310575720,739574,0.4344036095693693,7.758943198015913,95318.90891908076,6720,0.00020528582355221404,3475384bda635b6e65939790066f8c45628e4c19cf784c10c7d179cc5aee0991,230422417689784320,5440.143451669021
142702,1427,MP,421,4210000,311315237,739517,0.42006905094408165,8.268463041982614,89438.2663676608,6736,0.00020360881229360906,c7b7c690d94c3f1a4f1d2d3fcf97a08ac424ea4260dceed26c5b43d26232a9ef,230971080331740672,5495.0043484910275
142702,1427,MP,422,4220000,312055127,739890,0.42181493557461835,6.675202527025249,110841.58076170404,6752,0.00020194466870553923,cd3dd9f4d96abe757bc430780c408206fa1cb5da6e8c11a59aee0cbe1e759f5e,231520019709952512,5503.024090978026
142702,1427,MP,423,4230000,312794404,739277,0.40923962192496816,6.309487038990483,117169.11302480214,6768,0.00020028888125939146,2f5434da4a46b649d36657f76a081935e599e6d4bf1091374d98634f5418862e,232068504291047424,5509.513279942039
142702,1427,MP,424,4240000,313533476,739072,0.4072721865728812,6.4218165360507555,115087.68521352205,6784,0.0001986472190453017,d77c99f581d21b931d656ad6948e3fb9367c6cfa03ec670863f7c564fea17ded,232616836778489856,5516.091354164004
142702,1427,MP,425,4250000,314273050,739574,0.4310220688318007,7.053119007963687,104857.72311015111,6800,0.0001970185694484369,8224aa62a0e730ddd06e2d5c687f4784bbe9dbd095c143485b0c80dd3eb65b5f,233165541709900800,5523.2497594720335
142702,1427,MP,426,4260000,315012567,739517,0.41517292693579066,7.350693216023501,100605.06924543587,6816,0.00019540073810444256,77c096742f822af621d3686197775672ff0497ad7c0c534664865ce5ba39edcc,233714204351857152,5531.354236402025
142702,1427,MP,427,4270000,315752457,739890,0.4217262530256274,10.56287218502257,70046.28921375319,6832,0.00019379601117211406,58e7fefb38171e176af0951ab68eed58e527513e9c0ec3b50bcc03bcb4a04821,234263143730068992,5544.509128411999
142702,1427,MP,428,4280000,316491734,739277,0.40445140610087554,7.636584478022996,96807.28369175173,6848,0.00019220003964380667,fd5e3b796395f7306ea270b2d83bd3a20a98f3cb75e480f49718c2d4caf400de,234811628311163904,5554.50418709201
142702,1427,MP,429,4290000,317230806,739072,0.4128496596195477,8.701339519000612,84937.72693113872,6864,0.00019061838492440738,eec090839676035dde218984df577a1f35f6dd47ab45bb46141f84ba4143ad42,235359960798606336,5564.645820828038
142702,1427,MP,430,4300000,317970380,739574,0.42705105991281606,9.607635182037484,76977.73551838374,6880,0.00018904997287501907,4d91f8cc01193faa867bcf7012ae41d278d3aedc9b95f0bd08238a6d9f4236fd,235908665730017280,5577.147468101
142702,1427,MP,431,4310000,318709897,739517,0.41896670789314516,6.286073221999686,117643.71395036812,6896,0.00018749269029246944,4c1046a5588a4c8fe642586364ed153e4710d123dc57915feabd92f1d5ff8595,236457328371973632,5634.702103028016
142702,1427,MP,432,4320000,319449787,739890,0.42371731718995104,6.371690368978307,116121.46183409734,6912,0.00018594873777507575,9bf800a6cd6b3080113cc900c17647892425845fbc1fc897ebe8f4ccb9b96a27,237006267750185472,5641.262855870009
142702,1427,MP,433,4330000,320189064,739277,0.40902923903163513,6.338849527994171,116626.36835519466,6928,0.00018441393251585658,92a5c912656b698db1adfc2f80bb86e823d419e53a85ec351854d35cb8799136,237554752331280384,5647.735201055999
142702,1427,MP,434,4340000,320928136,739072,0.41130804014238964,7.022283935977612,105246.6699920059,6944,0.00018289362352894568,decb02987c03fcc95d448a961705e8c381c1383e9b807fc417ca59773db16c0b,238103084818722816,5655.245115355996
142702,1427,MP,435,4350000,321667710,739574,0.420357530384772,9.168593690963462,80663.84277982805,6960,0.00018138677606021087,2747fde3cc96d4491b50b490155523f3b16c6fa5b08132f476393b282b43d363,238651789750133760,5665.136624935025
142702,1427,MP,436,4360000,322407227,739517,0.42041541400847365,7.991051448043436,92543.14088805755,6976,0.0001798913598556432,e04431765811dce11ab97b9aa2c9735dd5f9ffdecd64c503b05e8f6830487bf8,239200452392090112,5675.053596581041
142702,1427,MP,437,4370000,323147117,739890,0.419898480915247,7.076803745003417,104551.43687182224,6992,0.00017840948809115552,798e846433fc78c777439d3f75696e7243f64c40f282547336f9702966a03675,239749391770301952,5682.827060729032
142702,1427,MP,438,4380000,323886394,739277,0.40507206854225886,6.716397167998366,110070.47104397502,7008,0.00017693714769950202,edbbb6310ccd55f621bfec07289c41fe72f20a908fabef409c6f72bdfe90b149,240297876351396864,5690.054264397011
142702,1427,MP,439,4390000,324625466,739072,0.40972155113719017,8.268850634980481,89380.25762291987,7024,0.00017547947077826344,59ef1368ffce5e7ab7d30ba3939c57fc07e93969b3ad944d4631b8a8ca0c77e7,240846208838839296,5699.150640873995
142702,1427,MP,440,4400000,325365040,739574,0.41890971282186973,7.127360552025493,103765.48156944632,7040,0.00017403546283357773,2c3152a301ac34af3f69473f0e4d36a1e0d9f4710cc155f8f91652012ce4c0a6,241394913770250240,5706.399785824004
142702,1427,MP,441,4410000,326104557,739517,0.41863141651058566,6.218608205963392,118920.01803407285,7056,0.00017260317827839697,89ed0de83b7a8ff610bb11ef23a66c1a57a8f8ec6d879d4a809826f3a094e854,241943576412206592,5745.683132556034
142702,1427,MP,442,4420000,326844447,739890,0.4145546222121709,6.481679018004797,114150.97815623617,7072,0.00017118464107827158,57b45603be6ea12ee261e7d0ec7c05ac1ce37ccf74eb668d45cee46761b9e87b,242492515790418432,5752.266768677044
142702,1427,MP,443,4430000,327583724,739277,0.40571129457769056,6.619634000991937,111679.43724520435,7088,0.00016977601130114682,2c708307030e8ccd863c04ce0a7e30adf4b4324f15883bd7a10b1fdc82244686,243041000371513344,5758.994650084991
142702,1427,MP,444,4440000,328322796,739072,0.4134400050492282,7.429230727022514,99481.6323730203,7104,0.00016838219978578418,c618d66307f732e2d4cf61f01f74fa7d225042f962178b4dc1163c3187308a0f,243589332858955776,5767.2083058300195
142702,1427,MP,445,4450000,329062370,739574,0.41726844150354214,7.47580392495729,98929.02588456067,7120,0.0001670022531400321,5ec5bf4ade0ec4623de251aa66d01894ee806b276764131c9bf9252860bc666a,244138037790366720,5775.448215757031
142702,1427,MP,446,4460000,329801887,739517,0.41662601746767525,6.855566866986919,107871.02136821898,7136,0.00016563431208996477,5ac226337505c33cb84960c8e513a46077e605147b5ca7da5427d67d19b1f124,244686700432323072,5783.162952796032
142702,1427,MP,447,4470000,330541777,739890,0.41804568587402036,8.699717644019984,85047.58778103402,7152,0.00016428030967829355,2c9e5ec6e8c506c75a0fb015cab47f520e3088032350658281d908a9769d2408,245235639810534912,5794.169888599019
142702,1427,MP,448,4480000,331281054,739277,0.40312796895675795,7.693709941988345,96088.4937922345,7168,0.00016293658235712067,76cf2ec56ac0e971c72ade07ecc52790384e30bee053ade1ed8005ab13d30abc,245784124391629824,5803.308641195006
142702,1427,MP,449,4490000,332020126,739072,0.40751946878796597,8.970941179955844,82385.11268486969,7184,0.00016160781555132762,202c7e8fb884189a1370f4c5d652fd6cd4f59f3caf166da39b77ccc40d092e53,246332456879072256,5813.837948399014
142702,1427,MP,450,4500000,332759700,739574,0.41856022168170093,8.079181742970832,91540.70591906848,7200,0.00016029309777713946,7246936ac831cf45faef1548f597190b90dcd9a0778a38ec47178bfbd6e63db4,246881161810483200,5823.751256071031
142702,1427,MP,451,4510000,333499217,739517,0.4155037113721306,6.3482277049915865,116491.8831469326,7216,0.0001589906576468831,f0e5e267cd2f82ed33988d430222dd55103d454068166d5e75916adb2f8a793b,247429824452439552,5868.102790940029
142702,1427,MP,452,4520000,334239107,739890,0.41621365150250894,6.485741576994769,114079.47591134754,7232,0.000157702335644884,fa2415f0018c0931d5161863614156167fef22918580f2413d5ac2759e5efd17,247978763830651392,5874.77573423204
142702,1427,MP,453,4530000,334978384,739277,0.4054799409378752,6.4593656830256805,114450.40214129968,7248,0.0001564246477071284,908a8d75549b8d7891a11bbf7bdd5a260b5e6505a399ea0c6161fdd73651cc61,248527248411746304,5881.376812749018
142702,1427,MP,454,4540000,335717456,739072,0.4151191675398727,7.521327160007786,98263.50912240267,7264,0.00015516204988028098,93216eaa0d4fd45cfab4da404eba3a634e094b24623e6fef31339411a6912cf9,249075580899188736,5890.180321121006
142702,1427,MP,455,4550000,336457030,739574,0.41901748807531936,8.176726091012824,90448.670013892,7280,0.00015391367336014923,30e06d790b17687be028f24cc74ba31c1decbe3a321f0ae7294aa603e1d7cf27,249624285830599680,5898.966676971002
142702,1427,MP,456,4560000,337196547,739517,0.4139178258181352,6.791339236020576,108891.1883649806,7296,0.00015267783614408408,cef0d40a68c284f9fe993f188d927c144ac57cf143a56299dee332fda62aa4fd,250172948472556032,5907.934191714041
142702,1427,MP,457,4570000,337936437,739890,0.41941465932401734,7.328282314992975,100963.63215787344,7312,0.00015145628460079105,ced10926071ab41bd87c27396a428ae03493577a2fa6d342b46d8cb03484559f,250721887850767872,5916.265525568044
142702,1427,MP,458,4580000,338675714,739277,0.40658157016267843,6.855199691024609,107841.78919950679,7328,0.00015024571709800697,ae28bde03c037d6cd2ee95c07fcc6fe5612dd714abc464cc49354ce9d6801bd5,251270372431862784,5923.92885873199
142702,1427,MP,459,4590000,339414786,739072,0.4068039553178649,10.433566878025886,70835.98625859754,7344,0.00014905035653391894,2bacfcde2411f3acc71cd7afaa2a800fa1679bd2d132b450c3fe65dc17326df4,251818704919305216,5936.442253409012
142702,1427,MP,460,4600000,340154360,739574,0.41534583488203836,11.346166115021333,65182.722736702104,7360,0.0001478693775190121,89e321fa61f079288c5b7219a37511e2cb5d8a85830d4b841e7f458d5515fe54,252367409850716160,5948.985143761034
142702,1427,MP,461,4610000,340893877,739517,0.4132211809829206,6.373219792032614,116035.06926349789,7376,0.0001467011888588033,5e7609b8dd7086d7f1556bc42f7e431003eae7a12cad754eb372baf5e78e7b86,252916072492672512,5989.691477871034
142702,1427,MP,462,4620000,341633767,739890,0.4136211812254509,6.610745257989038,111922.32813779177,7392,0.00014554744132877636,5ddc9b56971bba5471d4bdb0aa9a7b0e4da2a43eecd2c33ca03a0b5abfaf7702,253465011870884352,5996.399490006035
142702,1427,MP,463,4630000,342373044,739277,0.3998439714365786,6.609913192980457,111843.67758189193,7408,0.00014440501852192874,c6688aba92c96abe02df9006a10151785db19092942b04ce3c492ad7bbda29e8,254013496451979264,6003.569492912036
142702,1427,MP,464,4640000,343112116,739072,0.3994987086003571,7.85279467998771,94115.79318169015,7424,0.0001432779066149769,8da3e5a75cffb68b146f32039074c141c6747aad440b1e994116a87308f8e5b7,254561828939421696,6011.932763466029
142702,1427,MP,465,4650000,343851690,739574,0.4126962233918446,7.845934656972531,94262.06466590374,7440,0.00014216532433144528,b3680cdadb4763eb782ac70b6e81e817e5bca136489ea4e7a2ba07bee0e55e71,255110533870832640,6020.572216563043
142702,1427,MP,466,4660000,344591207,739517,0.4121521192401225,6.6403376330272295,111367.37932147365,7456,0.00014106577263132627,b95ba1925624a2b67bbfdaea19ec1bcf99bfc47c0863e42c1d4137f6f740a50e,255659196512788992,6027.3212416670285
142702,1427,MP,467,4670000,345331097,739890,0.40760041416762,7.065817594004329,104713.99666867011,7472,0.0001399808053001609,f061b5313cdb69a5c1818365af1e0cbaf5e16176d2559cc4a2b99303648dce25,256208135891000832,6034.884227031027
142702,1427,MP,468,4680000,346070374,739277,0.3948646236857875,8.981954458984546,82306.91920960584,7488,0.00013890749379299883,b09382faf03b766d4b944a02a77024c472cbf66526baa0d952e532fe5db55724,256756620472095744,6044.652925886039
142702,1427,MP,469,4690000,346809446,739072,0.4026588744819061,7.31647769297706,101014.72744315484,7504,0.00013784958419238227,1d906c78dfb4754a0717e8ea03e8e7fd319564e6beea4dfb9096d3783d0eab65,257304952959538176,6052.699137289019
142702,1427,MP,470,4700000,347549020,739574,0.4098786178476831,7.434486104000825,99478.83278738023,7520,0.0001368063399959131,5d3e5808e0981daec6b83314490de433c2032016c73eaf0c06fc13dd14a5ada2,257853657890949120,6060.769925428031
142702,1427,MP,471,4710000,348288537,739517,0.4090794754565725,6.336039602989331,116715.96870245214,7536,0.0001357763555863966,845434825a885f8e9ac379ea8a2d2a406c7b6addeb4cdd35fc849593b0e3c65c,258402320532905472,6105.015303196036
142702,1427,MP,472,4720000,349028427,739890,0.40981966764059874,6.729878311045468,109941.06665876105,7552,0.0001347610864447733,a752bc673271a42f7f0dc69fc51ae905341125962569ee67d843b72d5fa3c507,258951259911117312,6111.920439258043
142702,1427,MP,473,4730000,349767704,739277,0.4109617483627937,6.661778398032766,110972.91981647268,7568,0.00013375779436598667,57d802f6fb33e63acdb9465bc5abd336144303038b85f416eef23b0a44c318f7,259499744492212224,6119.106376192009
142702,1427,MP,474,4740000,350506776,739072,0.3988780891829227,8.61252617702121,85813.61435764261,7584,0.00013276998216884455,ab143cf3df6ba74d865d67446713674a7e24252cad0fd867cbe576ad5619997d,260048076979654656,6128.234654095024
142702,1427,MP,475,4750000,351246350,739574,0.4075856450735647,6.766572744003497,109298.167326348,7600,0.000131796958748181,13a719eca9fcbb95b13948f9e19da6450caadebf946c076cac87d7d488a2171b,260596781911065600,6136.336909473001
142702,1427,MP,476,4760000,351985867,739517,0.41027080035723784,6.644969402987044,111289.75246561294,7616,0.00013083741309890642,1120c3a2bb2b29d1edabdf481a506cc16bcebbc55327720ac55eb5fc56cdd2b6,261145444553021952,6143.566297159006
142702,1427,MP,477,4770000,352725757,739890,0.4058369711999093,7.89828837296227,93677.25829469843,7632,0.00012989270116587907,6f3892902621fbca4f54abd2abf9a5ac254b280c343444677e2c7aebf491d8c7,261694383931233792,6151.97460879304
142702,1427,MP,478,4780000,353465034,739277,0.40470852199378476,6.441996434994508,114758.9893071138,7648,0.00012896027740073065,745237c3c532cbc6bb949396f3c151c3a6c581c12465bfb194d077a8e24e4623,262242868512328704,6159.796122588043
142702,1427,MP,479,4790000,354204106,739072,0.4019255659903958,7.010544446005952,105422.91054456751,7664,0.00012804339839480062,2cf68901f8df7ecd7f39eb7fd6db0f5ec14396b3a69164a8fee933340780b420,262791200999771136,6167.000024453038
142702,1427,MP,480,4800000,354943680,739574,0.4126389262366516,7.3762512949761,100264.20879989777,7680,0.0001271414190248989,8f47530f31c7787524085d3e2a8b5b3c504efb06c403ac0911eaba235423670e,263339905931182080,6175.04256703204
142702,1427,MP,481,4810000,355683197,739517,0.4018054147546507,6.592187080997974,112180.8272298071,7696,0.00012625312400728247,54a39ba9c02f010743d2429d22b841127cfca8671cb4453e511fbc89b15f373e,263888568573138432,6228.218137197022
142702,1427,MP,482,4820000,356423087,739890,0.40444295742561726,7.0633331530261785,104750.82853525113,7712,0.00012537976860346235,97a9b46e96ab66d3c9824251f257d5953aaa03bbfff3c135a7ae0fb50ce19e7a,264437507951350272,6235.8008839820395
142702,1427,MP,483,4830000,357162364,739277,0.40391834336521976,7.756402688974049,95311.83844424474,7728,0.0001245190020755465,a138b7f3fedd3060d74d0245a40823a9667e7ffb8250eae981586b6f51c4e302,264985992532445184,6243.788363558997
142702,1427,MP,484,4840000,357901436,739072,0.4026481017320677,6.794728377019055,108771.3826059139,7744,0.00012367383203200482,872b9f20f767b0c8e931a10d3c2c9785e865ba3468e529d5e8d2d5306e8ba750,265534325019887616,6251.9953753820155
142702,1427,MP,485,4850000,358641010,739574,0.418072068431534,7.693645093997475,96127.90698871855,7760,0.00012284365987746135,a0a27e20cf72cef5be7c9d95fef0f51886849d0300919e55c0bd9fac22557d3f,266083029951298560,6260.261678309005
142702,1427,MP,486,4860000,359380527,739517,0.4021205357955161,7.43073058500886,99521.43891368365,7776,0.00012202736707777156,76373e4cfdc5adf7f43df4221b44cb55327aca5bf7a2d9aa13f789277b3fd456,266631692593254912,6268.994612910028
142702,1427,MP,487,4870000,360120417,739890,0.4030825091226158,6.6602937310235575,111089.69512164342,7792,0.00012122610714902207,d00534bbe7bdd8c9bb3a1038cb2efa00626b5a5dcb6371820d41810611e34e62,267180631971466752,6275.771605924994
142702,1427,MP,488,4880000,360859694,739277,0.4078007500413751,6.312327513995115,117116.38826739308,7808,0.00012043772615275663,f8b59abbba5ead791c61c2fb24816f7d32852b438c14359d27c17af1dd4b19ee,267729116552561664,6282.202573634044
142702,1427,MP,489,4890000,361598766,739072,0.4058167771934678,6.489418122975621,113888.7934163672,7824,0.00011966498016983809,b0e15376af91272b463cd6f8dc632373da1ed139227a7479e07ec3e7fd63697d,268277449040004096,6288.808848340996
142702,1427,MP,490,4900000,362338340,739574,0.4118786008552515,7.263162295974325,101825.34409425432,7840,0.00011890731763917654,b2e50314ee050d6863b3dc515164a3471331afd1628dd65207b31cfd4ecdf9e7,268826153971415040,6296.281520209042
142702,1427,MP,491,4910000,363077857,739517,0.4012071975397583,6.980516230978537,105940.15908424206,7856,0.00011816371772261688,1ebf997ff40113667ef3a33b048c6d4d342e1151b9d422cb589c8f54baeade05,269374816613371392,6368.737795785011
142702,1427,MP,492,4920000,363817747,739890,0.4109843265303139,8.781124035012908,84259.14462087568,7872,0.00011743523121483215,384f959592eac233280b1d4ec43a2d99e25d9eda386690570d6a55dd139bae91,269923755991583232,6378.5678269730415
142702,1427,MP,493,4930000,364557024,739277,0.4120209768222427,6.317837201000657,117014.25289700546,7888,0.00011671990279924844,f9fbfc61f83cc53a3b7e94763070e4f1c559d893e07060562c75e5fcef330448,270472240572678144,6385.543427018041
142702,1427,MP,494,4940000,365296096,739072,0.401541706121707,6.745482019963674,109565.48365449205,7904,0.00011602023469720212,f706d1de2018d8d393b2e716f80166eb22f2be0c1289344da6bd8e498b90b54c,271020573060120576,6392.399533142045
142702,1427,MP,495,4950000,366035670,739574,0.41073124606520234,6.624869769031648,111636.00580605873,7920,0.00011533572284856511,88eca62ffe33be04b76eae9a8bebc97ecfd387f21e957b1ca0d41cf7c6b285e4,271569277991531520,6399.544322170026
142702,1427,MP,496,4960000,366775187,739517,0.4079252799225415,6.475784140988253,114197.29007322103,7936,0.00011466544497490278,a074b3db0fae93c48ed8406ac6c7c4e24c8cef27de698bc5870e93eb56a37cec,272117940633487872,6406.237996906042
142702,1427,MP,497,4970000,367515077,739890,0.41293957295539785,6.714036232035141,110200.4776902621,7952,0.00011401034826039719,05cc5471b6aba73279a9156b468351dadbb4fb997c202532e8c4cb4e568cf84b,272666880011699712,6413.133926925017
142702,1427,MP,498,4980000,368254354,739277,0.4007126694702191,6.552376514009666,112825.78136640172,7968,0.00011336867766474996,3d04110bba702eaa29cf01150e4ad3dd1a56bdebf2f7a800a20c3ab1f42197a0,273215364592794624,6419.904996852041
142702,1427,MP,499,4990000,368993426,739072,0.40396026544889696,6.856976523005869,107783.94785520069,7984,0.00011274267943264215,0a0fc513e821e22fac6c5063384dac715500a2999628d3f661f979de2d8661b9,273763697080237056,6426.9523130640155
142702,1427,MP,500,5000000,369733000,739574,0.409007450628352,7.785799166013021,94990.12037562273,8000,0.0001121318974313922,fd247d663ab2b7b875da4d59ac04c5040ef1034b49a8a0a1a8292a50b8823139,274312402011648000,6435.37157007202
142702,1427,MP,501,5010000,370472517,739517,0.3980255686020154,7.9070334829739295,93526.4788738265,8016,0.00011153550872262581,d15ec519067a003e4d107b6b97dedd3debdced385599ed04027359e38ef1d386,274861064653604352,6505.554430623015
142702,1427,MP,502,5020000,371212407,739890,0.4111750406210273,6.671356842969544,110905.47506534836,8032,0.00011095435607862186,dc22b475ba4a72174874cbf9e68609366ed778f6913f0ed2a899cc2831cbd12f,275410004031816192,6513.786204057047
142702,1427,MP,503,5030000,371951684,739277,0.3973532378480697,6.423802749952301,115084.01312688024,8048,0.00011038688622029674,47c9b33bda6adc01a971a11c991da2cece90a76f56bd87682311c158c978c7d8,275958488612911104,6520.428236683016
142702,1427,MP,504,5040000,372690756,739072,0.39512644317433376,6.7277206020080484,109854.74036769696,8064,0.00010983508751512853,168c03d59e39c010a8f8cf967fe0aa1dc1979bcce1f59d706a77a13cca9d7196,276506821100353536,6527.459291417035
142702,1427,MP,505,5050000,373430330,739574,0.4036731886142625,6.769386027008295,109252.7442000308,8080,0.00010929855214381653,0d71d1b056f677612dbfad3528ec501a4e05d819f61369b9194f13e083439732,277055526031764480,6534.424576874997
142702,1427,MP,506,5060000,374169847,739517,0.39396452177583013,6.589639317011461,112224.19990285393,8096,0.00010877655720433462,38f61b3777f06e9e914eca26f90b6a7481d9660c60f43949b72eb63e52286471,277604188673720832,6541.253825430002
142702,1427,MP,507,5070000,374909737,739890,0.40644194831843505,7.0858782139839604,104417.54397356551,8112,0.00010826984034398887,2889df247c267ba716d8cf4b4a47705763a364de360744a2937aac198a1106b6,278153128051932672,6548.494037465018
142702,1427,MP,508,5080000,375649014,739277,0.39526814583764214,7.47486488398863,98901.72083023896,8128,0.00010777705135913959,cbb17ff473e7e5e89db2dc0b37d7311afba6be5cbcfa790a86b520c7d3ab245e,278701612633027584,6556.474045041017
142702,1427,MP,509,5090000,376388086,739072,0.395754181971218,6.957941793021746,106219.91703656239,8144,0.00010729991905770475,e9593c2e7021b45983e3c7ec4eaed47b41a351295320b8e947aa0e1774313354,279249945120470016,6565.40672147501
142702,1427,MP,510,5100000,377127660,739574,0.3987063188205203,7.669943413056899,96424.96172018544,8160,0.00010683808427882017,ed4ce5398457ebfe36e0fe9a6860cac88e3b220a1650e40c95218140b65c7eba,279798650051880960,6573.525955366029
142702,1427,MP,511,5110000,377867177,739517,0.39988032409754565,8.799413139000535,84041.6273583441,8176,0.00010639092476845516,1609f2960c16593760298e87b230e409fa1b92d2b4119ab8d5c4059e8af40677,280347312693837312,6636.61459752603
142702,1427,MP,512,5120000,378607067,739890,0.4044149761327943,7.557826645032037,97897.19118344023,8192,0.00010595907242481982,8af4f3a0b7d91138fa0955ea5ff628bb87d6cf780fa8adea493b1c1f52869bc6,280896252072049152,6646.702929988038
142702,1427,MP,513,5130000,379346344,739277,0.3975514760174157,7.143446462985594,103490.24155645736,8208,0.00010554138126212556,430b69085c56b36f9bb27ad68031e47c5ddcaf44558cf24beca16e788e338f41,281444736653144064,6654.059136363037
142702,1427,MP,514,5140000,380085416,739072,0.404422358994588,6.96947726100916,106044.1080903942,8224,0.00010513931906598584,44d643bfefa0a906f245c65f8bec0e4901d3db2bf240e0afe31b5ce14dbe92b9,281993069140586496,6661.511476944026
142702,1427,MP,515,5150000,380824990,739574,0.397322902205004,8.37262608204037,88332.38135241903,8240,0.00010475257563785915,db0808587c9c4cc71acf6465165bd9fdebdf58ff0e985047bbb712ed37177501,282541774071997440,6670.218949194008
142702,1427,MP,516,5160000,381564507,739517,0.41062882425293673,6.588192496972624,112248.84523939145,8256,0.00010438062989819927,8548e43bdf273bce4dcb256b06a62a1b506ac9ae118173868b712167f3a3c835,283090436713953792,6676.982294491027
142702,1427,MP,517,5170000,382304397,739890,0.40534201124692465,7.114624929963611,103995.64380181379,8272,0.00010402400746147128,03fdc52f12fb7fe1f5d89adaaa144902e92aeb08e3d1d6d809cfeedd19646202,283639376092165632,6684.62404715101
142702,1427,MP,518,5180000,383043674,739277,0.3956832664915548,7.957903995004017,92898.45673736691,8288,0.00010368176752935607,00f34ef25bf9733eafae6dec81d292a251b9c9cb6fa38b8c1cd04137a2d2e155,284187860673260544,6694.114834155014
142702,1427,MP,519,5190000,383782746,739072,0.40043975211032173,6.593015915947035,112099.22885402865,8304,0.00010335511562326961,7699a4927faa4f15a534a7e76868e214339b222694af972060a494aa4af53a36,284736193160702976,6700.8631170029985
142702,1427,MP,520,5200000,384522320,739574,0.40421158998608486,6.925293105014134,106793.1694421027,8320,0.00010304379076945177,0011b19cc69032f786e23004fc6236076bdf7a7216113f7d74b87c4b5f504cfd,285284898092113920,6707.982933911029
142702,1427,MP,521,5210000,385261837,739517,0.4042058576857094,6.718066729954444,110078.8410901978,8336,0.00010274737350372622,a734f744297b3c8103def52bd62d445f8b68f3e02d24d40fabe33a1508cbbfaa,285833560734070272,6755.456462108006
142702,1427,MP,522,5220000,386001727,739890,0.40410706584787,8.752917168021668,84530.6754076401,8352,0.00010246628271209065,f20e2769545c0a4b07328d67493d02aaeea949539f6c153ce10d6a200731b4d6,286382500112282112,6765.715897091024
142702,1427,MP,523,5230000,386741004,739277,0.399876734118287,7.046477192023303,104914.41040025935,8368,0.0001021997835797048,bde6d18719fd4675b8b76cb9ffcfa11f2cef011120a36315a999a42439bb70f4,286930984693377024,6774.830153995019
142702,1427,MP,524,5240000,387480076,739072,0.3970871758081114,8.724613062979188,84711.149327192,8384,0.00010194881834379561,48f2f7c90c9d606e6360fb95254b4723524e5b61d56ae482e6097cfa334e10dc,287479317180819456,6786.5903101090225
142702,1427,MP,525,5250000,388219650,739574,0.40091953329486696,6.944572215958033,106496.69655684798,8400,0.00010171317547619426,18fa43be53136804aaa17f7e98f7d6895975ba12e92988bb43b72a49d92b8001,288028022112230400,6794.156825873011
142702,1427,MP,526,5260000,388959167,739517,0.4042275317369785,7.450600842013955,99256.02185395062,8416,0.0001014925374830028,a9c05835e9594d32948a5cd20bcd6a55b43c68561b4153abf1cb3da8ce20a7ba,288576684754186752,6802.1000163070275
142702,1427,MP,527,5270000,389699057,739890,0.40063846477461484,7.069726103974972,104656.1053594417,8432,0.00010128721616733228,c0bd7c1a8ab9c1b9803d6e0c9f0eb1d81f6b3760f3eaf665ab483680634ca82a,289125624132398592,6810.675600473012
142702,1427,MP,528,5280000,390438334,739277,0.40586772677113686,6.5244550200295635,113308.62083200479,8448,0.00010109668331954785,d40aac75df7804d2610fb5f2815217d2f2ff0a6096e246a9778baa47dc166a77,289674108713493504,6817.371075086994
142702,1427,MP,529,5290000,391177406,739072,0.401232887561403,6.606106039020233,111877.10212862607,8464,0.00010092161709546073,5ff5661da8cd67303a9637081549b51ff8ae46f9355b648606219cca23570e13,290222441200935936,6824.2469555440475
142702,1427,MP,530,5300000,391916980,739574,0.40360619521041247,7.035627042991109,105118.42021767818,8480,0.00010076185559146747,8ee3f02ecd779a3404c7e33d3aa2ffe4023f04432c4a9dd7e8d4dc866230e341,290771146132346880,6831.389863863995
142702,1427,MP,531,5310000,392656497,739517,0.40019105500542135,7.480154049000703,98863.8730105825,8496,0.00010061718355257985,4a863ccfc89381fd25b8ccf9d5caeb4238edf4b14661797af6384b439632ca25,291319808774303232,6867.842998395034
142702,1427,MP,532,5320000,393396387,739890,0.40822889821539926,7.504758880008012,98589.44328924397,8512,0.00010048780543520584,b1e2860a75c0e89dd1ac96493e430e0145de9de14693d566f54ba543d0a6da98,291868748152515072,6875.955609616998
142702,1427,MP,533,5330000,394135664,739277,0.4079247009499291,6.826729666034225,108291.52993683134,8528,0.00010037340008183396,4d8fa1bb53a2e1fe1fd99d27cae03a03afe0eb1dced52cbc8c69dd3cc7c219d8,292417232733609984,6883.438486799016
142702,1427,MP,534,5340000,394874736,739072,0.3977100658177256,8.048827695951331,91823.5584011524,8544,0.00010027438099307244,4c29c7e998203f832a6244f418803a985a6e61e3a558b0be034fafcf34e97145,292965565221052416,6892.220938567014
142702,1427,MP,535,5350000,395614310,739574,0.4109357541444661,7.410357074986678,99802.7480344231,8560,0.00010019063602686942,af2a02094052690203fe07d4c283de5d97fae20b960cfbb9db34cc38e72928ff,293514270152463360,6901.809491132037
142702,1427,MP,536,5360000,396353827,739517,0.39706912824968643,7.712404593999963,95886.69668281196,8576,0.00010012205234927402,079ae9d06b178a1cca14947807a3735f28f8e151c9cf9be7a3161965e90a79bb,294062932794419712,6910.791724539013
142702,1427,MP,537,5370000,397093717,739890,0.407678464970894,9.081313212984242,81473.89949529801,8592,0.00010006872689700035,02e0d0bec01f966686d9b48dd47393ba861eb24c636c3c2e4ad33785c82b07f4,294611872172631552,6922.120924446033
142702,1427,MP,538,5380000,397832994,739277,0.405128566102079,7.516460234008264,98354.40845614234,8608,0.00010003054583639174,d5688dcdbd261c346fd0fe361486813aed03ddb67c2e6bcaf5dd6357d8460899,295160356753726464,6931.648281073023
142702,1427,MP,539,5390000,398572066,739072,0.39366946361409283,6.720966560009401,109965.13572877622,8624,0.00010000765766299047,1fe4b739fd165dce1e5a50239763056728ec62d8c137c6200220bf4a0efd4598,295708689241168896,6938.72615394101
142702,1427,MP,540,5400000,399311640,739574,0.40526480245941016,7.2037833200301975,102664.6648218314,8640,0.00010000000009117992,92cc8a4e286127d42b94f7089c90acb46ee6d95dc7bbf6ae9d84f4c615dfa6aa,296257394172579840,6946.437039635028
