arm,kind,train_arm,world,seed,person,attempt,accepted,E_joint,joint,U_broken,E_NLL
func-hard-gn,coherent,baseline,5000,0,0,0,0,0,0,0,8.220419883728027
func-hard-gn,coherent,baseline,5000,0,0,1,1,0,0,0,7.614382743835449
func-hard-gn,coherent,baseline,5000,0,0,2,2,0,0,0,6.895702838897705
func-hard-gn,coherent,baseline,5000,0,0,4,4,0,0,0,4.35012149810791
func-hard-gn,coherent,baseline,5000,0,0,8,8,0,0,0,1.894921064376831
func-hard-gn,coherent,baseline,5000,0,0,16,16,1,0,1,0.006503400392830372
func-hard-gn,coherent,baseline,5000,0,0,32,32,1,1,0,0.0025322383735328913
func-hard-gn,coherent,baseline,5000,0,0,64,64,1,1,0,0.0014178233686834574
func-hard-gn,coherent,baseline,5000,0,0,128,128,1,1,0,0.001408776268362999
func-hard-gn,coherent,baseline,5000,0,0,256,256,1,1,0,0.0014066335279494524
func-hard-gn,coherent,baseline,5000,0,0,512,512,1,1,0,0.0014059788081794977
func-hard-gn,coherent,baseline,5000,0,0,1024,1024,1,1,0,0.0014055026695132256
func-hard-gn,independent,baseline,5000,0,0,0,0,0,0,0,8.604720115661621
func-hard-gn,independent,baseline,5000,0,0,1,1,0,0,1,7.518672466278076
func-hard-gn,independent,baseline,5000,0,0,2,2,0,0,1,6.093883037567139
func-hard-gn,independent,baseline,5000,0,0,4,4,0,0,1,3.963832139968872
func-hard-gn,independent,baseline,5000,0,0,8,8,1,0,2,0.015003486536443233
func-hard-gn,independent,baseline,5000,0,0,16,16,1,0,2,0.005051807966083288
func-hard-gn,independent,baseline,5000,0,0,32,32,1,0,2,0.0015898176934570074
func-hard-gn,independent,baseline,5000,0,0,64,64,1,0,1,0.0014856713823974133
func-hard-gn,independent,baseline,5000,0,0,128,128,1,0,1,0.0014829335268586874
func-hard-gn,independent,baseline,5000,0,0,256,256,1,1,0,0.0014821598306298256
func-hard-gn,independent,baseline,5000,0,0,512,512,1,1,0,0.0014818026684224606
func-hard-gn,independent,baseline,5000,0,0,1024,1024,1,1,0,0.0014815645990893245
func-hard-gn,coherent,baseline,5000,0,1,0,0,0,0,0,8.329646110534668
func-hard-gn,coherent,baseline,5000,0,1,1,1,0,0,0,7.739223480224609
func-hard-gn,coherent,baseline,5000,0,1,2,2,0,0,0,6.057416915893555
func-hard-gn,coherent,baseline,5000,0,1,4,4,0,0,1,3.473567485809326
func-hard-gn,coherent,baseline,5000,0,1,8,8,0,0,3,0.986176073551178
func-hard-gn,coherent,baseline,5000,0,1,16,16,1,0,3,0.0018085306510329247
func-hard-gn,coherent,baseline,5000,0,1,32,32,1,0,3,0.0015844658482819796
func-hard-gn,coherent,baseline,5000,0,1,64,64,1,0,3,0.0015621493803337216
func-hard-gn,coherent,baseline,5000,0,1,128,128,1,0,3,0.0015600069891661406
func-hard-gn,coherent,baseline,5000,0,1,256,256,1,0,3,0.001559173921123147
func-hard-gn,coherent,baseline,5000,0,1,512,512,1,0,3,0.001558578689582646
func-hard-gn,coherent,baseline,5000,0,1,1024,1024,1,0,3,0.0015581026673316956
func-hard-gn,independent,baseline,5000,0,1,0,0,0,0,0,8.410439491271973
func-hard-gn,independent,baseline,5000,0,1,1,1,0,0,0,8.126211166381836
func-hard-gn,independent,baseline,5000,0,1,2,2,0,0,0,7.710346221923828
func-hard-gn,independent,baseline,5000,0,1,4,4,0,0,1,3.7819135189056396
func-hard-gn,independent,baseline,5000,0,1,8,8,1,0,3,0.023801030591130257
func-hard-gn,independent,baseline,5000,0,1,16,16,1,0,3,0.002808332908898592
func-hard-gn,independent,baseline,5000,0,1,32,32,1,0,3,0.0016035086009651423
func-hard-gn,independent,baseline,5000,0,1,64,64,1,0,2,0.0015573883429169655
func-hard-gn,independent,baseline,5000,0,1,128,128,1,0,1,0.0015510206576436758
func-hard-gn,independent,baseline,5000,0,1,256,256,1,0,1,0.001545485807582736
func-hard-gn,independent,baseline,5000,0,1,512,512,1,0,1,0.001543224323540926
func-hard-gn,independent,baseline,5000,0,1,1024,1024,1,0,1,0.0015423912554979324
func-hard-gn,coherent,baseline,5000,0,2,0,0,0,0,0,8.842918395996094
func-hard-gn,coherent,baseline,5000,0,2,1,1,0,0,0,7.619538307189941
func-hard-gn,coherent,baseline,5000,0,2,2,2,0,0,1,4.826304912567139
func-hard-gn,coherent,baseline,5000,0,2,4,4,1,0,2,0.01093333400785923
func-hard-gn,coherent,baseline,5000,0,2,8,8,1,0,3,0.002776715438812971
func-hard-gn,coherent,baseline,5000,0,2,16,16,1,0,2,0.001897898968309164
func-hard-gn,coherent,baseline,5000,0,2,32,32,1,0,2,0.0015731588937342167
func-hard-gn,coherent,baseline,5000,0,2,64,64,1,0,1,0.0015297150239348412
func-hard-gn,coherent,baseline,5000,0,2,128,128,1,0,1,0.0015252515440806746
func-hard-gn,coherent,baseline,5000,0,2,256,256,1,0,1,0.0015241208020597696
func-hard-gn,coherent,baseline,5000,0,2,512,512,1,0,1,0.0015235256869345903
func-hard-gn,coherent,baseline,5000,0,2,1024,1024,1,0,2,0.0015231685247272253
func-hard-gn,independent,baseline,5000,0,2,0,0,0,0,0,8.394462585449219
func-hard-gn,independent,baseline,5000,0,2,1,1,0,0,1,6.046337127685547
func-hard-gn,independent,baseline,5000,0,2,2,2,0,0,1,2.746398687362671
func-hard-gn,independent,baseline,5000,0,2,4,4,0,0,1,0.41085052490234375
func-hard-gn,independent,baseline,5000,0,2,8,8,1,0,1,0.026164628565311432
func-hard-gn,independent,baseline,5000,0,2,16,16,1,0,1,0.005251324735581875
func-hard-gn,independent,baseline,5000,0,2,32,32,1,0,1,0.001527388347312808
func-hard-gn,independent,baseline,5000,0,2,64,64,1,0,1,0.0014754356816411018
func-hard-gn,independent,baseline,5000,0,2,128,128,1,1,0,0.0014704957138746977
func-hard-gn,independent,baseline,5000,0,2,256,256,1,1,0,0.0014671627432107925
func-hard-gn,independent,baseline,5000,0,2,512,512,1,1,0,0.0014657936990261078
func-hard-gn,independent,baseline,5000,0,2,1024,1024,1,1,0,0.0014650796074420214
func-soft-gn,coherent,baseline,5000,0,0,0,0,0,0,0,8.220419883728027
func-soft-gn,coherent,baseline,5000,0,0,1,1,0,0,1,6.655625343322754
func-soft-gn,coherent,baseline,5000,0,0,2,2,0,0,0,2.72662091255188
func-soft-gn,coherent,baseline,5000,0,0,4,4,1,0,1,0.006766263395547867
func-soft-gn,coherent,baseline,5000,0,0,8,8,1,0,1,0.0036993916146457195
func-soft-gn,coherent,baseline,5000,0,0,16,16,1,1,0,0.001563518075272441
func-soft-gn,coherent,baseline,5000,0,0,32,32,1,0,1,0.0014303225325420499
func-soft-gn,coherent,baseline,5000,0,0,64,64,1,1,0,0.0014127641916275024
func-soft-gn,coherent,baseline,5000,0,0,128,128,1,1,0,0.0014093120116740465
func-soft-gn,coherent,baseline,5000,0,0,256,256,1,1,0,0.0014076454099267721
func-soft-gn,coherent,baseline,5000,0,0,512,512,1,1,0,0.0014064549468457699
func-soft-gn,coherent,baseline,5000,0,0,1024,1024,1,1,0,0.0014058002270758152
func-soft-gn,independent,baseline,5000,0,0,0,0,0,0,0,8.604720115661621
func-soft-gn,independent,baseline,5000,0,0,1,1,0,0,0,7.575702667236328
func-soft-gn,independent,baseline,5000,0,0,2,2,0,0,2,4.087540626525879
func-soft-gn,independent,baseline,5000,0,0,4,4,1,0,2,0.07843423634767532
func-soft-gn,independent,baseline,5000,0,0,8,8,1,0,2,0.008113273419439793
func-soft-gn,independent,baseline,5000,0,0,16,16,1,0,2,0.0021145383361727
func-soft-gn,independent,baseline,5000,0,0,32,32,1,0,2,0.001675191568210721
func-soft-gn,independent,baseline,5000,0,0,64,64,1,0,2,0.0014855521731078625
func-soft-gn,independent,baseline,5000,0,0,128,128,1,0,1,0.0014831715961918235
func-soft-gn,independent,baseline,5000,0,0,256,256,1,0,1,0.0014822788070887327
func-soft-gn,independent,baseline,5000,0,0,512,512,1,0,1,0.0014817430637776852
func-soft-gn,independent,baseline,5000,0,0,1024,1024,1,0,1,0.0014816835755482316
func-soft-gn,coherent,baseline,5000,0,1,0,0,0,0,0,8.329646110534668
func-soft-gn,coherent,baseline,5000,0,1,1,1,0,0,0,7.7981719970703125
func-soft-gn,coherent,baseline,5000,0,1,2,2,0,0,1,3.5478720664978027
func-soft-gn,coherent,baseline,5000,0,1,4,4,1,0,2,0.2723887264728546
func-soft-gn,coherent,baseline,5000,0,1,8,8,1,0,1,0.07107201218605042
func-soft-gn,coherent,baseline,5000,0,1,16,16,1,0,3,0.0015743491239845753
func-soft-gn,coherent,baseline,5000,0,1,32,32,1,0,3,0.0015653035370633006
func-soft-gn,coherent,baseline,5000,0,1,64,64,1,0,3,0.001561970915645361
func-soft-gn,coherent,baseline,5000,0,1,128,128,1,0,3,0.0015603641513735056
func-soft-gn,coherent,baseline,5000,0,1,256,256,1,0,3,0.0015592928975820541
func-soft-gn,coherent,baseline,5000,0,1,512,512,1,0,3,0.001558578689582646
func-soft-gn,coherent,baseline,5000,0,1,1024,1024,1,0,3,0.0015581621555611491
func-soft-gn,independent,baseline,5000,0,1,0,0,0,0,0,8.410439491271973
func-soft-gn,independent,baseline,5000,0,1,1,1,0,0,0,8.140865325927734
func-soft-gn,independent,baseline,5000,0,1,2,2,0,0,0,7.78238582611084
func-soft-gn,independent,baseline,5000,0,1,4,4,0,0,3,3.638878583908081
func-soft-gn,independent,baseline,5000,0,1,8,8,1,0,3,0.02362140640616417
func-soft-gn,independent,baseline,5000,0,1,16,16,1,0,3,0.002410779008641839
func-soft-gn,independent,baseline,5000,0,1,32,32,1,0,2,0.0015963679179549217
func-soft-gn,independent,baseline,5000,0,1,64,64,1,0,1,0.0015631611458957195
func-soft-gn,independent,baseline,5000,0,1,128,128,1,0,1,0.001555127091705799
func-soft-gn,independent,baseline,5000,0,1,256,256,1,0,1,0.0015472713857889175
func-soft-gn,independent,baseline,5000,0,1,512,512,1,0,1,0.0015438790433108807
func-soft-gn,independent,baseline,5000,0,1,1024,1024,1,0,1,0.0015427483012899756
func-soft-gn,coherent,baseline,5000,0,2,0,0,0,0,0,8.842918395996094
func-soft-gn,coherent,baseline,5000,0,2,1,1,0,0,0,7.881865501403809
func-soft-gn,coherent,baseline,5000,0,2,2,2,0,0,1,1.6200851202011108
func-soft-gn,coherent,baseline,5000,0,2,4,4,1,0,2,0.19483105838298798
func-soft-gn,coherent,baseline,5000,0,2,8,8,1,0,2,0.013255072757601738
func-soft-gn,coherent,baseline,5000,0,2,16,16,1,0,2,0.0028596906922757626
func-soft-gn,coherent,baseline,5000,0,2,32,32,1,0,2,0.0015913096722215414
func-soft-gn,coherent,baseline,5000,0,2,64,64,1,0,1,0.0015325122512876987
func-soft-gn,coherent,baseline,5000,0,2,128,128,1,0,1,0.0015260252403095365
func-soft-gn,coherent,baseline,5000,0,2,256,256,1,0,2,0.0015244183596223593
func-soft-gn,coherent,baseline,5000,0,2,512,512,1,0,2,0.0015235256869345903
func-soft-gn,coherent,baseline,5000,0,2,1024,1024,1,0,1,0.0015231685247272253
func-soft-gn,independent,baseline,5000,0,2,0,0,0,0,0,8.394462585449219
func-soft-gn,independent,baseline,5000,0,2,1,1,0,0,1,6.311132431030273
func-soft-gn,independent,baseline,5000,0,2,2,2,0,0,2,1.3585848808288574
func-soft-gn,independent,baseline,5000,0,2,4,4,0,0,2,0.4981521964073181
func-soft-gn,independent,baseline,5000,0,2,8,8,1,0,1,0.01152010541409254
func-soft-gn,independent,baseline,5000,0,2,16,16,1,0,1,0.0015849927440285683
func-soft-gn,independent,baseline,5000,0,2,32,32,1,0,1,0.0014750785194337368
func-soft-gn,independent,baseline,5000,0,2,64,64,1,0,1,0.0014693648554384708
func-soft-gn,independent,baseline,5000,0,2,128,128,1,1,0,0.0014672817196696997
func-soft-gn,independent,baseline,5000,0,2,256,256,1,1,0,0.0014660318847745657
func-soft-gn,independent,baseline,5000,0,2,512,512,1,1,0,0.0014653176767751575
func-soft-gn,independent,baseline,5000,0,2,1024,1024,1,1,0,0.0014648414216935635
func-hard-gn,coherent,up-0.25,5000,0,0,0,0,0,0,0,8.443144798278809
func-hard-gn,coherent,up-0.25,5000,0,0,1,1,0,0,0,7.792804718017578
func-hard-gn,coherent,up-0.25,5000,0,0,2,2,0,0,0,5.816718578338623
func-hard-gn,coherent,up-0.25,5000,0,0,4,4,0,0,1,3.651881456375122
func-hard-gn,coherent,up-0.25,5000,0,0,8,8,0,0,3,0.5406139492988586
func-hard-gn,coherent,up-0.25,5000,0,0,16,16,1,0,2,0.027350448071956635
func-hard-gn,coherent,up-0.25,5000,0,0,32,32,1,0,1,0.005026191007345915
func-hard-gn,coherent,up-0.25,5000,0,0,64,64,1,1,0,0.0015070997178554535
func-hard-gn,coherent,up-0.25,5000,0,0,128,128,1,0,1,0.0014754373114556074
func-hard-gn,coherent,up-0.25,5000,0,0,256,256,1,0,1,0.0014709734823554754
func-hard-gn,coherent,up-0.25,5000,0,0,512,512,1,0,1,0.0014687117654830217
func-hard-gn,coherent,up-0.25,5000,0,0,1024,1024,1,0,1,0.0014666288625448942
func-hard-gn,coherent,up-0.25,5000,0,0,1198,1024,1,0,1,0.0014666288625448942
func-hard-gn,independent,up-0.25,5000,0,0,0,0,0,0,0,8.474790573120117
func-hard-gn,independent,up-0.25,5000,0,0,1,1,0,0,0,8.114866256713867
func-hard-gn,independent,up-0.25,5000,0,0,2,2,0,0,0,7.34471321105957
func-hard-gn,independent,up-0.25,5000,0,0,4,4,0,0,0,3.267008066177368
func-hard-gn,independent,up-0.25,5000,0,0,8,8,0,0,1,1.324965238571167
func-hard-gn,independent,up-0.25,5000,0,0,16,16,0,0,1,0.8979983329772949
func-hard-gn,independent,up-0.25,5000,0,0,32,32,1,0,1,0.034350842237472534
func-hard-gn,independent,up-0.25,5000,0,0,64,64,1,0,1,0.009837344288825989
func-hard-gn,independent,up-0.25,5000,0,0,128,128,1,1,0,0.0015379860997200012
func-hard-gn,independent,up-0.25,5000,0,0,256,256,1,1,0,0.0015272140735760331
func-hard-gn,independent,up-0.25,5000,0,0,512,512,1,1,0,0.0015236432664096355
func-hard-gn,independent,up-0.25,5000,0,0,1024,1024,1,1,0,0.0015200129710137844
func-hard-gn,independent,up-0.25,5000,0,0,1198,1024,1,1,0,0.0015200129710137844
func-hard-gn,coherent,up-0.25,5000,0,1,0,0,0,0,0,8.570649147033691
func-hard-gn,coherent,up-0.25,5000,0,1,1,1,0,0,1,7.796828269958496
func-hard-gn,coherent,up-0.25,5000,0,1,2,2,0,0,2,5.1919097900390625
func-hard-gn,coherent,up-0.25,5000,0,1,4,4,0,0,2,3.2548282146453857
func-hard-gn,coherent,up-0.25,5000,0,1,8,8,0,0,4,1.1735135316848755
func-hard-gn,coherent,up-0.25,5000,0,1,16,16,1,0,4,0.0058460235595703125
func-hard-gn,coherent,up-0.25,5000,0,1,32,32,1,0,3,0.003482535947114229
func-hard-gn,coherent,up-0.25,5000,0,1,64,64,1,0,3,0.0015761940740048885
func-hard-gn,coherent,up-0.25,5000,0,1,128,128,1,0,3,0.0015719688963145018
func-hard-gn,coherent,up-0.25,5000,0,1,256,256,1,0,2,0.0015705404803156853
func-hard-gn,coherent,up-0.25,5000,0,1,512,512,1,0,2,0.0015697074122726917
func-hard-gn,coherent,up-0.25,5000,0,1,1024,1024,1,0,2,0.0015689933206886053
func-hard-gn,coherent,up-0.25,5000,0,1,1198,1024,1,0,2,0.0015689933206886053
func-hard-gn,independent,up-0.25,5000,0,1,0,0,0,0,0,8.685874938964844
func-hard-gn,independent,up-0.25,5000,0,1,1,1,0,0,1,8.426056861877441
func-hard-gn,independent,up-0.25,5000,0,1,2,2,0,0,1,7.310225009918213
func-hard-gn,independent,up-0.25,5000,0,1,4,4,0,0,3,4.274921894073486
func-hard-gn,independent,up-0.25,5000,0,1,8,8,0,0,2,4.005217552185059
func-hard-gn,independent,up-0.25,5000,0,1,16,16,1,0,4,0.008891815319657326
func-hard-gn,independent,up-0.25,5000,0,1,32,32,1,0,3,0.002783174393698573
func-hard-gn,independent,up-0.25,5000,0,1,64,64,1,0,3,0.0016350471414625645
func-hard-gn,independent,up-0.25,5000,0,1,128,128,1,0,3,0.0016199919627979398
func-hard-gn,independent,up-0.25,5000,0,1,256,256,1,0,2,0.00161302974447608
func-hard-gn,independent,up-0.25,5000,0,1,512,512,1,0,2,0.0016089831478893757
func-hard-gn,independent,up-0.25,5000,0,1,1024,1024,1,0,2,0.001607019454240799
func-hard-gn,independent,up-0.25,5000,0,1,1198,1024,1,0,2,0.001607019454240799
func-hard-gn,coherent,up-0.25,5000,0,2,0,0,0,0,0,8.835575103759766
func-hard-gn,coherent,up-0.25,5000,0,2,1,1,0,0,0,8.490243911743164
func-hard-gn,coherent,up-0.25,5000,0,2,2,2,0,0,1,8.08614730834961
func-hard-gn,coherent,up-0.25,5000,0,2,4,4,0,0,4,7.090126991271973
func-hard-gn,coherent,up-0.25,5000,0,2,8,8,0,0,2,4.172081470489502
func-hard-gn,coherent,up-0.25,5000,0,2,16,16,0,0,2,3.5021557807922363
func-hard-gn,coherent,up-0.25,5000,0,2,32,32,1,0,2,0.0017265659989789128
func-hard-gn,coherent,up-0.25,5000,0,2,64,64,1,0,1,0.0016553401947021484
func-hard-gn,coherent,up-0.25,5000,0,2,128,128,1,0,2,0.0016446886584162712
func-hard-gn,coherent,up-0.25,5000,0,2,256,256,1,0,2,0.0016430818941444159
func-hard-gn,coherent,up-0.25,5000,0,2,512,512,1,0,2,0.0016421298496425152
func-hard-gn,coherent,up-0.25,5000,0,2,1024,1024,1,0,2,0.001641534734517336
func-hard-gn,coherent,up-0.25,5000,0,2,1198,1024,1,0,2,0.001641534734517336
func-hard-gn,independent,up-0.25,5000,0,2,0,0,0,0,0,8.506813049316406
func-hard-gn,independent,up-0.25,5000,0,2,1,1,0,0,0,7.977474689483643
func-hard-gn,independent,up-0.25,5000,0,2,2,2,0,0,1,4.8971076011657715
func-hard-gn,independent,up-0.25,5000,0,2,4,4,0,0,1,3.3687667846679688
func-hard-gn,independent,up-0.25,5000,0,2,8,8,0,0,1,3.280596971511841
func-hard-gn,independent,up-0.25,5000,0,2,16,16,0,0,1,3.1330597400665283
func-hard-gn,independent,up-0.25,5000,0,2,32,32,0,0,2,2.204463005065918
func-hard-gn,independent,up-0.25,5000,0,2,64,53,0,0,1,2.118696451187134
func-hard-gn,independent,up-0.25,5000,0,2,128,104,0,0,1,2.018601417541504
func-hard-gn,independent,up-0.25,5000,0,2,256,195,0,0,1,1.8384804725646973
func-hard-gn,independent,up-0.25,5000,0,2,512,385,0,0,2,0.6139896512031555
func-hard-gn,independent,up-0.25,5000,0,2,1024,850,1,0,2,0.0015861878637224436
func-hard-gn,independent,up-0.25,5000,0,2,1198,1024,1,0,2,0.0015827957540750504
func-soft-gn,coherent,up-0.25,5000,0,0,0,0,0,0,0,8.443144798278809
func-soft-gn,coherent,up-0.25,5000,0,0,1,1,0,0,0,7.853970050811768
func-soft-gn,coherent,up-0.25,5000,0,0,2,2,0,0,0,6.169645309448242
func-soft-gn,coherent,up-0.25,5000,0,0,4,4,0,0,0,3.9218063354492188
func-soft-gn,coherent,up-0.25,5000,0,0,8,8,0,0,4,0.5538994669914246
func-soft-gn,coherent,up-0.25,5000,0,0,16,16,1,0,2,0.2626967430114746
func-soft-gn,coherent,up-0.25,5000,0,0,32,32,1,0,3,0.06700745224952698
func-soft-gn,coherent,up-0.25,5000,0,0,64,64,1,0,1,0.0016833585686981678
func-soft-gn,coherent,up-0.25,5000,0,0,128,128,1,1,0,0.0014822222292423248
func-soft-gn,coherent,up-0.25,5000,0,0,256,256,1,1,0,0.001471509225666523
func-soft-gn,coherent,up-0.25,5000,0,0,512,512,1,1,0,0.0014688903465867043
func-soft-gn,coherent,up-0.25,5000,0,0,1024,1024,1,1,0,0.0014671643730252981
func-soft-gn,coherent,up-0.25,5000,0,0,1533,1024,1,1,0,0.0014671643730252981
func-soft-gn,independent,up-0.25,5000,0,0,0,0,0,0,0,8.474790573120117
func-soft-gn,independent,up-0.25,5000,0,0,1,1,0,0,0,8.12857437133789
func-soft-gn,independent,up-0.25,5000,0,0,2,2,0,0,0,7.415234088897705
func-soft-gn,independent,up-0.25,5000,0,0,4,4,0,0,0,3.219952344894409
func-soft-gn,independent,up-0.25,5000,0,0,8,8,1,0,2,0.032961174845695496
func-soft-gn,independent,up-0.25,5000,0,0,16,16,1,0,3,0.041601236909627914
func-soft-gn,independent,up-0.25,5000,0,0,32,32,1,0,1,0.019744765013456345
func-soft-gn,independent,up-0.25,5000,0,0,64,64,1,0,2,0.003787205321714282
func-soft-gn,independent,up-0.25,5000,0,0,128,128,1,1,0,0.0015376289375126362
func-soft-gn,independent,up-0.25,5000,0,0,256,256,1,0,1,0.0015281662344932556
func-soft-gn,independent,up-0.25,5000,0,0,512,512,1,0,1,0.0015248334966599941
func-soft-gn,independent,up-0.25,5000,0,0,1024,1024,1,0,1,0.001522333943285048
func-soft-gn,independent,up-0.25,5000,0,0,1533,1024,1,0,1,0.001522333943285048
func-soft-gn,coherent,up-0.25,5000,0,1,0,0,0,0,0,8.570649147033691
func-soft-gn,coherent,up-0.25,5000,0,1,1,1,0,0,1,7.87651252746582
func-soft-gn,coherent,up-0.25,5000,0,1,2,2,0,0,1,5.755260467529297
func-soft-gn,coherent,up-0.25,5000,0,1,4,4,0,0,5,0.5898926854133606
func-soft-gn,coherent,up-0.25,5000,0,1,8,8,1,0,1,0.20355075597763062
func-soft-gn,coherent,up-0.25,5000,0,1,16,16,1,0,3,0.0016111856093630195
func-soft-gn,coherent,up-0.25,5000,0,1,32,32,1,0,3,0.0015850611962378025
func-soft-gn,coherent,up-0.25,5000,0,1,64,64,1,0,3,0.0015732781030237675
func-soft-gn,coherent,up-0.25,5000,0,1,128,128,1,0,3,0.0015710166189819574
func-soft-gn,coherent,up-0.25,5000,0,1,256,256,1,0,2,0.001570183434523642
func-soft-gn,coherent,up-0.25,5000,0,1,512,512,1,0,2,0.0015696478076279163
func-soft-gn,coherent,up-0.25,5000,0,1,1024,1024,1,0,2,0.001569290878251195
func-soft-gn,coherent,up-0.25,5000,0,1,1533,1024,1,0,2,0.001569290878251195
func-soft-gn,independent,up-0.25,5000,0,1,0,0,0,0,0,8.685874938964844
func-soft-gn,independent,up-0.25,5000,0,1,1,1,0,0,1,8.441254615783691
func-soft-gn,independent,up-0.25,5000,0,1,2,2,0,0,1,7.718471527099609
func-soft-gn,independent,up-0.25,5000,0,1,4,4,0,0,3,4.423037528991699
func-soft-gn,independent,up-0.25,5000,0,1,8,8,0,0,1,4.107028007507324
func-soft-gn,independent,up-0.25,5000,0,1,16,16,1,0,4,0.010487023741006851
func-soft-gn,independent,up-0.25,5000,0,1,32,32,1,0,3,0.002686202060431242
func-soft-gn,independent,up-0.25,5000,0,1,64,64,1,0,3,0.0016390339005738497
func-soft-gn,independent,up-0.25,5000,0,1,128,128,1,0,3,0.0016217175871133804
func-soft-gn,independent,up-0.25,5000,0,1,256,256,1,0,2,0.0016142793465405703
func-soft-gn,independent,up-0.25,5000,0,1,512,512,1,0,2,0.0016097568441182375
func-soft-gn,independent,up-0.25,5000,0,1,1024,1024,1,0,2,0.001607257523573935
func-soft-gn,independent,up-0.25,5000,0,1,1533,1024,1,0,2,0.001607257523573935
func-soft-gn,coherent,up-0.25,5000,0,2,0,0,0,0,0,8.835575103759766
func-soft-gn,coherent,up-0.25,5000,0,2,1,1,0,0,0,8.50881290435791
func-soft-gn,coherent,up-0.25,5000,0,2,2,2,0,0,1,8.13101577758789
func-soft-gn,coherent,up-0.25,5000,0,2,4,4,0,0,3,3.2963850498199463
func-soft-gn,coherent,up-0.25,5000,0,2,8,8,1,0,2,0.0017616121331229806
func-soft-gn,coherent,up-0.25,5000,0,2,16,16,1,0,1,0.01214180700480938
func-soft-gn,coherent,up-0.25,5000,0,2,32,32,1,0,1,0.0032812675926834345
func-soft-gn,coherent,up-0.25,5000,0,2,64,64,1,0,1,0.001690983772277832
func-soft-gn,coherent,up-0.25,5000,0,2,128,128,1,0,1,0.0016503417864441872
func-soft-gn,coherent,up-0.25,5000,0,2,256,256,1,0,1,0.001645997748710215
func-soft-gn,coherent,up-0.25,5000,0,2,512,512,1,0,1,0.001643319963477552
func-soft-gn,coherent,up-0.25,5000,0,2,1024,1024,1,0,2,0.001641891780309379
func-soft-gn,coherent,up-0.25,5000,0,2,1533,1024,1,0,2,0.001641891780309379
func-soft-gn,independent,up-0.25,5000,0,2,0,0,0,0,0,8.506813049316406
func-soft-gn,independent,up-0.25,5000,0,2,1,1,0,0,0,8.021255493164062
func-soft-gn,independent,up-0.25,5000,0,2,2,2,0,0,1,5.919866561889648
func-soft-gn,independent,up-0.25,5000,0,2,4,4,0,0,1,4.146866798400879
func-soft-gn,independent,up-0.25,5000,0,2,8,8,0,0,1,3.42852783203125
func-soft-gn,independent,up-0.25,5000,0,2,16,16,0,0,1,3.0936009883880615
func-soft-gn,independent,up-0.25,5000,0,2,32,32,0,0,1,1.4500718116760254
func-soft-gn,independent,up-0.25,5000,0,2,64,54,0,0,1,1.4408111572265625
func-soft-gn,independent,up-0.25,5000,0,2,128,91,0,0,1,1.4292443990707397
func-soft-gn,independent,up-0.25,5000,0,2,256,168,1,0,2,0.3002713918685913
func-soft-gn,independent,up-0.25,5000,0,2,512,338,1,0,2,0.29074397683143616
func-soft-gn,independent,up-0.25,5000,0,2,1024,673,1,0,2,0.2743719816207886
func-soft-gn,independent,up-0.25,5000,0,2,1533,1024,1,0,2,0.25403568148612976
func-hard-gn,coherent,baseline,5000,1,0,0,0,0,0,0,9.138542175292969
func-hard-gn,coherent,baseline,5000,1,0,1,1,0,0,0,8.316499710083008
func-hard-gn,coherent,baseline,5000,1,0,2,2,0,0,0,7.025965690612793
func-hard-gn,coherent,baseline,5000,1,0,4,4,0,0,1,2.2787914276123047
func-hard-gn,coherent,baseline,5000,1,0,8,8,1,0,4,0.38998639583587646
func-hard-gn,coherent,baseline,5000,1,0,16,16,1,0,4,0.07882822304964066
func-hard-gn,coherent,baseline,5000,1,0,32,32,1,0,4,0.014379900880157948
func-hard-gn,coherent,baseline,5000,1,0,64,64,1,0,5,0.004717192612588406
func-hard-gn,coherent,baseline,5000,1,0,128,128,1,0,3,0.002099672332406044
func-hard-gn,coherent,baseline,5000,1,0,256,256,1,0,4,0.001366813201457262
func-hard-gn,coherent,baseline,5000,1,0,512,512,1,0,4,0.0013556228950619698
func-hard-gn,coherent,baseline,5000,1,0,1024,1024,1,0,3,0.001353658502921462
func-hard-gn,independent,baseline,5000,1,0,0,0,0,0,0,8.607568740844727
func-hard-gn,independent,baseline,5000,1,0,1,1,0,0,0,8.104308128356934
func-hard-gn,independent,baseline,5000,1,0,2,2,0,0,0,7.206423759460449
func-hard-gn,independent,baseline,5000,1,0,4,4,0,0,1,3.602640390396118
func-hard-gn,independent,baseline,5000,1,0,8,8,0,0,2,1.1250211000442505
func-hard-gn,independent,baseline,5000,1,0,16,16,1,0,4,0.07914869487285614
func-hard-gn,independent,baseline,5000,1,0,32,32,1,0,3,0.060043253004550934
func-hard-gn,independent,baseline,5000,1,0,64,64,1,0,3,0.017653457820415497
func-hard-gn,independent,baseline,5000,1,0,128,128,1,0,4,0.007243890780955553
func-hard-gn,independent,baseline,5000,1,0,256,256,1,0,2,0.0014722771011292934
func-hard-gn,independent,baseline,5000,1,0,512,512,1,0,2,0.0014449006412178278
func-hard-gn,independent,baseline,5000,1,0,1024,1024,1,0,2,0.0014416867634281516
func-hard-gn,coherent,baseline,5000,1,1,0,0,0,0,0,8.52813720703125
func-hard-gn,coherent,baseline,5000,1,1,1,1,0,0,0,7.958298683166504
func-hard-gn,coherent,baseline,5000,1,1,2,2,0,0,0,6.892390251159668
func-hard-gn,coherent,baseline,5000,1,1,4,4,0,0,0,2.7110259532928467
func-hard-gn,coherent,baseline,5000,1,1,8,8,0,0,1,0.7710500359535217
func-hard-gn,coherent,baseline,5000,1,1,16,16,1,0,3,0.27628061175346375
func-hard-gn,coherent,baseline,5000,1,1,32,32,1,0,5,0.061600212007761
func-hard-gn,coherent,baseline,5000,1,1,64,64,1,0,3,0.011762884445488453
func-hard-gn,coherent,baseline,5000,1,1,128,128,1,0,2,0.0019999868236482143
func-hard-gn,coherent,baseline,5000,1,1,256,256,1,0,5,0.0015527463983744383
func-hard-gn,coherent,baseline,5000,1,1,512,512,1,0,5,0.001532988389953971
func-hard-gn,coherent,baseline,5000,1,1,1024,1024,1,0,6,0.001527096377685666
func-hard-gn,independent,baseline,5000,1,1,0,0,0,0,0,8.78215217590332
func-hard-gn,independent,baseline,5000,1,1,1,1,0,0,0,8.412935256958008
func-hard-gn,independent,baseline,5000,1,1,2,2,0,0,0,7.975909233093262
func-hard-gn,independent,baseline,5000,1,1,4,4,0,0,3,5.578278541564941
func-hard-gn,independent,baseline,5000,1,1,8,8,0,0,7,2.1944472789764404
func-hard-gn,independent,baseline,5000,1,1,16,16,0,0,7,1.587310552597046
func-hard-gn,independent,baseline,5000,1,1,32,32,0,0,5,0.4036303460597992
func-hard-gn,independent,baseline,5000,1,1,64,64,1,0,11,0.021011993288993835
func-hard-gn,independent,baseline,5000,1,1,128,128,1,0,10,0.00722966343164444
func-hard-gn,independent,baseline,5000,1,1,256,256,1,0,8,0.0015145379584282637
func-hard-gn,independent,baseline,5000,1,1,512,512,1,0,9,0.0014911489561200142
func-hard-gn,independent,baseline,5000,1,1,1024,1024,1,0,9,0.0014858520589768887
func-hard-gn,coherent,baseline,5000,1,2,0,0,0,0,0,7.982855796813965
func-hard-gn,coherent,baseline,5000,1,2,1,1,0,0,0,7.468727111816406
func-hard-gn,coherent,baseline,5000,1,2,2,2,0,0,0,6.814799785614014
func-hard-gn,coherent,baseline,5000,1,2,4,4,0,0,0,4.418797016143799
func-hard-gn,coherent,baseline,5000,1,2,8,8,0,0,1,0.8566640019416809
func-hard-gn,coherent,baseline,5000,1,2,16,16,1,0,2,0.02372126281261444
func-hard-gn,coherent,baseline,5000,1,2,32,32,1,0,2,0.019156504422426224
func-hard-gn,coherent,baseline,5000,1,2,64,64,1,0,3,0.012684332206845284
func-hard-gn,coherent,baseline,5000,1,2,128,128,1,0,3,0.003407061565667391
func-hard-gn,coherent,baseline,5000,1,2,256,256,1,0,3,0.0014383576344698668
func-hard-gn,coherent,baseline,5000,1,2,512,512,1,0,1,0.0014347864780575037
func-hard-gn,coherent,baseline,5000,1,2,1024,1024,1,1,0,0.001434131758287549
func-hard-gn,independent,baseline,5000,1,2,0,0,0,0,0,8.29904556274414
func-hard-gn,independent,baseline,5000,1,2,1,1,0,0,0,8.013477325439453
func-hard-gn,independent,baseline,5000,1,2,2,2,0,0,0,7.639010906219482
func-hard-gn,independent,baseline,5000,1,2,4,4,0,0,0,5.346992492675781
func-hard-gn,independent,baseline,5000,1,2,8,8,0,0,1,1.0378484725952148
func-hard-gn,independent,baseline,5000,1,2,16,16,1,0,1,0.1690320372581482
func-hard-gn,independent,baseline,5000,1,2,32,32,1,0,2,0.14016279578208923
func-hard-gn,independent,baseline,5000,1,2,64,64,1,0,2,0.09939895570278168
func-hard-gn,independent,baseline,5000,1,2,128,128,1,0,3,0.07098768651485443
func-hard-gn,independent,baseline,5000,1,2,256,256,1,0,3,0.03611622005701065
func-hard-gn,independent,baseline,5000,1,2,512,512,1,0,3,0.005692868493497372
func-hard-gn,independent,baseline,5000,1,2,1024,1024,1,0,1,0.001409906311891973
func-soft-gn,coherent,baseline,5000,1,0,0,0,0,0,0,9.138542175292969
func-soft-gn,coherent,baseline,5000,1,0,1,1,0,0,0,8.319679260253906
func-soft-gn,coherent,baseline,5000,1,0,2,2,0,0,0,7.044910907745361
func-soft-gn,coherent,baseline,5000,1,0,4,4,0,0,1,2.4851431846618652
func-soft-gn,coherent,baseline,5000,1,0,8,8,1,0,4,0.38423216342926025
func-soft-gn,coherent,baseline,5000,1,0,16,16,1,0,4,0.2531414031982422
func-soft-gn,coherent,baseline,5000,1,0,32,32,1,0,4,0.045917052775621414
func-soft-gn,coherent,baseline,5000,1,0,64,64,1,0,4,0.007774678058922291
func-soft-gn,coherent,baseline,5000,1,0,128,128,1,0,3,0.0024795832578092813
func-soft-gn,coherent,baseline,5000,1,0,256,256,1,0,2,0.0013627656735479832
func-soft-gn,coherent,baseline,5000,1,0,512,512,1,0,2,0.0013549680588766932
func-soft-gn,coherent,baseline,5000,1,0,1024,1024,1,0,2,0.001353063271380961
func-soft-gn,independent,baseline,5000,1,0,0,0,0,0,0,8.607568740844727
func-soft-gn,independent,baseline,5000,1,0,1,1,0,0,0,8.134180068969727
func-soft-gn,independent,baseline,5000,1,0,2,2,0,0,0,7.327927589416504
func-soft-gn,independent,baseline,5000,1,0,4,4,0,0,5,1.6992543935775757
func-soft-gn,independent,baseline,5000,1,0,8,8,1,0,3,0.28068017959594727
func-soft-gn,independent,baseline,5000,1,0,16,16,1,0,4,0.26149147748947144
func-soft-gn,independent,baseline,5000,1,0,32,32,1,0,3,0.16750642657279968
func-soft-gn,independent,baseline,5000,1,0,64,64,1,0,4,0.03624224662780762
func-soft-gn,independent,baseline,5000,1,0,128,128,1,0,4,0.017838072031736374
func-soft-gn,independent,baseline,5000,1,0,256,256,1,0,4,0.0019319443963468075
func-soft-gn,independent,baseline,5000,1,0,512,512,1,0,2,0.0014519235119223595
func-soft-gn,independent,baseline,5000,1,0,1024,1024,1,0,2,0.0014439483638852835
func-soft-gn,coherent,baseline,5000,1,1,0,0,0,0,0,8.52813720703125
func-soft-gn,coherent,baseline,5000,1,1,1,1,0,0,0,7.976532936096191
func-soft-gn,coherent,baseline,5000,1,1,2,2,0,0,0,6.967863082885742
func-soft-gn,coherent,baseline,5000,1,1,4,4,1,0,4,0.29129549860954285
func-soft-gn,coherent,baseline,5000,1,1,8,8,1,0,3,0.19710670411586761
func-soft-gn,coherent,baseline,5000,1,1,16,16,1,0,3,0.18590767681598663
func-soft-gn,coherent,baseline,5000,1,1,32,32,1,0,3,0.1684817671775818
func-soft-gn,coherent,baseline,5000,1,1,64,64,1,0,5,0.061341628432273865
func-soft-gn,coherent,baseline,5000,1,1,128,128,1,0,4,0.016147566959261894
func-soft-gn,coherent,baseline,5000,1,1,256,256,1,0,3,0.0016361777670681477
func-soft-gn,coherent,baseline,5000,1,1,512,512,1,0,4,0.0015397132374346256
func-soft-gn,coherent,baseline,5000,1,1,1024,1024,1,0,9,0.001527870073914528
func-soft-gn,independent,baseline,5000,1,1,0,0,0,0,0,8.78215217590332
func-soft-gn,independent,baseline,5000,1,1,1,1,0,0,0,8.428569793701172
func-soft-gn,independent,baseline,5000,1,1,2,2,0,0,0,8.015827178955078
func-soft-gn,independent,baseline,5000,1,1,4,4,0,0,3,5.886987209320068
func-soft-gn,independent,baseline,5000,1,1,8,8,0,0,4,0.8643457889556885
func-soft-gn,independent,baseline,5000,1,1,16,16,0,0,4,0.4987380802631378
func-soft-gn,independent,baseline,5000,1,1,32,32,1,0,11,0.05114509165287018
func-soft-gn,independent,baseline,5000,1,1,64,64,1,0,9,0.03888717293739319
func-soft-gn,independent,baseline,5000,1,1,128,128,1,0,9,0.018769336864352226
func-soft-gn,independent,baseline,5000,1,1,256,256,1,0,9,0.0052252341993153095
func-soft-gn,independent,baseline,5000,1,1,512,512,1,0,6,0.0014931129990145564
func-soft-gn,independent,baseline,5000,1,1,1024,1024,1,0,7,0.0014862685929983854
func-soft-gn,coherent,baseline,5000,1,2,0,0,0,0,0,7.982855796813965
func-soft-gn,coherent,baseline,5000,1,2,1,1,0,0,0,7.507032871246338
func-soft-gn,coherent,baseline,5000,1,2,2,2,0,0,0,6.9093852043151855
func-soft-gn,coherent,baseline,5000,1,2,4,4,0,0,0,3.218942642211914
func-soft-gn,coherent,baseline,5000,1,2,8,8,1,0,1,0.2262318730354309
func-soft-gn,coherent,baseline,5000,1,2,16,16,1,0,1,0.12168914824724197
func-soft-gn,coherent,baseline,5000,1,2,32,32,1,0,1,0.11106671392917633
func-soft-gn,coherent,baseline,5000,1,2,64,64,1,0,2,0.08397525548934937
func-soft-gn,coherent,baseline,5000,1,2,128,128,1,0,2,0.06236929073929787
func-soft-gn,coherent,baseline,5000,1,2,256,256,1,0,3,0.03584929555654526
func-soft-gn,coherent,baseline,5000,1,2,512,512,1,0,3,0.0030026650056242943
func-soft-gn,coherent,baseline,5000,1,2,1024,1024,1,1,0,0.0014349054545164108
func-soft-gn,independent,baseline,5000,1,2,0,0,0,0,0,8.29904556274414
func-soft-gn,independent,baseline,5000,1,2,1,1,0,0,0,8.032686233520508
func-soft-gn,independent,baseline,5000,1,2,2,2,0,0,0,7.688926696777344
func-soft-gn,independent,baseline,5000,1,2,4,4,0,0,0,5.757113456726074
func-soft-gn,independent,baseline,5000,1,2,8,8,1,0,2,0.6102588176727295
func-soft-gn,independent,baseline,5000,1,2,16,16,1,0,1,0.3959587812423706
func-soft-gn,independent,baseline,5000,1,2,32,32,1,0,1,0.3847626745700836
func-soft-gn,independent,baseline,5000,1,2,64,64,1,0,2,0.2545965909957886
func-soft-gn,independent,baseline,5000,1,2,128,128,1,0,2,0.17286431789398193
func-soft-gn,independent,baseline,5000,1,2,256,256,1,0,2,0.0703074038028717
func-soft-gn,independent,baseline,5000,1,2,512,512,1,0,1,0.014250553213059902
func-soft-gn,independent,baseline,5000,1,2,1024,1024,1,0,1,0.001410620636306703
func-hard-gn,coherent,up-0.25,5000,1,0,0,0,0,0,0,9.168800354003906
func-hard-gn,coherent,up-0.25,5000,1,0,1,1,0,0,0,8.476776123046875
func-hard-gn,coherent,up-0.25,5000,1,0,2,2,0,0,0,7.996500015258789
func-hard-gn,coherent,up-0.25,5000,1,0,4,4,0,0,0,3.873509407043457
func-hard-gn,coherent,up-0.25,5000,1,0,8,8,0,0,0,3.0693650245666504
func-hard-gn,coherent,up-0.25,5000,1,0,16,16,0,0,0,2.093844175338745
func-hard-gn,coherent,up-0.25,5000,1,0,32,32,1,1,0,0.00846053846180439
func-hard-gn,coherent,up-0.25,5000,1,0,64,64,1,1,0,0.001433059573173523
func-hard-gn,coherent,up-0.25,5000,1,0,128,128,1,1,0,0.0013518133200705051
func-hard-gn,coherent,up-0.25,5000,1,0,256,256,1,1,0,0.001347944256849587
func-hard-gn,coherent,up-0.25,5000,1,0,512,512,1,1,0,0.0013462775386869907
func-hard-gn,coherent,up-0.25,5000,1,0,1024,1024,1,1,0,0.0013452060520648956
func-hard-gn,independent,up-0.25,5000,1,0,0,0,0,0,0,8.640024185180664
func-hard-gn,independent,up-0.25,5000,1,0,1,1,0,0,0,8.288408279418945
func-hard-gn,independent,up-0.25,5000,1,0,2,2,0,0,0,6.937247276306152
func-hard-gn,independent,up-0.25,5000,1,0,4,4,0,0,0,3.9192752838134766
func-hard-gn,independent,up-0.25,5000,1,0,8,8,0,0,0,3.1082210540771484
func-hard-gn,independent,up-0.25,5000,1,0,16,16,0,0,0,2.7641518115997314
func-hard-gn,independent,up-0.25,5000,1,0,32,32,1,1,0,0.0727306455373764
func-hard-gn,independent,up-0.25,5000,1,0,64,64,1,1,0,0.04757380485534668
func-hard-gn,independent,up-0.25,5000,1,0,128,128,1,1,0,0.021041423082351685
func-hard-gn,independent,up-0.25,5000,1,0,256,256,1,1,0,0.0014731099363416433
func-hard-gn,independent,up-0.25,5000,1,0,512,512,1,1,0,0.0014614445390179753
func-hard-gn,independent,up-0.25,5000,1,0,1024,1024,1,1,0,0.0014587662881240249
func-hard-gn,coherent,up-0.25,5000,1,1,0,0,0,0,0,8.615034103393555
func-hard-gn,coherent,up-0.25,5000,1,1,1,1,0,0,0,7.134817123413086
func-hard-gn,coherent,up-0.25,5000,1,1,2,2,0,0,0,4.09022331237793
func-hard-gn,coherent,up-0.25,5000,1,1,4,4,0,0,1,0.9448654055595398
func-hard-gn,coherent,up-0.25,5000,1,1,8,8,1,0,2,0.005376109853386879
func-hard-gn,coherent,up-0.25,5000,1,1,16,16,1,0,3,0.0016404627822339535
func-hard-gn,coherent,up-0.25,5000,1,1,32,32,1,0,2,0.0015811929479241371
func-hard-gn,coherent,up-0.25,5000,1,1,64,64,1,0,2,0.0015685766702517867
func-hard-gn,coherent,up-0.25,5000,1,1,128,128,1,0,2,0.0015664937673136592
func-hard-gn,coherent,up-0.25,5000,1,1,256,256,1,0,1,0.00156512507237494
func-hard-gn,coherent,up-0.25,5000,1,1,512,512,1,0,1,0.0015643513761460781
func-hard-gn,coherent,up-0.25,5000,1,1,1024,1024,1,0,1,0.0015635181916877627
func-hard-gn,independent,up-0.25,5000,1,1,0,0,0,0,0,8.765641212463379
func-hard-gn,independent,up-0.25,5000,1,1,1,1,0,0,0,8.529664993286133
func-hard-gn,independent,up-0.25,5000,1,1,2,2,0,0,0,8.03002643585205
func-hard-gn,independent,up-0.25,5000,1,1,4,4,0,0,3,3.741065502166748
func-hard-gn,independent,up-0.25,5000,1,1,8,8,0,0,1,2.763012170791626
func-hard-gn,independent,up-0.25,5000,1,1,16,16,0,0,1,2.5753538608551025
func-hard-gn,independent,up-0.25,5000,1,1,32,32,1,0,1,0.011333211325109005
func-hard-gn,independent,up-0.25,5000,1,1,64,64,1,0,2,0.0019242109265178442
func-hard-gn,independent,up-0.25,5000,1,1,128,128,1,1,0,0.001548222964629531
func-hard-gn,independent,up-0.25,5000,1,1,256,256,1,1,0,0.00153899856377393
func-hard-gn,independent,up-0.25,5000,1,1,512,512,1,1,0,0.0015360824763774872
func-hard-gn,independent,up-0.25,5000,1,1,1024,1024,1,1,0,0.0015350112225860357
func-hard-gn,coherent,up-0.25,5000,1,2,0,0,0,0,0,7.928873062133789
func-hard-gn,coherent,up-0.25,5000,1,2,1,1,0,0,0,7.484193801879883
func-hard-gn,coherent,up-0.25,5000,1,2,2,2,0,0,0,6.803159236907959
func-hard-gn,coherent,up-0.25,5000,1,2,4,4,0,0,1,5.208424091339111
func-hard-gn,coherent,up-0.25,5000,1,2,8,8,0,0,2,3.639829397201538
func-hard-gn,coherent,up-0.25,5000,1,2,16,16,0,0,3,1.3817356824874878
func-hard-gn,coherent,up-0.25,5000,1,2,32,32,1,0,1,0.009919712319970131
func-hard-gn,coherent,up-0.25,5000,1,2,64,64,1,0,1,0.0015037668636068702
func-hard-gn,coherent,up-0.25,5000,1,2,128,128,1,0,2,0.0014991841744631529
func-hard-gn,coherent,up-0.25,5000,1,2,256,256,1,0,1,0.0014976962702348828
func-hard-gn,coherent,up-0.25,5000,1,2,512,512,1,0,2,0.001496922574006021
func-hard-gn,coherent,up-0.25,5000,1,2,1024,1024,1,0,2,0.001496684504672885
func-hard-gn,independent,up-0.25,5000,1,2,0,0,0,0,0,8.421553611755371
func-hard-gn,independent,up-0.25,5000,1,2,1,1,0,0,0,8.233614921569824
func-hard-gn,independent,up-0.25,5000,1,2,2,2,0,0,0,8.004947662353516
func-hard-gn,independent,up-0.25,5000,1,2,4,4,0,0,0,7.151307582855225
func-hard-gn,independent,up-0.25,5000,1,2,8,8,0,0,0,6.467260360717773
func-hard-gn,independent,up-0.25,5000,1,2,16,16,0,0,1,5.707520961761475
func-hard-gn,independent,up-0.25,5000,1,2,32,32,0,0,4,2.2151875495910645
func-hard-gn,independent,up-0.25,5000,1,2,64,64,1,0,5,0.34159883856773376
func-hard-gn,independent,up-0.25,5000,1,2,128,128,1,0,3,0.003761021886020899
func-hard-gn,independent,up-0.25,5000,1,2,256,256,1,0,4,0.0014328192919492722
func-hard-gn,independent,up-0.25,5000,1,2,512,512,1,0,3,0.0014261531177908182
func-hard-gn,independent,up-0.25,5000,1,2,1024,1024,1,0,3,0.0014242485631257296
func-soft-gn,coherent,up-0.25,5000,1,0,0,0,0,0,0,9.168800354003906
func-soft-gn,coherent,up-0.25,5000,1,0,1,1,0,0,0,8.552453994750977
func-soft-gn,coherent,up-0.25,5000,1,0,2,2,0,0,0,4.828495025634766
func-soft-gn,coherent,up-0.25,5000,1,0,4,4,1,1,0,0.0036964186001569033
func-soft-gn,coherent,up-0.25,5000,1,0,8,8,1,1,0,0.0014810876455157995
func-soft-gn,coherent,up-0.25,5000,1,0,16,16,1,1,0,0.0013767535565420985
func-soft-gn,coherent,up-0.25,5000,1,0,32,32,1,1,0,0.0013567537534981966
func-soft-gn,coherent,up-0.25,5000,1,0,64,64,1,1,0,0.0013505632523447275
func-soft-gn,coherent,up-0.25,5000,1,0,128,128,1,1,0,0.001347468001767993
func-soft-gn,coherent,up-0.25,5000,1,0,256,256,1,1,0,0.0013464561197906733
func-soft-gn,coherent,up-0.25,5000,1,0,512,512,1,1,0,0.001345503726042807
func-soft-gn,coherent,up-0.25,5000,1,0,1024,1024,1,1,0,0.0013450870756059885
func-soft-gn,independent,up-0.25,5000,1,0,0,0,0,0,0,8.640024185180664
func-soft-gn,independent,up-0.25,5000,1,0,1,1,0,0,0,8.317312240600586
func-soft-gn,independent,up-0.25,5000,1,0,2,2,0,0,0,6.659408092498779
func-soft-gn,independent,up-0.25,5000,1,0,4,4,0,0,0,2.9906678199768066
func-soft-gn,independent,up-0.25,5000,1,0,8,8,0,0,0,2.8786556720733643
func-soft-gn,independent,up-0.25,5000,1,0,16,16,0,0,0,2.743720769882202
func-soft-gn,independent,up-0.25,5000,1,0,32,32,1,1,0,0.0419636033475399
func-soft-gn,independent,up-0.25,5000,1,0,64,64,1,1,0,0.02602754905819893
func-soft-gn,independent,up-0.25,5000,1,0,128,128,1,0,1,0.00603501359000802
func-soft-gn,independent,up-0.25,5000,1,0,256,256,1,1,0,0.0014692412223666906
func-soft-gn,independent,up-0.25,5000,1,0,512,512,1,1,0,0.0014613850507885218
func-soft-gn,independent,up-0.25,5000,1,0,1024,1024,1,1,0,0.0014587067998945713
func-soft-gn,coherent,up-0.25,5000,1,1,0,0,0,0,0,8.615034103393555
func-soft-gn,coherent,up-0.25,5000,1,1,1,1,0,0,0,7.12080717086792
func-soft-gn,coherent,up-0.25,5000,1,1,2,2,0,0,1,1.2394778728485107
func-soft-gn,coherent,up-0.25,5000,1,1,4,4,0,0,1,0.35270369052886963
func-soft-gn,coherent,up-0.25,5000,1,1,8,8,1,0,1,0.004128233063966036
func-soft-gn,coherent,up-0.25,5000,1,1,16,16,1,0,3,0.001627074321731925
func-soft-gn,coherent,up-0.25,5000,1,1,32,32,1,0,2,0.001578931580297649
func-soft-gn,coherent,up-0.25,5000,1,1,64,64,1,0,2,0.0015698263887315989
func-soft-gn,coherent,up-0.25,5000,1,1,128,128,1,0,2,0.001567148370668292
func-soft-gn,coherent,up-0.25,5000,1,1,256,256,1,0,2,0.0015657796757295728
func-soft-gn,coherent,up-0.25,5000,1,1,512,512,1,0,1,0.0015645893290638924
func-soft-gn,coherent,up-0.25,5000,1,1,1024,1024,1,0,1,0.0015638157492503524
func-soft-gn,independent,up-0.25,5000,1,1,0,0,0,0,0,8.765641212463379
func-soft-gn,independent,up-0.25,5000,1,1,1,1,0,0,0,8.535350799560547
func-soft-gn,independent,up-0.25,5000,1,1,2,2,0,0,0,8.086207389831543
func-soft-gn,independent,up-0.25,5000,1,1,4,4,0,0,3,2.8461835384368896
func-soft-gn,independent,up-0.25,5000,1,1,8,8,0,0,0,2.711723566055298
func-soft-gn,independent,up-0.25,5000,1,1,16,16,0,0,0,2.549687623977661
func-soft-gn,independent,up-0.25,5000,1,1,32,32,1,0,1,0.00880912970751524
func-soft-gn,independent,up-0.25,5000,1,1,64,64,1,0,2,0.0018084917683154345
func-soft-gn,independent,up-0.25,5000,1,1,128,128,1,1,0,0.0015478064306080341
func-soft-gn,independent,up-0.25,5000,1,1,256,256,1,1,0,0.0015386415179818869
func-soft-gn,independent,up-0.25,5000,1,1,512,512,1,1,0,0.0015362014528363943
func-soft-gn,independent,up-0.25,5000,1,1,1024,1024,1,1,0,0.0015350707108154893
func-soft-gn,coherent,up-0.25,5000,1,2,0,0,0,0,0,7.928873062133789
func-soft-gn,coherent,up-0.25,5000,1,2,1,1,0,0,0,7.515355110168457
func-soft-gn,coherent,up-0.25,5000,1,2,2,2,0,0,0,6.89774227142334
func-soft-gn,coherent,up-0.25,5000,1,2,4,4,0,0,2,3.9700686931610107
func-soft-gn,coherent,up-0.25,5000,1,2,8,8,0,0,2,1.0019434690475464
func-soft-gn,coherent,up-0.25,5000,1,2,16,16,0,0,2,0.7713636755943298
func-soft-gn,coherent,up-0.25,5000,1,2,32,32,1,0,4,0.012108765542507172
func-soft-gn,coherent,up-0.25,5000,1,2,64,64,1,0,4,0.0015913676470518112
func-soft-gn,coherent,up-0.25,5000,1,2,128,128,1,0,2,0.0014997792895883322
func-soft-gn,coherent,up-0.25,5000,1,2,256,256,1,0,3,0.0014974582009017467
func-soft-gn,coherent,up-0.25,5000,1,2,512,512,1,0,2,0.0014969820622354746
func-soft-gn,coherent,up-0.25,5000,1,2,1024,1024,1,0,1,0.0014967441093176603
func-soft-gn,independent,up-0.25,5000,1,2,0,0,0,0,0,8.421553611755371
func-soft-gn,independent,up-0.25,5000,1,2,1,1,0,0,0,8.242414474487305
func-soft-gn,independent,up-0.25,5000,1,2,2,2,0,0,0,8.029571533203125
func-soft-gn,independent,up-0.25,5000,1,2,4,4,0,0,0,7.313733100891113
func-soft-gn,independent,up-0.25,5000,1,2,8,8,0,0,2,3.978879451751709
func-soft-gn,independent,up-0.25,5000,1,2,16,16,0,0,2,3.7168660163879395
func-soft-gn,independent,up-0.25,5000,1,2,32,32,0,0,4,0.8268348574638367
func-soft-gn,independent,up-0.25,5000,1,2,64,64,1,0,6,0.07675489783287048
func-soft-gn,independent,up-0.25,5000,1,2,128,128,1,0,3,0.0034483675844967365
func-soft-gn,independent,up-0.25,5000,1,2,256,256,1,0,3,0.0014369860291481018
func-soft-gn,independent,up-0.25,5000,1,2,512,512,1,0,3,0.0014306172961369157
func-soft-gn,independent,up-0.25,5000,1,2,1024,1024,1,0,3,0.001424189074896276
func-hard-gn,coherent,baseline,5001,0,0,0,0,0,0,0,8.408538818359375
func-hard-gn,coherent,baseline,5001,0,0,1,1,0,0,0,7.835446357727051
func-hard-gn,coherent,baseline,5001,0,0,2,2,0,0,0,6.9221510887146
func-hard-gn,coherent,baseline,5001,0,0,4,4,0,0,2,4.18178129196167
func-hard-gn,coherent,baseline,5001,0,0,8,8,0,0,2,2.6662020683288574
func-hard-gn,coherent,baseline,5001,0,0,16,16,0,0,1,1.3974169492721558
func-hard-gn,coherent,baseline,5001,0,0,32,32,0,0,3,0.6704502105712891
func-hard-gn,coherent,baseline,5001,0,0,64,64,1,0,4,0.09746770560741425
func-hard-gn,coherent,baseline,5001,0,0,128,128,1,0,4,0.016115644946694374
func-hard-gn,coherent,baseline,5001,0,0,256,256,1,0,3,0.0013651465997099876
func-hard-gn,coherent,baseline,5001,0,0,512,512,1,1,0,0.0013337177224457264
func-hard-gn,coherent,baseline,5001,0,0,1024,1024,1,1,0,0.0013298486592248082
func-hard-gn,coherent,baseline,5001,0,0,1025,1024,1,1,0,0.0013298486592248082
func-hard-gn,independent,baseline,5001,0,0,0,0,0,0,0,8.441802978515625
func-hard-gn,independent,baseline,5001,0,0,1,1,0,0,0,8.109598159790039
func-hard-gn,independent,baseline,5001,0,0,2,2,0,0,0,7.621099472045898
func-hard-gn,independent,baseline,5001,0,0,4,4,0,0,2,5.785834312438965
func-hard-gn,independent,baseline,5001,0,0,8,8,0,0,2,4.938472747802734
func-hard-gn,independent,baseline,5001,0,0,16,16,0,0,2,3.818451404571533
func-hard-gn,independent,baseline,5001,0,0,32,32,0,0,3,1.3253406286239624
func-hard-gn,independent,baseline,5001,0,0,64,64,1,0,4,0.2909994423389435
func-hard-gn,independent,baseline,5001,0,0,128,128,1,0,2,0.026244496926665306
func-hard-gn,independent,baseline,5001,0,0,256,255,1,0,2,0.010280294343829155
func-hard-gn,independent,baseline,5001,0,0,512,511,1,0,3,0.0014528746251016855
func-hard-gn,independent,baseline,5001,0,0,1024,1023,1,0,1,0.0014432324096560478
func-hard-gn,independent,baseline,5001,0,0,1025,1024,1,0,1,0.001443351386114955
func-hard-gn,coherent,baseline,5001,0,1,0,0,0,0,0,8.373041152954102
func-hard-gn,coherent,baseline,5001,0,1,1,1,0,0,0,7.40799617767334
func-hard-gn,coherent,baseline,5001,0,1,2,2,0,0,0,5.750412940979004
func-hard-gn,coherent,baseline,5001,0,1,4,4,0,0,0,3.695225238800049
func-hard-gn,coherent,baseline,5001,0,1,8,8,0,0,2,1.9396709203720093
func-hard-gn,coherent,baseline,5001,0,1,16,16,1,0,2,0.17324666678905487
func-hard-gn,coherent,baseline,5001,0,1,32,32,1,0,2,0.01363297924399376
func-hard-gn,coherent,baseline,5001,0,1,64,64,1,0,1,0.011275697499513626
func-hard-gn,coherent,baseline,5001,0,1,128,128,1,0,3,0.003217727178707719
func-hard-gn,coherent,baseline,5001,0,1,256,256,1,0,1,0.0015503661707043648
func-hard-gn,coherent,baseline,5001,0,1,512,512,1,0,2,0.0015461407601833344
func-hard-gn,coherent,baseline,5001,0,1,1024,1024,1,0,2,0.0015447123441845179
func-hard-gn,coherent,baseline,5001,0,1,1025,1024,1,0,2,0.0015447123441845179
func-hard-gn,independent,baseline,5001,0,1,0,0,0,0,0,8.273639678955078
func-hard-gn,independent,baseline,5001,0,1,1,1,0,0,0,7.7954864501953125
func-hard-gn,independent,baseline,5001,0,1,2,2,0,0,0,6.9521403312683105
func-hard-gn,independent,baseline,5001,0,1,4,4,0,0,2,4.009297847747803
func-hard-gn,independent,baseline,5001,0,1,8,8,0,0,2,1.4537129402160645
func-hard-gn,independent,baseline,5001,0,1,16,16,1,0,2,0.3398612141609192
func-hard-gn,independent,baseline,5001,0,1,32,32,1,0,2,0.04640752822160721
func-hard-gn,independent,baseline,5001,0,1,64,64,1,0,5,0.008752492256462574
func-hard-gn,independent,baseline,5001,0,1,128,128,1,0,4,0.0032893018797039986
func-hard-gn,independent,baseline,5001,0,1,256,256,1,0,3,0.0016140422085300088
func-hard-gn,independent,baseline,5001,0,1,512,512,1,0,4,0.0015704215038567781
func-hard-gn,independent,baseline,5001,0,1,1024,1024,1,0,4,0.0015623279614374042
func-hard-gn,independent,baseline,5001,0,1,1025,1024,1,0,4,0.0015623279614374042
func-hard-gn,coherent,baseline,5001,0,2,0,0,0,0,0,8.569243431091309
func-hard-gn,coherent,baseline,5001,0,2,1,1,0,0,0,8.03537654876709
func-hard-gn,coherent,baseline,5001,0,2,2,2,0,0,0,7.5205559730529785
func-hard-gn,coherent,baseline,5001,0,2,4,4,0,0,3,3.5523900985717773
func-hard-gn,coherent,baseline,5001,0,2,8,8,1,0,4,0.01594054512679577
func-hard-gn,coherent,baseline,5001,0,2,16,16,1,0,4,0.012003826908767223
func-hard-gn,coherent,baseline,5001,0,2,32,32,1,0,3,0.00586550310254097
func-hard-gn,coherent,baseline,5001,0,2,64,64,1,0,3,0.0024777085054665804
func-hard-gn,coherent,baseline,5001,0,2,128,128,1,0,2,0.001559173921123147
func-hard-gn,coherent,baseline,5001,0,2,256,256,1,0,1,0.0015463787131011486
func-hard-gn,coherent,baseline,5001,0,2,512,512,1,0,1,0.001544295810163021
func-hard-gn,coherent,baseline,5001,0,2,1024,1024,1,0,1,0.0015432245563715696
func-hard-gn,coherent,baseline,5001,0,2,1025,1024,1,0,1,0.0015432245563715696
func-hard-gn,independent,baseline,5001,0,2,0,0,0,0,0,8.328126907348633
func-hard-gn,independent,baseline,5001,0,2,1,1,0,0,0,8.0772705078125
func-hard-gn,independent,baseline,5001,0,2,2,2,0,0,0,7.643145561218262
func-hard-gn,independent,baseline,5001,0,2,4,4,0,0,0,5.834131240844727
func-hard-gn,independent,baseline,5001,0,2,8,8,0,0,0,3.510976791381836
func-hard-gn,independent,baseline,5001,0,2,16,16,0,0,1,2.4405839443206787
func-hard-gn,independent,baseline,5001,0,2,32,32,1,0,3,0.0481024906039238
func-hard-gn,independent,baseline,5001,0,2,64,64,1,0,2,0.001994341379031539
func-hard-gn,independent,baseline,5001,0,2,128,128,1,0,2,0.0014694200363010168
func-hard-gn,independent,baseline,5001,0,2,256,256,1,0,2,0.0014480540994554758
func-hard-gn,independent,baseline,5001,0,2,512,512,1,0,3,0.0014432924799621105
func-hard-gn,independent,baseline,5001,0,2,1024,1024,1,0,3,0.0014390663709491491
func-hard-gn,independent,baseline,5001,0,2,1025,1024,1,0,3,0.0014390663709491491
func-soft-gn,coherent,baseline,5001,0,0,0,0,0,0,0,8.408538818359375
func-soft-gn,coherent,baseline,5001,0,0,1,1,0,0,0,7.849952220916748
func-soft-gn,coherent,baseline,5001,0,0,2,2,0,0,0,6.977692604064941
func-soft-gn,coherent,baseline,5001,0,0,4,4,0,0,2,2.764086961746216
func-soft-gn,coherent,baseline,5001,0,0,8,8,1,0,7,0.0883239209651947
func-soft-gn,coherent,baseline,5001,0,0,16,16,1,0,5,0.24917373061180115
func-soft-gn,coherent,baseline,5001,0,0,32,32,1,0,6,0.18045364320278168
func-soft-gn,coherent,baseline,5001,0,0,64,64,1,0,7,0.07168485969305038
func-soft-gn,coherent,baseline,5001,0,0,128,128,1,0,7,0.02756676822900772
func-soft-gn,coherent,baseline,5001,0,0,256,256,1,0,4,0.0018197707831859589
func-soft-gn,coherent,baseline,5001,0,0,512,512,1,0,1,0.0013333605602383614
func-soft-gn,coherent,baseline,5001,0,0,1024,1024,1,0,1,0.0013298486592248082
func-soft-gn,independent,baseline,5001,0,0,0,0,0,0,0,8.441802978515625
func-soft-gn,independent,baseline,5001,0,0,1,1,0,0,0,8.122989654541016
func-soft-gn,independent,baseline,5001,0,0,2,2,0,0,0,7.654374122619629
func-soft-gn,independent,baseline,5001,0,0,4,4,0,0,2,4.034129619598389
func-soft-gn,independent,baseline,5001,0,0,8,8,1,0,5,0.23261189460754395
func-soft-gn,independent,baseline,5001,0,0,16,16,1,0,5,0.2262285053730011
func-soft-gn,independent,baseline,5001,0,0,32,32,1,0,6,0.27387315034866333
func-soft-gn,independent,baseline,5001,0,0,64,64,1,0,7,0.06428017467260361
func-soft-gn,independent,baseline,5001,0,0,128,128,1,0,3,0.042758792638778687
func-soft-gn,independent,baseline,5001,0,0,256,256,1,0,4,0.013461420312523842
func-soft-gn,independent,baseline,5001,0,0,512,512,1,0,4,0.0015033469535410404
func-soft-gn,independent,baseline,5001,0,0,1024,1024,1,0,6,0.0014400780200958252
func-soft-gn,coherent,baseline,5001,0,1,0,0,0,0,0,8.373041152954102
func-soft-gn,coherent,baseline,5001,0,1,1,1,0,0,0,7.522490978240967
func-soft-gn,coherent,baseline,5001,0,1,2,2,0,0,0,6.043707847595215
func-soft-gn,coherent,baseline,5001,0,1,4,4,0,0,2,1.2884609699249268
func-soft-gn,coherent,baseline,5001,0,1,8,8,0,0,2,1.5631557703018188
func-soft-gn,coherent,baseline,5001,0,1,16,16,0,0,2,1.0257426500320435
func-soft-gn,coherent,baseline,5001,0,1,32,32,1,0,2,0.13461779057979584
func-soft-gn,coherent,baseline,5001,0,1,64,64,1,0,3,0.06437814235687256
func-soft-gn,coherent,baseline,5001,0,1,128,128,1,0,5,0.01326003111898899
func-soft-gn,coherent,baseline,5001,0,1,256,256,1,0,5,0.0018050348153337836
func-soft-gn,coherent,baseline,5001,0,1,512,512,1,0,4,0.0015458432026207447
func-soft-gn,coherent,baseline,5001,0,1,1024,1024,1,0,3,0.0015444147866219282
func-soft-gn,independent,baseline,5001,0,1,0,0,0,0,0,8.273639678955078
func-soft-gn,independent,baseline,5001,0,1,1,1,0,0,0,7.827869415283203
func-soft-gn,independent,baseline,5001,0,1,2,2,0,0,0,7.084981918334961
func-soft-gn,independent,baseline,5001,0,1,4,4,0,0,2,2.7430641651153564
func-soft-gn,independent,baseline,5001,0,1,8,8,1,0,3,0.22951245307922363
func-soft-gn,independent,baseline,5001,0,1,16,16,1,0,2,0.12950769066810608
func-soft-gn,independent,baseline,5001,0,1,32,32,1,0,3,0.06184658408164978
func-soft-gn,independent,baseline,5001,0,1,64,64,1,0,4,0.015271235257387161
func-soft-gn,independent,baseline,5001,0,1,128,128,1,0,5,0.0036276159808039665
func-soft-gn,independent,baseline,5001,0,1,256,256,1,0,2,0.001576908165588975
func-soft-gn,independent,baseline,5001,0,1,512,512,1,0,2,0.0015607806853950024
func-soft-gn,independent,baseline,5001,0,1,1024,1024,1,0,3,0.0015533416299149394
func-soft-gn,coherent,baseline,5001,0,2,0,0,0,0,0,8.569243431091309
func-soft-gn,coherent,baseline,5001,0,2,1,1,0,0,0,8.05820083618164
func-soft-gn,coherent,baseline,5001,0,2,2,2,0,0,0,6.135948181152344
func-soft-gn,coherent,baseline,5001,0,2,4,4,1,0,4,0.002950571710243821
func-soft-gn,coherent,baseline,5001,0,2,8,8,1,0,4,0.02639462612569332
func-soft-gn,coherent,baseline,5001,0,2,16,16,1,0,4,0.029292523860931396
func-soft-gn,coherent,baseline,5001,0,2,32,32,1,0,4,0.026161309331655502
func-soft-gn,coherent,baseline,5001,0,2,64,64,1,0,4,0.005633963271975517
func-soft-gn,coherent,baseline,5001,0,2,128,128,1,0,4,0.001563994213938713
func-soft-gn,coherent,baseline,5001,0,2,256,256,1,0,4,0.0015454264357686043
func-soft-gn,coherent,baseline,5001,0,2,512,512,1,0,2,0.001544057740829885
func-soft-gn,coherent,baseline,5001,0,2,1024,1024,1,0,2,0.0015431649517267942
func-soft-gn,independent,baseline,5001,0,2,0,0,0,0,0,8.328126907348633
func-soft-gn,independent,baseline,5001,0,2,1,1,0,0,0,8.077276229858398
func-soft-gn,independent,baseline,5001,0,2,2,2,0,0,0,7.645547389984131
func-soft-gn,independent,baseline,5001,0,2,4,4,0,0,0,4.818355560302734
func-soft-gn,independent,baseline,5001,0,2,8,8,0,0,0,3.162081480026245
func-soft-gn,independent,baseline,5001,0,2,16,16,0,0,0,2.582400321960449
func-soft-gn,independent,baseline,5001,0,2,32,32,1,0,2,0.10277841985225677
func-soft-gn,independent,baseline,5001,0,2,64,64,1,0,1,0.013907862827181816
func-soft-gn,independent,baseline,5001,0,2,128,128,1,0,2,0.0017423329409211874
func-soft-gn,independent,baseline,5001,0,2,256,256,1,0,2,0.001449780073016882
func-soft-gn,independent,baseline,5001,0,2,512,512,1,0,3,0.001443709246814251
func-soft-gn,independent,baseline,5001,0,2,1024,1024,1,0,3,0.0014392449520528316
func-hard-gn,coherent,up-0.25,5001,0,0,0,0,0,0,0,8.362396240234375
func-hard-gn,coherent,up-0.25,5001,0,0,1,1,0,0,0,7.928652763366699
func-hard-gn,coherent,up-0.25,5001,0,0,2,2,0,0,0,7.375082492828369
func-hard-gn,coherent,up-0.25,5001,0,0,4,4,0,0,0,5.883087635040283
func-hard-gn,coherent,up-0.25,5001,0,0,8,8,0,0,0,3.4173505306243896
func-hard-gn,coherent,up-0.25,5001,0,0,16,16,0,0,2,2.0977730751037598
func-hard-gn,coherent,up-0.25,5001,0,0,32,32,1,0,4,0.024719158187508583
func-hard-gn,coherent,up-0.25,5001,0,0,64,64,1,0,3,0.008648058399558067
func-hard-gn,coherent,up-0.25,5001,0,0,128,128,1,0,2,0.002947036176919937
func-hard-gn,coherent,up-0.25,5001,0,0,256,256,1,0,2,0.002277395222336054
func-hard-gn,coherent,up-0.25,5001,0,0,512,512,1,0,4,0.0021977038122713566
func-hard-gn,coherent,up-0.25,5001,0,0,1024,1012,1,0,1,0.002118962351232767
func-hard-gn,coherent,up-0.25,5001,0,0,1045,1024,1,0,1,0.0021106950007379055
func-hard-gn,independent,up-0.25,5001,0,0,0,0,0,0,0,8.866769790649414
func-hard-gn,independent,up-0.25,5001,0,0,1,1,0,0,0,8.48778247833252
func-hard-gn,independent,up-0.25,5001,0,0,2,2,0,0,0,7.932832717895508
func-hard-gn,independent,up-0.25,5001,0,0,4,4,0,0,0,7.184256076812744
func-hard-gn,independent,up-0.25,5001,0,0,8,8,0,0,0,5.276333808898926
func-hard-gn,independent,up-0.25,5001,0,0,16,16,0,0,1,4.239007472991943
func-hard-gn,independent,up-0.25,5001,0,0,32,32,0,0,3,0.8521448373794556
func-hard-gn,independent,up-0.25,5001,0,0,64,64,1,1,0,0.2647761106491089
func-hard-gn,independent,up-0.25,5001,0,0,128,128,1,1,0,0.15201197564601898
func-hard-gn,independent,up-0.25,5001,0,0,256,256,1,0,1,0.05297957733273506
func-hard-gn,independent,up-0.25,5001,0,0,512,512,1,0,3,0.0037579797208309174
func-hard-gn,independent,up-0.25,5001,0,0,1024,1024,1,0,5,0.0032789730466902256
func-hard-gn,independent,up-0.25,5001,0,0,1045,1024,1,0,5,0.0032789730466902256
func-hard-gn,coherent,up-0.25,5001,0,1,0,0,0,0,0,8.689878463745117
func-hard-gn,coherent,up-0.25,5001,0,1,1,1,0,0,0,8.256505966186523
func-hard-gn,coherent,up-0.25,5001,0,1,2,2,0,0,0,7.732629776000977
func-hard-gn,coherent,up-0.25,5001,0,1,4,4,0,0,0,6.336872100830078
func-hard-gn,coherent,up-0.25,5001,0,1,8,8,0,0,2,3.1777377128601074
func-hard-gn,coherent,up-0.25,5001,0,1,16,16,0,0,1,1.6939667463302612
func-hard-gn,coherent,up-0.25,5001,0,1,32,32,0,0,0,1.0587375164031982
func-hard-gn,coherent,up-0.25,5001,0,1,64,64,1,0,1,0.4434131681919098
func-hard-gn,coherent,up-0.25,5001,0,1,128,128,1,0,2,0.05802761763334274
func-hard-gn,coherent,up-0.25,5001,0,1,256,256,1,0,5,0.010384898632764816
func-hard-gn,coherent,up-0.25,5001,0,1,512,512,1,0,4,0.006115765776485205
func-hard-gn,coherent,up-0.25,5001,0,1,1024,1024,1,0,5,0.004911915864795446
func-hard-gn,coherent,up-0.25,5001,0,1,1045,1024,1,0,5,0.004911915864795446
func-hard-gn,independent,up-0.25,5001,0,1,0,0,0,0,0,8.666482925415039
func-hard-gn,independent,up-0.25,5001,0,1,1,1,0,0,0,8.455925941467285
func-hard-gn,independent,up-0.25,5001,0,1,2,2,0,0,0,8.204500198364258
func-hard-gn,independent,up-0.25,5001,0,1,4,4,0,0,0,7.512850284576416
func-hard-gn,independent,up-0.25,5001,0,1,8,8,0,0,0,5.884006500244141
func-hard-gn,independent,up-0.25,5001,0,1,16,16,0,0,0,4.552920818328857
func-hard-gn,independent,up-0.25,5001,0,1,32,32,0,0,1,3.666484832763672
func-hard-gn,independent,up-0.25,5001,0,1,64,64,0,0,3,2.524085521697998
func-hard-gn,independent,up-0.25,5001,0,1,128,128,1,0,4,0.5514202117919922
func-hard-gn,independent,up-0.25,5001,0,1,256,256,1,0,3,0.15031960606575012
func-hard-gn,independent,up-0.25,5001,0,1,512,512,1,0,7,0.04643615335226059
func-hard-gn,independent,up-0.25,5001,0,1,1024,1024,1,0,4,0.007064241450279951
func-hard-gn,independent,up-0.25,5001,0,1,1045,1024,1,0,4,0.007064241450279951
func-hard-gn,coherent,up-0.25,5001,0,2,0,0,0,0,0,7.059028148651123
func-hard-gn,coherent,up-0.25,5001,0,2,1,1,0,0,0,5.961441516876221
func-hard-gn,coherent,up-0.25,5001,0,2,2,2,0,0,2,3.9946537017822266
func-hard-gn,coherent,up-0.25,5001,0,2,4,4,0,0,2,3.742750883102417
func-hard-gn,coherent,up-0.25,5001,0,2,8,8,0,0,3,3.5737452507019043
func-hard-gn,coherent,up-0.25,5001,0,2,16,16,0,0,3,3.3122644424438477
func-hard-gn,coherent,up-0.25,5001,0,2,32,32,0,0,4,2.462315559387207
func-hard-gn,coherent,up-0.25,5001,0,2,64,64,0,0,6,0.4308875799179077
func-hard-gn,coherent,up-0.25,5001,0,2,128,128,1,0,5,0.004944160580635071
func-hard-gn,coherent,up-0.25,5001,0,2,256,256,1,0,5,0.0013725862372666597
func-hard-gn,coherent,up-0.25,5001,0,2,512,512,1,0,5,0.0013535382458940148
func-hard-gn,coherent,up-0.25,5001,0,2,1024,1024,1,0,5,0.0013440737966448069
func-hard-gn,coherent,up-0.25,5001,0,2,1045,1024,1,0,5,0.0013440737966448069
func-hard-gn,independent,up-0.25,5001,0,2,0,0,0,0,0,5.989083290100098
func-hard-gn,independent,up-0.25,5001,0,2,1,1,0,0,0,5.098008155822754
func-hard-gn,independent,up-0.25,5001,0,2,2,2,0,0,1,3.2250895500183105
func-hard-gn,independent,up-0.25,5001,0,2,4,4,0,0,1,2.3358805179595947
func-hard-gn,independent,up-0.25,5001,0,2,8,8,0,0,1,1.1501504182815552
func-hard-gn,independent,up-0.25,5001,0,2,16,16,1,0,2,0.23920413851737976
func-hard-gn,independent,up-0.25,5001,0,2,32,32,1,0,5,0.07153481990098953
func-hard-gn,independent,up-0.25,5001,0,2,64,64,1,0,7,0.004357937723398209
func-hard-gn,independent,up-0.25,5001,0,2,128,128,1,0,7,0.0019504900556057692
func-hard-gn,independent,up-0.25,5001,0,2,256,256,1,0,6,0.0018557715229690075
func-hard-gn,independent,up-0.25,5001,0,2,512,512,1,0,5,0.001825550221838057
func-hard-gn,independent,up-0.25,5001,0,2,1024,1024,1,0,5,0.001805921783670783
func-hard-gn,independent,up-0.25,5001,0,2,1045,1024,1,0,5,0.001805921783670783
func-soft-gn,coherent,up-0.25,5001,0,0,0,0,0,0,0,8.362396240234375
func-soft-gn,coherent,up-0.25,5001,0,0,1,1,0,0,0,7.964870929718018
func-soft-gn,coherent,up-0.25,5001,0,0,2,2,0,0,0,7.459612846374512
func-soft-gn,coherent,up-0.25,5001,0,0,4,4,0,0,0,6.081852912902832
func-soft-gn,coherent,up-0.25,5001,0,0,8,8,0,0,0,3.274507999420166
func-soft-gn,coherent,up-0.25,5001,0,0,16,16,1,0,3,0.14911703765392303
func-soft-gn,coherent,up-0.25,5001,0,0,32,32,1,0,3,0.10420840978622437
func-soft-gn,coherent,up-0.25,5001,0,0,64,64,1,0,4,0.021101858466863632
func-soft-gn,coherent,up-0.25,5001,0,0,128,128,1,0,2,0.0043671103194355965
func-soft-gn,coherent,up-0.25,5001,0,0,256,256,1,0,2,0.002548184245824814
func-soft-gn,coherent,up-0.25,5001,0,0,512,512,1,0,1,0.0023377013858407736
func-soft-gn,coherent,up-0.25,5001,0,0,1024,1024,1,1,0,0.0021941405721008778
func-soft-gn,independent,up-0.25,5001,0,0,0,0,0,0,0,8.866769790649414
func-soft-gn,independent,up-0.25,5001,0,0,1,1,0,0,0,8.509859085083008
func-soft-gn,independent,up-0.25,5001,0,0,2,2,0,0,0,8.050585746765137
func-soft-gn,independent,up-0.25,5001,0,0,4,4,0,0,0,7.40434455871582
func-soft-gn,independent,up-0.25,5001,0,0,8,8,0,0,0,5.668509483337402
func-soft-gn,independent,up-0.25,5001,0,0,16,16,0,0,2,2.681077003479004
func-soft-gn,independent,up-0.25,5001,0,0,32,32,1,0,2,0.317900151014328
func-soft-gn,independent,up-0.25,5001,0,0,64,64,1,0,1,0.04261501133441925
func-soft-gn,independent,up-0.25,5001,0,0,128,128,1,0,2,0.005432740319520235
func-soft-gn,independent,up-0.25,5001,0,0,256,256,1,0,1,0.0031955167651176453
func-soft-gn,independent,up-0.25,5001,0,0,512,512,1,0,1,0.0031311213970184326
func-soft-gn,independent,up-0.25,5001,0,0,1024,1024,1,0,1,0.003128861542791128
func-soft-gn,coherent,up-0.25,5001,0,1,0,0,0,0,0,8.689878463745117
func-soft-gn,coherent,up-0.25,5001,0,1,1,1,0,0,0,8.27416706085205
func-soft-gn,coherent,up-0.25,5001,0,1,2,2,0,0,0,7.776681900024414
func-soft-gn,coherent,up-0.25,5001,0,1,4,4,0,0,0,6.468771934509277
func-soft-gn,coherent,up-0.25,5001,0,1,8,8,1,0,2,0.0894107073545456
func-soft-gn,coherent,up-0.25,5001,0,1,16,16,1,0,3,0.08119949698448181
func-soft-gn,coherent,up-0.25,5001,0,1,32,32,1,0,2,0.14853039383888245
func-soft-gn,coherent,up-0.25,5001,0,1,64,64,1,0,2,0.1038006916642189
func-soft-gn,coherent,up-0.25,5001,0,1,128,128,1,0,4,0.10001127421855927
func-soft-gn,coherent,up-0.25,5001,0,1,256,256,1,0,6,0.02514130063354969
func-soft-gn,coherent,up-0.25,5001,0,1,512,512,1,0,4,0.0051330034621059895
func-soft-gn,coherent,up-0.25,5001,0,1,1024,1024,1,0,4,0.004501744173467159
func-soft-gn,independent,up-0.25,5001,0,1,0,0,0,0,0,8.666482925415039
func-soft-gn,independent,up-0.25,5001,0,1,1,1,0,0,0,8.466800689697266
func-soft-gn,independent,up-0.25,5001,0,1,2,2,0,0,0,8.232474327087402
func-soft-gn,independent,up-0.25,5001,0,1,4,4,0,0,0,7.608267784118652
func-soft-gn,independent,up-0.25,5001,0,1,8,8,0,0,0,5.3782057762146
func-soft-gn,independent,up-0.25,5001,0,1,16,16,0,0,2,3.9130938053131104
func-soft-gn,independent,up-0.25,5001,0,1,32,32,0,0,8,1.4966208934783936
func-soft-gn,independent,up-0.25,5001,0,1,64,64,1,0,5,0.6870183348655701
func-soft-gn,independent,up-0.25,5001,0,1,128,128,1,0,4,0.18907710909843445
func-soft-gn,independent,up-0.25,5001,0,1,256,256,1,0,4,0.015552454628050327
func-soft-gn,independent,up-0.25,5001,0,1,512,512,1,0,3,0.004386065527796745
func-soft-gn,independent,up-0.25,5001,0,1,1024,1024,1,0,5,0.004011519253253937
func-soft-gn,coherent,up-0.25,5001,0,2,0,0,0,0,0,7.059028148651123
func-soft-gn,coherent,up-0.25,5001,0,2,1,1,0,0,0,6.148585319519043
func-soft-gn,coherent,up-0.25,5001,0,2,2,2,0,0,2,4.201962471008301
func-soft-gn,coherent,up-0.25,5001,0,2,4,4,0,0,2,3.832143783569336
func-soft-gn,coherent,up-0.25,5001,0,2,8,8,0,0,3,3.669027328491211
func-soft-gn,coherent,up-0.25,5001,0,2,16,16,0,0,3,3.5375869274139404
func-soft-gn,coherent,up-0.25,5001,0,2,32,32,0,0,4,2.746831178665161
func-soft-gn,coherent,up-0.25,5001,0,2,64,64,1,0,6,0.20248033106327057
func-soft-gn,coherent,up-0.25,5001,0,2,128,128,1,0,5,0.0042418017983436584
func-soft-gn,coherent,up-0.25,5001,0,2,256,256,1,0,5,0.0013652653433382511
func-soft-gn,coherent,up-0.25,5001,0,2,512,512,1,0,5,0.0013499078340828419
func-soft-gn,coherent,up-0.25,5001,0,2,1024,1024,1,0,5,0.0013345505576580763
func-soft-gn,independent,up-0.25,5001,0,2,0,0,0,0,0,5.989083290100098
func-soft-gn,independent,up-0.25,5001,0,2,1,1,0,0,0,5.294036388397217
func-soft-gn,independent,up-0.25,5001,0,2,2,2,0,0,0,3.620720624923706
func-soft-gn,independent,up-0.25,5001,0,2,4,4,0,0,1,2.3584110736846924
func-soft-gn,independent,up-0.25,5001,0,2,8,8,0,0,1,1.2563676834106445
func-soft-gn,independent,up-0.25,5001,0,2,16,16,1,0,2,0.28453269600868225
func-soft-gn,independent,up-0.25,5001,0,2,32,32,1,0,5,0.137899711728096
func-soft-gn,independent,up-0.25,5001,0,2,64,64,1,0,5,0.010410761460661888
func-soft-gn,independent,up-0.25,5001,0,2,128,128,1,0,5,0.0019717267714440823
func-soft-gn,independent,up-0.25,5001,0,2,256,256,1,0,6,0.0018515412230044603
func-soft-gn,independent,up-0.25,5001,0,2,512,512,1,0,6,0.001823763595893979
func-soft-gn,independent,up-0.25,5001,0,2,1024,1024,1,0,6,0.0018159134779125452
func-hard-gn,coherent,baseline,5001,1,0,0,0,0,0,0,8.879556655883789
func-hard-gn,coherent,baseline,5001,1,0,1,1,0,0,0,6.458016395568848
func-hard-gn,coherent,baseline,5001,1,0,2,2,0,0,1,2.11185359954834
func-hard-gn,coherent,baseline,5001,1,0,4,4,0,0,1,1.515960454940796
func-hard-gn,coherent,baseline,5001,1,0,8,8,0,0,1,1.2418735027313232
func-hard-gn,coherent,baseline,5001,1,0,16,16,0,0,1,1.0070356130599976
func-hard-gn,coherent,baseline,5001,1,0,32,32,0,0,1,1.0002624988555908
func-hard-gn,coherent,baseline,5001,1,0,64,64,0,0,2,0.721064567565918
func-hard-gn,coherent,baseline,5001,1,0,128,128,1,0,3,0.17635715007781982
func-hard-gn,coherent,baseline,5001,1,0,256,254,1,1,0,0.06631229817867279
func-hard-gn,coherent,baseline,5001,1,0,512,505,1,0,1,0.029376186430454254
func-hard-gn,coherent,baseline,5001,1,0,1024,1015,1,0,1,0.0012909776996821165
func-hard-gn,coherent,baseline,5001,1,0,1033,1024,1,0,1,0.001286334590986371
func-hard-gn,independent,baseline,5001,1,0,0,0,0,0,0,8.472295761108398
func-hard-gn,independent,baseline,5001,1,0,1,1,0,0,0,7.4107666015625
func-hard-gn,independent,baseline,5001,1,0,2,2,0,0,0,5.095579624176025
func-hard-gn,independent,baseline,5001,1,0,4,4,0,0,1,3.965778112411499
func-hard-gn,independent,baseline,5001,1,0,8,8,0,0,1,3.473066806793213
func-hard-gn,independent,baseline,5001,1,0,16,16,0,0,2,2.617760419845581
func-hard-gn,independent,baseline,5001,1,0,32,32,0,0,2,0.902935266494751
func-hard-gn,independent,baseline,5001,1,0,64,64,1,0,3,0.3442527949810028
func-hard-gn,independent,baseline,5001,1,0,128,128,1,0,3,0.26865464448928833
func-hard-gn,independent,baseline,5001,1,0,256,255,1,0,3,0.13880644738674164
func-hard-gn,independent,baseline,5001,1,0,512,511,1,0,2,0.042536575347185135
func-hard-gn,independent,baseline,5001,1,0,1024,1023,1,0,2,0.004032050259411335
func-hard-gn,independent,baseline,5001,1,0,1033,1024,1,0,2,0.004032600205391645
func-hard-gn,coherent,baseline,5001,1,1,0,0,0,0,0,8.681642532348633
func-hard-gn,coherent,baseline,5001,1,1,1,1,0,0,0,8.193365097045898
func-hard-gn,coherent,baseline,5001,1,1,2,2,0,0,0,7.592759132385254
func-hard-gn,coherent,baseline,5001,1,1,4,4,0,0,1,5.562110424041748
func-hard-gn,coherent,baseline,5001,1,1,8,8,0,0,2,3.092242956161499
func-hard-gn,coherent,baseline,5001,1,1,16,16,0,0,3,0.580671489238739
func-hard-gn,coherent,baseline,5001,1,1,32,32,1,0,4,0.11226995289325714
func-hard-gn,coherent,baseline,5001,1,1,64,64,1,0,2,0.0036407988518476486
func-hard-gn,coherent,baseline,5001,1,1,128,128,1,0,1,0.0015645894454792142
func-hard-gn,coherent,baseline,5001,1,1,256,256,1,0,1,0.0015636966563761234
func-hard-gn,coherent,baseline,5001,1,1,512,512,1,0,1,0.0015580430626869202
func-hard-gn,coherent,baseline,5001,1,1,1024,1024,1,0,1,0.001555127091705799
func-hard-gn,coherent,baseline,5001,1,1,1033,1024,1,0,1,0.001555127091705799
func-hard-gn,independent,baseline,5001,1,1,0,0,0,0,0,8.715103149414062
func-hard-gn,independent,baseline,5001,1,1,1,1,0,0,0,8.30844497680664
func-hard-gn,independent,baseline,5001,1,1,2,2,0,0,0,7.841500282287598
func-hard-gn,independent,baseline,5001,1,1,4,4,0,0,0,6.509274482727051
func-hard-gn,independent,baseline,5001,1,1,8,8,0,0,0,3.59863543510437
func-hard-gn,independent,baseline,5001,1,1,16,16,0,0,1,1.5164531469345093
func-hard-gn,independent,baseline,5001,1,1,32,32,1,0,1,0.5243724584579468
func-hard-gn,independent,baseline,5001,1,1,64,64,1,0,2,0.137907937169075
func-hard-gn,independent,baseline,5001,1,1,128,128,1,0,3,0.0567181259393692
func-hard-gn,independent,baseline,5001,1,1,256,256,1,0,3,0.011083316057920456
func-hard-gn,independent,baseline,5001,1,1,512,512,1,0,1,0.0015381649136543274
func-hard-gn,independent,baseline,5001,1,1,1024,1024,1,0,1,0.0015193582512438297
func-hard-gn,independent,baseline,5001,1,1,1033,1024,1,0,1,0.0015193582512438297
func-hard-gn,coherent,baseline,5001,1,2,0,0,0,0,0,7.907910346984863
func-hard-gn,coherent,baseline,5001,1,2,1,1,0,0,0,6.932923316955566
func-hard-gn,coherent,baseline,5001,1,2,2,2,0,0,0,5.686423301696777
func-hard-gn,coherent,baseline,5001,1,2,4,4,0,0,0,1.867767333984375
func-hard-gn,coherent,baseline,5001,1,2,8,8,1,0,3,0.22625882923603058
func-hard-gn,coherent,baseline,5001,1,2,16,16,1,0,2,0.018444474786520004
func-hard-gn,coherent,baseline,5001,1,2,32,32,1,0,2,0.016827410086989403
func-hard-gn,coherent,baseline,5001,1,2,64,64,1,0,2,0.01199416909366846
func-hard-gn,coherent,baseline,5001,1,2,128,128,1,0,2,0.006044287234544754
func-hard-gn,coherent,baseline,5001,1,2,256,256,1,0,2,0.0017818149644881487
func-hard-gn,coherent,baseline,5001,1,2,512,512,1,0,1,0.0014419882791116834
func-hard-gn,coherent,baseline,5001,1,2,1024,1024,1,0,1,0.001433774596080184
func-hard-gn,coherent,baseline,5001,1,2,1033,1024,1,0,1,0.001433774596080184
func-hard-gn,independent,baseline,5001,1,2,0,0,0,0,0,8.22067642211914
func-hard-gn,independent,baseline,5001,1,2,1,1,0,0,0,6.844226837158203
func-hard-gn,independent,baseline,5001,1,2,2,2,0,0,0,4.26945161819458
func-hard-gn,independent,baseline,5001,1,2,4,4,0,0,0,3.3881914615631104
func-hard-gn,independent,baseline,5001,1,2,8,8,0,0,0,1.1776384115219116
func-hard-gn,independent,baseline,5001,1,2,16,16,1,0,3,0.1361272931098938
func-hard-gn,independent,baseline,5001,1,2,32,32,1,0,1,0.06826178729534149
func-hard-gn,independent,baseline,5001,1,2,64,64,1,1,0,0.03418668359518051
func-hard-gn,independent,baseline,5001,1,2,128,128,1,0,1,0.018084239214658737
func-hard-gn,independent,baseline,5001,1,2,256,256,1,0,1,0.004850649740546942
func-hard-gn,independent,baseline,5001,1,2,512,512,1,0,1,0.0014244875637814403
func-hard-gn,independent,baseline,5001,1,2,1024,1024,1,0,1,0.0013831784017384052
func-hard-gn,independent,baseline,5001,1,2,1033,1024,1,0,1,0.0013831784017384052
func-soft-gn,coherent,baseline,5001,1,0,0,0,0,0,0,8.879556655883789
func-soft-gn,coherent,baseline,5001,1,0,1,1,0,0,0,6.67378044128418
func-soft-gn,coherent,baseline,5001,1,0,2,2,0,0,1,2.670628070831299
func-soft-gn,coherent,baseline,5001,1,0,4,4,1,0,4,0.5180644989013672
func-soft-gn,coherent,baseline,5001,1,0,8,8,1,0,3,0.3194531798362732
func-soft-gn,coherent,baseline,5001,1,0,16,16,1,0,3,0.33032065629959106
func-soft-gn,coherent,baseline,5001,1,0,32,32,1,0,3,0.21887078881263733
func-soft-gn,coherent,baseline,5001,1,0,64,62,1,0,1,0.126552551984787
func-soft-gn,coherent,baseline,5001,1,0,128,124,1,0,1,0.01678922213613987
func-soft-gn,coherent,baseline,5001,1,0,256,252,1,0,1,0.0030923904851078987
func-soft-gn,coherent,baseline,5001,1,0,512,508,1,0,1,0.0012719286605715752
func-soft-gn,coherent,baseline,5001,1,0,1024,1020,1,0,1,0.0012468071654438972
func-soft-gn,coherent,baseline,5001,1,0,1028,1024,1,0,1,0.0012466881889849901
func-soft-gn,independent,baseline,5001,1,0,0,0,0,0,0,8.472295761108398
func-soft-gn,independent,baseline,5001,1,0,1,1,0,0,0,7.466975688934326
func-soft-gn,independent,baseline,5001,1,0,2,2,0,0,0,5.273123264312744
func-soft-gn,independent,baseline,5001,1,0,4,4,0,0,1,4.681970596313477
func-soft-gn,independent,baseline,5001,1,0,8,8,0,0,1,3.364743947982788
func-soft-gn,independent,baseline,5001,1,0,16,16,0,0,3,2.994729995727539
func-soft-gn,independent,baseline,5001,1,0,32,32,1,0,5,0.532418429851532
func-soft-gn,independent,baseline,5001,1,0,64,64,1,0,6,0.23005107045173645
func-soft-gn,independent,baseline,5001,1,0,128,128,1,0,3,0.16587254405021667
func-soft-gn,independent,baseline,5001,1,0,256,256,1,0,2,0.09718165546655655
func-soft-gn,independent,baseline,5001,1,0,512,512,1,0,2,0.0370107926428318
func-soft-gn,independent,baseline,5001,1,0,1024,1024,1,0,2,0.003484260756522417
func-soft-gn,independent,baseline,5001,1,0,1028,1024,1,0,2,0.003484260756522417
func-soft-gn,coherent,baseline,5001,1,1,0,0,0,0,0,8.681642532348633
func-soft-gn,coherent,baseline,5001,1,1,1,1,0,0,0,8.215956687927246
func-soft-gn,coherent,baseline,5001,1,1,2,2,0,0,0,7.659283638000488
func-soft-gn,coherent,baseline,5001,1,1,4,4,0,0,1,5.995175838470459
func-soft-gn,coherent,baseline,5001,1,1,8,8,0,0,2,2.9268312454223633
func-soft-gn,coherent,baseline,5001,1,1,16,16,1,0,6,0.07101855427026749
func-soft-gn,coherent,baseline,5001,1,1,32,32,1,0,2,0.023443814367055893
func-soft-gn,coherent,baseline,5001,1,1,64,64,1,0,1,0.011463422328233719
func-soft-gn,coherent,baseline,5001,1,1,128,128,1,1,0,0.002897615311667323
func-soft-gn,coherent,baseline,5001,1,1,256,256,1,0,1,0.0015738732181489468
func-soft-gn,coherent,baseline,5001,1,1,512,512,1,0,1,0.0015605426160618663
func-soft-gn,coherent,baseline,5001,1,1,1024,1024,1,0,1,0.0015562577173113823
func-soft-gn,coherent,baseline,5001,1,1,1028,1024,1,0,1,0.0015562577173113823
func-soft-gn,independent,baseline,5001,1,1,0,0,0,0,0,8.715103149414062
func-soft-gn,independent,baseline,5001,1,1,1,1,0,0,0,8.337862014770508
func-soft-gn,independent,baseline,5001,1,1,2,2,0,0,0,7.915818214416504
func-soft-gn,independent,baseline,5001,1,1,4,4,0,0,0,6.811246871948242
func-soft-gn,independent,baseline,5001,1,1,8,8,0,0,0,3.4837148189544678
func-soft-gn,independent,baseline,5001,1,1,16,16,1,0,5,0.5695199966430664
func-soft-gn,independent,baseline,5001,1,1,32,32,1,0,1,0.39010605216026306
func-soft-gn,independent,baseline,5001,1,1,64,64,1,0,2,0.1589786559343338
func-soft-gn,independent,baseline,5001,1,1,128,128,1,0,1,0.05334039404988289
func-soft-gn,independent,baseline,5001,1,1,256,256,1,0,2,0.008648734539747238
func-soft-gn,independent,baseline,5001,1,1,512,512,1,0,2,0.0015511390520259738
func-soft-gn,independent,baseline,5001,1,1,1024,1024,1,0,2,0.0015246551483869553
func-soft-gn,independent,baseline,5001,1,1,1028,1024,1,0,2,0.0015246551483869553
func-soft-gn,coherent,baseline,5001,1,2,0,0,0,0,0,7.907910346984863
func-soft-gn,coherent,baseline,5001,1,2,1,1,0,0,0,6.996034622192383
func-soft-gn,coherent,baseline,5001,1,2,2,2,0,0,0,5.825739860534668
func-soft-gn,coherent,baseline,5001,1,2,4,4,0,0,2,0.7740845680236816
func-soft-gn,coherent,baseline,5001,1,2,8,8,1,0,3,0.26700660586357117
func-soft-gn,coherent,baseline,5001,1,2,16,16,1,0,2,0.2354847490787506
func-soft-gn,coherent,baseline,5001,1,2,32,32,1,0,3,0.09809193015098572
func-soft-gn,coherent,baseline,5001,1,2,64,64,1,0,2,0.06881080567836761
func-soft-gn,coherent,baseline,5001,1,2,128,128,1,1,0,0.030777540057897568
func-soft-gn,coherent,baseline,5001,1,2,256,256,1,1,0,0.005075454246252775
func-soft-gn,coherent,baseline,5001,1,2,512,512,1,0,1,0.001436453079804778
func-soft-gn,coherent,baseline,5001,1,2,1024,1024,1,0,1,0.0014302630443125963
func-soft-gn,coherent,baseline,5001,1,2,1028,1024,1,0,1,0.0014302630443125963
func-soft-gn,independent,baseline,5001,1,2,0,0,0,0,0,8.22067642211914
func-soft-gn,independent,baseline,5001,1,2,1,1,0,0,0,6.989643573760986
func-soft-gn,independent,baseline,5001,1,2,2,2,0,0,0,4.5831708908081055
func-soft-gn,independent,baseline,5001,1,2,4,4,0,0,0,3.809706687927246
func-soft-gn,independent,baseline,5001,1,2,8,8,0,0,0,2.8610541820526123
func-soft-gn,independent,baseline,5001,1,2,16,16,1,0,3,0.291820228099823
func-soft-gn,independent,baseline,5001,1,2,32,32,1,0,1,0.14201728999614716
func-soft-gn,independent,baseline,5001,1,2,64,64,1,1,0,0.07417827844619751
func-soft-gn,independent,baseline,5001,1,2,128,128,1,0,1,0.0315905436873436
func-soft-gn,independent,baseline,5001,1,2,256,256,1,0,1,0.011632205918431282
func-soft-gn,independent,baseline,5001,1,2,512,512,1,0,1,0.0014580576680600643
func-soft-gn,independent,baseline,5001,1,2,1024,1024,1,1,0,0.0013827020302414894
func-soft-gn,independent,baseline,5001,1,2,1028,1024,1,1,0,0.0013827020302414894
func-hard-gn,coherent,up-0.25,5001,1,0,0,0,0,0,0,8.993185043334961
func-hard-gn,coherent,up-0.25,5001,1,0,1,1,0,0,0,7.80747127532959
func-hard-gn,coherent,up-0.25,5001,1,0,2,2,0,0,0,5.791851043701172
func-hard-gn,coherent,up-0.25,5001,1,0,4,4,0,0,2,1.268094778060913
func-hard-gn,coherent,up-0.25,5001,1,0,8,8,0,0,1,0.6273594498634338
func-hard-gn,coherent,up-0.25,5001,1,0,16,16,1,1,0,0.15096791088581085
func-hard-gn,coherent,up-0.25,5001,1,0,32,32,1,1,0,0.02277068793773651
func-hard-gn,coherent,up-0.25,5001,1,0,64,64,1,1,0,0.0027703626547008753
func-hard-gn,coherent,up-0.25,5001,1,0,128,128,1,1,0,0.0012518076691776514
func-hard-gn,coherent,up-0.25,5001,1,0,256,256,1,1,0,0.0012415684759616852
func-hard-gn,coherent,up-0.25,5001,1,0,512,512,1,1,0,0.0012374608777463436
func-hard-gn,coherent,up-0.25,5001,1,0,1024,1024,1,1,0,0.0012346034636721015
func-hard-gn,independent,up-0.25,5001,1,0,0,0,0,0,0,8.549890518188477
func-hard-gn,independent,up-0.25,5001,1,0,1,1,0,0,0,7.729440212249756
func-hard-gn,independent,up-0.25,5001,1,0,2,2,0,0,0,5.758962154388428
func-hard-gn,independent,up-0.25,5001,1,0,4,4,0,0,2,4.531574726104736
func-hard-gn,independent,up-0.25,5001,1,0,8,8,0,0,2,4.041931629180908
func-hard-gn,independent,up-0.25,5001,1,0,16,16,1,0,2,0.21354183554649353
func-hard-gn,independent,up-0.25,5001,1,0,32,32,1,0,2,0.015990961343050003
func-hard-gn,independent,up-0.25,5001,1,0,64,64,1,1,0,0.0025464470963925123
func-hard-gn,independent,up-0.25,5001,1,0,128,128,1,0,1,0.0014364402741193771
func-hard-gn,independent,up-0.25,5001,1,0,256,256,1,1,0,0.0014248325023800135
func-hard-gn,independent,up-0.25,5001,1,0,512,512,1,1,0,0.0014207256026566029
func-hard-gn,independent,up-0.25,5001,1,0,1024,1024,1,1,0,0.0014174520038068295
func-hard-gn,coherent,up-0.25,5001,1,1,0,0,0,0,0,8.624540328979492
func-hard-gn,coherent,up-0.25,5001,1,1,1,1,0,0,0,7.947514533996582
func-hard-gn,coherent,up-0.25,5001,1,1,2,2,0,0,0,6.169274806976318
func-hard-gn,coherent,up-0.25,5001,1,1,4,4,0,0,3,3.7863306999206543
func-hard-gn,coherent,up-0.25,5001,1,1,8,8,0,0,3,2.0734622478485107
func-hard-gn,coherent,up-0.25,5001,1,1,16,16,1,0,3,0.04103118181228638
func-hard-gn,coherent,up-0.25,5001,1,1,32,32,1,0,1,0.00839649885892868
func-hard-gn,coherent,up-0.25,5001,1,1,64,64,1,0,1,0.0016593262553215027
func-hard-gn,coherent,up-0.25,5001,1,1,128,128,1,1,0,0.0015832162462174892
func-hard-gn,coherent,up-0.25,5001,1,1,256,256,1,1,0,0.001580062322318554
func-hard-gn,coherent,up-0.25,5001,1,1,512,512,1,1,0,0.0015789910685271025
func-hard-gn,coherent,up-0.25,5001,1,1,1024,1024,1,1,0,0.0015786935109645128
func-hard-gn,independent,up-0.25,5001,1,1,0,0,0,0,0,8.783561706542969
func-hard-gn,independent,up-0.25,5001,1,1,1,1,0,0,0,8.196228981018066
func-hard-gn,independent,up-0.25,5001,1,1,2,2,0,0,0,7.2905120849609375
func-hard-gn,independent,up-0.25,5001,1,1,4,4,0,0,1,4.298340797424316
func-hard-gn,independent,up-0.25,5001,1,1,8,8,0,0,1,3.654144287109375
func-hard-gn,independent,up-0.25,5001,1,1,16,16,0,0,4,1.5133079290390015
func-hard-gn,independent,up-0.25,5001,1,1,32,32,1,0,4,0.03819563612341881
func-hard-gn,independent,up-0.25,5001,1,1,64,64,1,0,4,0.021980438381433487
func-hard-gn,independent,up-0.25,5001,1,1,128,128,1,0,4,0.0045149968937039375
func-hard-gn,independent,up-0.25,5001,1,1,256,256,1,0,2,0.0015038828132674098
func-hard-gn,independent,up-0.25,5001,1,1,512,512,1,0,2,0.0015006093308329582
func-hard-gn,independent,up-0.25,5001,1,1,1024,1024,1,0,2,0.0014990619383752346
func-hard-gn,coherent,up-0.25,5001,1,2,0,0,0,0,0,7.989625930786133
func-hard-gn,coherent,up-0.25,5001,1,2,1,1,0,0,0,7.336480140686035
func-hard-gn,coherent,up-0.25,5001,1,2,2,2,0,0,0,4.973625183105469
func-hard-gn,coherent,up-0.25,5001,1,2,4,4,1,1,0,0.0037188821006566286
func-hard-gn,coherent,up-0.25,5001,1,2,8,8,1,1,0,0.0019114790484309196
func-hard-gn,coherent,up-0.25,5001,1,2,16,16,1,1,0,0.0014693069970235229
func-hard-gn,coherent,up-0.25,5001,1,2,32,32,1,1,0,0.0014245491474866867
func-hard-gn,coherent,up-0.25,5001,1,2,64,64,1,1,0,0.0014182995073497295
func-hard-gn,coherent,up-0.25,5001,1,2,128,128,1,1,0,0.0014171091606840491
func-hard-gn,coherent,up-0.25,5001,1,2,256,256,1,1,0,0.0014165735337883234
func-hard-gn,coherent,up-0.25,5001,1,2,512,512,1,1,0,0.0014160972787067294
func-hard-gn,coherent,up-0.25,5001,1,2,1024,1024,1,1,0,0.0014157402329146862
func-hard-gn,independent,up-0.25,5001,1,2,0,0,0,0,0,8.181862831115723
func-hard-gn,independent,up-0.25,5001,1,2,1,1,0,0,0,7.271695137023926
func-hard-gn,independent,up-0.25,5001,1,2,2,2,0,0,0,3.20084285736084
func-hard-gn,independent,up-0.25,5001,1,2,4,4,0,0,0,1.4619876146316528
func-hard-gn,independent,up-0.25,5001,1,2,8,8,1,1,0,0.09085626900196075
func-hard-gn,independent,up-0.25,5001,1,2,16,16,1,1,0,0.0825892835855484
func-hard-gn,independent,up-0.25,5001,1,2,32,32,1,1,0,0.05834256857633591
func-hard-gn,independent,up-0.25,5001,1,2,64,64,1,1,0,0.022735197097063065
func-hard-gn,independent,up-0.25,5001,1,2,128,128,1,1,0,0.002893127268180251
func-hard-gn,independent,up-0.25,5001,1,2,256,256,1,1,0,0.0013654993381351233
func-hard-gn,independent,up-0.25,5001,1,2,512,512,1,1,0,0.0013581184903159738
func-hard-gn,independent,up-0.25,5001,1,2,1024,1024,1,1,0,0.0013528803829103708
func-soft-gn,coherent,up-0.25,5001,1,0,0,0,0,0,0,8.993185043334961
func-soft-gn,coherent,up-0.25,5001,1,0,1,1,0,0,0,7.872391223907471
func-soft-gn,coherent,up-0.25,5001,1,0,2,2,0,0,0,6.03377103805542
func-soft-gn,coherent,up-0.25,5001,1,0,4,4,1,0,5,0.278931587934494
func-soft-gn,coherent,up-0.25,5001,1,0,8,8,1,0,4,0.1562085598707199
func-soft-gn,coherent,up-0.25,5001,1,0,16,16,1,0,4,0.11515078693628311
func-soft-gn,coherent,up-0.25,5001,1,0,32,32,1,0,1,0.0940527617931366
func-soft-gn,coherent,up-0.25,5001,1,0,64,64,1,1,0,0.007267063949257135
func-soft-gn,coherent,up-0.25,5001,1,0,128,128,1,0,1,0.001284667756408453
func-soft-gn,coherent,up-0.25,5001,1,0,256,256,1,1,0,0.0012396040838211775
func-soft-gn,coherent,up-0.25,5001,1,0,512,512,1,1,0,0.001235496369190514
func-soft-gn,coherent,up-0.25,5001,1,0,1024,1024,1,1,0,0.0012340081157162786
func-soft-gn,independent,up-0.25,5001,1,0,0,0,0,0,0,8.549890518188477
func-soft-gn,independent,up-0.25,5001,1,0,1,1,0,0,0,7.792713165283203
func-soft-gn,independent,up-0.25,5001,1,0,2,2,0,0,0,6.038797378540039
func-soft-gn,independent,up-0.25,5001,1,0,4,4,0,0,2,4.522426128387451
func-soft-gn,independent,up-0.25,5001,1,0,8,8,0,0,3,4.299990653991699
func-soft-gn,independent,up-0.25,5001,1,0,16,16,0,0,2,4.169430732727051
func-soft-gn,independent,up-0.25,5001,1,0,32,32,1,0,4,0.1783250868320465
func-soft-gn,independent,up-0.25,5001,1,0,64,64,1,1,0,0.052754487842321396
func-soft-gn,independent,up-0.25,5001,1,0,128,128,1,1,0,0.002285192022100091
func-soft-gn,independent,up-0.25,5001,1,0,256,256,1,1,0,0.001426082686521113
func-soft-gn,independent,up-0.25,5001,1,0,512,512,1,1,0,0.0014206662308424711
func-soft-gn,independent,up-0.25,5001,1,0,1024,1024,1,1,0,0.0014170354697853327
func-soft-gn,coherent,up-0.25,5001,1,1,0,0,0,0,0,8.624540328979492
func-soft-gn,coherent,up-0.25,5001,1,1,1,1,0,0,0,7.986573219299316
func-soft-gn,coherent,up-0.25,5001,1,1,2,2,0,0,0,6.353948593139648
func-soft-gn,coherent,up-0.25,5001,1,1,4,4,0,0,3,2.1366074085235596
func-soft-gn,coherent,up-0.25,5001,1,1,8,8,1,0,4,0.02684072218835354
func-soft-gn,coherent,up-0.25,5001,1,1,16,16,1,0,4,0.017708640545606613
func-soft-gn,coherent,up-0.25,5001,1,1,32,32,1,0,3,0.028471585363149643
func-soft-gn,coherent,up-0.25,5001,1,1,64,64,1,1,0,0.0067197540774941444
func-soft-gn,coherent,up-0.25,5001,1,1,128,128,1,1,0,0.0017860052175819874
func-soft-gn,coherent,up-0.25,5001,1,1,256,256,1,1,0,0.0015802407870069146
func-soft-gn,coherent,up-0.25,5001,1,1,512,512,1,1,0,0.0015791100449860096
func-soft-gn,coherent,up-0.25,5001,1,1,1024,1024,1,1,0,0.0015786935109645128
func-soft-gn,independent,up-0.25,5001,1,1,0,0,0,0,0,8.783561706542969
func-soft-gn,independent,up-0.25,5001,1,1,1,1,0,0,0,8.21290397644043
func-soft-gn,independent,up-0.25,5001,1,1,2,2,0,0,0,7.343461036682129
func-soft-gn,independent,up-0.25,5001,1,1,4,4,0,0,0,4.384994029998779
func-soft-gn,independent,up-0.25,5001,1,1,8,8,0,0,0,4.082339286804199
func-soft-gn,independent,up-0.25,5001,1,1,16,16,1,0,4,0.0820520743727684
func-soft-gn,independent,up-0.25,5001,1,1,32,32,1,0,2,0.06317178905010223
func-soft-gn,independent,up-0.25,5001,1,1,64,64,1,0,3,0.030708488076925278
func-soft-gn,independent,up-0.25,5001,1,1,128,128,1,1,0,0.019033506512641907
func-soft-gn,independent,up-0.25,5001,1,1,256,256,1,0,3,0.001832474023103714
func-soft-gn,independent,up-0.25,5001,1,1,512,512,1,0,3,0.0015010260976850986
func-soft-gn,independent,up-0.25,5001,1,1,1024,1024,1,0,3,0.0014990023337304592
func-soft-gn,coherent,up-0.25,5001,1,2,0,0,0,0,0,7.989625930786133
func-soft-gn,coherent,up-0.25,5001,1,2,1,1,0,0,0,7.383527755737305
func-soft-gn,coherent,up-0.25,5001,1,2,2,2,0,0,0,5.335015296936035
func-soft-gn,coherent,up-0.25,5001,1,2,4,4,1,1,0,0.0021712251473218203
func-soft-gn,coherent,up-0.25,5001,1,2,8,8,1,1,0,0.0014826387632638216
func-soft-gn,coherent,up-0.25,5001,1,2,16,16,1,1,0,0.001442762091755867
func-soft-gn,coherent,up-0.25,5001,1,2,32,32,1,1,0,0.0014230611268430948
func-soft-gn,coherent,up-0.25,5001,1,2,64,64,1,1,0,0.001418240019120276
func-soft-gn,coherent,up-0.25,5001,1,2,128,128,1,1,0,0.0014172281371429563
func-soft-gn,coherent,up-0.25,5001,1,2,256,256,1,1,0,0.001416633022017777
func-soft-gn,coherent,up-0.25,5001,1,2,512,512,1,1,0,0.0014160972787067294
func-soft-gn,coherent,up-0.25,5001,1,2,1024,1024,1,1,0,0.0014158592093735933
func-soft-gn,independent,up-0.25,5001,1,2,0,0,0,0,0,8.181862831115723
func-soft-gn,independent,up-0.25,5001,1,2,1,1,0,0,0,7.343176364898682
func-soft-gn,independent,up-0.25,5001,1,2,2,2,0,0,0,3.6144227981567383
func-soft-gn,independent,up-0.25,5001,1,2,4,4,1,1,0,0.19485688209533691
func-soft-gn,independent,up-0.25,5001,1,2,8,8,1,1,0,0.092734694480896
func-soft-gn,independent,up-0.25,5001,1,2,16,16,1,1,0,0.07775896787643433
func-soft-gn,independent,up-0.25,5001,1,2,32,32,1,1,0,0.04990491643548012
func-soft-gn,independent,up-0.25,5001,1,2,64,64,1,1,0,0.013444002717733383
func-soft-gn,independent,up-0.25,5001,1,2,128,128,1,1,0,0.0017300713807344437
func-soft-gn,independent,up-0.25,5001,1,2,256,256,1,1,0,0.0013638328528031707
func-soft-gn,independent,up-0.25,5001,1,2,512,512,1,1,0,0.0013577018398791552
func-soft-gn,independent,up-0.25,5001,1,2,1024,1024,1,1,0,0.0013529399875551462
func-hard-gn,coherent,baseline,5002,0,0,0,0,0,0,0,8.280065536499023
func-hard-gn,coherent,baseline,5002,0,0,1,1,0,0,0,6.752533912658691
func-hard-gn,coherent,baseline,5002,0,0,2,2,0,0,0,0.8698269724845886
func-hard-gn,coherent,baseline,5002,0,0,4,4,0,0,0,0.76130610704422
func-hard-gn,coherent,baseline,5002,0,0,8,8,1,1,0,0.4450073540210724
func-hard-gn,coherent,baseline,5002,0,0,16,16,1,1,0,0.10953500866889954
func-hard-gn,coherent,baseline,5002,0,0,32,32,1,0,1,0.09708626568317413
func-hard-gn,coherent,baseline,5002,0,0,64,64,1,0,1,0.07623791694641113
func-hard-gn,coherent,baseline,5002,0,0,128,128,1,0,2,0.048241034150123596
func-hard-gn,coherent,baseline,5002,0,0,256,256,1,0,2,0.03646054491400719
func-hard-gn,coherent,baseline,5002,0,0,512,512,1,0,2,0.010986078530550003
func-hard-gn,coherent,baseline,5002,0,0,1024,1024,1,0,2,0.0012325197458267212
func-hard-gn,independent,baseline,5002,0,0,0,0,0,0,0,8.466279029846191
func-hard-gn,independent,baseline,5002,0,0,1,1,0,0,0,7.9821085929870605
func-hard-gn,independent,baseline,5002,0,0,2,2,0,0,0,6.3684844970703125
func-hard-gn,independent,baseline,5002,0,0,4,4,0,0,0,3.7030014991760254
func-hard-gn,independent,baseline,5002,0,0,8,8,0,0,0,1.7531583309173584
func-hard-gn,independent,baseline,5002,0,0,16,16,0,0,0,1.0092747211456299
func-hard-gn,independent,baseline,5002,0,0,32,32,1,0,1,0.7301270961761475
func-hard-gn,independent,baseline,5002,0,0,64,64,1,0,1,0.5555931329727173
func-hard-gn,independent,baseline,5002,0,0,128,128,1,0,1,0.13363325595855713
func-hard-gn,independent,baseline,5002,0,0,256,256,1,0,2,0.09573572874069214
func-hard-gn,independent,baseline,5002,0,0,512,512,1,0,2,0.041347019374370575
func-hard-gn,independent,baseline,5002,0,0,1024,1024,1,0,1,0.010811098851263523
func-hard-gn,coherent,baseline,5002,0,1,0,0,0,0,0,8.54757022857666
func-hard-gn,coherent,baseline,5002,0,1,1,1,0,0,0,7.650312900543213
func-hard-gn,coherent,baseline,5002,0,1,2,2,0,0,0,6.493127346038818
func-hard-gn,coherent,baseline,5002,0,1,4,4,0,0,3,3.0291080474853516
func-hard-gn,coherent,baseline,5002,0,1,8,8,0,0,3,1.2169495820999146
func-hard-gn,coherent,baseline,5002,0,1,16,16,1,0,3,0.05915579944849014
func-hard-gn,coherent,baseline,5002,0,1,32,32,1,0,3,0.01660701259970665
func-hard-gn,coherent,baseline,5002,0,1,64,64,1,0,2,0.008736261166632175
func-hard-gn,coherent,baseline,5002,0,1,128,128,1,0,2,0.0019821450114250183
func-hard-gn,coherent,baseline,5002,0,1,256,256,1,0,3,0.0014392504235729575
func-hard-gn,coherent,baseline,5002,0,1,512,512,1,0,4,0.0014302630443125963
func-hard-gn,coherent,baseline,5002,0,1,1024,1024,1,0,5,0.0014239539159461856
func-hard-gn,independent,baseline,5002,0,1,0,0,0,0,0,8.481012344360352
func-hard-gn,independent,baseline,5002,0,1,1,1,0,0,0,7.799713134765625
func-hard-gn,independent,baseline,5002,0,1,2,2,0,0,1,5.661772727966309
func-hard-gn,independent,baseline,5002,0,1,4,4,0,0,2,3.0812454223632812
func-hard-gn,independent,baseline,5002,0,1,8,8,0,0,2,0.9277804493904114
func-hard-gn,independent,baseline,5002,0,1,16,16,1,0,2,0.015600726008415222
func-hard-gn,independent,baseline,5002,0,1,32,32,1,0,2,0.014371687546372414
func-hard-gn,independent,baseline,5002,0,1,64,64,1,0,2,0.009100368246436119
func-hard-gn,independent,baseline,5002,0,1,128,128,1,0,2,0.004213934764266014
func-hard-gn,independent,baseline,5002,0,1,256,256,1,0,2,0.0014700803440064192
func-hard-gn,independent,baseline,5002,0,1,512,512,1,0,3,0.0014621049631386995
func-hard-gn,independent,baseline,5002,0,1,1024,1024,1,0,3,0.0014588909689337015
func-hard-gn,coherent,baseline,5002,0,2,0,0,0,0,0,8.741134643554688
func-hard-gn,coherent,baseline,5002,0,2,1,1,0,0,0,7.7373857498168945
func-hard-gn,coherent,baseline,5002,0,2,2,2,0,0,0,6.511557579040527
func-hard-gn,coherent,baseline,5002,0,2,4,4,0,0,0,2.88374924659729
func-hard-gn,coherent,baseline,5002,0,2,8,8,0,0,1,1.6205172538757324
func-hard-gn,coherent,baseline,5002,0,2,16,16,0,0,1,0.925539493560791
func-hard-gn,coherent,baseline,5002,0,2,32,32,1,0,4,0.19744306802749634
func-hard-gn,coherent,baseline,5002,0,2,64,64,1,0,5,0.05661538988351822
func-hard-gn,coherent,baseline,5002,0,2,128,128,1,0,5,0.036514218896627426
func-hard-gn,coherent,baseline,5002,0,2,256,256,1,0,5,0.01634792611002922
func-hard-gn,coherent,baseline,5002,0,2,512,512,1,0,4,0.0018495410913601518
func-hard-gn,coherent,baseline,5002,0,2,1024,1024,1,0,2,0.0014898998197168112
func-hard-gn,independent,baseline,5002,0,2,0,0,0,0,0,8.657821655273438
func-hard-gn,independent,baseline,5002,0,2,1,1,0,0,0,8.123083114624023
func-hard-gn,independent,baseline,5002,0,2,2,2,0,0,0,7.408235549926758
func-hard-gn,independent,baseline,5002,0,2,4,4,0,0,2,5.088234901428223
func-hard-gn,independent,baseline,5002,0,2,8,8,0,0,3,3.8336284160614014
func-hard-gn,independent,baseline,5002,0,2,16,16,0,0,2,2.02185320854187
func-hard-gn,independent,baseline,5002,0,2,32,32,0,0,3,0.7548497319221497
func-hard-gn,independent,baseline,5002,0,2,64,64,0,0,3,0.7092798948287964
func-hard-gn,independent,baseline,5002,0,2,128,128,1,0,3,0.6444717049598694
func-hard-gn,independent,baseline,5002,0,2,256,256,1,0,3,0.5613758563995361
func-hard-gn,independent,baseline,5002,0,2,512,512,1,0,3,0.46796029806137085
func-hard-gn,independent,baseline,5002,0,2,1024,1024,1,0,4,0.32956182956695557
func-soft-gn,coherent,baseline,5002,0,0,0,0,0,0,0,8.280065536499023
func-soft-gn,coherent,baseline,5002,0,0,1,1,0,0,0,6.808958053588867
func-soft-gn,coherent,baseline,5002,0,0,2,2,0,0,0,1.0726423263549805
func-soft-gn,coherent,baseline,5002,0,0,4,4,1,1,0,0.1839769333600998
func-soft-gn,coherent,baseline,5002,0,0,8,8,1,1,0,0.18160711228847504
func-soft-gn,coherent,baseline,5002,0,0,16,16,1,1,0,0.17163139581680298
func-soft-gn,coherent,baseline,5002,0,0,32,32,1,1,0,0.27207040786743164
func-soft-gn,coherent,baseline,5002,0,0,64,64,1,0,1,0.1267651468515396
func-soft-gn,coherent,baseline,5002,0,0,128,128,1,0,1,0.05240284278988838
func-soft-gn,coherent,baseline,5002,0,0,256,256,1,0,1,0.01689903810620308
func-soft-gn,coherent,baseline,5002,0,0,512,512,1,0,1,0.0012525221100077033
func-soft-gn,coherent,baseline,5002,0,0,1024,1024,1,0,1,0.001231924630701542
func-soft-gn,coherent,baseline,5002,0,0,1025,1024,1,0,1,0.001231924630701542
func-soft-gn,independent,baseline,5002,0,0,0,0,0,0,0,8.466279029846191
func-soft-gn,independent,baseline,5002,0,0,1,1,0,0,0,8.022926330566406
func-soft-gn,independent,baseline,5002,0,0,2,2,0,0,0,6.825889587402344
func-soft-gn,independent,baseline,5002,0,0,4,4,0,0,0,3.3196849822998047
func-soft-gn,independent,baseline,5002,0,0,8,8,0,0,0,2.6338226795196533
func-soft-gn,independent,baseline,5002,0,0,16,16,0,0,0,0.9220393300056458
func-soft-gn,independent,baseline,5002,0,0,32,32,1,1,0,0.6465702652931213
func-soft-gn,independent,baseline,5002,0,0,64,64,1,1,0,0.6127334833145142
func-soft-gn,independent,baseline,5002,0,0,128,128,1,1,0,0.5255331993103027
func-soft-gn,independent,baseline,5002,0,0,256,256,1,1,0,0.3342408835887909
func-soft-gn,independent,baseline,5002,0,0,512,511,1,1,0,0.1656637191772461
func-soft-gn,independent,baseline,5002,0,0,1024,1023,1,1,0,0.022846972569823265
func-soft-gn,independent,baseline,5002,0,0,1025,1024,1,1,0,0.023021932691335678
func-soft-gn,coherent,baseline,5002,0,1,0,0,0,0,0,8.54757022857666
func-soft-gn,coherent,baseline,5002,0,1,1,1,0,0,0,7.745771884918213
func-soft-gn,coherent,baseline,5002,0,1,2,2,0,0,0,6.736580848693848
func-soft-gn,coherent,baseline,5002,0,1,4,4,0,0,3,1.3357259035110474
func-soft-gn,coherent,baseline,5002,0,1,8,8,1,0,3,0.3670783042907715
func-soft-gn,coherent,baseline,5002,0,1,16,16,1,0,3,0.3653586208820343
func-soft-gn,coherent,baseline,5002,0,1,32,32,1,0,2,0.0711931586265564
func-soft-gn,coherent,baseline,5002,0,1,64,64,1,0,3,0.03992786258459091
func-soft-gn,coherent,baseline,5002,0,1,128,128,1,0,3,0.017197463661432266
func-soft-gn,coherent,baseline,5002,0,1,256,256,1,0,3,0.006529262289404869
func-soft-gn,coherent,baseline,5002,0,1,512,512,1,0,3,0.0022596227936446667
func-soft-gn,coherent,baseline,5002,0,1,1024,1024,1,0,4,0.0014318105531856418
func-soft-gn,coherent,baseline,5002,0,1,1025,1024,1,0,4,0.0014318105531856418
func-soft-gn,independent,baseline,5002,0,1,0,0,0,0,0,8.481012344360352
func-soft-gn,independent,baseline,5002,0,1,1,1,0,0,0,7.851951599121094
func-soft-gn,independent,baseline,5002,0,1,2,2,0,0,1,6.080134391784668
func-soft-gn,independent,baseline,5002,0,1,4,4,0,0,2,1.1078640222549438
func-soft-gn,independent,baseline,5002,0,1,8,8,0,0,2,0.6722213625907898
func-soft-gn,independent,baseline,5002,0,1,16,16,1,0,2,0.3927595317363739
func-soft-gn,independent,baseline,5002,0,1,32,32,1,0,2,0.1666252762079239
func-soft-gn,independent,baseline,5002,0,1,64,64,1,0,2,0.09086009114980698
func-soft-gn,independent,baseline,5002,0,1,128,128,1,0,2,0.0772157609462738
func-soft-gn,independent,baseline,5002,0,1,256,256,1,0,3,0.05922415852546692
func-soft-gn,independent,baseline,5002,0,1,512,512,1,0,3,0.03578243777155876
func-soft-gn,independent,baseline,5002,0,1,1024,1024,1,0,3,0.011710267513990402
func-soft-gn,independent,baseline,5002,0,1,1025,1024,1,0,3,0.011710267513990402
func-soft-gn,coherent,baseline,5002,0,2,0,0,0,0,0,8.741134643554688
func-soft-gn,coherent,baseline,5002,0,2,1,1,0,0,0,7.8177995681762695
func-soft-gn,coherent,baseline,5002,0,2,2,2,0,0,0,6.701370716094971
func-soft-gn,coherent,baseline,5002,0,2,4,4,0,0,0,3.31419038772583
func-soft-gn,coherent,baseline,5002,0,2,8,8,1,0,4,0.3299233317375183
func-soft-gn,coherent,baseline,5002,0,2,16,16,1,0,3,0.2682986259460449
func-soft-gn,coherent,baseline,5002,0,2,32,32,1,0,2,0.08828873932361603
func-soft-gn,coherent,baseline,5002,0,2,64,64,1,0,2,0.07315890491008759
func-soft-gn,coherent,baseline,5002,0,2,128,128,1,0,3,0.03733261674642563
func-soft-gn,coherent,baseline,5002,0,2,256,256,1,0,4,0.010823441669344902
func-soft-gn,coherent,baseline,5002,0,2,512,512,1,0,3,0.0014983508735895157
func-soft-gn,coherent,baseline,5002,0,2,1024,1024,1,0,3,0.001482103019952774
func-soft-gn,coherent,baseline,5002,0,2,1025,1024,1,0,3,0.001482103019952774
func-soft-gn,independent,baseline,5002,0,2,0,0,0,0,0,8.657821655273438
func-soft-gn,independent,baseline,5002,0,2,1,1,0,0,0,8.144851684570312
func-soft-gn,independent,baseline,5002,0,2,2,2,0,0,0,7.465952396392822
func-soft-gn,independent,baseline,5002,0,2,4,4,0,0,2,5.288979530334473
func-soft-gn,independent,baseline,5002,0,2,8,8,0,0,4,3.0994246006011963
func-soft-gn,independent,baseline,5002,0,2,16,16,0,0,3,0.9002644419670105
func-soft-gn,independent,baseline,5002,0,2,32,32,1,0,3,0.275495707988739
func-soft-gn,independent,baseline,5002,0,2,64,64,1,0,4,0.2424745112657547
func-soft-gn,independent,baseline,5002,0,2,128,128,1,0,4,0.2000318020582199
func-soft-gn,independent,baseline,5002,0,2,256,256,1,0,3,0.15902334451675415
func-soft-gn,independent,baseline,5002,0,2,512,512,1,0,3,0.12539508938789368
func-soft-gn,independent,baseline,5002,0,2,1024,1024,1,0,3,0.08393044024705887
func-soft-gn,independent,baseline,5002,0,2,1025,1024,1,0,3,0.08393044024705887
func-hard-gn,coherent,up-0.25,5002,0,0,0,0,0,0,0,8.173038482666016
func-hard-gn,coherent,up-0.25,5002,0,0,1,1,0,0,0,7.849032402038574
func-hard-gn,coherent,up-0.25,5002,0,0,2,2,0,0,0,7.455900192260742
func-hard-gn,coherent,up-0.25,5002,0,0,4,4,0,0,0,5.114993095397949
func-hard-gn,coherent,up-0.25,5002,0,0,8,8,1,0,1,0.202418714761734
func-hard-gn,coherent,up-0.25,5002,0,0,16,16,1,0,2,0.011801502667367458
func-hard-gn,coherent,up-0.25,5002,0,0,32,32,1,0,1,0.0026506930589675903
func-hard-gn,coherent,up-0.25,5002,0,0,64,64,1,0,1,0.001623919466510415
func-hard-gn,coherent,up-0.25,5002,0,0,128,128,1,0,1,0.0014673429541289806
func-hard-gn,coherent,up-0.25,5002,0,0,256,256,1,1,0,0.0014577010879293084
func-hard-gn,coherent,up-0.25,5002,0,0,512,512,1,1,0,0.0014454999472945929
func-hard-gn,coherent,up-0.25,5002,0,0,1024,1024,1,1,0,0.0014359173364937305
func-hard-gn,independent,up-0.25,5002,0,0,0,0,0,0,0,8.47024917602539
func-hard-gn,independent,up-0.25,5002,0,0,1,1,0,0,0,8.27881908416748
func-hard-gn,independent,up-0.25,5002,0,0,2,2,0,0,0,8.055266380310059
func-hard-gn,independent,up-0.25,5002,0,0,4,4,0,0,0,7.202120780944824
func-hard-gn,independent,up-0.25,5002,0,0,8,8,0,0,2,2.334879159927368
func-hard-gn,independent,up-0.25,5002,0,0,16,16,0,0,2,1.8206299543380737
func-hard-gn,independent,up-0.25,5002,0,0,32,32,0,0,2,0.6441975235939026
func-hard-gn,independent,up-0.25,5002,0,0,64,64,1,0,3,0.14205066859722137
func-hard-gn,independent,up-0.25,5002,0,0,128,128,1,0,2,0.020234819501638412
func-hard-gn,independent,up-0.25,5002,0,0,256,256,1,0,2,0.0017776176100596786
func-hard-gn,independent,up-0.25,5002,0,0,512,512,1,0,1,0.0015824416186660528
func-hard-gn,independent,up-0.25,5002,0,0,1024,1024,1,1,0,0.0015764907002449036
func-hard-gn,coherent,up-0.25,5002,0,1,0,0,0,0,0,8.579607009887695
func-hard-gn,coherent,up-0.25,5002,0,1,1,1,0,0,0,8.3959379196167
func-hard-gn,coherent,up-0.25,5002,0,1,2,2,0,0,0,8.1947021484375
func-hard-gn,coherent,up-0.25,5002,0,1,4,4,0,0,0,7.701634883880615
func-hard-gn,coherent,up-0.25,5002,0,1,8,8,0,0,0,5.314003944396973
func-hard-gn,coherent,up-0.25,5002,0,1,16,16,0,0,0,1.7612361907958984
func-hard-gn,coherent,up-0.25,5002,0,1,32,32,0,0,1,0.5401214361190796
func-hard-gn,coherent,up-0.25,5002,0,1,64,64,1,0,3,0.03837084397673607
func-hard-gn,coherent,up-0.25,5002,0,1,128,128,1,0,1,0.006991790607571602
func-hard-gn,coherent,up-0.25,5002,0,1,256,256,1,0,3,0.0021460403222590685
func-hard-gn,coherent,up-0.25,5002,0,1,512,512,1,0,3,0.0016102336812764406
func-hard-gn,coherent,up-0.25,5002,0,1,1024,1024,1,0,3,0.0016052349237725139
func-hard-gn,independent,up-0.25,5002,0,1,0,0,0,0,0,8.485855102539062
func-hard-gn,independent,up-0.25,5002,0,1,1,1,0,0,0,8.305013656616211
func-hard-gn,independent,up-0.25,5002,0,1,2,2,0,0,0,8.105094909667969
func-hard-gn,independent,up-0.25,5002,0,1,4,4,0,0,0,7.425474166870117
func-hard-gn,independent,up-0.25,5002,0,1,8,8,0,0,0,3.9209418296813965
func-hard-gn,independent,up-0.25,5002,0,1,16,16,0,0,3,2.283834218978882
func-hard-gn,independent,up-0.25,5002,0,1,32,32,1,0,3,0.3455142080783844
func-hard-gn,independent,up-0.25,5002,0,1,64,64,1,0,3,0.04696547985076904
func-hard-gn,independent,up-0.25,5002,0,1,128,128,1,0,3,0.006797296926379204
func-hard-gn,independent,up-0.25,5002,0,1,256,256,1,0,2,0.001739000203087926
func-hard-gn,independent,up-0.25,5002,0,1,512,512,1,0,2,0.0017168071353808045
func-hard-gn,independent,up-0.25,5002,0,1,1024,1024,1,0,2,0.0017051451141014695
func-hard-gn,coherent,up-0.25,5002,0,2,0,0,0,0,0,8.638362884521484
func-hard-gn,coherent,up-0.25,5002,0,2,1,1,0,0,0,7.839275360107422
func-hard-gn,coherent,up-0.25,5002,0,2,2,2,0,0,0,6.7298583984375
func-hard-gn,coherent,up-0.25,5002,0,2,4,4,0,0,0,3.5775866508483887
func-hard-gn,coherent,up-0.25,5002,0,2,8,8,0,0,1,1.1134246587753296
func-hard-gn,coherent,up-0.25,5002,0,2,16,16,0,0,1,0.48436272144317627
func-hard-gn,coherent,up-0.25,5002,0,2,32,32,1,0,1,0.10030899941921234
func-hard-gn,coherent,up-0.25,5002,0,2,64,64,1,0,2,0.03618177771568298
func-hard-gn,coherent,up-0.25,5002,0,2,128,128,1,0,2,0.012482228688895702
func-hard-gn,coherent,up-0.25,5002,0,2,256,256,1,0,2,0.0018425865564495325
func-hard-gn,coherent,up-0.25,5002,0,2,512,512,1,0,2,0.0017359063494950533
func-hard-gn,coherent,up-0.25,5002,0,2,1024,1024,1,0,2,0.001698956242762506
func-hard-gn,independent,up-0.25,5002,0,2,0,0,0,0,0,8.349555969238281
func-hard-gn,independent,up-0.25,5002,0,2,1,1,0,0,0,7.979516983032227
func-hard-gn,independent,up-0.25,5002,0,2,2,2,0,0,0,7.360650062561035
func-hard-gn,independent,up-0.25,5002,0,2,4,4,0,0,0,5.325512886047363
func-hard-gn,independent,up-0.25,5002,0,2,8,8,0,0,1,3.8082690238952637
func-hard-gn,independent,up-0.25,5002,0,2,16,16,0,0,1,3.2557713985443115
func-hard-gn,independent,up-0.25,5002,0,2,32,32,0,0,4,1.3405230045318604
func-hard-gn,independent,up-0.25,5002,0,2,64,64,1,0,3,0.692724347114563
func-hard-gn,independent,up-0.25,5002,0,2,128,128,1,0,4,0.04034438729286194
func-hard-gn,independent,up-0.25,5002,0,2,256,256,1,0,4,0.00261977082118392
func-hard-gn,independent,up-0.25,5002,0,2,512,512,1,0,4,0.0016014815773814917
func-hard-gn,independent,up-0.25,5002,0,2,1024,1024,1,0,5,0.0015857112593948841
func-soft-gn,coherent,up-0.25,5002,0,0,0,0,0,0,0,8.173038482666016
func-soft-gn,coherent,up-0.25,5002,0,0,1,1,0,0,0,7.8544745445251465
func-soft-gn,coherent,up-0.25,5002,0,0,2,2,0,0,0,7.4713053703308105
func-soft-gn,coherent,up-0.25,5002,0,0,4,4,0,0,0,5.3436431884765625
func-soft-gn,coherent,up-0.25,5002,0,0,8,8,1,0,1,0.13820135593414307
func-soft-gn,coherent,up-0.25,5002,0,0,16,16,1,0,1,0.013072343543171883
func-soft-gn,coherent,up-0.25,5002,0,0,32,32,1,0,1,0.002903267741203308
func-soft-gn,coherent,up-0.25,5002,0,0,64,64,1,0,1,0.0016581357922405005
func-soft-gn,coherent,up-0.25,5002,0,0,128,128,1,0,1,0.0014709139941260219
func-soft-gn,coherent,up-0.25,5002,0,0,256,256,1,1,0,0.0014606770128011703
func-soft-gn,coherent,up-0.25,5002,0,0,512,512,1,1,0,0.0014473448973149061
func-soft-gn,coherent,up-0.25,5002,0,0,1024,1024,1,1,0,0.001437345752492547
func-soft-gn,independent,up-0.25,5002,0,0,0,0,0,0,0,8.47024917602539
func-soft-gn,independent,up-0.25,5002,0,0,1,1,0,0,0,8.280973434448242
func-soft-gn,independent,up-0.25,5002,0,0,2,2,0,0,0,8.06140422821045
func-soft-gn,independent,up-0.25,5002,0,0,4,4,0,0,0,7.271632194519043
func-soft-gn,independent,up-0.25,5002,0,0,8,8,0,0,1,3.2869105339050293
func-soft-gn,independent,up-0.25,5002,0,0,16,16,0,0,1,2.215571641921997
func-soft-gn,independent,up-0.25,5002,0,0,32,32,0,0,3,0.5870298147201538
func-soft-gn,independent,up-0.25,5002,0,0,64,64,1,0,3,0.07941208779811859
func-soft-gn,independent,up-0.25,5002,0,0,128,128,1,0,3,0.029394131153821945
func-soft-gn,independent,up-0.25,5002,0,0,256,256,1,0,2,0.0018340209499001503
func-soft-gn,independent,up-0.25,5002,0,0,512,512,1,1,0,0.0015903566963970661
func-soft-gn,independent,up-0.25,5002,0,0,1024,1024,1,1,0,0.0015819063410162926
func-soft-gn,coherent,up-0.25,5002,0,1,0,0,0,0,0,8.579607009887695
func-soft-gn,coherent,up-0.25,5002,0,1,1,1,0,0,0,8.396159172058105
func-soft-gn,coherent,up-0.25,5002,0,1,2,2,0,0,0,8.195245742797852
func-soft-gn,coherent,up-0.25,5002,0,1,4,4,0,0,0,7.703731536865234
func-soft-gn,coherent,up-0.25,5002,0,1,8,8,0,0,0,5.367594242095947
func-soft-gn,coherent,up-0.25,5002,0,1,16,16,0,0,3,0.5485398769378662
func-soft-gn,coherent,up-0.25,5002,0,1,32,32,1,0,3,0.13161808252334595
func-soft-gn,coherent,up-0.25,5002,0,1,64,64,1,0,5,0.04014076292514801
func-soft-gn,coherent,up-0.25,5002,0,1,128,128,1,0,5,0.007144760340452194
func-soft-gn,coherent,up-0.25,5002,0,1,256,256,1,0,4,0.001631656545214355
func-soft-gn,coherent,up-0.25,5002,0,1,512,512,1,0,4,0.0016075557796284556
func-soft-gn,coherent,up-0.25,5002,0,1,1024,1024,1,0,4,0.0016047589015215635
func-soft-gn,independent,up-0.25,5002,0,1,0,0,0,0,0,8.485855102539062
func-soft-gn,independent,up-0.25,5002,0,1,1,1,0,0,0,8.306584358215332
func-soft-gn,independent,up-0.25,5002,0,1,2,2,0,0,0,8.109344482421875
func-soft-gn,independent,up-0.25,5002,0,1,4,4,0,0,0,7.457036018371582
func-soft-gn,independent,up-0.25,5002,0,1,8,8,0,0,0,3.9928576946258545
func-soft-gn,independent,up-0.25,5002,0,1,16,16,0,0,4,1.2300244569778442
func-soft-gn,independent,up-0.25,5002,0,1,32,32,1,0,3,0.19000199437141418
func-soft-gn,independent,up-0.25,5002,0,1,64,64,1,0,5,0.07597712427377701
func-soft-gn,independent,up-0.25,5002,0,1,128,128,1,0,4,0.011896764859557152
func-soft-gn,independent,up-0.25,5002,0,1,256,256,1,0,1,0.0017952255439013243
func-soft-gn,independent,up-0.25,5002,0,1,512,512,1,0,2,0.001655816100537777
func-soft-gn,independent,up-0.25,5002,0,1,1024,1024,1,0,1,0.0016423080815002322
func-soft-gn,coherent,up-0.25,5002,0,2,0,0,0,0,0,8.638362884521484
func-soft-gn,coherent,up-0.25,5002,0,2,1,1,0,0,0,7.876850128173828
func-soft-gn,coherent,up-0.25,5002,0,2,2,2,0,0,0,6.822022438049316
func-soft-gn,coherent,up-0.25,5002,0,2,4,4,0,0,0,3.773236036300659
func-soft-gn,coherent,up-0.25,5002,0,2,8,8,0,0,1,0.7100635766983032
func-soft-gn,coherent,up-0.25,5002,0,2,16,16,0,0,2,0.4434739351272583
func-soft-gn,coherent,up-0.25,5002,0,2,32,32,1,0,1,0.06769929826259613
func-soft-gn,coherent,up-0.25,5002,0,2,64,64,1,0,1,0.03823655843734741
func-soft-gn,coherent,up-0.25,5002,0,2,128,128,1,0,2,0.012136033736169338
func-soft-gn,coherent,up-0.25,5002,0,2,256,256,1,0,2,0.0018384207505732775
func-soft-gn,coherent,up-0.25,5002,0,2,512,512,1,0,3,0.0017034198390319943
func-soft-gn,coherent,up-0.25,5002,0,2,1024,1024,1,0,4,0.0016842596232891083
func-soft-gn,independent,up-0.25,5002,0,2,0,0,0,0,0,8.349555969238281
func-soft-gn,independent,up-0.25,5002,0,2,1,1,0,0,0,7.988957405090332
func-soft-gn,independent,up-0.25,5002,0,2,2,2,0,0,0,7.39175271987915
func-soft-gn,independent,up-0.25,5002,0,2,4,4,0,0,0,5.385586738586426
func-soft-gn,independent,up-0.25,5002,0,2,8,8,0,0,1,3.3791425228118896
func-soft-gn,independent,up-0.25,5002,0,2,16,16,0,0,1,3.1775166988372803
func-soft-gn,independent,up-0.25,5002,0,2,32,32,0,0,3,0.8989249467849731
func-soft-gn,independent,up-0.25,5002,0,2,64,64,1,0,3,0.291971355676651
func-soft-gn,independent,up-0.25,5002,0,2,128,128,1,0,5,0.062283679842948914
func-soft-gn,independent,up-0.25,5002,0,2,256,256,1,0,3,0.0034767056349664927
func-soft-gn,independent,up-0.25,5002,0,2,512,512,1,0,3,0.0016113603487610817
func-soft-gn,independent,up-0.25,5002,0,2,1024,1024,1,0,3,0.0015848777256906033
func-hard-gn,coherent,baseline,5002,1,0,0,0,0,0,0,8.805761337280273
func-hard-gn,coherent,baseline,5002,1,0,1,1,0,0,0,7.730981826782227
func-hard-gn,coherent,baseline,5002,1,0,2,2,0,0,0,6.1977081298828125
func-hard-gn,coherent,baseline,5002,1,0,4,4,0,0,0,2.2683157920837402
func-hard-gn,coherent,baseline,5002,1,0,8,8,0,0,0,1.4796044826507568
func-hard-gn,coherent,baseline,5002,1,0,16,16,0,0,0,1.3058091402053833
func-hard-gn,coherent,baseline,5002,1,0,32,32,1,0,1,0.15215998888015747
func-hard-gn,coherent,baseline,5002,1,0,64,64,1,0,1,0.14814543724060059
func-hard-gn,coherent,baseline,5002,1,0,128,128,1,0,1,0.13373535871505737
func-hard-gn,coherent,baseline,5002,1,0,256,256,1,1,0,0.10380321741104126
func-hard-gn,coherent,baseline,5002,1,0,512,512,1,1,0,0.06959015130996704
func-hard-gn,coherent,baseline,5002,1,0,1024,1024,1,1,0,0.02369617484509945
func-hard-gn,coherent,baseline,5002,1,0,1072,1024,1,1,0,0.02369617484509945
func-hard-gn,independent,baseline,5002,1,0,0,0,0,0,0,8.434560775756836
func-hard-gn,independent,baseline,5002,1,0,1,1,0,0,0,7.951106071472168
func-hard-gn,independent,baseline,5002,1,0,2,2,0,0,0,7.315752029418945
func-hard-gn,independent,baseline,5002,1,0,4,4,0,0,0,4.8381195068359375
func-hard-gn,independent,baseline,5002,1,0,8,8,0,0,1,3.2033252716064453
func-hard-gn,independent,baseline,5002,1,0,16,16,0,0,0,1.6979953050613403
func-hard-gn,independent,baseline,5002,1,0,32,32,0,0,1,1.0778554677963257
func-hard-gn,independent,baseline,5002,1,0,64,64,0,0,1,1.0634398460388184
func-hard-gn,independent,baseline,5002,1,0,128,127,0,0,1,0.9105898141860962
func-hard-gn,independent,baseline,5002,1,0,256,251,0,0,0,0.7943557500839233
func-hard-gn,independent,baseline,5002,1,0,512,503,1,1,0,0.647577166557312
func-hard-gn,independent,baseline,5002,1,0,1024,981,1,1,0,0.527559757232666
func-hard-gn,independent,baseline,5002,1,0,1072,1024,1,1,0,0.5261090397834778
func-hard-gn,coherent,baseline,5002,1,1,0,0,0,0,0,8.643644332885742
func-hard-gn,coherent,baseline,5002,1,1,1,1,0,0,0,8.20233154296875
func-hard-gn,coherent,baseline,5002,1,1,2,2,0,0,0,7.492568016052246
func-hard-gn,coherent,baseline,5002,1,1,4,4,0,0,0,3.32025408744812
func-hard-gn,coherent,baseline,5002,1,1,8,8,0,0,0,0.7855297923088074
func-hard-gn,coherent,baseline,5002,1,1,16,16,0,0,0,0.4290430247783661
func-hard-gn,coherent,baseline,5002,1,1,32,32,1,1,0,0.11753405630588531
func-hard-gn,coherent,baseline,5002,1,1,64,64,1,1,0,0.07625489681959152
func-hard-gn,coherent,baseline,5002,1,1,128,128,1,0,1,0.04628158360719681
func-hard-gn,coherent,baseline,5002,1,1,256,256,1,1,0,0.02814362943172455
func-hard-gn,coherent,baseline,5002,1,1,512,512,1,1,0,0.01738469861447811
func-hard-gn,coherent,baseline,5002,1,1,1024,1022,1,1,0,0.004608665592968464
func-hard-gn,coherent,baseline,5002,1,1,1072,1024,1,1,0,0.004554350860416889
func-hard-gn,independent,baseline,5002,1,1,0,0,0,0,0,8.7655029296875
func-hard-gn,independent,baseline,5002,1,1,1,1,0,0,0,8.152312278747559
func-hard-gn,independent,baseline,5002,1,1,2,2,0,0,0,6.893797874450684
func-hard-gn,independent,baseline,5002,1,1,4,4,0,0,0,1.800693392753601
func-hard-gn,independent,baseline,5002,1,1,8,8,0,0,0,1.2302899360656738
func-hard-gn,independent,baseline,5002,1,1,16,16,0,0,0,0.8007506728172302
func-hard-gn,independent,baseline,5002,1,1,32,32,1,0,3,0.08292269706726074
func-hard-gn,independent,baseline,5002,1,1,64,64,1,0,3,0.05969329550862312
func-hard-gn,independent,baseline,5002,1,1,128,128,1,0,3,0.04428332298994064
func-hard-gn,independent,baseline,5002,1,1,256,256,1,0,3,0.02726633846759796
func-hard-gn,independent,baseline,5002,1,1,512,512,1,0,1,0.010147999972105026
func-hard-gn,independent,baseline,5002,1,1,1024,1023,1,0,1,0.0020962341222912073
func-hard-gn,independent,baseline,5002,1,1,1072,1024,1,0,1,0.002094509080052376
func-hard-gn,coherent,baseline,5002,1,2,0,0,0,0,0,8.028890609741211
func-hard-gn,coherent,baseline,5002,1,2,1,1,0,0,0,6.9972429275512695
func-hard-gn,coherent,baseline,5002,1,2,2,2,0,0,0,6.003878593444824
func-hard-gn,coherent,baseline,5002,1,2,4,4,0,0,0,2.3645219802856445
func-hard-gn,coherent,baseline,5002,1,2,8,8,0,0,0,1.1524507999420166
func-hard-gn,coherent,baseline,5002,1,2,16,16,0,0,0,0.779109001159668
func-hard-gn,coherent,baseline,5002,1,2,32,32,0,0,0,0.5598313808441162
func-hard-gn,coherent,baseline,5002,1,2,64,64,1,1,0,0.17905548214912415
func-hard-gn,coherent,baseline,5002,1,2,128,128,1,1,0,0.032471127808094025
func-hard-gn,coherent,baseline,5002,1,2,256,256,1,1,0,0.025754142552614212
func-hard-gn,coherent,baseline,5002,1,2,512,512,1,1,0,0.015567373484373093
func-hard-gn,coherent,baseline,5002,1,2,1024,1023,1,1,0,0.0069741373881697655
func-hard-gn,coherent,baseline,5002,1,2,1072,1024,1,1,0,0.006915113888680935
func-hard-gn,independent,baseline,5002,1,2,0,0,0,0,0,8.396472930908203
func-hard-gn,independent,baseline,5002,1,2,1,1,0,0,0,7.86691427230835
func-hard-gn,independent,baseline,5002,1,2,2,2,0,0,0,7.2222394943237305
func-hard-gn,independent,baseline,5002,1,2,4,4,0,0,1,4.31710147857666
func-hard-gn,independent,baseline,5002,1,2,8,8,0,0,1,2.6374614238739014
func-hard-gn,independent,baseline,5002,1,2,16,16,0,0,1,1.6079556941986084
func-hard-gn,independent,baseline,5002,1,2,32,32,1,1,0,0.7032570838928223
func-hard-gn,independent,baseline,5002,1,2,64,64,1,0,1,0.6347043514251709
func-hard-gn,independent,baseline,5002,1,2,128,128,1,0,1,0.5642141103744507
func-hard-gn,independent,baseline,5002,1,2,256,256,1,0,1,0.4150708317756653
func-hard-gn,independent,baseline,5002,1,2,512,512,1,0,1,0.2899858355522156
func-hard-gn,independent,baseline,5002,1,2,1024,1024,1,0,1,0.13882243633270264
func-hard-gn,independent,baseline,5002,1,2,1072,1024,1,0,1,0.13882243633270264
func-soft-gn,coherent,baseline,5002,1,0,0,0,0,0,0,8.805761337280273
func-soft-gn,coherent,baseline,5002,1,0,1,1,0,0,0,7.747922897338867
func-soft-gn,coherent,baseline,5002,1,0,2,2,0,0,0,6.232804298400879
func-soft-gn,coherent,baseline,5002,1,0,4,4,0,0,1,1.0170209407806396
func-soft-gn,coherent,baseline,5002,1,0,8,8,0,0,2,0.8898410797119141
func-soft-gn,coherent,baseline,5002,1,0,16,16,0,0,2,0.5646653175354004
func-soft-gn,coherent,baseline,5002,1,0,32,32,1,0,1,0.06716609746217728
func-soft-gn,coherent,baseline,5002,1,0,64,64,1,0,1,0.06419678777456284
func-soft-gn,coherent,baseline,5002,1,0,128,128,1,0,1,0.05761794000864029
func-soft-gn,coherent,baseline,5002,1,0,256,256,1,0,1,0.050553835928440094
func-soft-gn,coherent,baseline,5002,1,0,512,512,1,0,1,0.041362516582012177
func-soft-gn,coherent,baseline,5002,1,0,1024,1023,1,0,1,0.01949034444987774
func-soft-gn,coherent,baseline,5002,1,0,1044,1024,1,0,1,0.019504744559526443
func-soft-gn,independent,baseline,5002,1,0,0,0,0,0,0,8.434560775756836
func-soft-gn,independent,baseline,5002,1,0,1,1,0,0,0,7.968149662017822
func-soft-gn,independent,baseline,5002,1,0,2,2,0,0,0,7.362700462341309
func-soft-gn,independent,baseline,5002,1,0,4,4,0,0,0,5.037419319152832
func-soft-gn,independent,baseline,5002,1,0,8,8,0,0,3,2.6148488521575928
func-soft-gn,independent,baseline,5002,1,0,16,16,0,0,2,1.9280803203582764
func-soft-gn,independent,baseline,5002,1,0,32,32,0,0,0,1.1549791097640991
func-soft-gn,independent,baseline,5002,1,0,64,64,1,0,4,0.3556232452392578
func-soft-gn,independent,baseline,5002,1,0,128,128,1,0,3,0.26939281821250916
func-soft-gn,independent,baseline,5002,1,0,256,256,1,0,1,0.1165691614151001
func-soft-gn,independent,baseline,5002,1,0,512,512,1,0,3,0.041505370289087296
func-soft-gn,independent,baseline,5002,1,0,1024,1024,1,0,1,0.0019027148373425007
func-soft-gn,independent,baseline,5002,1,0,1044,1024,1,0,1,0.0019027148373425007
func-soft-gn,coherent,baseline,5002,1,1,0,0,0,0,0,8.643644332885742
func-soft-gn,coherent,baseline,5002,1,1,1,1,0,0,0,8.209230422973633
func-soft-gn,coherent,baseline,5002,1,1,2,2,0,0,0,7.52363395690918
func-soft-gn,coherent,baseline,5002,1,1,4,4,0,0,0,1.054101824760437
func-soft-gn,coherent,baseline,5002,1,1,8,8,0,0,0,0.48964738845825195
func-soft-gn,coherent,baseline,5002,1,1,16,16,0,0,0,0.4197455942630768
func-soft-gn,coherent,baseline,5002,1,1,32,32,1,0,1,0.10154128074645996
func-soft-gn,coherent,baseline,5002,1,1,64,64,1,0,1,0.09391441196203232
func-soft-gn,coherent,baseline,5002,1,1,128,128,1,0,1,0.07934297621250153
func-soft-gn,coherent,baseline,5002,1,1,256,256,1,1,0,0.05287439376115799
func-soft-gn,coherent,baseline,5002,1,1,512,512,1,1,0,0.024431120604276657
func-soft-gn,coherent,baseline,5002,1,1,1024,1024,1,1,0,0.00594375841319561
func-soft-gn,coherent,baseline,5002,1,1,1044,1024,1,1,0,0.00594375841319561
func-soft-gn,independent,baseline,5002,1,1,0,0,0,0,0,8.7655029296875
func-soft-gn,independent,baseline,5002,1,1,1,1,0,0,0,8.194442749023438
func-soft-gn,independent,baseline,5002,1,1,2,2,0,0,0,7.099320411682129
func-soft-gn,independent,baseline,5002,1,1,4,4,0,0,1,1.5376392602920532
func-soft-gn,independent,baseline,5002,1,1,8,8,0,0,0,0.7146594524383545
func-soft-gn,independent,baseline,5002,1,1,16,16,1,0,0,0.6856468915939331
func-soft-gn,independent,baseline,5002,1,1,32,32,1,0,3,0.1531682014465332
func-soft-gn,independent,baseline,5002,1,1,64,64,1,0,4,0.12985417246818542
func-soft-gn,independent,baseline,5002,1,1,128,128,1,0,4,0.11100763082504272
func-soft-gn,independent,baseline,5002,1,1,256,256,1,0,4,0.08348685503005981
func-soft-gn,independent,baseline,5002,1,1,512,511,1,0,3,0.05933631956577301
func-soft-gn,independent,baseline,5002,1,1,1024,1008,1,0,2,0.03610740229487419
func-soft-gn,independent,baseline,5002,1,1,1044,1024,1,0,2,0.03571752458810806
func-soft-gn,coherent,baseline,5002,1,2,0,0,0,0,0,8.028890609741211
func-soft-gn,coherent,baseline,5002,1,2,1,1,0,0,0,7.131423473358154
func-soft-gn,coherent,baseline,5002,1,2,2,2,0,0,0,6.233284950256348
func-soft-gn,coherent,baseline,5002,1,2,4,4,0,0,0,2.894712448120117
func-soft-gn,coherent,baseline,5002,1,2,8,8,0,0,0,1.003408432006836
func-soft-gn,coherent,baseline,5002,1,2,16,16,0,0,0,0.5344609022140503
func-soft-gn,coherent,baseline,5002,1,2,32,32,1,1,0,0.4176216721534729
func-soft-gn,coherent,baseline,5002,1,2,64,64,1,1,0,0.35356414318084717
func-soft-gn,coherent,baseline,5002,1,2,128,128,1,1,0,0.3304067850112915
func-soft-gn,coherent,baseline,5002,1,2,256,256,1,1,0,0.2999274730682373
func-soft-gn,coherent,baseline,5002,1,2,512,511,1,1,0,0.24823534488677979
func-soft-gn,coherent,baseline,5002,1,2,1024,1022,1,1,0,0.17535164952278137
func-soft-gn,coherent,baseline,5002,1,2,1044,1024,1,1,0,0.1754310429096222
func-soft-gn,independent,baseline,5002,1,2,0,0,0,0,0,8.396472930908203
func-soft-gn,independent,baseline,5002,1,2,1,1,0,0,0,7.912701606750488
func-soft-gn,independent,baseline,5002,1,2,2,2,0,0,0,7.332792282104492
func-soft-gn,independent,baseline,5002,1,2,4,4,0,0,0,4.874453067779541
func-soft-gn,independent,baseline,5002,1,2,8,8,0,0,1,1.9502122402191162
func-soft-gn,independent,baseline,5002,1,2,16,16,0,0,1,1.1047720909118652
func-soft-gn,independent,baseline,5002,1,2,32,32,0,0,2,0.5422162413597107
func-soft-gn,independent,baseline,5002,1,2,64,64,1,0,2,0.18989388644695282
func-soft-gn,independent,baseline,5002,1,2,128,128,1,0,1,0.036161765456199646
func-soft-gn,independent,baseline,5002,1,2,256,256,1,1,0,0.02051813155412674
func-soft-gn,independent,baseline,5002,1,2,512,512,1,1,0,0.0032255472615361214
func-soft-gn,independent,baseline,5002,1,2,1024,1024,1,0,1,0.0013734761159867048
func-soft-gn,independent,baseline,5002,1,2,1044,1024,1,0,1,0.0013734761159867048
func-hard-gn,coherent,up-0.25,5002,1,0,0,0,0,0,0,9.080322265625
func-hard-gn,coherent,up-0.25,5002,1,0,1,1,0,0,0,8.859481811523438
func-hard-gn,coherent,up-0.25,5002,1,0,2,2,0,0,0,8.635638236999512
func-hard-gn,coherent,up-0.25,5002,1,0,4,4,0,0,0,8.181854248046875
func-hard-gn,coherent,up-0.25,5002,1,0,8,8,0,0,1,6.777729034423828
func-hard-gn,coherent,up-0.25,5002,1,0,16,16,0,0,2,2.7988178730010986
func-hard-gn,coherent,up-0.25,5002,1,0,32,32,1,0,2,0.3742385506629944
func-hard-gn,coherent,up-0.25,5002,1,0,64,64,1,1,0,0.045540936291217804
func-hard-gn,coherent,up-0.25,5002,1,0,128,128,1,0,1,0.007543607614934444
func-hard-gn,coherent,up-0.25,5002,1,0,256,256,1,0,1,0.0013794912956655025
func-hard-gn,coherent,up-0.25,5002,1,0,512,512,1,0,1,0.0013433012645691633
func-hard-gn,coherent,up-0.25,5002,1,0,1024,1024,1,1,0,0.001324789016507566
func-hard-gn,independent,up-0.25,5002,1,0,0,0,0,0,0,8.559812545776367
func-hard-gn,independent,up-0.25,5002,1,0,1,1,0,0,0,8.405418395996094
func-hard-gn,independent,up-0.25,5002,1,0,2,2,0,0,0,8.23235034942627
func-hard-gn,independent,up-0.25,5002,1,0,4,4,0,0,0,7.793130874633789
func-hard-gn,independent,up-0.25,5002,1,0,8,8,0,0,1,6.438741207122803
func-hard-gn,independent,up-0.25,5002,1,0,16,16,0,0,2,3.52215576171875
func-hard-gn,independent,up-0.25,5002,1,0,32,32,0,0,1,1.4176160097122192
func-hard-gn,independent,up-0.25,5002,1,0,64,64,1,0,1,0.12850867211818695
func-hard-gn,independent,up-0.25,5002,1,0,128,128,1,1,0,0.08906823396682739
func-hard-gn,independent,up-0.25,5002,1,0,256,256,1,1,0,0.04369759559631348
func-hard-gn,independent,up-0.25,5002,1,0,512,512,1,1,0,0.013886595144867897
func-hard-gn,independent,up-0.25,5002,1,0,1024,1024,1,0,1,0.0015058476710692048
func-hard-gn,coherent,up-0.25,5002,1,1,0,0,0,0,0,8.79643726348877
func-hard-gn,coherent,up-0.25,5002,1,1,1,1,0,0,0,8.54464340209961
func-hard-gn,coherent,up-0.25,5002,1,1,2,2,0,0,0,7.99317741394043
func-hard-gn,coherent,up-0.25,5002,1,1,4,4,0,0,0,6.206071853637695
func-hard-gn,coherent,up-0.25,5002,1,1,8,8,0,0,0,4.231043338775635
func-hard-gn,coherent,up-0.25,5002,1,1,16,16,0,0,2,3.0812313556671143
func-hard-gn,coherent,up-0.25,5002,1,1,32,32,1,1,0,0.05672520771622658
func-hard-gn,coherent,up-0.25,5002,1,1,64,64,1,0,1,0.004041697364300489
func-hard-gn,coherent,up-0.25,5002,1,1,128,128,1,1,0,0.0015807764139026403
func-hard-gn,coherent,up-0.25,5002,1,1,256,256,1,1,0,0.0015656010946258903
func-hard-gn,coherent,up-0.25,5002,1,1,512,512,1,1,0,0.0015622684732079506
func-hard-gn,coherent,up-0.25,5002,1,1,1024,1024,1,1,0,0.0015602450584992766
func-hard-gn,independent,up-0.25,5002,1,1,0,0,0,0,0,8.88814640045166
func-hard-gn,independent,up-0.25,5002,1,1,1,1,0,0,0,8.52032470703125
func-hard-gn,independent,up-0.25,5002,1,1,2,2,0,0,0,8.192668914794922
func-hard-gn,independent,up-0.25,5002,1,1,4,4,0,0,0,7.304840087890625
func-hard-gn,independent,up-0.25,5002,1,1,8,8,0,0,0,5.156834602355957
func-hard-gn,independent,up-0.25,5002,1,1,16,16,0,0,0,4.27324104309082
func-hard-gn,independent,up-0.25,5002,1,1,32,32,1,0,1,0.2395140826702118
func-hard-gn,independent,up-0.25,5002,1,1,64,64,1,0,1,0.04321528226137161
func-hard-gn,independent,up-0.25,5002,1,1,128,128,1,0,1,0.014901038259267807
func-hard-gn,independent,up-0.25,5002,1,1,256,256,1,0,1,0.002168786246329546
func-hard-gn,independent,up-0.25,5002,1,1,512,512,1,0,1,0.0016082101501524448
func-hard-gn,independent,up-0.25,5002,1,1,1024,1024,1,0,1,0.0015728604048490524
func-hard-gn,coherent,up-0.25,5002,1,2,0,0,0,0,0,8.095254898071289
func-hard-gn,coherent,up-0.25,5002,1,2,1,1,0,0,0,7.197071075439453
func-hard-gn,coherent,up-0.25,5002,1,2,2,2,0,0,0,6.029885292053223
func-hard-gn,coherent,up-0.25,5002,1,2,4,4,0,0,0,1.9904948472976685
func-hard-gn,coherent,up-0.25,5002,1,2,8,8,1,1,0,0.15285399556159973
func-hard-gn,coherent,up-0.25,5002,1,2,16,16,1,1,0,0.019659293815493584
func-hard-gn,coherent,up-0.25,5002,1,2,32,32,1,0,1,0.013965258374810219
func-hard-gn,coherent,up-0.25,5002,1,2,64,64,1,0,1,0.007511040195822716
func-hard-gn,coherent,up-0.25,5002,1,2,128,128,1,0,1,0.0016839023446664214
func-hard-gn,coherent,up-0.25,5002,1,2,256,256,1,0,1,0.0014654980041086674
func-hard-gn,coherent,up-0.25,5002,1,2,512,512,1,0,1,0.0014572844374924898
func-hard-gn,coherent,up-0.25,5002,1,2,1024,1024,1,0,1,0.0014521064003929496
func-hard-gn,independent,up-0.25,5002,1,2,0,0,0,0,0,8.401281356811523
func-hard-gn,independent,up-0.25,5002,1,2,1,1,0,0,0,8.059978485107422
func-hard-gn,independent,up-0.25,5002,1,2,2,2,0,0,0,7.496790885925293
func-hard-gn,independent,up-0.25,5002,1,2,4,4,0,0,0,3.8968865871429443
func-hard-gn,independent,up-0.25,5002,1,2,8,8,0,0,0,2.6134033203125
func-hard-gn,independent,up-0.25,5002,1,2,16,16,0,0,1,0.831636905670166
func-hard-gn,independent,up-0.25,5002,1,2,32,32,1,0,1,0.20364762842655182
func-hard-gn,independent,up-0.25,5002,1,2,64,64,1,0,1,0.1306144893169403
func-hard-gn,independent,up-0.25,5002,1,2,128,128,1,0,4,0.0645749419927597
func-hard-gn,independent,up-0.25,5002,1,2,256,256,1,0,3,0.021794822067022324
func-hard-gn,independent,up-0.25,5002,1,2,512,512,1,0,1,0.0014626393094658852
func-hard-gn,independent,up-0.25,5002,1,2,1024,1024,1,0,1,0.001425023190677166
func-soft-gn,coherent,up-0.25,5002,1,0,0,0,0,0,0,9.080322265625
func-soft-gn,coherent,up-0.25,5002,1,0,1,1,0,0,0,8.860700607299805
func-soft-gn,coherent,up-0.25,5002,1,0,2,2,0,0,0,8.638177871704102
func-soft-gn,coherent,up-0.25,5002,1,0,4,4,0,0,0,8.187015533447266
func-soft-gn,coherent,up-0.25,5002,1,0,8,8,0,0,1,6.806662082672119
func-soft-gn,coherent,up-0.25,5002,1,0,16,16,0,0,3,0.6814426183700562
func-soft-gn,coherent,up-0.25,5002,1,0,32,32,1,0,1,0.14620067179203033
func-soft-gn,coherent,up-0.25,5002,1,0,64,64,1,0,3,0.07502073049545288
func-soft-gn,coherent,up-0.25,5002,1,0,128,128,1,0,4,0.04073973745107651
func-soft-gn,coherent,up-0.25,5002,1,0,256,256,1,0,3,0.0037103157956153154
func-soft-gn,coherent,up-0.25,5002,1,0,512,512,1,0,1,0.0013695512898266315
func-soft-gn,coherent,up-0.25,5002,1,0,1024,1024,1,0,1,0.0013508014380931854
func-soft-gn,coherent,up-0.25,5002,1,0,1028,1024,1,0,1,0.0013508014380931854
func-soft-gn,independent,up-0.25,5002,1,0,0,0,0,0,0,8.559812545776367
func-soft-gn,independent,up-0.25,5002,1,0,1,1,0,0,0,8.407796859741211
func-soft-gn,independent,up-0.25,5002,1,0,2,2,0,0,0,8.238070487976074
func-soft-gn,independent,up-0.25,5002,1,0,4,4,0,0,0,7.810407638549805
func-soft-gn,independent,up-0.25,5002,1,0,8,8,0,0,1,6.570927619934082
func-soft-gn,independent,up-0.25,5002,1,0,16,16,0,0,3,1.3106493949890137
func-soft-gn,independent,up-0.25,5002,1,0,32,32,1,0,2,0.38150396943092346
func-soft-gn,independent,up-0.25,5002,1,0,64,64,1,0,2,0.26016634702682495
func-soft-gn,independent,up-0.25,5002,1,0,128,128,1,0,2,0.13735944032669067
func-soft-gn,independent,up-0.25,5002,1,0,256,256,1,0,1,0.05583472549915314
func-soft-gn,independent,up-0.25,5002,1,0,512,512,1,0,2,0.011117237620055676
func-soft-gn,independent,up-0.25,5002,1,0,1024,1024,1,0,2,0.0014893014449626207
func-soft-gn,independent,up-0.25,5002,1,0,1028,1024,1,0,2,0.0014893014449626207
func-soft-gn,coherent,up-0.25,5002,1,1,0,0,0,0,0,8.79643726348877
func-soft-gn,coherent,up-0.25,5002,1,1,1,1,0,0,0,8.546506881713867
func-soft-gn,coherent,up-0.25,5002,1,1,2,2,0,0,0,8.005327224731445
func-soft-gn,coherent,up-0.25,5002,1,1,4,4,0,0,0,5.822946548461914
func-soft-gn,coherent,up-0.25,5002,1,1,8,8,1,0,3,0.10277362167835236
func-soft-gn,coherent,up-0.25,5002,1,1,16,16,1,0,1,0.1261061131954193
func-soft-gn,coherent,up-0.25,5002,1,1,32,32,1,0,1,0.026538988575339317
func-soft-gn,coherent,up-0.25,5002,1,1,64,64,1,0,1,0.019045550376176834
func-soft-gn,coherent,up-0.25,5002,1,1,128,128,1,0,1,0.01461414247751236
func-soft-gn,coherent,up-0.25,5002,1,1,256,256,1,0,1,0.005191219970583916
func-soft-gn,coherent,up-0.25,5002,1,1,512,512,1,0,1,0.0015703620156273246
func-soft-gn,coherent,up-0.25,5002,1,1,1024,1024,1,0,1,0.001561851822771132
func-soft-gn,coherent,up-0.25,5002,1,1,1028,1024,1,0,1,0.001561851822771132
func-soft-gn,independent,up-0.25,5002,1,1,0,0,0,0,0,8.88814640045166
func-soft-gn,independent,up-0.25,5002,1,1,1,1,0,0,0,8.528365135192871
func-soft-gn,independent,up-0.25,5002,1,1,2,2,0,0,0,7.737414836883545
func-soft-gn,independent,up-0.25,5002,1,1,4,4,0,0,0,5.389344692230225
func-soft-gn,independent,up-0.25,5002,1,1,8,8,0,0,1,3.9499077796936035
func-soft-gn,independent,up-0.25,5002,1,1,16,16,0,0,1,2.97278094291687
func-soft-gn,independent,up-0.25,5002,1,1,32,32,1,0,1,0.2645881175994873
func-soft-gn,independent,up-0.25,5002,1,1,64,64,1,0,1,0.0865965336561203
func-soft-gn,independent,up-0.25,5002,1,1,128,128,1,0,1,0.0017414281610399485
func-soft-gn,independent,up-0.25,5002,1,1,256,256,1,0,2,0.0015462590381503105
func-soft-gn,independent,up-0.25,5002,1,1,512,512,1,0,1,0.0015303685795515776
func-soft-gn,independent,up-0.25,5002,1,1,1024,1024,1,0,1,0.0015222150832414627
func-soft-gn,independent,up-0.25,5002,1,1,1028,1024,1,0,1,0.0015222150832414627
func-soft-gn,coherent,up-0.25,5002,1,2,0,0,0,0,0,8.095254898071289
func-soft-gn,coherent,up-0.25,5002,1,2,1,1,0,0,0,7.283429145812988
func-soft-gn,coherent,up-0.25,5002,1,2,2,2,0,0,0,6.231243133544922
func-soft-gn,coherent,up-0.25,5002,1,2,4,4,0,0,0,2.4753198623657227
func-soft-gn,coherent,up-0.25,5002,1,2,8,8,1,1,0,0.04921618103981018
func-soft-gn,coherent,up-0.25,5002,1,2,16,16,1,1,0,0.04222487658262253
func-soft-gn,coherent,up-0.25,5002,1,2,32,32,1,0,1,0.040296074002981186
func-soft-gn,coherent,up-0.25,5002,1,2,64,64,1,0,1,0.022582419216632843
func-soft-gn,coherent,up-0.25,5002,1,2,128,128,1,0,2,0.009147347882390022
func-soft-gn,coherent,up-0.25,5002,1,2,256,256,1,0,1,0.0014973987126722932
func-soft-gn,coherent,up-0.25,5002,1,2,512,512,1,0,1,0.0014608555939048529
func-soft-gn,coherent,up-0.25,5002,1,2,1024,1024,1,0,1,0.0014537728857249022
func-soft-gn,coherent,up-0.25,5002,1,2,1028,1024,1,0,1,0.0014537728857249022
func-soft-gn,independent,up-0.25,5002,1,2,0,0,0,0,0,8.401281356811523
func-soft-gn,independent,up-0.25,5002,1,2,1,1,0,0,0,8.072632789611816
func-soft-gn,independent,up-0.25,5002,1,2,2,2,0,0,0,7.557223320007324
func-soft-gn,independent,up-0.25,5002,1,2,4,4,0,0,0,4.378353118896484
func-soft-gn,independent,up-0.25,5002,1,2,8,8,0,0,0,2.9814062118530273
func-soft-gn,independent,up-0.25,5002,1,2,16,16,0,0,0,2.3907196521759033
func-soft-gn,independent,up-0.25,5002,1,2,32,32,0,0,1,0.5908641815185547
func-soft-gn,independent,up-0.25,5002,1,2,64,64,1,0,1,0.30414628982543945
func-soft-gn,independent,up-0.25,5002,1,2,128,128,1,0,2,0.22806715965270996
func-soft-gn,independent,up-0.25,5002,1,2,256,256,1,0,2,0.16328641772270203
func-soft-gn,independent,up-0.25,5002,1,2,512,509,1,0,3,0.11107949167490005
func-soft-gn,independent,up-0.25,5002,1,2,1024,1020,1,0,2,0.05140314996242523
func-soft-gn,independent,up-0.25,5002,1,2,1028,1024,1,0,2,0.05160483717918396
func-hard-gn,coherent,baseline,5003,0,0,0,0,0,0,0,7.937211036682129
func-hard-gn,coherent,baseline,5003,0,0,1,1,0,0,1,4.682999610900879
func-hard-gn,coherent,baseline,5003,0,0,2,2,0,0,4,3.976141929626465
func-hard-gn,coherent,baseline,5003,0,0,4,4,0,0,3,3.8333847522735596
func-hard-gn,coherent,baseline,5003,0,0,8,8,0,0,5,2.924652338027954
func-hard-gn,coherent,baseline,5003,0,0,16,16,0,0,6,1.4509575366973877
func-hard-gn,coherent,baseline,5003,0,0,32,32,1,0,6,0.019498059526085854
func-hard-gn,coherent,baseline,5003,0,0,64,64,1,0,7,0.0030197056476026773
func-hard-gn,coherent,baseline,5003,0,0,128,128,1,0,7,0.0022624670527875423
func-hard-gn,coherent,baseline,5003,0,0,256,256,1,0,7,0.0021737394854426384
func-hard-gn,coherent,baseline,5003,0,0,512,512,1,0,7,0.002136449096724391
func-hard-gn,coherent,baseline,5003,0,0,1024,1024,1,0,7,0.002109625143930316
func-hard-gn,coherent,baseline,5003,0,0,1180,1024,1,0,7,0.002109625143930316
func-hard-gn,independent,baseline,5003,0,0,0,0,0,0,0,8.274385452270508
func-hard-gn,independent,baseline,5003,0,0,1,1,0,0,0,7.984734535217285
func-hard-gn,independent,baseline,5003,0,0,2,2,0,0,0,7.928874969482422
func-hard-gn,independent,baseline,5003,0,0,4,4,0,0,0,7.851885795593262
func-hard-gn,independent,baseline,5003,0,0,8,8,0,0,1,7.4606122970581055
func-hard-gn,independent,baseline,5003,0,0,16,16,0,0,2,6.020989418029785
func-hard-gn,independent,baseline,5003,0,0,32,32,0,0,5,2.963754415512085
func-hard-gn,independent,baseline,5003,0,0,64,64,1,0,4,0.32907557487487793
func-hard-gn,independent,baseline,5003,0,0,128,128,1,0,5,0.09317885339260101
func-hard-gn,independent,baseline,5003,0,0,256,256,1,0,4,0.0027340217493474483
func-hard-gn,independent,baseline,5003,0,0,512,512,1,0,5,0.002617071382701397
func-hard-gn,independent,baseline,5003,0,0,1024,1024,1,0,7,0.0025712396018207073
func-hard-gn,independent,baseline,5003,0,0,1180,1024,1,0,7,0.0025712396018207073
func-hard-gn,coherent,baseline,5003,0,1,0,0,0,0,0,7.911166667938232
func-hard-gn,coherent,baseline,5003,0,1,1,1,0,0,0,7.674508571624756
func-hard-gn,coherent,baseline,5003,0,1,2,2,0,0,0,7.293888092041016
func-hard-gn,coherent,baseline,5003,0,1,4,4,0,0,4,3.6909055709838867
func-hard-gn,coherent,baseline,5003,0,1,8,8,0,0,3,3.894223213195801
func-hard-gn,coherent,baseline,5003,0,1,16,16,0,0,4,3.5645651817321777
func-hard-gn,coherent,baseline,5003,0,1,32,32,0,0,3,2.7456350326538086
func-hard-gn,coherent,baseline,5003,0,1,64,64,0,0,1,1.0467838048934937
func-hard-gn,coherent,baseline,5003,0,1,128,128,1,0,2,0.3900253176689148
func-hard-gn,coherent,baseline,5003,0,1,256,248,1,0,1,0.3948200047016144
func-hard-gn,coherent,baseline,5003,0,1,512,470,1,0,1,0.2683155834674835
func-hard-gn,coherent,baseline,5003,0,1,1024,912,1,0,1,0.17932085692882538
func-hard-gn,coherent,baseline,5003,0,1,1180,1024,1,1,0,0.16705070436000824
func-hard-gn,independent,baseline,5003,0,1,0,0,0,0,0,7.217170715332031
func-hard-gn,independent,baseline,5003,0,1,1,1,0,0,1,4.804455280303955
func-hard-gn,independent,baseline,5003,0,1,2,2,0,0,2,4.139667987823486
func-hard-gn,independent,baseline,5003,0,1,4,4,0,0,2,3.997765302658081
func-hard-gn,independent,baseline,5003,0,1,8,8,0,0,1,3.594529390335083
func-hard-gn,independent,baseline,5003,0,1,16,16,1,0,2,0.335210919380188
func-hard-gn,independent,baseline,5003,0,1,32,32,1,0,2,0.07259142398834229
func-hard-gn,independent,baseline,5003,0,1,64,63,1,1,0,0.012930605560541153
func-hard-gn,independent,baseline,5003,0,1,128,127,1,1,0,0.0030780467204749584
func-hard-gn,independent,baseline,5003,0,1,256,255,1,1,0,0.0028309288900345564
func-hard-gn,independent,baseline,5003,0,1,512,511,1,1,0,0.0027736835181713104
func-hard-gn,independent,baseline,5003,0,1,1024,1023,1,0,1,0.002719709649682045
func-hard-gn,independent,baseline,5003,0,1,1180,1024,1,0,1,0.0027195909060537815
func-hard-gn,coherent,baseline,5003,0,2,0,0,0,0,0,8.076787948608398
func-hard-gn,coherent,baseline,5003,0,2,1,1,0,0,0,7.612079620361328
func-hard-gn,coherent,baseline,5003,0,2,2,2,0,0,0,7.371584892272949
func-hard-gn,coherent,baseline,5003,0,2,4,4,0,0,1,6.471810340881348
func-hard-gn,coherent,baseline,5003,0,2,8,8,0,0,1,4.762820243835449
func-hard-gn,coherent,baseline,5003,0,2,16,16,0,0,1,1.7676808834075928
func-hard-gn,coherent,baseline,5003,0,2,32,32,0,0,2,0.7999246716499329
func-hard-gn,coherent,baseline,5003,0,2,64,64,1,0,2,0.40508437156677246
func-hard-gn,coherent,baseline,5003,0,2,128,128,1,0,2,0.31338953971862793
func-hard-gn,coherent,baseline,5003,0,2,256,256,1,0,2,0.22289374470710754
func-hard-gn,coherent,baseline,5003,0,2,512,512,1,0,4,0.13181008398532867
func-hard-gn,coherent,baseline,5003,0,2,1024,1023,1,0,2,0.027385305613279343
func-hard-gn,coherent,baseline,5003,0,2,1180,1024,1,0,2,0.027280040085315704
func-hard-gn,independent,baseline,5003,0,2,0,0,0,0,0,8.203804016113281
func-hard-gn,independent,baseline,5003,0,2,1,1,0,0,0,8.044496536254883
func-hard-gn,independent,baseline,5003,0,2,2,2,0,0,0,7.880044937133789
func-hard-gn,independent,baseline,5003,0,2,4,4,0,0,1,7.494810104370117
func-hard-gn,independent,baseline,5003,0,2,8,8,0,0,1,6.1965789794921875
func-hard-gn,independent,baseline,5003,0,2,16,16,0,0,1,3.655919313430786
func-hard-gn,independent,baseline,5003,0,2,32,32,0,0,0,2.0265650749206543
func-hard-gn,independent,baseline,5003,0,2,64,64,0,0,2,0.8845087289810181
func-hard-gn,independent,baseline,5003,0,2,128,128,1,0,2,0.11318381875753403
func-hard-gn,independent,baseline,5003,0,2,256,256,1,0,2,0.04771888256072998
func-hard-gn,independent,baseline,5003,0,2,512,512,1,0,2,0.009793872945010662
func-hard-gn,independent,baseline,5003,0,2,1024,1024,1,0,2,0.002253312384709716
func-hard-gn,independent,baseline,5003,0,2,1180,1024,1,0,2,0.002253312384709716
func-soft-gn,coherent,baseline,5003,0,0,0,0,0,0,0,7.937211036682129
func-soft-gn,coherent,baseline,5003,0,0,1,1,0,0,1,4.981285095214844
func-soft-gn,coherent,baseline,5003,0,0,2,2,0,0,4,4.008563995361328
func-soft-gn,coherent,baseline,5003,0,0,4,4,0,0,3,3.8918917179107666
func-soft-gn,coherent,baseline,5003,0,0,8,8,0,0,5,3.2488341331481934
func-soft-gn,coherent,baseline,5003,0,0,16,16,1,0,7,0.09326408058404922
func-soft-gn,coherent,baseline,5003,0,0,32,32,1,0,6,0.10616400837898254
func-soft-gn,coherent,baseline,5003,0,0,64,64,1,0,6,0.02570999599993229
func-soft-gn,coherent,baseline,5003,0,0,128,128,1,0,6,0.002458517672494054
func-soft-gn,coherent,baseline,5003,0,0,256,256,1,0,7,0.0021933657117187977
func-soft-gn,coherent,baseline,5003,0,0,512,512,1,0,7,0.002136568073183298
func-soft-gn,coherent,baseline,5003,0,0,1024,1024,1,0,7,0.0021021305583417416
func-soft-gn,independent,baseline,5003,0,0,0,0,0,0,0,8.274385452270508
func-soft-gn,independent,baseline,5003,0,0,1,1,0,0,0,7.997969627380371
func-soft-gn,independent,baseline,5003,0,0,2,2,0,0,0,7.944097518920898
func-soft-gn,independent,baseline,5003,0,0,4,4,0,0,0,7.862598419189453
func-soft-gn,independent,baseline,5003,0,0,8,8,0,0,0,7.6090497970581055
func-soft-gn,independent,baseline,5003,0,0,16,16,0,0,1,6.938593864440918
func-soft-gn,independent,baseline,5003,0,0,32,32,0,0,4,3.6729867458343506
func-soft-gn,independent,baseline,5003,0,0,64,64,1,0,4,0.21432581543922424
func-soft-gn,independent,baseline,5003,0,0,128,128,1,0,5,0.05565662682056427
func-soft-gn,independent,baseline,5003,0,0,256,256,1,0,5,0.0027229050174355507
func-soft-gn,independent,baseline,5003,0,0,512,512,1,0,5,0.002624319400638342
func-soft-gn,independent,baseline,5003,0,0,1024,1024,1,0,5,0.002577836625277996
func-soft-gn,coherent,baseline,5003,0,1,0,0,0,0,0,7.911166667938232
func-soft-gn,coherent,baseline,5003,0,1,1,1,0,0,0,7.708903789520264
func-soft-gn,coherent,baseline,5003,0,1,2,2,0,0,0,7.423383712768555
func-soft-gn,coherent,baseline,5003,0,1,4,4,0,0,3,3.8607141971588135
func-soft-gn,coherent,baseline,5003,0,1,8,8,0,0,4,3.6058335304260254
func-soft-gn,coherent,baseline,5003,0,1,16,16,0,0,4,3.598482131958008
func-soft-gn,coherent,baseline,5003,0,1,32,32,0,0,4,2.878857135772705
func-soft-gn,coherent,baseline,5003,0,1,64,64,1,0,1,0.2681407928466797
func-soft-gn,coherent,baseline,5003,0,1,128,128,1,0,1,0.018806686624884605
func-soft-gn,coherent,baseline,5003,0,1,256,256,1,1,0,0.0031639891676604748
func-soft-gn,coherent,baseline,5003,0,1,512,512,1,1,0,0.002962547354400158
func-soft-gn,coherent,baseline,5003,0,1,1024,1024,1,0,1,0.0029342588968575
func-soft-gn,independent,baseline,5003,0,1,0,0,0,0,0,7.217170715332031
func-soft-gn,independent,baseline,5003,0,1,1,1,0,0,0,6.238892555236816
func-soft-gn,independent,baseline,5003,0,1,2,2,0,0,4,3.9206809997558594
func-soft-gn,independent,baseline,5003,0,1,4,4,0,0,2,1.7576448917388916
func-soft-gn,independent,baseline,5003,0,1,8,8,1,0,3,0.016985813155770302
func-soft-gn,independent,baseline,5003,0,1,16,16,1,0,3,0.07880280911922455
func-soft-gn,independent,baseline,5003,0,1,32,32,1,0,2,0.04372686892747879
func-soft-gn,independent,baseline,5003,0,1,64,64,1,1,0,0.023943770676851273
func-soft-gn,independent,baseline,5003,0,1,128,128,1,1,0,0.004854834172874689
func-soft-gn,independent,baseline,5003,0,1,256,256,1,1,0,0.0028741927817463875
func-soft-gn,independent,baseline,5003,0,1,512,512,1,0,1,0.0027977554127573967
func-soft-gn,independent,baseline,5003,0,1,1024,1024,1,0,1,0.002731418702751398
func-soft-gn,coherent,baseline,5003,0,2,0,0,0,0,0,8.076787948608398
func-soft-gn,coherent,baseline,5003,0,2,1,1,0,0,0,7.6351470947265625
func-soft-gn,coherent,baseline,5003,0,2,2,2,0,0,0,7.1726274490356445
func-soft-gn,coherent,baseline,5003,0,2,4,4,0,0,1,6.301900863647461
func-soft-gn,coherent,baseline,5003,0,2,8,8,0,0,2,2.8485453128814697
func-soft-gn,coherent,baseline,5003,0,2,16,16,1,0,7,0.467135488986969
func-soft-gn,coherent,baseline,5003,0,2,32,32,1,0,4,0.4161742627620697
func-soft-gn,coherent,baseline,5003,0,2,64,64,1,0,3,0.2594914138317108
func-soft-gn,coherent,baseline,5003,0,2,128,128,1,0,2,0.13456608355045319
func-soft-gn,coherent,baseline,5003,0,2,256,256,1,0,2,0.06589232385158539
func-soft-gn,coherent,baseline,5003,0,2,512,512,1,0,2,0.011263353750109673
func-soft-gn,coherent,baseline,5003,0,2,1024,1024,1,0,2,0.002295657992362976
func-soft-gn,independent,baseline,5003,0,2,0,0,0,0,0,8.203804016113281
func-soft-gn,independent,baseline,5003,0,2,1,1,0,0,0,8.051105499267578
func-soft-gn,independent,baseline,5003,0,2,2,2,0,0,0,7.893711090087891
func-soft-gn,independent,baseline,5003,0,2,4,4,0,0,0,7.529250144958496
func-soft-gn,independent,baseline,5003,0,2,8,8,0,0,1,6.3060302734375
func-soft-gn,independent,baseline,5003,0,2,16,16,0,0,1,3.1096878051757812
func-soft-gn,independent,baseline,5003,0,2,32,32,0,0,3,1.2487773895263672
func-soft-gn,independent,baseline,5003,0,2,64,64,1,0,2,0.27623140811920166
func-soft-gn,independent,baseline,5003,0,2,128,128,1,0,2,0.10399588197469711
func-soft-gn,independent,baseline,5003,0,2,256,256,1,1,0,0.019077053293585777
func-soft-gn,independent,baseline,5003,0,2,512,512,1,0,1,0.00234215147793293
func-soft-gn,independent,baseline,5003,0,2,1024,1024,1,0,2,0.0022586053237318993
func-hard-gn,coherent,up-0.25,5003,0,0,0,0,0,0,0,8.278976440429688
func-hard-gn,coherent,up-0.25,5003,0,0,1,1,0,0,0,7.957365989685059
func-hard-gn,coherent,up-0.25,5003,0,0,2,2,0,0,0,7.5441131591796875
func-hard-gn,coherent,up-0.25,5003,0,0,4,4,0,0,1,6.244433879852295
func-hard-gn,coherent,up-0.25,5003,0,0,8,8,0,0,2,2.124703884124756
func-hard-gn,coherent,up-0.25,5003,0,0,16,16,1,0,4,0.01820484735071659
func-hard-gn,coherent,up-0.25,5003,0,0,32,32,1,0,4,0.0024674320593476295
func-hard-gn,coherent,up-0.25,5003,0,0,64,64,1,0,3,0.001723055960610509
func-hard-gn,coherent,up-0.25,5003,0,0,128,128,1,0,3,0.0016668844036757946
func-hard-gn,coherent,up-0.25,5003,0,0,256,256,1,0,3,0.0016525434330105782
func-hard-gn,coherent,up-0.25,5003,0,0,512,512,1,0,4,0.001643558032810688
func-hard-gn,coherent,up-0.25,5003,0,0,1024,1024,1,0,4,0.0016378453001379967
func-hard-gn,independent,up-0.25,5003,0,0,0,0,0,0,0,8.563892364501953
func-hard-gn,independent,up-0.25,5003,0,0,1,1,0,0,0,8.424006462097168
func-hard-gn,independent,up-0.25,5003,0,0,2,2,0,0,0,8.245885848999023
func-hard-gn,independent,up-0.25,5003,0,0,4,4,0,0,1,7.640387535095215
func-hard-gn,independent,up-0.25,5003,0,0,8,8,0,0,2,4.727179527282715
func-hard-gn,independent,up-0.25,5003,0,0,16,16,0,0,5,1.0239403247833252
func-hard-gn,independent,up-0.25,5003,0,0,32,32,1,0,7,0.2515365481376648
func-hard-gn,independent,up-0.25,5003,0,0,64,64,1,0,3,0.050435420125722885
func-hard-gn,independent,up-0.25,5003,0,0,128,128,1,0,6,0.007869075983762741
func-hard-gn,independent,up-0.25,5003,0,0,256,256,1,0,6,0.0018849404295906425
func-hard-gn,independent,up-0.25,5003,0,0,512,512,1,0,6,0.0018409739714115858
func-hard-gn,independent,up-0.25,5003,0,0,1024,1024,1,0,7,0.001830622903071344
func-hard-gn,coherent,up-0.25,5003,0,1,0,0,0,0,0,8.04339599609375
func-hard-gn,coherent,up-0.25,5003,0,1,1,1,0,0,0,6.773760795593262
func-hard-gn,coherent,up-0.25,5003,0,1,2,2,0,0,0,4.282133102416992
func-hard-gn,coherent,up-0.25,5003,0,1,4,4,0,0,0,1.6065486669540405
func-hard-gn,coherent,up-0.25,5003,0,1,8,8,0,0,1,0.41943660378456116
func-hard-gn,coherent,up-0.25,5003,0,1,16,16,1,0,3,0.0039591542445123196
func-hard-gn,coherent,up-0.25,5003,0,1,32,32,1,0,2,0.002092673210427165
func-hard-gn,coherent,up-0.25,5003,0,1,64,64,1,0,3,0.0018788200104609132
func-hard-gn,coherent,up-0.25,5003,0,1,128,128,1,0,3,0.0018529999069869518
func-hard-gn,coherent,up-0.25,5003,0,1,256,256,1,0,3,0.0018440757412463427
func-hard-gn,coherent,up-0.25,5003,0,1,512,512,1,0,3,0.0018380072433501482
func-hard-gn,coherent,up-0.25,5003,0,1,1024,1024,1,0,4,0.00183271209243685
func-hard-gn,independent,up-0.25,5003,0,1,0,0,0,0,0,7.838094711303711
func-hard-gn,independent,up-0.25,5003,0,1,1,1,0,0,0,7.480669021606445
func-hard-gn,independent,up-0.25,5003,0,1,2,2,0,0,1,6.948570251464844
func-hard-gn,independent,up-0.25,5003,0,1,4,4,0,0,1,5.272852897644043
func-hard-gn,independent,up-0.25,5003,0,1,8,8,1,0,2,0.045832931995391846
func-hard-gn,independent,up-0.25,5003,0,1,16,16,1,0,3,0.008449608460068703
func-hard-gn,independent,up-0.25,5003,0,1,32,32,1,0,1,0.005491149146109819
func-hard-gn,independent,up-0.25,5003,0,1,64,64,1,1,0,0.001991552533581853
func-hard-gn,independent,up-0.25,5003,0,1,128,128,1,1,0,0.0019227243028581142
func-hard-gn,independent,up-0.25,5003,0,1,256,256,1,0,1,0.0019092196598649025
func-hard-gn,independent,up-0.25,5003,0,1,512,512,1,0,1,0.001899105729535222
func-hard-gn,independent,up-0.25,5003,0,1,1024,1024,1,0,2,0.0018888134509325027
func-hard-gn,coherent,up-0.25,5003,0,2,0,0,0,0,0,8.877403259277344
func-hard-gn,coherent,up-0.25,5003,0,2,1,1,0,0,0,8.633096694946289
func-hard-gn,coherent,up-0.25,5003,0,2,2,2,0,0,0,8.379268646240234
func-hard-gn,coherent,up-0.25,5003,0,2,4,4,0,0,0,7.917774200439453
func-hard-gn,coherent,up-0.25,5003,0,2,8,8,0,0,0,4.301433563232422
func-hard-gn,coherent,up-0.25,5003,0,2,16,16,0,0,4,2.0439913272857666
func-hard-gn,coherent,up-0.25,5003,0,2,32,32,1,0,4,0.0020619758870452642
func-hard-gn,coherent,up-0.25,5003,0,2,64,64,1,0,4,0.001981082372367382
func-hard-gn,coherent,up-0.25,5003,0,2,128,128,1,0,4,0.0019690662156790495
func-hard-gn,coherent,up-0.25,5003,0,2,256,256,1,0,3,0.0019572877790778875
func-hard-gn,coherent,up-0.25,5003,0,2,512,512,1,0,3,0.0019470559200271964
func-hard-gn,coherent,up-0.25,5003,0,2,1024,1024,1,1,0,0.0019413449335843325
func-hard-gn,independent,up-0.25,5003,0,2,0,0,0,0,0,8.506346702575684
func-hard-gn,independent,up-0.25,5003,0,2,1,1,0,0,0,8.15821361541748
func-hard-gn,independent,up-0.25,5003,0,2,2,2,0,0,0,6.891468048095703
func-hard-gn,independent,up-0.25,5003,0,2,4,4,0,0,0,4.467550754547119
func-hard-gn,independent,up-0.25,5003,0,2,8,8,0,0,0,4.455331802368164
func-hard-gn,independent,up-0.25,5003,0,2,16,16,0,0,0,4.437985897064209
func-hard-gn,independent,up-0.25,5003,0,2,32,32,0,0,2,3.8242838382720947
func-hard-gn,independent,up-0.25,5003,0,2,64,64,1,0,6,0.006415580399334431
func-hard-gn,independent,up-0.25,5003,0,2,128,128,1,0,5,0.0018591739935800433
func-hard-gn,independent,up-0.25,5003,0,2,256,256,1,0,4,0.001815861789509654
func-hard-gn,independent,up-0.25,5003,0,2,512,512,1,0,3,0.0017981319688260555
func-hard-gn,independent,up-0.25,5003,0,2,1024,1024,1,1,0,0.001790100010111928
func-soft-gn,coherent,up-0.25,5003,0,0,0,0,0,0,0,8.278976440429688
func-soft-gn,coherent,up-0.25,5003,0,0,1,1,0,0,0,7.962015151977539
func-soft-gn,coherent,up-0.25,5003,0,0,2,2,0,0,0,7.5564374923706055
func-soft-gn,coherent,up-0.25,5003,0,0,4,4,0,0,1,6.284538269042969
func-soft-gn,coherent,up-0.25,5003,0,0,8,8,1,0,7,0.15954239666461945
func-soft-gn,coherent,up-0.25,5003,0,0,16,16,1,0,3,0.17691878974437714
func-soft-gn,coherent,up-0.25,5003,0,0,32,32,1,0,3,0.1318192332983017
func-soft-gn,coherent,up-0.25,5003,0,0,64,64,1,0,3,0.08382590860128403
func-soft-gn,coherent,up-0.25,5003,0,0,128,128,1,0,3,0.002385650761425495
func-soft-gn,coherent,up-0.25,5003,0,0,256,256,1,0,3,0.0016693241195753217
func-soft-gn,coherent,up-0.25,5003,0,0,512,512,1,0,4,0.0016452837735414505
func-soft-gn,coherent,up-0.25,5003,0,0,1024,1024,1,0,4,0.0016384999034926295
func-soft-gn,coherent,up-0.25,5003,0,0,1025,1024,1,0,4,0.0016384999034926295
func-soft-gn,independent,up-0.25,5003,0,0,0,0,0,0,0,8.563892364501953
func-soft-gn,independent,up-0.25,5003,0,0,1,1,0,0,0,8.425537109375
func-soft-gn,independent,up-0.25,5003,0,0,2,2,0,0,0,8.25070571899414
func-soft-gn,independent,up-0.25,5003,0,0,4,4,0,0,1,7.667586326599121
func-soft-gn,independent,up-0.25,5003,0,0,8,8,0,0,7,1.715840220451355
func-soft-gn,independent,up-0.25,5003,0,0,16,16,0,0,4,1.2457373142242432
func-soft-gn,independent,up-0.25,5003,0,0,32,32,1,0,7,0.3083289563655853
func-soft-gn,independent,up-0.25,5003,0,0,64,64,1,0,7,0.02776314690709114
func-soft-gn,independent,up-0.25,5003,0,0,128,128,1,0,7,0.004611557815223932
func-soft-gn,independent,up-0.25,5003,0,0,256,256,1,0,7,0.0018719747895374894
func-soft-gn,independent,up-0.25,5003,0,0,512,512,1,0,7,0.001807479653507471
func-soft-gn,independent,up-0.25,5003,0,0,1024,1024,1,0,7,0.0017596426187083125
func-soft-gn,independent,up-0.25,5003,0,0,1025,1024,1,0,7,0.0017596426187083125
func-soft-gn,coherent,up-0.25,5003,0,1,0,0,0,0,0,8.04339599609375
func-soft-gn,coherent,up-0.25,5003,0,1,1,1,0,0,0,6.879444122314453
func-soft-gn,coherent,up-0.25,5003,0,1,2,2,0,0,0,4.560852527618408
func-soft-gn,coherent,up-0.25,5003,0,1,4,4,1,0,2,0.07689528912305832
func-soft-gn,coherent,up-0.25,5003,0,1,8,8,1,0,2,0.01588696613907814
func-soft-gn,coherent,up-0.25,5003,0,1,16,16,1,0,3,0.0032382707577198744
func-soft-gn,coherent,up-0.25,5003,0,1,32,32,1,0,3,0.0020557953976094723
func-soft-gn,coherent,up-0.25,5003,0,1,64,64,1,0,2,0.0018984524067491293
func-soft-gn,coherent,up-0.25,5003,0,1,128,128,1,0,3,0.0018581758486106992
func-soft-gn,coherent,up-0.25,5003,0,1,256,256,1,0,3,0.0018469910137355328
func-soft-gn,coherent,up-0.25,5003,0,1,512,512,1,0,3,0.0018391970079392195
func-soft-gn,coherent,up-0.25,5003,0,1,1024,1024,1,0,3,0.0018333070911467075
func-soft-gn,coherent,up-0.25,5003,0,1,1025,1024,1,0,3,0.0018333070911467075
func-soft-gn,independent,up-0.25,5003,0,1,0,0,0,0,0,7.838094711303711
func-soft-gn,independent,up-0.25,5003,0,1,1,1,0,0,0,7.497076988220215
func-soft-gn,independent,up-0.25,5003,0,1,2,2,0,0,1,7.001864433288574
func-soft-gn,independent,up-0.25,5003,0,1,4,4,0,0,1,4.583562850952148
func-soft-gn,independent,up-0.25,5003,0,1,8,8,1,1,0,0.18567588925361633
func-soft-gn,independent,up-0.25,5003,0,1,16,16,1,1,0,0.02481658384203911
func-soft-gn,independent,up-0.25,5003,0,1,32,32,1,0,1,0.006416670046746731
func-soft-gn,independent,up-0.25,5003,0,1,64,64,1,0,1,0.001988399773836136
func-soft-gn,independent,up-0.25,5003,0,1,128,128,1,0,1,0.0019258179236203432
func-soft-gn,independent,up-0.25,5003,0,1,256,256,1,0,1,0.0019104690290987492
func-soft-gn,independent,up-0.25,5003,0,1,512,512,1,0,1,0.0018995818682014942
func-soft-gn,independent,up-0.25,5003,0,1,1024,1024,1,0,1,0.0018909552600234747
func-soft-gn,independent,up-0.25,5003,0,1,1025,1024,1,0,1,0.0018909552600234747
func-soft-gn,coherent,up-0.25,5003,0,2,0,0,0,0,0,8.877403259277344
func-soft-gn,coherent,up-0.25,5003,0,2,1,1,0,0,0,8.634580612182617
func-soft-gn,coherent,up-0.25,5003,0,2,2,2,0,0,0,8.381421089172363
func-soft-gn,coherent,up-0.25,5003,0,2,4,4,0,0,0,4.623037815093994
func-soft-gn,coherent,up-0.25,5003,0,2,8,8,0,0,0,4.117181777954102
func-soft-gn,coherent,up-0.25,5003,0,2,16,16,0,0,0,4.031971454620361
func-soft-gn,coherent,up-0.25,5003,0,2,32,31,1,0,4,0.018895132467150688
func-soft-gn,coherent,up-0.25,5003,0,2,64,63,1,0,5,0.0020889174193143845
func-soft-gn,coherent,up-0.25,5003,0,2,128,127,1,0,3,0.0019819154404103756
func-soft-gn,coherent,up-0.25,5003,0,2,256,255,1,0,1,0.001962225418537855
func-soft-gn,coherent,up-0.25,5003,0,2,512,511,1,1,0,0.0019477102905511856
func-soft-gn,coherent,up-0.25,5003,0,2,1024,1023,1,1,0,0.0019404527265578508
func-soft-gn,coherent,up-0.25,5003,0,2,1025,1024,1,1,0,0.0019404527265578508
func-soft-gn,independent,up-0.25,5003,0,2,0,0,0,0,0,8.506346702575684
func-soft-gn,independent,up-0.25,5003,0,2,1,1,0,0,0,8.172733306884766
func-soft-gn,independent,up-0.25,5003,0,2,2,2,0,0,0,7.116803169250488
func-soft-gn,independent,up-0.25,5003,0,2,4,4,0,0,0,4.4492878913879395
func-soft-gn,independent,up-0.25,5003,0,2,8,8,0,0,0,4.4958038330078125
func-soft-gn,independent,up-0.25,5003,0,2,16,16,0,0,0,4.477108955383301
func-soft-gn,independent,up-0.25,5003,0,2,32,32,0,0,2,3.2759552001953125
func-soft-gn,independent,up-0.25,5003,0,2,64,64,1,0,4,0.0030457121320068836
func-soft-gn,independent,up-0.25,5003,0,2,128,128,1,0,3,0.0018333561019971967
func-soft-gn,independent,up-0.25,5003,0,2,256,256,1,0,3,0.001801404869183898
func-soft-gn,independent,up-0.25,5003,0,2,512,512,1,0,2,0.0017923610284924507
func-soft-gn,independent,up-0.25,5003,0,2,1024,1024,1,0,4,0.0017870065057650208
func-soft-gn,independent,up-0.25,5003,0,2,1025,1024,1,0,4,0.0017870065057650208
func-hard-gn,coherent,baseline,5003,1,0,0,0,0,0,0,8.992323875427246
func-hard-gn,coherent,baseline,5003,1,0,1,1,0,0,0,8.134317398071289
func-hard-gn,coherent,baseline,5003,1,0,2,2,0,0,0,6.549289703369141
func-hard-gn,coherent,baseline,5003,1,0,4,4,0,0,1,3.791335344314575
func-hard-gn,coherent,baseline,5003,1,0,8,8,0,0,4,0.5121020674705505
func-hard-gn,coherent,baseline,5003,1,0,16,16,1,0,6,0.006347395479679108
func-hard-gn,coherent,baseline,5003,1,0,32,32,1,0,6,0.009049779735505581
func-hard-gn,coherent,baseline,5003,1,0,64,64,1,0,7,0.001898095477372408
func-hard-gn,coherent,baseline,5003,1,0,128,128,1,0,1,0.0011859653750434518
func-hard-gn,coherent,baseline,5003,1,0,256,256,1,1,0,0.0011732249986380339
func-hard-gn,coherent,baseline,5003,1,0,512,512,1,1,0,0.0011716175358742476
func-hard-gn,coherent,baseline,5003,1,0,1024,1024,1,1,0,0.0011707840021699667
func-hard-gn,independent,baseline,5003,1,0,0,0,0,0,0,8.570858001708984
func-hard-gn,independent,baseline,5003,1,0,1,1,0,0,0,8.165914535522461
func-hard-gn,independent,baseline,5003,1,0,2,2,0,0,0,7.429329872131348
func-hard-gn,independent,baseline,5003,1,0,4,4,0,0,1,5.702606201171875
func-hard-gn,independent,baseline,5003,1,0,8,8,0,0,4,2.76127028465271
func-hard-gn,independent,baseline,5003,1,0,16,16,1,0,4,0.31324678659439087
func-hard-gn,independent,baseline,5003,1,0,32,32,1,0,3,0.019656255841255188
func-hard-gn,independent,baseline,5003,1,0,64,64,1,0,7,0.00292910635471344
func-hard-gn,independent,baseline,5003,1,0,128,128,1,0,5,0.0012990112882107496
func-hard-gn,independent,baseline,5003,1,0,256,256,1,0,3,0.0012590078404173255
func-hard-gn,independent,baseline,5003,1,0,512,512,1,0,2,0.001253769383765757
func-hard-gn,independent,baseline,5003,1,0,1024,1024,1,0,2,0.0012511501554399729
func-hard-gn,coherent,baseline,5003,1,1,0,0,0,0,0,8.567691802978516
func-hard-gn,coherent,baseline,5003,1,1,1,1,0,0,0,7.636843681335449
func-hard-gn,coherent,baseline,5003,1,1,2,2,0,0,0,6.103254795074463
func-hard-gn,coherent,baseline,5003,1,1,4,4,0,0,1,0.9829428791999817
func-hard-gn,coherent,baseline,5003,1,1,8,8,0,0,1,0.6136760115623474
func-hard-gn,coherent,baseline,5003,1,1,16,16,1,0,1,0.413953959941864
func-hard-gn,coherent,baseline,5003,1,1,32,32,1,0,2,0.051639147102832794
func-hard-gn,coherent,baseline,5003,1,1,64,64,1,0,3,0.015607960522174835
func-hard-gn,coherent,baseline,5003,1,1,128,128,1,0,3,0.008689647540450096
func-hard-gn,coherent,baseline,5003,1,1,256,256,1,0,2,0.0015098951989784837
func-hard-gn,coherent,baseline,5003,1,1,512,512,1,0,2,0.0013181220274418592
func-hard-gn,coherent,baseline,5003,1,1,1024,1024,1,0,2,0.001316217239946127
func-hard-gn,independent,baseline,5003,1,1,0,0,0,0,0,8.701919555664062
func-hard-gn,independent,baseline,5003,1,1,1,1,0,0,0,8.033896446228027
func-hard-gn,independent,baseline,5003,1,1,2,2,0,0,0,7.13095235824585
func-hard-gn,independent,baseline,5003,1,1,4,4,0,0,0,3.73673152923584
func-hard-gn,independent,baseline,5003,1,1,8,8,0,0,1,0.8875782489776611
func-hard-gn,independent,baseline,5003,1,1,16,16,1,0,3,0.2127670794725418
func-hard-gn,independent,baseline,5003,1,1,32,32,1,0,3,0.047102540731430054
func-hard-gn,independent,baseline,5003,1,1,64,64,1,0,2,0.03554493188858032
func-hard-gn,independent,baseline,5003,1,1,128,128,1,0,2,0.023023048415780067
func-hard-gn,independent,baseline,5003,1,1,256,256,1,0,2,0.005549892317503691
func-hard-gn,independent,baseline,5003,1,1,512,512,1,0,2,0.0013369321823120117
func-hard-gn,independent,baseline,5003,1,1,1024,1024,1,0,2,0.001328181941062212
func-hard-gn,coherent,baseline,5003,1,2,0,0,0,0,0,8.20718765258789
func-hard-gn,coherent,baseline,5003,1,2,1,1,0,0,0,7.468420505523682
func-hard-gn,coherent,baseline,5003,1,2,2,2,0,0,0,6.439604759216309
func-hard-gn,coherent,baseline,5003,1,2,4,4,0,0,0,4.1393141746521
func-hard-gn,coherent,baseline,5003,1,2,8,8,0,0,0,2.171260118484497
func-hard-gn,coherent,baseline,5003,1,2,16,16,0,0,0,0.6179107427597046
func-hard-gn,coherent,baseline,5003,1,2,32,32,1,0,0,0.19563132524490356
func-hard-gn,coherent,baseline,5003,1,2,64,64,1,1,0,0.03579309582710266
func-hard-gn,coherent,baseline,5003,1,2,128,128,1,0,1,0.022587783634662628
func-hard-gn,coherent,baseline,5003,1,2,256,256,1,1,0,0.009431411512196064
func-hard-gn,coherent,baseline,5003,1,2,512,512,1,1,0,0.001342587056569755
func-hard-gn,coherent,baseline,5003,1,2,1024,1024,1,1,0,0.0013226460432633758
func-hard-gn,independent,baseline,5003,1,2,0,0,0,0,0,8.410100936889648
func-hard-gn,independent,baseline,5003,1,2,1,1,0,0,0,7.993053436279297
func-hard-gn,independent,baseline,5003,1,2,2,2,0,0,0,7.41298770904541
func-hard-gn,independent,baseline,5003,1,2,4,4,0,0,0,4.63089656829834
func-hard-gn,independent,baseline,5003,1,2,8,8,0,0,0,2.662645101547241
func-hard-gn,independent,baseline,5003,1,2,16,16,0,0,0,0.8462892174720764
func-hard-gn,independent,baseline,5003,1,2,32,32,0,0,0,0.5175780057907104
func-hard-gn,independent,baseline,5003,1,2,64,64,1,1,0,0.24388301372528076
func-hard-gn,independent,baseline,5003,1,2,128,128,1,0,1,0.2005581557750702
func-hard-gn,independent,baseline,5003,1,2,256,256,1,0,3,0.13436563313007355
func-hard-gn,independent,baseline,5003,1,2,512,512,1,0,3,0.07942467927932739
func-hard-gn,independent,baseline,5003,1,2,1024,1024,1,1,0,0.017383474856615067
func-soft-gn,coherent,baseline,5003,1,0,0,0,0,0,0,8.992323875427246
func-soft-gn,coherent,baseline,5003,1,0,1,1,0,0,0,8.203569412231445
func-soft-gn,coherent,baseline,5003,1,0,2,2,0,0,0,6.781220436096191
func-soft-gn,coherent,baseline,5003,1,0,4,4,1,0,8,0.04975040256977081
func-soft-gn,coherent,baseline,5003,1,0,8,8,1,0,8,0.0420757532119751
func-soft-gn,coherent,baseline,5003,1,0,16,16,1,0,6,0.030397329479455948
func-soft-gn,coherent,baseline,5003,1,0,32,32,1,0,4,0.048520468175411224
func-soft-gn,coherent,baseline,5003,1,0,64,64,1,0,4,0.002220098627731204
func-soft-gn,coherent,baseline,5003,1,0,128,128,1,1,0,0.0011960860574617982
func-soft-gn,coherent,baseline,5003,1,0,256,256,1,1,0,0.0011742371134459972
func-soft-gn,coherent,baseline,5003,1,0,512,512,1,1,0,0.0011722128838300705
func-soft-gn,coherent,baseline,5003,1,0,1024,1024,1,1,0,0.0011712603736668825
func-soft-gn,independent,baseline,5003,1,0,0,0,0,0,0,8.570858001708984
func-soft-gn,independent,baseline,5003,1,0,1,1,0,0,0,8.181516647338867
func-soft-gn,independent,baseline,5003,1,0,2,2,0,0,0,7.500727653503418
func-soft-gn,independent,baseline,5003,1,0,4,4,0,0,8,0.7374125719070435
func-soft-gn,independent,baseline,5003,1,0,8,8,1,0,6,0.030877919867634773
func-soft-gn,independent,baseline,5003,1,0,16,16,1,0,5,0.07164696604013443
func-soft-gn,independent,baseline,5003,1,0,32,32,1,0,5,0.05655694380402565
func-soft-gn,independent,baseline,5003,1,0,64,64,1,0,3,0.004123098682612181
func-soft-gn,independent,baseline,5003,1,0,128,128,1,0,1,0.001300319330766797
func-soft-gn,independent,baseline,5003,1,0,256,256,1,0,2,0.0012729964219033718
func-soft-gn,independent,baseline,5003,1,0,512,512,1,0,2,0.0012600794434547424
func-soft-gn,independent,baseline,5003,1,0,1024,1024,1,0,1,0.0012526977807283401
func-soft-gn,coherent,baseline,5003,1,1,0,0,0,0,0,8.567691802978516
func-soft-gn,coherent,baseline,5003,1,1,1,1,0,0,0,7.683685779571533
func-soft-gn,coherent,baseline,5003,1,1,2,2,0,0,0,6.246036529541016
func-soft-gn,coherent,baseline,5003,1,1,4,4,1,0,4,0.2072799801826477
func-soft-gn,coherent,baseline,5003,1,1,8,8,1,0,3,0.1594107449054718
func-soft-gn,coherent,baseline,5003,1,1,16,16,1,0,3,0.12513452768325806
func-soft-gn,coherent,baseline,5003,1,1,32,32,1,0,2,0.09532744437456131
func-soft-gn,coherent,baseline,5003,1,1,64,64,1,0,2,0.03435230255126953
func-soft-gn,coherent,baseline,5003,1,1,128,128,1,0,2,0.029353994876146317
func-soft-gn,coherent,baseline,5003,1,1,256,256,1,0,3,0.007876934483647346
func-soft-gn,coherent,baseline,5003,1,1,512,512,1,0,2,0.0013237770181149244
func-soft-gn,coherent,baseline,5003,1,1,1024,1024,1,0,2,0.0013180626556277275
func-soft-gn,independent,baseline,5003,1,1,0,0,0,0,0,8.701919555664062
func-soft-gn,independent,baseline,5003,1,1,1,1,0,0,0,8.063969612121582
func-soft-gn,independent,baseline,5003,1,1,2,2,0,0,0,7.215251922607422
func-soft-gn,independent,baseline,5003,1,1,4,4,0,0,0,4.159132480621338
func-soft-gn,independent,baseline,5003,1,1,8,8,0,0,3,0.679110050201416
func-soft-gn,independent,baseline,5003,1,1,16,16,1,0,3,0.4257109761238098
func-soft-gn,independent,baseline,5003,1,1,32,32,1,0,3,0.11076559126377106
func-soft-gn,independent,baseline,5003,1,1,64,64,1,0,2,0.05581030994653702
func-soft-gn,independent,baseline,5003,1,1,128,128,1,0,2,0.03539826720952988
func-soft-gn,independent,baseline,5003,1,1,256,256,1,0,2,0.012003595940768719
func-soft-gn,independent,baseline,5003,1,1,512,512,1,0,2,0.0013497895561158657
func-soft-gn,independent,baseline,5003,1,1,1024,1024,1,0,2,0.0013294914970174432
func-soft-gn,coherent,baseline,5003,1,2,0,0,0,0,0,8.20718765258789
func-soft-gn,coherent,baseline,5003,1,2,1,1,0,0,0,7.539307594299316
func-soft-gn,coherent,baseline,5003,1,2,2,2,0,0,0,6.622693061828613
func-soft-gn,coherent,baseline,5003,1,2,4,4,0,0,0,2.5352635383605957
func-soft-gn,coherent,baseline,5003,1,2,8,8,0,0,0,0.5265828371047974
func-soft-gn,coherent,baseline,5003,1,2,16,16,1,0,0,0.5435347557067871
func-soft-gn,coherent,baseline,5003,1,2,32,32,1,1,0,0.16191525757312775
func-soft-gn,coherent,baseline,5003,1,2,64,64,1,1,0,0.09173550456762314
func-soft-gn,coherent,baseline,5003,1,2,128,128,1,1,0,0.04477432742714882
func-soft-gn,coherent,baseline,5003,1,2,256,256,1,1,0,0.019861331209540367
func-soft-gn,coherent,baseline,5003,1,2,512,512,1,1,0,0.0013587776338681579
func-soft-gn,coherent,baseline,5003,1,2,1024,1024,1,1,0,0.0013262771535664797
func-soft-gn,independent,baseline,5003,1,2,0,0,0,0,0,8.410100936889648
func-soft-gn,independent,baseline,5003,1,2,1,1,0,0,0,8.025567054748535
func-soft-gn,independent,baseline,5003,1,2,2,2,0,0,0,7.4879608154296875
func-soft-gn,independent,baseline,5003,1,2,4,4,0,0,0,4.91245174407959
func-soft-gn,independent,baseline,5003,1,2,8,8,0,0,1,0.5532259941101074
func-soft-gn,independent,baseline,5003,1,2,16,16,1,0,0,0.258182555437088
func-soft-gn,independent,baseline,5003,1,2,32,32,1,1,0,0.2831800580024719
func-soft-gn,independent,baseline,5003,1,2,64,64,1,1,0,0.24477040767669678
func-soft-gn,independent,baseline,5003,1,2,128,128,1,1,0,0.1572757363319397
func-soft-gn,independent,baseline,5003,1,2,256,256,1,1,0,0.07479067146778107
func-soft-gn,independent,baseline,5003,1,2,512,512,1,1,0,0.03285431116819382
func-soft-gn,independent,baseline,5003,1,2,1024,1024,1,1,0,0.0015408413019031286
func-hard-gn,coherent,up-0.25,5003,1,0,0,0,0,0,0,9.119056701660156
func-hard-gn,coherent,up-0.25,5003,1,0,1,1,0,0,0,8.379830360412598
func-hard-gn,coherent,up-0.25,5003,1,0,2,2,0,0,1,6.921710014343262
func-hard-gn,coherent,up-0.25,5003,1,0,4,4,0,0,2,3.20916748046875
func-hard-gn,coherent,up-0.25,5003,1,0,8,8,0,0,3,0.8458528518676758
func-hard-gn,coherent,up-0.25,5003,1,0,16,16,1,0,4,0.08809070289134979
func-hard-gn,coherent,up-0.25,5003,1,0,32,32,1,0,1,0.003730607684701681
func-hard-gn,coherent,up-0.25,5003,1,0,64,64,1,0,1,0.0014440114609897137
func-hard-gn,coherent,up-0.25,5003,1,0,128,128,1,0,1,0.0012334722559899092
func-hard-gn,coherent,up-0.25,5003,1,0,256,256,1,0,1,0.0012309125158935785
func-hard-gn,coherent,up-0.25,5003,1,0,512,512,1,0,1,0.001230019610375166
func-hard-gn,coherent,up-0.25,5003,1,0,1024,1024,1,0,1,0.0012293646577745676
func-hard-gn,independent,up-0.25,5003,1,0,0,0,0,0,0,8.780067443847656
func-hard-gn,independent,up-0.25,5003,1,0,1,1,0,0,0,8.488261222839355
func-hard-gn,independent,up-0.25,5003,1,0,2,2,0,0,1,8.11552906036377
func-hard-gn,independent,up-0.25,5003,1,0,4,4,0,0,1,6.035311222076416
func-hard-gn,independent,up-0.25,5003,1,0,8,8,0,0,2,4.21564245223999
func-hard-gn,independent,up-0.25,5003,1,0,16,16,0,0,3,3.4823696613311768
func-hard-gn,independent,up-0.25,5003,1,0,32,32,1,0,5,0.14423498511314392
func-hard-gn,independent,up-0.25,5003,1,0,64,64,1,0,6,0.017823338508605957
func-hard-gn,independent,up-0.25,5003,1,0,128,128,1,0,3,0.0014813285088166595
func-hard-gn,independent,up-0.25,5003,1,0,256,256,1,0,3,0.0012992509873583913
func-hard-gn,independent,up-0.25,5003,1,0,512,512,1,0,5,0.0012896670959889889
func-hard-gn,independent,up-0.25,5003,1,0,1024,1024,1,0,5,0.00128329754807055
func-hard-gn,coherent,up-0.25,5003,1,1,0,0,0,0,0,8.51948070526123
func-hard-gn,coherent,up-0.25,5003,1,1,1,1,0,0,0,7.775149822235107
func-hard-gn,coherent,up-0.25,5003,1,1,2,2,0,0,0,5.634066581726074
func-hard-gn,coherent,up-0.25,5003,1,1,4,4,0,0,0,2.5610201358795166
func-hard-gn,coherent,up-0.25,5003,1,1,8,8,1,1,0,0.24488107860088348
func-hard-gn,coherent,up-0.25,5003,1,1,16,16,1,1,0,0.009330874308943748
func-hard-gn,coherent,up-0.25,5003,1,1,32,32,1,1,0,0.0032130801118910313
func-hard-gn,coherent,up-0.25,5003,1,1,64,64,1,1,0,0.0013553847093135118
func-hard-gn,coherent,up-0.25,5003,1,1,128,128,1,1,0,0.0013299081474542618
func-hard-gn,coherent,up-0.25,5003,1,1,256,256,1,1,0,0.0013257414102554321
func-hard-gn,coherent,up-0.25,5003,1,1,512,512,1,1,0,0.0013231222983449697
func-hard-gn,coherent,up-0.25,5003,1,1,1024,1024,1,1,0,0.0013216340448707342
func-hard-gn,independent,up-0.25,5003,1,1,0,0,0,0,0,8.64013671875
func-hard-gn,independent,up-0.25,5003,1,1,1,1,0,0,0,7.941495895385742
func-hard-gn,independent,up-0.25,5003,1,1,2,2,0,0,0,5.526575565338135
func-hard-gn,independent,up-0.25,5003,1,1,4,4,0,0,0,0.6933902502059937
func-hard-gn,independent,up-0.25,5003,1,1,8,8,1,1,0,0.1278843730688095
func-hard-gn,independent,up-0.25,5003,1,1,16,16,1,1,0,0.026959817856550217
func-hard-gn,independent,up-0.25,5003,1,1,32,32,1,1,0,0.003012129571288824
func-hard-gn,independent,up-0.25,5003,1,1,64,64,1,0,1,0.0014210969675332308
func-hard-gn,independent,up-0.25,5003,1,1,128,128,1,1,0,0.0013656821101903915
func-hard-gn,independent,up-0.25,5003,1,1,256,256,1,1,0,0.0013559202197939157
func-hard-gn,independent,up-0.25,5003,1,1,512,512,1,1,0,0.0013505035312846303
func-hard-gn,independent,up-0.25,5003,1,1,1024,1024,1,1,0,0.0013470512349158525
func-hard-gn,coherent,up-0.25,5003,1,2,0,0,0,0,0,8.443761825561523
func-hard-gn,coherent,up-0.25,5003,1,2,1,1,0,0,0,8.185120582580566
func-hard-gn,coherent,up-0.25,5003,1,2,2,2,0,0,0,7.849717140197754
func-hard-gn,coherent,up-0.25,5003,1,2,4,4,0,0,0,6.853218078613281
func-hard-gn,coherent,up-0.25,5003,1,2,8,8,0,0,1,5.515626907348633
func-hard-gn,coherent,up-0.25,5003,1,2,16,16,0,0,0,3.1549739837646484
func-hard-gn,coherent,up-0.25,5003,1,2,32,32,0,0,2,0.9300537109375
func-hard-gn,coherent,up-0.25,5003,1,2,64,64,1,0,2,0.11899754405021667
func-hard-gn,coherent,up-0.25,5003,1,2,128,128,1,0,1,0.06232732534408569
func-hard-gn,coherent,up-0.25,5003,1,2,256,256,1,0,1,0.03880530595779419
func-hard-gn,coherent,up-0.25,5003,1,2,512,512,1,0,1,0.002442647237330675
func-hard-gn,coherent,up-0.25,5003,1,2,1024,1024,1,0,2,0.0013675275258719921
func-hard-gn,independent,up-0.25,5003,1,2,0,0,0,0,0,8.482625961303711
func-hard-gn,independent,up-0.25,5003,1,2,1,1,0,0,0,8.34646987915039
func-hard-gn,independent,up-0.25,5003,1,2,2,2,0,0,0,8.18568229675293
func-hard-gn,independent,up-0.25,5003,1,2,4,4,0,0,0,7.600888729095459
func-hard-gn,independent,up-0.25,5003,1,2,8,8,0,0,0,5.983513355255127
func-hard-gn,independent,up-0.25,5003,1,2,16,16,0,0,0,2.9054532051086426
func-hard-gn,independent,up-0.25,5003,1,2,32,32,0,0,1,0.9834137558937073
func-hard-gn,independent,up-0.25,5003,1,2,64,64,1,0,0,0.11523886024951935
func-hard-gn,independent,up-0.25,5003,1,2,128,128,1,1,0,0.06147734075784683
func-hard-gn,independent,up-0.25,5003,1,2,256,256,1,1,0,0.019517680630087852
func-hard-gn,independent,up-0.25,5003,1,2,512,512,1,0,1,0.0013802018947899342
func-hard-gn,independent,up-0.25,5003,1,2,1024,1024,1,0,2,0.001302226330153644
func-soft-gn,coherent,up-0.25,5003,1,0,0,0,0,0,0,9.119056701660156
func-soft-gn,coherent,up-0.25,5003,1,0,1,1,0,0,0,8.42056655883789
func-soft-gn,coherent,up-0.25,5003,1,0,2,2,0,0,0,7.07856559753418
func-soft-gn,coherent,up-0.25,5003,1,0,4,4,0,0,3,1.2119628190994263
func-soft-gn,coherent,up-0.25,5003,1,0,8,8,0,0,3,0.7029246091842651
func-soft-gn,coherent,up-0.25,5003,1,0,16,16,1,0,4,0.26102298498153687
func-soft-gn,coherent,up-0.25,5003,1,0,32,32,1,0,1,0.015812154859304428
func-soft-gn,coherent,up-0.25,5003,1,0,64,64,1,0,1,0.0013927649706602097
func-soft-gn,coherent,up-0.25,5003,1,0,128,128,1,0,1,0.0012335318606346846
func-soft-gn,coherent,up-0.25,5003,1,0,256,256,1,0,1,0.001231091096997261
func-soft-gn,coherent,up-0.25,5003,1,0,512,512,1,0,1,0.0012300790986046195
func-soft-gn,coherent,up-0.25,5003,1,0,1024,1024,1,0,1,0.0012294837506487966
func-soft-gn,independent,up-0.25,5003,1,0,0,0,0,0,0,8.780067443847656
func-soft-gn,independent,up-0.25,5003,1,0,1,1,0,0,0,8.495719909667969
func-soft-gn,independent,up-0.25,5003,1,0,2,2,0,0,1,8.14284896850586
func-soft-gn,independent,up-0.25,5003,1,0,4,4,0,0,1,6.344092845916748
func-soft-gn,independent,up-0.25,5003,1,0,8,8,0,0,6,2.981498956680298
func-soft-gn,independent,up-0.25,5003,1,0,16,16,0,0,3,2.332308292388916
func-soft-gn,independent,up-0.25,5003,1,0,32,32,1,0,6,0.07985913753509521
func-soft-gn,independent,up-0.25,5003,1,0,64,64,1,0,4,0.008728030137717724
func-soft-gn,independent,up-0.25,5003,1,0,128,128,1,0,3,0.0018269405700266361
func-soft-gn,independent,up-0.25,5003,1,0,256,256,1,0,3,0.001317585352808237
func-soft-gn,independent,up-0.25,5003,1,0,512,512,1,0,4,0.001304846489802003
func-soft-gn,independent,up-0.25,5003,1,0,1024,1024,1,0,6,0.001295679248869419
func-soft-gn,coherent,up-0.25,5003,1,1,0,0,0,0,0,8.51948070526123
func-soft-gn,coherent,up-0.25,5003,1,1,1,1,0,0,0,7.810992240905762
func-soft-gn,coherent,up-0.25,5003,1,1,2,2,0,0,0,6.113104343414307
func-soft-gn,coherent,up-0.25,5003,1,1,4,4,1,0,3,0.01974480040371418
func-soft-gn,coherent,up-0.25,5003,1,1,8,8,1,0,2,0.01645801216363907
func-soft-gn,coherent,up-0.25,5003,1,1,16,16,1,1,0,0.012949679046869278
func-soft-gn,coherent,up-0.25,5003,1,1,32,32,1,1,0,0.038049496710300446
func-soft-gn,coherent,up-0.25,5003,1,1,64,64,1,0,1,0.0014898355584591627
func-soft-gn,coherent,up-0.25,5003,1,1,128,128,1,0,1,0.0013321106089279056
func-soft-gn,coherent,up-0.25,5003,1,1,256,256,1,0,1,0.001327467616647482
func-soft-gn,coherent,up-0.25,5003,1,1,512,512,1,0,1,0.001325027085840702
func-soft-gn,coherent,up-0.25,5003,1,1,1024,1024,1,0,1,0.0013231222983449697
func-soft-gn,independent,up-0.25,5003,1,1,0,0,0,0,0,8.64013671875
func-soft-gn,independent,up-0.25,5003,1,1,1,1,0,0,0,8.000314712524414
func-soft-gn,independent,up-0.25,5003,1,1,2,2,0,0,0,6.246185779571533
func-soft-gn,independent,up-0.25,5003,1,1,4,4,1,0,1,0.11093194037675858
func-soft-gn,independent,up-0.25,5003,1,1,8,8,1,0,1,0.05036986619234085
func-soft-gn,independent,up-0.25,5003,1,1,16,16,1,1,0,0.050275303423404694
func-soft-gn,independent,up-0.25,5003,1,1,32,32,1,1,0,0.010903023183345795
func-soft-gn,independent,up-0.25,5003,1,1,64,64,1,0,1,0.0022573000751435757
func-soft-gn,independent,up-0.25,5003,1,1,128,128,1,1,0,0.0013684795703738928
func-soft-gn,independent,up-0.25,5003,1,1,256,256,1,1,0,0.0013553844764828682
func-soft-gn,independent,up-0.25,5003,1,1,512,512,1,1,0,0.0013503844384104013
func-soft-gn,independent,up-0.25,5003,1,1,1024,1024,1,1,0,0.0013466940727084875
func-soft-gn,coherent,up-0.25,5003,1,2,0,0,0,0,0,8.443761825561523
func-soft-gn,coherent,up-0.25,5003,1,2,1,1,0,0,0,8.195463180541992
func-soft-gn,coherent,up-0.25,5003,1,2,2,2,0,0,0,7.876436233520508
func-soft-gn,coherent,up-0.25,5003,1,2,4,4,0,0,0,7.376307964324951
func-soft-gn,coherent,up-0.25,5003,1,2,8,8,0,0,2,3.1390249729156494
func-soft-gn,coherent,up-0.25,5003,1,2,16,16,1,0,7,0.14759691059589386
func-soft-gn,coherent,up-0.25,5003,1,2,32,32,1,0,8,0.2225222885608673
func-soft-gn,coherent,up-0.25,5003,1,2,64,64,1,0,2,0.0650423914194107
func-soft-gn,coherent,up-0.25,5003,1,2,128,128,1,0,1,0.019541947171092033
func-soft-gn,coherent,up-0.25,5003,1,2,256,256,1,0,1,0.0018309666775166988
func-soft-gn,coherent,up-0.25,5003,1,2,512,512,1,0,3,0.0013706822646781802
func-soft-gn,coherent,up-0.25,5003,1,2,1024,1024,1,0,3,0.0013630037428811193
func-soft-gn,independent,up-0.25,5003,1,2,0,0,0,0,0,8.482625961303711
func-soft-gn,independent,up-0.25,5003,1,2,1,1,0,0,0,8.350671768188477
func-soft-gn,independent,up-0.25,5003,1,2,2,2,0,0,0,8.196657180786133
func-soft-gn,independent,up-0.25,5003,1,2,4,4,0,0,0,7.6514811515808105
func-soft-gn,independent,up-0.25,5003,1,2,8,8,0,0,4,3.4940943717956543
func-soft-gn,independent,up-0.25,5003,1,2,16,16,1,0,6,0.35726386308670044
func-soft-gn,independent,up-0.25,5003,1,2,32,32,1,0,3,0.3599846065044403
func-soft-gn,independent,up-0.25,5003,1,2,64,64,1,0,1,0.10381950438022614
func-soft-gn,independent,up-0.25,5003,1,2,128,128,1,1,0,0.04057040065526962
func-soft-gn,independent,up-0.25,5003,1,2,256,256,1,1,0,0.014229772612452507
func-soft-gn,independent,up-0.25,5003,1,2,512,512,1,0,1,0.0013230600161477923
func-soft-gn,independent,up-0.25,5003,1,2,1024,1024,1,0,1,0.0013040716294199228
func-hard-gn,coherent,baseline,5004,0,0,0,0,0,0,0,8.334060668945312
func-hard-gn,coherent,baseline,5004,0,0,1,1,0,0,0,7.928138256072998
func-hard-gn,coherent,baseline,5004,0,0,2,2,0,0,0,6.995846271514893
func-hard-gn,coherent,baseline,5004,0,0,4,4,0,0,1,2.4565060138702393
func-hard-gn,coherent,baseline,5004,0,0,8,8,1,0,1,0.09815836697816849
func-hard-gn,coherent,baseline,5004,0,0,16,16,1,1,0,0.022159604355692863
func-hard-gn,coherent,baseline,5004,0,0,32,32,1,1,0,0.0016500386409461498
func-hard-gn,coherent,baseline,5004,0,0,64,64,1,1,0,0.0014492494519799948
func-hard-gn,coherent,baseline,5004,0,0,128,128,1,1,0,0.0014336556196212769
func-hard-gn,coherent,baseline,5004,0,0,256,256,1,1,0,0.0014311557170003653
func-hard-gn,coherent,baseline,5004,0,0,512,512,1,1,0,0.0014300248585641384
func-hard-gn,coherent,baseline,5004,0,0,1024,1024,1,1,0,0.0014294893480837345
func-hard-gn,independent,baseline,5004,0,0,0,0,0,0,0,8.700828552246094
func-hard-gn,independent,baseline,5004,0,0,1,1,0,0,0,8.359776496887207
func-hard-gn,independent,baseline,5004,0,0,2,2,0,0,0,7.843374252319336
func-hard-gn,independent,baseline,5004,0,0,4,4,0,0,0,6.5075836181640625
func-hard-gn,independent,baseline,5004,0,0,8,8,0,0,1,3.917994737625122
func-hard-gn,independent,baseline,5004,0,0,16,16,0,0,1,2.978606939315796
func-hard-gn,independent,baseline,5004,0,0,32,32,1,0,3,0.08423835039138794
func-hard-gn,independent,baseline,5004,0,0,64,64,1,0,2,0.021063100546598434
func-hard-gn,independent,baseline,5004,0,0,128,128,1,1,0,0.005784144625067711
func-hard-gn,independent,baseline,5004,0,0,256,256,1,1,0,0.0015502432361245155
func-hard-gn,independent,baseline,5004,0,0,512,512,1,1,0,0.0015291760209947824
func-hard-gn,independent,baseline,5004,0,0,1024,1024,1,1,0,0.0015236411709338427
func-hard-gn,coherent,baseline,5004,0,1,0,0,0,0,0,8.260262489318848
func-hard-gn,coherent,baseline,5004,0,1,1,1,0,0,0,7.589118003845215
func-hard-gn,coherent,baseline,5004,0,1,2,2,0,0,0,5.80155086517334
func-hard-gn,coherent,baseline,5004,0,1,4,4,0,0,5,0.7189611792564392
func-hard-gn,coherent,baseline,5004,0,1,8,8,1,0,4,0.07641537487506866
func-hard-gn,coherent,baseline,5004,0,1,16,16,1,0,4,0.01010509766638279
func-hard-gn,coherent,baseline,5004,0,1,32,32,1,0,4,0.0026448476128280163
func-hard-gn,coherent,baseline,5004,0,1,64,64,1,0,4,0.0016201119869947433
func-hard-gn,coherent,baseline,5004,0,1,128,128,1,0,1,0.0016038066241890192
func-hard-gn,coherent,baseline,5004,0,1,256,256,1,0,1,0.0016002956544980407
func-hard-gn,coherent,baseline,5004,0,1,512,512,1,0,1,0.0015980342868715525
func-hard-gn,coherent,baseline,5004,0,1,1024,1024,1,0,1,0.0015961895696818829
func-hard-gn,independent,baseline,5004,0,1,0,0,0,0,0,8.222661972045898
func-hard-gn,independent,baseline,5004,0,1,1,1,0,0,0,7.8354597091674805
func-hard-gn,independent,baseline,5004,0,1,2,2,0,0,0,6.0605058670043945
func-hard-gn,independent,baseline,5004,0,1,4,4,0,0,1,2.6473379135131836
func-hard-gn,independent,baseline,5004,0,1,8,8,1,0,4,0.3652733862400055
func-hard-gn,independent,baseline,5004,0,1,16,16,1,0,4,0.051653824746608734
func-hard-gn,independent,baseline,5004,0,1,32,32,1,0,4,0.04894377663731575
func-hard-gn,independent,baseline,5004,0,1,64,64,1,0,4,0.009006364271044731
func-hard-gn,independent,baseline,5004,0,1,128,128,1,0,4,0.004168048035353422
func-hard-gn,independent,baseline,5004,0,1,256,256,1,0,1,0.0015808925963938236
func-hard-gn,independent,baseline,5004,0,1,512,512,1,0,1,0.0015601833583787084
func-hard-gn,independent,baseline,5004,0,1,1024,1024,1,0,1,0.0015539942542091012
func-hard-gn,coherent,baseline,5004,0,2,0,0,0,0,0,8.740732192993164
func-hard-gn,coherent,baseline,5004,0,2,1,1,0,0,0,5.225866794586182
func-hard-gn,coherent,baseline,5004,0,2,2,2,0,0,0,3.8532681465148926
func-hard-gn,coherent,baseline,5004,0,2,4,4,0,0,0,3.4099013805389404
func-hard-gn,coherent,baseline,5004,0,2,8,8,1,1,0,0.33171889185905457
func-hard-gn,coherent,baseline,5004,0,2,16,16,1,0,1,0.028265604749321938
func-hard-gn,coherent,baseline,5004,0,2,32,32,1,1,0,0.0027759710792452097
func-hard-gn,coherent,baseline,5004,0,2,64,64,1,1,0,0.0016380210872739553
func-hard-gn,coherent,baseline,5004,0,2,128,128,1,0,1,0.0014879952650517225
func-hard-gn,coherent,baseline,5004,0,2,256,256,1,0,1,0.0014848408754915
func-hard-gn,coherent,baseline,5004,0,2,512,512,1,0,1,0.0014829959254711866
func-hard-gn,coherent,baseline,5004,0,2,1024,1024,1,0,1,0.001482103019952774
func-hard-gn,independent,baseline,5004,0,2,0,0,0,0,0,8.571918487548828
func-hard-gn,independent,baseline,5004,0,2,1,1,0,0,0,7.60008430480957
func-hard-gn,independent,baseline,5004,0,2,2,2,0,0,0,4.11287784576416
func-hard-gn,independent,baseline,5004,0,2,4,4,0,0,0,4.025692939758301
func-hard-gn,independent,baseline,5004,0,2,8,8,0,0,0,3.9030039310455322
func-hard-gn,independent,baseline,5004,0,2,16,16,1,0,1,0.06338326632976532
func-hard-gn,independent,baseline,5004,0,2,32,32,1,0,1,0.009950953535735607
func-hard-gn,independent,baseline,5004,0,2,64,64,1,0,1,0.001961356494575739
func-hard-gn,independent,baseline,5004,0,2,128,128,1,1,0,0.0014669260708615184
func-hard-gn,independent,baseline,5004,0,2,256,256,1,1,0,0.0014603791059926152
func-hard-gn,independent,baseline,5004,0,2,512,512,1,1,0,0.0014578198315575719
func-hard-gn,independent,baseline,5004,0,2,1024,1024,1,0,1,0.0014562128344550729
func-soft-gn,coherent,baseline,5004,0,0,0,0,0,0,0,8.334060668945312
func-soft-gn,coherent,baseline,5004,0,0,1,1,0,0,0,7.953432559967041
func-soft-gn,coherent,baseline,5004,0,0,2,2,0,0,0,7.112780570983887
func-soft-gn,coherent,baseline,5004,0,0,4,4,1,0,1,0.30194687843322754
func-soft-gn,coherent,baseline,5004,0,0,8,8,1,1,0,0.1458422839641571
func-soft-gn,coherent,baseline,5004,0,0,16,16,1,1,0,0.013331951573491096
func-soft-gn,coherent,baseline,5004,0,0,32,32,1,1,0,0.0016835969872772694
func-soft-gn,coherent,baseline,5004,0,0,64,64,1,1,0,0.0014446666464209557
func-soft-gn,coherent,baseline,5004,0,0,128,128,1,1,0,0.0014327033422887325
func-soft-gn,coherent,baseline,5004,0,0,256,256,1,1,0,0.0014309772523120046
func-soft-gn,coherent,baseline,5004,0,0,512,512,1,1,0,0.0014303225325420499
func-soft-gn,coherent,baseline,5004,0,0,1024,1024,1,1,0,0.0014296678127720952
func-soft-gn,independent,baseline,5004,0,0,0,0,0,0,0,8.700828552246094
func-soft-gn,independent,baseline,5004,0,0,1,1,0,0,0,8.368673324584961
func-soft-gn,independent,baseline,5004,0,0,2,2,0,0,0,7.864833354949951
func-soft-gn,independent,baseline,5004,0,0,4,4,0,0,1,5.815036773681641
func-soft-gn,independent,baseline,5004,0,0,8,8,0,0,1,3.481858968734741
func-soft-gn,independent,baseline,5004,0,0,16,16,0,0,1,3.0906829833984375
func-soft-gn,independent,baseline,5004,0,0,32,32,1,0,3,0.06176270544528961
func-soft-gn,independent,baseline,5004,0,0,64,64,1,0,2,0.021642234176397324
func-soft-gn,independent,baseline,5004,0,0,128,128,1,0,2,0.003934631124138832
func-soft-gn,independent,baseline,5004,0,0,256,256,1,1,0,0.0015377455856651068
func-soft-gn,independent,baseline,5004,0,0,512,512,1,1,0,0.0015274499310180545
func-soft-gn,independent,baseline,5004,0,0,1024,1024,1,1,0,0.0015235815662890673
func-soft-gn,coherent,baseline,5004,0,1,0,0,0,0,0,8.260262489318848
func-soft-gn,coherent,baseline,5004,0,1,1,1,0,0,0,7.6439433097839355
func-soft-gn,coherent,baseline,5004,0,1,2,2,0,0,0,6.205526828765869
func-soft-gn,coherent,baseline,5004,0,1,4,4,1,0,6,0.03913787752389908
func-soft-gn,coherent,baseline,5004,0,1,8,8,1,0,5,0.03297174349427223
func-soft-gn,coherent,baseline,5004,0,1,16,16,1,0,4,0.014601783826947212
func-soft-gn,coherent,baseline,5004,0,1,32,32,1,0,3,0.007798497099429369
func-soft-gn,coherent,baseline,5004,0,1,64,64,1,0,4,0.001778747420758009
func-soft-gn,coherent,baseline,5004,0,1,128,128,1,0,1,0.0016063060611486435
func-soft-gn,coherent,baseline,5004,0,1,256,256,1,0,1,0.0015990459360182285
func-soft-gn,coherent,baseline,5004,0,1,512,512,1,0,1,0.0015966061037033796
func-soft-gn,coherent,baseline,5004,0,1,1024,1024,1,0,2,0.0015948803629726171
func-soft-gn,independent,baseline,5004,0,1,0,0,0,0,0,8.222661972045898
func-soft-gn,independent,baseline,5004,0,1,1,1,0,0,0,7.863104820251465
func-soft-gn,independent,baseline,5004,0,1,2,2,0,0,0,6.490909576416016
func-soft-gn,independent,baseline,5004,0,1,4,4,1,0,6,0.23283998668193817
func-soft-gn,independent,baseline,5004,0,1,8,8,1,0,4,0.08708791434764862
func-soft-gn,independent,baseline,5004,0,1,16,16,1,0,4,0.07097743451595306
func-soft-gn,independent,baseline,5004,0,1,32,32,1,0,4,0.06661047041416168
func-soft-gn,independent,baseline,5004,0,1,64,64,1,0,4,0.014255648478865623
func-soft-gn,independent,baseline,5004,0,1,128,128,1,0,2,0.004968863911926746
func-soft-gn,independent,baseline,5004,0,1,256,256,1,0,1,0.0015709548024460673
func-soft-gn,independent,baseline,5004,0,1,512,512,1,0,1,0.0015592311974614859
func-soft-gn,independent,baseline,5004,0,1,1024,1024,1,0,1,0.0015541133470833302
func-soft-gn,coherent,baseline,5004,0,2,0,0,0,0,0,8.740732192993164
func-soft-gn,coherent,baseline,5004,0,2,1,1,0,0,0,5.863366603851318
func-soft-gn,coherent,baseline,5004,0,2,2,2,0,0,0,3.9338557720184326
func-soft-gn,coherent,baseline,5004,0,2,4,4,0,0,0,2.107813596725464
func-soft-gn,coherent,baseline,5004,0,2,8,8,1,0,1,0.16187641024589539
func-soft-gn,coherent,baseline,5004,0,2,16,16,1,0,1,0.030052553862333298
func-soft-gn,coherent,baseline,5004,0,2,32,32,1,1,0,0.0029546073637902737
func-soft-gn,coherent,baseline,5004,0,2,64,64,1,1,0,0.0015073972754180431
func-soft-gn,coherent,baseline,5004,0,2,128,128,1,0,1,0.0014868644066154957
func-soft-gn,coherent,baseline,5004,0,2,256,256,1,0,1,0.0014841266674920917
func-soft-gn,coherent,baseline,5004,0,2,512,512,1,0,1,0.0014825197868049145
func-soft-gn,coherent,baseline,5004,0,2,1024,1024,1,0,1,0.0014819245552644134
func-soft-gn,independent,baseline,5004,0,2,0,0,0,0,0,8.571918487548828
func-soft-gn,independent,baseline,5004,0,2,1,1,0,0,0,4.078951358795166
func-soft-gn,independent,baseline,5004,0,2,2,2,0,0,0,4.10730504989624
func-soft-gn,independent,baseline,5004,0,2,4,4,0,0,0,4.091290473937988
func-soft-gn,independent,baseline,5004,0,2,8,8,0,0,0,4.083267688751221
func-soft-gn,independent,baseline,5004,0,2,16,16,0,0,0,4.064582824707031
func-soft-gn,independent,baseline,5004,0,2,32,32,1,1,0,0.004007917363196611
func-soft-gn,independent,baseline,5004,0,2,64,64,1,0,1,0.0015309648588299751
func-soft-gn,independent,baseline,5004,0,2,128,128,1,0,1,0.001462640706449747
func-soft-gn,independent,baseline,5004,0,2,256,256,1,1,0,0.0014589506899937987
func-soft-gn,independent,baseline,5004,0,2,512,512,1,1,0,0.0014570460189133883
func-soft-gn,independent,baseline,5004,0,2,1024,1024,1,0,1,0.0014559747651219368
func-hard-gn,coherent,up-0.25,5004,0,0,0,0,0,0,0,8.295112609863281
func-hard-gn,coherent,up-0.25,5004,0,0,1,1,0,0,0,7.943454742431641
func-hard-gn,coherent,up-0.25,5004,0,0,2,2,0,0,0,7.375148773193359
func-hard-gn,coherent,up-0.25,5004,0,0,4,4,0,0,1,4.321819305419922
func-hard-gn,coherent,up-0.25,5004,0,0,8,8,1,1,0,0.06307056546211243
func-hard-gn,coherent,up-0.25,5004,0,0,16,16,1,1,0,0.0018612048588693142
func-hard-gn,coherent,up-0.25,5004,0,0,32,32,1,1,0,0.0014905543066561222
func-hard-gn,coherent,up-0.25,5004,0,0,64,64,1,1,0,0.0014627005439251661
func-hard-gn,coherent,up-0.25,5004,0,0,128,128,1,1,0,0.0014603794552385807
func-hard-gn,coherent,up-0.25,5004,0,0,256,256,1,1,0,0.0014593080850318074
func-hard-gn,coherent,up-0.25,5004,0,0,512,512,1,1,0,0.0014585342723876238
func-hard-gn,coherent,up-0.25,5004,0,0,1024,1024,1,1,0,0.0014579987619072199
func-hard-gn,independent,up-0.25,5004,0,0,0,0,0,0,0,8.718534469604492
func-hard-gn,independent,up-0.25,5004,0,0,1,1,0,0,0,8.082025527954102
func-hard-gn,independent,up-0.25,5004,0,0,2,2,0,0,0,7.551143169403076
func-hard-gn,independent,up-0.25,5004,0,0,4,4,0,0,4,5.887760639190674
func-hard-gn,independent,up-0.25,5004,0,0,8,8,0,0,4,3.4074220657348633
func-hard-gn,independent,up-0.25,5004,0,0,16,16,0,0,1,2.421494245529175
func-hard-gn,independent,up-0.25,5004,0,0,32,32,1,1,0,0.024649808183312416
func-hard-gn,independent,up-0.25,5004,0,0,64,64,1,1,0,0.002820936730131507
func-hard-gn,independent,up-0.25,5004,0,0,128,128,1,1,0,0.0017552454955875874
func-hard-gn,independent,up-0.25,5004,0,0,256,256,1,1,0,0.001484245527535677
func-hard-gn,independent,up-0.25,5004,0,0,512,512,1,1,0,0.001480377046391368
func-hard-gn,independent,up-0.25,5004,0,0,1024,1024,1,1,0,0.0014785914681851864
func-hard-gn,coherent,up-0.25,5004,0,1,0,0,0,0,0,8.253165245056152
func-hard-gn,coherent,up-0.25,5004,0,1,1,1,0,0,0,7.333111763000488
func-hard-gn,coherent,up-0.25,5004,0,1,2,2,0,0,6,0.5462730526924133
func-hard-gn,coherent,up-0.25,5004,0,1,4,4,1,0,6,0.05209474638104439
func-hard-gn,coherent,up-0.25,5004,0,1,8,8,1,0,4,0.0200111772865057
func-hard-gn,coherent,up-0.25,5004,0,1,16,16,1,0,4,0.004839356057345867
func-hard-gn,coherent,up-0.25,5004,0,1,32,32,1,0,5,0.0016807487700134516
func-hard-gn,coherent,up-0.25,5004,0,1,64,64,1,0,2,0.0014997792895883322
func-hard-gn,coherent,up-0.25,5004,0,1,128,128,1,1,0,0.0014914472121745348
func-hard-gn,coherent,up-0.25,5004,0,1,256,256,1,1,0,0.0014884714037179947
func-hard-gn,coherent,up-0.25,5004,0,1,512,512,1,1,0,0.0014869833830744028
func-hard-gn,coherent,up-0.25,5004,0,1,1024,1024,1,1,0,0.0014861501986160874
func-hard-gn,independent,up-0.25,5004,0,1,0,0,0,0,0,8.307792663574219
func-hard-gn,independent,up-0.25,5004,0,1,1,1,0,0,0,7.900880813598633
func-hard-gn,independent,up-0.25,5004,0,1,2,2,0,0,0,4.712864875793457
func-hard-gn,independent,up-0.25,5004,0,1,4,4,1,0,5,0.3733711838722229
func-hard-gn,independent,up-0.25,5004,0,1,8,8,1,0,5,0.08975882828235626
func-hard-gn,independent,up-0.25,5004,0,1,16,16,1,0,5,0.048289164900779724
func-hard-gn,independent,up-0.25,5004,0,1,32,32,1,0,3,0.006697262637317181
func-hard-gn,independent,up-0.25,5004,0,1,64,64,1,0,2,0.0015581611078232527
func-hard-gn,independent,up-0.25,5004,0,1,128,128,1,0,1,0.0014791269786655903
func-hard-gn,independent,up-0.25,5004,0,1,256,256,1,0,1,0.001471449388191104
func-hard-gn,independent,up-0.25,5004,0,1,512,512,1,0,1,0.0014683544868603349
func-hard-gn,independent,up-0.25,5004,0,1,1024,1024,1,0,1,0.0014663904439657927
func-hard-gn,coherent,up-0.25,5004,0,2,0,0,0,0,0,8.885496139526367
func-hard-gn,coherent,up-0.25,5004,0,2,1,1,0,0,0,7.700894355773926
func-hard-gn,coherent,up-0.25,5004,0,2,2,2,0,0,0,6.710631370544434
func-hard-gn,coherent,up-0.25,5004,0,2,4,4,0,0,0,2.256183385848999
func-hard-gn,coherent,up-0.25,5004,0,2,8,8,1,0,1,0.03568434342741966
func-hard-gn,coherent,up-0.25,5004,0,2,16,16,1,0,1,0.006338450592011213
func-hard-gn,coherent,up-0.25,5004,0,2,32,32,1,1,0,0.0016962047666311264
func-hard-gn,coherent,up-0.25,5004,0,2,64,64,1,0,1,0.0014487139414995909
func-hard-gn,coherent,up-0.25,5004,0,2,128,128,1,0,1,0.001442642998881638
func-hard-gn,coherent,up-0.25,5004,0,2,256,256,1,0,1,0.0014416312333196402
func-hard-gn,coherent,up-0.25,5004,0,2,512,512,1,0,1,0.0014409765135496855
func-hard-gn,coherent,up-0.25,5004,0,2,1024,1024,1,0,1,0.001440678839571774
func-hard-gn,independent,up-0.25,5004,0,2,0,0,0,0,0,8.60258674621582
func-hard-gn,independent,up-0.25,5004,0,2,1,1,0,0,0,7.964818000793457
func-hard-gn,independent,up-0.25,5004,0,2,2,2,0,0,0,7.412596702575684
func-hard-gn,independent,up-0.25,5004,0,2,4,4,0,0,1,4.213651657104492
func-hard-gn,independent,up-0.25,5004,0,2,8,8,0,0,1,3.2465739250183105
func-hard-gn,independent,up-0.25,5004,0,2,16,16,0,0,1,3.0096757411956787
func-hard-gn,independent,up-0.25,5004,0,2,32,32,1,1,0,0.00521675543859601
func-hard-gn,independent,up-0.25,5004,0,2,64,64,1,0,1,0.0014842457603663206
func-hard-gn,independent,up-0.25,5004,0,2,128,128,1,0,1,0.0014596055261790752
func-hard-gn,independent,up-0.25,5004,0,2,256,256,1,0,1,0.0014558560214936733
func-hard-gn,independent,up-0.25,5004,0,2,512,512,1,0,1,0.0014524039579555392
func-hard-gn,independent,up-0.25,5004,0,2,1024,1024,1,0,1,0.0014500232646241784
func-soft-gn,coherent,up-0.25,5004,0,0,0,0,0,0,0,8.295112609863281
func-soft-gn,coherent,up-0.25,5004,0,0,1,1,0,0,0,7.961698532104492
func-soft-gn,coherent,up-0.25,5004,0,0,2,2,0,0,0,7.423449993133545
func-soft-gn,coherent,up-0.25,5004,0,0,4,4,0,0,1,2.541032314300537
func-soft-gn,coherent,up-0.25,5004,0,0,8,8,1,1,0,0.017294012010097504
func-soft-gn,coherent,up-0.25,5004,0,0,16,16,1,1,0,0.0019745281897485256
func-soft-gn,coherent,up-0.25,5004,0,0,32,32,1,1,0,0.0015025761676952243
func-soft-gn,coherent,up-0.25,5004,0,0,64,64,1,1,0,0.0014630577061325312
func-soft-gn,coherent,up-0.25,5004,0,0,128,128,1,1,0,0.0014603794552385807
func-soft-gn,coherent,up-0.25,5004,0,0,256,256,1,1,0,0.0014593080850318074
func-soft-gn,coherent,up-0.25,5004,0,0,512,512,1,1,0,0.001458474900573492
func-soft-gn,coherent,up-0.25,5004,0,0,1024,1024,1,1,0,0.0014578201808035374
func-soft-gn,independent,up-0.25,5004,0,0,0,0,0,0,0,8.718534469604492
func-soft-gn,independent,up-0.25,5004,0,0,1,1,0,0,0,8.145641326904297
func-soft-gn,independent,up-0.25,5004,0,0,2,2,0,0,0,7.024425983428955
func-soft-gn,independent,up-0.25,5004,0,0,4,4,0,0,4,4.238350868225098
func-soft-gn,independent,up-0.25,5004,0,0,8,8,0,0,4,2.7165637016296387
func-soft-gn,independent,up-0.25,5004,0,0,16,16,0,0,0,2.4342033863067627
func-soft-gn,independent,up-0.25,5004,0,0,32,32,1,1,0,0.03875885158777237
func-soft-gn,independent,up-0.25,5004,0,0,64,64,1,1,0,0.002293423982337117
func-soft-gn,independent,up-0.25,5004,0,0,128,128,1,1,0,0.0014986484311521053
func-soft-gn,independent,up-0.25,5004,0,0,256,256,1,1,0,0.0014830552972853184
func-soft-gn,independent,up-0.25,5004,0,0,512,512,1,1,0,0.001480377046391368
func-soft-gn,independent,up-0.25,5004,0,0,1024,1024,1,1,0,0.0014787105610594153
func-soft-gn,coherent,up-0.25,5004,0,1,0,0,0,0,0,8.253165245056152
func-soft-gn,coherent,up-0.25,5004,0,1,1,1,0,0,0,7.431835174560547
func-soft-gn,coherent,up-0.25,5004,0,1,2,2,0,0,1,2.1983482837677
func-soft-gn,coherent,up-0.25,5004,0,1,4,4,1,0,5,0.012010559439659119
func-soft-gn,coherent,up-0.25,5004,0,1,8,8,1,0,4,0.0036658109165728092
func-soft-gn,coherent,up-0.25,5004,0,1,16,16,1,0,3,0.0016828281804919243
func-soft-gn,coherent,up-0.25,5004,0,1,32,32,1,0,5,0.0015076352283358574
func-soft-gn,coherent,up-0.25,5004,0,1,64,64,1,1,0,0.0014927564188838005
func-soft-gn,coherent,up-0.25,5004,0,1,128,128,1,1,0,0.001489959191530943
func-soft-gn,coherent,up-0.25,5004,0,1,256,256,1,1,0,0.0014879356604069471
func-soft-gn,coherent,up-0.25,5004,0,1,512,512,1,1,0,0.0014868644066154957
func-soft-gn,coherent,up-0.25,5004,0,1,1024,1024,1,1,0,0.0014859717339277267
func-soft-gn,independent,up-0.25,5004,0,1,0,0,0,0,0,8.307792663574219
func-soft-gn,independent,up-0.25,5004,0,1,1,1,0,0,0,7.935956001281738
func-soft-gn,independent,up-0.25,5004,0,1,2,2,0,0,0,6.153756141662598
func-soft-gn,independent,up-0.25,5004,0,1,4,4,1,0,5,0.14327897131443024
func-soft-gn,independent,up-0.25,5004,0,1,8,8,1,0,5,0.12071267515420914
func-soft-gn,independent,up-0.25,5004,0,1,16,16,1,0,5,0.06657298654317856
func-soft-gn,independent,up-0.25,5004,0,1,32,32,1,0,5,0.004266199190169573
func-soft-gn,independent,up-0.25,5004,0,1,64,64,1,0,6,0.0016127300914376974
func-soft-gn,independent,up-0.25,5004,0,1,128,128,1,0,2,0.001486387918703258
func-soft-gn,independent,up-0.25,5004,0,1,256,256,1,0,1,0.001475675031542778
func-soft-gn,independent,up-0.25,5004,0,1,512,512,1,0,1,0.0014711518306285143
func-soft-gn,independent,up-0.25,5004,0,1,1024,1024,1,0,1,0.0014677592553198338
func-soft-gn,coherent,up-0.25,5004,0,2,0,0,0,0,0,8.885496139526367
func-soft-gn,coherent,up-0.25,5004,0,2,1,1,0,0,0,7.862483978271484
func-soft-gn,coherent,up-0.25,5004,0,2,2,2,0,0,1,5.812373161315918
func-soft-gn,coherent,up-0.25,5004,0,2,4,4,1,0,1,0.10535703599452972
func-soft-gn,coherent,up-0.25,5004,0,2,8,8,1,0,1,0.00687569472938776
func-soft-gn,coherent,up-0.25,5004,0,2,16,16,1,0,1,0.002498381771147251
func-soft-gn,coherent,up-0.25,5004,0,2,32,32,1,0,1,0.001525607891380787
func-soft-gn,coherent,up-0.25,5004,0,2,64,64,1,0,1,0.0014525825390592217
func-soft-gn,coherent,up-0.25,5004,0,2,128,128,1,0,1,0.0014434166951104999
func-soft-gn,coherent,up-0.25,5004,0,2,256,256,1,0,1,0.0014421073719859123
func-soft-gn,coherent,up-0.25,5004,0,2,512,512,1,0,1,0.0014417502097785473
func-soft-gn,coherent,up-0.25,5004,0,2,1024,1024,1,0,1,0.0014411549782380462
func-soft-gn,independent,up-0.25,5004,0,2,0,0,0,0,0,8.60258674621582
func-soft-gn,independent,up-0.25,5004,0,2,1,1,0,0,0,8.002243995666504
func-soft-gn,independent,up-0.25,5004,0,2,2,2,0,0,1,6.680230140686035
func-soft-gn,independent,up-0.25,5004,0,2,4,4,0,0,1,3.695796251296997
func-soft-gn,independent,up-0.25,5004,0,2,8,8,0,0,1,3.195504903793335
func-soft-gn,independent,up-0.25,5004,0,2,16,16,0,0,1,3.015463352203369
func-soft-gn,independent,up-0.25,5004,0,2,32,32,1,1,0,0.0025462782941758633
func-soft-gn,independent,up-0.25,5004,0,2,64,64,1,0,1,0.0014713306445628405
func-soft-gn,independent,up-0.25,5004,0,2,128,128,1,0,1,0.0014569868799299002
func-soft-gn,independent,up-0.25,5004,0,2,256,256,1,1,0,0.0014526420272886753
func-soft-gn,independent,up-0.25,5004,0,2,512,512,1,1,0,0.0014508564490824938
func-soft-gn,independent,up-0.25,5004,0,2,1024,1024,1,1,0,0.0014499041717499495
func-hard-gn,coherent,baseline,5004,1,0,0,0,0,0,0,8.971138000488281
func-hard-gn,coherent,baseline,5004,1,0,1,1,0,0,0,7.323433876037598
func-hard-gn,coherent,baseline,5004,1,0,2,2,0,0,0,4.217115879058838
func-hard-gn,coherent,baseline,5004,1,0,4,4,0,0,1,0.7596042156219482
func-hard-gn,coherent,baseline,5004,1,0,8,8,1,0,1,0.012523873709142208
func-hard-gn,coherent,baseline,5004,1,0,16,16,1,0,2,0.004459495190531015
func-hard-gn,coherent,baseline,5004,1,0,32,32,1,0,1,0.003805885324254632
func-hard-gn,coherent,baseline,5004,1,0,64,64,1,0,1,0.0019748781342059374
func-hard-gn,coherent,baseline,5004,1,0,128,128,1,0,2,0.0014688903465867043
func-hard-gn,coherent,baseline,5004,1,0,256,256,1,0,1,0.0014630577061325312
func-hard-gn,coherent,baseline,5004,1,0,512,512,1,0,1,0.00146097457036376
func-hard-gn,coherent,baseline,5004,1,0,1024,1024,1,0,1,0.0014599033165723085
func-hard-gn,independent,baseline,5004,1,0,0,0,0,0,0,8.55504322052002
func-hard-gn,independent,baseline,5004,1,0,1,1,0,0,0,7.550523281097412
func-hard-gn,independent,baseline,5004,1,0,2,2,0,0,0,5.542552947998047
func-hard-gn,independent,baseline,5004,1,0,4,4,0,0,0,2.3894975185394287
func-hard-gn,independent,baseline,5004,1,0,8,8,1,0,2,0.18207232654094696
func-hard-gn,independent,baseline,5004,1,0,16,16,1,0,1,0.010780416429042816
func-hard-gn,independent,baseline,5004,1,0,32,32,1,0,1,0.00654230872169137
func-hard-gn,independent,baseline,5004,1,0,64,64,1,0,2,0.0025180624797940254
func-hard-gn,independent,baseline,5004,1,0,128,128,1,0,1,0.0015180495101958513
func-hard-gn,independent,baseline,5004,1,0,256,256,1,0,1,0.001511264592409134
func-hard-gn,independent,baseline,5004,1,0,512,512,1,0,1,0.0015097766881808639
func-hard-gn,independent,baseline,5004,1,0,1024,1024,1,0,1,0.0015086459461599588
func-hard-gn,coherent,baseline,5004,1,1,0,0,0,0,0,8.615743637084961
func-hard-gn,coherent,baseline,5004,1,1,1,1,0,0,0,8.339727401733398
func-hard-gn,coherent,baseline,5004,1,1,2,2,0,0,1,8.041107177734375
func-hard-gn,coherent,baseline,5004,1,1,4,4,0,0,2,5.620121955871582
func-hard-gn,coherent,baseline,5004,1,1,8,8,1,0,4,0.4224624037742615
func-hard-gn,coherent,baseline,5004,1,1,16,16,1,0,2,0.01411549374461174
func-hard-gn,coherent,baseline,5004,1,1,32,32,1,0,3,0.0034998548217117786
func-hard-gn,coherent,baseline,5004,1,1,64,64,1,0,3,0.0016046992968767881
func-hard-gn,coherent,baseline,5004,1,1,128,128,1,0,3,0.0015625660307705402
func-hard-gn,coherent,baseline,5004,1,1,256,256,1,0,3,0.0015594714786857367
func-hard-gn,coherent,baseline,5004,1,1,512,512,1,0,3,0.001557924086228013
func-hard-gn,coherent,baseline,5004,1,1,1024,1024,1,0,3,0.0015570910181850195
func-hard-gn,independent,baseline,5004,1,1,0,0,0,0,0,8.701461791992188
func-hard-gn,independent,baseline,5004,1,1,1,1,0,0,0,8.373832702636719
func-hard-gn,independent,baseline,5004,1,1,2,2,0,0,0,7.929500579833984
func-hard-gn,independent,baseline,5004,1,1,4,4,0,0,1,5.682680130004883
func-hard-gn,independent,baseline,5004,1,1,8,8,0,0,3,3.2448089122772217
func-hard-gn,independent,baseline,5004,1,1,16,16,1,0,3,0.08989375829696655
func-hard-gn,independent,baseline,5004,1,1,32,32,1,0,4,0.009946681559085846
func-hard-gn,independent,baseline,5004,1,1,64,64,1,0,4,0.003269038163125515
func-hard-gn,independent,baseline,5004,1,1,128,128,1,0,4,0.0015954722184687853
func-hard-gn,independent,baseline,5004,1,1,256,256,1,0,3,0.0015292917378246784
func-hard-gn,independent,baseline,5004,1,1,512,512,1,0,3,0.001514175208285451
func-hard-gn,independent,baseline,5004,1,1,1024,1024,1,0,3,0.001502153929322958
func-hard-gn,coherent,baseline,5004,1,2,0,0,0,0,0,8.089116096496582
func-hard-gn,coherent,baseline,5004,1,2,1,1,0,0,0,7.1711883544921875
func-hard-gn,coherent,baseline,5004,1,2,2,2,0,0,0,5.017325401306152
func-hard-gn,coherent,baseline,5004,1,2,4,4,0,0,2,1.7473164796829224
func-hard-gn,coherent,baseline,5004,1,2,8,8,0,0,2,1.292665958404541
func-hard-gn,coherent,baseline,5004,1,2,16,16,1,0,3,0.014807028695940971
func-hard-gn,coherent,baseline,5004,1,2,32,32,1,0,2,0.002231571590527892
func-hard-gn,coherent,baseline,5004,1,2,64,64,1,0,1,0.0014850189909338951
func-hard-gn,coherent,baseline,5004,1,2,128,128,1,0,1,0.0013905627420172095
func-hard-gn,coherent,baseline,5004,1,2,256,256,1,1,0,0.001386693911626935
func-hard-gn,coherent,baseline,5004,1,2,512,512,1,1,0,0.0013855034485459328
func-hard-gn,coherent,baseline,5004,1,2,1024,1024,1,1,0,0.0013847296359017491
func-hard-gn,independent,baseline,5004,1,2,0,0,0,0,0,8.3632173538208
func-hard-gn,independent,baseline,5004,1,2,1,1,0,0,0,8.01745319366455
func-hard-gn,independent,baseline,5004,1,2,2,2,0,0,0,7.170675754547119
func-hard-gn,independent,baseline,5004,1,2,4,4,0,0,0,6.2043867111206055
func-hard-gn,independent,baseline,5004,1,2,8,8,0,0,0,4.189908504486084
func-hard-gn,independent,baseline,5004,1,2,16,16,0,0,2,3.8385610580444336
func-hard-gn,independent,baseline,5004,1,2,32,32,1,0,3,0.0016687855822965503
func-hard-gn,independent,baseline,5004,1,2,64,64,1,0,1,0.0014435939956456423
func-hard-gn,independent,baseline,5004,1,2,128,128,1,1,0,0.001429310068488121
func-hard-gn,independent,baseline,5004,1,2,256,256,1,1,0,0.0014266911894083023
func-hard-gn,independent,baseline,5004,1,2,512,512,1,1,0,0.0014235961716622114
func-hard-gn,independent,baseline,5004,1,2,1024,1024,1,1,0,0.0014227628707885742
func-soft-gn,coherent,baseline,5004,1,0,0,0,0,0,0,8.971138000488281
func-soft-gn,coherent,baseline,5004,1,0,1,1,0,0,0,7.4814252853393555
func-soft-gn,coherent,baseline,5004,1,0,2,2,0,0,0,4.756438255310059
func-soft-gn,coherent,baseline,5004,1,0,4,4,1,0,2,0.015249790623784065
func-soft-gn,coherent,baseline,5004,1,0,8,8,1,0,2,0.005178650841116905
func-soft-gn,coherent,baseline,5004,1,0,16,16,1,0,1,0.0052037350833415985
func-soft-gn,coherent,baseline,5004,1,0,32,32,1,0,2,0.0031706998124718666
func-soft-gn,coherent,baseline,5004,1,0,64,64,1,0,2,0.0016517059411853552
func-soft-gn,coherent,baseline,5004,1,0,128,128,1,0,2,0.0014678190927952528
func-soft-gn,coherent,baseline,5004,1,0,256,256,1,0,1,0.0014624029863625765
func-soft-gn,coherent,baseline,5004,1,0,512,512,1,1,0,0.001460736501030624
func-soft-gn,coherent,baseline,5004,1,0,1024,1024,1,0,1,0.0014597842236980796
func-soft-gn,independent,baseline,5004,1,0,0,0,0,0,0,8.55504322052002
func-soft-gn,independent,baseline,5004,1,0,1,1,0,0,0,7.584090709686279
func-soft-gn,independent,baseline,5004,1,0,2,2,0,0,0,5.684555530548096
func-soft-gn,independent,baseline,5004,1,0,4,4,0,0,0,2.813551187515259
func-soft-gn,independent,baseline,5004,1,0,8,8,1,0,2,0.023070408031344414
func-soft-gn,independent,baseline,5004,1,0,16,16,1,0,1,0.011414075270295143
func-soft-gn,independent,baseline,5004,1,0,32,32,1,0,1,0.010824345983564854
func-soft-gn,independent,baseline,5004,1,0,64,64,1,0,1,0.0039051473140716553
func-soft-gn,independent,baseline,5004,1,0,128,128,1,0,2,0.001530845183879137
func-soft-gn,independent,baseline,5004,1,0,256,256,1,0,1,0.0015119193121790886
func-soft-gn,independent,baseline,5004,1,0,512,512,1,0,1,0.0015098361764103174
func-soft-gn,independent,baseline,5004,1,0,1024,1024,1,0,1,0.0015084673650562763
func-soft-gn,coherent,baseline,5004,1,1,0,0,0,0,0,8.615743637084961
func-soft-gn,coherent,baseline,5004,1,1,1,1,0,0,0,8.352300643920898
func-soft-gn,coherent,baseline,5004,1,1,2,2,0,0,0,8.070474624633789
func-soft-gn,coherent,baseline,5004,1,1,4,4,0,0,1,6.191765785217285
func-soft-gn,coherent,baseline,5004,1,1,8,8,1,0,3,0.32026776671409607
func-soft-gn,coherent,baseline,5004,1,1,16,16,1,0,2,0.00610364880412817
func-soft-gn,coherent,baseline,5004,1,1,32,32,1,0,3,0.0034095454029738903
func-soft-gn,coherent,baseline,5004,1,1,64,64,1,0,3,0.0016199334058910608
func-soft-gn,coherent,baseline,5004,1,1,128,128,1,0,3,0.0015614947769790888
func-soft-gn,coherent,baseline,5004,1,1,256,256,1,0,3,0.001558935735374689
func-soft-gn,coherent,baseline,5004,1,1,512,512,1,0,3,0.0015573885757476091
func-soft-gn,coherent,baseline,5004,1,1,1024,1024,1,0,3,0.001557031413540244
func-soft-gn,independent,baseline,5004,1,1,0,0,0,0,0,8.701461791992188
func-soft-gn,independent,baseline,5004,1,1,1,1,0,0,0,8.38290786743164
func-soft-gn,independent,baseline,5004,1,1,2,2,0,0,0,7.9538164138793945
func-soft-gn,independent,baseline,5004,1,1,4,4,0,0,1,5.8084716796875
func-soft-gn,independent,baseline,5004,1,1,8,8,0,0,9,0.7109004259109497
func-soft-gn,independent,baseline,5004,1,1,16,16,1,0,3,0.03661061078310013
func-soft-gn,independent,baseline,5004,1,1,32,32,1,0,3,0.008517931215465069
func-soft-gn,independent,baseline,5004,1,1,64,64,1,0,3,0.002611313248053193
func-soft-gn,independent,baseline,5004,1,1,128,128,1,0,3,0.001514592906460166
func-soft-gn,independent,baseline,5004,1,1,256,256,1,0,3,0.0014970367774367332
func-soft-gn,independent,baseline,5004,1,1,512,512,1,0,3,0.0014883478870615363
func-soft-gn,independent,baseline,5004,1,1,1024,1024,1,0,2,0.0014807896222919226
func-soft-gn,coherent,baseline,5004,1,2,0,0,0,0,0,8.089116096496582
func-soft-gn,coherent,baseline,5004,1,2,1,1,0,0,0,7.315008163452148
func-soft-gn,coherent,baseline,5004,1,2,2,2,0,0,0,5.535938739776611
func-soft-gn,coherent,baseline,5004,1,2,4,4,1,0,3,0.002167118713259697
func-soft-gn,coherent,baseline,5004,1,2,8,8,1,0,2,0.07015470415353775
func-soft-gn,coherent,baseline,5004,1,2,16,16,1,0,3,0.07576239109039307
func-soft-gn,coherent,baseline,5004,1,2,32,32,1,0,2,0.1276087462902069
func-soft-gn,coherent,baseline,5004,1,2,64,64,1,0,2,0.09423457831144333
func-soft-gn,coherent,baseline,5004,1,2,128,128,1,0,2,0.051956407725811005
func-soft-gn,coherent,baseline,5004,1,2,256,256,1,0,2,0.04147237911820412
func-soft-gn,coherent,baseline,5004,1,2,512,512,1,0,2,0.022939827293157578
func-soft-gn,coherent,baseline,5004,1,2,1024,1024,1,0,2,0.003019528929144144
func-soft-gn,independent,baseline,5004,1,2,0,0,0,0,0,8.3632173538208
func-soft-gn,independent,baseline,5004,1,2,1,1,0,0,0,8.044801712036133
func-soft-gn,independent,baseline,5004,1,2,2,2,0,0,0,7.371599197387695
func-soft-gn,independent,baseline,5004,1,2,4,4,0,0,1,4.047341823577881
func-soft-gn,independent,baseline,5004,1,2,8,8,0,0,1,3.9689106941223145
func-soft-gn,independent,baseline,5004,1,2,16,16,0,0,1,3.865856885910034
func-soft-gn,independent,baseline,5004,1,2,32,32,1,0,2,0.008862635120749474
func-soft-gn,independent,baseline,5004,1,2,64,64,1,1,0,0.0015231086872518063
func-soft-gn,independent,baseline,5004,1,2,128,128,1,1,0,0.0014308574609458447
func-soft-gn,independent,baseline,5004,1,2,256,256,1,1,0,0.0014274055138230324
func-soft-gn,independent,baseline,5004,1,2,512,512,1,1,0,0.0014240723103284836
func-soft-gn,independent,baseline,5004,1,2,1024,1024,1,1,0,0.0014233581023290753
func-hard-gn,coherent,up-0.25,5004,1,0,0,0,0,0,0,9.029748916625977
func-hard-gn,coherent,up-0.25,5004,1,0,1,1,0,0,0,8.701333999633789
func-hard-gn,coherent,up-0.25,5004,1,0,2,2,0,0,0,8.125457763671875
func-hard-gn,coherent,up-0.25,5004,1,0,4,4,0,0,1,6.589297294616699
func-hard-gn,coherent,up-0.25,5004,1,0,8,8,0,0,1,5.593815803527832
func-hard-gn,coherent,up-0.25,5004,1,0,16,16,0,0,1,4.1913652420043945
func-hard-gn,coherent,up-0.25,5004,1,0,32,32,1,0,2,0.03769894316792488
func-hard-gn,coherent,up-0.25,5004,1,0,64,64,1,0,2,0.001905052806250751
func-hard-gn,coherent,up-0.25,5004,1,0,128,128,1,0,1,0.0015460216673091054
func-hard-gn,coherent,up-0.25,5004,1,0,256,256,1,0,2,0.0015239422209560871
func-hard-gn,coherent,up-0.25,5004,1,0,512,512,1,0,2,0.0015184669755399227
func-hard-gn,coherent,up-0.25,5004,1,0,1024,1024,1,0,2,0.0015163839561864734
func-hard-gn,independent,up-0.25,5004,1,0,0,0,0,0,0,8.935302734375
func-hard-gn,independent,up-0.25,5004,1,0,1,1,0,0,0,8.781082153320312
func-hard-gn,independent,up-0.25,5004,1,0,2,2,0,0,0,8.610868453979492
func-hard-gn,independent,up-0.25,5004,1,0,4,4,0,0,0,8.127456665039062
func-hard-gn,independent,up-0.25,5004,1,0,8,8,0,0,1,6.388122081756592
func-hard-gn,independent,up-0.25,5004,1,0,16,16,0,0,1,4.62741231918335
func-hard-gn,independent,up-0.25,5004,1,0,32,32,1,0,2,0.12672622501850128
func-hard-gn,independent,up-0.25,5004,1,0,64,64,1,0,1,0.006936335936188698
func-hard-gn,independent,up-0.25,5004,1,0,128,128,1,0,1,0.002039313782006502
func-hard-gn,independent,up-0.25,5004,1,0,256,256,1,0,2,0.0016262376448139548
func-hard-gn,independent,up-0.25,5004,1,0,512,512,1,0,1,0.0016176090575754642
func-hard-gn,independent,up-0.25,5004,1,0,1024,1024,1,0,1,0.001613800646737218
func-hard-gn,coherent,up-0.25,5004,1,1,0,0,0,0,0,8.675640106201172
func-hard-gn,coherent,up-0.25,5004,1,1,1,1,0,0,0,8.276321411132812
func-hard-gn,coherent,up-0.25,5004,1,1,2,2,0,0,0,7.681804656982422
func-hard-gn,coherent,up-0.25,5004,1,1,4,4,0,0,0,5.4988298416137695
func-hard-gn,coherent,up-0.25,5004,1,1,8,8,1,0,2,0.4548220634460449
func-hard-gn,coherent,up-0.25,5004,1,1,16,16,1,0,2,0.01744571328163147
func-hard-gn,coherent,up-0.25,5004,1,1,32,32,1,0,2,0.0037312046624720097
func-hard-gn,coherent,up-0.25,5004,1,1,64,64,1,0,2,0.001704848138615489
func-hard-gn,coherent,up-0.25,5004,1,1,128,128,1,0,2,0.0016847953666001558
func-hard-gn,coherent,up-0.25,5004,1,1,256,256,1,0,2,0.001681165536865592
func-hard-gn,coherent,up-0.25,5004,1,1,512,512,1,0,2,0.001680153887718916
func-hard-gn,coherent,up-0.25,5004,1,1,1024,1024,1,0,2,0.001679618377238512
func-hard-gn,independent,up-0.25,5004,1,1,0,0,0,0,0,8.807743072509766
func-hard-gn,independent,up-0.25,5004,1,1,1,1,0,0,0,8.617324829101562
func-hard-gn,independent,up-0.25,5004,1,1,2,2,0,0,0,8.335783958435059
func-hard-gn,independent,up-0.25,5004,1,1,4,4,0,0,0,7.166399002075195
func-hard-gn,independent,up-0.25,5004,1,1,8,8,0,0,2,3.6150829792022705
func-hard-gn,independent,up-0.25,5004,1,1,16,16,0,0,2,3.1227622032165527
func-hard-gn,independent,up-0.25,5004,1,1,32,32,1,0,2,0.05014466121792793
func-hard-gn,independent,up-0.25,5004,1,1,64,64,1,0,2,0.0016339124413207173
func-hard-gn,independent,up-0.25,5004,1,1,128,128,1,0,2,0.0015958875883370638
func-hard-gn,independent,up-0.25,5004,1,1,256,256,1,0,3,0.0015892819501459599
func-hard-gn,independent,up-0.25,5004,1,1,512,512,1,0,3,0.0015869014896452427
func-hard-gn,independent,up-0.25,5004,1,1,1024,1024,1,0,3,0.001585711375810206
func-hard-gn,coherent,up-0.25,5004,1,2,0,0,0,0,0,8.167062759399414
func-hard-gn,coherent,up-0.25,5004,1,2,1,1,0,0,0,7.619009017944336
func-hard-gn,coherent,up-0.25,5004,1,2,2,2,0,0,1,5.024075984954834
func-hard-gn,coherent,up-0.25,5004,1,2,4,4,0,0,1,3.829453945159912
func-hard-gn,coherent,up-0.25,5004,1,2,8,8,0,0,1,2.6755120754241943
func-hard-gn,coherent,up-0.25,5004,1,2,16,16,1,0,1,0.009932082146406174
func-hard-gn,coherent,up-0.25,5004,1,2,32,32,1,0,2,0.0025318372063338757
func-hard-gn,coherent,up-0.25,5004,1,2,64,64,1,1,0,0.0015498304273933172
func-hard-gn,coherent,up-0.25,5004,1,2,128,128,1,1,0,0.0015187645331025124
func-hard-gn,coherent,up-0.25,5004,1,2,256,256,1,1,0,0.001504778629168868
func-hard-gn,coherent,up-0.25,5004,1,2,512,512,1,1,0,0.0014972796197980642
func-hard-gn,coherent,up-0.25,5004,1,2,1024,1024,1,1,0,0.0014942444395273924
func-hard-gn,independent,up-0.25,5004,1,2,0,0,0,0,0,8.446525573730469
func-hard-gn,independent,up-0.25,5004,1,2,1,1,0,0,0,7.958512306213379
func-hard-gn,independent,up-0.25,5004,1,2,2,2,0,0,0,6.025290489196777
func-hard-gn,independent,up-0.25,5004,1,2,4,4,0,0,1,3.3787834644317627
func-hard-gn,independent,up-0.25,5004,1,2,8,8,0,0,0,3.1223483085632324
func-hard-gn,independent,up-0.25,5004,1,2,16,16,0,0,0,2.967010259628296
func-hard-gn,independent,up-0.25,5004,1,2,32,32,0,0,1,0.7363905906677246
func-hard-gn,independent,up-0.25,5004,1,2,64,64,1,0,2,0.017454560846090317
func-hard-gn,independent,up-0.25,5004,1,2,128,128,1,0,2,0.0016945523675531149
func-hard-gn,independent,up-0.25,5004,1,2,256,256,1,1,0,0.001531381392851472
func-hard-gn,independent,up-0.25,5004,1,2,512,512,1,1,0,0.0015172171406447887
func-hard-gn,independent,up-0.25,5004,1,2,1024,1024,1,1,0,0.0015111466636881232
func-soft-gn,coherent,up-0.25,5004,1,0,0,0,0,0,0,9.029748916625977
func-soft-gn,coherent,up-0.25,5004,1,0,1,1,0,0,0,8.715629577636719
func-soft-gn,coherent,up-0.25,5004,1,0,2,2,0,0,0,8.188272476196289
func-soft-gn,coherent,up-0.25,5004,1,0,4,4,0,0,1,5.625492095947266
func-soft-gn,coherent,up-0.25,5004,1,0,8,8,0,0,1,4.235274791717529
func-soft-gn,coherent,up-0.25,5004,1,0,16,16,1,0,1,0.08668572455644608
func-soft-gn,coherent,up-0.25,5004,1,0,32,32,1,0,2,0.009991615079343319
func-soft-gn,coherent,up-0.25,5004,1,0,64,64,1,0,1,0.0019168793223798275
func-soft-gn,coherent,up-0.25,5004,1,0,128,128,1,0,2,0.0015749442391097546
func-soft-gn,coherent,up-0.25,5004,1,0,256,256,1,0,1,0.001537273172289133
func-soft-gn,coherent,up-0.25,5004,1,0,512,512,1,0,1,0.0015206094831228256
func-soft-gn,coherent,up-0.25,5004,1,0,1024,1024,1,0,1,0.0015167410019785166
func-soft-gn,independent,up-0.25,5004,1,0,0,0,0,0,0,8.935302734375
func-soft-gn,independent,up-0.25,5004,1,0,1,1,0,0,0,8.785083770751953
func-soft-gn,independent,up-0.25,5004,1,0,2,2,0,0,0,8.620137214660645
func-soft-gn,independent,up-0.25,5004,1,0,4,4,0,0,0,8.160444259643555
func-soft-gn,independent,up-0.25,5004,1,0,8,8,0,0,1,4.720005989074707
func-soft-gn,independent,up-0.25,5004,1,0,16,16,1,0,1,0.39290738105773926
func-soft-gn,independent,up-0.25,5004,1,0,32,32,1,0,3,0.011330772191286087
func-soft-gn,independent,up-0.25,5004,1,0,64,64,1,0,3,0.0018917275592684746
func-soft-gn,independent,up-0.25,5004,1,0,128,128,1,0,1,0.0016255839727818966
func-soft-gn,independent,up-0.25,5004,1,0,256,256,1,0,1,0.0016090401913970709
func-soft-gn,independent,up-0.25,5004,1,0,512,512,1,0,1,0.0016020182520151138
func-soft-gn,independent,up-0.25,5004,1,0,1024,1024,1,0,1,0.0015988640952855349
func-soft-gn,coherent,up-0.25,5004,1,1,0,0,0,0,0,8.675640106201172
func-soft-gn,coherent,up-0.25,5004,1,1,1,1,0,0,0,8.281132698059082
func-soft-gn,coherent,up-0.25,5004,1,1,2,2,0,0,0,7.695492744445801
func-soft-gn,coherent,up-0.25,5004,1,1,4,4,0,0,0,5.5548295974731445
func-soft-gn,coherent,up-0.25,5004,1,1,8,8,1,0,2,0.18403777480125427
func-soft-gn,coherent,up-0.25,5004,1,1,16,16,1,0,2,0.11623522639274597
func-soft-gn,coherent,up-0.25,5004,1,1,32,32,1,0,2,0.03519134595990181
func-soft-gn,coherent,up-0.25,5004,1,1,64,64,1,0,2,0.0023569674231112003
func-soft-gn,coherent,up-0.25,5004,1,1,128,128,1,0,2,0.0016883061034604907
func-soft-gn,coherent,up-0.25,5004,1,1,256,256,1,0,1,0.0016814034897834063
func-soft-gn,coherent,up-0.25,5004,1,1,512,512,1,1,0,0.0016805705381557345
func-soft-gn,coherent,up-0.25,5004,1,1,1024,1024,1,1,0,0.0016799159348011017
func-soft-gn,independent,up-0.25,5004,1,1,0,0,0,0,0,8.807743072509766
func-soft-gn,independent,up-0.25,5004,1,1,1,1,0,0,0,8.617486953735352
func-soft-gn,independent,up-0.25,5004,1,1,2,2,0,0,0,8.335290908813477
func-soft-gn,independent,up-0.25,5004,1,1,4,4,0,0,0,7.167971611022949
func-soft-gn,independent,up-0.25,5004,1,1,8,8,0,0,2,3.4403598308563232
func-soft-gn,independent,up-0.25,5004,1,1,16,16,0,0,2,3.2775371074676514
func-soft-gn,independent,up-0.25,5004,1,1,32,32,1,0,3,0.07892408967018127
func-soft-gn,independent,up-0.25,5004,1,1,64,64,1,0,2,0.002093268558382988
func-soft-gn,independent,up-0.25,5004,1,1,128,128,1,0,3,0.0016318894922733307
func-soft-gn,independent,up-0.25,5004,1,1,256,256,1,0,3,0.001600290765054524
func-soft-gn,independent,up-0.25,5004,1,1,512,512,1,0,2,0.001590828993357718
func-soft-gn,independent,up-0.25,5004,1,1,1024,1024,1,0,3,0.0015870204661041498
func-soft-gn,coherent,up-0.25,5004,1,2,0,0,0,0,0,8.167062759399414
func-soft-gn,coherent,up-0.25,5004,1,2,1,1,0,0,0,7.634683609008789
func-soft-gn,coherent,up-0.25,5004,1,2,2,2,0,0,1,4.990295886993408
func-soft-gn,coherent,up-0.25,5004,1,2,4,4,1,0,4,0.001919327536597848
func-soft-gn,coherent,up-0.25,5004,1,2,8,8,1,0,3,0.0020030944142490625
func-soft-gn,coherent,up-0.25,5004,1,2,16,16,1,0,1,0.015324204228818417
func-soft-gn,coherent,up-0.25,5004,1,2,32,32,1,0,2,0.00920155830681324
func-soft-gn,coherent,up-0.25,5004,1,2,64,64,1,1,0,0.0016218338860198855
func-soft-gn,coherent,up-0.25,5004,1,2,128,128,1,1,0,0.001512932125478983
func-soft-gn,coherent,up-0.25,5004,1,2,256,256,1,1,0,0.0015003744047135115
func-soft-gn,coherent,up-0.25,5004,1,2,512,512,1,1,0,0.001495553646236658
func-soft-gn,coherent,up-0.25,5004,1,2,1024,1024,1,1,0,0.001492816023528576
func-soft-gn,independent,up-0.25,5004,1,2,0,0,0,0,0,8.446525573730469
func-soft-gn,independent,up-0.25,5004,1,2,1,1,0,0,0,8.002359390258789
func-soft-gn,independent,up-0.25,5004,1,2,2,2,0,0,0,6.460056781768799
func-soft-gn,independent,up-0.25,5004,1,2,4,4,0,0,0,3.142591714859009
func-soft-gn,independent,up-0.25,5004,1,2,8,8,0,0,0,3.1040005683898926
func-soft-gn,independent,up-0.25,5004,1,2,16,16,0,0,0,3.013669490814209
func-soft-gn,independent,up-0.25,5004,1,2,32,32,0,0,1,0.6774521470069885
func-soft-gn,independent,up-0.25,5004,1,2,64,64,1,0,2,0.2469671219587326
func-soft-gn,independent,up-0.25,5004,1,2,128,128,1,0,1,0.20677994191646576
func-soft-gn,independent,up-0.25,5004,1,2,256,256,1,0,2,0.11533446609973907
func-soft-gn,independent,up-0.25,5004,1,2,512,512,1,0,2,0.023218346759676933
func-soft-gn,independent,up-0.25,5004,1,2,1024,1024,1,1,0,0.001517574186436832
func-hard-gn,coherent,baseline,5005,0,0,0,0,0,0,0,8.25041675567627
func-hard-gn,coherent,baseline,5005,0,0,1,1,0,0,0,7.915899276733398
func-hard-gn,coherent,baseline,5005,0,0,2,2,0,0,1,7.810178756713867
func-hard-gn,coherent,baseline,5005,0,0,4,4,0,0,1,4.972711563110352
func-hard-gn,coherent,baseline,5005,0,0,8,8,1,0,4,0.012237804010510445
func-hard-gn,coherent,baseline,5005,0,0,16,16,1,0,4,0.005022084806114435
func-hard-gn,coherent,baseline,5005,0,0,32,32,1,0,3,0.001704307971522212
func-hard-gn,coherent,baseline,5005,0,0,64,64,1,0,2,0.0015326907159760594
func-hard-gn,coherent,baseline,5005,0,0,128,128,1,0,1,0.0015275131445378065
func-hard-gn,coherent,baseline,5005,0,0,256,256,1,0,1,0.001525727566331625
func-hard-gn,coherent,baseline,5005,0,0,512,512,1,0,1,0.0015245373360812664
func-hard-gn,coherent,baseline,5005,0,0,1024,1024,1,0,1,0.0015237042680382729
func-hard-gn,independent,baseline,5005,0,0,0,0,0,0,0,8.447807312011719
func-hard-gn,independent,baseline,5005,0,0,1,1,0,0,0,7.932565212249756
func-hard-gn,independent,baseline,5005,0,0,2,2,0,0,2,6.004343032836914
func-hard-gn,independent,baseline,5005,0,0,4,4,0,0,4,2.707165002822876
func-hard-gn,independent,baseline,5005,0,0,8,8,0,0,4,2.551217794418335
func-hard-gn,independent,baseline,5005,0,0,16,16,0,0,4,2.43386173248291
func-hard-gn,independent,baseline,5005,0,0,32,32,1,0,4,0.1406572461128235
func-hard-gn,independent,baseline,5005,0,0,64,64,1,0,5,0.01022722665220499
func-hard-gn,independent,baseline,5005,0,0,128,128,1,0,5,0.0026835144963115454
func-hard-gn,independent,baseline,5005,0,0,256,256,1,0,2,0.0016214789357036352
func-hard-gn,independent,baseline,5005,0,0,512,512,1,0,1,0.0016075536841526628
func-hard-gn,independent,baseline,5005,0,0,1024,1024,1,0,1,0.0016025548102334142
func-hard-gn,coherent,baseline,5005,0,1,0,0,0,0,0,8.239187240600586
func-hard-gn,coherent,baseline,5005,0,1,1,1,0,0,0,7.369378089904785
func-hard-gn,coherent,baseline,5005,0,1,2,2,0,0,4,6.1491899490356445
func-hard-gn,coherent,baseline,5005,0,1,4,4,0,0,4,0.7997763752937317
func-hard-gn,coherent,baseline,5005,0,1,8,8,1,0,6,0.11542116850614548
func-hard-gn,coherent,baseline,5005,0,1,16,16,1,0,4,0.0017471523024141788
func-hard-gn,coherent,baseline,5005,0,1,32,32,1,0,4,0.0016839622985571623
func-hard-gn,coherent,baseline,5005,0,1,64,64,1,0,2,0.0016718233237043023
func-hard-gn,coherent,baseline,5005,0,1,128,128,1,0,2,0.0016631949692964554
func-hard-gn,coherent,baseline,5005,0,1,256,256,1,0,2,0.0016601602546870708
func-hard-gn,coherent,baseline,5005,0,1,512,512,1,0,2,0.0016582560492679477
func-hard-gn,coherent,baseline,5005,0,1,1024,1024,1,0,2,0.0016572445165365934
func-hard-gn,independent,baseline,5005,0,1,0,0,0,0,0,8.151695251464844
func-hard-gn,independent,baseline,5005,0,1,1,1,0,0,0,7.821944236755371
func-hard-gn,independent,baseline,5005,0,1,2,2,0,0,2,7.180512428283691
func-hard-gn,independent,baseline,5005,0,1,4,4,0,0,2,2.7635254859924316
func-hard-gn,independent,baseline,5005,0,1,8,8,0,0,4,0.9435246586799622
func-hard-gn,independent,baseline,5005,0,1,16,16,1,0,4,0.4552953243255615
func-hard-gn,independent,baseline,5005,0,1,32,32,1,0,3,0.004450222011655569
func-hard-gn,independent,baseline,5005,0,1,64,64,1,0,3,0.001719128806143999
func-hard-gn,independent,baseline,5005,0,1,128,128,1,0,4,0.0016538524068892002
func-hard-gn,independent,baseline,5005,0,1,256,256,1,0,2,0.0016481992788612843
func-hard-gn,independent,baseline,5005,0,1,512,512,1,0,2,0.0016462355852127075
func-hard-gn,independent,baseline,5005,0,1,1024,1024,1,0,2,0.0016449859831482172
func-hard-gn,coherent,baseline,5005,0,2,0,0,0,0,0,8.66263484954834
func-hard-gn,coherent,baseline,5005,0,2,1,1,0,0,0,8.266014099121094
func-hard-gn,coherent,baseline,5005,0,2,2,2,0,0,0,7.635727882385254
func-hard-gn,coherent,baseline,5005,0,2,4,4,0,0,2,4.826004981994629
func-hard-gn,coherent,baseline,5005,0,2,8,8,0,0,3,0.6852549910545349
func-hard-gn,coherent,baseline,5005,0,2,16,16,1,0,2,0.0024033463560044765
func-hard-gn,coherent,baseline,5005,0,2,32,32,1,1,0,0.0017579786945134401
func-hard-gn,coherent,baseline,5005,0,2,64,64,1,1,0,0.0016642658738419414
func-hard-gn,coherent,baseline,5005,0,2,128,128,1,1,0,0.001648496836423874
func-hard-gn,coherent,baseline,5005,0,2,256,256,1,1,0,0.001636000582948327
func-hard-gn,coherent,baseline,5005,0,2,512,512,1,1,0,0.0016286217141896486
func-hard-gn,coherent,baseline,5005,0,2,1024,1024,1,1,0,0.0016249321633949876
func-hard-gn,independent,baseline,5005,0,2,0,0,0,0,0,8.59135913848877
func-hard-gn,independent,baseline,5005,0,2,1,1,0,0,0,8.408257484436035
func-hard-gn,independent,baseline,5005,0,2,2,2,0,0,1,8.191444396972656
func-hard-gn,independent,baseline,5005,0,2,4,4,0,0,2,6.881221771240234
func-hard-gn,independent,baseline,5005,0,2,8,8,0,0,2,3.7078630924224854
func-hard-gn,independent,baseline,5005,0,2,16,16,0,0,2,3.2330241203308105
func-hard-gn,independent,baseline,5005,0,2,32,32,1,0,2,0.001832473324611783
func-hard-gn,independent,baseline,5005,0,2,64,64,1,1,0,0.0015984494239091873
func-hard-gn,independent,baseline,5005,0,2,128,128,1,1,0,0.001580060925334692
func-hard-gn,independent,baseline,5005,0,2,256,256,1,1,0,0.001577144954353571
func-hard-gn,independent,baseline,5005,0,2,512,512,1,1,0,0.0015758357476443052
func-hard-gn,independent,baseline,5005,0,2,1024,1024,1,1,0,0.0015747050056234002
func-soft-gn,coherent,baseline,5005,0,0,0,0,0,0,0,8.25041675567627
func-soft-gn,coherent,baseline,5005,0,0,1,1,0,0,1,7.4695844650268555
func-soft-gn,coherent,baseline,5005,0,0,2,2,0,0,1,5.254926681518555
func-soft-gn,coherent,baseline,5005,0,0,4,4,1,0,5,0.007306222803890705
func-soft-gn,coherent,baseline,5005,0,0,8,8,1,0,4,0.01278373971581459
func-soft-gn,coherent,baseline,5005,0,0,16,16,1,0,3,0.0034988275729119778
func-soft-gn,coherent,baseline,5005,0,0,32,32,1,0,2,0.0015651844441890717
func-soft-gn,coherent,baseline,5005,0,0,64,64,1,0,2,0.0015251325676217675
func-soft-gn,coherent,baseline,5005,0,0,128,128,1,0,2,0.001524180406704545
func-soft-gn,coherent,baseline,5005,0,0,256,256,1,0,1,0.00152382324449718
func-soft-gn,coherent,baseline,5005,0,0,512,512,1,0,1,0.0015234067104756832
func-soft-gn,coherent,baseline,5005,0,0,1024,1024,1,0,1,0.001522930571809411
func-soft-gn,independent,baseline,5005,0,0,0,0,0,0,0,8.447807312011719
func-soft-gn,independent,baseline,5005,0,0,1,1,0,0,0,7.943231582641602
func-soft-gn,independent,baseline,5005,0,0,2,2,0,0,1,6.179757118225098
func-soft-gn,independent,baseline,5005,0,0,4,4,0,0,4,2.821200370788574
func-soft-gn,independent,baseline,5005,0,0,8,8,0,0,4,2.6219193935394287
func-soft-gn,independent,baseline,5005,0,0,16,16,0,0,4,2.519930362701416
func-soft-gn,independent,baseline,5005,0,0,32,32,1,0,2,0.15054208040237427
func-soft-gn,independent,baseline,5005,0,0,64,64,1,0,3,0.08656330406665802
func-soft-gn,independent,baseline,5005,0,0,128,128,1,0,5,0.020352981984615326
func-soft-gn,independent,baseline,5005,0,0,256,256,1,0,2,0.0016135044861584902
func-soft-gn,independent,baseline,5005,0,0,512,512,1,0,3,0.001601602416485548
func-soft-gn,independent,baseline,5005,0,0,1024,1024,1,0,3,0.0015974368434399366
func-soft-gn,coherent,baseline,5005,0,1,0,0,0,0,0,8.239187240600586
func-soft-gn,coherent,baseline,5005,0,1,1,1,0,0,0,7.491804122924805
func-soft-gn,coherent,baseline,5005,0,1,2,2,0,0,4,4.279708385467529
func-soft-gn,coherent,baseline,5005,0,1,4,4,1,0,6,0.034119635820388794
func-soft-gn,coherent,baseline,5005,0,1,8,8,1,0,6,0.02095167152583599
func-soft-gn,coherent,baseline,5005,0,1,16,16,1,0,6,0.005759014282375574
func-soft-gn,coherent,baseline,5005,0,1,32,32,1,0,2,0.0017150228377431631
func-soft-gn,coherent,baseline,5005,0,1,64,64,1,0,2,0.0016692050267010927
func-soft-gn,coherent,baseline,5005,0,1,128,128,1,0,2,0.0016641471302136779
func-soft-gn,coherent,baseline,5005,0,1,256,256,1,0,2,0.0016609933227300644
func-soft-gn,coherent,baseline,5005,0,1,512,512,1,0,2,0.0016589106526225805
func-soft-gn,coherent,baseline,5005,0,1,1024,1024,1,0,2,0.0016576610505580902
func-soft-gn,independent,baseline,5005,0,1,0,0,0,0,0,8.151695251464844
func-soft-gn,independent,baseline,5005,0,1,1,1,0,0,0,7.839479446411133
func-soft-gn,independent,baseline,5005,0,1,2,2,0,0,2,7.283211708068848
func-soft-gn,independent,baseline,5005,0,1,4,4,0,0,8,4.119317531585693
func-soft-gn,independent,baseline,5005,0,1,8,8,0,0,6,3.8155415058135986
func-soft-gn,independent,baseline,5005,0,1,16,16,1,0,4,0.06442490220069885
func-soft-gn,independent,baseline,5005,0,1,32,32,1,0,4,0.031563084572553635
func-soft-gn,independent,baseline,5005,0,1,64,64,1,0,2,0.0018698954954743385
func-soft-gn,independent,baseline,5005,0,1,128,128,1,0,2,0.0016533168964087963
func-soft-gn,independent,baseline,5005,0,1,256,256,1,0,2,0.0016473067225888371
func-soft-gn,independent,baseline,5005,0,1,512,512,1,0,2,0.001645402517169714
func-soft-gn,independent,baseline,5005,0,1,1024,1024,1,0,2,0.001644628937356174
func-soft-gn,coherent,baseline,5005,0,2,0,0,0,0,0,8.66263484954834
func-soft-gn,coherent,baseline,5005,0,2,1,1,0,0,0,8.288707733154297
func-soft-gn,coherent,baseline,5005,0,2,2,2,0,0,0,7.7102203369140625
func-soft-gn,coherent,baseline,5005,0,2,4,4,0,0,2,5.171051025390625
func-soft-gn,coherent,baseline,5005,0,2,8,8,1,0,2,0.13375796377658844
func-soft-gn,coherent,baseline,5005,0,2,16,16,1,0,1,0.0016998493811115623
func-soft-gn,coherent,baseline,5005,0,2,32,32,1,1,0,0.0016791420057415962
func-soft-gn,coherent,baseline,5005,0,2,64,64,1,1,0,0.0016629567835479975
func-soft-gn,coherent,baseline,5005,0,2,128,128,1,1,0,0.0016494491137564182
func-soft-gn,coherent,baseline,5005,0,2,256,256,1,1,0,0.0016377263236790895
func-soft-gn,coherent,baseline,5005,0,2,512,512,1,1,0,0.0016291572246700525
func-soft-gn,coherent,baseline,5005,0,2,1024,1024,1,1,0,0.0016249322798103094
func-soft-gn,independent,baseline,5005,0,2,0,0,0,0,0,8.59135913848877
func-soft-gn,independent,baseline,5005,0,2,1,1,0,0,0,8.418166160583496
func-soft-gn,independent,baseline,5005,0,2,2,2,0,0,0,8.218517303466797
func-soft-gn,independent,baseline,5005,0,2,4,4,0,0,2,7.110020637512207
func-soft-gn,independent,baseline,5005,0,2,8,8,0,0,2,3.6273114681243896
func-soft-gn,independent,baseline,5005,0,2,16,16,0,0,2,3.2755019664764404
func-soft-gn,independent,baseline,5005,0,2,32,32,1,0,2,0.004220729693770409
func-soft-gn,independent,baseline,5005,0,2,64,64,1,1,0,0.001970892306417227
func-soft-gn,independent,baseline,5005,0,2,128,128,1,1,0,0.0015838696854189038
func-soft-gn,independent,baseline,5005,0,2,256,256,1,1,0,0.0015777996741235256
func-soft-gn,independent,baseline,5005,0,2,512,512,1,1,0,0.0015763118863105774
func-soft-gn,independent,baseline,5005,0,2,1024,1024,1,1,0,0.0015751810278743505
func-hard-gn,coherent,up-0.25,5005,0,0,0,0,0,0,0,8.42227554321289
func-hard-gn,coherent,up-0.25,5005,0,0,1,1,0,0,0,6.896846294403076
func-hard-gn,coherent,up-0.25,5005,0,0,2,2,0,0,3,1.3294308185577393
func-hard-gn,coherent,up-0.25,5005,0,0,4,4,1,0,3,0.02173669822514057
func-hard-gn,coherent,up-0.25,5005,0,0,8,8,1,0,3,0.004192277789115906
func-hard-gn,coherent,up-0.25,5005,0,0,16,16,1,0,2,0.0017311479896306992
func-hard-gn,coherent,up-0.25,5005,0,0,32,32,1,0,2,0.0015225139213725924
func-hard-gn,coherent,up-0.25,5005,0,0,64,64,1,0,1,0.0015062070451676846
func-hard-gn,coherent,up-0.25,5005,0,0,128,128,1,0,1,0.0015043619787320495
func-hard-gn,coherent,up-0.25,5005,0,0,256,256,1,0,1,0.0015034693060442805
func-hard-gn,coherent,up-0.25,5005,0,0,512,512,1,1,0,0.001503052655607462
func-hard-gn,coherent,up-0.25,5005,0,0,1024,1024,1,1,0,0.0015028145862743258
func-hard-gn,independent,up-0.25,5005,0,0,0,0,0,0,0,8.577095031738281
func-hard-gn,independent,up-0.25,5005,0,0,1,1,0,0,0,7.359210014343262
func-hard-gn,independent,up-0.25,5005,0,0,2,2,0,0,0,3.8095006942749023
func-hard-gn,independent,up-0.25,5005,0,0,4,4,1,0,4,0.03315591439604759
func-hard-gn,independent,up-0.25,5005,0,0,8,8,1,0,3,0.001776067540049553
func-hard-gn,independent,up-0.25,5005,0,0,16,16,1,0,1,0.0016480190679430962
func-hard-gn,independent,up-0.25,5005,0,0,32,32,1,1,0,0.0015953542897477746
func-hard-gn,independent,up-0.25,5005,0,0,64,64,1,1,0,0.0015889269998297095
func-hard-gn,independent,up-0.25,5005,0,0,128,128,1,1,0,0.0015852372162044048
func-hard-gn,independent,up-0.25,5005,0,0,256,256,1,1,0,0.0015830949414521456
func-hard-gn,independent,up-0.25,5005,0,0,512,512,1,1,0,0.0015812499914318323
func-hard-gn,independent,up-0.25,5005,0,0,1024,1024,1,1,0,0.0015797025989741087
func-hard-gn,coherent,up-0.25,5005,0,1,0,0,0,0,0,8.20268726348877
func-hard-gn,coherent,up-0.25,5005,0,1,1,1,0,0,0,7.732413291931152
func-hard-gn,coherent,up-0.25,5005,0,1,2,2,0,0,0,5.012053489685059
func-hard-gn,coherent,up-0.25,5005,0,1,4,4,1,0,4,0.010799766518175602
func-hard-gn,coherent,up-0.25,5005,0,1,8,8,1,0,2,0.00251828134059906
func-hard-gn,coherent,up-0.25,5005,0,1,16,16,1,1,0,0.0016793209360912442
func-hard-gn,coherent,up-0.25,5005,0,1,32,32,1,1,0,0.0016584941186010838
func-hard-gn,coherent,up-0.25,5005,0,1,64,64,1,1,0,0.0016552808228880167
func-hard-gn,coherent,up-0.25,5005,0,1,128,128,1,1,0,0.001652959967032075
func-hard-gn,coherent,up-0.25,5005,0,1,256,256,1,1,0,0.0016515913885086775
func-hard-gn,coherent,up-0.25,5005,0,1,512,512,1,1,0,0.0016506393440067768
func-hard-gn,coherent,up-0.25,5005,0,1,1024,1024,1,1,0,0.001650103717111051
func-hard-gn,independent,up-0.25,5005,0,1,0,0,0,0,0,8.372724533081055
func-hard-gn,independent,up-0.25,5005,0,1,1,1,0,0,0,7.963687896728516
func-hard-gn,independent,up-0.25,5005,0,1,2,2,0,0,0,5.3674540519714355
func-hard-gn,independent,up-0.25,5005,0,1,4,4,0,0,2,2.5374364852905273
func-hard-gn,independent,up-0.25,5005,0,1,8,8,1,0,2,0.03570416942238808
func-hard-gn,independent,up-0.25,5005,0,1,16,16,1,0,2,0.01689893752336502
func-hard-gn,independent,up-0.25,5005,0,1,32,32,1,0,2,0.003968515899032354
func-hard-gn,independent,up-0.25,5005,0,1,64,64,1,0,2,0.0019252583151683211
func-hard-gn,independent,up-0.25,5005,0,1,128,128,1,1,0,0.0015994604909792542
func-hard-gn,independent,up-0.25,5005,0,1,256,256,1,1,0,0.0015930334338918328
func-hard-gn,independent,up-0.25,5005,0,1,512,512,1,1,0,0.0015898197889328003
func-hard-gn,independent,up-0.25,5005,0,1,1024,1024,1,0,1,0.0015874988166615367
func-hard-gn,coherent,up-0.25,5005,0,2,0,0,0,0,0,8.615118026733398
func-hard-gn,coherent,up-0.25,5005,0,2,1,1,0,0,0,7.2822465896606445
func-hard-gn,coherent,up-0.25,5005,0,2,2,2,0,0,2,2.3306283950805664
func-hard-gn,coherent,up-0.25,5005,0,2,4,4,1,0,3,0.014709251932799816
func-hard-gn,coherent,up-0.25,5005,0,2,8,8,1,0,3,0.002887226641178131
func-hard-gn,coherent,up-0.25,5005,0,2,16,16,1,0,2,0.0016891336999833584
func-hard-gn,coherent,up-0.25,5005,0,2,32,32,1,0,2,0.0015292984899133444
func-hard-gn,coherent,up-0.25,5005,0,2,64,64,1,0,2,0.0015216211322695017
func-hard-gn,coherent,up-0.25,5005,0,2,128,128,1,0,2,0.0015186455566436052
func-hard-gn,coherent,up-0.25,5005,0,2,256,256,1,0,2,0.0015170385595411062
func-hard-gn,coherent,up-0.25,5005,0,2,512,512,1,0,2,0.0015159078175202012
func-hard-gn,coherent,up-0.25,5005,0,2,1024,1024,1,0,2,0.0015148960519582033
func-hard-gn,independent,up-0.25,5005,0,2,0,0,0,0,0,8.39628791809082
func-hard-gn,independent,up-0.25,5005,0,2,1,1,0,0,0,6.694918632507324
func-hard-gn,independent,up-0.25,5005,0,2,2,2,0,0,2,5.598156452178955
func-hard-gn,independent,up-0.25,5005,0,2,4,4,0,0,2,4.020875453948975
func-hard-gn,independent,up-0.25,5005,0,2,8,8,1,0,3,0.0024389936588704586
func-hard-gn,independent,up-0.25,5005,0,2,16,16,1,0,3,0.001699730521067977
func-hard-gn,independent,up-0.25,5005,0,2,32,32,1,0,3,0.0015250729629769921
func-hard-gn,independent,up-0.25,5005,0,2,64,64,1,0,3,0.0015175146982073784
func-hard-gn,independent,up-0.25,5005,0,2,128,128,1,0,3,0.0015139438910409808
func-hard-gn,independent,up-0.25,5005,0,2,256,256,1,0,3,0.001511325128376484
func-hard-gn,independent,up-0.25,5005,0,2,512,512,1,0,3,0.0015096587594598532
func-hard-gn,independent,up-0.25,5005,0,2,1024,1024,1,0,3,0.001508170971646905
func-soft-gn,coherent,up-0.25,5005,0,0,0,0,0,0,0,8.42227554321289
func-soft-gn,coherent,up-0.25,5005,0,0,1,1,0,0,0,7.012641906738281
func-soft-gn,coherent,up-0.25,5005,0,0,2,2,0,0,2,1.8514832258224487
func-soft-gn,coherent,up-0.25,5005,0,0,4,4,1,0,1,0.1041986495256424
func-soft-gn,coherent,up-0.25,5005,0,0,8,8,1,0,1,0.009264154359698296
func-soft-gn,coherent,up-0.25,5005,0,0,16,16,1,1,0,0.001585596357472241
func-soft-gn,coherent,up-0.25,5005,0,0,32,32,1,1,0,0.0015180503251031041
func-soft-gn,coherent,up-0.25,5005,0,0,64,64,1,1,0,0.0015055523253977299
func-soft-gn,coherent,up-0.25,5005,0,0,128,128,1,1,0,0.0015041239093989134
func-soft-gn,coherent,up-0.25,5005,0,0,256,256,1,1,0,0.0015035883989185095
func-soft-gn,coherent,up-0.25,5005,0,0,512,512,1,1,0,0.0015032312367111444
func-soft-gn,coherent,up-0.25,5005,0,0,1024,1024,1,1,0,0.0015028740745037794
func-soft-gn,independent,up-0.25,5005,0,0,0,0,0,0,0,8.577095031738281
func-soft-gn,independent,up-0.25,5005,0,0,1,1,0,0,0,7.376501083374023
func-soft-gn,independent,up-0.25,5005,0,0,2,2,0,0,0,3.8811194896698
func-soft-gn,independent,up-0.25,5005,0,0,4,4,1,0,4,0.0018384698778390884
func-soft-gn,independent,up-0.25,5005,0,0,8,8,1,0,2,0.0037097763270139694
func-soft-gn,independent,up-0.25,5005,0,0,16,16,1,0,1,0.0017125235171988606
func-soft-gn,independent,up-0.25,5005,0,0,32,32,1,0,1,0.0016006509540602565
func-soft-gn,independent,up-0.25,5005,0,0,64,64,1,0,1,0.0015900577418506145
func-soft-gn,independent,up-0.25,5005,0,0,128,128,1,1,0,0.0015856537502259016
func-soft-gn,independent,up-0.25,5005,0,0,256,256,1,1,0,0.0015831543132662773
func-soft-gn,independent,up-0.25,5005,0,0,512,512,1,1,0,0.0015813689678907394
func-soft-gn,independent,up-0.25,5005,0,0,1024,1024,1,1,0,0.0015798216918483377
func-soft-gn,coherent,up-0.25,5005,0,1,0,0,0,0,0,8.20268726348877
func-soft-gn,coherent,up-0.25,5005,0,1,1,1,0,0,0,7.783087730407715
func-soft-gn,coherent,up-0.25,5005,0,1,2,2,0,0,0,5.560842037200928
func-soft-gn,coherent,up-0.25,5005,0,1,4,4,1,0,3,0.009487917646765709
func-soft-gn,coherent,up-0.25,5005,0,1,8,8,1,1,0,0.00279882550239563
func-soft-gn,coherent,up-0.25,5005,0,1,16,16,1,1,0,0.0016734299715608358
func-soft-gn,coherent,up-0.25,5005,0,1,32,32,1,1,0,0.0016581965610384941
func-soft-gn,coherent,up-0.25,5005,0,1,64,64,1,1,0,0.0016548046842217445
func-soft-gn,coherent,up-0.25,5005,0,1,128,128,1,1,0,0.001652959967032075
func-soft-gn,coherent,up-0.25,5005,0,1,256,256,1,1,0,0.0016515913885086775
func-soft-gn,coherent,up-0.25,5005,0,1,512,512,1,1,0,0.0016506393440067768
func-soft-gn,coherent,up-0.25,5005,0,1,1024,1024,1,1,0,0.001650103717111051
func-soft-gn,independent,up-0.25,5005,0,1,0,0,0,0,0,8.372724533081055
func-soft-gn,independent,up-0.25,5005,0,1,1,1,0,0,0,8.004159927368164
func-soft-gn,independent,up-0.25,5005,0,1,2,2,0,0,0,6.00810432434082
func-soft-gn,independent,up-0.25,5005,0,1,4,4,0,0,0,3.899965763092041
func-soft-gn,independent,up-0.25,5005,0,1,8,8,1,0,1,0.020186055451631546
func-soft-gn,independent,up-0.25,5005,0,1,16,16,1,0,1,0.006774376146495342
func-soft-gn,independent,up-0.25,5005,0,1,32,32,1,0,1,0.001838837517425418
func-soft-gn,independent,up-0.25,5005,0,1,64,64,1,1,0,0.0016048755496740341
func-soft-gn,independent,up-0.25,5005,0,1,128,128,1,1,0,0.0015970206586644053
func-soft-gn,independent,up-0.25,5005,0,1,256,256,1,1,0,0.0015931525267660618
func-soft-gn,independent,up-0.25,5005,0,1,512,512,1,1,0,0.0015904149040579796
func-soft-gn,independent,up-0.25,5005,0,1,1024,1024,1,0,1,0.0015880344435572624
func-soft-gn,coherent,up-0.25,5005,0,2,0,0,0,0,0,8.615118026733398
func-soft-gn,coherent,up-0.25,5005,0,2,1,1,0,0,0,7.43165397644043
func-soft-gn,coherent,up-0.25,5005,0,2,2,2,0,0,2,2.61759352684021
func-soft-gn,coherent,up-0.25,5005,0,2,4,4,1,0,2,0.45855146646499634
func-soft-gn,coherent,up-0.25,5005,0,2,8,8,1,0,2,0.01228256244212389
func-soft-gn,coherent,up-0.25,5005,0,2,16,16,1,0,2,0.0016350464429706335
func-soft-gn,coherent,up-0.25,5005,0,2,32,32,1,0,2,0.0015291795134544373
func-soft-gn,coherent,up-0.25,5005,0,2,64,64,1,0,2,0.0015212640864774585
func-soft-gn,coherent,up-0.25,5005,0,2,128,128,1,0,2,0.0015184073708951473
func-soft-gn,coherent,up-0.25,5005,0,2,256,256,1,0,2,0.001516919583082199
func-soft-gn,coherent,up-0.25,5005,0,2,512,512,1,0,2,0.0015158483292907476
func-soft-gn,coherent,up-0.25,5005,0,2,1024,1024,1,0,2,0.0015148365637287498
func-soft-gn,independent,up-0.25,5005,0,2,0,0,0,0,0,8.39628791809082
func-soft-gn,independent,up-0.25,5005,0,2,1,1,0,0,0,6.851728439331055
func-soft-gn,independent,up-0.25,5005,0,2,2,2,0,0,5,4.0231032371521
func-soft-gn,independent,up-0.25,5005,0,2,4,4,0,0,3,4.002162933349609
func-soft-gn,independent,up-0.25,5005,0,2,8,8,1,0,2,0.08122561872005463
func-soft-gn,independent,up-0.25,5005,0,2,16,16,1,0,3,0.0019241736736148596
func-soft-gn,independent,up-0.25,5005,0,2,32,32,1,0,3,0.0015361423138529062
func-soft-gn,independent,up-0.25,5005,0,2,64,64,1,0,3,0.0015171575360000134
func-soft-gn,independent,up-0.25,5005,0,2,128,128,1,0,3,0.0015131107065826654
func-soft-gn,independent,up-0.25,5005,0,2,256,256,1,0,3,0.00151078961789608
func-soft-gn,independent,up-0.25,5005,0,2,512,512,1,0,3,0.0015090636443346739
func-soft-gn,independent,up-0.25,5005,0,2,1024,1024,1,0,3,0.0015078734140843153
func-hard-gn,coherent,baseline,5005,1,0,0,0,0,0,0,8.91257381439209
func-hard-gn,coherent,baseline,5005,1,0,1,1,0,0,0,8.008624076843262
func-hard-gn,coherent,baseline,5005,1,0,2,2,0,0,0,4.53891658782959
func-hard-gn,coherent,baseline,5005,1,0,4,4,1,0,4,0.24886243045330048
func-hard-gn,coherent,baseline,5005,1,0,8,8,1,0,4,0.04888671636581421
func-hard-gn,coherent,baseline,5005,1,0,16,16,1,0,4,0.02377750724554062
func-hard-gn,coherent,baseline,5005,1,0,32,32,1,0,2,0.023377591744065285
func-hard-gn,coherent,baseline,5005,1,0,64,64,1,0,2,0.010329758748412132
func-hard-gn,coherent,baseline,5005,1,0,128,128,1,0,4,0.0019210551399737597
func-hard-gn,coherent,baseline,5005,1,0,256,256,1,0,2,0.0014521064003929496
func-hard-gn,coherent,baseline,5005,1,0,512,512,1,0,2,0.0013856820296496153
func-hard-gn,coherent,baseline,5005,1,0,1024,1024,1,0,1,0.0013765750918537378
func-hard-gn,coherent,baseline,5005,1,0,1026,1024,1,0,1,0.0013765750918537378
func-hard-gn,independent,baseline,5005,1,0,0,0,0,0,0,8.492151260375977
func-hard-gn,independent,baseline,5005,1,0,1,1,0,0,0,8.126628875732422
func-hard-gn,independent,baseline,5005,1,0,2,2,0,0,0,6.307343006134033
func-hard-gn,independent,baseline,5005,1,0,4,4,0,0,4,3.1555564403533936
func-hard-gn,independent,baseline,5005,1,0,8,8,0,0,3,3.069183349609375
func-hard-gn,independent,baseline,5005,1,0,16,16,0,0,2,2.9279496669769287
func-hard-gn,independent,baseline,5005,1,0,32,32,1,0,6,0.681640088558197
func-hard-gn,independent,baseline,5005,1,0,64,64,1,0,5,0.5583654642105103
func-hard-gn,independent,baseline,5005,1,0,128,128,1,0,3,0.4214782118797302
func-hard-gn,independent,baseline,5005,1,0,256,256,1,0,3,0.2869640290737152
func-hard-gn,independent,baseline,5005,1,0,512,510,1,0,6,0.1295686513185501
func-hard-gn,independent,baseline,5005,1,0,1024,1022,1,0,6,0.006394524592906237
func-hard-gn,independent,baseline,5005,1,0,1026,1024,1,0,6,0.0061999158933758736
func-hard-gn,coherent,baseline,5005,1,1,0,0,0,0,0,8.660018920898438
func-hard-gn,coherent,baseline,5005,1,1,1,1,0,0,0,8.255938529968262
func-hard-gn,coherent,baseline,5005,1,1,2,2,0,0,2,7.693284034729004
func-hard-gn,coherent,baseline,5005,1,1,4,4,0,0,3,4.680310249328613
func-hard-gn,coherent,baseline,5005,1,1,8,8,0,0,3,3.9376816749572754
func-hard-gn,coherent,baseline,5005,1,1,16,16,1,0,3,0.11988498270511627
func-hard-gn,coherent,baseline,5005,1,1,32,32,1,0,4,0.03453819081187248
func-hard-gn,coherent,baseline,5005,1,1,64,64,1,1,0,0.0016560538206249475
func-hard-gn,coherent,baseline,5005,1,1,128,128,1,1,0,0.0015869059134274721
func-hard-gn,coherent,baseline,5005,1,1,256,256,1,0,2,0.001572206849232316
func-hard-gn,coherent,baseline,5005,1,1,512,512,1,0,3,0.0015672079753130674
func-hard-gn,coherent,baseline,5005,1,1,1024,1024,1,0,2,0.0015664342790842056
func-hard-gn,coherent,baseline,5005,1,1,1026,1024,1,0,2,0.0015664342790842056
func-hard-gn,independent,baseline,5005,1,1,0,0,0,0,0,8.746816635131836
func-hard-gn,independent,baseline,5005,1,1,1,1,0,0,0,8.006980895996094
func-hard-gn,independent,baseline,5005,1,1,2,2,0,0,2,4.166803359985352
func-hard-gn,independent,baseline,5005,1,1,4,4,0,0,2,3.101922035217285
func-hard-gn,independent,baseline,5005,1,1,8,8,0,0,2,2.9317362308502197
func-hard-gn,independent,baseline,5005,1,1,16,16,0,0,2,2.7949321269989014
func-hard-gn,independent,baseline,5005,1,1,32,32,0,0,3,0.9105220437049866
func-hard-gn,independent,baseline,5005,1,1,64,64,1,0,5,0.45799219608306885
func-hard-gn,independent,baseline,5005,1,1,128,128,1,0,5,0.20820605754852295
func-hard-gn,independent,baseline,5005,1,1,256,256,1,0,3,0.10585165023803711
func-hard-gn,independent,baseline,5005,1,1,512,512,1,0,3,0.0316995345056057
func-hard-gn,independent,baseline,5005,1,1,1024,1024,1,0,3,0.001621836330741644
func-hard-gn,independent,baseline,5005,1,1,1026,1024,1,0,3,0.001621836330741644
func-hard-gn,coherent,baseline,5005,1,2,0,0,0,0,0,8.013605117797852
func-hard-gn,coherent,baseline,5005,1,2,1,1,0,0,0,7.140674591064453
func-hard-gn,coherent,baseline,5005,1,2,2,2,0,0,0,5.115889549255371
func-hard-gn,coherent,baseline,5005,1,2,4,4,0,0,2,1.611339807510376
func-hard-gn,coherent,baseline,5005,1,2,8,8,1,0,3,0.009109372273087502
func-hard-gn,coherent,baseline,5005,1,2,16,16,1,0,3,0.003310223575681448
func-hard-gn,coherent,baseline,5005,1,2,32,32,1,0,3,0.0017078225500881672
func-hard-gn,coherent,baseline,5005,1,2,64,64,1,0,2,0.0014824006939306855
func-hard-gn,coherent,baseline,5005,1,2,128,128,1,0,2,0.001465795561671257
func-hard-gn,coherent,baseline,5005,1,2,256,256,1,0,3,0.0014622840099036694
func-hard-gn,coherent,baseline,5005,1,2,512,512,1,0,3,0.001461212639696896
func-hard-gn,coherent,baseline,5005,1,2,1024,1024,1,0,3,0.001460736501030624
func-hard-gn,coherent,baseline,5005,1,2,1026,1024,1,0,3,0.001460736501030624
func-hard-gn,independent,baseline,5005,1,2,0,0,0,0,0,8.324121475219727
func-hard-gn,independent,baseline,5005,1,2,1,1,0,0,0,8.05748176574707
func-hard-gn,independent,baseline,5005,1,2,2,2,0,0,0,7.695460319519043
func-hard-gn,independent,baseline,5005,1,2,4,4,0,0,1,6.175877571105957
func-hard-gn,independent,baseline,5005,1,2,8,8,0,0,5,3.2335045337677
func-hard-gn,independent,baseline,5005,1,2,16,16,0,0,5,0.7670110464096069
func-hard-gn,independent,baseline,5005,1,2,32,32,0,0,4,0.5754976868629456
func-hard-gn,independent,baseline,5005,1,2,64,64,1,0,3,0.35386407375335693
func-hard-gn,independent,baseline,5005,1,2,128,128,1,0,5,0.2642635703086853
func-hard-gn,independent,baseline,5005,1,2,256,256,1,0,3,0.13801930844783783
func-hard-gn,independent,baseline,5005,1,2,512,512,1,0,4,0.020513217896223068
func-hard-gn,independent,baseline,5005,1,2,1024,1024,1,0,4,0.0015022188890725374
func-hard-gn,independent,baseline,5005,1,2,1026,1024,1,0,4,0.0015022188890725374
func-soft-gn,coherent,baseline,5005,1,0,0,0,0,0,0,8.91257381439209
func-soft-gn,coherent,baseline,5005,1,0,1,1,0,0,0,8.028775215148926
func-soft-gn,coherent,baseline,5005,1,0,2,2,0,0,0,4.619349479675293
func-soft-gn,coherent,baseline,5005,1,0,4,4,1,0,6,0.046439189463853836
func-soft-gn,coherent,baseline,5005,1,0,8,8,1,0,4,0.10397559404373169
func-soft-gn,coherent,baseline,5005,1,0,16,16,1,0,4,0.0850457176566124
func-soft-gn,coherent,baseline,5005,1,0,32,32,1,0,5,0.0692330077290535
func-soft-gn,coherent,baseline,5005,1,0,64,64,1,0,6,0.06107761710882187
func-soft-gn,coherent,baseline,5005,1,0,128,128,1,0,5,0.03238670155405998
func-soft-gn,coherent,baseline,5005,1,0,256,256,1,0,5,0.010388936847448349
func-soft-gn,coherent,baseline,5005,1,0,512,512,1,0,5,0.0013690751511603594
func-soft-gn,coherent,baseline,5005,1,0,1024,1024,1,0,5,0.0013652655761688948
func-soft-gn,coherent,baseline,5005,1,0,1038,1024,1,0,5,0.0013652655761688948
func-soft-gn,independent,baseline,5005,1,0,0,0,0,0,0,8.492151260375977
func-soft-gn,independent,baseline,5005,1,0,1,1,0,0,0,8.137155532836914
func-soft-gn,independent,baseline,5005,1,0,2,2,0,0,0,6.366214752197266
func-soft-gn,independent,baseline,5005,1,0,4,4,0,0,3,3.2188780307769775
func-soft-gn,independent,baseline,5005,1,0,8,8,0,0,2,3.1636481285095215
func-soft-gn,independent,baseline,5005,1,0,16,16,0,0,2,3.1001439094543457
func-soft-gn,independent,baseline,5005,1,0,32,32,0,0,5,0.7386819124221802
func-soft-gn,independent,baseline,5005,1,0,64,64,1,0,6,0.513391375541687
func-soft-gn,independent,baseline,5005,1,0,128,128,1,0,4,0.4167834520339966
func-soft-gn,independent,baseline,5005,1,0,256,256,1,0,4,0.27656546235084534
func-soft-gn,independent,baseline,5005,1,0,512,509,1,0,4,0.14488539099693298
func-soft-gn,independent,baseline,5005,1,0,1024,1010,1,0,3,0.042643144726753235
func-soft-gn,independent,baseline,5005,1,0,1038,1024,1,0,3,0.042378999292850494
func-soft-gn,coherent,baseline,5005,1,1,0,0,0,0,0,8.660018920898438
func-soft-gn,coherent,baseline,5005,1,1,1,1,0,0,0,8.265719413757324
func-soft-gn,coherent,baseline,5005,1,1,2,2,0,0,2,7.766083717346191
func-soft-gn,coherent,baseline,5005,1,1,4,4,0,0,3,5.500509262084961
func-soft-gn,coherent,baseline,5005,1,1,8,8,0,0,3,5.24873161315918
func-soft-gn,coherent,baseline,5005,1,1,16,16,0,0,3,4.371191024780273
func-soft-gn,coherent,baseline,5005,1,1,32,32,1,0,4,0.11407982558012009
func-soft-gn,coherent,baseline,5005,1,1,64,64,1,0,5,0.003292729612439871
func-soft-gn,coherent,baseline,5005,1,1,128,128,1,1,0,0.0015922023449093103
func-soft-gn,coherent,baseline,5005,1,1,256,256,1,0,1,0.0015718498034402728
func-soft-gn,coherent,baseline,5005,1,1,512,512,1,0,1,0.0015675054164603353
func-soft-gn,coherent,baseline,5005,1,1,1024,1024,1,0,1,0.0015664937673136592
func-soft-gn,coherent,baseline,5005,1,1,1038,1024,1,0,1,0.0015664937673136592
func-soft-gn,independent,baseline,5005,1,1,0,0,0,0,0,8.746816635131836
func-soft-gn,independent,baseline,5005,1,1,1,1,0,0,0,8.10068416595459
func-soft-gn,independent,baseline,5005,1,1,2,2,0,0,1,5.255646705627441
func-soft-gn,independent,baseline,5005,1,1,4,4,0,0,3,3.0628788471221924
func-soft-gn,independent,baseline,5005,1,1,8,8,0,0,3,2.952390670776367
func-soft-gn,independent,baseline,5005,1,1,16,16,0,0,3,2.776154041290283
func-soft-gn,independent,baseline,5005,1,1,32,32,0,0,3,0.9079004526138306
func-soft-gn,independent,baseline,5005,1,1,64,64,1,0,5,0.3944728672504425
func-soft-gn,independent,baseline,5005,1,1,128,128,1,0,5,0.26010534167289734
func-soft-gn,independent,baseline,5005,1,1,256,256,1,0,5,0.20400813221931458
func-soft-gn,independent,baseline,5005,1,1,512,511,1,0,5,0.14111851155757904
func-soft-gn,independent,baseline,5005,1,1,1024,1023,1,0,5,0.06029642000794411
func-soft-gn,independent,baseline,5005,1,1,1038,1024,1,0,5,0.06018710136413574
func-soft-gn,coherent,baseline,5005,1,2,0,0,0,0,0,8.013605117797852
func-soft-gn,coherent,baseline,5005,1,2,1,1,0,0,0,7.19166374206543
func-soft-gn,coherent,baseline,5005,1,2,2,2,0,0,0,5.395538330078125
func-soft-gn,coherent,baseline,5005,1,2,4,4,1,0,3,0.0020979626569896936
func-soft-gn,coherent,baseline,5005,1,2,8,8,1,0,4,0.0033518485724925995
func-soft-gn,coherent,baseline,5005,1,2,16,16,1,0,4,0.0028079308103770018
func-soft-gn,coherent,baseline,5005,1,2,32,32,1,0,2,0.0015926186461001635
func-soft-gn,coherent,baseline,5005,1,2,64,64,1,0,2,0.001472759060561657
func-soft-gn,coherent,baseline,5005,1,2,128,128,1,0,2,0.0014654980041086674
func-soft-gn,coherent,baseline,5005,1,2,256,256,1,0,2,0.0014628791250288486
func-soft-gn,coherent,baseline,5005,1,2,512,512,1,0,2,0.0014618078712373972
func-soft-gn,coherent,baseline,5005,1,2,1024,1024,1,0,2,0.001461212639696896
func-soft-gn,coherent,baseline,5005,1,2,1038,1024,1,0,2,0.001461212639696896
func-soft-gn,independent,baseline,5005,1,2,0,0,0,0,0,8.324121475219727
func-soft-gn,independent,baseline,5005,1,2,1,1,0,0,0,8.063755989074707
func-soft-gn,independent,baseline,5005,1,2,2,2,0,0,0,7.715488433837891
func-soft-gn,independent,baseline,5005,1,2,4,4,0,0,1,6.278131484985352
func-soft-gn,independent,baseline,5005,1,2,8,8,0,0,5,3.5287420749664307
func-soft-gn,independent,baseline,5005,1,2,16,16,0,0,5,0.8026090264320374
func-soft-gn,independent,baseline,5005,1,2,32,32,1,0,6,0.6608167886734009
func-soft-gn,independent,baseline,5005,1,2,64,64,1,0,4,0.33490464091300964
func-soft-gn,independent,baseline,5005,1,2,128,128,1,0,3,0.22933191061019897
func-soft-gn,independent,baseline,5005,1,2,256,256,1,0,3,0.09414698928594589
func-soft-gn,independent,baseline,5005,1,2,512,512,1,0,4,0.007165510673075914
func-soft-gn,independent,baseline,5005,1,2,1024,1024,1,0,4,0.0015082297613844275
func-soft-gn,independent,baseline,5005,1,2,1038,1024,1,0,4,0.0015082297613844275
func-hard-gn,coherent,up-0.25,5005,1,0,0,0,0,0,0,9.098941802978516
func-hard-gn,coherent,up-0.25,5005,1,0,1,1,0,0,0,8.7980375289917
func-hard-gn,coherent,up-0.25,5005,1,0,2,2,0,0,1,7.512397766113281
func-hard-gn,coherent,up-0.25,5005,1,0,4,4,0,0,5,3.815659761428833
func-hard-gn,coherent,up-0.25,5005,1,0,8,8,1,0,7,0.021853750571608543
func-hard-gn,coherent,up-0.25,5005,1,0,16,16,1,0,6,0.010779048316180706
func-hard-gn,coherent,up-0.25,5005,1,0,32,32,1,0,7,0.004702819976955652
func-hard-gn,coherent,up-0.25,5005,1,0,64,64,1,0,5,0.0015444091986864805
func-hard-gn,coherent,up-0.25,5005,1,0,128,128,1,0,5,0.0013657419476658106
func-hard-gn,coherent,up-0.25,5005,1,0,256,256,1,0,5,0.0013610394671559334
func-hard-gn,coherent,up-0.25,5005,1,0,512,512,1,0,5,0.001358896610327065
func-hard-gn,coherent,up-0.25,5005,1,0,1024,1024,1,0,3,0.0013574085896834731
func-hard-gn,coherent,up-0.25,5005,1,0,1034,1024,1,0,3,0.0013574085896834731
func-hard-gn,independent,up-0.25,5005,1,0,0,0,0,0,0,8.589719772338867
func-hard-gn,independent,up-0.25,5005,1,0,1,1,0,0,0,7.853654861450195
func-hard-gn,independent,up-0.25,5005,1,0,2,2,0,0,1,5.122870445251465
func-hard-gn,independent,up-0.25,5005,1,0,4,4,0,0,1,4.469976902008057
func-hard-gn,independent,up-0.25,5005,1,0,8,8,0,0,4,3.443537473678589
func-hard-gn,independent,up-0.25,5005,1,0,16,16,0,0,4,3.283214569091797
func-hard-gn,independent,up-0.25,5005,1,0,32,32,0,0,5,2.8098902702331543
func-hard-gn,independent,up-0.25,5005,1,0,64,64,0,0,5,2.756035804748535
func-hard-gn,independent,up-0.25,5005,1,0,128,128,0,0,5,2.7560293674468994
func-hard-gn,independent,up-0.25,5005,1,0,256,249,0,0,5,2.756002426147461
func-hard-gn,independent,up-0.25,5005,1,0,512,502,1,0,4,0.0014570426428690553
func-hard-gn,independent,up-0.25,5005,1,0,1024,1014,1,0,4,0.0014522216515615582
func-hard-gn,independent,up-0.25,5005,1,0,1034,1024,1,0,4,0.0014522215351462364
func-hard-gn,coherent,up-0.25,5005,1,1,0,0,0,0,0,8.60099983215332
func-hard-gn,coherent,up-0.25,5005,1,1,1,1,0,0,2,8.13253402709961
func-hard-gn,coherent,up-0.25,5005,1,1,2,2,0,0,4,5.331340789794922
func-hard-gn,coherent,up-0.25,5005,1,1,4,4,0,0,5,4.072741985321045
func-hard-gn,coherent,up-0.25,5005,1,1,8,8,0,0,5,3.8440158367156982
func-hard-gn,coherent,up-0.25,5005,1,1,16,16,1,0,4,0.0037297585513442755
func-hard-gn,coherent,up-0.25,5005,1,1,32,32,1,0,4,0.002496092114597559
func-hard-gn,coherent,up-0.25,5005,1,1,64,64,1,0,3,0.00157500384375453
func-hard-gn,coherent,up-0.25,5005,1,1,128,128,1,0,3,0.0015484616160392761
func-hard-gn,coherent,up-0.25,5005,1,1,256,256,1,0,3,0.0015437006950378418
func-hard-gn,coherent,up-0.25,5005,1,1,512,512,1,0,3,0.0015407251194119453
func-hard-gn,coherent,up-0.25,5005,1,1,1024,1024,1,0,3,0.0015379874967038631
func-hard-gn,coherent,up-0.25,5005,1,1,1034,1024,1,0,3,0.0015379874967038631
func-hard-gn,independent,up-0.25,5005,1,1,0,0,0,0,0,8.813722610473633
func-hard-gn,independent,up-0.25,5005,1,1,1,1,0,0,1,8.407791137695312
func-hard-gn,independent,up-0.25,5005,1,1,2,2,0,0,3,4.6576995849609375
func-hard-gn,independent,up-0.25,5005,1,1,4,4,0,0,3,4.449106216430664
func-hard-gn,independent,up-0.25,5005,1,1,8,8,0,0,5,2.9465174674987793
func-hard-gn,independent,up-0.25,5005,1,1,16,16,1,0,1,0.007837840355932713
func-hard-gn,independent,up-0.25,5005,1,1,32,32,1,0,2,0.0029642535373568535
func-hard-gn,independent,up-0.25,5005,1,1,64,64,1,0,2,0.0015267364215105772
func-hard-gn,independent,up-0.25,5005,1,1,128,128,1,0,2,0.0014926956500858068
func-hard-gn,independent,up-0.25,5005,1,1,256,256,1,0,2,0.0014899579109624028
func-hard-gn,independent,up-0.25,5005,1,1,512,512,1,0,2,0.0014886485878378153
func-hard-gn,independent,up-0.25,5005,1,1,1024,1024,1,0,2,0.0014875177294015884
func-hard-gn,independent,up-0.25,5005,1,1,1034,1024,1,0,2,0.0014875177294015884
func-hard-gn,coherent,up-0.25,5005,1,2,0,0,0,0,0,8.029830932617188
func-hard-gn,coherent,up-0.25,5005,1,2,1,1,0,0,0,7.691381454467773
func-hard-gn,coherent,up-0.25,5005,1,2,2,2,0,0,0,6.920426368713379
func-hard-gn,coherent,up-0.25,5005,1,2,4,4,0,0,4,1.6391113996505737
func-hard-gn,coherent,up-0.25,5005,1,2,8,8,1,0,5,0.013319033198058605
func-hard-gn,coherent,up-0.25,5005,1,2,16,16,1,0,4,0.0113019198179245
func-hard-gn,coherent,up-0.25,5005,1,2,32,32,1,0,5,0.003606365527957678
func-hard-gn,coherent,up-0.25,5005,1,2,64,64,1,0,5,0.001487756846472621
func-hard-gn,coherent,up-0.25,5005,1,2,128,128,1,0,4,0.001444130903109908
func-hard-gn,coherent,up-0.25,5005,1,2,256,256,1,0,4,0.0014393695164471865
func-hard-gn,coherent,up-0.25,5005,1,2,512,512,1,0,3,0.0014374053571373224
func-hard-gn,coherent,up-0.25,5005,1,2,1024,1024,1,0,4,0.0014362744987010956
func-hard-gn,coherent,up-0.25,5005,1,2,1034,1024,1,0,4,0.0014362744987010956
func-hard-gn,independent,up-0.25,5005,1,2,0,0,0,0,0,8.265972137451172
func-hard-gn,independent,up-0.25,5005,1,2,1,1,0,0,0,8.059038162231445
func-hard-gn,independent,up-0.25,5005,1,2,2,2,0,0,0,7.628948211669922
func-hard-gn,independent,up-0.25,5005,1,2,4,4,0,0,0,4.491741180419922
func-hard-gn,independent,up-0.25,5005,1,2,8,8,0,0,4,3.4302725791931152
func-hard-gn,independent,up-0.25,5005,1,2,16,16,0,0,4,3.341219186782837
func-hard-gn,independent,up-0.25,5005,1,2,32,32,1,0,3,0.011783553287386894
func-hard-gn,independent,up-0.25,5005,1,2,64,64,1,0,3,0.0023536067456007004
func-hard-gn,independent,up-0.25,5005,1,2,128,128,1,0,1,0.0014162748120725155
func-hard-gn,independent,up-0.25,5005,1,2,256,256,1,0,2,0.0014033589977771044
func-hard-gn,independent,up-0.25,5005,1,2,512,512,1,0,2,0.0013991924934089184
func-hard-gn,independent,up-0.25,5005,1,2,1024,1024,1,0,2,0.0013984781689941883
func-hard-gn,independent,up-0.25,5005,1,2,1034,1024,1,0,2,0.0013984781689941883
func-soft-gn,coherent,up-0.25,5005,1,0,0,0,0,0,0,9.098941802978516
func-soft-gn,coherent,up-0.25,5005,1,0,1,1,0,0,0,8.807780265808105
func-soft-gn,coherent,up-0.25,5005,1,0,2,2,0,0,1,7.635531425476074
func-soft-gn,coherent,up-0.25,5005,1,0,4,4,0,0,5,1.797981858253479
func-soft-gn,coherent,up-0.25,5005,1,0,8,8,1,0,6,0.02848558872938156
func-soft-gn,coherent,up-0.25,5005,1,0,16,16,1,0,5,0.008507859893143177
func-soft-gn,coherent,up-0.25,5005,1,0,32,32,1,0,6,0.003793506883084774
func-soft-gn,coherent,up-0.25,5005,1,0,64,64,1,0,5,0.001397169311530888
func-soft-gn,coherent,up-0.25,5005,1,0,128,128,1,0,5,0.0013665156438946724
func-soft-gn,coherent,up-0.25,5005,1,0,256,256,1,0,5,0.0013618727680295706
func-soft-gn,coherent,up-0.25,5005,1,0,512,512,1,0,5,0.0013594918418675661
func-soft-gn,coherent,up-0.25,5005,1,0,1024,1024,1,0,5,0.0013578252401202917
func-soft-gn,coherent,up-0.25,5005,1,0,1100,1024,1,0,5,0.0013578252401202917
func-soft-gn,independent,up-0.25,5005,1,0,0,0,0,0,0,8.589719772338867
func-soft-gn,independent,up-0.25,5005,1,0,1,1,0,0,0,7.834938049316406
func-soft-gn,independent,up-0.25,5005,1,0,2,2,0,0,1,5.116528034210205
func-soft-gn,independent,up-0.25,5005,1,0,4,4,0,0,2,4.630637168884277
func-soft-gn,independent,up-0.25,5005,1,0,8,8,0,0,4,3.6614365577697754
func-soft-gn,independent,up-0.25,5005,1,0,16,16,0,0,3,3.5044772624969482
func-soft-gn,independent,up-0.25,5005,1,0,32,32,0,0,7,2.8117237091064453
func-soft-gn,independent,up-0.25,5005,1,0,64,61,0,0,7,2.762220859527588
func-soft-gn,independent,up-0.25,5005,1,0,128,122,0,0,7,2.7593462467193604
func-soft-gn,independent,up-0.25,5005,1,0,256,235,0,0,7,2.7592334747314453
func-soft-gn,independent,up-0.25,5005,1,0,512,458,0,0,7,2.7591092586517334
func-soft-gn,independent,up-0.25,5005,1,0,1024,948,1,0,4,0.0014540667179971933
func-soft-gn,independent,up-0.25,5005,1,0,1100,1024,1,0,4,0.0014533523935824633
func-soft-gn,coherent,up-0.25,5005,1,1,0,0,0,0,0,8.60099983215332
func-soft-gn,coherent,up-0.25,5005,1,1,1,1,0,0,2,8.200517654418945
func-soft-gn,coherent,up-0.25,5005,1,1,2,2,0,0,6,3.988898277282715
func-soft-gn,coherent,up-0.25,5005,1,1,4,4,0,0,6,3.967442750930786
func-soft-gn,coherent,up-0.25,5005,1,1,8,8,1,0,4,0.008030474185943604
func-soft-gn,coherent,up-0.25,5005,1,1,16,16,1,0,4,0.002678197342902422
func-soft-gn,coherent,up-0.25,5005,1,1,32,32,1,0,3,0.001758144237101078
func-soft-gn,coherent,up-0.25,5005,1,1,64,64,1,0,3,0.0015507827047258615
func-soft-gn,coherent,up-0.25,5005,1,1,128,128,1,0,3,0.0015447719488292933
func-soft-gn,coherent,up-0.25,5005,1,1,256,256,1,0,3,0.0015414392109960318
func-soft-gn,coherent,up-0.25,5005,1,1,512,512,1,0,4,0.0015388205647468567
func-soft-gn,coherent,up-0.25,5005,1,1,1024,1024,1,0,4,0.0015373327769339085
func-soft-gn,coherent,up-0.25,5005,1,1,1100,1024,1,0,4,0.0015373327769339085
func-soft-gn,independent,up-0.25,5005,1,1,0,0,0,0,0,8.813722610473633
func-soft-gn,independent,up-0.25,5005,1,1,1,1,0,0,1,8.48588752746582
func-soft-gn,independent,up-0.25,5005,1,1,2,2,0,0,4,4.4275994300842285
func-soft-gn,independent,up-0.25,5005,1,1,4,4,0,0,3,4.477025032043457
func-soft-gn,independent,up-0.25,5005,1,1,8,8,0,0,3,4.3617682456970215
func-soft-gn,independent,up-0.25,5005,1,1,16,16,1,0,3,0.4553564786911011
func-soft-gn,independent,up-0.25,5005,1,1,32,31,1,0,3,0.11943686008453369
func-soft-gn,independent,up-0.25,5005,1,1,64,63,1,0,3,0.08432828634977341
func-soft-gn,independent,up-0.25,5005,1,1,128,127,1,0,3,0.0015080502489581704
func-soft-gn,independent,up-0.25,5005,1,1,256,255,1,0,3,0.0014907316071912646
func-soft-gn,independent,up-0.25,5005,1,1,512,511,1,0,3,0.0014882914256304502
func-soft-gn,independent,up-0.25,5005,1,1,1024,1023,1,0,3,0.0014871011953800917
func-soft-gn,independent,up-0.25,5005,1,1,1100,1024,1,0,3,0.0014871011953800917
func-soft-gn,coherent,up-0.25,5005,1,2,0,0,0,0,0,8.029830932617188
func-soft-gn,coherent,up-0.25,5005,1,2,1,1,0,0,0,7.6949462890625
func-soft-gn,coherent,up-0.25,5005,1,2,2,2,0,0,0,6.938093185424805
func-soft-gn,coherent,up-0.25,5005,1,2,4,4,0,0,4,0.6226547956466675
func-soft-gn,coherent,up-0.25,5005,1,2,8,8,1,0,4,0.22729071974754333
func-soft-gn,coherent,up-0.25,5005,1,2,16,16,1,0,4,0.03652557358145714
func-soft-gn,coherent,up-0.25,5005,1,2,32,32,1,0,1,0.005260899662971497
func-soft-gn,coherent,up-0.25,5005,1,2,64,64,1,0,1,0.001462581567466259
func-soft-gn,coherent,up-0.25,5005,1,2,128,128,1,1,0,0.0014469283632934093
func-soft-gn,coherent,up-0.25,5005,1,2,256,256,1,1,0,0.0014403217937797308
func-soft-gn,coherent,up-0.25,5005,1,2,512,512,1,1,0,0.001437345752492547
func-soft-gn,coherent,up-0.25,5005,1,2,1024,1024,1,1,0,0.001435857848264277
func-soft-gn,coherent,up-0.25,5005,1,2,1100,1024,1,1,0,0.001435857848264277
func-soft-gn,independent,up-0.25,5005,1,2,0,0,0,0,0,8.265972137451172
func-soft-gn,independent,up-0.25,5005,1,2,1,1,0,0,0,8.06304931640625
func-soft-gn,independent,up-0.25,5005,1,2,2,2,0,0,0,7.658527374267578
func-soft-gn,independent,up-0.25,5005,1,2,4,4,0,0,0,5.504849910736084
func-soft-gn,independent,up-0.25,5005,1,2,8,8,0,0,4,3.4645230770111084
func-soft-gn,independent,up-0.25,5005,1,2,16,16,0,0,4,3.3161673545837402
func-soft-gn,independent,up-0.25,5005,1,2,32,32,0,0,3,2.811504602432251
func-soft-gn,independent,up-0.25,5005,1,2,64,63,1,0,3,0.0022395062260329723
func-soft-gn,independent,up-0.25,5005,1,2,128,127,1,0,2,0.0014132990036159754
func-soft-gn,independent,up-0.25,5005,1,2,256,255,1,0,2,0.0014046684373170137
func-soft-gn,independent,up-0.25,5005,1,2,512,511,1,0,3,0.0014009780716151
func-soft-gn,independent,up-0.25,5005,1,2,1024,1023,1,0,3,0.0013988353312015533
func-soft-gn,independent,up-0.25,5005,1,2,1100,1024,1,0,3,0.0013988353312015533
func-hard-gn,coherent,baseline,5006,0,0,0,0,0,0,0,8.388313293457031
func-hard-gn,coherent,baseline,5006,0,0,1,1,0,0,0,7.685976982116699
func-hard-gn,coherent,baseline,5006,0,0,2,2,0,0,0,6.668862342834473
func-hard-gn,coherent,baseline,5006,0,0,4,4,0,0,0,3.023522138595581
func-hard-gn,coherent,baseline,5006,0,0,8,8,0,0,1,1.3472669124603271
func-hard-gn,coherent,baseline,5006,0,0,16,16,0,0,1,0.5138044357299805
func-hard-gn,coherent,baseline,5006,0,0,32,32,1,0,3,0.13460513949394226
func-hard-gn,coherent,baseline,5006,0,0,64,64,1,0,2,0.01922256499528885
func-hard-gn,coherent,baseline,5006,0,0,128,128,1,0,2,0.015779774636030197
func-hard-gn,coherent,baseline,5006,0,0,256,256,1,0,2,0.00975805427879095
func-hard-gn,coherent,baseline,5006,0,0,512,512,1,0,2,0.004128767177462578
func-hard-gn,coherent,baseline,5006,0,0,1024,1024,1,0,2,0.0015115633141249418
func-hard-gn,independent,baseline,5006,0,0,0,0,0,0,0,8.258206367492676
func-hard-gn,independent,baseline,5006,0,0,1,1,0,0,0,7.993291854858398
func-hard-gn,independent,baseline,5006,0,0,2,2,0,0,0,7.6766791343688965
func-hard-gn,independent,baseline,5006,0,0,4,4,0,0,0,6.775581359863281
func-hard-gn,independent,baseline,5006,0,0,8,8,0,0,1,3.768981456756592
func-hard-gn,independent,baseline,5006,0,0,16,16,0,0,1,1.7810050249099731
func-hard-gn,independent,baseline,5006,0,0,32,32,1,0,1,0.43821853399276733
func-hard-gn,independent,baseline,5006,0,0,64,64,1,0,1,0.12865343689918518
func-hard-gn,independent,baseline,5006,0,0,128,128,1,0,2,0.10543043911457062
func-hard-gn,independent,baseline,5006,0,0,256,256,1,0,2,0.08297574520111084
func-hard-gn,independent,baseline,5006,0,0,512,512,1,0,2,0.06038113683462143
func-hard-gn,independent,baseline,5006,0,0,1024,1024,1,0,2,0.03617769852280617
func-hard-gn,coherent,baseline,5006,0,1,0,0,0,0,0,8.258935928344727
func-hard-gn,coherent,baseline,5006,0,1,1,1,0,0,0,7.889967918395996
func-hard-gn,coherent,baseline,5006,0,1,2,2,0,0,0,7.473737716674805
func-hard-gn,coherent,baseline,5006,0,1,4,4,0,0,0,6.164431095123291
func-hard-gn,coherent,baseline,5006,0,1,8,8,0,0,2,0.8437978625297546
func-hard-gn,coherent,baseline,5006,0,1,16,16,1,0,6,0.013980230316519737
func-hard-gn,coherent,baseline,5006,0,1,32,32,1,0,4,0.009267442859709263
func-hard-gn,coherent,baseline,5006,0,1,64,64,1,0,3,0.003035819623619318
func-hard-gn,coherent,baseline,5006,0,1,128,128,1,0,1,0.001569409854710102
func-hard-gn,coherent,baseline,5006,0,1,256,256,1,1,0,0.0015285842819139361
func-hard-gn,coherent,baseline,5006,0,1,512,512,1,1,0,0.0015237636398524046
func-hard-gn,coherent,baseline,5006,0,1,1024,1024,1,1,0,0.0015195382293313742
func-hard-gn,independent,baseline,5006,0,1,0,0,0,0,0,8.3624267578125
func-hard-gn,independent,baseline,5006,0,1,1,1,0,0,0,7.948598861694336
func-hard-gn,independent,baseline,5006,0,1,2,2,0,0,0,7.3207902908325195
func-hard-gn,independent,baseline,5006,0,1,4,4,0,0,1,5.206435680389404
func-hard-gn,independent,baseline,5006,0,1,8,8,0,0,1,2.340801954269409
func-hard-gn,independent,baseline,5006,0,1,16,16,0,0,1,0.7307378053665161
func-hard-gn,independent,baseline,5006,0,1,32,32,1,0,2,0.2741104066371918
func-hard-gn,independent,baseline,5006,0,1,64,64,1,0,3,0.06447266042232513
func-hard-gn,independent,baseline,5006,0,1,128,128,1,0,3,0.03568200767040253
func-hard-gn,independent,baseline,5006,0,1,256,256,1,0,2,0.015740294009447098
func-hard-gn,independent,baseline,5006,0,1,512,512,1,1,0,0.0015308457659557462
func-hard-gn,independent,baseline,5006,0,1,1024,1024,1,1,0,0.0015204903902485967
func-hard-gn,coherent,baseline,5006,0,2,0,0,0,0,0,8.900568008422852
func-hard-gn,coherent,baseline,5006,0,2,1,1,0,0,0,8.302862167358398
func-hard-gn,coherent,baseline,5006,0,2,2,2,0,0,0,7.387044906616211
func-hard-gn,coherent,baseline,5006,0,2,4,4,0,0,0,3.5487136840820312
func-hard-gn,coherent,baseline,5006,0,2,8,8,0,0,2,1.6138601303100586
func-hard-gn,coherent,baseline,5006,0,2,16,16,0,0,2,1.4070215225219727
func-hard-gn,coherent,baseline,5006,0,2,32,32,0,0,2,0.9560303688049316
func-hard-gn,coherent,baseline,5006,0,2,64,64,0,0,2,0.5581589937210083
func-hard-gn,coherent,baseline,5006,0,2,128,128,1,0,2,0.02341453731060028
func-hard-gn,coherent,baseline,5006,0,2,256,256,1,0,2,0.009210610762238503
func-hard-gn,coherent,baseline,5006,0,2,512,512,1,0,2,0.002482602372765541
func-hard-gn,coherent,baseline,5006,0,2,1024,1024,1,0,2,0.0015484021278098226
func-hard-gn,independent,baseline,5006,0,2,0,0,0,0,0,8.597064971923828
func-hard-gn,independent,baseline,5006,0,2,1,1,0,0,0,8.249380111694336
func-hard-gn,independent,baseline,5006,0,2,2,2,0,0,0,7.67136287689209
func-hard-gn,independent,baseline,5006,0,2,4,4,0,0,0,4.864810943603516
func-hard-gn,independent,baseline,5006,0,2,8,8,0,0,4,3.655989170074463
func-hard-gn,independent,baseline,5006,0,2,16,16,0,0,5,2.40852427482605
func-hard-gn,independent,baseline,5006,0,2,32,32,0,0,0,1.3188366889953613
func-hard-gn,independent,baseline,5006,0,2,64,64,1,0,2,0.5855453610420227
func-hard-gn,independent,baseline,5006,0,2,128,128,1,0,3,0.27558714151382446
func-hard-gn,independent,baseline,5006,0,2,256,256,1,0,4,0.14133018255233765
func-hard-gn,independent,baseline,5006,0,2,512,512,1,0,4,0.04344597086310387
func-hard-gn,independent,baseline,5006,0,2,1024,1024,1,0,2,0.0016791409580036998
func-soft-gn,coherent,baseline,5006,0,0,0,0,0,0,0,8.388313293457031
func-soft-gn,coherent,baseline,5006,0,0,1,1,0,0,0,7.734923362731934
func-soft-gn,coherent,baseline,5006,0,0,2,2,0,0,0,6.818153381347656
func-soft-gn,coherent,baseline,5006,0,0,4,4,0,0,0,3.585049867630005
func-soft-gn,coherent,baseline,5006,0,0,8,8,1,0,2,0.13006721436977386
func-soft-gn,coherent,baseline,5006,0,0,16,16,1,0,2,0.11709245294332504
func-soft-gn,coherent,baseline,5006,0,0,32,32,1,0,1,0.11348924040794373
func-soft-gn,coherent,baseline,5006,0,0,64,64,1,0,3,0.03266652673482895
func-soft-gn,coherent,baseline,5006,0,0,128,128,1,0,3,0.001848291140049696
func-soft-gn,coherent,baseline,5006,0,0,256,256,1,0,1,0.0015198357868939638
func-soft-gn,coherent,baseline,5006,0,0,512,512,1,0,2,0.001510551548562944
func-soft-gn,coherent,baseline,5006,0,0,1024,1024,1,0,2,0.0015068616485223174
func-soft-gn,independent,baseline,5006,0,0,0,0,0,0,0,8.258206367492676
func-soft-gn,independent,baseline,5006,0,0,1,1,0,0,0,7.999556541442871
func-soft-gn,independent,baseline,5006,0,0,2,2,0,0,0,7.692541599273682
func-soft-gn,independent,baseline,5006,0,0,4,4,0,0,0,6.840371608734131
func-soft-gn,independent,baseline,5006,0,0,8,8,0,0,2,2.840155601501465
func-soft-gn,independent,baseline,5006,0,0,16,16,0,0,2,0.8303197026252747
func-soft-gn,independent,baseline,5006,0,0,32,32,1,0,1,0.17214897274971008
func-soft-gn,independent,baseline,5006,0,0,64,64,1,0,1,0.06294146925210953
func-soft-gn,independent,baseline,5006,0,0,128,128,1,0,1,0.012877696193754673
func-soft-gn,independent,baseline,5006,0,0,256,256,1,0,2,0.001971079735085368
func-soft-gn,independent,baseline,5006,0,0,512,512,1,0,2,0.0015573286218568683
func-soft-gn,independent,baseline,5006,0,0,1024,1024,1,0,3,0.0015385227743536234
func-soft-gn,coherent,baseline,5006,0,1,0,0,0,0,0,8.258935928344727
func-soft-gn,coherent,baseline,5006,0,1,1,1,0,0,0,7.8992414474487305
func-soft-gn,coherent,baseline,5006,0,1,2,2,0,0,0,7.4948930740356445
func-soft-gn,coherent,baseline,5006,0,1,4,4,0,0,0,6.254354476928711
func-soft-gn,coherent,baseline,5006,0,1,8,8,1,0,7,0.06787924468517303
func-soft-gn,coherent,baseline,5006,0,1,16,16,1,0,6,0.011152923107147217
func-soft-gn,coherent,baseline,5006,0,1,32,32,1,0,4,0.014551045373082161
func-soft-gn,coherent,baseline,5006,0,1,64,64,1,0,3,0.003087026532739401
func-soft-gn,coherent,baseline,5006,0,1,128,128,1,0,1,0.0015686957631260157
func-soft-gn,coherent,baseline,5006,0,1,256,256,1,0,2,0.0015190024860203266
func-soft-gn,coherent,baseline,5006,0,1,512,512,1,0,2,0.0015147770754992962
func-soft-gn,coherent,baseline,5006,0,1,1024,1024,1,0,2,0.001511920359916985
func-soft-gn,independent,baseline,5006,0,1,0,0,0,0,0,8.3624267578125
func-soft-gn,independent,baseline,5006,0,1,1,1,0,0,0,7.974717617034912
func-soft-gn,independent,baseline,5006,0,1,2,2,0,0,0,7.400754928588867
func-soft-gn,independent,baseline,5006,0,1,4,4,0,0,2,4.254607200622559
func-soft-gn,independent,baseline,5006,0,1,8,8,0,0,2,1.8106155395507812
func-soft-gn,independent,baseline,5006,0,1,16,16,0,0,0,0.5898868441581726
func-soft-gn,independent,baseline,5006,0,1,32,32,1,1,0,0.2266896516084671
func-soft-gn,independent,baseline,5006,0,1,64,64,1,0,1,0.06368008255958557
func-soft-gn,independent,baseline,5006,0,1,128,128,1,0,1,0.001556317089125514
func-soft-gn,independent,baseline,5006,0,1,256,256,1,0,1,0.0015311433235183358
func-soft-gn,independent,baseline,5006,0,1,512,512,1,0,1,0.0015231685247272253
func-soft-gn,independent,baseline,5006,0,1,1024,1024,1,1,0,0.0015178717439994216
func-soft-gn,coherent,baseline,5006,0,2,0,0,0,0,0,8.900568008422852
func-soft-gn,coherent,baseline,5006,0,2,1,1,0,0,0,8.323102951049805
func-soft-gn,coherent,baseline,5006,0,2,2,2,0,0,0,7.460685729980469
func-soft-gn,coherent,baseline,5006,0,2,4,4,0,0,0,3.9911625385284424
func-soft-gn,coherent,baseline,5006,0,2,8,8,1,0,8,0.325384259223938
func-soft-gn,coherent,baseline,5006,0,2,16,16,1,0,8,0.29387006163597107
func-soft-gn,coherent,baseline,5006,0,2,32,32,1,0,9,0.28797638416290283
func-soft-gn,coherent,baseline,5006,0,2,64,64,1,0,3,0.10564655065536499
func-soft-gn,coherent,baseline,5006,0,2,128,128,1,0,4,0.05665275827050209
func-soft-gn,coherent,baseline,5006,0,2,256,256,1,0,3,0.017200425267219543
func-soft-gn,coherent,baseline,5006,0,2,512,512,1,0,4,0.0027125682681798935
func-soft-gn,coherent,baseline,5006,0,2,1024,1024,1,0,5,0.0015466167824342847
func-soft-gn,independent,baseline,5006,0,2,0,0,0,0,0,8.597064971923828
func-soft-gn,independent,baseline,5006,0,2,1,1,0,0,0,8.269157409667969
func-soft-gn,independent,baseline,5006,0,2,2,2,0,0,0,7.745001792907715
func-soft-gn,independent,baseline,5006,0,2,4,4,0,0,0,5.2681779861450195
func-soft-gn,independent,baseline,5006,0,2,8,8,0,0,7,3.436246395111084
func-soft-gn,independent,baseline,5006,0,2,16,16,0,0,8,1.706857681274414
func-soft-gn,independent,baseline,5006,0,2,32,32,0,0,7,0.8980281352996826
func-soft-gn,independent,baseline,5006,0,2,64,64,1,0,2,0.32255491614341736
func-soft-gn,independent,baseline,5006,0,2,128,128,1,0,3,0.20273128151893616
func-soft-gn,independent,baseline,5006,0,2,256,256,1,0,3,0.08145872503519058
func-soft-gn,independent,baseline,5006,0,2,512,512,1,0,4,0.008423319086432457
func-soft-gn,independent,baseline,5006,0,2,1024,1024,1,0,3,0.0015559601597487926
func-hard-gn,coherent,up-0.25,5006,0,0,0,0,0,0,0,8.47115421295166
func-hard-gn,coherent,up-0.25,5006,0,0,1,1,0,0,0,8.035799026489258
func-hard-gn,coherent,up-0.25,5006,0,0,2,2,0,0,0,7.135246753692627
func-hard-gn,coherent,up-0.25,5006,0,0,4,4,0,0,1,3.0646321773529053
func-hard-gn,coherent,up-0.25,5006,0,0,8,8,1,0,2,0.2677381932735443
func-hard-gn,coherent,up-0.25,5006,0,0,16,16,1,1,0,0.01378561183810234
func-hard-gn,coherent,up-0.25,5006,0,0,32,32,1,1,0,0.004403781611472368
func-hard-gn,coherent,up-0.25,5006,0,0,64,64,1,1,0,0.0016506966203451157
func-hard-gn,coherent,up-0.25,5006,0,0,128,128,1,1,0,0.0015627446118742228
func-hard-gn,coherent,up-0.25,5006,0,0,256,256,1,1,0,0.001555662602186203
func-hard-gn,coherent,up-0.25,5006,0,0,512,512,1,1,0,0.0015520919114351273
func-hard-gn,coherent,up-0.25,5006,0,0,1024,1024,1,1,0,0.0015501875896006823
func-hard-gn,coherent,up-0.25,5006,0,0,1069,1024,1,1,0,0.0015501875896006823
func-hard-gn,independent,up-0.25,5006,0,0,0,0,0,0,0,8.42898941040039
func-hard-gn,independent,up-0.25,5006,0,0,1,1,0,0,0,7.7906494140625
func-hard-gn,independent,up-0.25,5006,0,0,2,2,0,0,0,7.206791400909424
func-hard-gn,independent,up-0.25,5006,0,0,4,4,0,0,0,4.540859222412109
func-hard-gn,independent,up-0.25,5006,0,0,8,8,0,0,1,0.8542155027389526
func-hard-gn,independent,up-0.25,5006,0,0,16,16,1,1,0,0.05546729266643524
func-hard-gn,independent,up-0.25,5006,0,0,32,32,1,1,0,0.009895267896354198
func-hard-gn,independent,up-0.25,5006,0,0,64,64,1,0,1,0.0017220345325767994
func-hard-gn,independent,up-0.25,5006,0,0,128,128,1,0,1,0.0015861319843679667
func-hard-gn,independent,up-0.25,5006,0,0,256,256,1,1,0,0.0015796453226357698
func-hard-gn,independent,up-0.25,5006,0,0,512,512,1,1,0,0.001577978953719139
func-hard-gn,independent,up-0.25,5006,0,0,1024,1024,1,1,0,0.0015776813961565495
func-hard-gn,independent,up-0.25,5006,0,0,1069,1024,1,1,0,0.0015776813961565495
func-hard-gn,coherent,up-0.25,5006,0,1,0,0,0,0,0,8.215676307678223
func-hard-gn,coherent,up-0.25,5006,0,1,1,1,0,0,0,7.846320152282715
func-hard-gn,coherent,up-0.25,5006,0,1,2,2,0,0,1,7.61793327331543
func-hard-gn,coherent,up-0.25,5006,0,1,4,4,0,0,1,6.48124885559082
func-hard-gn,coherent,up-0.25,5006,0,1,8,8,0,0,2,1.5235501527786255
func-hard-gn,coherent,up-0.25,5006,0,1,16,16,1,0,2,0.026294052600860596
func-hard-gn,coherent,up-0.25,5006,0,1,32,32,1,0,2,0.002013887045904994
func-hard-gn,coherent,up-0.25,5006,0,1,64,64,1,0,1,0.0016221352852880955
func-hard-gn,coherent,up-0.25,5006,0,1,128,128,1,0,1,0.0016123163513839245
func-hard-gn,coherent,up-0.25,5006,0,1,256,256,1,0,3,0.0016095195896923542
func-hard-gn,coherent,up-0.25,5006,0,1,512,512,1,0,3,0.0016076152678579092
func-hard-gn,coherent,up-0.25,5006,0,1,1024,1024,1,0,3,0.0016063656657934189
func-hard-gn,coherent,up-0.25,5006,0,1,1069,1024,1,0,3,0.0016063656657934189
func-hard-gn,independent,up-0.25,5006,0,1,0,0,0,0,0,8.331137657165527
func-hard-gn,independent,up-0.25,5006,0,1,1,1,0,0,0,8.042597770690918
func-hard-gn,independent,up-0.25,5006,0,1,2,2,0,0,0,7.6474504470825195
func-hard-gn,independent,up-0.25,5006,0,1,4,4,0,0,1,6.155174255371094
func-hard-gn,independent,up-0.25,5006,0,1,8,8,0,0,1,4.126059532165527
func-hard-gn,independent,up-0.25,5006,0,1,16,16,0,0,0,2.181291103363037
func-hard-gn,independent,up-0.25,5006,0,1,32,32,1,0,4,0.02745545655488968
func-hard-gn,independent,up-0.25,5006,0,1,64,64,1,0,3,0.0016265982994809747
func-hard-gn,independent,up-0.25,5006,0,1,128,128,1,0,2,0.0015966056380420923
func-hard-gn,independent,up-0.25,5006,0,1,256,256,1,0,3,0.0015902380691841245
func-hard-gn,independent,up-0.25,5006,0,1,512,512,1,0,3,0.0015869054477661848
func-hard-gn,independent,up-0.25,5006,0,1,1024,1024,1,0,2,0.0015847631730139256
func-hard-gn,independent,up-0.25,5006,0,1,1069,1024,1,0,2,0.0015847631730139256
func-hard-gn,coherent,up-0.25,5006,0,2,0,0,0,0,0,8.659071922302246
func-hard-gn,coherent,up-0.25,5006,0,2,1,1,0,0,0,7.643080711364746
func-hard-gn,coherent,up-0.25,5006,0,2,2,2,0,0,0,5.999203681945801
func-hard-gn,coherent,up-0.25,5006,0,2,4,4,1,0,7,0.11249519884586334
func-hard-gn,coherent,up-0.25,5006,0,2,8,8,1,0,6,0.015008214861154556
func-hard-gn,coherent,up-0.25,5006,0,2,16,16,1,0,5,0.01116613857448101
func-hard-gn,coherent,up-0.25,5006,0,2,32,32,1,0,3,0.002438549418002367
func-hard-gn,coherent,up-0.25,5006,0,2,64,64,1,0,2,0.0016367146745324135
func-hard-gn,coherent,up-0.25,5006,0,2,128,128,1,0,2,0.0015631611458957195
func-hard-gn,coherent,up-0.25,5006,0,2,256,256,1,0,2,0.0015594118740409613
func-hard-gn,coherent,up-0.25,5006,0,2,512,512,1,0,2,0.0015584002248942852
func-hard-gn,coherent,up-0.25,5006,0,2,1024,1024,1,0,2,0.0015572099946439266
func-hard-gn,coherent,up-0.25,5006,0,2,1069,1024,1,0,2,0.0015572099946439266
func-hard-gn,independent,up-0.25,5006,0,2,0,0,0,0,0,8.324542999267578
func-hard-gn,independent,up-0.25,5006,0,2,1,1,0,0,0,7.780489921569824
func-hard-gn,independent,up-0.25,5006,0,2,2,2,0,0,0,6.597862243652344
func-hard-gn,independent,up-0.25,5006,0,2,4,4,0,0,6,3.444073438644409
func-hard-gn,independent,up-0.25,5006,0,2,8,8,0,0,6,3.403188705444336
func-hard-gn,independent,up-0.25,5006,0,2,16,16,0,0,6,3.273416042327881
func-hard-gn,independent,up-0.25,5006,0,2,32,32,0,0,7,2.3029611110687256
func-hard-gn,independent,up-0.25,5006,0,2,64,64,1,0,5,0.042764268815517426
func-hard-gn,independent,up-0.25,5006,0,2,128,120,1,0,5,0.038550540804862976
func-hard-gn,independent,up-0.25,5006,0,2,256,234,1,0,6,0.03399520739912987
func-hard-gn,independent,up-0.25,5006,0,2,512,469,1,0,6,0.0249469131231308
func-hard-gn,independent,up-0.25,5006,0,2,1024,979,1,0,4,0.0016409989912062883
func-hard-gn,independent,up-0.25,5006,0,2,1069,1024,1,0,3,0.0016326679615303874
func-soft-gn,coherent,up-0.25,5006,0,0,0,0,0,0,0,8.47115421295166
func-soft-gn,coherent,up-0.25,5006,0,0,1,1,0,0,0,8.045859336853027
func-soft-gn,coherent,up-0.25,5006,0,0,2,2,0,0,0,7.197657585144043
func-soft-gn,coherent,up-0.25,5006,0,0,4,4,0,0,2,1.7504568099975586
func-soft-gn,coherent,up-0.25,5006,0,0,8,8,1,0,2,0.34202295541763306
func-soft-gn,coherent,up-0.25,5006,0,0,16,16,1,1,0,0.21351952850818634
func-soft-gn,coherent,up-0.25,5006,0,0,32,32,1,1,0,0.017294548451900482
func-soft-gn,coherent,up-0.25,5006,0,0,64,64,1,0,1,0.004358043894171715
func-soft-gn,coherent,up-0.25,5006,0,0,128,128,1,1,0,0.0015611972194164991
func-soft-gn,coherent,up-0.25,5006,0,0,256,256,1,1,0,0.0015539368614554405
func-soft-gn,coherent,up-0.25,5006,0,0,512,512,1,1,0,0.001551496796309948
func-soft-gn,coherent,up-0.25,5006,0,0,1024,1024,1,1,0,0.0015499495202675462
func-soft-gn,coherent,up-0.25,5006,0,0,1030,1024,1,1,0,0.0015499495202675462
func-soft-gn,independent,up-0.25,5006,0,0,0,0,0,0,0,8.42898941040039
func-soft-gn,independent,up-0.25,5006,0,0,1,1,0,0,0,7.789222717285156
func-soft-gn,independent,up-0.25,5006,0,0,2,2,0,0,0,6.311484336853027
func-soft-gn,independent,up-0.25,5006,0,0,4,4,0,0,1,4.175007343292236
func-soft-gn,independent,up-0.25,5006,0,0,8,8,1,0,1,0.13465231657028198
func-soft-gn,independent,up-0.25,5006,0,0,16,16,1,0,1,0.04692893475294113
func-soft-gn,independent,up-0.25,5006,0,0,32,32,1,0,1,0.0053736018016934395
func-soft-gn,independent,up-0.25,5006,0,0,64,64,1,1,0,0.0016189211746677756
func-soft-gn,independent,up-0.25,5006,0,0,128,128,1,1,0,0.001589404884725809
func-soft-gn,independent,up-0.25,5006,0,0,256,256,1,1,0,0.0015846441965550184
func-soft-gn,independent,up-0.25,5006,0,0,512,512,1,1,0,0.001580895041115582
func-soft-gn,independent,up-0.25,5006,0,0,1024,1024,1,1,0,0.001578871626406908
func-soft-gn,independent,up-0.25,5006,0,0,1030,1024,1,1,0,0.001578871626406908
func-soft-gn,coherent,up-0.25,5006,0,1,0,0,0,0,0,8.215676307678223
func-soft-gn,coherent,up-0.25,5006,0,1,1,1,0,0,0,7.8683881759643555
func-soft-gn,coherent,up-0.25,5006,0,1,2,2,0,0,1,7.3761677742004395
func-soft-gn,coherent,up-0.25,5006,0,1,4,4,0,0,1,5.868946075439453
func-soft-gn,coherent,up-0.25,5006,0,1,8,8,1,0,5,0.008990997448563576
func-soft-gn,coherent,up-0.25,5006,0,1,16,16,1,0,1,0.022975150495767593
func-soft-gn,coherent,up-0.25,5006,0,1,32,32,1,0,3,0.0072151836939156055
func-soft-gn,coherent,up-0.25,5006,0,1,64,64,1,0,1,0.001678546890616417
func-soft-gn,coherent,up-0.25,5006,0,1,128,128,1,0,2,0.001613506581634283
func-soft-gn,coherent,up-0.25,5006,0,1,256,256,1,0,2,0.001610174193046987
func-soft-gn,coherent,up-0.25,5006,0,1,512,512,1,0,2,0.0016082103829830885
func-soft-gn,coherent,up-0.25,5006,0,1,1024,1024,1,0,1,0.0016066631069406867
func-soft-gn,coherent,up-0.25,5006,0,1,1030,1024,1,0,1,0.0016066631069406867
func-soft-gn,independent,up-0.25,5006,0,1,0,0,0,0,0,8.331137657165527
func-soft-gn,independent,up-0.25,5006,0,1,1,1,0,0,0,8.059282302856445
func-soft-gn,independent,up-0.25,5006,0,1,2,2,0,0,0,7.707385063171387
func-soft-gn,independent,up-0.25,5006,0,1,4,4,0,0,1,5.67738151550293
func-soft-gn,independent,up-0.25,5006,0,1,8,8,0,0,1,4.01371431350708
func-soft-gn,independent,up-0.25,5006,0,1,16,16,0,0,0,0.5953858494758606
func-soft-gn,independent,up-0.25,5006,0,1,32,32,1,0,2,0.013082712888717651
func-soft-gn,independent,up-0.25,5006,0,1,64,64,1,0,3,0.002187672071158886
func-soft-gn,independent,up-0.25,5006,0,1,128,128,1,0,2,0.0015981527976691723
func-soft-gn,independent,up-0.25,5006,0,1,256,256,1,0,2,0.001588274259120226
func-soft-gn,independent,up-0.25,5006,0,1,512,512,1,0,2,0.0015858937986195087
func-soft-gn,independent,up-0.25,5006,0,1,1024,1024,1,0,2,0.0015841680578887463
func-soft-gn,independent,up-0.25,5006,0,1,1030,1024,1,0,2,0.0015841680578887463
func-soft-gn,coherent,up-0.25,5006,0,2,0,0,0,0,0,8.659071922302246
func-soft-gn,coherent,up-0.25,5006,0,2,1,1,0,0,0,7.6649603843688965
func-soft-gn,coherent,up-0.25,5006,0,2,2,2,0,0,0,6.076799392700195
func-soft-gn,coherent,up-0.25,5006,0,2,4,4,1,0,7,0.0034093325957655907
func-soft-gn,coherent,up-0.25,5006,0,2,8,8,1,0,6,0.04498200863599777
func-soft-gn,coherent,up-0.25,5006,0,2,16,16,1,0,6,0.03562561422586441
func-soft-gn,coherent,up-0.25,5006,0,2,32,32,1,0,8,0.0440254807472229
func-soft-gn,coherent,up-0.25,5006,0,2,64,63,1,0,8,0.01961449906229973
func-soft-gn,coherent,up-0.25,5006,0,2,128,126,1,0,6,0.006541885435581207
func-soft-gn,coherent,up-0.25,5006,0,2,256,254,1,0,4,0.0015683386009186506
func-soft-gn,coherent,up-0.25,5006,0,2,512,510,1,0,1,0.0015572694828733802
func-soft-gn,coherent,up-0.25,5006,0,2,1024,1022,1,1,0,0.0015558411832898855
func-soft-gn,coherent,up-0.25,5006,0,2,1030,1024,1,1,0,0.0015558411832898855
func-soft-gn,independent,up-0.25,5006,0,2,0,0,0,0,0,8.324542999267578
func-soft-gn,independent,up-0.25,5006,0,2,1,1,0,0,0,7.783860206604004
func-soft-gn,independent,up-0.25,5006,0,2,2,2,0,0,0,6.606204986572266
func-soft-gn,independent,up-0.25,5006,0,2,4,4,0,0,6,3.4419102668762207
func-soft-gn,independent,up-0.25,5006,0,2,8,8,0,0,6,3.419672727584839
func-soft-gn,independent,up-0.25,5006,0,2,16,16,0,0,6,3.3855931758880615
func-soft-gn,independent,up-0.25,5006,0,2,32,32,0,0,6,2.645087957382202
func-soft-gn,independent,up-0.25,5006,0,2,64,62,0,0,7,1.1194881200790405
func-soft-gn,independent,up-0.25,5006,0,2,128,126,1,0,6,0.23609435558319092
func-soft-gn,independent,up-0.25,5006,0,2,256,253,1,0,7,0.09402106702327728
func-soft-gn,independent,up-0.25,5006,0,2,512,506,1,0,5,0.0026549184694886208
func-soft-gn,independent,up-0.25,5006,0,2,1024,1018,1,0,5,0.0015761344693601131
func-soft-gn,independent,up-0.25,5006,0,2,1030,1024,1,0,5,0.0015758965164422989
func-hard-gn,coherent,baseline,5006,1,0,0,0,0,0,0,8.935163497924805
func-hard-gn,coherent,baseline,5006,1,0,1,1,0,0,0,7.64402961730957
func-hard-gn,coherent,baseline,5006,1,0,2,2,0,0,0,4.863553047180176
func-hard-gn,coherent,baseline,5006,1,0,4,4,0,0,1,1.951928973197937
func-hard-gn,coherent,baseline,5006,1,0,8,8,0,0,2,1.674131989479065
func-hard-gn,coherent,baseline,5006,1,0,16,16,0,0,2,1.3487845659255981
func-hard-gn,coherent,baseline,5006,1,0,32,32,0,0,2,1.2373621463775635
func-hard-gn,coherent,baseline,5006,1,0,64,64,0,0,3,0.7316775321960449
func-hard-gn,coherent,baseline,5006,1,0,128,128,0,0,3,0.6452190279960632
func-hard-gn,coherent,baseline,5006,1,0,256,256,1,0,3,0.5295807123184204
func-hard-gn,coherent,baseline,5006,1,0,512,512,1,0,3,0.3987594544887543
func-hard-gn,coherent,baseline,5006,1,0,1024,1024,1,0,2,0.23077392578125
func-hard-gn,coherent,baseline,5006,1,0,1140,1024,1,0,2,0.23077392578125
func-hard-gn,independent,baseline,5006,1,0,0,0,0,0,0,8.528606414794922
func-hard-gn,independent,baseline,5006,1,0,1,1,0,0,0,7.846607208251953
func-hard-gn,independent,baseline,5006,1,0,2,2,0,0,0,6.427811622619629
func-hard-gn,independent,baseline,5006,1,0,4,4,0,0,0,4.39623498916626
func-hard-gn,independent,baseline,5006,1,0,8,8,0,0,1,3.8127517700195312
func-hard-gn,independent,baseline,5006,1,0,16,16,0,0,1,3.150326728820801
func-hard-gn,independent,baseline,5006,1,0,32,32,0,0,0,2.058915615081787
func-hard-gn,independent,baseline,5006,1,0,64,64,0,0,2,1.6046197414398193
func-hard-gn,independent,baseline,5006,1,0,128,128,0,0,3,1.468643307685852
func-hard-gn,independent,baseline,5006,1,0,256,256,0,0,3,1.1867440938949585
func-hard-gn,independent,baseline,5006,1,0,512,512,0,0,4,0.9046850204467773
func-hard-gn,independent,baseline,5006,1,0,1024,1017,1,0,4,0.6345192193984985
func-hard-gn,independent,baseline,5006,1,0,1140,1024,1,0,4,0.6334967613220215
func-hard-gn,coherent,baseline,5006,1,1,0,0,0,0,0,8.592241287231445
func-hard-gn,coherent,baseline,5006,1,1,1,1,0,0,0,8.135499954223633
func-hard-gn,coherent,baseline,5006,1,1,2,2,0,0,0,7.553591728210449
func-hard-gn,coherent,baseline,5006,1,1,4,4,0,0,0,5.476828575134277
func-hard-gn,coherent,baseline,5006,1,1,8,8,0,0,2,1.1075235605239868
func-hard-gn,coherent,baseline,5006,1,1,16,16,0,0,3,0.5938751697540283
func-hard-gn,coherent,baseline,5006,1,1,32,32,1,0,7,0.0696697011590004
func-hard-gn,coherent,baseline,5006,1,1,64,64,1,0,7,0.06185416504740715
func-hard-gn,coherent,baseline,5006,1,1,128,128,1,0,6,0.05285166576504707
func-hard-gn,coherent,baseline,5006,1,1,256,256,1,0,6,0.04818185046315193
func-hard-gn,coherent,baseline,5006,1,1,512,509,1,0,7,0.036974817514419556
func-hard-gn,coherent,baseline,5006,1,1,1024,980,1,0,5,0.03123641014099121
func-hard-gn,coherent,baseline,5006,1,1,1140,1024,1,0,5,0.03129062429070473
func-hard-gn,independent,baseline,5006,1,1,0,0,0,0,0,8.7813720703125
func-hard-gn,independent,baseline,5006,1,1,1,1,0,0,0,8.449234008789062
func-hard-gn,independent,baseline,5006,1,1,2,2,0,0,0,8.036486625671387
func-hard-gn,independent,baseline,5006,1,1,4,4,0,0,0,6.488361835479736
func-hard-gn,independent,baseline,5006,1,1,8,8,0,0,3,2.0473618507385254
func-hard-gn,independent,baseline,5006,1,1,16,16,0,0,3,1.3646283149719238
func-hard-gn,independent,baseline,5006,1,1,32,32,1,0,6,0.5834050178527832
func-hard-gn,independent,baseline,5006,1,1,64,64,1,0,6,0.31604331731796265
func-hard-gn,independent,baseline,5006,1,1,128,128,1,0,6,0.23997704684734344
func-hard-gn,independent,baseline,5006,1,1,256,256,1,0,6,0.19002579152584076
func-hard-gn,independent,baseline,5006,1,1,512,512,1,0,5,0.12699784338474274
func-hard-gn,independent,baseline,5006,1,1,1024,1024,1,0,5,0.05382951349020004
func-hard-gn,independent,baseline,5006,1,1,1140,1024,1,0,5,0.05382951349020004
func-hard-gn,coherent,baseline,5006,1,2,0,0,0,0,0,7.924509525299072
func-hard-gn,coherent,baseline,5006,1,2,1,1,0,0,0,7.194557189941406
func-hard-gn,coherent,baseline,5006,1,2,2,2,0,0,0,6.346207618713379
func-hard-gn,coherent,baseline,5006,1,2,4,4,0,0,1,3.620573043823242
func-hard-gn,coherent,baseline,5006,1,2,8,8,0,0,2,1.5005649328231812
func-hard-gn,coherent,baseline,5006,1,2,16,16,1,0,4,0.23507727682590485
func-hard-gn,coherent,baseline,5006,1,2,32,32,1,0,4,0.1642349362373352
func-hard-gn,coherent,baseline,5006,1,2,64,64,1,0,4,0.10613729059696198
func-hard-gn,coherent,baseline,5006,1,2,128,128,1,0,4,0.05387122929096222
func-hard-gn,coherent,baseline,5006,1,2,256,256,1,0,4,0.02267506718635559
func-hard-gn,coherent,baseline,5006,1,2,512,512,1,0,3,0.002769742626696825
func-hard-gn,coherent,baseline,5006,1,2,1024,1024,1,0,3,0.001446987735107541
func-hard-gn,coherent,baseline,5006,1,2,1140,1024,1,0,3,0.001446987735107541
func-hard-gn,independent,baseline,5006,1,2,0,0,0,0,0,8.410558700561523
func-hard-gn,independent,baseline,5006,1,2,1,1,0,0,0,8.012086868286133
func-hard-gn,independent,baseline,5006,1,2,2,2,0,0,1,7.479964256286621
func-hard-gn,independent,baseline,5006,1,2,4,4,0,0,1,6.046140193939209
func-hard-gn,independent,baseline,5006,1,2,8,8,0,0,1,3.0307326316833496
func-hard-gn,independent,baseline,5006,1,2,16,16,0,0,2,1.6789073944091797
func-hard-gn,independent,baseline,5006,1,2,32,32,1,0,5,0.47407445311546326
func-hard-gn,independent,baseline,5006,1,2,64,64,1,0,5,0.22019062936306
func-hard-gn,independent,baseline,5006,1,2,128,128,1,0,5,0.20317822694778442
func-hard-gn,independent,baseline,5006,1,2,256,256,1,0,2,0.14586710929870605
func-hard-gn,independent,baseline,5006,1,2,512,512,1,0,3,0.09464952349662781
func-hard-gn,independent,baseline,5006,1,2,1024,1024,1,0,3,0.03775553032755852
func-hard-gn,independent,baseline,5006,1,2,1140,1024,1,0,3,0.03775553032755852
func-soft-gn,coherent,baseline,5006,1,0,0,0,0,0,0,8.935163497924805
func-soft-gn,coherent,baseline,5006,1,0,1,1,0,0,0,7.715210437774658
func-soft-gn,coherent,baseline,5006,1,0,2,2,0,0,0,5.145214080810547
func-soft-gn,coherent,baseline,5006,1,0,4,4,1,0,4,0.09256244450807571
func-soft-gn,coherent,baseline,5006,1,0,8,8,1,0,4,0.24264197051525116
func-soft-gn,coherent,baseline,5006,1,0,16,16,1,0,4,0.29840028285980225
func-soft-gn,coherent,baseline,5006,1,0,32,32,1,0,2,0.3613617718219757
func-soft-gn,coherent,baseline,5006,1,0,64,64,1,0,3,0.35069167613983154
func-soft-gn,coherent,baseline,5006,1,0,128,128,1,0,4,0.2922816276550293
func-soft-gn,coherent,baseline,5006,1,0,256,256,1,0,4,0.21169830858707428
func-soft-gn,coherent,baseline,5006,1,0,512,512,1,0,3,0.1337105929851532
func-soft-gn,coherent,baseline,5006,1,0,1024,1024,1,0,2,0.028664089739322662
func-soft-gn,coherent,baseline,5006,1,0,1026,1024,1,0,2,0.028664089739322662
func-soft-gn,independent,baseline,5006,1,0,0,0,0,0,0,8.528606414794922
func-soft-gn,independent,baseline,5006,1,0,1,1,0,0,0,7.884951591491699
func-soft-gn,independent,baseline,5006,1,0,2,2,0,0,0,6.588651657104492
func-soft-gn,independent,baseline,5006,1,0,4,4,0,0,4,3.0742554664611816
func-soft-gn,independent,baseline,5006,1,0,8,8,0,0,4,2.9108994007110596
func-soft-gn,independent,baseline,5006,1,0,16,16,0,0,4,2.5861082077026367
func-soft-gn,independent,baseline,5006,1,0,32,32,0,0,2,1.8212614059448242
func-soft-gn,independent,baseline,5006,1,0,64,64,0,0,5,1.3516837358474731
func-soft-gn,independent,baseline,5006,1,0,128,128,0,0,5,1.1297825574874878
func-soft-gn,independent,baseline,5006,1,0,256,256,0,0,6,0.8010141849517822
func-soft-gn,independent,baseline,5006,1,0,512,512,1,0,6,0.49562835693359375
func-soft-gn,independent,baseline,5006,1,0,1024,1022,1,0,6,0.23782142996788025
func-soft-gn,independent,baseline,5006,1,0,1026,1024,1,0,6,0.2362615168094635
func-soft-gn,coherent,baseline,5006,1,1,0,0,0,0,0,8.592241287231445
func-soft-gn,coherent,baseline,5006,1,1,1,1,0,0,0,8.140623092651367
func-soft-gn,coherent,baseline,5006,1,1,2,2,0,0,0,7.569336414337158
func-soft-gn,coherent,baseline,5006,1,1,4,4,0,0,0,5.57872200012207
func-soft-gn,coherent,baseline,5006,1,1,8,8,1,0,7,0.1433136910200119
func-soft-gn,coherent,baseline,5006,1,1,16,16,1,0,7,0.15895064175128937
func-soft-gn,coherent,baseline,5006,1,1,32,32,1,0,8,0.029968012124300003
func-soft-gn,coherent,baseline,5006,1,1,64,64,1,0,7,0.047041572630405426
func-soft-gn,coherent,baseline,5006,1,1,128,128,1,0,7,0.03849904239177704
func-soft-gn,coherent,baseline,5006,1,1,256,256,1,0,7,0.026788346469402313
func-soft-gn,coherent,baseline,5006,1,1,512,512,1,0,6,0.010068533010780811
func-soft-gn,coherent,baseline,5006,1,1,1024,1024,1,0,3,0.001564113306812942
func-soft-gn,coherent,baseline,5006,1,1,1026,1024,1,0,3,0.001564113306812942
func-soft-gn,independent,baseline,5006,1,1,0,0,0,0,0,8.7813720703125
func-soft-gn,independent,baseline,5006,1,1,1,1,0,0,0,8.457590103149414
func-soft-gn,independent,baseline,5006,1,1,2,2,0,0,0,8.059971809387207
func-soft-gn,independent,baseline,5006,1,1,4,4,0,0,0,6.612215042114258
func-soft-gn,independent,baseline,5006,1,1,8,8,0,0,3,1.4750125408172607
func-soft-gn,independent,baseline,5006,1,1,16,16,0,0,5,0.8526313304901123
func-soft-gn,independent,baseline,5006,1,1,32,32,1,0,2,0.47840195894241333
func-soft-gn,independent,baseline,5006,1,1,64,64,1,0,2,0.2332969605922699
func-soft-gn,independent,baseline,5006,1,1,128,128,1,0,2,0.17741605639457703
func-soft-gn,independent,baseline,5006,1,1,256,256,1,0,2,0.14320588111877441
func-soft-gn,independent,baseline,5006,1,1,512,512,1,0,2,0.09279009699821472
func-soft-gn,independent,baseline,5006,1,1,1024,1024,1,0,2,0.03542786464095116
func-soft-gn,independent,baseline,5006,1,1,1026,1024,1,0,2,0.03542786464095116
func-soft-gn,coherent,baseline,5006,1,2,0,0,0,0,0,7.924509525299072
func-soft-gn,coherent,baseline,5006,1,2,1,1,0,0,0,7.277351379394531
func-soft-gn,coherent,baseline,5006,1,2,2,2,0,0,0,6.525873184204102
func-soft-gn,coherent,baseline,5006,1,2,4,4,0,0,1,4.084515571594238
func-soft-gn,coherent,baseline,5006,1,2,8,8,1,0,7,0.2392149269580841
func-soft-gn,coherent,baseline,5006,1,2,16,16,1,0,4,0.13300418853759766
func-soft-gn,coherent,baseline,5006,1,2,32,32,1,0,3,0.13002923130989075
func-soft-gn,coherent,baseline,5006,1,2,64,64,1,0,3,0.11870400607585907
func-soft-gn,coherent,baseline,5006,1,2,128,128,1,0,2,0.09495803713798523
func-soft-gn,coherent,baseline,5006,1,2,256,256,1,0,2,0.05770978331565857
func-soft-gn,coherent,baseline,5006,1,2,512,512,1,0,2,0.02544667012989521
func-soft-gn,coherent,baseline,5006,1,2,1024,1024,1,0,3,0.001852820860221982
func-soft-gn,coherent,baseline,5006,1,2,1026,1024,1,0,3,0.001852820860221982
func-soft-gn,independent,baseline,5006,1,2,0,0,0,0,0,8.410558700561523
func-soft-gn,independent,baseline,5006,1,2,1,1,0,0,0,8.052714347839355
func-soft-gn,independent,baseline,5006,1,2,2,2,0,0,1,7.60777473449707
func-soft-gn,independent,baseline,5006,1,2,4,4,0,0,1,6.483977317810059
func-soft-gn,independent,baseline,5006,1,2,8,8,0,0,3,1.7603822946548462
func-soft-gn,independent,baseline,5006,1,2,16,16,0,0,4,0.8757663369178772
func-soft-gn,independent,baseline,5006,1,2,32,32,1,0,5,0.4153125286102295
func-soft-gn,independent,baseline,5006,1,2,64,64,1,0,4,0.15915730595588684
func-soft-gn,independent,baseline,5006,1,2,128,128,1,0,4,0.12583039700984955
func-soft-gn,independent,baseline,5006,1,2,256,256,1,0,3,0.04983922094106674
func-soft-gn,independent,baseline,5006,1,2,512,512,1,0,3,0.009046058170497417
func-soft-gn,independent,baseline,5006,1,2,1024,1024,1,0,3,0.001460617408156395
func-soft-gn,independent,baseline,5006,1,2,1026,1024,1,0,3,0.001460617408156395
func-hard-gn,coherent,up-0.25,5006,1,0,0,0,0,0,0,9.038070678710938
func-hard-gn,coherent,up-0.25,5006,1,0,1,1,0,0,0,8.833122253417969
func-hard-gn,coherent,up-0.25,5006,1,0,2,2,0,0,0,8.582704544067383
func-hard-gn,coherent,up-0.25,5006,1,0,4,4,0,0,0,7.514517784118652
func-hard-gn,coherent,up-0.25,5006,1,0,8,8,0,0,1,3.552412748336792
func-hard-gn,coherent,up-0.25,5006,1,0,16,16,0,0,1,1.6869596242904663
func-hard-gn,coherent,up-0.25,5006,1,0,32,32,1,0,3,0.14714570343494415
func-hard-gn,coherent,up-0.25,5006,1,0,64,64,1,0,3,0.048990219831466675
func-hard-gn,coherent,up-0.25,5006,1,0,128,128,1,0,3,0.0075435577891767025
func-hard-gn,coherent,up-0.25,5006,1,0,256,256,1,1,0,0.0012860370334237814
func-hard-gn,coherent,up-0.25,5006,1,0,512,512,1,1,0,0.0012834176886826754
func-hard-gn,coherent,up-0.25,5006,1,0,1024,1024,1,1,0,0.0012827629689127207
func-hard-gn,coherent,up-0.25,5006,1,0,1027,1024,1,1,0,0.0012827629689127207
func-hard-gn,independent,up-0.25,5006,1,0,0,0,0,0,0,8.534563064575195
func-hard-gn,independent,up-0.25,5006,1,0,1,1,0,0,0,8.416755676269531
func-hard-gn,independent,up-0.25,5006,1,0,2,2,0,0,0,8.277570724487305
func-hard-gn,independent,up-0.25,5006,1,0,4,4,0,0,0,7.914968490600586
func-hard-gn,independent,up-0.25,5006,1,0,8,8,0,0,2,4.275354862213135
func-hard-gn,independent,up-0.25,5006,1,0,16,16,0,0,2,2.516859769821167
func-hard-gn,independent,up-0.25,5006,1,0,32,32,1,0,2,0.12127264589071274
func-hard-gn,independent,up-0.25,5006,1,0,64,64,1,0,1,0.01599043235182762
func-hard-gn,independent,up-0.25,5006,1,0,128,128,1,1,0,0.0015397584065794945
func-hard-gn,independent,up-0.25,5006,1,0,256,256,1,1,0,0.0014636986888945103
func-hard-gn,independent,up-0.25,5006,1,0,512,512,1,1,0,0.0014573303051292896
func-hard-gn,independent,up-0.25,5006,1,0,1024,1024,1,1,0,0.0014542948920279741
func-hard-gn,independent,up-0.25,5006,1,0,1027,1024,1,1,0,0.0014542948920279741
func-hard-gn,coherent,up-0.25,5006,1,1,0,0,0,0,0,8.638317108154297
func-hard-gn,coherent,up-0.25,5006,1,1,1,1,0,0,0,7.152923107147217
func-hard-gn,coherent,up-0.25,5006,1,1,2,2,0,0,0,5.533954620361328
func-hard-gn,coherent,up-0.25,5006,1,1,4,4,0,0,1,2.822321891784668
func-hard-gn,coherent,up-0.25,5006,1,1,8,8,1,0,2,0.2609920799732208
func-hard-gn,coherent,up-0.25,5006,1,1,16,16,1,0,1,0.015312784351408482
func-hard-gn,coherent,up-0.25,5006,1,1,32,32,1,0,1,0.0020115948282182217
func-hard-gn,coherent,up-0.25,5006,1,1,64,64,1,1,0,0.0016242775600403547
func-hard-gn,coherent,up-0.25,5006,1,1,128,128,1,1,0,0.0016185053391382098
func-hard-gn,coherent,up-0.25,5006,1,1,256,256,1,1,0,0.0016148753929883242
func-hard-gn,coherent,up-0.25,5006,1,1,512,512,1,1,0,0.001612852094694972
func-hard-gn,coherent,up-0.25,5006,1,1,1024,1024,1,1,0,0.0016118999337777495
func-hard-gn,coherent,up-0.25,5006,1,1,1027,1024,1,1,0,0.0016118999337777495
func-hard-gn,independent,up-0.25,5006,1,1,0,0,0,0,0,8.862628936767578
func-hard-gn,independent,up-0.25,5006,1,1,1,1,0,0,0,8.421499252319336
func-hard-gn,independent,up-0.25,5006,1,1,2,2,0,0,0,7.622638702392578
func-hard-gn,independent,up-0.25,5006,1,1,4,4,0,0,1,5.887421607971191
func-hard-gn,independent,up-0.25,5006,1,1,8,8,0,0,1,3.6773478984832764
func-hard-gn,independent,up-0.25,5006,1,1,16,16,0,0,2,3.287574291229248
func-hard-gn,independent,up-0.25,5006,1,1,32,32,1,0,1,0.4808172583580017
func-hard-gn,independent,up-0.25,5006,1,1,64,62,1,1,0,0.2261774241924286
func-hard-gn,independent,up-0.25,5006,1,1,128,125,1,1,0,0.11828289926052094
func-hard-gn,independent,up-0.25,5006,1,1,256,253,1,1,0,0.07524563372135162
func-hard-gn,independent,up-0.25,5006,1,1,512,509,1,1,0,0.03704769164323807
func-hard-gn,independent,up-0.25,5006,1,1,1024,1021,1,1,0,0.006470329128205776
func-hard-gn,independent,up-0.25,5006,1,1,1027,1024,1,1,0,0.006337083410471678
func-hard-gn,coherent,up-0.25,5006,1,2,0,0,0,0,0,7.952706813812256
func-hard-gn,coherent,up-0.25,5006,1,2,1,1,0,0,0,7.283185005187988
func-hard-gn,coherent,up-0.25,5006,1,2,2,2,0,0,2,5.819531440734863
func-hard-gn,coherent,up-0.25,5006,1,2,4,4,0,0,2,3.950093984603882
func-hard-gn,coherent,up-0.25,5006,1,2,8,8,0,0,2,2.039210319519043
func-hard-gn,coherent,up-0.25,5006,1,2,16,16,1,0,5,0.12514549493789673
func-hard-gn,coherent,up-0.25,5006,1,2,32,32,1,0,4,0.0360182523727417
func-hard-gn,coherent,up-0.25,5006,1,2,64,64,1,0,4,0.008401701226830482
func-hard-gn,coherent,up-0.25,5006,1,2,128,128,1,0,5,0.0016238563694059849
func-hard-gn,coherent,up-0.25,5006,1,2,256,256,1,0,4,0.0014853766188025475
func-hard-gn,coherent,up-0.25,5006,1,2,512,512,1,0,4,0.0014817460905760527
func-hard-gn,coherent,up-0.25,5006,1,2,1024,1024,1,0,4,0.0014812699519097805
func-hard-gn,coherent,up-0.25,5006,1,2,1027,1024,1,0,4,0.0014812699519097805
func-hard-gn,independent,up-0.25,5006,1,2,0,0,0,0,0,8.204168319702148
func-hard-gn,independent,up-0.25,5006,1,2,1,1,0,0,0,7.791787624359131
func-hard-gn,independent,up-0.25,5006,1,2,2,2,0,0,1,6.893385410308838
func-hard-gn,independent,up-0.25,5006,1,2,4,4,0,0,2,4.529288291931152
func-hard-gn,independent,up-0.25,5006,1,2,8,8,0,0,4,1.9748767614364624
func-hard-gn,independent,up-0.25,5006,1,2,16,16,1,0,6,0.04724244028329849
func-hard-gn,independent,up-0.25,5006,1,2,32,32,1,0,5,0.03441477566957474
func-hard-gn,independent,up-0.25,5006,1,2,64,64,1,0,4,0.006149490363895893
func-hard-gn,independent,up-0.25,5006,1,2,128,128,1,0,4,0.001449779374524951
func-hard-gn,independent,up-0.25,5006,1,2,256,256,1,0,5,0.0014107946772128344
func-hard-gn,independent,up-0.25,5006,1,2,512,512,1,0,5,0.0013987116981297731
func-hard-gn,independent,up-0.25,5006,1,2,1024,1024,1,0,5,0.001392462057992816
func-hard-gn,independent,up-0.25,5006,1,2,1027,1024,1,0,5,0.001392462057992816
func-soft-gn,coherent,up-0.25,5006,1,0,0,0,0,0,0,9.038070678710938
func-soft-gn,coherent,up-0.25,5006,1,0,1,1,0,0,0,8.838333129882812
func-soft-gn,coherent,up-0.25,5006,1,0,2,2,0,0,0,8.597905158996582
func-soft-gn,coherent,up-0.25,5006,1,0,4,4,0,0,0,7.6662397384643555
func-soft-gn,coherent,up-0.25,5006,1,0,8,8,0,0,3,2.0259060859680176
func-soft-gn,coherent,up-0.25,5006,1,0,16,16,1,0,4,0.049169644713401794
func-soft-gn,coherent,up-0.25,5006,1,0,32,32,1,0,3,0.1132926344871521
func-soft-gn,coherent,up-0.25,5006,1,0,64,64,1,0,3,0.020587477833032608
func-soft-gn,coherent,up-0.25,5006,1,0,128,128,1,0,2,0.0012974663404747844
func-soft-gn,coherent,up-0.25,5006,1,0,256,256,1,0,1,0.0012843701988458633
func-soft-gn,coherent,up-0.25,5006,1,0,512,512,1,0,1,0.0012832987122237682
func-soft-gn,coherent,up-0.25,5006,1,0,1024,1024,1,0,1,0.0012828819453716278
func-soft-gn,coherent,up-0.25,5006,1,0,1175,1024,1,0,1,0.0012828819453716278
func-soft-gn,independent,up-0.25,5006,1,0,0,0,0,0,0,8.534563064575195
func-soft-gn,independent,up-0.25,5006,1,0,1,1,0,0,0,8.421353340148926
func-soft-gn,independent,up-0.25,5006,1,0,2,2,0,0,0,8.289783477783203
func-soft-gn,independent,up-0.25,5006,1,0,4,4,0,0,0,7.781036376953125
func-soft-gn,independent,up-0.25,5006,1,0,8,8,0,0,1,4.129265308380127
func-soft-gn,independent,up-0.25,5006,1,0,16,16,0,0,4,0.8398870825767517
func-soft-gn,independent,up-0.25,5006,1,0,32,32,1,0,3,0.46350258588790894
func-soft-gn,independent,up-0.25,5006,1,0,64,64,1,0,2,0.26178303360939026
func-soft-gn,independent,up-0.25,5006,1,0,128,128,1,1,0,0.047382622957229614
func-soft-gn,independent,up-0.25,5006,1,0,256,256,1,1,0,0.0014808985870331526
func-soft-gn,independent,up-0.25,5006,1,0,512,512,1,1,0,0.001458282582461834
func-soft-gn,independent,up-0.25,5006,1,0,1024,1024,1,1,0,0.0014551877975463867
func-soft-gn,independent,up-0.25,5006,1,0,1175,1024,1,1,0,0.0014551877975463867
func-soft-gn,coherent,up-0.25,5006,1,1,0,0,0,0,0,8.638317108154297
func-soft-gn,coherent,up-0.25,5006,1,1,1,1,0,0,0,7.3633527755737305
func-soft-gn,coherent,up-0.25,5006,1,1,2,2,0,0,0,5.816929340362549
func-soft-gn,coherent,up-0.25,5006,1,1,4,4,1,0,3,0.027644213289022446
func-soft-gn,coherent,up-0.25,5006,1,1,8,8,1,0,6,0.00230020796880126
func-soft-gn,coherent,up-0.25,5006,1,1,16,16,1,0,1,0.008151240646839142
func-soft-gn,coherent,up-0.25,5006,1,1,32,32,1,0,1,0.003155356738716364
func-soft-gn,coherent,up-0.25,5006,1,1,64,64,1,0,1,0.0016511748544871807
func-soft-gn,coherent,up-0.25,5006,1,1,128,128,1,1,0,0.001619635964743793
func-soft-gn,coherent,up-0.25,5006,1,1,256,256,1,1,0,0.0016151729505509138
func-soft-gn,coherent,up-0.25,5006,1,1,512,512,1,1,0,0.0016131495358422399
func-soft-gn,coherent,up-0.25,5006,1,1,1024,1024,1,1,0,0.0016120189102366567
func-soft-gn,coherent,up-0.25,5006,1,1,1175,1024,1,1,0,0.0016120189102366567
func-soft-gn,independent,up-0.25,5006,1,1,0,0,0,0,0,8.862628936767578
func-soft-gn,independent,up-0.25,5006,1,1,1,1,0,0,0,8.409584045410156
func-soft-gn,independent,up-0.25,5006,1,1,2,2,0,0,0,7.570919990539551
func-soft-gn,independent,up-0.25,5006,1,1,4,4,0,0,3,3.678110122680664
func-soft-gn,independent,up-0.25,5006,1,1,8,8,0,0,1,3.445221424102783
func-soft-gn,independent,up-0.25,5006,1,1,16,16,0,0,1,3.163329601287842
func-soft-gn,independent,up-0.25,5006,1,1,32,32,0,0,1,0.908193826675415
func-soft-gn,independent,up-0.25,5006,1,1,64,63,1,0,1,0.4805331826210022
func-soft-gn,independent,up-0.25,5006,1,1,128,114,1,0,2,0.24717551469802856
func-soft-gn,independent,up-0.25,5006,1,1,256,224,1,0,2,0.10940305888652802
func-soft-gn,independent,up-0.25,5006,1,1,512,443,1,0,3,0.059968411922454834
func-soft-gn,independent,up-0.25,5006,1,1,1024,916,1,0,2,0.019515980035066605
func-soft-gn,independent,up-0.25,5006,1,1,1175,1024,1,0,2,0.01566758193075657
func-soft-gn,coherent,up-0.25,5006,1,2,0,0,0,0,0,7.952706813812256
func-soft-gn,coherent,up-0.25,5006,1,2,1,1,0,0,1,7.343932151794434
func-soft-gn,coherent,up-0.25,5006,1,2,2,2,0,0,2,6.099678039550781
func-soft-gn,coherent,up-0.25,5006,1,2,4,4,0,0,8,0.4179983139038086
func-soft-gn,coherent,up-0.25,5006,1,2,8,8,1,0,5,0.07034894824028015
func-soft-gn,coherent,up-0.25,5006,1,2,16,16,1,0,5,0.012368915602564812
func-soft-gn,coherent,up-0.25,5006,1,2,32,32,1,0,4,0.009297171607613564
func-soft-gn,coherent,up-0.25,5006,1,2,64,64,1,0,4,0.0023712560068815947
func-soft-gn,coherent,up-0.25,5006,1,2,128,128,1,0,7,0.0015076948329806328
func-soft-gn,coherent,up-0.25,5006,1,2,256,256,1,0,7,0.0014965059235692024
func-soft-gn,coherent,up-0.25,5006,1,2,512,512,1,0,7,0.0014909710735082626
func-soft-gn,coherent,up-0.25,5006,1,2,1024,1024,1,0,6,0.0014877570793032646
func-soft-gn,coherent,up-0.25,5006,1,2,1175,1024,1,0,6,0.0014877570793032646
func-soft-gn,independent,up-0.25,5006,1,2,0,0,0,0,0,8.204168319702148
func-soft-gn,independent,up-0.25,5006,1,2,1,1,0,0,0,7.810234069824219
func-soft-gn,independent,up-0.25,5006,1,2,2,2,0,0,1,7.0328240394592285
func-soft-gn,independent,up-0.25,5006,1,2,4,4,0,0,6,3.4985859394073486
func-soft-gn,independent,up-0.25,5006,1,2,8,8,0,0,4,2.152872323989868
func-soft-gn,independent,up-0.25,5006,1,2,16,16,1,0,4,0.05391424521803856
func-soft-gn,independent,up-0.25,5006,1,2,32,32,1,0,5,0.031064767390489578
func-soft-gn,independent,up-0.25,5006,1,2,64,64,1,0,5,0.006380722392350435
func-soft-gn,independent,up-0.25,5006,1,2,128,128,1,0,6,0.0014543025754392147
func-soft-gn,independent,up-0.25,5006,1,2,256,256,1,0,5,0.0014171628281474113
func-soft-gn,independent,up-0.25,5006,1,2,512,512,1,0,5,0.0014006757410243154
func-soft-gn,independent,up-0.25,5006,1,2,1024,1024,1,0,6,0.001393057289533317
func-soft-gn,independent,up-0.25,5006,1,2,1175,1024,1,0,6,0.001393057289533317
func-hard-gn,coherent,baseline,5007,0,0,0,0,0,0,0,8.139151573181152
func-hard-gn,coherent,baseline,5007,0,0,1,1,0,0,0,7.514040470123291
func-hard-gn,coherent,baseline,5007,0,0,2,2,0,0,0,6.3923797607421875
func-hard-gn,coherent,baseline,5007,0,0,4,4,0,0,0,4.907368183135986
func-hard-gn,coherent,baseline,5007,0,0,8,8,0,0,0,2.4913055896759033
func-hard-gn,coherent,baseline,5007,0,0,16,16,1,1,0,0.06112480163574219
func-hard-gn,coherent,baseline,5007,0,0,32,32,1,1,0,0.0031602715607732534
func-hard-gn,coherent,baseline,5007,0,0,64,64,1,1,0,0.0013597893994301558
func-hard-gn,coherent,baseline,5007,0,0,128,128,1,1,0,0.0013338369317352772
func-hard-gn,coherent,baseline,5007,0,0,256,256,1,1,0,0.0013241341803222895
func-hard-gn,coherent,baseline,5007,0,0,512,512,1,1,0,0.0013227651361376047
func-hard-gn,coherent,baseline,5007,0,0,1024,1024,1,1,0,0.0013219317188486457
func-hard-gn,independent,baseline,5007,0,0,0,0,0,0,0,8.504547119140625
func-hard-gn,independent,baseline,5007,0,0,1,1,0,0,0,8.144686698913574
func-hard-gn,independent,baseline,5007,0,0,2,2,0,0,0,7.455711364746094
func-hard-gn,independent,baseline,5007,0,0,4,4,0,0,0,2.5211002826690674
func-hard-gn,independent,baseline,5007,0,0,8,8,1,1,0,0.24008113145828247
func-hard-gn,independent,baseline,5007,0,0,16,16,1,1,0,0.15012487769126892
func-hard-gn,independent,baseline,5007,0,0,32,32,1,1,0,0.05966591462492943
func-hard-gn,independent,baseline,5007,0,0,64,64,1,1,0,0.046243466436862946
func-hard-gn,independent,baseline,5007,0,0,128,128,1,0,2,0.011244961991906166
func-hard-gn,independent,baseline,5007,0,0,256,256,1,1,0,0.0016061622882261872
func-hard-gn,independent,baseline,5007,0,0,512,512,1,1,0,0.0014408519491553307
func-hard-gn,independent,baseline,5007,0,0,1024,1024,1,1,0,0.0014357927720993757
func-hard-gn,coherent,baseline,5007,0,1,0,0,0,0,0,8.447578430175781
func-hard-gn,coherent,baseline,5007,0,1,1,1,0,0,0,7.76043701171875
func-hard-gn,coherent,baseline,5007,0,1,2,2,0,0,1,5.999989032745361
func-hard-gn,coherent,baseline,5007,0,1,4,4,0,0,2,2.8768022060394287
func-hard-gn,coherent,baseline,5007,0,1,8,8,0,0,2,1.1267937421798706
func-hard-gn,coherent,baseline,5007,0,1,16,16,1,0,2,0.07233971357345581
func-hard-gn,coherent,baseline,5007,0,1,32,32,1,0,3,0.00713903084397316
func-hard-gn,coherent,baseline,5007,0,1,64,64,1,0,3,0.0025776298716664314
func-hard-gn,coherent,baseline,5007,0,1,128,128,1,0,2,0.0015708976425230503
func-hard-gn,coherent,baseline,5007,0,1,256,256,1,0,2,0.0015433435328304768
func-hard-gn,coherent,baseline,5007,0,1,512,512,1,0,2,0.0015373327769339085
func-hard-gn,coherent,baseline,5007,0,1,1024,1024,1,0,2,0.001535368850454688
func-hard-gn,independent,baseline,5007,0,1,0,0,0,0,0,8.24842643737793
func-hard-gn,independent,baseline,5007,0,1,1,1,0,0,0,7.719892501831055
func-hard-gn,independent,baseline,5007,0,1,2,2,0,0,0,6.40433406829834
func-hard-gn,independent,baseline,5007,0,1,4,4,0,0,1,3.9781010150909424
func-hard-gn,independent,baseline,5007,0,1,8,8,1,0,1,0.054605040699243546
func-hard-gn,independent,baseline,5007,0,1,16,16,1,0,2,0.016139063984155655
func-hard-gn,independent,baseline,5007,0,1,32,32,1,0,3,0.003623578231781721
func-hard-gn,independent,baseline,5007,0,1,64,64,1,0,2,0.0021202033385634422
func-hard-gn,independent,baseline,5007,0,1,128,128,1,0,3,0.0015524488408118486
func-hard-gn,independent,baseline,5007,0,1,256,256,1,0,3,0.0015366780571639538
func-hard-gn,independent,baseline,5007,0,1,512,512,1,0,1,0.0015292982570827007
func-hard-gn,independent,baseline,5007,0,1,1024,1024,1,0,1,0.001524477731436491
func-hard-gn,coherent,baseline,5007,0,2,0,0,0,0,0,8.841873168945312
func-hard-gn,coherent,baseline,5007,0,2,1,1,0,0,0,7.410836219787598
func-hard-gn,coherent,baseline,5007,0,2,2,2,0,0,0,1.6603649854660034
func-hard-gn,coherent,baseline,5007,0,2,4,4,1,1,0,0.07912974804639816
func-hard-gn,coherent,baseline,5007,0,2,8,8,1,1,0,0.020722519606351852
func-hard-gn,coherent,baseline,5007,0,2,16,16,1,1,0,0.02442087233066559
func-hard-gn,coherent,baseline,5007,0,2,32,32,1,0,2,0.011654908768832684
func-hard-gn,coherent,baseline,5007,0,2,64,64,1,0,1,0.0017490321770310402
func-hard-gn,coherent,baseline,5007,0,2,128,128,1,0,1,0.001491685165092349
func-hard-gn,coherent,baseline,5007,0,2,256,256,1,0,2,0.0014886498684063554
func-hard-gn,coherent,baseline,5007,0,2,512,512,1,0,2,0.001488054753281176
func-hard-gn,coherent,baseline,5007,0,2,1024,1024,1,0,2,0.0014877570793032646
func-hard-gn,independent,baseline,5007,0,2,0,0,0,0,0,8.42034912109375
func-hard-gn,independent,baseline,5007,0,2,1,1,0,0,0,7.303144454956055
func-hard-gn,independent,baseline,5007,0,2,2,2,0,0,0,4.437177658081055
func-hard-gn,independent,baseline,5007,0,2,4,4,0,0,0,3.0571630001068115
func-hard-gn,independent,baseline,5007,0,2,8,8,1,1,0,0.07118484377861023
func-hard-gn,independent,baseline,5007,0,2,16,16,1,1,0,0.039193324744701385
func-hard-gn,independent,baseline,5007,0,2,32,32,1,1,0,0.026434365659952164
func-hard-gn,independent,baseline,5007,0,2,64,64,1,1,0,0.011316082440316677
func-hard-gn,independent,baseline,5007,0,2,128,128,1,1,0,0.004012060817331076
func-hard-gn,independent,baseline,5007,0,2,256,256,1,1,0,0.0014199035940691829
func-hard-gn,independent,baseline,5007,0,2,512,512,1,0,1,0.0014079395914450288
func-hard-gn,independent,baseline,5007,0,2,1024,1024,1,0,1,0.0014057967346161604
func-soft-gn,coherent,baseline,5007,0,0,0,0,0,0,0,8.139151573181152
func-soft-gn,coherent,baseline,5007,0,0,1,1,0,0,0,7.525765419006348
func-soft-gn,coherent,baseline,5007,0,0,2,2,0,0,0,6.820611953735352
func-soft-gn,coherent,baseline,5007,0,0,4,4,0,0,0,1.5710325241088867
func-soft-gn,coherent,baseline,5007,0,0,8,8,1,1,0,0.20729154348373413
func-soft-gn,coherent,baseline,5007,0,0,16,16,1,1,0,0.041362516582012177
func-soft-gn,coherent,baseline,5007,0,0,32,32,1,1,0,0.0032844562083482742
func-soft-gn,coherent,baseline,5007,0,0,64,64,1,1,0,0.0013771106023341417
func-soft-gn,coherent,baseline,5007,0,0,128,128,1,1,0,0.0013345512561500072
func-soft-gn,coherent,baseline,5007,0,0,256,256,1,1,0,0.0013244913425296545
func-soft-gn,coherent,baseline,5007,0,0,512,512,1,1,0,0.0013229437172412872
func-soft-gn,coherent,baseline,5007,0,0,1024,1024,1,1,0,0.0013222293928265572
func-soft-gn,independent,baseline,5007,0,0,0,0,0,0,0,8.504547119140625
func-soft-gn,independent,baseline,5007,0,0,1,1,0,0,0,8.166194915771484
func-soft-gn,independent,baseline,5007,0,0,2,2,0,0,0,7.562441825866699
func-soft-gn,independent,baseline,5007,0,0,4,4,0,0,0,2.6414668560028076
func-soft-gn,independent,baseline,5007,0,0,8,8,1,1,0,0.17042964696884155
func-soft-gn,independent,baseline,5007,0,0,16,16,1,1,0,0.1567811518907547
func-soft-gn,independent,baseline,5007,0,0,32,32,1,1,0,0.1324654519557953
func-soft-gn,independent,baseline,5007,0,0,64,64,1,1,0,0.08807169646024704
func-soft-gn,independent,baseline,5007,0,0,128,128,1,1,0,0.020841019228100777
func-soft-gn,independent,baseline,5007,0,0,256,256,1,1,0,0.0016186109278351068
func-soft-gn,independent,baseline,5007,0,0,512,512,1,1,0,0.0014416256453841925
func-soft-gn,independent,baseline,5007,0,0,1024,1024,1,1,0,0.0014370428398251534
func-soft-gn,coherent,baseline,5007,0,1,0,0,0,0,0,8.447578430175781
func-soft-gn,coherent,baseline,5007,0,1,1,1,0,0,0,7.826897621154785
func-soft-gn,coherent,baseline,5007,0,1,2,2,0,0,1,6.338616847991943
func-soft-gn,coherent,baseline,5007,0,1,4,4,0,0,2,2.4241034984588623
func-soft-gn,coherent,baseline,5007,0,1,8,8,1,0,4,0.03590836375951767
func-soft-gn,coherent,baseline,5007,0,1,16,16,1,0,2,0.06185862049460411
func-soft-gn,coherent,baseline,5007,0,1,32,32,1,0,2,0.0109876599162817
func-soft-gn,coherent,baseline,5007,0,1,64,64,1,0,2,0.0023188109043985605
func-soft-gn,coherent,baseline,5007,0,1,128,128,1,0,3,0.001552865607663989
func-soft-gn,coherent,baseline,5007,0,1,256,256,1,0,3,0.0015422129072248936
func-soft-gn,coherent,baseline,5007,0,1,512,512,1,0,3,0.0015374518698081374
func-soft-gn,coherent,baseline,5007,0,1,1024,1024,1,0,2,0.001535368850454688
func-soft-gn,independent,baseline,5007,0,1,0,0,0,0,0,8.24842643737793
func-soft-gn,independent,baseline,5007,0,1,1,1,0,0,0,7.746068954467773
func-soft-gn,independent,baseline,5007,0,1,2,2,0,0,0,6.694735050201416
func-soft-gn,independent,baseline,5007,0,1,4,4,0,0,2,2.0551257133483887
func-soft-gn,independent,baseline,5007,0,1,8,8,1,0,1,0.1330903321504593
func-soft-gn,independent,baseline,5007,0,1,16,16,1,0,1,0.0625959038734436
func-soft-gn,independent,baseline,5007,0,1,32,32,1,0,2,0.011566766537725925
func-soft-gn,independent,baseline,5007,0,1,64,64,1,0,3,0.001620052382349968
func-soft-gn,independent,baseline,5007,0,1,128,128,1,0,3,0.0015438790433108807
func-soft-gn,independent,baseline,5007,0,1,256,256,1,0,2,0.001534654526039958
func-soft-gn,independent,baseline,5007,0,1,512,512,1,0,1,0.0015289413277059793
func-soft-gn,independent,baseline,5007,0,1,1024,1024,1,1,0,0.0015241801738739014
func-soft-gn,coherent,baseline,5007,0,2,0,0,0,0,0,8.841873168945312
func-soft-gn,coherent,baseline,5007,0,2,1,1,0,0,0,7.5196213722229
func-soft-gn,coherent,baseline,5007,0,2,2,2,0,0,0,2.0681190490722656
func-soft-gn,coherent,baseline,5007,0,2,4,4,1,1,0,0.058621104806661606
func-soft-gn,coherent,baseline,5007,0,2,8,8,1,1,0,0.04109949246048927
func-soft-gn,coherent,baseline,5007,0,2,16,16,1,1,0,0.035636793822050095
func-soft-gn,coherent,baseline,5007,0,2,32,32,1,0,1,0.01367899775505066
func-soft-gn,coherent,baseline,5007,0,2,64,64,1,0,2,0.0019768825732171535
func-soft-gn,coherent,baseline,5007,0,2,128,128,1,0,1,0.0014931135810911655
func-soft-gn,coherent,baseline,5007,0,2,256,256,1,0,1,0.001488828449510038
func-soft-gn,coherent,baseline,5007,0,2,512,512,1,0,2,0.0014882928226143122
func-soft-gn,coherent,baseline,5007,0,2,1024,1024,1,0,2,0.0014879952650517225
func-soft-gn,independent,baseline,5007,0,2,0,0,0,0,0,8.42034912109375
func-soft-gn,independent,baseline,5007,0,2,1,1,0,0,0,7.445152759552002
func-soft-gn,independent,baseline,5007,0,2,2,2,0,0,0,4.622461795806885
func-soft-gn,independent,baseline,5007,0,2,4,4,0,0,0,2.931924819946289
func-soft-gn,independent,baseline,5007,0,2,8,8,1,1,0,0.04487426578998566
func-soft-gn,independent,baseline,5007,0,2,16,16,1,1,0,0.04173963889479637
func-soft-gn,independent,baseline,5007,0,2,32,32,1,1,0,0.03973861783742905
func-soft-gn,independent,baseline,5007,0,2,64,64,1,0,1,0.005488967057317495
func-soft-gn,independent,baseline,5007,0,2,128,128,1,0,1,0.0014992919750511646
func-soft-gn,independent,baseline,5007,0,2,256,256,1,0,2,0.0014079990796744823
func-soft-gn,independent,baseline,5007,0,2,512,512,1,0,1,0.0014060349203646183
func-soft-gn,independent,baseline,5007,0,2,1024,1024,1,0,2,0.0014050230383872986
func-hard-gn,coherent,up-0.25,5007,0,0,0,0,0,0,0,8.18735122680664
func-hard-gn,coherent,up-0.25,5007,0,0,1,1,0,0,0,7.822412014007568
func-hard-gn,coherent,up-0.25,5007,0,0,2,2,0,0,0,7.322648048400879
func-hard-gn,coherent,up-0.25,5007,0,0,4,4,0,0,0,2.492094039916992
func-hard-gn,coherent,up-0.25,5007,0,0,8,8,1,1,0,0.030939947813749313
func-hard-gn,coherent,up-0.25,5007,0,0,16,16,1,1,0,0.014328637160360813
func-hard-gn,coherent,up-0.25,5007,0,0,32,32,1,1,0,0.008497586473822594
func-hard-gn,coherent,up-0.25,5007,0,0,64,64,1,1,0,0.0017560790292918682
func-hard-gn,coherent,up-0.25,5007,0,0,128,128,1,1,0,0.0014490114990621805
func-hard-gn,coherent,up-0.25,5007,0,0,256,256,1,1,0,0.0014124070294201374
func-hard-gn,coherent,up-0.25,5007,0,0,512,512,1,1,0,0.0014095499645918608
func-hard-gn,coherent,up-0.25,5007,0,0,1024,1024,1,1,0,0.0014077643863856792
func-hard-gn,independent,up-0.25,5007,0,0,0,0,0,0,0,8.593421936035156
func-hard-gn,independent,up-0.25,5007,0,0,1,1,0,0,0,7.203042030334473
func-hard-gn,independent,up-0.25,5007,0,0,2,2,0,0,0,3.52124285697937
func-hard-gn,independent,up-0.25,5007,0,0,4,4,0,0,0,2.9432711601257324
func-hard-gn,independent,up-0.25,5007,0,0,8,8,0,0,0,2.892015218734741
func-hard-gn,independent,up-0.25,5007,0,0,16,16,0,0,0,2.779325485229492
func-hard-gn,independent,up-0.25,5007,0,0,32,32,1,1,0,0.018099650740623474
func-hard-gn,independent,up-0.25,5007,0,0,64,64,1,1,0,0.0036267994437366724
func-hard-gn,independent,up-0.25,5007,0,0,128,128,1,1,0,0.0015913094393908978
func-hard-gn,independent,up-0.25,5007,0,0,256,256,1,1,0,0.0015152506530284882
func-hard-gn,independent,up-0.25,5007,0,0,512,512,1,1,0,0.0015023949090391397
func-hard-gn,independent,up-0.25,5007,0,0,1024,1024,1,1,0,0.001496681128628552
func-hard-gn,coherent,up-0.25,5007,0,1,0,0,0,0,0,8.334335327148438
func-hard-gn,coherent,up-0.25,5007,0,1,1,1,0,0,0,7.903303146362305
func-hard-gn,coherent,up-0.25,5007,0,1,2,2,0,0,0,7.3415207862854
func-hard-gn,coherent,up-0.25,5007,0,1,4,4,0,0,0,6.008986473083496
func-hard-gn,coherent,up-0.25,5007,0,1,8,8,0,0,1,3.6375467777252197
func-hard-gn,coherent,up-0.25,5007,0,1,16,16,0,0,1,1.5477019548416138
func-hard-gn,coherent,up-0.25,5007,0,1,32,32,1,0,3,0.030026419088244438
func-hard-gn,coherent,up-0.25,5007,0,1,64,64,1,0,4,0.0020035605411976576
func-hard-gn,coherent,up-0.25,5007,0,1,128,128,1,0,4,0.0015823831781744957
func-hard-gn,coherent,up-0.25,5007,0,1,256,256,1,0,4,0.0015750634483993053
func-hard-gn,coherent,up-0.25,5007,0,1,512,512,1,0,2,0.0015731591265648603
func-hard-gn,coherent,up-0.25,5007,0,1,1024,1024,1,0,2,0.0015725044067949057
func-hard-gn,independent,up-0.25,5007,0,1,0,0,0,0,0,8.27749252319336
func-hard-gn,independent,up-0.25,5007,0,1,1,1,0,0,0,8.023179054260254
func-hard-gn,independent,up-0.25,5007,0,1,2,2,0,0,0,7.755413055419922
func-hard-gn,independent,up-0.25,5007,0,1,4,4,0,0,0,6.870487213134766
func-hard-gn,independent,up-0.25,5007,0,1,8,8,0,0,1,3.501129627227783
func-hard-gn,independent,up-0.25,5007,0,1,16,16,0,0,1,0.9347074031829834
func-hard-gn,independent,up-0.25,5007,0,1,32,32,0,0,1,0.5498971939086914
func-hard-gn,independent,up-0.25,5007,0,1,64,64,0,0,1,0.4995744228363037
func-hard-gn,independent,up-0.25,5007,0,1,128,128,0,0,1,0.43148675560951233
func-hard-gn,independent,up-0.25,5007,0,1,256,256,1,0,3,0.1268540620803833
func-hard-gn,independent,up-0.25,5007,0,1,512,512,1,0,1,0.002399364486336708
func-hard-gn,independent,up-0.25,5007,0,1,1024,1024,1,1,0,0.0015463187592104077
func-hard-gn,coherent,up-0.25,5007,0,2,0,0,0,0,0,8.850528717041016
func-hard-gn,coherent,up-0.25,5007,0,2,1,1,0,0,0,7.717004299163818
func-hard-gn,coherent,up-0.25,5007,0,2,2,2,0,0,0,5.227710723876953
func-hard-gn,coherent,up-0.25,5007,0,2,4,4,0,0,1,2.8205678462982178
func-hard-gn,coherent,up-0.25,5007,0,2,8,8,0,0,0,0.9371328353881836
func-hard-gn,coherent,up-0.25,5007,0,2,16,16,1,1,0,0.03048553690314293
func-hard-gn,coherent,up-0.25,5007,0,2,32,32,1,1,0,0.009867774322628975
func-hard-gn,coherent,up-0.25,5007,0,2,64,64,1,1,0,0.0016671223565936089
func-hard-gn,coherent,up-0.25,5007,0,2,128,128,1,0,2,0.0015223948284983635
func-hard-gn,coherent,up-0.25,5007,0,2,256,256,1,1,0,0.0015152532141655684
func-hard-gn,coherent,up-0.25,5007,0,2,512,512,1,0,1,0.0015124559868127108
func-hard-gn,coherent,up-0.25,5007,0,2,1024,1024,1,0,1,0.0015109085943549871
func-hard-gn,independent,up-0.25,5007,0,2,0,0,0,0,0,8.392818450927734
func-hard-gn,independent,up-0.25,5007,0,2,1,1,0,0,0,7.630466461181641
func-hard-gn,independent,up-0.25,5007,0,2,2,2,0,0,0,5.481485366821289
func-hard-gn,independent,up-0.25,5007,0,2,4,4,0,0,1,4.528019905090332
func-hard-gn,independent,up-0.25,5007,0,2,8,8,0,0,1,4.358497142791748
func-hard-gn,independent,up-0.25,5007,0,2,16,16,0,0,1,3.9946582317352295
func-hard-gn,independent,up-0.25,5007,0,2,32,32,0,0,1,2.4022700786590576
func-hard-gn,independent,up-0.25,5007,0,2,64,64,1,0,2,0.0049779051914811134
func-hard-gn,independent,up-0.25,5007,0,2,128,128,1,0,1,0.0016512342263013124
func-hard-gn,independent,up-0.25,5007,0,2,256,256,1,0,2,0.001551794121041894
func-hard-gn,independent,up-0.25,5007,0,2,512,512,1,0,2,0.001529595348984003
func-hard-gn,independent,up-0.25,5007,0,2,1024,1024,1,0,2,0.0015240604989230633
func-soft-gn,coherent,up-0.25,5007,0,0,0,0,0,0,0,8.18735122680664
func-soft-gn,coherent,up-0.25,5007,0,0,1,1,0,0,0,7.824735641479492
func-soft-gn,coherent,up-0.25,5007,0,0,2,2,0,0,0,7.321761131286621
func-soft-gn,coherent,up-0.25,5007,0,0,4,4,1,1,0,0.13440875709056854
func-soft-gn,coherent,up-0.25,5007,0,0,8,8,1,1,0,0.045828744769096375
func-soft-gn,coherent,up-0.25,5007,0,0,16,16,1,1,0,0.04392246529459953
func-soft-gn,coherent,up-0.25,5007,0,0,32,32,1,1,0,0.027117155492305756
func-soft-gn,coherent,up-0.25,5007,0,0,64,64,1,1,0,0.0017392400186508894
func-soft-gn,coherent,up-0.25,5007,0,0,128,128,1,1,0,0.0014338342007249594
func-soft-gn,coherent,up-0.25,5007,0,0,256,256,1,1,0,0.0014132998185232282
func-soft-gn,coherent,up-0.25,5007,0,0,512,512,1,1,0,0.0014090144541114569
func-soft-gn,coherent,up-0.25,5007,0,0,1024,1024,1,1,0,0.0014071096666157246
func-soft-gn,coherent,up-0.25,5007,0,0,1025,1024,1,1,0,0.0014071096666157246
func-soft-gn,independent,up-0.25,5007,0,0,0,0,0,0,0,8.593421936035156
func-soft-gn,independent,up-0.25,5007,0,0,1,1,0,0,0,7.205397605895996
func-soft-gn,independent,up-0.25,5007,0,0,2,2,0,0,0,3.601391077041626
func-soft-gn,independent,up-0.25,5007,0,0,4,4,0,0,0,3.0284171104431152
func-soft-gn,independent,up-0.25,5007,0,0,8,8,0,0,0,2.8978662490844727
func-soft-gn,independent,up-0.25,5007,0,0,16,16,0,0,0,2.8136284351348877
func-soft-gn,independent,up-0.25,5007,0,0,32,32,1,1,0,0.03006035089492798
func-soft-gn,independent,up-0.25,5007,0,0,64,64,1,1,0,0.009174132719635963
func-soft-gn,independent,up-0.25,5007,0,0,128,128,1,1,0,0.0024091298691928387
func-soft-gn,independent,up-0.25,5007,0,0,256,256,1,1,0,0.0015231663128361106
func-soft-gn,independent,up-0.25,5007,0,0,512,512,1,1,0,0.0015037637203931808
func-soft-gn,independent,up-0.25,5007,0,0,1024,1024,1,1,0,0.0014974549412727356
func-soft-gn,independent,up-0.25,5007,0,0,1025,1024,1,1,0,0.0014974549412727356
func-soft-gn,coherent,up-0.25,5007,0,1,0,0,0,0,0,8.334335327148438
func-soft-gn,coherent,up-0.25,5007,0,1,1,1,0,0,0,7.930981636047363
func-soft-gn,coherent,up-0.25,5007,0,1,2,2,0,0,0,7.424360752105713
func-soft-gn,coherent,up-0.25,5007,0,1,4,4,0,0,0,5.887129783630371
func-soft-gn,coherent,up-0.25,5007,0,1,8,8,0,0,2,0.4847956895828247
func-soft-gn,coherent,up-0.25,5007,0,1,16,16,1,0,1,0.4889732897281647
func-soft-gn,coherent,up-0.25,5007,0,1,32,32,1,0,1,0.12516003847122192
func-soft-gn,coherent,up-0.25,5007,0,1,64,64,1,0,1,0.006331427022814751
func-soft-gn,coherent,up-0.25,5007,0,1,128,128,1,1,0,0.0015786935109645128
func-soft-gn,coherent,up-0.25,5007,0,1,256,256,1,0,1,0.001574349240399897
func-soft-gn,coherent,up-0.25,5007,0,1,512,512,1,0,1,0.0015735160559415817
func-soft-gn,coherent,up-0.25,5007,0,1,1024,1024,1,0,1,0.0015729209408164024
func-soft-gn,coherent,up-0.25,5007,0,1,1025,1024,1,0,1,0.0015729209408164024
func-soft-gn,independent,up-0.25,5007,0,1,0,0,0,0,0,8.27749252319336
func-soft-gn,independent,up-0.25,5007,0,1,1,1,0,0,0,8.030567169189453
func-soft-gn,independent,up-0.25,5007,0,1,2,2,0,0,0,7.767961025238037
func-soft-gn,independent,up-0.25,5007,0,1,4,4,0,0,0,6.916934967041016
func-soft-gn,independent,up-0.25,5007,0,1,8,8,0,0,1,2.3609461784362793
func-soft-gn,independent,up-0.25,5007,0,1,16,16,1,0,1,0.17718638479709625
func-soft-gn,independent,up-0.25,5007,0,1,32,32,1,0,1,0.21056774258613586
func-soft-gn,independent,up-0.25,5007,0,1,64,64,1,1,0,0.024047017097473145
func-soft-gn,independent,up-0.25,5007,0,1,128,128,1,1,0,0.0015797640662640333
func-soft-gn,independent,up-0.25,5007,0,1,256,256,1,1,0,0.0015551266260445118
func-soft-gn,independent,up-0.25,5007,0,1,512,512,1,1,0,0.0015463782474398613
func-soft-gn,independent,up-0.25,5007,0,1,1024,1024,1,1,0,0.001542986137792468
func-soft-gn,independent,up-0.25,5007,0,1,1025,1024,1,1,0,0.001542986137792468
func-soft-gn,coherent,up-0.25,5007,0,2,0,0,0,0,0,8.850528717041016
func-soft-gn,coherent,up-0.25,5007,0,2,1,1,0,0,0,7.815662384033203
func-soft-gn,coherent,up-0.25,5007,0,2,2,2,0,0,0,5.629303932189941
func-soft-gn,coherent,up-0.25,5007,0,2,4,4,0,0,1,2.2291762828826904
func-soft-gn,coherent,up-0.25,5007,0,2,8,8,1,0,1,0.1437702775001526
func-soft-gn,coherent,up-0.25,5007,0,2,16,16,1,1,0,0.03305887430906296
func-soft-gn,coherent,up-0.25,5007,0,2,32,32,1,1,0,0.009207331575453281
func-soft-gn,coherent,up-0.25,5007,0,2,64,64,1,0,1,0.004281133413314819
func-soft-gn,coherent,up-0.25,5007,0,2,128,128,1,0,2,0.0015268584247678518
func-soft-gn,coherent,up-0.25,5007,0,2,256,256,1,0,1,0.0015151341212913394
func-soft-gn,coherent,up-0.25,5007,0,2,512,512,1,0,1,0.0015125154750421643
func-soft-gn,coherent,up-0.25,5007,0,2,1024,1024,1,0,1,0.0015110871754586697
func-soft-gn,coherent,up-0.25,5007,0,2,1025,1024,1,0,1,0.0015110871754586697
func-soft-gn,independent,up-0.25,5007,0,2,0,0,0,0,0,8.392818450927734
func-soft-gn,independent,up-0.25,5007,0,2,1,1,0,0,0,7.7105889320373535
func-soft-gn,independent,up-0.25,5007,0,2,2,2,0,0,0,5.8444108963012695
func-soft-gn,independent,up-0.25,5007,0,2,4,4,0,0,0,4.7025299072265625
func-soft-gn,independent,up-0.25,5007,0,2,8,8,0,0,0,4.3334784507751465
func-soft-gn,independent,up-0.25,5007,0,2,16,16,0,0,0,3.9173121452331543
func-soft-gn,independent,up-0.25,5007,0,2,32,32,0,0,1,2.576535940170288
func-soft-gn,independent,up-0.25,5007,0,2,64,63,1,0,3,0.022298026829957962
func-soft-gn,independent,up-0.25,5007,0,2,128,127,1,0,3,0.002803845563903451
func-soft-gn,independent,up-0.25,5007,0,2,256,255,1,0,2,0.0015780983958393335
func-soft-gn,independent,up-0.25,5007,0,2,512,511,1,0,2,0.0015278698410838842
func-soft-gn,independent,up-0.25,5007,0,2,1024,1023,1,0,2,0.001515788258984685
func-soft-gn,independent,up-0.25,5007,0,2,1025,1024,1,0,2,0.0015158478636294603
func-hard-gn,coherent,baseline,5007,1,0,0,0,0,0,0,7.902475357055664
func-hard-gn,coherent,baseline,5007,1,0,1,1,0,0,0,7.525982856750488
func-hard-gn,coherent,baseline,5007,1,0,2,2,0,0,0,7.123289108276367
func-hard-gn,coherent,baseline,5007,1,0,4,4,0,0,0,6.1814165115356445
func-hard-gn,coherent,baseline,5007,1,0,8,8,0,0,0,3.041015148162842
func-hard-gn,coherent,baseline,5007,1,0,16,16,0,0,1,1.2890942096710205
func-hard-gn,coherent,baseline,5007,1,0,32,32,1,1,0,0.6556906700134277
func-hard-gn,coherent,baseline,5007,1,0,64,64,1,1,0,0.19558727741241455
func-hard-gn,coherent,baseline,5007,1,0,128,128,1,0,2,0.03144814819097519
func-hard-gn,coherent,baseline,5007,1,0,256,256,1,0,2,0.0038344119675457478
func-hard-gn,coherent,baseline,5007,1,0,512,512,1,1,0,0.0020235551055520773
func-hard-gn,coherent,baseline,5007,1,0,1024,1024,1,1,0,0.0019917308818548918
func-hard-gn,coherent,baseline,5007,1,0,1264,1024,1,1,0,0.0019917308818548918
func-hard-gn,independent,baseline,5007,1,0,0,0,0,0,0,7.8574419021606445
func-hard-gn,independent,baseline,5007,1,0,1,1,0,0,0,7.496685028076172
func-hard-gn,independent,baseline,5007,1,0,2,2,0,0,0,7.044852256774902
func-hard-gn,independent,baseline,5007,1,0,4,4,0,0,0,5.460341453552246
func-hard-gn,independent,baseline,5007,1,0,8,8,0,0,1,3.98795485496521
func-hard-gn,independent,baseline,5007,1,0,16,16,0,0,0,2.962376356124878
func-hard-gn,independent,baseline,5007,1,0,32,32,0,0,0,2.0456008911132812
func-hard-gn,independent,baseline,5007,1,0,64,64,0,0,0,1.0290848016738892
func-hard-gn,independent,baseline,5007,1,0,128,128,1,0,1,0.3815474808216095
func-hard-gn,independent,baseline,5007,1,0,256,254,1,0,1,0.24583247303962708
func-hard-gn,independent,baseline,5007,1,0,512,477,1,0,1,0.16741381585597992
func-hard-gn,independent,baseline,5007,1,0,1024,886,1,0,1,0.09607549011707306
func-hard-gn,independent,baseline,5007,1,0,1264,1024,1,0,1,0.08958806842565536
func-hard-gn,coherent,baseline,5007,1,1,0,0,0,0,0,8.683942794799805
func-hard-gn,coherent,baseline,5007,1,1,1,1,0,0,0,8.221115112304688
func-hard-gn,coherent,baseline,5007,1,1,2,2,0,0,0,7.646230697631836
func-hard-gn,coherent,baseline,5007,1,1,4,4,0,0,0,5.901223182678223
func-hard-gn,coherent,baseline,5007,1,1,8,8,0,0,1,2.6758804321289062
func-hard-gn,coherent,baseline,5007,1,1,16,16,0,0,0,2.3113973140716553
func-hard-gn,coherent,baseline,5007,1,1,32,32,0,0,0,1.6868776082992554
func-hard-gn,coherent,baseline,5007,1,1,64,64,0,0,2,0.6707316040992737
func-hard-gn,coherent,baseline,5007,1,1,128,128,1,0,1,0.19463996589183807
func-hard-gn,coherent,baseline,5007,1,1,256,256,1,0,1,0.04645674675703049
func-hard-gn,coherent,baseline,5007,1,1,512,512,1,0,1,0.0021634523291140795
func-hard-gn,coherent,baseline,5007,1,1,1024,1024,1,0,1,0.002096242504194379
func-hard-gn,coherent,baseline,5007,1,1,1264,1024,1,0,1,0.002096242504194379
func-hard-gn,independent,baseline,5007,1,1,0,0,0,0,0,8.42271614074707
func-hard-gn,independent,baseline,5007,1,1,1,1,0,0,0,8.083499908447266
func-hard-gn,independent,baseline,5007,1,1,2,2,0,0,0,7.675229549407959
func-hard-gn,independent,baseline,5007,1,1,4,4,0,0,0,6.444511413574219
func-hard-gn,independent,baseline,5007,1,1,8,8,0,0,2,4.377155303955078
func-hard-gn,independent,baseline,5007,1,1,16,16,0,0,0,3.924882650375366
func-hard-gn,independent,baseline,5007,1,1,32,32,0,0,0,1.97615385055542
func-hard-gn,independent,baseline,5007,1,1,64,64,0,0,2,0.9300422668457031
func-hard-gn,independent,baseline,5007,1,1,128,128,1,0,3,0.23155419528484344
func-hard-gn,independent,baseline,5007,1,1,256,256,1,0,2,0.07130429148674011
func-hard-gn,independent,baseline,5007,1,1,512,512,1,0,2,0.011056428775191307
func-hard-gn,independent,baseline,5007,1,1,1024,1024,1,0,1,0.002792160492390394
func-hard-gn,independent,baseline,5007,1,1,1264,1024,1,0,1,0.002792160492390394
func-hard-gn,coherent,baseline,5007,1,2,0,0,0,0,0,7.823437213897705
func-hard-gn,coherent,baseline,5007,1,2,1,1,0,0,0,7.543436050415039
func-hard-gn,coherent,baseline,5007,1,2,2,2,0,0,0,7.177742958068848
func-hard-gn,coherent,baseline,5007,1,2,4,4,0,0,0,5.961533546447754
func-hard-gn,coherent,baseline,5007,1,2,8,8,0,0,3,2.7899117469787598
func-hard-gn,coherent,baseline,5007,1,2,16,16,0,0,2,1.6733684539794922
func-hard-gn,coherent,baseline,5007,1,2,32,32,0,0,0,0.8742032051086426
func-hard-gn,coherent,baseline,5007,1,2,64,64,1,1,0,0.3770672678947449
func-hard-gn,coherent,baseline,5007,1,2,128,128,1,0,1,0.2850589156150818
func-hard-gn,coherent,baseline,5007,1,2,256,256,1,1,0,0.15854674577713013
func-hard-gn,coherent,baseline,5007,1,2,512,512,1,0,1,0.03386051207780838
func-hard-gn,coherent,baseline,5007,1,2,1024,1024,1,0,1,0.0027874556835740805
func-hard-gn,coherent,baseline,5007,1,2,1264,1024,1,0,1,0.0027874556835740805
func-hard-gn,independent,baseline,5007,1,2,0,0,0,0,0,8.28886604309082
func-hard-gn,independent,baseline,5007,1,2,1,1,0,0,0,8.079324722290039
func-hard-gn,independent,baseline,5007,1,2,2,2,0,0,0,7.857698440551758
func-hard-gn,independent,baseline,5007,1,2,4,4,0,0,0,7.339824676513672
func-hard-gn,independent,baseline,5007,1,2,8,8,0,0,2,5.235341548919678
func-hard-gn,independent,baseline,5007,1,2,16,16,0,0,3,3.1906166076660156
func-hard-gn,independent,baseline,5007,1,2,32,32,0,0,1,1.8216640949249268
func-hard-gn,independent,baseline,5007,1,2,64,64,1,0,4,0.824389636516571
func-hard-gn,independent,baseline,5007,1,2,128,128,1,0,4,0.5849115252494812
func-hard-gn,independent,baseline,5007,1,2,256,256,1,0,3,0.41577935218811035
func-hard-gn,independent,baseline,5007,1,2,512,503,1,0,2,0.3285103738307953
func-hard-gn,independent,baseline,5007,1,2,1024,892,1,0,2,0.28945863246917725
func-hard-gn,independent,baseline,5007,1,2,1264,1024,1,0,2,0.28621307015419006
func-soft-gn,coherent,baseline,5007,1,0,0,0,0,0,0,7.902475357055664
func-soft-gn,coherent,baseline,5007,1,0,1,1,0,0,0,7.535635948181152
func-soft-gn,coherent,baseline,5007,1,0,2,2,0,0,0,7.143946647644043
func-soft-gn,coherent,baseline,5007,1,0,4,4,0,0,0,6.231991767883301
func-soft-gn,coherent,baseline,5007,1,0,8,8,0,0,0,2.8838729858398438
func-soft-gn,coherent,baseline,5007,1,0,16,16,1,0,2,0.24287036061286926
func-soft-gn,coherent,baseline,5007,1,0,32,32,1,1,0,0.2496185451745987
func-soft-gn,coherent,baseline,5007,1,0,64,64,1,1,0,0.0863676443696022
func-soft-gn,coherent,baseline,5007,1,0,128,128,1,1,0,0.013735689222812653
func-soft-gn,coherent,baseline,5007,1,0,256,256,1,1,0,0.002284359186887741
func-soft-gn,coherent,baseline,5007,1,0,512,512,1,1,0,0.0020162388682365417
func-soft-gn,coherent,baseline,5007,1,0,1024,1024,1,1,0,0.0019911956042051315
func-soft-gn,coherent,baseline,5007,1,0,1112,1024,1,1,0,0.0019911956042051315
func-soft-gn,independent,baseline,5007,1,0,0,0,0,0,0,7.8574419021606445
func-soft-gn,independent,baseline,5007,1,0,1,1,0,0,0,7.513639450073242
func-soft-gn,independent,baseline,5007,1,0,2,2,0,0,0,7.094306945800781
func-soft-gn,independent,baseline,5007,1,0,4,4,0,0,0,5.746081352233887
func-soft-gn,independent,baseline,5007,1,0,8,8,0,0,3,2.9165494441986084
func-soft-gn,independent,baseline,5007,1,0,16,16,0,0,2,2.2647554874420166
func-soft-gn,independent,baseline,5007,1,0,32,32,0,0,1,1.066038966178894
func-soft-gn,independent,baseline,5007,1,0,64,64,1,1,0,0.43281394243240356
func-soft-gn,independent,baseline,5007,1,0,128,128,1,1,0,0.24364012479782104
func-soft-gn,independent,baseline,5007,1,0,256,256,1,1,0,0.10004813969135284
func-soft-gn,independent,baseline,5007,1,0,512,512,1,1,0,0.019835229963064194
func-soft-gn,independent,baseline,5007,1,0,1024,1024,1,1,0,0.0021191341802477837
func-soft-gn,independent,baseline,5007,1,0,1112,1024,1,1,0,0.0021191341802477837
func-soft-gn,coherent,baseline,5007,1,1,0,0,0,0,0,8.683942794799805
func-soft-gn,coherent,baseline,5007,1,1,1,1,0,0,0,8.230323791503906
func-soft-gn,coherent,baseline,5007,1,1,2,2,0,0,0,7.669782638549805
func-soft-gn,coherent,baseline,5007,1,1,4,4,0,0,0,5.98281717300415
func-soft-gn,coherent,baseline,5007,1,1,8,8,0,0,6,0.9162830114364624
func-soft-gn,coherent,baseline,5007,1,1,16,16,0,0,3,0.8018571138381958
func-soft-gn,coherent,baseline,5007,1,1,32,32,0,0,2,0.5983781814575195
func-soft-gn,coherent,baseline,5007,1,1,64,64,1,0,1,0.37218838930130005
func-soft-gn,coherent,baseline,5007,1,1,128,128,1,1,0,0.2005164921283722
func-soft-gn,coherent,baseline,5007,1,1,256,256,1,0,1,0.035401418805122375
func-soft-gn,coherent,baseline,5007,1,1,512,512,1,1,0,0.0021485236939042807
func-soft-gn,coherent,baseline,5007,1,1,1024,1024,1,1,0,0.002115929964929819
func-soft-gn,coherent,baseline,5007,1,1,1112,1024,1,1,0,0.002115929964929819
func-soft-gn,independent,baseline,5007,1,1,0,0,0,0,0,8.42271614074707
func-soft-gn,independent,baseline,5007,1,1,1,1,0,0,0,8.091573715209961
func-soft-gn,independent,baseline,5007,1,1,2,2,0,0,0,7.694581031799316
func-soft-gn,independent,baseline,5007,1,1,4,4,0,0,0,6.506390571594238
func-soft-gn,independent,baseline,5007,1,1,8,8,0,0,6,2.8046329021453857
func-soft-gn,independent,baseline,5007,1,1,16,16,0,0,4,2.5067567825317383
func-soft-gn,independent,baseline,5007,1,1,32,32,0,0,3,1.1027377843856812
func-soft-gn,independent,baseline,5007,1,1,64,64,1,0,3,0.4361477196216583
func-soft-gn,independent,baseline,5007,1,1,128,128,1,0,2,0.16596639156341553
func-soft-gn,independent,baseline,5007,1,1,256,256,1,0,2,0.06729280203580856
func-soft-gn,independent,baseline,5007,1,1,512,512,1,0,2,0.005579552613198757
func-soft-gn,independent,baseline,5007,1,1,1024,954,1,0,2,0.0029816897585988045
func-soft-gn,independent,baseline,5007,1,1,1112,1024,1,0,2,0.0029580784030258656
func-soft-gn,coherent,baseline,5007,1,2,0,0,0,0,0,7.823437213897705
func-soft-gn,coherent,baseline,5007,1,2,1,1,0,0,0,7.545868396759033
func-soft-gn,coherent,baseline,5007,1,2,2,2,0,0,0,7.184609889984131
func-soft-gn,coherent,baseline,5007,1,2,4,4,0,0,0,5.989843368530273
func-soft-gn,coherent,baseline,5007,1,2,8,8,0,0,3,1.0345776081085205
func-soft-gn,coherent,baseline,5007,1,2,16,16,1,0,3,0.3654904365539551
func-soft-gn,coherent,baseline,5007,1,2,32,32,1,0,1,0.20567524433135986
func-soft-gn,coherent,baseline,5007,1,2,64,64,1,0,1,0.06782136857509613
func-soft-gn,coherent,baseline,5007,1,2,128,128,1,0,2,0.053264591842889786
func-soft-gn,coherent,baseline,5007,1,2,256,256,1,0,1,0.026411214843392372
func-soft-gn,coherent,baseline,5007,1,2,512,512,1,0,2,0.003084308933466673
func-soft-gn,coherent,baseline,5007,1,2,1024,1024,1,0,1,0.0027844244614243507
func-soft-gn,coherent,baseline,5007,1,2,1112,1024,1,0,1,0.0027844244614243507
func-soft-gn,independent,baseline,5007,1,2,0,0,0,0,0,8.28886604309082
func-soft-gn,independent,baseline,5007,1,2,1,1,0,0,0,8.081178665161133
func-soft-gn,independent,baseline,5007,1,2,2,2,0,0,0,7.861994743347168
func-soft-gn,independent,baseline,5007,1,2,4,4,0,0,0,7.355035781860352
func-soft-gn,independent,baseline,5007,1,2,8,8,0,0,0,5.389543533325195
func-soft-gn,independent,baseline,5007,1,2,16,16,0,0,3,1.7161839008331299
func-soft-gn,independent,baseline,5007,1,2,32,32,0,0,3,1.2845221757888794
func-soft-gn,independent,baseline,5007,1,2,64,64,1,0,1,0.5785534381866455
func-soft-gn,independent,baseline,5007,1,2,128,128,1,0,2,0.3820369839668274
func-soft-gn,independent,baseline,5007,1,2,256,256,1,0,2,0.1937609314918518
func-soft-gn,independent,baseline,5007,1,2,512,512,1,0,2,0.09281517565250397
func-soft-gn,independent,baseline,5007,1,2,1024,986,1,0,2,0.06879961490631104
func-soft-gn,independent,baseline,5007,1,2,1112,1024,1,0,2,0.06888838112354279
func-hard-gn,coherent,up-0.25,5007,1,0,0,0,0,0,0,9.111063003540039
func-hard-gn,coherent,up-0.25,5007,1,0,1,1,0,0,0,7.390466213226318
func-hard-gn,coherent,up-0.25,5007,1,0,2,2,0,0,0,3.3199448585510254
func-hard-gn,coherent,up-0.25,5007,1,0,4,4,1,0,1,0.1517110913991928
func-hard-gn,coherent,up-0.25,5007,1,0,8,8,1,1,0,0.023207787424325943
func-hard-gn,coherent,up-0.25,5007,1,0,16,16,1,1,0,0.0017249428201466799
func-hard-gn,coherent,up-0.25,5007,1,0,32,32,1,1,0,0.0014206201303750277
func-hard-gn,coherent,up-0.25,5007,1,0,64,64,1,1,0,0.001364134717732668
func-hard-gn,coherent,up-0.25,5007,1,0,128,128,1,1,0,0.0013566347770392895
func-hard-gn,coherent,up-0.25,5007,1,0,256,256,1,1,0,0.001353420433588326
func-hard-gn,coherent,up-0.25,5007,1,0,512,512,1,1,0,0.0013513370649889112
func-hard-gn,coherent,up-0.25,5007,1,0,1024,1024,1,1,0,0.001349670346826315
func-hard-gn,independent,up-0.25,5007,1,0,0,0,0,0,0,8.950719833374023
func-hard-gn,independent,up-0.25,5007,1,0,1,1,0,0,0,8.413171768188477
func-hard-gn,independent,up-0.25,5007,1,0,2,2,0,0,0,6.41452169418335
func-hard-gn,independent,up-0.25,5007,1,0,4,4,0,0,0,3.5867133140563965
func-hard-gn,independent,up-0.25,5007,1,0,8,8,0,0,0,3.5582566261291504
func-hard-gn,independent,up-0.25,5007,1,0,16,16,0,0,0,3.4356799125671387
func-hard-gn,independent,up-0.25,5007,1,0,32,32,1,1,0,0.07549992203712463
func-hard-gn,independent,up-0.25,5007,1,0,64,64,1,1,0,0.0017006173729896545
func-hard-gn,independent,up-0.25,5007,1,0,128,128,1,1,0,0.0015034005045890808
func-hard-gn,independent,up-0.25,5007,1,0,256,256,1,0,1,0.0014884618576616049
func-hard-gn,independent,up-0.25,5007,1,0,512,512,1,0,1,0.0014844744000583887
func-hard-gn,independent,up-0.25,5007,1,0,1024,1024,1,0,1,0.0014830459840595722
func-hard-gn,coherent,up-0.25,5007,1,1,0,0,0,0,0,8.680854797363281
func-hard-gn,coherent,up-0.25,5007,1,1,1,1,0,0,0,8.22294807434082
func-hard-gn,coherent,up-0.25,5007,1,1,2,2,0,0,0,7.857217788696289
func-hard-gn,coherent,up-0.25,5007,1,1,4,4,0,0,0,3.5004119873046875
func-hard-gn,coherent,up-0.25,5007,1,1,8,8,1,1,0,0.07615400850772858
func-hard-gn,coherent,up-0.25,5007,1,1,16,16,1,1,0,0.012425839900970459
func-hard-gn,coherent,up-0.25,5007,1,1,32,32,1,1,0,0.0017087152227759361
func-hard-gn,coherent,up-0.25,5007,1,1,64,64,1,1,0,0.0016306450124830008
func-hard-gn,coherent,up-0.25,5007,1,1,128,128,1,1,0,0.0016261818818747997
func-hard-gn,coherent,up-0.25,5007,1,1,256,256,1,1,0,0.0016227304004132748
func-hard-gn,coherent,up-0.25,5007,1,1,512,512,1,1,0,0.0016207071021199226
func-hard-gn,coherent,up-0.25,5007,1,1,1024,1024,1,1,0,0.0016198145458474755
func-hard-gn,independent,up-0.25,5007,1,1,0,0,0,0,0,8.81295394897461
func-hard-gn,independent,up-0.25,5007,1,1,1,1,0,0,0,8.21827220916748
func-hard-gn,independent,up-0.25,5007,1,1,2,2,0,0,0,5.5433502197265625
func-hard-gn,independent,up-0.25,5007,1,1,4,4,0,0,1,4.288372993469238
func-hard-gn,independent,up-0.25,5007,1,1,8,8,0,0,0,4.050623893737793
func-hard-gn,independent,up-0.25,5007,1,1,16,16,1,0,1,0.3242467939853668
func-hard-gn,independent,up-0.25,5007,1,1,32,32,1,1,0,0.02279421128332615
func-hard-gn,independent,up-0.25,5007,1,1,64,64,1,1,0,0.012071443721652031
func-hard-gn,independent,up-0.25,5007,1,1,128,128,1,0,2,0.004157268907874823
func-hard-gn,independent,up-0.25,5007,1,1,256,256,1,0,2,0.0015992831904441118
func-hard-gn,independent,up-0.25,5007,1,1,512,512,1,0,2,0.0015869052149355412
func-hard-gn,independent,up-0.25,5007,1,1,1024,1024,1,0,3,0.0015826800372451544
func-hard-gn,coherent,up-0.25,5007,1,2,0,0,0,0,0,8.067706108093262
func-hard-gn,coherent,up-0.25,5007,1,2,1,1,0,0,0,6.985119819641113
func-hard-gn,coherent,up-0.25,5007,1,2,2,2,0,0,0,3.8956031799316406
func-hard-gn,coherent,up-0.25,5007,1,2,4,4,0,0,0,3.8192617893218994
func-hard-gn,coherent,up-0.25,5007,1,2,8,8,0,0,1,1.3594398498535156
func-hard-gn,coherent,up-0.25,5007,1,2,16,16,1,0,1,0.003505606669932604
func-hard-gn,coherent,up-0.25,5007,1,2,32,32,1,0,4,0.0016052349237725139
func-hard-gn,coherent,up-0.25,5007,1,2,64,64,1,0,2,0.0015593523858115077
func-hard-gn,coherent,up-0.25,5007,1,2,128,128,1,0,1,0.001549592474475503
func-hard-gn,coherent,up-0.25,5007,1,2,256,256,1,0,1,0.001546200131997466
func-hard-gn,coherent,up-0.25,5007,1,2,512,512,1,0,1,0.0015450099017471075
func-hard-gn,coherent,up-0.25,5007,1,2,1024,1024,1,0,1,0.001544295810163021
func-hard-gn,independent,up-0.25,5007,1,2,0,0,0,0,0,8.414247512817383
func-hard-gn,independent,up-0.25,5007,1,2,1,1,0,0,0,8.21672248840332
func-hard-gn,independent,up-0.25,5007,1,2,2,2,0,0,0,7.911868095397949
func-hard-gn,independent,up-0.25,5007,1,2,4,4,0,0,1,4.441555976867676
func-hard-gn,independent,up-0.25,5007,1,2,8,8,0,0,2,3.457357406616211
func-hard-gn,independent,up-0.25,5007,1,2,16,16,0,0,1,2.7095041275024414
func-hard-gn,independent,up-0.25,5007,1,2,32,32,1,0,4,0.026798484846949577
func-hard-gn,independent,up-0.25,5007,1,2,64,64,1,0,3,0.007473900448530912
func-hard-gn,independent,up-0.25,5007,1,2,128,128,1,0,4,0.0015899993013590574
func-hard-gn,independent,up-0.25,5007,1,2,256,256,1,0,4,0.0014964437577873468
func-hard-gn,independent,up-0.25,5007,1,2,512,512,1,0,4,0.0014775765594094992
func-hard-gn,independent,up-0.25,5007,1,2,1024,1024,1,0,4,0.001468351110816002
func-soft-gn,coherent,up-0.25,5007,1,0,0,0,0,0,0,9.111063003540039
func-soft-gn,coherent,up-0.25,5007,1,0,1,1,0,0,0,7.572755813598633
func-soft-gn,coherent,up-0.25,5007,1,0,2,2,0,0,0,4.074884414672852
func-soft-gn,coherent,up-0.25,5007,1,0,4,4,1,0,1,0.0068426369689404964
func-soft-gn,coherent,up-0.25,5007,1,0,8,8,1,1,0,0.004055378958582878
func-soft-gn,coherent,up-0.25,5007,1,0,16,16,1,1,0,0.0013888961402699351
func-soft-gn,coherent,up-0.25,5007,1,0,32,32,1,1,0,0.001369253732264042
func-soft-gn,coherent,up-0.25,5007,1,0,64,64,1,1,0,0.0013610990718007088
func-soft-gn,coherent,up-0.25,5007,1,0,128,128,1,1,0,0.0013566347770392895
func-soft-gn,coherent,up-0.25,5007,1,0,256,256,1,1,0,0.0013535990146920085
func-soft-gn,coherent,up-0.25,5007,1,0,512,512,1,1,0,0.0013513965532183647
func-soft-gn,coherent,up-0.25,5007,1,0,1024,1024,1,1,0,0.0013497299514710903
func-soft-gn,independent,up-0.25,5007,1,0,0,0,0,0,0,8.950719833374023
func-soft-gn,independent,up-0.25,5007,1,0,1,1,0,0,0,8.435022354125977
func-soft-gn,independent,up-0.25,5007,1,0,2,2,0,0,0,6.658400535583496
func-soft-gn,independent,up-0.25,5007,1,0,4,4,0,0,0,3.646144151687622
func-soft-gn,independent,up-0.25,5007,1,0,8,8,0,0,0,3.6215922832489014
func-soft-gn,independent,up-0.25,5007,1,0,16,16,0,0,0,3.380547285079956
func-soft-gn,independent,up-0.25,5007,1,0,32,32,1,1,0,0.026434242725372314
func-soft-gn,independent,up-0.25,5007,1,0,64,64,1,0,2,0.0017647596541792154
func-soft-gn,independent,up-0.25,5007,1,0,128,128,1,0,1,0.0014887591823935509
func-soft-gn,independent,up-0.25,5007,1,0,256,256,1,0,1,0.0014838792849332094
func-soft-gn,independent,up-0.25,5007,1,0,512,512,1,0,1,0.0014828675193712115
func-soft-gn,independent,up-0.25,5007,1,0,1024,1024,1,0,1,0.001482450868934393
func-soft-gn,coherent,up-0.25,5007,1,1,0,0,0,0,0,8.680854797363281
func-soft-gn,coherent,up-0.25,5007,1,1,1,1,0,0,0,8.23765754699707
func-soft-gn,coherent,up-0.25,5007,1,1,2,2,0,0,0,7.369991302490234
func-soft-gn,coherent,up-0.25,5007,1,1,4,4,0,0,0,2.0557265281677246
func-soft-gn,coherent,up-0.25,5007,1,1,8,8,1,1,0,0.0310971662402153
func-soft-gn,coherent,up-0.25,5007,1,1,16,16,1,1,0,0.0021567107178270817
func-soft-gn,coherent,up-0.25,5007,1,1,32,32,1,1,0,0.0016841402975842357
func-soft-gn,coherent,up-0.25,5007,1,1,64,64,1,1,0,0.0016332631930708885
func-soft-gn,coherent,up-0.25,5007,1,1,128,128,1,1,0,0.00162588432431221
func-soft-gn,coherent,up-0.25,5007,1,1,256,256,1,1,0,0.0016222543781623244
func-soft-gn,coherent,up-0.25,5007,1,1,512,512,1,1,0,0.001620409544557333
func-soft-gn,coherent,up-0.25,5007,1,1,1024,1024,1,1,0,0.0016196954529732466
func-soft-gn,independent,up-0.25,5007,1,1,0,0,0,0,0,8.81295394897461
func-soft-gn,independent,up-0.25,5007,1,1,1,1,0,0,0,8.25061321258545
func-soft-gn,independent,up-0.25,5007,1,1,2,2,0,0,0,5.771159648895264
func-soft-gn,independent,up-0.25,5007,1,1,4,4,0,0,1,4.308574199676514
func-soft-gn,independent,up-0.25,5007,1,1,8,8,0,0,0,4.216293811798096
func-soft-gn,independent,up-0.25,5007,1,1,16,16,1,0,1,0.09027579426765442
func-soft-gn,independent,up-0.25,5007,1,1,32,32,1,1,0,0.006822817958891392
func-soft-gn,independent,up-0.25,5007,1,1,64,64,1,0,1,0.0016956230392679572
func-soft-gn,independent,up-0.25,5007,1,1,128,128,1,1,0,0.0015974384732544422
func-soft-gn,independent,up-0.25,5007,1,1,256,256,1,1,0,0.001589464140124619
func-soft-gn,independent,up-0.25,5007,1,1,512,512,1,0,2,0.0015854175435379148
func-soft-gn,independent,up-0.25,5007,1,1,1024,1024,1,0,2,0.001582858618348837
func-soft-gn,coherent,up-0.25,5007,1,2,0,0,0,0,0,8.067706108093262
func-soft-gn,coherent,up-0.25,5007,1,2,1,1,0,0,0,7.074033260345459
func-soft-gn,coherent,up-0.25,5007,1,2,2,2,0,0,0,3.893807888031006
func-soft-gn,coherent,up-0.25,5007,1,2,4,4,0,0,0,3.848917007446289
func-soft-gn,coherent,up-0.25,5007,1,2,8,8,0,0,1,1.7523767948150635
func-soft-gn,coherent,up-0.25,5007,1,2,16,16,1,0,1,0.006228410638868809
func-soft-gn,coherent,up-0.25,5007,1,2,32,32,1,0,1,0.004489411134272814
func-soft-gn,coherent,up-0.25,5007,1,2,64,64,1,0,2,0.0015603641513735056
func-soft-gn,coherent,up-0.25,5007,1,2,128,128,1,0,1,0.0015467358753085136
func-soft-gn,coherent,up-0.25,5007,1,2,256,256,1,0,1,0.00154518848285079
func-soft-gn,coherent,up-0.25,5007,1,2,512,512,1,0,1,0.0015444743912667036
func-soft-gn,coherent,up-0.25,5007,1,2,1024,1024,1,0,1,0.0015439982526004314
func-soft-gn,independent,up-0.25,5007,1,2,0,0,0,0,0,8.414247512817383
func-soft-gn,independent,up-0.25,5007,1,2,1,1,0,0,0,8.222415924072266
func-soft-gn,independent,up-0.25,5007,1,2,2,2,0,0,0,7.935805797576904
func-soft-gn,independent,up-0.25,5007,1,2,4,4,0,0,1,4.83812141418457
func-soft-gn,independent,up-0.25,5007,1,2,8,8,0,0,2,3.393354654312134
func-soft-gn,independent,up-0.25,5007,1,2,16,16,0,0,1,2.6226754188537598
func-soft-gn,independent,up-0.25,5007,1,2,32,32,1,0,4,0.017664924263954163
func-soft-gn,independent,up-0.25,5007,1,2,64,64,1,0,2,0.0066727278754115105
func-soft-gn,independent,up-0.25,5007,1,2,128,128,1,0,4,0.0015446515753865242
func-soft-gn,independent,up-0.25,5007,1,2,256,256,1,0,4,0.0014929918106645346
func-soft-gn,independent,up-0.25,5007,1,2,512,512,1,0,4,0.0014783503720536828
func-soft-gn,independent,up-0.25,5007,1,2,1024,1024,1,0,4,0.0014698987361043692
