phase,run_id,world_seed,initialization,arm,step,is_fixed_endpoint,actual_examples,supervised_tokens,effective_input_tokens,estimated_training_flops,split,n,answer_accuracy,accuracy,answer_probability,nll,eos_accuracy,population_n,coverage,all_intermediate_answers_and_eos_correct
development,development-A,146001,14601,A,0,False,0,0,0,0,atomic,1024,0.0009765625,0.0,0.006861207297055203,4.977694511413574,0.0,,,
development,development-A,146001,14601,A,0,False,0,0,0,0,atomic_BG,512,0.001953125,0.0,0.0068321614985720446,4.9761786460876465,0.0,,,
development,development-A,146001,14601,A,0,False,0,0,0,0,atomic_A,256,0.0,0.0,0.006917049520303401,4.975861072540283,0.0,,,
development,development-A,146001,14601,A,0,False,0,0,0,0,atomic_B,256,0.0,0.0,0.006863456670773321,4.982558250427246,0.0,,,
development,development-A,146001,14601,A,0,False,0,0,0,0,test_composite,844,0.0035545023696682463,0.0,0.006863544111322181,5.097091197967529,0.0,,,
development,development-A,146001,14601,A,0,False,0,0,0,0,test_BG_BG,207,0.0,0.0,0.006794160265715934,5.092398166656494,0.0,,,
development,development-A,146001,14601,A,0,False,0,0,0,0,test_BG_A,106,0.0,0.0,0.0068641668952235295,5.088468551635742,0.0,,,
development,development-A,146001,14601,A,0,False,0,0,0,0,test_BG_B,114,0.008771929824561403,0.0,0.00713811274796086,5.0844831466674805,0.0,,,
development,development-A,146001,14601,A,0,False,0,0,0,0,test_A_BG,96,0.0,0.0,0.006676610221404061,5.1270294189453125,0.0,,,
development,development-A,146001,14601,A,0,False,0,0,0,0,test_A_A,59,0.0,0.0,0.00691700378800347,5.103490829467773,0.0,,,
development,development-A,146001,14601,A,0,False,0,0,0,0,test_A_B,58,0.017241379310344827,0.0,0.0070793166446146685,5.084544658660889,0.0,,,
development,development-A,146001,14601,A,0,False,0,0,0,0,test_B_BG,97,0.0,0.0,0.006654650363205876,5.106794357299805,0.0,,,
development,development-A,146001,14601,A,0,False,0,0,0,0,test_B_A,51,0.0196078431372549,0.0,0.006988983421156276,5.090850830078125,0.0,,,
development,development-A,146001,14601,A,0,False,0,0,0,0,test_B_B,56,0.0,0.0,0.006848156735254634,5.100218772888184,0.0,,,
development,development-A,146001,14601,A,0,False,0,0,0,0,train_background,1877,0.002663825253063399,0.0,0.006727505187338352,5.104000568389893,0.0,,,
development,development-A,146001,14601,A,0,False,0,0,0,0,role_A_reference,2288,0.0013111888111888112,0.0,0.0067151449378283,5.10693883895874,0.0,,,
development,development-A,146001,14601,A,0,False,0,0,0,0,role_B_reference,2288,0.0026223776223776225,0.0,0.006822829655568674,5.100352764129639,0.0,,,
development,development-A,146001,14601,A,0,False,0,0,0,0,train_composite,4165,0.0019207683073229293,0.0,0.006720714799704536,5.105615139007568,0.0,,,
development,development-A,146001,14601,A,0,False,0,0,0,0,test_atomic_answers_correct_subset,0,,,,,,844,0.0,
development,development-A,146001,14601,A,0,False,0,0,0,0,autonomous_calls,844,0.001184834123222749,0.0,,,,,,0.0
development,development-A,146001,14601,A,100,False,25600,51200,99200,491441356800,atomic,1024,0.0,0.0,0.006853333410114229,4.435341835021973,0.9970703125,,,
development,development-A,146001,14601,A,100,False,25600,51200,99200,491441356800,atomic_BG,512,0.0,0.0,0.006900769110232316,4.428565502166748,0.998046875,,,
development,development-A,146001,14601,A,100,False,25600,51200,99200,491441356800,atomic_A,256,0.0,0.0,0.006828027926492036,4.437577247619629,0.99609375,,,
development,development-A,146001,14601,A,100,False,25600,51200,99200,491441356800,atomic_B,256,0.0,0.0,0.006783767493500248,4.44666051864624,0.99609375,,,
development,development-A,146001,14601,A,100,False,25600,51200,99200,491441356800,test_composite,844,0.0,0.0,0.0068629297691745784,4.251366138458252,1.0,,,
development,development-A,146001,14601,A,100,False,25600,51200,99200,491441356800,test_BG_BG,207,0.0,0.0,0.007007439989613831,4.234483242034912,1.0,,,
development,development-A,146001,14601,A,100,False,25600,51200,99200,491441356800,test_BG_A,106,0.0,0.0,0.006696817839229476,4.25899076461792,1.0,,,
development,development-A,146001,14601,A,100,False,25600,51200,99200,491441356800,test_BG_B,114,0.0,0.0,0.006934963575343397,4.253948211669922,1.0,,,
development,development-A,146001,14601,A,100,False,25600,51200,99200,491441356800,test_A_BG,96,0.0,0.0,0.006712647254458199,4.26790189743042,1.0,,,
development,development-A,146001,14601,A,100,False,25600,51200,99200,491441356800,test_A_A,59,0.0,0.0,0.006839783615737149,4.252195835113525,1.0,,,
development,development-A,146001,14601,A,100,False,25600,51200,99200,491441356800,test_A_B,58,0.0,0.0,0.006896486459750567,4.250024318695068,1.0,,,
development,development-A,146001,14601,A,100,False,25600,51200,99200,491441356800,test_B_BG,97,0.0,0.0,0.006788950686224449,4.249449253082275,1.0,,,
development,development-A,146001,14601,A,100,False,25600,51200,99200,491441356800,test_B_A,51,0.0,0.0,0.006827678325165944,4.264078140258789,1.0,,,
development,development-A,146001,14601,A,100,False,25600,51200,99200,491441356800,test_B_B,56,0.0,0.0,0.006903820440077005,4.257999897003174,1.0,,,
development,development-A,146001,14601,A,100,False,25600,51200,99200,491441356800,train_background,1877,0.0,0.0,0.006841134425432076,4.249706268310547,1.0,,,
development,development-A,146001,14601,A,100,False,25600,51200,99200,491441356800,role_A_reference,2288,0.0,0.0,0.006787794573065446,4.254664897918701,1.0,,,
development,development-A,146001,14601,A,100,False,25600,51200,99200,491441356800,role_B_reference,2288,0.0,0.0,0.006813049666125703,4.256768703460693,1.0,,,
development,development-A,146001,14601,A,100,False,25600,51200,99200,491441356800,train_composite,4165,0.0,0.0,0.006811833227780225,4.252430438995361,1.0,,,
development,development-A,146001,14601,A,100,False,25600,51200,99200,491441356800,test_atomic_answers_correct_subset,0,,,,,,844,0.0,
development,development-A,146001,14601,A,100,False,25600,51200,99200,491441356800,autonomous_calls,844,0.0,0.0,,,,,,0.0
development,development-A,146001,14601,A,250,False,64000,128000,248000,1228603392000,atomic,1024,0.0,0.0,0.006743194466212285,3.7956008911132812,1.0,,,
development,development-A,146001,14601,A,250,False,64000,128000,248000,1228603392000,atomic_BG,512,0.0,0.0,0.006906168790344579,3.782553195953369,1.0,,,
development,development-A,146001,14601,A,250,False,64000,128000,248000,1228603392000,atomic_A,256,0.0,0.0,0.00667807177975318,3.7999534606933594,1.0,,,
development,development-A,146001,14601,A,250,False,64000,128000,248000,1228603392000,atomic_B,256,0.0,0.0,0.006482368504406805,3.8173444271087646,1.0,,,
development,development-A,146001,14601,A,250,False,64000,128000,248000,1228603392000,test_composite,844,0.0,0.0,0.00672010286458501,3.7589855194091797,1.0,,,
development,development-A,146001,14601,A,250,False,64000,128000,248000,1228603392000,test_BG_BG,207,0.0,0.0,0.00704528248541723,3.7337405681610107,1.0,,,
development,development-A,146001,14601,A,250,False,64000,128000,248000,1228603392000,test_BG_A,106,0.0,0.0,0.006363945472582345,3.7842354774475098,1.0,,,
development,development-A,146001,14601,A,250,False,64000,128000,248000,1228603392000,test_BG_B,114,0.0,0.0,0.0064529723961288836,3.7789180278778076,1.0,,,
development,development-A,146001,14601,A,250,False,64000,128000,248000,1228603392000,test_A_BG,96,0.0,0.0,0.0067837218115504696,3.7552855014801025,1.0,,,
development,development-A,146001,14601,A,250,False,64000,128000,248000,1228603392000,test_A_A,59,0.0,0.0,0.006771975917739954,3.7567050457000732,1.0,,,
development,development-A,146001,14601,A,250,False,64000,128000,248000,1228603392000,test_A_B,58,0.0,0.0,0.006317479574483807,3.7900822162628174,1.0,,,
development,development-A,146001,14601,A,250,False,64000,128000,248000,1228603392000,test_B_BG,97,0.0,0.0,0.007080003377338664,3.7326598167419434,1.0,,,
development,development-A,146001,14601,A,250,False,64000,128000,248000,1228603392000,test_B_A,51,0.0,0.0,0.0065397982815488965,3.770017385482788,1.0,,,
development,development-A,146001,14601,A,250,False,64000,128000,248000,1228603392000,test_B_B,56,0.0,0.0,0.006530124625522065,3.7760233879089355,1.0,,,
development,development-A,146001,14601,A,250,False,64000,128000,248000,1228603392000,train_background,1877,0.0,0.0,0.006945009161809007,3.741690158843994,1.0,,,
development,development-A,146001,14601,A,250,False,64000,128000,248000,1228603392000,role_A_reference,2288,0.0,0.0,0.006806681841712695,3.7520196437835693,1.0,,,
development,development-A,146001,14601,A,250,False,64000,128000,248000,1228603392000,role_B_reference,2288,0.0,0.0,0.0066272149308521,3.7667551040649414,1.0,,,
development,development-A,146001,14601,A,250,False,64000,128000,248000,1228603392000,train_composite,4165,0.0,0.0,0.006869020662928108,3.7473645210266113,1.0,,,
development,development-A,146001,14601,A,250,False,64000,128000,248000,1228603392000,test_atomic_answers_correct_subset,0,,,,,,844,0.0,
development,development-A,146001,14601,A,250,False,64000,128000,248000,1228603392000,autonomous_calls,844,0.0,0.0,,,,,,0.0
development,development-A,146001,14601,A,500,False,128000,256000,496000,2457206784000,atomic,1024,0.037109375,0.037109375,0.008848789992870913,3.1965858936309814,1.0,,,
development,development-A,146001,14601,A,500,False,128000,256000,496000,2457206784000,atomic_BG,512,0.044921875,0.044921875,0.00939314183581498,3.1644468307495117,1.0,,,
development,development-A,146001,14601,A,500,False,128000,256000,496000,2457206784000,atomic_A,256,0.04296875,0.04296875,0.0089442976047849,3.1894114017486572,1.0,,,
development,development-A,146001,14601,A,500,False,128000,256000,496000,2457206784000,atomic_B,256,0.015625,0.015625,0.007664578695068797,3.2680392265319824,1.0,,,
development,development-A,146001,14601,A,500,False,128000,256000,496000,2457206784000,test_composite,844,0.02962085308056872,0.02962085308056872,0.009203826059097461,3.158261775970459,1.0,,,
development,development-A,146001,14601,A,500,False,128000,256000,496000,2457206784000,test_BG_BG,207,0.057971014492753624,0.057971014492753624,0.010324313206217094,3.098508358001709,1.0,,,
development,development-A,146001,14601,A,500,False,128000,256000,496000,2457206784000,test_BG_A,106,0.018867924528301886,0.018867924528301886,0.009384733002712012,3.1419079303741455,1.0,,,
development,development-A,146001,14601,A,500,False,128000,256000,496000,2457206784000,test_BG_B,114,0.0,0.0,0.007443681081238938,3.255582809448242,1.0,,,
development,development-A,146001,14601,A,500,False,128000,256000,496000,2457206784000,test_A_BG,96,0.03125,0.03125,0.01008996517688024,3.103679656982422,1.0,,,
development,development-A,146001,14601,A,500,False,128000,256000,496000,2457206784000,test_A_A,59,0.01694915254237288,0.01694915254237288,0.009829542148949974,3.12549090385437,1.0,,,
development,development-A,146001,14601,A,500,False,128000,256000,496000,2457206784000,test_A_B,58,0.017241379310344827,0.017241379310344827,0.007014709447948852,3.291536569595337,1.0,,,
development,development-A,146001,14601,A,500,False,128000,256000,496000,2457206784000,test_B_BG,97,0.041237113402061855,0.041237113402061855,0.009888893736971797,3.122028350830078,1.0,,,
development,development-A,146001,14601,A,500,False,128000,256000,496000,2457206784000,test_B_A,51,0.0196078431372549,0.0196078431372549,0.008914738950586107,3.1674957275390625,1.0,,,
development,development-A,146001,14601,A,500,False,128000,256000,496000,2457206784000,test_B_B,56,0.017857142857142856,0.017857142857142856,0.007468296642803062,3.2563860416412354,1.0,,,
development,development-A,146001,14601,A,500,False,128000,256000,496000,2457206784000,train_background,1877,0.05700586041555674,0.05700586041555674,0.010495127142407572,3.089012861251831,1.0,,,
development,development-A,146001,14601,A,500,False,128000,256000,496000,2457206784000,role_A_reference,2288,0.03583916083916084,0.03583916083916084,0.009989042348021449,3.1119720935821533,1.0,,,
development,development-A,146001,14601,A,500,False,128000,256000,496000,2457206784000,role_B_reference,2288,0.02666083916083916,0.02666083916083916,0.008454337155769775,3.2024850845336914,1.0,,,
development,development-A,146001,14601,A,500,False,128000,256000,496000,2457206784000,train_composite,4165,0.0453781512605042,0.0453781512605042,0.0102171148985042,3.101625442504883,1.0,,,
development,development-A,146001,14601,A,500,False,128000,256000,496000,2457206784000,test_atomic_answers_correct_subset,3,1.0,1.0,0.021231270410024983,2.716996192932129,1.0,844,0.0035545023696682463,
development,development-A,146001,14601,A,500,False,128000,256000,496000,2457206784000,autonomous_calls,844,0.018957345971563982,0.018957345971563982,,,,,,0.0035545023696682463
development,development-A,146001,14601,A,1000,False,256000,512000,992000,4914413568000,atomic,1024,0.0595703125,0.0595703125,0.01491538027663008,2.249297618865967,1.0,,,
development,development-A,146001,14601,A,1000,False,256000,512000,992000,4914413568000,atomic_BG,512,0.078125,0.078125,0.017771426692475945,2.1362106800079346,1.0,,,
development,development-A,146001,14601,A,1000,False,256000,512000,992000,4914413568000,atomic_A,256,0.06640625,0.06640625,0.015507082472195555,2.2039740085601807,1.0,,,
development,development-A,146001,14601,A,1000,False,256000,512000,992000,4914413568000,atomic_B,256,0.015625,0.015625,0.00861158524937287,2.5207948684692383,1.0,,,
development,development-A,146001,14601,A,1000,False,256000,512000,992000,4914413568000,test_composite,844,0.0533175355450237,0.0533175355450237,0.014326087226308654,2.2798147201538086,1.0,,,
development,development-A,146001,14601,A,1000,False,256000,512000,992000,4914413568000,test_BG_BG,207,0.10628019323671498,0.10628019323671498,0.01851647635279022,2.1283068656921387,1.0,,,
development,development-A,146001,14601,A,1000,False,256000,512000,992000,4914413568000,test_BG_A,106,0.04716981132075472,0.04716981132075472,0.014790271081649452,2.2247326374053955,1.0,,,
development,development-A,146001,14601,A,1000,False,256000,512000,992000,4914413568000,test_BG_B,114,0.008771929824561403,0.008771929824561403,0.007759896187097739,2.5524485111236572,1.0,,,
development,development-A,146001,14601,A,1000,False,256000,512000,992000,4914413568000,test_A_BG,96,0.08333333333333333,0.08333333333333333,0.017574711720948266,2.1377553939819336,1.0,,,
development,development-A,146001,14601,A,1000,False,256000,512000,992000,4914413568000,test_A_A,59,0.01694915254237288,0.01694915254237288,0.014674834503766967,2.232537031173706,1.0,,,
development,development-A,146001,14601,A,1000,False,256000,512000,992000,4914413568000,test_A_B,58,0.0,0.0,0.006978871206040855,2.6324760913848877,1.0,,,
development,development-A,146001,14601,A,1000,False,256000,512000,992000,4914413568000,test_B_BG,97,0.05154639175257732,0.05154639175257732,0.017302019443409852,2.151937961578369,1.0,,,
development,development-A,146001,14601,A,1000,False,256000,512000,992000,4914413568000,test_B_A,51,0.0392156862745098,0.0392156862745098,0.014301352739644878,2.2489826679229736,1.0,,,
development,development-A,146001,14601,A,1000,False,256000,512000,992000,4914413568000,test_B_B,56,0.017857142857142856,0.017857142857142856,0.007865931575055602,2.5667800903320312,1.0,,,
development,development-A,146001,14601,A,1000,False,256000,512000,992000,4914413568000,train_background,1877,0.10974960042621204,0.10974960042621204,0.020538262910571203,2.057739496231079,1.0,,,
development,development-A,146001,14601,A,1000,False,256000,512000,992000,4914413568000,role_A_reference,2288,0.07386363636363637,0.07386363636363637,0.018011334656913243,2.1239871978759766,1.0,,,
development,development-A,146001,14601,A,1000,False,256000,512000,992000,4914413568000,role_B_reference,2288,0.03409090909090909,0.03409090909090909,0.011463305763009147,2.4080960750579834,1.0,,,
development,development-A,146001,14601,A,1000,False,256000,512000,992000,4914413568000,train_composite,4165,0.09003601440576231,0.09003601440576231,0.019150120367403378,2.0941319465637207,1.0,,,
development,development-A,146001,14601,A,1000,False,256000,512000,992000,4914413568000,test_atomic_answers_correct_subset,5,1.0,1.0,0.04443234771758856,1.6082684993743896,1.0,844,0.005924170616113744,
development,development-A,146001,14601,A,1000,False,256000,512000,992000,4914413568000,autonomous_calls,844,0.0485781990521327,0.0485781990521327,,,,,,0.005924170616113744
development,development-A,146001,14601,A,2000,False,512000,1024000,1984000,9828827136000,atomic,1024,0.228515625,0.228515625,0.05302085308297434,1.7554574012756348,1.0,,,
development,development-A,146001,14601,A,2000,False,512000,1024000,1984000,9828827136000,atomic_BG,512,0.322265625,0.322265625,0.07102380496059586,1.522088646888733,1.0,,,
development,development-A,146001,14601,A,2000,False,512000,1024000,1984000,9828827136000,atomic_A,256,0.2265625,0.2265625,0.0529177919060102,1.6571227312088013,1.0,,,
development,development-A,146001,14601,A,2000,False,512000,1024000,1984000,9828827136000,atomic_B,256,0.04296875,0.04296875,0.017118010504695448,2.3205299377441406,1.0,,,
development,development-A,146001,14601,A,2000,False,512000,1024000,1984000,9828827136000,test_composite,844,0.07582938388625593,0.07582938388625593,0.02779785216898974,2.161484479904175,1.0,,,
development,development-A,146001,14601,A,2000,False,512000,1024000,1984000,9828827136000,test_BG_BG,207,0.10144927536231885,0.10144927536231885,0.04183000700905457,1.8834764957427979,1.0,,,
development,development-A,146001,14601,A,2000,False,512000,1024000,1984000,9828827136000,test_BG_A,106,0.0660377358490566,0.0660377358490566,0.026313078312094652,2.1146254539489746,1.0,,,
development,development-A,146001,14601,A,2000,False,512000,1024000,1984000,9828827136000,test_BG_B,114,0.017543859649122806,0.017543859649122806,0.007701523611636906,2.7025654315948486,1.0,,,
development,development-A,146001,14601,A,2000,False,512000,1024000,1984000,9828827136000,test_A_BG,96,0.13541666666666666,0.13541666666666666,0.04207680927181192,1.8447046279907227,1.0,,,
development,development-A,146001,14601,A,2000,False,512000,1024000,1984000,9828827136000,test_A_A,59,0.13559322033898305,0.13559322033898305,0.03066263159993627,2.016629934310913,1.0,,,
development,development-A,146001,14601,A,2000,False,512000,1024000,1984000,9828827136000,test_A_B,58,0.017241379310344827,0.017241379310344827,0.006935989484212125,2.8157684803009033,1.0,,,
development,development-A,146001,14601,A,2000,False,512000,1024000,1984000,9828827136000,test_B_BG,97,0.08247422680412371,0.08247422680412371,0.03324032309044535,1.9471739530563354,1.0,,,
development,development-A,146001,14601,A,2000,False,512000,1024000,1984000,9828827136000,test_B_A,51,0.058823529411764705,0.058823529411764705,0.020250830160795163,2.1167542934417725,1.0,,,
development,development-A,146001,14601,A,2000,False,512000,1024000,1984000,9828827136000,test_B_B,56,0.017857142857142856,0.017857142857142856,0.011205068219614431,2.606292963027954,1.0,,,
development,development-A,146001,14601,A,2000,False,512000,1024000,1984000,9828827136000,train_background,1877,0.40756526371870005,0.40756526371870005,0.09276514703130392,1.365341067314148,1.0,,,
development,development-A,146001,14601,A,2000,False,512000,1024000,1984000,9828827136000,role_A_reference,2288,0.2674825174825175,0.2674825174825175,0.0663661280140229,1.5412219762802124,1.0,,,
development,development-A,146001,14601,A,2000,False,512000,1024000,1984000,9828827136000,role_B_reference,2288,0.027097902097902096,0.027097902097902096,0.014960199686305787,2.4654057025909424,1.0,,,
development,development-A,146001,14601,A,2000,False,512000,1024000,1984000,9828827136000,train_composite,4165,0.3306122448979592,0.3306122448979592,0.0782631437097223,1.4619596004486084,1.0,,,
development,development-A,146001,14601,A,2000,False,512000,1024000,1984000,9828827136000,test_atomic_answers_correct_subset,43,0.32558139534883723,0.32558139534883723,0.08544301767736354,1.4744864702224731,1.0,844,0.0509478672985782,
development,development-A,146001,14601,A,2000,False,512000,1024000,1984000,9828827136000,autonomous_calls,844,0.07701421800947868,0.07701421800947868,,,,,,0.0509478672985782
development,development-A,146001,14601,A,4000,False,1024000,2048000,3968000,19657654272000,atomic,1024,0.8115234375,0.8115234375,0.5395232666023937,0.5262999534606934,1.0,,,
development,development-A,146001,14601,A,4000,False,1024000,2048000,3968000,19657654272000,atomic_BG,512,0.966796875,0.966796875,0.6830735332183342,0.23615989089012146,1.0,,,
development,development-A,146001,14601,A,4000,False,1024000,2048000,3968000,19657654272000,atomic_A,256,0.94140625,0.94140625,0.6252431829192984,0.30597782135009766,1.0,,,
development,development-A,146001,14601,A,4000,False,1024000,2048000,3968000,19657654272000,atomic_B,256,0.37109375,0.37109375,0.16670281705360798,1.3269025087356567,1.0,,,
development,development-A,146001,14601,A,4000,False,1024000,2048000,3968000,19657654272000,test_composite,844,0.2334123222748815,0.2334123222748815,0.12994520584022093,1.8740854263305664,1.0,,,
development,development-A,146001,14601,A,4000,False,1024000,2048000,3968000,19657654272000,test_BG_BG,207,0.4106280193236715,0.4106280193236715,0.23234437802628555,1.146896243095398,1.0,,,
development,development-A,146001,14601,A,4000,False,1024000,2048000,3968000,19657654272000,test_BG_A,106,0.3018867924528302,0.3018867924528302,0.16486673386473885,1.3807249069213867,1.0,,,
development,development-A,146001,14601,A,4000,False,1024000,2048000,3968000,19657654272000,test_BG_B,114,0.02631578947368421,0.02631578947368421,0.013694033883031661,2.8837971687316895,1.0,,,
development,development-A,146001,14601,A,4000,False,1024000,2048000,3968000,19657654272000,test_A_BG,96,0.3958333333333333,0.3958333333333333,0.23664680319346473,1.140286922454834,1.0,,,
development,development-A,146001,14601,A,4000,False,1024000,2048000,3968000,19657654272000,test_A_A,59,0.3559322033898305,0.3559322033898305,0.16716933660682423,1.381799578666687,1.0,,,
development,development-A,146001,14601,A,4000,False,1024000,2048000,3968000,19657654272000,test_A_B,58,0.0,0.0,0.00675378779871858,3.144172430038452,1.0,,,
development,development-A,146001,14601,A,4000,False,1024000,2048000,3968000,19657654272000,test_B_BG,97,0.14432989690721648,0.14432989690721648,0.0737917241057448,2.071944236755371,1.0,,,
development,development-A,146001,14601,A,4000,False,1024000,2048000,3968000,19657654272000,test_B_A,51,0.058823529411764705,0.058823529411764705,0.03291082529257637,2.3352324962615967,1.0,,,
development,development-A,146001,14601,A,4000,False,1024000,2048000,3968000,19657654272000,test_B_B,56,0.017857142857142856,0.017857142857142856,0.013074438147114049,3.138767719268799,1.0,,,
development,development-A,146001,14601,A,4000,False,1024000,2048000,3968000,19657654272000,train_background,1877,0.9792221630261055,0.9792221630261055,0.7423024969706082,0.1742030531167984,1.0,,,
development,development-A,146001,14601,A,4000,False,1024000,2048000,3968000,19657654272000,role_A_reference,2288,0.9606643356643356,0.9606643356643356,0.6697710088113097,0.24247696995735168,1.0,,,
development,development-A,146001,14601,A,4000,False,1024000,2048000,3968000,19657654272000,role_B_reference,2288,0.041520979020979024,0.041520979020979024,0.02756243647979428,2.744755983352661,1.0,,,
development,development-A,146001,14601,A,4000,False,1024000,2048000,3968000,19657654272000,train_composite,4165,0.9690276110444178,0.9690276110444178,0.7024579147928133,0.21170879900455475,1.0,,,
development,development-A,146001,14601,A,4000,False,1024000,2048000,3968000,19657654272000,test_atomic_answers_correct_subset,564,0.3351063829787234,0.3351063829787234,0.18392293807892993,1.408987045288086,1.0,844,0.6682464454976303,
development,development-A,146001,14601,A,4000,False,1024000,2048000,3968000,19657654272000,autonomous_calls,844,0.6765402843601895,0.6765402843601895,,,,,,0.6682464454976303
development,development-A,146001,14601,A,8000,False,2048000,4096000,7936000,39315308544000,atomic,1024,1.0,1.0,0.9915742739346938,0.004887204617261887,1.0,,,
development,development-A,146001,14601,A,8000,False,2048000,4096000,7936000,39315308544000,atomic_BG,512,1.0,1.0,0.9970703476878107,0.0015742527320981026,1.0,,,
development,development-A,146001,14601,A,8000,False,2048000,4096000,7936000,39315308544000,atomic_A,256,1.0,1.0,0.9953514295254944,0.002570836804807186,1.0,,,
development,development-A,146001,14601,A,8000,False,2048000,4096000,7936000,39315308544000,atomic_B,256,1.0,1.0,0.9768049708376594,0.01382947526872158,1.0,,,
development,development-A,146001,14601,A,8000,False,2048000,4096000,7936000,39315308544000,test_composite,844,0.5485781990521327,0.5485781990521327,0.49872207519401185,1.2709075212478638,1.0,,,
development,development-A,146001,14601,A,8000,False,2048000,4096000,7936000,39315308544000,test_BG_BG,207,0.9178743961352657,0.9178743961352657,0.8388698649038816,0.1584095060825348,1.0,,,
development,development-A,146001,14601,A,8000,False,2048000,4096000,7936000,39315308544000,test_BG_A,106,0.8301886792452831,0.8301886792452831,0.7670527789990531,0.3349318504333496,1.0,,,
development,development-A,146001,14601,A,8000,False,2048000,4096000,7936000,39315308544000,test_BG_B,114,0.043859649122807015,0.043859649122807015,0.04511822625377278,2.775860548019409,1.0,,,
development,development-A,146001,14601,A,8000,False,2048000,4096000,7936000,39315308544000,test_A_BG,96,0.8854166666666666,0.8854166666666666,0.7913536119406932,0.21335291862487793,1.0,,,
development,development-A,146001,14601,A,8000,False,2048000,4096000,7936000,39315308544000,test_A_A,59,0.8305084745762712,0.8305084745762712,0.7610112136633408,0.2955644428730011,1.0,,,
development,development-A,146001,14601,A,8000,False,2048000,4096000,7936000,39315308544000,test_A_B,58,0.017241379310344827,0.017241379310344827,0.029974165359693217,2.9903624057769775,1.0,,,
development,development-A,146001,14601,A,8000,False,2048000,4096000,7936000,39315308544000,test_B_BG,97,0.28865979381443296,0.28865979381443296,0.26052733081599294,1.7353097200393677,1.0,,,
development,development-A,146001,14601,A,8000,False,2048000,4096000,7936000,39315308544000,test_B_A,51,0.3137254901960784,0.3137254901960784,0.23644080710319573,1.7949305772781372,1.0,,,
development,development-A,146001,14601,A,8000,False,2048000,4096000,7936000,39315308544000,test_B_B,56,0.017857142857142856,0.017857142857142856,0.015784172323044462,3.8692169189453125,1.0,,,
development,development-A,146001,14601,A,8000,False,2048000,4096000,7936000,39315308544000,train_background,1877,1.0,1.0,0.9973334016908358,0.0013914396986365318,1.0,,,
development,development-A,146001,14601,A,8000,False,2048000,4096000,7936000,39315308544000,role_A_reference,2288,1.0,1.0,0.9965434065698114,0.0017904829001054168,1.0,,,
development,development-A,146001,14601,A,8000,False,2048000,4096000,7936000,39315308544000,role_B_reference,2288,0.11057692307692307,0.11057692307692307,0.09643102471179756,2.6897897720336914,1.0,,,
development,development-A,146001,14601,A,8000,False,2048000,4096000,7936000,39315308544000,train_composite,4165,1.0,1.0,0.9968994137357338,0.0016106562688946724,1.0,,,
development,development-A,146001,14601,A,8000,False,2048000,4096000,7936000,39315308544000,test_atomic_answers_correct_subset,844,0.5485781990521327,0.5485781990521327,0.49872207519401185,1.2709075212478638,1.0,844,1.0,
development,development-A,146001,14601,A,8000,False,2048000,4096000,7936000,39315308544000,autonomous_calls,844,1.0,1.0,,,,,,1.0
development,development-A,146001,14601,A,12000,False,3072000,6144000,11904000,58972962816000,atomic,1024,1.0,1.0,0.9991712162353528,0.0004288014897610992,1.0,,,
development,development-A,146001,14601,A,12000,False,3072000,6144000,11904000,58972962816000,atomic_BG,512,1.0,1.0,0.9996826372435814,0.00016486903768964112,1.0,,,
development,development-A,146001,14601,A,12000,False,3072000,6144000,11904000,58972962816000,atomic_A,256,1.0,1.0,0.9996838919921308,0.00016389966185670346,1.0,,,
development,development-A,146001,14601,A,12000,False,3072000,6144000,11904000,58972962816000,atomic_B,256,1.0,1.0,0.9976356984621173,0.0012215683236718178,1.0,,,
development,development-A,146001,14601,A,12000,False,3072000,6144000,11904000,58972962816000,test_composite,844,0.6196682464454977,0.6196682464454977,0.60231907505395,1.0803380012512207,1.0,,,
development,development-A,146001,14601,A,12000,False,3072000,6144000,11904000,58972962816000,test_BG_BG,207,0.9903381642512077,0.9903381642512077,0.9675441127599372,0.029331307858228683,1.0,,,
development,development-A,146001,14601,A,12000,False,3072000,6144000,11904000,58972962816000,test_BG_A,106,0.9339622641509434,0.9339622641509434,0.9084178257166676,0.1398542821407318,1.0,,,
development,development-A,146001,14601,A,12000,False,3072000,6144000,11904000,58972962816000,test_BG_B,114,0.09649122807017543,0.09649122807017543,0.10227221329728588,2.3581435680389404,1.0,,,
development,development-A,146001,14601,A,12000,False,3072000,6144000,11904000,58972962816000,test_A_BG,96,0.9479166666666666,0.9479166666666666,0.9109837062847402,0.07439040392637253,1.0,,,
development,development-A,146001,14601,A,12000,False,3072000,6144000,11904000,58972962816000,test_A_A,59,0.9491525423728814,0.9491525423728814,0.9086027111830535,0.11994346976280212,1.0,,,
development,development-A,146001,14601,A,12000,False,3072000,6144000,11904000,58972962816000,test_A_B,58,0.06896551724137931,0.06896551724137931,0.0650502791386403,2.6959733963012695,1.0,,,
development,development-A,146001,14601,A,12000,False,3072000,6144000,11904000,58972962816000,test_B_BG,97,0.422680412371134,0.422680412371134,0.4004007769775689,1.416248083114624,1.0,,,
development,development-A,146001,14601,A,12000,False,3072000,6144000,11904000,58972962816000,test_B_A,51,0.3137254901960784,0.3137254901960784,0.31396199709907124,1.7328436374664307,1.0,,,
development,development-A,146001,14601,A,12000,False,3072000,6144000,11904000,58972962816000,test_B_B,56,0.0,0.0,0.007780285295902111,4.031204700469971,1.0,,,
development,development-A,146001,14601,A,12000,False,3072000,6144000,11904000,58972962816000,train_background,1877,1.0,1.0,0.9997148022269878,0.0001456148602301255,1.0,,,
development,development-A,146001,14601,A,12000,False,3072000,6144000,11904000,58972962816000,role_A_reference,2288,1.0,1.0,0.9996409258929176,0.00018261098011862487,1.0,,,
development,development-A,146001,14601,A,12000,False,3072000,6144000,11904000,58972962816000,role_B_reference,2288,0.15384615384615385,0.15384615384615385,0.13955899121215617,2.62876033782959,1.0,,,
development,development-A,146001,14601,A,12000,False,3072000,6144000,11904000,58972962816000,train_composite,4165,1.0,1.0,0.9996742187640297,0.00016593844338785857,1.0,,,
development,development-A,146001,14601,A,12000,False,3072000,6144000,11904000,58972962816000,test_atomic_answers_correct_subset,844,0.6196682464454977,0.6196682464454977,0.60231907505395,1.0803380012512207,1.0,844,1.0,
development,development-A,146001,14601,A,12000,False,3072000,6144000,11904000,58972962816000,autonomous_calls,844,1.0,1.0,,,,,,1.0
development,development-A,146001,14601,A,16000,False,4096000,8192000,15872000,78630617088000,atomic,1024,1.0,1.0,0.9998290456518981,8.684967178851366e-05,1.0,,,
development,development-A,146001,14601,A,16000,False,4096000,8192000,15872000,78630617088000,atomic_BG,512,1.0,1.0,0.9999253989121519,3.858882701024413e-05,1.0,,,
development,development-A,146001,14601,A,16000,False,4096000,8192000,15872000,78630617088000,atomic_A,256,1.0,1.0,0.9999244509288336,3.9017570088617504e-05,1.0,,,
development,development-A,146001,14601,A,16000,False,4096000,8192000,15872000,78630617088000,atomic_B,256,1.0,1.0,0.9995409338544551,0.00023120343394111842,1.0,,,
development,development-A,146001,14601,A,16000,False,4096000,8192000,15872000,78630617088000,test_composite,844,0.6327014218009479,0.6327014218009479,0.6164838877788464,1.0940462350845337,1.0,,,
development,development-A,146001,14601,A,16000,False,4096000,8192000,15872000,78630617088000,test_BG_BG,207,0.9951690821256038,0.9951690821256038,0.9823056848615972,0.02023109421133995,1.0,,,
development,development-A,146001,14601,A,16000,False,4096000,8192000,15872000,78630617088000,test_BG_A,106,0.9528301886792453,0.9528301886792453,0.9339906847997513,0.09890428930521011,1.0,,,
development,development-A,146001,14601,A,16000,False,4096000,8192000,15872000,78630617088000,test_BG_B,114,0.08771929824561403,0.08771929824561403,0.08722888349822441,2.5190820693969727,1.0,,,
development,development-A,146001,14601,A,16000,False,4096000,8192000,15872000,78630617088000,test_A_BG,96,0.9583333333333334,0.9583333333333334,0.945665115162352,0.06504987925291061,1.0,,,
development,development-A,146001,14601,A,16000,False,4096000,8192000,15872000,78630617088000,test_A_A,59,0.9661016949152542,0.9661016949152542,0.932578626465416,0.07042466104030609,1.0,,,
development,development-A,146001,14601,A,16000,False,4096000,8192000,15872000,78630617088000,test_A_B,58,0.1206896551724138,0.1206896551724138,0.10372736597183453,2.5073063373565674,1.0,,,
development,development-A,146001,14601,A,16000,False,4096000,8192000,15872000,78630617088000,test_B_BG,97,0.4020618556701031,0.4020618556701031,0.36960818931244416,1.5519295930862427,1.0,,,
development,development-A,146001,14601,A,16000,False,4096000,8192000,15872000,78630617088000,test_B_A,51,0.4117647058823529,0.4117647058823529,0.3841811255557739,1.381378173828125,1.0,,,
development,development-A,146001,14601,A,16000,False,4096000,8192000,15872000,78630617088000,test_B_B,56,0.017857142857142856,0.017857142857142856,0.01360379276036919,4.370072841644287,1.0,,,
development,development-A,146001,14601,A,16000,False,4096000,8192000,15872000,78630617088000,train_background,1877,1.0,1.0,0.9999181956141617,4.148531661485322e-05,1.0,,,
development,development-A,146001,14601,A,16000,False,4096000,8192000,15872000,78630617088000,role_A_reference,2288,1.0,1.0,0.9998933358354251,5.3908606787445024e-05,1.0,,,
development,development-A,146001,14601,A,16000,False,4096000,8192000,15872000,78630617088000,role_B_reference,2288,0.17482517482517482,0.17482517482517482,0.1644807837292499,2.651887893676758,1.0,,,
development,development-A,146001,14601,A,16000,False,4096000,8192000,15872000,78630617088000,train_composite,4165,1.0,1.0,0.9999045394348539,4.830978286918253e-05,1.0,,,
development,development-A,146001,14601,A,16000,False,4096000,8192000,15872000,78630617088000,test_atomic_answers_correct_subset,844,0.6327014218009479,0.6327014218009479,0.6164838877788464,1.0940462350845337,1.0,844,1.0,
development,development-A,146001,14601,A,16000,False,4096000,8192000,15872000,78630617088000,autonomous_calls,844,1.0,1.0,,,,,,1.0
development,development-A,146001,14601,A,24000,False,6144000,12288000,23808000,117945925632000,atomic,1024,1.0,1.0,0.9998782962810009,6.33138042758219e-05,1.0,,,
development,development-A,146001,14601,A,24000,False,6144000,12288000,23808000,117945925632000,atomic_BG,512,1.0,1.0,0.9999288306216102,3.8146048609633e-05,1.0,,,
development,development-A,146001,14601,A,24000,False,6144000,12288000,23808000,117945925632000,atomic_A,256,1.0,1.0,0.9999072471519557,4.9017235141946e-05,1.0,,,
development,development-A,146001,14601,A,24000,False,6144000,12288000,23808000,117945925632000,atomic_B,256,1.0,1.0,0.9997482767288273,0.00012794588110409677,1.0,,,
development,development-A,146001,14601,A,24000,False,6144000,12288000,23808000,117945925632000,test_composite,844,0.6433649289099526,0.6433649289099526,0.636499732140794,1.042741060256958,1.0,,,
development,development-A,146001,14601,A,24000,False,6144000,12288000,23808000,117945925632000,test_BG_BG,207,0.9951690821256038,0.9951690821256038,0.9893382713106825,0.007159446366131306,1.0,,,
development,development-A,146001,14601,A,24000,False,6144000,12288000,23808000,117945925632000,test_BG_A,106,0.9716981132075472,0.9716981132075472,0.9614322553083571,0.05549302697181702,1.0,,,
development,development-A,146001,14601,A,24000,False,6144000,12288000,23808000,117945925632000,test_BG_B,114,0.14912280701754385,0.14912280701754385,0.13503959124068826,2.1024985313415527,1.0,,,
development,development-A,146001,14601,A,24000,False,6144000,12288000,23808000,117945925632000,test_A_BG,96,0.9791666666666666,0.9791666666666666,0.9810732478175591,0.0160247590392828,1.0,,,
development,development-A,146001,14601,A,24000,False,6144000,12288000,23808000,117945925632000,test_A_A,59,0.9491525423728814,0.9491525423728814,0.9523240862587101,0.054690465331077576,1.0,,,
development,development-A,146001,14601,A,24000,False,6144000,12288000,23808000,117945925632000,test_A_B,58,0.10344827586206896,0.10344827586206896,0.1167269540339383,2.5389745235443115,1.0,,,
development,development-A,146001,14601,A,24000,False,6144000,12288000,23808000,117945925632000,test_B_BG,97,0.4329896907216495,0.4329896907216495,0.41626259231835594,1.5581245422363281,1.0,,,
development,development-A,146001,14601,A,24000,False,6144000,12288000,23808000,117945925632000,test_B_A,51,0.37254901960784315,0.37254901960784315,0.3359980765411274,1.6879465579986572,1.0,,,
development,development-A,146001,14601,A,24000,False,6144000,12288000,23808000,117945925632000,test_B_B,56,0.0,0.0,0.00796011693163823,4.3535332679748535,1.0,,,
development,development-A,146001,14601,A,24000,False,6144000,12288000,23808000,117945925632000,train_background,1877,1.0,1.0,0.9999651052372711,1.7746187950251624e-05,1.0,,,
development,development-A,146001,14601,A,24000,False,6144000,12288000,23808000,117945925632000,role_A_reference,2288,1.0,1.0,0.9999600480789674,2.027927439485211e-05,1.0,,,
development,development-A,146001,14601,A,24000,False,6144000,12288000,23808000,117945925632000,role_B_reference,2288,0.21153846153846154,0.21153846153846154,0.19401381389463282,2.5356040000915527,1.0,,,
development,development-A,146001,14601,A,24000,False,6144000,12288000,23808000,117945925632000,train_composite,4165,1.0,1.0,0.9999623278788307,1.9137341951136477e-05,1.0,,,
development,development-A,146001,14601,A,24000,False,6144000,12288000,23808000,117945925632000,test_atomic_answers_correct_subset,844,0.6433649289099526,0.6433649289099526,0.636499732140794,1.042741060256958,1.0,844,1.0,
development,development-A,146001,14601,A,24000,False,6144000,12288000,23808000,117945925632000,autonomous_calls,844,1.0,1.0,,,,,,1.0
development,development-A,146001,14601,A,32000,False,8192000,16384000,31744000,157261234176000,atomic,1024,1.0,1.0,0.9999653889421549,2.2053998691262677e-05,1.0,,,
development,development-A,146001,14601,A,32000,False,8192000,16384000,31744000,157261234176000,atomic_BG,512,1.0,1.0,0.9999855016508137,1.2222290934005287e-05,1.0,,,
development,development-A,146001,14601,A,32000,False,8192000,16384000,31744000,157261234176000,atomic_A,256,1.0,1.0,0.9999878421834707,1.0819694580277428e-05,1.0,,,
development,development-A,146001,14601,A,32000,False,8192000,16384000,31744000,157261234176000,atomic_B,256,1.0,1.0,0.9999027102835216,5.29517128597945e-05,1.0,,,
development,development-A,146001,14601,A,32000,False,8192000,16384000,31744000,157261234176000,test_composite,844,0.6670616113744076,0.6670616113744076,0.6495662223026367,1.0079752206802368,1.0,,,
development,development-A,146001,14601,A,32000,False,8192000,16384000,31744000,157261234176000,test_BG_BG,207,0.9951690821256038,0.9951690821256038,0.994604806649051,0.0038193510845303535,1.0,,,
development,development-A,146001,14601,A,32000,False,8192000,16384000,31744000,157261234176000,test_BG_A,106,0.9811320754716981,0.9811320754716981,0.9682999351913798,0.03462294861674309,1.0,,,
development,development-A,146001,14601,A,32000,False,8192000,16384000,31744000,157261234176000,test_BG_B,114,0.20175438596491227,0.20175438596491227,0.16192099014568048,2.2064692974090576,1.0,,,
development,development-A,146001,14601,A,32000,False,8192000,16384000,31744000,157261234176000,test_A_BG,96,1.0,1.0,0.9877572378550065,0.008184440433979034,1.0,,,
development,development-A,146001,14601,A,32000,False,8192000,16384000,31744000,157261234176000,test_A_A,59,0.9491525423728814,0.9491525423728814,0.953095499952566,0.04919446259737015,1.0,,,
development,development-A,146001,14601,A,32000,False,8192000,16384000,31744000,157261234176000,test_A_B,58,0.1724137931034483,0.1724137931034483,0.14149233665926728,2.296583414077759,1.0,,,
development,development-A,146001,14601,A,32000,False,8192000,16384000,31744000,157261234176000,test_B_BG,97,0.5257731958762887,0.5257731958762887,0.4700233323936836,1.340708613395691,1.0,,,
development,development-A,146001,14601,A,32000,False,8192000,16384000,31744000,157261234176000,test_B_A,51,0.3137254901960784,0.3137254901960784,0.307660632738972,1.7485263347625732,1.0,,,
development,development-A,146001,14601,A,32000,False,8192000,16384000,31744000,157261234176000,test_B_B,56,0.017857142857142856,0.017857142857142856,0.012626739865362852,4.260945796966553,1.0,,,
development,development-A,146001,14601,A,32000,False,8192000,16384000,31744000,157261234176000,train_background,1877,1.0,1.0,0.9999862183872748,7.005566203588387e-06,1.0,,,
development,development-A,146001,14601,A,32000,False,8192000,16384000,31744000,157261234176000,role_A_reference,2288,1.0,1.0,0.9999828402335437,8.69796349434182e-06,1.0,,,
development,development-A,146001,14601,A,32000,False,8192000,16384000,31744000,157261234176000,role_B_reference,2288,0.23557692307692307,0.23557692307692307,0.22068168951777495,2.3428845405578613,1.0,,,
development,development-A,146001,14601,A,32000,False,8192000,16384000,31744000,157261234176000,train_composite,4165,1.0,1.0,0.9999843626045715,7.935281246318482e-06,1.0,,,
development,development-A,146001,14601,A,32000,False,8192000,16384000,31744000,157261234176000,test_atomic_answers_correct_subset,844,0.6670616113744076,0.6670616113744076,0.6495662223026367,1.0079752206802368,1.0,844,1.0,
development,development-A,146001,14601,A,32000,False,8192000,16384000,31744000,157261234176000,autonomous_calls,844,1.0,1.0,,,,,,1.0
development,development-A,146001,14601,A,40000,False,10240000,20480000,39680000,196576542720000,atomic,1024,1.0,1.0,0.9995835145453043,0.00024967140052467585,1.0,,,
development,development-A,146001,14601,A,40000,False,10240000,20480000,39680000,196576542720000,atomic_BG,512,1.0,1.0,0.9999696942426277,1.8748693037196063e-05,1.0,,,
development,development-A,146001,14601,A,40000,False,10240000,20480000,39680000,196576542720000,atomic_A,256,1.0,1.0,0.9986423697307458,0.0008333759615197778,1.0,,,
development,development-A,146001,14601,A,40000,False,10240000,20480000,39680000,196576542720000,atomic_B,256,1.0,1.0,0.9997522999652158,0.00012781223631463945,1.0,,,
development,development-A,146001,14601,A,40000,False,10240000,20480000,39680000,196576542720000,test_composite,844,0.6682464454976303,0.6682464454976303,0.6563200346407347,0.9993851184844971,1.0,,,
development,development-A,146001,14601,A,40000,False,10240000,20480000,39680000,196576542720000,test_BG_BG,207,1.0,1.0,0.9990520164745262,0.00048171536764129996,1.0,,,
development,development-A,146001,14601,A,40000,False,10240000,20480000,39680000,196576542720000,test_BG_A,106,0.9811320754716981,0.9811320754716981,0.9731128266057756,0.03850150108337402,1.0,,,
development,development-A,146001,14601,A,40000,False,10240000,20480000,39680000,196576542720000,test_BG_B,114,0.20175438596491227,0.20175438596491227,0.16258484867272496,2.0331859588623047,1.0,,,
development,development-A,146001,14601,A,40000,False,10240000,20480000,39680000,196576542720000,test_A_BG,96,0.9895833333333334,0.9895833333333334,0.9879316338646601,0.016169682145118713,1.0,,,
development,development-A,146001,14601,A,40000,False,10240000,20480000,39680000,196576542720000,test_A_A,59,0.9830508474576272,0.9830508474576272,0.9751218935028523,0.021252909675240517,1.0,,,
development,development-A,146001,14601,A,40000,False,10240000,20480000,39680000,196576542720000,test_A_B,58,0.27586206896551724,0.27586206896551724,0.22734537150184347,2.1353890895843506,1.0,,,
development,development-A,146001,14601,A,40000,False,10240000,20480000,39680000,196576542720000,test_B_BG,97,0.4329896907216495,0.4329896907216495,0.42274134963875115,1.4899818897247314,1.0,,,
development,development-A,146001,14601,A,40000,False,10240000,20480000,39680000,196576542720000,test_B_A,51,0.37254901960784315,0.37254901960784315,0.36275996924997805,1.7245919704437256,1.0,,,
development,development-A,146001,14601,A,40000,False,10240000,20480000,39680000,196576542720000,test_B_B,56,0.0,0.0,0.0068260420564952694,4.435261249542236,1.0,,,
development,development-A,146001,14601,A,40000,False,10240000,20480000,39680000,196576542720000,train_background,1877,1.0,1.0,0.9999777035044319,1.1192101737833582e-05,1.0,,,
development,development-A,146001,14601,A,40000,False,10240000,20480000,39680000,196576542720000,role_A_reference,2288,1.0,1.0,0.9999662000466549,1.6950176359387115e-05,1.0,,,
development,development-A,146001,14601,A,40000,False,10240000,20480000,39680000,196576542720000,role_B_reference,2288,0.2534965034965035,0.2534965034965035,0.23532705722886876,2.334369659423828,1.0,,,
development,development-A,146001,14601,A,40000,False,10240000,20480000,39680000,196576542720000,train_composite,4165,1.0,1.0,0.999971384198034,1.4355241546581965e-05,1.0,,,
development,development-A,146001,14601,A,40000,False,10240000,20480000,39680000,196576542720000,test_atomic_answers_correct_subset,844,0.6682464454976303,0.6682464454976303,0.6563200346407347,0.9993851184844971,1.0,844,1.0,
development,development-A,146001,14601,A,40000,False,10240000,20480000,39680000,196576542720000,autonomous_calls,844,1.0,1.0,,,,,,1.0
development,development-A,146001,14601,A,48000,False,12288000,24576000,47616000,235891851264000,atomic,1024,1.0,1.0,0.9999670330121407,1.8553419067757204e-05,1.0,,,
development,development-A,146001,14601,A,48000,False,12288000,24576000,47616000,235891851264000,atomic_BG,512,1.0,1.0,0.9999915160539353,6.303842383204028e-06,1.0,,,
development,development-A,146001,14601,A,48000,False,12288000,24576000,47616000,235891851264000,atomic_A,256,1.0,1.0,0.9999915185327097,6.396644948836183e-06,1.0,,,
development,development-A,146001,14601,A,48000,False,12288000,24576000,47616000,235891851264000,atomic_B,256,1.0,1.0,0.9998935814079827,5.520934428204782e-05,1.0,,,
development,development-A,146001,14601,A,48000,False,12288000,24576000,47616000,235891851264000,test_composite,844,0.6812796208530806,0.6812796208530806,0.669614805785544,0.9353386163711548,1.0,,,
development,development-A,146001,14601,A,48000,False,12288000,24576000,47616000,235891851264000,test_BG_BG,207,1.0,1.0,0.9992597150281367,0.0003775607910938561,1.0,,,
development,development-A,146001,14601,A,48000,False,12288000,24576000,47616000,235891851264000,test_BG_A,106,0.9905660377358491,0.9905660377358491,0.9894105869956871,0.008878947235643864,1.0,,,
development,development-A,146001,14601,A,48000,False,12288000,24576000,47616000,235891851264000,test_BG_B,114,0.20175438596491227,0.20175438596491227,0.19082673995219707,1.902366280555725,1.0,,,
development,development-A,146001,14601,A,48000,False,12288000,24576000,47616000,235891851264000,test_A_BG,96,0.9895833333333334,0.9895833333333334,0.9892391174131697,0.025809234008193016,1.0,,,
development,development-A,146001,14601,A,48000,False,12288000,24576000,47616000,235891851264000,test_A_A,59,0.9830508474576272,0.9830508474576272,0.9755118414236567,0.02590787038207054,1.0,,,
development,development-A,146001,14601,A,48000,False,12288000,24576000,47616000,235891851264000,test_A_B,58,0.27586206896551724,0.27586206896551724,0.2036904413586919,1.8760758638381958,1.0,,,
development,development-A,146001,14601,A,48000,False,12288000,24576000,47616000,235891851264000,test_B_BG,97,0.5257731958762887,0.5257731958762887,0.5065182494353995,1.232606053352356,1.0,,,
development,development-A,146001,14601,A,48000,False,12288000,24576000,47616000,235891851264000,test_B_A,51,0.37254901960784315,0.37254901960784315,0.342723421208039,1.5545576810836792,1.0,,,
development,development-A,146001,14601,A,48000,False,12288000,24576000,47616000,235891851264000,test_B_B,56,0.017857142857142856,0.017857142857142856,0.012861225339834628,4.640744686126709,1.0,,,
development,development-A,146001,14601,A,48000,False,12288000,24576000,47616000,235891851264000,train_background,1877,1.0,1.0,0.9999916354235607,4.184007138974266e-06,1.0,,,
development,development-A,146001,14601,A,48000,False,12288000,24576000,47616000,235891851264000,role_A_reference,2288,1.0,1.0,0.999970408989281,1.4892682884237729e-05,1.0,,,
development,development-A,146001,14601,A,48000,False,12288000,24576000,47616000,235891851264000,role_B_reference,2288,0.27972027972027974,0.27972027972027974,0.25851405885702644,2.1893808841705322,1.0,,,
development,development-A,146001,14601,A,48000,False,12288000,24576000,47616000,235891851264000,train_composite,4165,1.0,1.0,0.999979974871138,1.0066723007184919e-05,1.0,,,
development,development-A,146001,14601,A,48000,False,12288000,24576000,47616000,235891851264000,test_atomic_answers_correct_subset,844,0.6812796208530806,0.6812796208530806,0.669614805785544,0.9353386163711548,1.0,844,1.0,
development,development-A,146001,14601,A,48000,False,12288000,24576000,47616000,235891851264000,autonomous_calls,844,1.0,1.0,,,,,,1.0
development,development-A,146001,14601,A,56000,False,14336000,28672000,55552000,275207159808000,atomic,1024,1.0,1.0,0.9999818612635003,1.2992702977498993e-05,1.0,,,
development,development-A,146001,14601,A,56000,False,14336000,28672000,55552000,275207159808000,atomic_BG,512,1.0,1.0,0.9999930990394692,7.4792774285015184e-06,1.0,,,
development,development-A,146001,14601,A,56000,False,14336000,28672000,55552000,275207159808000,atomic_A,256,1.0,1.0,0.9999930987767998,7.445121354976436e-06,1.0,,,
development,development-A,146001,14601,A,56000,False,14336000,28672000,55552000,275207159808000,atomic_B,256,1.0,1.0,0.9999481481982628,2.9567134333774447e-05,1.0,,,
development,development-A,146001,14601,A,56000,False,14336000,28672000,55552000,275207159808000,test_composite,844,0.7132701421800948,0.7132701421800948,0.6926454427657873,0.7692561745643616,1.0,,,
development,development-A,146001,14601,A,56000,False,14336000,28672000,55552000,275207159808000,test_BG_BG,207,1.0,1.0,0.9988771834848172,0.0005783228552900255,1.0,,,
development,development-A,146001,14601,A,56000,False,14336000,28672000,55552000,275207159808000,test_BG_A,106,1.0,1.0,0.9882924046377527,0.00891568511724472,1.0,,,
development,development-A,146001,14601,A,56000,False,14336000,28672000,55552000,275207159808000,test_BG_B,114,0.3157894736842105,0.3157894736842105,0.250821093237628,1.5422531366348267,1.0,,,
development,development-A,146001,14601,A,56000,False,14336000,28672000,55552000,275207159808000,test_A_BG,96,1.0,1.0,0.9982211842547323,0.0009331434848718345,1.0,,,
development,development-A,146001,14601,A,56000,False,14336000,28672000,55552000,275207159808000,test_A_A,59,1.0,1.0,0.9841837940476466,0.009805417619645596,1.0,,,
development,development-A,146001,14601,A,56000,False,14336000,28672000,55552000,275207159808000,test_A_B,58,0.3275862068965517,0.3275862068965517,0.2873985948621684,1.3734904527664185,1.0,,,
development,development-A,146001,14601,A,56000,False,14336000,28672000,55552000,275207159808000,test_B_BG,97,0.5670103092783505,0.5670103092783505,0.5213334574190979,1.044805645942688,1.0,,,
development,development-A,146001,14601,A,56000,False,14336000,28672000,55552000,275207159808000,test_B_A,51,0.45098039215686275,0.45098039215686275,0.4294729394285767,1.152769684791565,1.0,,,
development,development-A,146001,14601,A,56000,False,14336000,28672000,55552000,275207159808000,test_B_B,56,0.017857142857142856,0.017857142857142856,0.02562393163549176,4.141345024108887,1.0,,,
development,development-A,146001,14601,A,56000,False,14336000,28672000,55552000,275207159808000,train_background,1877,1.0,1.0,0.9999901431770665,4.93222569275531e-06,1.0,,,
development,development-A,146001,14601,A,56000,False,14336000,28672000,55552000,275207159808000,role_A_reference,2288,1.0,1.0,0.9999900892562336,4.95857284477097e-06,1.0,,,
development,development-A,146001,14601,A,56000,False,14336000,28672000,55552000,275207159808000,role_B_reference,2288,0.31905594405594406,0.31905594405594406,0.2935998260885637,1.9829519987106323,1.0,,,
development,development-A,146001,14601,A,56000,False,14336000,28672000,55552000,275207159808000,train_composite,4165,1.0,1.0,0.99999011355621,4.946699391439324e-06,1.0,,,
development,development-A,146001,14601,A,56000,False,14336000,28672000,55552000,275207159808000,test_atomic_answers_correct_subset,844,0.7132701421800948,0.7132701421800948,0.6926454427657873,0.7692561745643616,1.0,844,1.0,
development,development-A,146001,14601,A,56000,False,14336000,28672000,55552000,275207159808000,autonomous_calls,844,1.0,1.0,,,,,,1.0
development,development-A,146001,14601,A,64000,False,16384000,32768000,63488000,314522468352000,atomic,1024,1.0,1.0,0.9999820295030925,1.1203753274457995e-05,1.0,,,
development,development-A,146001,14601,A,64000,False,16384000,32768000,63488000,314522468352000,atomic_BG,512,1.0,1.0,0.999994203865987,5.196198799239937e-06,1.0,,,
development,development-A,146001,14601,A,64000,False,16384000,32768000,63488000,314522468352000,atomic_A,256,1.0,1.0,0.9999953281433986,4.44283841716242e-06,1.0,,,
development,development-A,146001,14601,A,64000,False,16384000,32768000,63488000,314522468352000,atomic_B,256,1.0,1.0,0.9999443821369971,2.9979777536937036e-05,1.0,,,
development,development-A,146001,14601,A,64000,False,16384000,32768000,63488000,314522468352000,test_composite,844,0.7180094786729858,0.7180094786729858,0.7024827959642207,0.79378741979599,1.0,,,
development,development-A,146001,14601,A,64000,False,16384000,32768000,63488000,314522468352000,test_BG_BG,207,1.0,1.0,0.9995200738033306,0.00024251618015114218,1.0,,,
development,development-A,146001,14601,A,64000,False,16384000,32768000,63488000,314522468352000,test_BG_A,106,1.0,1.0,0.9973281424232755,0.0014283976051956415,1.0,,,
development,development-A,146001,14601,A,64000,False,16384000,32768000,63488000,314522468352000,test_BG_B,114,0.32456140350877194,0.32456140350877194,0.3083807482651482,1.375300407409668,1.0,,,
development,development-A,146001,14601,A,64000,False,16384000,32768000,63488000,314522468352000,test_A_BG,96,1.0,1.0,0.9959905726089521,0.0024649007245898247,1.0,,,
development,development-A,146001,14601,A,64000,False,16384000,32768000,63488000,314522468352000,test_A_A,59,1.0,1.0,0.9892406523810442,0.007081438787281513,1.0,,,
development,development-A,146001,14601,A,64000,False,16384000,32768000,63488000,314522468352000,test_A_B,58,0.4482758620689655,0.4482758620689655,0.3361728597112716,1.4740550518035889,1.0,,,
development,development-A,146001,14601,A,64000,False,16384000,32768000,63488000,314522468352000,test_B_BG,97,0.5257731958762887,0.5257731958762887,0.5153573945497714,1.2544852495193481,1.0,,,
development,development-A,146001,14601,A,64000,False,16384000,32768000,63488000,314522468352000,test_B_A,51,0.47058823529411764,0.47058823529411764,0.41343902894225226,1.4398415088653564,1.0,,,
development,development-A,146001,14601,A,64000,False,16384000,32768000,63488000,314522468352000,test_B_B,56,0.0,0.0,0.010140233633457436,4.137333393096924,1.0,,,
development,development-A,146001,14601,A,64000,False,16384000,32768000,63488000,314522468352000,train_background,1877,1.0,1.0,0.999993396647714,3.301857987025869e-06,1.0,,,
development,development-A,146001,14601,A,64000,False,16384000,32768000,63488000,314522468352000,role_A_reference,2288,1.0,1.0,0.9999930558864605,3.472182925179368e-06,1.0,,,
development,development-A,146001,14601,A,64000,False,16384000,32768000,63488000,314522468352000,role_B_reference,2288,0.3312937062937063,0.3312937062937063,0.3041715408774106,1.9653254747390747,1.0,,,
development,development-A,146001,14601,A,64000,False,16384000,32768000,63488000,314522468352000,train_composite,4165,1.0,1.0,0.9999932095398779,3.3953815545828547e-06,1.0,,,
development,development-A,146001,14601,A,64000,False,16384000,32768000,63488000,314522468352000,test_atomic_answers_correct_subset,844,0.7180094786729858,0.7180094786729858,0.7024827959642207,0.79378741979599,1.0,844,1.0,
development,development-A,146001,14601,A,64000,False,16384000,32768000,63488000,314522468352000,autonomous_calls,844,1.0,1.0,,,,,,1.0
development,development-A,146001,14601,A,80000,False,20480000,40960000,79360000,393153085440000,atomic,1024,1.0,1.0,0.9996003356940628,0.00025521358475089073,1.0,,,
development,development-A,146001,14601,A,80000,False,20480000,40960000,79360000,393153085440000,atomic_BG,512,1.0,1.0,0.9992217422256395,0.0004971594898961484,1.0,,,
development,development-A,146001,14601,A,80000,False,20480000,40960000,79360000,393153085440000,atomic_A,256,1.0,1.0,0.999995856204443,5.030961801821832e-06,1.0,,,
development,development-A,146001,14601,A,80000,False,20480000,40960000,79360000,393153085440000,atomic_B,256,1.0,1.0,0.9999620021205295,2.150432555936277e-05,1.0,,,
development,development-A,146001,14601,A,80000,False,20480000,40960000,79360000,393153085440000,test_composite,844,0.726303317535545,0.726303317535545,0.7146680701076314,0.7475647330284119,1.0,,,
development,development-A,146001,14601,A,80000,False,20480000,40960000,79360000,393153085440000,test_BG_BG,207,1.0,1.0,0.9995040499743528,0.0002557625703047961,1.0,,,
development,development-A,146001,14601,A,80000,False,20480000,40960000,79360000,393153085440000,test_BG_A,106,1.0,1.0,0.9957040002125204,0.0024024315644055605,1.0,,,
development,development-A,146001,14601,A,80000,False,20480000,40960000,79360000,393153085440000,test_BG_B,114,0.3333333333333333,0.3333333333333333,0.31398412367623046,1.3524948358535767,1.0,,,
development,development-A,146001,14601,A,80000,False,20480000,40960000,79360000,393153085440000,test_A_BG,96,1.0,1.0,0.9997601632734169,0.00012017227709293365,1.0,,,
development,development-A,146001,14601,A,80000,False,20480000,40960000,79360000,393153085440000,test_A_A,59,1.0,1.0,0.9992666951908276,0.00036948281922377646,1.0,,,
development,development-A,146001,14601,A,80000,False,20480000,40960000,79360000,393153085440000,test_A_B,58,0.3448275862068966,0.3448275862068966,0.27085333409927265,1.5094192028045654,1.0,,,
development,development-A,146001,14601,A,80000,False,20480000,40960000,79360000,393153085440000,test_B_BG,97,0.5979381443298969,0.5979381443298969,0.5883462857192696,0.994799792766571,1.0,,,
development,development-A,146001,14601,A,80000,False,20480000,40960000,79360000,393153085440000,test_B_A,51,0.5490196078431373,0.5490196078431373,0.49502108799489664,1.2238773107528687,1.0,,,
development,development-A,146001,14601,A,80000,False,20480000,40960000,79360000,393153085440000,test_B_B,56,0.017857142857142856,0.017857142857142856,0.03555381135163935,4.105866432189941,1.0,,,
development,development-A,146001,14601,A,80000,False,20480000,40960000,79360000,393153085440000,train_background,1877,1.0,1.0,0.9999849174743536,7.581827048852574e-06,1.0,,,
development,development-A,146001,14601,A,80000,False,20480000,40960000,79360000,393153085440000,role_A_reference,2288,1.0,1.0,0.9999931845179756,3.408998509257799e-06,1.0,,,
development,development-A,146001,14601,A,80000,False,20480000,40960000,79360000,393153085440000,role_B_reference,2288,0.34484265734265734,0.34484265734265734,0.3182808369846751,1.8759047985076904,1.0,,,
development,development-A,146001,14601,A,80000,False,20480000,40960000,79360000,393153085440000,train_composite,4165,1.0,1.0,0.9999894592614355,5.289340606395854e-06,1.0,,,
development,development-A,146001,14601,A,80000,False,20480000,40960000,79360000,393153085440000,test_atomic_answers_correct_subset,844,0.726303317535545,0.726303317535545,0.7146680701076314,0.7475647330284119,1.0,844,1.0,
development,development-A,146001,14601,A,80000,False,20480000,40960000,79360000,393153085440000,autonomous_calls,844,1.0,1.0,,,,,,1.0
development,development-A,146001,14601,A,96000,False,24576000,49152000,95232000,471783702528000,atomic,1024,1.0,1.0,0.9999879493394151,9.572651833877899e-06,1.0,,,
development,development-A,146001,14601,A,96000,False,24576000,49152000,95232000,471783702528000,atomic_BG,512,1.0,1.0,0.9999926778709148,7.2919647209346294e-06,1.0,,,
development,development-A,146001,14601,A,96000,False,24576000,49152000,95232000,471783702528000,atomic_A,256,1.0,1.0,0.9999963506982164,5.467754817800596e-06,1.0,,,
development,development-A,146001,14601,A,96000,False,24576000,49152000,95232000,471783702528000,atomic_B,256,1.0,1.0,0.9999700909176147,1.823892307584174e-05,1.0,,,
development,development-A,146001,14601,A,96000,False,24576000,49152000,95232000,471783702528000,test_composite,844,0.7417061611374408,0.7417061611374408,0.7299726138175515,0.6708663105964661,1.0,,,
development,development-A,146001,14601,A,96000,False,24576000,49152000,95232000,471783702528000,test_BG_BG,207,0.9951690821256038,0.9951690821256038,0.9964055048463558,0.003179614432156086,1.0,,,
development,development-A,146001,14601,A,96000,False,24576000,49152000,95232000,471783702528000,test_BG_A,106,1.0,1.0,0.9954644749963477,0.0027347456198185682,1.0,,,
development,development-A,146001,14601,A,96000,False,24576000,49152000,95232000,471783702528000,test_BG_B,114,0.38596491228070173,0.38596491228070173,0.35999740655170615,1.1506215333938599,1.0,,,
development,development-A,146001,14601,A,96000,False,24576000,49152000,95232000,471783702528000,test_A_BG,96,1.0,1.0,0.9983648733631929,0.0008820748771540821,1.0,,,
development,development-A,146001,14601,A,96000,False,24576000,49152000,95232000,471783702528000,test_A_A,59,1.0,1.0,0.999227937520483,0.00038909344584681094,1.0,,,
development,development-A,146001,14601,A,96000,False,24576000,49152000,95232000,471783702528000,test_A_B,58,0.39655172413793105,0.39655172413793105,0.32960241911943955,1.3715969324111938,1.0,,,
development,development-A,146001,14601,A,96000,False,24576000,49152000,95232000,471783702528000,test_B_BG,97,0.6494845360824743,0.6494845360824743,0.6331656575223203,0.8271472454071045,1.0,,,
development,development-A,146001,14601,A,96000,False,24576000,49152000,95232000,471783702528000,test_B_A,51,0.47058823529411764,0.47058823529411764,0.4679848866246864,1.362756371498108,1.0,,,
development,development-A,146001,14601,A,96000,False,24576000,49152000,95232000,471783702528000,test_B_B,56,0.08928571428571429,0.08928571428571429,0.07290895856005229,3.655238389968872,1.0,,,
development,development-A,146001,14601,A,96000,False,24576000,49152000,95232000,471783702528000,train_background,1877,1.0,1.0,0.9999954601325142,2.2772517240809975e-06,1.0,,,
development,development-A,146001,14601,A,96000,False,24576000,49152000,95232000,471783702528000,role_A_reference,2288,1.0,1.0,0.9999943425517762,2.8339320579107152e-06,1.0,,,
development,development-A,146001,14601,A,96000,False,24576000,49152000,95232000,471783702528000,role_B_reference,2288,0.3999125874125874,0.3999125874125874,0.35824333964742855,1.699461579322815,1.0,,,
development,development-A,146001,14601,A,96000,False,24576000,49152000,95232000,471783702528000,train_composite,4165,1.0,1.0,0.9999948462296266,2.5830440790741704e-06,1.0,,,
development,development-A,146001,14601,A,96000,False,24576000,49152000,95232000,471783702528000,test_atomic_answers_correct_subset,844,0.7417061611374408,0.7417061611374408,0.7299726138175515,0.6708663105964661,1.0,844,1.0,
development,development-A,146001,14601,A,96000,False,24576000,49152000,95232000,471783702528000,autonomous_calls,844,1.0,1.0,,,,,,1.0
development,development-A,146001,14601,A,112000,False,28672000,57344000,111104000,550414319616000,atomic,1024,1.0,1.0,0.9999782751934689,1.2703701941063628e-05,1.0,,,
development,development-A,146001,14601,A,112000,False,28672000,57344000,111104000,550414319616000,atomic_BG,512,1.0,1.0,0.9999836590893255,1.000147130980622e-05,1.0,,,
development,development-A,146001,14601,A,112000,False,28672000,57344000,111104000,550414319616000,atomic_A,256,1.0,1.0,0.9999950851713975,4.383204213809222e-06,1.0,,,
development,development-A,146001,14601,A,112000,False,28672000,57344000,111104000,550414319616000,atomic_B,256,1.0,1.0,0.999950697423827,2.6428655473864637e-05,1.0,,,
development,development-A,146001,14601,A,112000,False,28672000,57344000,111104000,550414319616000,test_composite,844,0.740521327014218,0.740521327014218,0.7302882559391976,0.7062435746192932,1.0,,,
development,development-A,146001,14601,A,112000,False,28672000,57344000,111104000,550414319616000,test_BG_BG,207,1.0,1.0,0.9998532626695521,7.346543134190142e-05,1.0,,,
development,development-A,146001,14601,A,112000,False,28672000,57344000,111104000,550414319616000,test_BG_A,106,1.0,1.0,0.9993804650047317,0.00031724898144602776,1.0,,,
development,development-A,146001,14601,A,112000,False,28672000,57344000,111104000,550414319616000,test_BG_B,114,0.41228070175438597,0.41228070175438597,0.36804640099580754,1.2850013971328735,1.0,,,
development,development-A,146001,14601,A,112000,False,28672000,57344000,111104000,550414319616000,test_A_BG,96,1.0,1.0,0.9996919727734083,0.00015524058835580945,1.0,,,
development,development-A,146001,14601,A,112000,False,28672000,57344000,111104000,550414319616000,test_A_A,59,0.9830508474576272,0.9830508474576272,0.9879101504328418,0.008773365058004856,1.0,,,
development,development-A,146001,14601,A,112000,False,28672000,57344000,111104000,550414319616000,test_A_B,58,0.39655172413793105,0.39655172413793105,0.38587050526114086,1.1816898584365845,1.0,,,
development,development-A,146001,14601,A,112000,False,28672000,57344000,111104000,550414319616000,test_B_BG,97,0.5154639175257731,0.5154639175257731,0.5282729232989002,1.0196099281311035,1.0,,,
development,development-A,146001,14601,A,112000,False,28672000,57344000,111104000,550414319616000,test_B_A,51,0.6666666666666666,0.6666666666666666,0.6013786894942501,1.054137945175171,1.0,,,
development,development-A,146001,14601,A,112000,False,28672000,57344000,111104000,550414319616000,test_B_B,56,0.07142857142857142,0.07142857142857142,0.05276110926024943,4.067785739898682,1.0,,,
development,development-A,146001,14601,A,112000,False,28672000,57344000,111104000,550414319616000,train_background,1877,1.0,1.0,0.9999903973230068,4.802589501196053e-06,1.0,,,
development,development-A,146001,14601,A,112000,False,28672000,57344000,111104000,550414319616000,role_A_reference,2288,1.0,1.0,0.9999904068177358,4.796992016053991e-06,1.0,,,
development,development-A,146001,14601,A,112000,False,28672000,57344000,111104000,550414319616000,role_B_reference,2288,0.38505244755244755,0.38505244755244755,0.35052343673213093,1.7248320579528809,1.0,,,
development,development-A,146001,14601,A,112000,False,28672000,57344000,111104000,550414319616000,train_composite,4165,1.0,1.0,0.9999904025960512,4.799485850526253e-06,1.0,,,
development,development-A,146001,14601,A,112000,False,28672000,57344000,111104000,550414319616000,test_atomic_answers_correct_subset,844,0.740521327014218,0.740521327014218,0.7302882559391976,0.7062435746192932,1.0,844,1.0,
development,development-A,146001,14601,A,112000,False,28672000,57344000,111104000,550414319616000,autonomous_calls,844,1.0,1.0,,,,,,1.0
development,development-A,146001,14601,A,128000,True,32768000,65536000,126976000,629044936704000,atomic,1024,1.0,1.0,0.9999498551142665,2.8892100090160966e-05,1.0,,,
development,development-A,146001,14601,A,128000,True,32768000,65536000,126976000,629044936704000,atomic_BG,512,1.0,1.0,0.9999835332113303,1.2022248483845033e-05,1.0,,,
development,development-A,146001,14601,A,128000,True,32768000,65536000,126976000,629044936704000,atomic_A,256,1.0,1.0,0.999992896800197,7.195499620138435e-06,1.0,,,
development,development-A,146001,14601,A,128000,True,32768000,65536000,126976000,629044936704000,atomic_B,256,1.0,1.0,0.9998394572342086,8.432840695604682e-05,1.0,,,
development,development-A,146001,14601,A,128000,True,32768000,65536000,126976000,629044936704000,test_composite,844,0.7606635071090048,0.7606635071090048,0.745158615079875,0.6349277496337891,1.0,,,
development,development-A,146001,14601,A,128000,True,32768000,65536000,126976000,629044936704000,test_BG_BG,207,0.9951690821256038,0.9951690821256038,0.9964787196286891,0.002862021327018738,1.0,,,
development,development-A,146001,14601,A,128000,True,32768000,65536000,126976000,629044936704000,test_BG_A,106,1.0,1.0,0.9968387413186216,0.0018573342822492123,1.0,,,
development,development-A,146001,14601,A,128000,True,32768000,65536000,126976000,629044936704000,test_BG_B,114,0.5,0.5,0.4384109677412811,0.9541976451873779,1.0,,,
development,development-A,146001,14601,A,128000,True,32768000,65536000,126976000,629044936704000,test_A_BG,96,1.0,1.0,0.9998194888570415,9.058338036993518e-05,1.0,,,
development,development-A,146001,14601,A,128000,True,32768000,65536000,126976000,629044936704000,test_A_A,59,1.0,1.0,0.9993566840016618,0.0003245790139771998,1.0,,,
development,development-A,146001,14601,A,128000,True,32768000,65536000,126976000,629044936704000,test_A_B,58,0.41379310344827586,0.41379310344827586,0.35139639176286397,1.170033574104309,1.0,,,
development,development-A,146001,14601,A,128000,True,32768000,65536000,126976000,629044936704000,test_B_BG,97,0.6701030927835051,0.6701030927835051,0.6527766662086881,0.8631753921508789,1.0,,,
development,development-A,146001,14601,A,128000,True,32768000,65536000,126976000,629044936704000,test_B_A,51,0.5098039215686274,0.5098039215686274,0.48450347551277334,1.2454237937927246,1.0,,,
development,development-A,146001,14601,A,128000,True,32768000,65536000,126976000,629044936704000,test_B_B,56,0.05357142857142857,0.05357142857142857,0.06508198763977373,3.771118402481079,1.0,,,
development,development-A,146001,14601,A,128000,True,32768000,65536000,126976000,629044936704000,train_background,1877,1.0,1.0,0.999993185959406,3.4325207707297523e-06,1.0,,,
development,development-A,146001,14601,A,128000,True,32768000,65536000,126976000,629044936704000,role_A_reference,2288,1.0,1.0,0.9999858679407778,7.122240731405327e-06,1.0,,,
development,development-A,146001,14601,A,128000,True,32768000,65536000,126976000,629044936704000,role_B_reference,2288,0.41346153846153844,0.41346153846153844,0.38276687398320786,1.5602614879608154,1.0,,,
development,development-A,146001,14601,A,128000,True,32768000,65536000,126976000,629044936704000,train_composite,4165,1.0,1.0,0.999989165880986,5.459430212795269e-06,1.0,,,
development,development-A,146001,14601,A,128000,True,32768000,65536000,126976000,629044936704000,test_atomic_answers_correct_subset,844,0.7606635071090048,0.7606635071090048,0.745158615079875,0.6349277496337891,1.0,844,1.0,
development,development-A,146001,14601,A,128000,True,32768000,65536000,126976000,629044936704000,autonomous_calls,844,1.0,1.0,,,,,,1.0
development,development-B,146001,14601,B,0,False,0,0,0,0,atomic,1024,0.0009765625,0.0,0.006861207297055203,4.977694511413574,0.0,,,
development,development-B,146001,14601,B,0,False,0,0,0,0,atomic_BG,512,0.001953125,0.0,0.0068321614985720446,4.9761786460876465,0.0,,,
development,development-B,146001,14601,B,0,False,0,0,0,0,atomic_A,256,0.0,0.0,0.006917049520303401,4.975861072540283,0.0,,,
development,development-B,146001,14601,B,0,False,0,0,0,0,atomic_B,256,0.0,0.0,0.006863456670773321,4.982558250427246,0.0,,,
development,development-B,146001,14601,B,0,False,0,0,0,0,test_composite,844,0.0035545023696682463,0.0,0.006863544111322181,5.097091197967529,0.0,,,
development,development-B,146001,14601,B,0,False,0,0,0,0,test_BG_BG,207,0.0,0.0,0.006794160265715934,5.092398166656494,0.0,,,
development,development-B,146001,14601,B,0,False,0,0,0,0,test_BG_A,106,0.0,0.0,0.0068641668952235295,5.088468551635742,0.0,,,
development,development-B,146001,14601,B,0,False,0,0,0,0,test_BG_B,114,0.008771929824561403,0.0,0.00713811274796086,5.0844831466674805,0.0,,,
development,development-B,146001,14601,B,0,False,0,0,0,0,test_A_BG,96,0.0,0.0,0.006676610221404061,5.1270294189453125,0.0,,,
development,development-B,146001,14601,B,0,False,0,0,0,0,test_A_A,59,0.0,0.0,0.00691700378800347,5.103490829467773,0.0,,,
development,development-B,146001,14601,B,0,False,0,0,0,0,test_A_B,58,0.017241379310344827,0.0,0.0070793166446146685,5.084544658660889,0.0,,,
development,development-B,146001,14601,B,0,False,0,0,0,0,test_B_BG,97,0.0,0.0,0.006654650363205876,5.106794357299805,0.0,,,
development,development-B,146001,14601,B,0,False,0,0,0,0,test_B_A,51,0.0196078431372549,0.0,0.006988983421156276,5.090850830078125,0.0,,,
development,development-B,146001,14601,B,0,False,0,0,0,0,test_B_B,56,0.0,0.0,0.006848156735254634,5.100218772888184,0.0,,,
development,development-B,146001,14601,B,0,False,0,0,0,0,train_background,1877,0.002663825253063399,0.0,0.006727505187338352,5.104000568389893,0.0,,,
development,development-B,146001,14601,B,0,False,0,0,0,0,role_A_reference,2288,0.0013111888111888112,0.0,0.0067151449378283,5.10693883895874,0.0,,,
development,development-B,146001,14601,B,0,False,0,0,0,0,role_B_reference,2288,0.0026223776223776225,0.0,0.006822829655568674,5.100352764129639,0.0,,,
development,development-B,146001,14601,B,0,False,0,0,0,0,train_composite,4165,0.0026410564225690276,0.0,0.006779870128177808,5.101996898651123,0.0,,,
development,development-B,146001,14601,B,0,False,0,0,0,0,test_atomic_answers_correct_subset,0,,,,,,844,0.0,
development,development-B,146001,14601,B,0,False,0,0,0,0,autonomous_calls,844,0.001184834123222749,0.0,,,,,,0.0
development,development-B,146001,14601,B,100,False,25600,51200,99200,491441356800,atomic,1024,0.0,0.0,0.00685731417604459,4.436399459838867,0.9970703125,,,
development,development-B,146001,14601,B,100,False,25600,51200,99200,491441356800,atomic_BG,512,0.0,0.0,0.006903669771163216,4.4297003746032715,0.998046875,,,
development,development-B,146001,14601,B,100,False,25600,51200,99200,491441356800,atomic_A,256,0.0,0.0,0.0067845639680643895,4.4429030418396,0.99609375,,,
development,development-B,146001,14601,B,100,False,25600,51200,99200,491441356800,atomic_B,256,0.0,0.0,0.006837353193787541,4.443294525146484,0.99609375,,,
development,development-B,146001,14601,B,100,False,25600,51200,99200,491441356800,test_composite,844,0.0,0.0,0.006863298218468688,4.251773834228516,1.0,,,
development,development-B,146001,14601,B,100,False,25600,51200,99200,491441356800,test_BG_BG,207,0.0,0.0,0.007006326067760222,4.235345363616943,1.0,,,
development,development-B,146001,14601,B,100,False,25600,51200,99200,491441356800,test_BG_A,106,0.0,0.0,0.00663822934744707,4.264010906219482,1.0,,,
development,development-B,146001,14601,B,100,False,25600,51200,99200,491441356800,test_BG_B,114,0.0,0.0,0.006997711165879233,4.249200344085693,1.0,,,
development,development-B,146001,14601,B,100,False,25600,51200,99200,491441356800,test_A_BG,96,0.0,0.0,0.006707563086708681,4.269189834594727,1.0,,,
development,development-B,146001,14601,B,100,False,25600,51200,99200,491441356800,test_A_A,59,0.0,0.0,0.006785815126858207,4.257768630981445,1.0,,,
development,development-B,146001,14601,B,100,False,25600,51200,99200,491441356800,test_A_B,58,0.0,0.0,0.0069391990618049865,4.246557712554932,1.0,,,
development,development-B,146001,14601,B,100,False,25600,51200,99200,491441356800,test_B_BG,97,0.0,0.0,0.00677545922819311,4.250775337219238,1.0,,,
development,development-B,146001,14601,B,100,False,25600,51200,99200,491441356800,test_B_A,51,0.0,0.0,0.006768925560997099,4.268507957458496,1.0,,,
development,development-B,146001,14601,B,100,False,25600,51200,99200,491441356800,test_B_B,56,0.0,0.0,0.0069948212101542334,4.2503156661987305,1.0,,,
development,development-B,146001,14601,B,100,False,25600,51200,99200,491441356800,train_background,1877,0.0,0.0,0.006849815667880519,4.249575614929199,1.0,,,
development,development-B,146001,14601,B,100,False,25600,51200,99200,491441356800,role_A_reference,2288,0.0,0.0,0.006743761085893312,4.258857250213623,1.0,,,
development,development-B,146001,14601,B,100,False,25600,51200,99200,491441356800,role_B_reference,2288,0.0,0.0,0.006869678502894436,4.252488613128662,1.0,,,
development,development-B,146001,14601,B,100,False,25600,51200,99200,491441356800,train_composite,4165,0.0,0.0,0.006860726877318264,4.251175880432129,1.0,,,
development,development-B,146001,14601,B,100,False,25600,51200,99200,491441356800,test_atomic_answers_correct_subset,0,,,,,,844,0.0,
development,development-B,146001,14601,B,100,False,25600,51200,99200,491441356800,autonomous_calls,844,0.0,0.0,,,,,,0.0
development,development-B,146001,14601,B,250,False,64000,128000,248000,1228603392000,atomic,1024,0.0,0.0,0.006770745520942074,3.8042304515838623,1.0,,,
development,development-B,146001,14601,B,250,False,64000,128000,248000,1228603392000,atomic_BG,512,0.0,0.0,0.00693137943632015,3.791482925415039,1.0,,,
development,development-B,146001,14601,B,250,False,64000,128000,248000,1228603392000,atomic_A,256,0.0,0.0,0.006482741118593212,3.8254518508911133,1.0,,,
development,development-B,146001,14601,B,250,False,64000,128000,248000,1228603392000,atomic_B,256,0.0,0.0,0.006737482092534788,3.8085036277770996,1.0,,,
development,development-B,146001,14601,B,250,False,64000,128000,248000,1228603392000,test_composite,844,0.0,0.0,0.006748206044698322,3.7572946548461914,1.0,,,
development,development-B,146001,14601,B,250,False,64000,128000,248000,1228603392000,test_BG_BG,207,0.0,0.0,0.007061691690798126,3.734706163406372,1.0,,,
development,development-B,146001,14601,B,250,False,64000,128000,248000,1228603392000,test_BG_A,106,0.0,0.0,0.006207725542660784,3.796478271484375,1.0,,,
development,development-B,146001,14601,B,250,False,64000,128000,248000,1228603392000,test_BG_B,114,0.0,0.0,0.00671606039891383,3.758699893951416,1.0,,,
development,development-B,146001,14601,B,250,False,64000,128000,248000,1228603392000,test_A_BG,96,0.0,0.0,0.0068001686842229375,3.75537109375,1.0,,,
development,development-B,146001,14601,B,250,False,64000,128000,248000,1228603392000,test_A_A,59,0.0,0.0,0.006509142055646082,3.7764642238616943,1.0,,,
development,development-B,146001,14601,B,250,False,64000,128000,248000,1228603392000,test_A_B,58,0.0,0.0,0.006558892204223002,3.770031452178955,1.0,,,
development,development-B,146001,14601,B,250,False,64000,128000,248000,1228603392000,test_B_BG,97,0.0,0.0,0.007037240603796002,3.734295606613159,1.0,,,
development,development-B,146001,14601,B,250,False,64000,128000,248000,1228603392000,test_B_A,51,0.0,0.0,0.00635551400794179,3.784942388534546,1.0,,,
development,development-B,146001,14601,B,250,False,64000,128000,248000,1228603392000,test_B_B,56,0.0,0.0,0.0068935768393497705,3.748335599899292,1.0,,,
development,development-B,146001,14601,B,250,False,64000,128000,248000,1228603392000,train_background,1877,0.0,0.0,0.006986364899580783,3.739201068878174,1.0,,,
development,development-B,146001,14601,B,250,False,64000,128000,248000,1228603392000,role_A_reference,2288,0.0,0.0,0.0066570603180743666,3.7638328075408936,1.0,,,
development,development-B,146001,14601,B,250,False,64000,128000,248000,1228603392000,role_B_reference,2288,0.0,0.0,0.006861167219796901,3.7492599487304688,1.0,,,
development,development-B,146001,14601,B,250,False,64000,128000,248000,1228603392000,train_composite,4165,0.0,0.0,0.006917589081330611,3.7447268962860107,1.0,,,
development,development-B,146001,14601,B,250,False,64000,128000,248000,1228603392000,test_atomic_answers_correct_subset,0,,,,,,844,0.0,
development,development-B,146001,14601,B,250,False,64000,128000,248000,1228603392000,autonomous_calls,844,0.0,0.0,,,,,,0.0
development,development-B,146001,14601,B,500,False,128000,256000,496000,2457206784000,atomic,1024,0.0361328125,0.0361328125,0.008938619634699186,3.1941254138946533,1.0,,,
development,development-B,146001,14601,B,500,False,128000,256000,496000,2457206784000,atomic_BG,512,0.048828125,0.048828125,0.009418067068751873,3.165100336074829,1.0,,,
development,development-B,146001,14601,B,500,False,128000,256000,496000,2457206784000,atomic_A,256,0.01171875,0.01171875,0.007537284003905697,3.2795536518096924,1.0,,,
development,development-B,146001,14601,B,500,False,128000,256000,496000,2457206784000,atomic_B,256,0.03515625,0.03515625,0.009381060397387304,3.166747570037842,1.0,,,
development,development-B,146001,14601,B,500,False,128000,256000,496000,2457206784000,test_composite,844,0.02962085308056872,0.02962085308056872,0.009230141209592507,3.1561920642852783,1.0,,,
development,development-B,146001,14601,B,500,False,128000,256000,496000,2457206784000,test_BG_BG,207,0.057971014492753624,0.057971014492753624,0.01012857166238493,3.1096417903900146,1.0,,,
development,development-B,146001,14601,B,500,False,128000,256000,496000,2457206784000,test_BG_A,106,0.02830188679245283,0.02830188679245283,0.0077160334756186475,3.249974012374878,1.0,,,
development,development-B,146001,14601,B,500,False,128000,256000,496000,2457206784000,test_BG_B,114,0.008771929824561403,0.008771929824561403,0.009659161815334006,3.127389907836914,1.0,,,
development,development-B,146001,14601,B,500,False,128000,256000,496000,2457206784000,test_A_BG,96,0.0,0.0,0.009683458263423803,3.1233675479888916,1.0,,,
development,development-B,146001,14601,B,500,False,128000,256000,496000,2457206784000,test_A_A,59,0.0,0.0,0.00766870187467123,3.247389793395996,1.0,,,
development,development-B,146001,14601,B,500,False,128000,256000,496000,2457206784000,test_A_B,58,0.05172413793103448,0.05172413793103448,0.008960490215508175,3.167729377746582,1.0,,,
development,development-B,146001,14601,B,500,False,128000,256000,496000,2457206784000,test_B_BG,97,0.041237113402061855,0.041237113402061855,0.0095349952027037,3.1375839710235596,1.0,,,
development,development-B,146001,14601,B,500,False,128000,256000,496000,2457206784000,test_B_A,51,0.0,0.0,0.007301222506091999,3.263314723968506,1.0,,,
development,development-B,146001,14601,B,500,False,128000,256000,496000,2457206784000,test_B_B,56,0.03571428571428571,0.03571428571428571,0.010277392548583866,3.092294216156006,1.0,,,
development,development-B,146001,14601,B,500,False,128000,256000,496000,2457206784000,train_background,1877,0.0633990410229089,0.0633990410229089,0.01050836159714456,3.0893523693084717,1.0,,,
development,development-B,146001,14601,B,500,False,128000,256000,496000,2457206784000,role_A_reference,2288,0.022290209790209792,0.022290209790209792,0.008330877244452773,3.209833860397339,1.0,,,
development,development-B,146001,14601,B,500,False,128000,256000,496000,2457206784000,role_B_reference,2288,0.049825174825174824,0.049825174825174824,0.010308505148695933,3.0966148376464844,1.0,,,
development,development-B,146001,14601,B,500,False,128000,256000,496000,2457206784000,train_composite,4165,0.05594237695078031,0.05594237695078031,0.010398570589934307,3.0933420658111572,1.0,,,
development,development-B,146001,14601,B,500,False,128000,256000,496000,2457206784000,test_atomic_answers_correct_subset,3,0.6666666666666666,0.6666666666666666,0.016166241831733683,2.8502047061920166,1.0,844,0.0035545023696682463,
development,development-B,146001,14601,B,500,False,128000,256000,496000,2457206784000,autonomous_calls,844,0.03317535545023697,0.03317535545023697,,,,,,0.0035545023696682463
development,development-B,146001,14601,B,1000,False,256000,512000,992000,4914413568000,atomic,1024,0.0517578125,0.0517578125,0.015068830644562357,2.24592924118042,1.0,,,
development,development-B,146001,14601,B,1000,False,256000,512000,992000,4914413568000,atomic_BG,512,0.068359375,0.068359375,0.017737699341645864,2.1360771656036377,1.0,,,
development,development-B,146001,14601,B,1000,False,256000,512000,992000,4914413568000,atomic_A,256,0.02734375,0.02734375,0.009135981844516045,2.515735626220703,1.0,,,
development,development-B,146001,14601,B,1000,False,256000,512000,992000,4914413568000,atomic_B,256,0.04296875,0.04296875,0.015663942050441658,2.195826768875122,1.0,,,
development,development-B,146001,14601,B,1000,False,256000,512000,992000,4914413568000,test_composite,844,0.0485781990521327,0.0485781990521327,0.014057546342470502,2.2864208221435547,1.0,,,
development,development-B,146001,14601,B,1000,False,256000,512000,992000,4914413568000,test_BG_BG,207,0.10144927536231885,0.10144927536231885,0.017858144943214208,2.153850793838501,1.0,,,
development,development-B,146001,14601,B,1000,False,256000,512000,992000,4914413568000,test_BG_A,106,0.02830188679245283,0.02830188679245283,0.008692051029884813,2.5560412406921387,1.0,,,
development,development-B,146001,14601,B,1000,False,256000,512000,992000,4914413568000,test_BG_B,114,0.02631578947368421,0.02631578947368421,0.014335236794616712,2.2390358448028564,1.0,,,
development,development-B,146001,14601,B,1000,False,256000,512000,992000,4914413568000,test_A_BG,96,0.020833333333333332,0.020833333333333332,0.015485044693643833,2.1869192123413086,1.0,,,
development,development-B,146001,14601,B,1000,False,256000,512000,992000,4914413568000,test_A_A,59,0.01694915254237288,0.01694915254237288,0.008585979644835338,2.54461932182312,1.0,,,
development,development-B,146001,14601,B,1000,False,256000,512000,992000,4914413568000,test_A_B,58,0.05172413793103448,0.05172413793103448,0.013631891250037689,2.276397228240967,1.0,,,
development,development-B,146001,14601,B,1000,False,256000,512000,992000,4914413568000,test_B_BG,97,0.041237113402061855,0.041237113402061855,0.01559146488745702,2.2000372409820557,1.0,,,
development,development-B,146001,14601,B,1000,False,256000,512000,992000,4914413568000,test_B_A,51,0.0196078431372549,0.0196078431372549,0.00811819787661016,2.559049367904663,1.0,,,
development,development-B,146001,14601,B,1000,False,256000,512000,992000,4914413568000,test_B_B,56,0.05357142857142857,0.05357142857142857,0.01611051864106879,2.1728365421295166,1.0,,,
development,development-B,146001,14601,B,1000,False,256000,512000,992000,4914413568000,train_background,1877,0.1001598295151838,0.1001598295151838,0.020374734555219872,2.063439130783081,1.0,,,
development,development-B,146001,14601,B,1000,False,256000,512000,992000,4914413568000,role_A_reference,2288,0.033216783216783216,0.033216783216783216,0.011455698668905454,2.4108564853668213,1.0,,,
development,development-B,146001,14601,B,1000,False,256000,512000,992000,4914413568000,role_B_reference,2288,0.06162587412587413,0.06162587412587413,0.018182680664022118,2.116745710372925,1.0,,,
development,development-B,146001,14601,B,1000,False,256000,512000,992000,4914413568000,train_composite,4165,0.07899159663865546,0.07899159663865546,0.019170550080717174,2.0927226543426514,1.0,,,
development,development-B,146001,14601,B,1000,False,256000,512000,992000,4914413568000,test_atomic_answers_correct_subset,2,1.0,1.0,0.05108495853806242,1.5349574089050293,1.0,844,0.002369668246445498,
development,development-B,146001,14601,B,1000,False,256000,512000,992000,4914413568000,autonomous_calls,844,0.0485781990521327,0.0485781990521327,,,,,,0.002369668246445498
development,development-B,146001,14601,B,2000,False,512000,1024000,1984000,9828827136000,atomic,1024,0.27734375,0.27734375,0.06005486033532803,1.6941635608673096,1.0,,,
development,development-B,146001,14601,B,2000,False,512000,1024000,1984000,9828827136000,atomic_BG,512,0.390625,0.390625,0.07976509131670034,1.4488561153411865,1.0,,,
development,development-B,146001,14601,B,2000,False,512000,1024000,1984000,9828827136000,atomic_A,256,0.06640625,0.06640625,0.019557643559358504,2.298515796661377,1.0,,,
development,development-B,146001,14601,B,2000,False,512000,1024000,1984000,9828827136000,atomic_B,256,0.26171875,0.26171875,0.06113161514855292,1.5804262161254883,1.0,,,
development,development-B,146001,14601,B,2000,False,512000,1024000,1984000,9828827136000,test_composite,844,0.06990521327014218,0.06990521327014218,0.0265901626118482,2.1647818088531494,1.0,,,
development,development-B,146001,14601,B,2000,False,512000,1024000,1984000,9828827136000,test_BG_BG,207,0.1497584541062802,0.1497584541062802,0.04366541793578902,1.8589141368865967,1.0,,,
development,development-B,146001,14601,B,2000,False,512000,1024000,1984000,9828827136000,test_BG_A,106,0.02830188679245283,0.02830188679245283,0.008203552336386073,2.791198968887329,1.0,,,
development,development-B,146001,14601,B,2000,False,512000,1024000,1984000,9828827136000,test_BG_B,114,0.07017543859649122,0.07017543859649122,0.028098567477831963,2.001244068145752,1.0,,,
development,development-B,146001,14601,B,2000,False,512000,1024000,1984000,9828827136000,test_A_BG,96,0.041666666666666664,0.041666666666666664,0.02402695782048013,2.106443166732788,1.0,,,
development,development-B,146001,14601,B,2000,False,512000,1024000,1984000,9828827136000,test_A_A,59,0.0,0.0,0.00992916416197971,2.6871337890625,1.0,,,
development,development-B,146001,14601,B,2000,False,512000,1024000,1984000,9828827136000,test_A_B,58,0.05172413793103448,0.05172413793103448,0.02243476922961238,2.1315793991088867,1.0,,,
development,development-B,146001,14601,B,2000,False,512000,1024000,1984000,9828827136000,test_B_BG,97,0.061855670103092786,0.061855670103092786,0.03193162645045011,1.9599027633666992,1.0,,,
development,development-B,146001,14601,B,2000,False,512000,1024000,1984000,9828827136000,test_B_A,51,0.0,0.0,0.008459988324195328,2.638247013092041,1.0,,,
development,development-B,146001,14601,B,2000,False,512000,1024000,1984000,9828827136000,test_B_B,56,0.07142857142857142,0.07142857142857142,0.02871721750661943,1.9503453969955444,1.0,,,
development,development-B,146001,14601,B,2000,False,512000,1024000,1984000,9828827136000,train_background,1877,0.42567927543953116,0.42567927543953116,0.09239913407872327,1.3596762418746948,1.0,,,
development,development-B,146001,14601,B,2000,False,512000,1024000,1984000,9828827136000,role_A_reference,2288,0.03146853146853147,0.03146853146853147,0.015664674191458235,2.460944652557373,1.0,,,
development,development-B,146001,14601,B,2000,False,512000,1024000,1984000,9828827136000,role_B_reference,2288,0.291958041958042,0.291958041958042,0.0666170050586165,1.5225441455841064,1.0,,,
development,development-B,146001,14601,B,2000,False,512000,1024000,1984000,9828827136000,train_composite,4165,0.35222088835534215,0.35222088835534215,0.07823595687410632,1.449146032333374,1.0,,,
development,development-B,146001,14601,B,2000,False,512000,1024000,1984000,9828827136000,test_atomic_answers_correct_subset,70,0.37142857142857144,0.37142857142857144,0.07897638363889713,1.5199840068817139,1.0,844,0.08293838862559241,
development,development-B,146001,14601,B,2000,False,512000,1024000,1984000,9828827136000,autonomous_calls,844,0.10308056872037914,0.10308056872037914,,,,,,0.08293838862559241
development,development-B,146001,14601,B,4000,False,1024000,2048000,3968000,19657654272000,atomic,1024,0.818359375,0.818359375,0.5894820055559631,0.47846856713294983,1.0,,,
development,development-B,146001,14601,B,4000,False,1024000,2048000,3968000,19657654272000,atomic_BG,512,0.970703125,0.970703125,0.7383683171391333,0.1922835409641266,1.0,,,
development,development-B,146001,14601,B,4000,False,1024000,2048000,3968000,19657654272000,atomic_A,256,0.359375,0.359375,0.17443326201487167,1.3112952709197998,1.0,,,
development,development-B,146001,14601,B,4000,False,1024000,2048000,3968000,19657654272000,atomic_B,256,0.97265625,0.97265625,0.7067581259307139,0.21801204979419708,1.0,,,
development,development-B,146001,14601,B,4000,False,1024000,2048000,3968000,19657654272000,test_composite,844,0.2914691943127962,0.2914691943127962,0.17151846248365893,1.7607654333114624,1.0,,,
development,development-B,146001,14601,B,4000,False,1024000,2048000,3968000,19657654272000,test_BG_BG,207,0.5410628019323671,0.5410628019323671,0.31390190229352155,0.9723992943763733,1.0,,,
development,development-B,146001,14601,B,4000,False,1024000,2048000,3968000,19657654272000,test_BG_A,106,0.02830188679245283,0.02830188679245283,0.014030645342234424,2.870317220687866,1.0,,,
development,development-B,146001,14601,B,4000,False,1024000,2048000,3968000,19657654272000,test_BG_B,114,0.45614035087719296,0.45614035087719296,0.2626046344865659,1.0173473358154297,1.0,,,
development,development-B,146001,14601,B,4000,False,1024000,2048000,3968000,19657654272000,test_A_BG,96,0.0625,0.0625,0.04535193398990136,2.3530797958374023,1.0,,,
development,development-B,146001,14601,B,4000,False,1024000,2048000,3968000,19657654272000,test_A_A,59,0.0,0.0,0.007818956492804372,3.2176337242126465,1.0,,,
development,development-B,146001,14601,B,4000,False,1024000,2048000,3968000,19657654272000,test_A_B,58,0.05172413793103448,0.05172413793103448,0.050037375269572144,2.2359094619750977,1.0,,,
development,development-B,146001,14601,B,4000,False,1024000,2048000,3968000,19657654272000,test_B_BG,97,0.4845360824742268,0.4845360824742268,0.2754568775802338,1.121099591255188,1.0,,,
development,development-B,146001,14601,B,4000,False,1024000,2048000,3968000,19657654272000,test_B_A,51,0.0392156862745098,0.0392156862745098,0.014912931612302498,2.8395447731018066,1.0,,,
development,development-B,146001,14601,B,4000,False,1024000,2048000,3968000,19657654272000,test_B_B,56,0.375,0.375,0.23500205659054307,1.1712656021118164,1.0,,,
development,development-B,146001,14601,B,4000,False,1024000,2048000,3968000,19657654272000,train_background,1877,0.9802876931273309,0.9802876931273309,0.762779788693421,0.16254176199436188,1.0,,,
development,development-B,146001,14601,B,4000,False,1024000,2048000,3968000,19657654272000,role_A_reference,2288,0.052884615384615384,0.052884615384615384,0.03339514710581388,2.695739507675171,1.0,,,
development,development-B,146001,14601,B,4000,False,1024000,2048000,3968000,19657654272000,role_B_reference,2288,0.9733391608391608,0.9733391608391608,0.7127846563513613,0.2027781903743744,1.0,,,
development,development-B,146001,14601,B,4000,False,1024000,2048000,3968000,19657654272000,train_composite,4165,0.9764705882352941,0.9764705882352941,0.7353154805575373,0.18464531004428864,1.0,,,
development,development-B,146001,14601,B,4000,False,1024000,2048000,3968000,19657654272000,test_atomic_answers_correct_subset,561,0.42424242424242425,0.42424242424242425,0.245273162766802,1.228906512260437,1.0,844,0.6646919431279621,
development,development-B,146001,14601,B,4000,False,1024000,2048000,3968000,19657654272000,autonomous_calls,844,0.6718009478672986,0.6718009478672986,,,,,,0.6646919431279621
development,development-B,146001,14601,B,8000,False,2048000,4096000,7936000,39315308544000,atomic,1024,1.0,1.0,0.9923301648671963,0.004304925911128521,1.0,,,
development,development-B,146001,14601,B,8000,False,2048000,4096000,7936000,39315308544000,atomic_BG,512,1.0,1.0,0.9969267593734372,0.0016604551346972585,1.0,,,
development,development-B,146001,14601,B,8000,False,2048000,4096000,7936000,39315308544000,atomic_A,256,1.0,1.0,0.97958885911303,0.011560605838894844,1.0,,,
development,development-B,146001,14601,B,8000,False,2048000,4096000,7936000,39315308544000,atomic_B,256,1.0,1.0,0.9958782816088809,0.002338189398869872,1.0,,,
development,development-B,146001,14601,B,8000,False,2048000,4096000,7936000,39315308544000,test_composite,844,0.5639810426540285,0.5639810426540285,0.5328985642714786,1.127414345741272,1.0,,,
development,development-B,146001,14601,B,8000,False,2048000,4096000,7936000,39315308544000,test_BG_BG,207,0.9033816425120773,0.9033816425120773,0.865874511579438,0.1422785073518753,1.0,,,
development,development-B,146001,14601,B,8000,False,2048000,4096000,7936000,39315308544000,test_BG_A,106,0.10377358490566038,0.10377358490566038,0.08337033755146303,2.348409652709961,1.0,,,
development,development-B,146001,14601,B,8000,False,2048000,4096000,7936000,39315308544000,test_BG_B,114,0.8947368421052632,0.8947368421052632,0.8578998197703462,0.12629498541355133,1.0,,,
development,development-B,146001,14601,B,8000,False,2048000,4096000,7936000,39315308544000,test_A_BG,96,0.25,0.25,0.20774223238179848,1.7799677848815918,1.0,,,
development,development-B,146001,14601,B,8000,False,2048000,4096000,7936000,39315308544000,test_A_A,59,0.0,0.0,0.008613602662327934,3.8480865955352783,1.0,,,
development,development-B,146001,14601,B,8000,False,2048000,4096000,7936000,39315308544000,test_A_B,58,0.2413793103448276,0.2413793103448276,0.21257292944577103,1.853812336921692,1.0,,,
development,development-B,146001,14601,B,8000,False,2048000,4096000,7936000,39315308544000,test_B_BG,97,0.8762886597938144,0.8762886597938144,0.832052565216619,0.20638683438301086,1.0,,,
development,development-B,146001,14601,B,8000,False,2048000,4096000,7936000,39315308544000,test_B_A,51,0.058823529411764705,0.058823529411764705,0.06071812293331927,2.3800480365753174,1.0,,,
development,development-B,146001,14601,B,8000,False,2048000,4096000,7936000,39315308544000,test_B_B,56,0.8928571428571429,0.8928571428571429,0.844833376210224,0.2132120430469513,1.0,,,
development,development-B,146001,14601,B,8000,False,2048000,4096000,7936000,39315308544000,train_background,1877,1.0,1.0,0.9973966349576483,0.001360059715807438,1.0,,,
development,development-B,146001,14601,B,8000,False,2048000,4096000,7936000,39315308544000,role_A_reference,2288,0.12762237762237763,0.12762237762237763,0.10891849967970987,2.494112968444824,1.0,,,
development,development-B,146001,14601,B,8000,False,2048000,4096000,7936000,39315308544000,role_B_reference,2288,1.0,1.0,0.9968382728629964,0.0016643631970509887,1.0,,,
development,development-B,146001,14601,B,8000,False,2048000,4096000,7936000,39315308544000,train_composite,4165,1.0,1.0,0.9970899037140603,0.0015272259479388595,1.0,,,
development,development-B,146001,14601,B,8000,False,2048000,4096000,7936000,39315308544000,test_atomic_answers_correct_subset,844,0.5639810426540285,0.5639810426540285,0.5328985642714786,1.127414345741272,1.0,844,1.0,
development,development-B,146001,14601,B,8000,False,2048000,4096000,7936000,39315308544000,autonomous_calls,844,1.0,1.0,,,,,,1.0
development,development-B,146001,14601,B,12000,False,3072000,6144000,11904000,58972962816000,atomic,1024,1.0,1.0,0.9992862162830864,0.0003659658832475543,1.0,,,
development,development-B,146001,14601,B,12000,False,3072000,6144000,11904000,58972962816000,atomic_BG,512,1.0,1.0,0.9996875518485704,0.0001632176572456956,1.0,,,
development,development-B,146001,14601,B,12000,False,3072000,6144000,11904000,58972962816000,atomic_A,256,1.0,1.0,0.9982045247797374,0.0009112426196224988,1.0,,,
development,development-B,146001,14601,B,12000,False,3072000,6144000,11904000,58972962816000,atomic_B,256,1.0,1.0,0.9995652366554675,0.00022618556977249682,1.0,,,
development,development-B,146001,14601,B,12000,False,3072000,6144000,11904000,58972962816000,test_composite,844,0.6149289099526066,0.6149289099526066,0.5998949497873018,1.0858162641525269,1.0,,,
development,development-B,146001,14601,B,12000,False,3072000,6144000,11904000,58972962816000,test_BG_BG,207,0.9710144927536232,0.9710144927536232,0.9539926457698606,0.03863508626818657,1.0,,,
development,development-B,146001,14601,B,12000,False,3072000,6144000,11904000,58972962816000,test_BG_A,106,0.11320754716981132,0.11320754716981132,0.1049040015112335,2.2893826961517334,1.0,,,
development,development-B,146001,14601,B,12000,False,3072000,6144000,11904000,58972962816000,test_BG_B,114,0.9649122807017544,0.9649122807017544,0.9449254854863512,0.03989395499229431,1.0,,,
development,development-B,146001,14601,B,12000,False,3072000,6144000,11904000,58972962816000,test_A_BG,96,0.2604166666666667,0.2604166666666667,0.2555774964304974,1.725319266319275,1.0,,,
development,development-B,146001,14601,B,12000,False,3072000,6144000,11904000,58972962816000,test_A_A,59,0.01694915254237288,0.01694915254237288,0.013925737259351116,4.257627487182617,1.0,,,
development,development-B,146001,14601,B,12000,False,3072000,6144000,11904000,58972962816000,test_A_B,58,0.27586206896551724,0.27586206896551724,0.26698481366285415,1.875311255455017,1.0,,,
development,development-B,146001,14601,B,12000,False,3072000,6144000,11904000,58972962816000,test_B_BG,97,0.9690721649484536,0.9690721649484536,0.9446416002810556,0.059906695038080215,1.0,,,
development,development-B,146001,14601,B,12000,False,3072000,6144000,11904000,58972962816000,test_B_A,51,0.1568627450980392,0.1568627450980392,0.12163458375098968,2.3665149211883545,1.0,,,
development,development-B,146001,14601,B,12000,False,3072000,6144000,11904000,58972962816000,test_B_B,56,0.9285714285714286,0.9285714285714286,0.9164279725559957,0.1625908464193344,1.0,,,
development,development-B,146001,14601,B,12000,False,3072000,6144000,11904000,58972962816000,train_background,1877,1.0,1.0,0.9995608189990288,0.00022487921523861587,1.0,,,
development,development-B,146001,14601,B,12000,False,3072000,6144000,11904000,58972962816000,role_A_reference,2288,0.17001748251748253,0.17001748251748253,0.1564328721799869,2.477534294128418,1.0,,,
development,development-B,146001,14601,B,12000,False,3072000,6144000,11904000,58972962816000,role_B_reference,2288,1.0,1.0,0.9996103921501068,0.00019867262744810432,1.0,,,
development,development-B,146001,14601,B,12000,False,3072000,6144000,11904000,58972962816000,train_composite,4165,1.0,1.0,0.9995880497894472,0.00021048371854703873,1.0,,,
development,development-B,146001,14601,B,12000,False,3072000,6144000,11904000,58972962816000,test_atomic_answers_correct_subset,844,0.6149289099526066,0.6149289099526066,0.5998949497873018,1.0858162641525269,1.0,844,1.0,
development,development-B,146001,14601,B,12000,False,3072000,6144000,11904000,58972962816000,autonomous_calls,844,1.0,1.0,,,,,,1.0
development,development-B,146001,14601,B,16000,False,4096000,8192000,15872000,78630617088000,atomic,1024,1.0,1.0,0.999787579496481,0.00010837028094101697,1.0,,,
development,development-B,146001,14601,B,16000,False,4096000,8192000,15872000,78630617088000,atomic_BG,512,1.0,1.0,0.999884057249002,6.017426130711101e-05,1.0,,,
development,development-B,146001,14601,B,16000,False,4096000,8192000,15872000,78630617088000,atomic_A,256,1.0,1.0,0.9995167926086727,0.00024363421835005283,1.0,,,
development,development-B,146001,14601,B,16000,False,4096000,8192000,15872000,78630617088000,atomic_B,256,1.0,1.0,0.9998654108792471,6.949837552383542e-05,1.0,,,
development,development-B,146001,14601,B,16000,False,4096000,8192000,15872000,78630617088000,test_composite,844,0.6457345971563981,0.6457345971563981,0.6333311857172326,1.0324982404708862,1.0,,,
development,development-B,146001,14601,B,16000,False,4096000,8192000,15872000,78630617088000,test_BG_BG,207,0.9951690821256038,0.9951690821256038,0.9849373011603811,0.011320358142256737,1.0,,,
development,development-B,146001,14601,B,16000,False,4096000,8192000,15872000,78630617088000,test_BG_A,106,0.18867924528301888,0.18867924528301888,0.15700102618588857,2.1143102645874023,1.0,,,
development,development-B,146001,14601,B,16000,False,4096000,8192000,15872000,78630617088000,test_BG_B,114,0.9824561403508771,0.9824561403508771,0.9710884605292337,0.022304443642497063,1.0,,,
development,development-B,146001,14601,B,16000,False,4096000,8192000,15872000,78630617088000,test_A_BG,96,0.3020833333333333,0.3020833333333333,0.30633084376507974,1.7102640867233276,1.0,,,
development,development-B,146001,14601,B,16000,False,4096000,8192000,15872000,78630617088000,test_A_A,59,0.03389830508474576,0.03389830508474576,0.03046988936113165,4.332762241363525,1.0,,,
development,development-B,146001,14601,B,16000,False,4096000,8192000,15872000,78630617088000,test_A_B,58,0.3448275862068966,0.3448275862068966,0.31329165208999465,1.8726886510849,1.0,,,
development,development-B,146001,14601,B,16000,False,4096000,8192000,15872000,78630617088000,test_B_BG,97,0.9690721649484536,0.9690721649484536,0.9488129176240159,0.04320726543664932,1.0,,,
development,development-B,146001,14601,B,16000,False,4096000,8192000,15872000,78630617088000,test_B_A,51,0.1568627450980392,0.1568627450980392,0.15470248403836853,2.1208934783935547,1.0,,,
development,development-B,146001,14601,B,16000,False,4096000,8192000,15872000,78630617088000,test_B_B,56,0.9642857142857143,0.9642857142857143,0.9643433385889507,0.02909495122730732,1.0,,,
development,development-B,146001,14601,B,16000,False,4096000,8192000,15872000,78630617088000,train_background,1877,1.0,1.0,0.9999034669785531,4.917240221402608e-05,1.0,,,
development,development-B,146001,14601,B,16000,False,4096000,8192000,15872000,78630617088000,role_A_reference,2288,0.21241258741258742,0.21241258741258742,0.18867924018327284,2.4835903644561768,1.0,,,
development,development-B,146001,14601,B,16000,False,4096000,8192000,15872000,78630617088000,role_B_reference,2288,1.0,1.0,0.9998908429540873,5.549234265345149e-05,1.0,,,
development,development-B,146001,14601,B,16000,False,4096000,8192000,15872000,78630617088000,train_composite,4165,1.0,1.0,0.9998965320430965,5.264424180495553e-05,1.0,,,
development,development-B,146001,14601,B,16000,False,4096000,8192000,15872000,78630617088000,test_atomic_answers_correct_subset,844,0.6457345971563981,0.6457345971563981,0.6333311857172326,1.0324982404708862,1.0,844,1.0,
development,development-B,146001,14601,B,16000,False,4096000,8192000,15872000,78630617088000,autonomous_calls,844,1.0,1.0,,,,,,1.0
development,development-B,146001,14601,B,24000,False,6144000,12288000,23808000,117945925632000,atomic,1024,1.0,1.0,0.9998546507241036,7.485676178475842e-05,1.0,,,
development,development-B,146001,14601,B,24000,False,6144000,12288000,23808000,117945925632000,atomic_BG,512,1.0,1.0,0.9998035734089799,0.00010155900235986337,1.0,,,
development,development-B,146001,14601,B,24000,False,6144000,12288000,23808000,117945925632000,atomic_A,256,1.0,1.0,0.9998506670812819,7.556294440291822e-05,1.0,,,
development,development-B,146001,14601,B,24000,False,6144000,12288000,23808000,117945925632000,atomic_B,256,1.0,1.0,0.9999607889971728,2.0746119844261557e-05,1.0,,,
development,development-B,146001,14601,B,24000,False,6144000,12288000,23808000,117945925632000,test_composite,844,0.6753554502369669,0.6753554502369669,0.6591347135794313,0.9859371781349182,1.0,,,
development,development-B,146001,14601,B,24000,False,6144000,12288000,23808000,117945925632000,test_BG_BG,207,0.9951690821256038,0.9951690821256038,0.9909399091574802,0.0060944282449781895,1.0,,,
development,development-B,146001,14601,B,24000,False,6144000,12288000,23808000,117945925632000,test_BG_A,106,0.2358490566037736,0.2358490566037736,0.19236189074306187,1.884313941001892,1.0,,,
development,development-B,146001,14601,B,24000,False,6144000,12288000,23808000,117945925632000,test_BG_B,114,1.0,1.0,0.9937565549745602,0.003352114465087652,1.0,,,
development,development-B,146001,14601,B,24000,False,6144000,12288000,23808000,117945925632000,test_A_BG,96,0.3958333333333333,0.3958333333333333,0.35664998357336514,1.7576557397842407,1.0,,,
development,development-B,146001,14601,B,24000,False,6144000,12288000,23808000,117945925632000,test_A_A,59,0.05084745762711865,0.05084745762711865,0.03853313900567147,4.553106307983398,1.0,,,
development,development-B,146001,14601,B,24000,False,6144000,12288000,23808000,117945925632000,test_A_B,58,0.39655172413793105,0.39655172413793105,0.3528916606750665,1.7610692977905273,1.0,,,
development,development-B,146001,14601,B,24000,False,6144000,12288000,23808000,117945925632000,test_B_BG,97,0.9896907216494846,0.9896907216494846,0.969672821425086,0.02144312672317028,1.0,,,
development,development-B,146001,14601,B,24000,False,6144000,12288000,23808000,117945925632000,test_B_A,51,0.23529411764705882,0.23529411764705882,0.24644631452627125,1.701270341873169,1.0,,,
development,development-B,146001,14601,B,24000,False,6144000,12288000,23808000,117945925632000,test_B_B,56,0.9642857142857143,0.9642857142857143,0.9624489890920555,0.042375437915325165,1.0,,,
development,development-B,146001,14601,B,24000,False,6144000,12288000,23808000,117945925632000,train_background,1877,1.0,1.0,0.9999666443682694,1.683726986811962e-05,1.0,,,
development,development-B,146001,14601,B,24000,False,6144000,12288000,23808000,117945925632000,role_A_reference,2288,0.24737762237762237,0.24737762237762237,0.2231251690876357,2.3312814235687256,1.0,,,
development,development-B,146001,14601,B,24000,False,6144000,12288000,23808000,117945925632000,role_B_reference,2288,1.0,1.0,0.9999580286438292,2.114231392624788e-05,1.0,,,
development,development-B,146001,14601,B,24000,False,6144000,12288000,23808000,117945925632000,train_composite,4165,1.0,1.0,0.9999619112367807,1.920228714880068e-05,1.0,,,
development,development-B,146001,14601,B,24000,False,6144000,12288000,23808000,117945925632000,test_atomic_answers_correct_subset,844,0.6753554502369669,0.6753554502369669,0.6591347135794313,0.9859371781349182,1.0,844,1.0,
development,development-B,146001,14601,B,24000,False,6144000,12288000,23808000,117945925632000,autonomous_calls,844,1.0,1.0,,,,,,1.0
development,development-B,146001,14601,B,32000,False,8192000,16384000,31744000,157261234176000,atomic,1024,1.0,1.0,0.9999628721549945,2.0747025700984523e-05,1.0,,,
development,development-B,146001,14601,B,32000,False,8192000,16384000,31744000,157261234176000,atomic_BG,512,1.0,1.0,0.9999867817963606,8.847485332807992e-06,1.0,,,
development,development-B,146001,14601,B,32000,False,8192000,16384000,31744000,157261234176000,atomic_A,256,1.0,1.0,0.999896631815683,5.361685180105269e-05,1.0,,,
development,development-B,146001,14601,B,32000,False,8192000,16384000,31744000,157261234176000,atomic_B,256,1.0,1.0,0.9999812932115738,1.1676277608785313e-05,1.0,,,
development,development-B,146001,14601,B,32000,False,8192000,16384000,31744000,157261234176000,test_composite,844,0.6954976303317536,0.6954976303317536,0.6772734599078503,0.9404667019844055,1.0,,,
development,development-B,146001,14601,B,32000,False,8192000,16384000,31744000,157261234176000,test_BG_BG,207,1.0,1.0,0.9933342051052131,0.0038093302864581347,1.0,,,
development,development-B,146001,14601,B,32000,False,8192000,16384000,31744000,157261234176000,test_BG_A,106,0.25471698113207547,0.25471698113207547,0.2149590113270896,1.9586812257766724,1.0,,,
development,development-B,146001,14601,B,32000,False,8192000,16384000,31744000,157261234176000,test_BG_B,114,1.0,1.0,0.995531173666619,0.002377304947003722,1.0,,,
development,development-B,146001,14601,B,32000,False,8192000,16384000,31744000,157261234176000,test_A_BG,96,0.4479166666666667,0.4479166666666667,0.4311580611636858,1.4523526430130005,1.0,,,
development,development-B,146001,14601,B,32000,False,8192000,16384000,31744000,157261234176000,test_A_A,59,0.01694915254237288,0.01694915254237288,0.029616521550804405,4.383065223693848,1.0,,,
development,development-B,146001,14601,B,32000,False,8192000,16384000,31744000,157261234176000,test_A_B,58,0.41379310344827586,0.41379310344827586,0.35977071234179825,1.9542648792266846,1.0,,,
development,development-B,146001,14601,B,32000,False,8192000,16384000,31744000,157261234176000,test_B_BG,97,1.0,1.0,0.9909160915832949,0.005220286548137665,1.0,,,
development,development-B,146001,14601,B,32000,False,8192000,16384000,31744000,157261234176000,test_B_A,51,0.37254901960784315,0.37254901960784315,0.28728965748566443,1.3863139152526855,1.0,,,
development,development-B,146001,14601,B,32000,False,8192000,16384000,31744000,157261234176000,test_B_B,56,0.9821428571428571,0.9821428571428571,0.9811301482434256,0.04444912075996399,1.0,,,
development,development-B,146001,14601,B,32000,False,8192000,16384000,31744000,157261234176000,train_background,1877,1.0,1.0,0.9999771193904317,1.1507644558150787e-05,1.0,,,
development,development-B,146001,14601,B,32000,False,8192000,16384000,31744000,157261234176000,role_A_reference,2288,0.2530594405594406,0.2530594405594406,0.22895786339819751,2.371126413345337,1.0,,,
development,development-B,146001,14601,B,32000,False,8192000,16384000,31744000,157261234176000,role_B_reference,2288,1.0,1.0,0.9999775852180863,1.1274029020569287e-05,1.0,,,
development,development-B,146001,14601,B,32000,False,8192000,16384000,31744000,157261234176000,train_composite,4165,1.0,1.0,0.9999773751450526,1.1379382158338558e-05,1.0,,,
development,development-B,146001,14601,B,32000,False,8192000,16384000,31744000,157261234176000,test_atomic_answers_correct_subset,844,0.6954976303317536,0.6954976303317536,0.6772734599078503,0.9404667019844055,1.0,844,1.0,
development,development-B,146001,14601,B,32000,False,8192000,16384000,31744000,157261234176000,autonomous_calls,844,1.0,1.0,,,,,,1.0
development,development-B,146001,14601,B,40000,False,10240000,20480000,39680000,196576542720000,atomic,1024,1.0,1.0,0.9999355367660541,3.691232268465683e-05,1.0,,,
development,development-B,146001,14601,B,40000,False,10240000,20480000,39680000,196576542720000,atomic_BG,512,1.0,1.0,0.9999857759913814,1.1626818377408199e-05,1.0,,,
development,development-B,146001,14601,B,40000,False,10240000,20480000,39680000,196576542720000,atomic_A,256,1.0,1.0,0.9997814827655407,0.00011447859287727624,1.0,,,
development,development-B,146001,14601,B,40000,False,10240000,20480000,39680000,196576542720000,atomic_B,256,1.0,1.0,0.9999891123159128,9.917062925524078e-06,1.0,,,
development,development-B,146001,14601,B,40000,False,10240000,20480000,39680000,196576542720000,test_composite,844,0.6990521327014217,0.6990521327014217,0.6797357462561715,0.9150456190109253,1.0,,,
development,development-B,146001,14601,B,40000,False,10240000,20480000,39680000,196576542720000,test_BG_BG,207,0.9951690821256038,0.9951690821256038,0.9941159236248052,0.005446230061352253,1.0,,,
development,development-B,146001,14601,B,40000,False,10240000,20480000,39680000,196576542720000,test_BG_A,106,0.2830188679245283,0.2830188679245283,0.24387900568815657,1.7110860347747803,1.0,,,
development,development-B,146001,14601,B,40000,False,10240000,20480000,39680000,196576542720000,test_BG_B,114,1.0,1.0,0.9911329793261757,0.005803356878459454,1.0,,,
development,development-B,146001,14601,B,40000,False,10240000,20480000,39680000,196576542720000,test_A_BG,96,0.4791666666666667,0.4791666666666667,0.4204892926312973,1.4652810096740723,1.0,,,
development,development-B,146001,14601,B,40000,False,10240000,20480000,39680000,196576542720000,test_A_A,59,0.05084745762711865,0.05084745762711865,0.046187574277858905,4.583617687225342,1.0,,,
development,development-B,146001,14601,B,40000,False,10240000,20480000,39680000,196576542720000,test_A_B,58,0.41379310344827586,0.41379310344827586,0.3802077433870009,1.7102853059768677,1.0,,,
development,development-B,146001,14601,B,40000,False,10240000,20480000,39680000,196576542720000,test_B_BG,97,0.9896907216494846,0.9896907216494846,0.9895294630440472,0.007026770617812872,1.0,,,
development,development-B,146001,14601,B,40000,False,10240000,20480000,39680000,196576542720000,test_B_A,51,0.3333333333333333,0.3333333333333333,0.2739503308655577,1.4398062229156494,1.0,,,
development,development-B,146001,14601,B,40000,False,10240000,20480000,39680000,196576542720000,test_B_B,56,0.9642857142857143,0.9642857142857143,0.9637391958094027,0.08455809205770493,1.0,,,
development,development-B,146001,14601,B,40000,False,10240000,20480000,39680000,196576542720000,train_background,1877,1.0,1.0,0.9999794095123608,1.0369743904448114e-05,1.0,,,
development,development-B,146001,14601,B,40000,False,10240000,20480000,39680000,196576542720000,role_A_reference,2288,0.26835664335664333,0.26835664335664333,0.24657942327449053,2.2362141609191895,1.0,,,
development,development-B,146001,14601,B,40000,False,10240000,20480000,39680000,196576542720000,role_B_reference,2288,1.0,1.0,0.9999791117786021,1.0525906873226631e-05,1.0,,,
development,development-B,146001,14601,B,40000,False,10240000,20480000,39680000,196576542720000,train_composite,4165,1.0,1.0,0.9999792460126034,1.0455501069372986e-05,1.0,,,
development,development-B,146001,14601,B,40000,False,10240000,20480000,39680000,196576542720000,test_atomic_answers_correct_subset,844,0.6990521327014217,0.6990521327014217,0.6797357462561715,0.9150456190109253,1.0,844,1.0,
development,development-B,146001,14601,B,40000,False,10240000,20480000,39680000,196576542720000,autonomous_calls,844,1.0,1.0,,,,,,1.0
development,development-B,146001,14601,B,48000,False,12288000,24576000,47616000,235891851264000,atomic,1024,1.0,1.0,0.9999493008094393,2.8841728635597974e-05,1.0,,,
development,development-B,146001,14601,B,48000,False,12288000,24576000,47616000,235891851264000,atomic_BG,512,1.0,1.0,0.9999376894466324,3.490845119813457e-05,1.0,,,
development,development-B,146001,14601,B,48000,False,12288000,24576000,47616000,235891851264000,atomic_A,256,1.0,1.0,0.9999378375214675,3.409161581657827e-05,1.0,,,
development,development-B,146001,14601,B,48000,False,12288000,24576000,47616000,235891851264000,atomic_B,256,1.0,1.0,0.9999839868230256,1.1458400877017993e-05,1.0,,,
development,development-B,146001,14601,B,48000,False,12288000,24576000,47616000,235891851264000,test_composite,844,0.70260663507109,0.70260663507109,0.6901160554689235,0.8363174796104431,1.0,,,
development,development-B,146001,14601,B,48000,False,12288000,24576000,47616000,235891851264000,test_BG_BG,207,0.9951690821256038,0.9951690821256038,0.9944116767693555,0.005200601648539305,1.0,,,
development,development-B,146001,14601,B,48000,False,12288000,24576000,47616000,235891851264000,test_BG_A,106,0.2830188679245283,0.2830188679245283,0.24492844570696334,1.6088258028030396,1.0,,,
development,development-B,146001,14601,B,48000,False,12288000,24576000,47616000,235891851264000,test_BG_B,114,1.0,1.0,0.998773774844734,0.0006194212473928928,1.0,,,
development,development-B,146001,14601,B,48000,False,12288000,24576000,47616000,235891851264000,test_A_BG,96,0.4270833333333333,0.4270833333333333,0.4234484038521687,1.3904961347579956,1.0,,,
development,development-B,146001,14601,B,48000,False,12288000,24576000,47616000,235891851264000,test_A_A,59,0.0847457627118644,0.0847457627118644,0.05733269437380763,4.285913944244385,1.0,,,
development,development-B,146001,14601,B,48000,False,12288000,24576000,47616000,235891851264000,test_A_B,58,0.41379310344827586,0.41379310344827586,0.4204163845310492,1.4157822132110596,1.0,,,
development,development-B,146001,14601,B,48000,False,12288000,24576000,47616000,235891851264000,test_B_BG,97,1.0,1.0,0.9983264375748118,0.0008556984248571098,1.0,,,
development,development-B,146001,14601,B,48000,False,12288000,24576000,47616000,235891851264000,test_B_A,51,0.39215686274509803,0.39215686274509803,0.31510605396856234,1.2800819873809814,1.0,,,
development,development-B,146001,14601,B,48000,False,12288000,24576000,47616000,235891851264000,test_B_B,56,1.0,1.0,0.9905133960075057,0.006093189585953951,1.0,,,
development,development-B,146001,14601,B,48000,False,12288000,24576000,47616000,235891851264000,train_background,1877,1.0,1.0,0.9999148561058473,4.35538386227563e-05,1.0,,,
development,development-B,146001,14601,B,48000,False,12288000,24576000,47616000,235891851264000,role_A_reference,2288,0.3208041958041958,0.3208041958041958,0.2945375884952888,2.014214515686035,1.0,,,
development,development-B,146001,14601,B,48000,False,12288000,24576000,47616000,235891851264000,role_B_reference,2288,1.0,1.0,0.9999730806883126,1.3547884009312838e-05,1.0,,,
development,development-B,146001,14601,B,48000,False,12288000,24576000,47616000,235891851264000,train_composite,4165,1.0,1.0,0.999946841268468,2.70703349087853e-05,1.0,,,
development,development-B,146001,14601,B,48000,False,12288000,24576000,47616000,235891851264000,test_atomic_answers_correct_subset,844,0.70260663507109,0.70260663507109,0.6901160554689235,0.8363174796104431,1.0,844,1.0,
development,development-B,146001,14601,B,48000,False,12288000,24576000,47616000,235891851264000,autonomous_calls,844,1.0,1.0,,,,,,1.0
development,development-B,146001,14601,B,56000,False,14336000,28672000,55552000,275207159808000,atomic,1024,1.0,1.0,0.9999782972259432,1.3621525795315392e-05,1.0,,,
development,development-B,146001,14601,B,56000,False,14336000,28672000,55552000,275207159808000,atomic_BG,512,1.0,1.0,0.9999927691163597,6.416186351998476e-06,1.0,,,
development,development-B,146001,14601,B,56000,False,14336000,28672000,55552000,275207159808000,atomic_A,256,1.0,1.0,0.9999397865585284,3.271227251389064e-05,1.0,,,
development,development-B,146001,14601,B,56000,False,14336000,28672000,55552000,275207159808000,atomic_B,256,1.0,1.0,0.999987864112525,8.941456144384574e-06,1.0,,,
development,development-B,146001,14601,B,56000,False,14336000,28672000,55552000,275207159808000,test_composite,844,0.7191943127962085,0.7191943127962085,0.7005915338344428,0.8244904279708862,1.0,,,
development,development-B,146001,14601,B,56000,False,14336000,28672000,55552000,275207159808000,test_BG_BG,207,0.9855072463768116,0.9855072463768116,0.988537908524682,0.010972080752253532,1.0,,,
development,development-B,146001,14601,B,56000,False,14336000,28672000,55552000,275207159808000,test_BG_A,106,0.4056603773584906,0.4056603773584906,0.3108982325279156,1.4993661642074585,1.0,,,
development,development-B,146001,14601,B,56000,False,14336000,28672000,55552000,275207159808000,test_BG_B,114,1.0,1.0,0.9976778745823065,0.001227889908477664,1.0,,,
development,development-B,146001,14601,B,56000,False,14336000,28672000,55552000,275207159808000,test_A_BG,96,0.5416666666666666,0.5416666666666666,0.5225629244048667,1.1400173902511597,1.0,,,
development,development-B,146001,14601,B,56000,False,14336000,28672000,55552000,275207159808000,test_A_A,59,0.05084745762711865,0.05084745762711865,0.04440115268407747,4.067253112792969,1.0,,,
development,development-B,146001,14601,B,56000,False,14336000,28672000,55552000,275207159808000,test_A_B,58,0.3793103448275862,0.3793103448275862,0.3505981489516156,1.9178977012634277,1.0,,,
development,development-B,146001,14601,B,56000,False,14336000,28672000,55552000,275207159808000,test_B_BG,97,1.0,1.0,0.9996376933562979,0.00018187750538345426,1.0,,,
development,development-B,146001,14601,B,56000,False,14336000,28672000,55552000,275207159808000,test_B_A,51,0.3333333333333333,0.3333333333333333,0.2919657124132344,1.4097493886947632,1.0,,,
development,development-B,146001,14601,B,56000,False,14336000,28672000,55552000,275207159808000,test_B_B,56,0.9821428571428571,0.9821428571428571,0.9823662291496144,0.034937601536512375,1.0,,,
development,development-B,146001,14601,B,56000,False,14336000,28672000,55552000,275207159808000,train_background,1877,1.0,1.0,0.9999924212340978,3.831794856523629e-06,1.0,,,
development,development-B,146001,14601,B,56000,False,14336000,28672000,55552000,275207159808000,role_A_reference,2288,0.32823426573426573,0.32823426573426573,0.2991133657297971,1.9721750020980835,1.0,,,
development,development-B,146001,14601,B,56000,False,14336000,28672000,55552000,275207159808000,role_B_reference,2288,1.0,1.0,0.9999890017584201,5.540323854802409e-06,1.0,,,
development,development-B,146001,14601,B,56000,False,14336000,28672000,55552000,275207159808000,train_composite,4165,1.0,1.0,0.999990542808857,4.770343821292045e-06,1.0,,,
development,development-B,146001,14601,B,56000,False,14336000,28672000,55552000,275207159808000,test_atomic_answers_correct_subset,844,0.7191943127962085,0.7191943127962085,0.7005915338344428,0.8244904279708862,1.0,844,1.0,
development,development-B,146001,14601,B,56000,False,14336000,28672000,55552000,275207159808000,autonomous_calls,844,1.0,1.0,,,,,,1.0
development,development-B,146001,14601,B,64000,False,16384000,32768000,63488000,314522468352000,atomic,1024,1.0,1.0,0.9999166213790155,4.6474728151224554e-05,1.0,,,
development,development-B,146001,14601,B,64000,False,16384000,32768000,63488000,314522468352000,atomic_BG,512,1.0,1.0,0.9998651201640336,7.342811295529827e-05,1.0,,,
development,development-B,146001,14601,B,64000,False,16384000,32768000,63488000,314522468352000,atomic_A,256,1.0,1.0,0.9999430444888043,3.174712765030563e-05,1.0,,,
development,development-B,146001,14601,B,64000,False,16384000,32768000,63488000,314522468352000,atomic_B,256,1.0,1.0,0.9999932006991901,7.295538125617895e-06,1.0,,,
development,development-B,146001,14601,B,64000,False,16384000,32768000,63488000,314522468352000,test_composite,844,0.7144549763033176,0.7144549763033176,0.6994900654888604,0.8474528193473816,1.0,,,
development,development-B,146001,14601,B,64000,False,16384000,32768000,63488000,314522468352000,test_BG_BG,207,0.9951690821256038,0.9951690821256038,0.9957481528458229,0.003784527536481619,1.0,,,
development,development-B,146001,14601,B,64000,False,16384000,32768000,63488000,314522468352000,test_BG_A,106,0.32075471698113206,0.32075471698113206,0.29626308756418096,1.495507836341858,1.0,,,
development,development-B,146001,14601,B,64000,False,16384000,32768000,63488000,314522468352000,test_BG_B,114,1.0,1.0,0.9985612316058619,0.0007544326363131404,1.0,,,
development,development-B,146001,14601,B,64000,False,16384000,32768000,63488000,314522468352000,test_A_BG,96,0.5520833333333334,0.5520833333333334,0.4952427363380265,1.322507381439209,1.0,,,
development,development-B,146001,14601,B,64000,False,16384000,32768000,63488000,314522468352000,test_A_A,59,0.01694915254237288,0.01694915254237288,0.02394967679774314,4.508779525756836,1.0,,,
development,development-B,146001,14601,B,64000,False,16384000,32768000,63488000,314522468352000,test_A_B,58,0.41379310344827586,0.41379310344827586,0.39069711386360345,1.7182220220565796,1.0,,,
development,development-B,146001,14601,B,64000,False,16384000,32768000,63488000,314522468352000,test_B_BG,97,1.0,1.0,0.9977515927455577,0.001186496578156948,1.0,,,
development,development-B,146001,14601,B,64000,False,16384000,32768000,63488000,314522468352000,test_B_A,51,0.35294117647058826,0.35294117647058826,0.29724816757925543,1.2299166917800903,1.0,,,
development,development-B,146001,14601,B,64000,False,16384000,32768000,63488000,314522468352000,test_B_B,56,1.0,1.0,0.9901472873357015,0.006580206099897623,1.0,,,
development,development-B,146001,14601,B,64000,False,16384000,32768000,63488000,314522468352000,train_background,1877,1.0,1.0,0.999992126758963,3.95152210330707e-06,1.0,,,
development,development-B,146001,14601,B,64000,False,16384000,32768000,63488000,314522468352000,role_A_reference,2288,0.32036713286713286,0.32036713286713286,0.29611265284250393,1.9778958559036255,1.0,,,
development,development-B,146001,14601,B,64000,False,16384000,32768000,63488000,314522468352000,role_B_reference,2288,1.0,1.0,0.9999926323978972,3.6986841678299243e-06,1.0,,,
development,development-B,146001,14601,B,64000,False,16384000,32768000,63488000,314522468352000,train_composite,4165,1.0,1.0,0.9999924044979037,3.812642717093695e-06,1.0,,,
development,development-B,146001,14601,B,64000,False,16384000,32768000,63488000,314522468352000,test_atomic_answers_correct_subset,844,0.7144549763033176,0.7144549763033176,0.6994900654888604,0.8474528193473816,1.0,844,1.0,
development,development-B,146001,14601,B,64000,False,16384000,32768000,63488000,314522468352000,autonomous_calls,844,1.0,1.0,,,,,,1.0
development,development-B,146001,14601,B,80000,False,20480000,40960000,79360000,393153085440000,atomic,1024,1.0,1.0,0.9999875659261444,7.506105248467065e-06,1.0,,,
development,development-B,146001,14601,B,80000,False,20480000,40960000,79360000,393153085440000,atomic_BG,512,1.0,1.0,0.9999933457708408,4.697745225712424e-06,1.0,,,
development,development-B,146001,14601,B,80000,False,20480000,40960000,79360000,393153085440000,atomic_A,256,1.0,1.0,0.9999717212568777,1.5235869796015322e-05,1.0,,,
development,development-B,146001,14601,B,80000,False,20480000,40960000,79360000,393153085440000,atomic_B,256,1.0,1.0,0.9999918509060184,5.393059836933389e-06,1.0,,,
development,development-B,146001,14601,B,80000,False,20480000,40960000,79360000,393153085440000,test_composite,844,0.726303317535545,0.726303317535545,0.7139232734854116,0.8140305280685425,1.0,,,
development,development-B,146001,14601,B,80000,False,20480000,40960000,79360000,393153085440000,test_BG_BG,207,1.0,1.0,0.9992526873762342,0.0003817706601694226,1.0,,,
development,development-B,146001,14601,B,80000,False,20480000,40960000,79360000,393153085440000,test_BG_A,106,0.37735849056603776,0.37735849056603776,0.33441830000882916,1.3942501544952393,1.0,,,
development,development-B,146001,14601,B,80000,False,20480000,40960000,79360000,393153085440000,test_BG_B,114,1.0,1.0,0.9996891484839692,0.00015609127876814455,1.0,,,
development,development-B,146001,14601,B,80000,False,20480000,40960000,79360000,393153085440000,test_A_BG,96,0.5,0.5,0.47710805761479946,1.520583987236023,1.0,,,
development,development-B,146001,14601,B,80000,False,20480000,40960000,79360000,393153085440000,test_A_A,59,0.05084745762711865,0.05084745762711865,0.06566999168379876,3.928622007369995,1.0,,,
development,development-B,146001,14601,B,80000,False,20480000,40960000,79360000,393153085440000,test_A_B,58,0.5,0.5,0.45689003933244865,1.6809414625167847,1.0,,,
development,development-B,146001,14601,B,80000,False,20480000,40960000,79360000,393153085440000,test_B_BG,97,1.0,1.0,0.9984642077113969,0.0007955741602927446,1.0,,,
development,development-B,146001,14601,B,80000,False,20480000,40960000,79360000,393153085440000,test_B_A,51,0.39215686274509803,0.39215686274509803,0.35837778129146014,1.1703492403030396,1.0,,,
development,development-B,146001,14601,B,80000,False,20480000,40960000,79360000,393153085440000,test_B_B,56,0.9821428571428571,0.9821428571428571,0.9818831811313373,0.07400181144475937,1.0,,,
development,development-B,146001,14601,B,80000,False,20480000,40960000,79360000,393153085440000,train_background,1877,1.0,1.0,0.9999896517699781,5.176016202312894e-06,1.0,,,
development,development-B,146001,14601,B,80000,False,20480000,40960000,79360000,393153085440000,role_A_reference,2288,0.3374125874125874,0.3374125874125874,0.31352342398083904,1.917587399482727,1.0,,,
development,development-B,146001,14601,B,80000,False,20480000,40960000,79360000,393153085440000,role_B_reference,2288,1.0,1.0,0.9999233202738468,4.117451317142695e-05,1.0,,,
development,development-B,146001,14601,B,80000,False,20480000,40960000,79360000,393153085440000,train_composite,4165,1.0,1.0,0.9999532132720298,2.4951406885520555e-05,1.0,,,
development,development-B,146001,14601,B,80000,False,20480000,40960000,79360000,393153085440000,test_atomic_answers_correct_subset,844,0.726303317535545,0.726303317535545,0.7139232734854116,0.8140305280685425,1.0,844,1.0,
development,development-B,146001,14601,B,80000,False,20480000,40960000,79360000,393153085440000,autonomous_calls,844,1.0,1.0,,,,,,1.0
development,development-B,146001,14601,B,96000,False,24576000,49152000,95232000,471783702528000,atomic,1024,1.0,1.0,0.9999877371909751,7.049025498417905e-06,1.0,,,
development,development-B,146001,14601,B,96000,False,24576000,49152000,95232000,471783702528000,atomic_BG,512,1.0,1.0,0.9999941381869173,3.865761755150743e-06,1.0,,,
development,development-B,146001,14601,B,96000,False,24576000,49152000,95232000,471783702528000,atomic_A,256,1.0,1.0,0.9999677664474684,1.699314634606708e-05,1.0,,,
development,development-B,146001,14601,B,96000,False,24576000,49152000,95232000,471783702528000,atomic_B,256,1.0,1.0,0.9999949059425974,3.4714348657871597e-06,1.0,,,
development,development-B,146001,14601,B,96000,False,24576000,49152000,95232000,471783702528000,test_composite,844,0.7559241706161137,0.7559241706161137,0.7364813576031888,0.6867471933364868,1.0,,,
development,development-B,146001,14601,B,96000,False,24576000,49152000,95232000,471783702528000,test_BG_BG,207,1.0,1.0,0.9998769196805318,6.163917714729905e-05,1.0,,,
development,development-B,146001,14601,B,96000,False,24576000,49152000,95232000,471783702528000,test_BG_A,106,0.49056603773584906,0.49056603773584906,0.41445498733719766,1.1022385358810425,1.0,,,
development,development-B,146001,14601,B,96000,False,24576000,49152000,95232000,471783702528000,test_BG_B,114,1.0,1.0,0.9998219592000424,8.91952367965132e-05,1.0,,,
development,development-B,146001,14601,B,96000,False,24576000,49152000,95232000,471783702528000,test_A_BG,96,0.6041666666666666,0.6041666666666666,0.5643842077876591,1.1035656929016113,1.0,,,
development,development-B,146001,14601,B,96000,False,24576000,49152000,95232000,471783702528000,test_A_A,59,0.03389830508474576,0.03389830508474576,0.03161299655644958,3.795572280883789,1.0,,,
development,development-B,146001,14601,B,96000,False,24576000,49152000,95232000,471783702528000,test_A_B,58,0.46551724137931033,0.46551724137931033,0.4552572966298707,1.368054986000061,1.0,,,
development,development-B,146001,14601,B,96000,False,24576000,49152000,95232000,471783702528000,test_B_BG,97,1.0,1.0,0.9995111365363777,0.0002457379305269569,1.0,,,
development,development-B,146001,14601,B,96000,False,24576000,49152000,95232000,471783702528000,test_B_A,51,0.5098039215686274,0.5098039215686274,0.43781923247848575,1.0257372856140137,1.0,,,
development,development-B,146001,14601,B,96000,False,24576000,49152000,95232000,471783702528000,test_B_B,56,0.9821428571428571,0.9821428571428571,0.9816252439798444,0.021097123622894287,1.0,,,
development,development-B,146001,14601,B,96000,False,24576000,49152000,95232000,471783702528000,train_background,1877,1.0,1.0,0.9999933680749397,3.3164799333462724e-06,1.0,,,
development,development-B,146001,14601,B,96000,False,24576000,49152000,95232000,471783702528000,role_A_reference,2288,0.3929195804195804,0.3929195804195804,0.35184867660512714,1.7413138151168823,1.0,,,
development,development-B,146001,14601,B,96000,False,24576000,49152000,95232000,471783702528000,role_B_reference,2288,1.0,1.0,0.9999937971913841,3.1015169952297583e-06,1.0,,,
development,development-B,146001,14601,B,96000,False,24576000,49152000,95232000,471783702528000,train_composite,4165,1.0,1.0,0.9999936038342755,3.1983779535948997e-06,1.0,,,
development,development-B,146001,14601,B,96000,False,24576000,49152000,95232000,471783702528000,test_atomic_answers_correct_subset,844,0.7559241706161137,0.7559241706161137,0.7364813576031888,0.6867471933364868,1.0,844,1.0,
development,development-B,146001,14601,B,96000,False,24576000,49152000,95232000,471783702528000,autonomous_calls,844,1.0,1.0,,,,,,1.0
development,development-B,146001,14601,B,112000,False,28672000,57344000,111104000,550414319616000,atomic,1024,1.0,1.0,0.9999610511743385,2.2121303118183278e-05,1.0,,,
development,development-B,146001,14601,B,112000,False,28672000,57344000,111104000,550414319616000,atomic_BG,512,1.0,1.0,0.9999414044035321,3.224504689569585e-05,1.0,,,
development,development-B,146001,14601,B,112000,False,28672000,57344000,111104000,550414319616000,atomic_A,256,1.0,1.0,0.9999664005865303,1.8968141375808045e-05,1.0,,,
development,development-B,146001,14601,B,112000,False,28672000,57344000,111104000,550414319616000,atomic_B,256,1.0,1.0,0.9999949953037598,5.026980488764821e-06,1.0,,,
development,development-B,146001,14601,B,112000,False,28672000,57344000,111104000,550414319616000,test_composite,844,0.7417061611374408,0.7417061611374408,0.7278602932451357,0.7048767805099487,1.0,,,
development,development-B,146001,14601,B,112000,False,28672000,57344000,111104000,550414319616000,test_BG_BG,207,1.0,1.0,0.9993509298348642,0.000339128338964656,1.0,,,
development,development-B,146001,14601,B,112000,False,28672000,57344000,111104000,550414319616000,test_BG_A,106,0.4339622641509434,0.4339622641509434,0.3791700820426668,1.2284767627716064,1.0,,,
development,development-B,146001,14601,B,112000,False,28672000,57344000,111104000,550414319616000,test_BG_B,114,1.0,1.0,0.9989208808869144,0.0005677420413121581,1.0,,,
development,development-B,146001,14601,B,112000,False,28672000,57344000,111104000,550414319616000,test_A_BG,96,0.5520833333333334,0.5520833333333334,0.5446565238573089,1.0515400171279907,1.0,,,
development,development-B,146001,14601,B,112000,False,28672000,57344000,111104000,550414319616000,test_A_A,59,0.06779661016949153,0.06779661016949153,0.06774550405904771,3.765148162841797,1.0,,,
development,development-B,146001,14601,B,112000,False,28672000,57344000,111104000,550414319616000,test_A_B,58,0.4482758620689655,0.4482758620689655,0.42877948795563475,1.5204124450683594,1.0,,,
development,development-B,146001,14601,B,112000,False,28672000,57344000,111104000,550414319616000,test_B_BG,97,1.0,1.0,0.9995566387090321,0.00022521946812048554,1.0,,,
development,development-B,146001,14601,B,112000,False,28672000,57344000,111104000,550414319616000,test_B_A,51,0.47058823529411764,0.47058823529411764,0.39655304989220896,1.0204780101776123,1.0,,,
development,development-B,146001,14601,B,112000,False,28672000,57344000,111104000,550414319616000,test_B_B,56,0.9821428571428571,0.9821428571428571,0.9829981189761333,0.021610084921121597,1.0,,,
development,development-B,146001,14601,B,112000,False,28672000,57344000,111104000,550414319616000,train_background,1877,1.0,1.0,0.9999919338799822,4.050945790368132e-06,1.0,,,
development,development-B,146001,14601,B,112000,False,28672000,57344000,111104000,550414319616000,role_A_reference,2288,0.416958041958042,0.416958041958042,0.3766301293061074,1.6667990684509277,1.0,,,
development,development-B,146001,14601,B,112000,False,28672000,57344000,111104000,550414319616000,role_B_reference,2288,1.0,1.0,0.9999926826428079,3.676755341075477e-06,1.0,,,
development,development-B,146001,14601,B,112000,False,28672000,57344000,111104000,550414319616000,train_composite,4165,1.0,1.0,0.9999923452051553,3.8453881643363275e-06,1.0,,,
development,development-B,146001,14601,B,112000,False,28672000,57344000,111104000,550414319616000,test_atomic_answers_correct_subset,844,0.7417061611374408,0.7417061611374408,0.7278602932451357,0.7048767805099487,1.0,844,1.0,
development,development-B,146001,14601,B,112000,False,28672000,57344000,111104000,550414319616000,autonomous_calls,844,1.0,1.0,,,,,,1.0
development,development-B,146001,14601,B,128000,True,32768000,65536000,126976000,629044936704000,atomic,1024,1.0,1.0,0.9999817067786317,1.0678205399017315e-05,1.0,,,
development,development-B,146001,14601,B,128000,True,32768000,65536000,126976000,629044936704000,atomic_BG,512,1.0,1.0,0.9999839111246254,9.651065738580655e-06,1.0,,,
development,development-B,146001,14601,B,128000,True,32768000,65536000,126976000,629044936704000,atomic_A,256,1.0,1.0,0.9999656263877242,1.8459599232301116e-05,1.0,,,
development,development-B,146001,14601,B,128000,True,32768000,65536000,126976000,629044936704000,atomic_B,256,1.0,1.0,0.9999933784775521,4.951090886606835e-06,1.0,,,
development,development-B,146001,14601,B,128000,True,32768000,65536000,126976000,629044936704000,test_composite,844,0.768957345971564,0.768957345971564,0.7492259689462861,0.6220454573631287,1.0,,,
development,development-B,146001,14601,B,128000,True,32768000,65536000,126976000,629044936704000,test_BG_BG,207,1.0,1.0,0.9999250203352973,3.7506117223529145e-05,1.0,,,
development,development-B,146001,14601,B,128000,True,32768000,65536000,126976000,629044936704000,test_BG_A,106,0.5283018867924528,0.5283018867924528,0.460518565369346,0.8544923067092896,1.0,,,
development,development-B,146001,14601,B,128000,True,32768000,65536000,126976000,629044936704000,test_BG_B,114,1.0,1.0,0.9978038132745595,0.0011707930825650692,1.0,,,
development,development-B,146001,14601,B,128000,True,32768000,65536000,126976000,629044936704000,test_A_BG,96,0.5104166666666666,0.5104166666666666,0.511335731637065,1.2322450876235962,1.0,,,
development,development-B,146001,14601,B,128000,True,32768000,65536000,126976000,629044936704000,test_A_A,59,0.1016949152542373,0.1016949152542373,0.07817701297025477,3.5793919563293457,1.0,,,
development,development-B,146001,14601,B,128000,True,32768000,65536000,126976000,629044936704000,test_A_B,58,0.6206896551724138,0.6206896551724138,0.575529272512429,1.0113954544067383,1.0,,,
development,development-B,146001,14601,B,128000,True,32768000,65536000,126976000,629044936704000,test_B_BG,97,1.0,1.0,0.9997666552986718,0.0001174987482954748,1.0,,,
development,development-B,146001,14601,B,128000,True,32768000,65536000,126976000,629044936704000,test_B_A,51,0.5686274509803921,0.5686274509803921,0.46490092130983357,0.8757100701332092,1.0,,,
development,development-B,146001,14601,B,128000,True,32768000,65536000,126976000,629044936704000,test_B_B,56,0.9821428571428571,0.9821428571428571,0.9825848691700154,0.026289017871022224,1.0,,,
development,development-B,146001,14601,B,128000,True,32768000,65536000,126976000,629044936704000,train_background,1877,1.0,1.0,0.9999937997596805,3.1004319680505432e-06,1.0,,,
development,development-B,146001,14601,B,128000,True,32768000,65536000,126976000,629044936704000,role_A_reference,2288,0.4388111888111888,0.4388111888111888,0.4031346435131856,1.5070122480392456,1.0,,,
development,development-B,146001,14601,B,128000,True,32768000,65536000,126976000,629044936704000,role_B_reference,2288,1.0,1.0,0.9999946956691596,2.6524814984441036e-06,1.0,,,
development,development-B,146001,14601,B,128000,True,32768000,65536000,126976000,629044936704000,train_composite,4165,1.0,1.0,0.9999942920613911,2.854283366104937e-06,1.0,,,
development,development-B,146001,14601,B,128000,True,32768000,65536000,126976000,629044936704000,test_atomic_answers_correct_subset,844,0.768957345971564,0.768957345971564,0.7492259689462861,0.6220454573631287,1.0,844,1.0,
development,development-B,146001,14601,B,128000,True,32768000,65536000,126976000,629044936704000,autonomous_calls,844,1.0,1.0,,,,,,1.0
development,development-repA,146001,14601,repA,0,False,0,0,0,0,atomic,1024,0.0009765625,0.0,0.006861207297055203,4.977694511413574,0.0,,,
development,development-repA,146001,14601,repA,0,False,0,0,0,0,atomic_BG,512,0.001953125,0.0,0.0068321614985720446,4.9761786460876465,0.0,,,
development,development-repA,146001,14601,repA,0,False,0,0,0,0,atomic_A,256,0.0,0.0,0.006917049520303401,4.975861072540283,0.0,,,
development,development-repA,146001,14601,repA,0,False,0,0,0,0,atomic_B,256,0.0,0.0,0.006863456670773321,4.982558250427246,0.0,,,
development,development-repA,146001,14601,repA,0,False,0,0,0,0,test_composite,844,0.0035545023696682463,0.0,0.006863544111322181,5.097091197967529,0.0,,,
development,development-repA,146001,14601,repA,0,False,0,0,0,0,test_BG_BG,207,0.0,0.0,0.006794160265715934,5.092398166656494,0.0,,,
development,development-repA,146001,14601,repA,0,False,0,0,0,0,test_BG_A,106,0.0,0.0,0.0068641668952235295,5.088468551635742,0.0,,,
development,development-repA,146001,14601,repA,0,False,0,0,0,0,test_BG_B,114,0.008771929824561403,0.0,0.00713811274796086,5.0844831466674805,0.0,,,
development,development-repA,146001,14601,repA,0,False,0,0,0,0,test_A_BG,96,0.0,0.0,0.006676610221404061,5.1270294189453125,0.0,,,
development,development-repA,146001,14601,repA,0,False,0,0,0,0,test_A_A,59,0.0,0.0,0.00691700378800347,5.103490829467773,0.0,,,
development,development-repA,146001,14601,repA,0,False,0,0,0,0,test_A_B,58,0.017241379310344827,0.0,0.0070793166446146685,5.084544658660889,0.0,,,
development,development-repA,146001,14601,repA,0,False,0,0,0,0,test_B_BG,97,0.0,0.0,0.006654650363205876,5.106794357299805,0.0,,,
development,development-repA,146001,14601,repA,0,False,0,0,0,0,test_B_A,51,0.0196078431372549,0.0,0.006988983421156276,5.090850830078125,0.0,,,
development,development-repA,146001,14601,repA,0,False,0,0,0,0,test_B_B,56,0.0,0.0,0.006848156735254634,5.100218772888184,0.0,,,
development,development-repA,146001,14601,repA,0,False,0,0,0,0,train_background,1877,0.002663825253063399,0.0,0.006727505187338352,5.104000568389893,0.0,,,
development,development-repA,146001,14601,repA,0,False,0,0,0,0,role_A_reference,2288,0.0013111888111888112,0.0,0.0067151449378283,5.10693883895874,0.0,,,
development,development-repA,146001,14601,repA,0,False,0,0,0,0,role_B_reference,2288,0.0026223776223776225,0.0,0.006822829655568674,5.100352764129639,0.0,,,
development,development-repA,146001,14601,repA,0,False,0,0,0,0,train_composite,1877,0.002663825253063399,0.0,0.006727505187338352,5.104000568389893,0.0,,,
development,development-repA,146001,14601,repA,0,False,0,0,0,0,test_atomic_answers_correct_subset,0,,,,,,844,0.0,
development,development-repA,146001,14601,repA,0,False,0,0,0,0,autonomous_calls,844,0.001184834123222749,0.0,,,,,,0.0
development,development-repA,146001,14601,repA,100,False,36800,73600,121600,706446950400,atomic,1024,0.0,0.0,0.0068590721327321524,4.246771812438965,1.0,,,
development,development-repA,146001,14601,repA,100,False,36800,73600,121600,706446950400,atomic_BG,512,0.0,0.0,0.006911769562403295,4.241000175476074,1.0,,,
development,development-repA,146001,14601,repA,100,False,36800,73600,121600,706446950400,atomic_A,256,0.0,0.0,0.006847447022732059,4.24778938293457,1.0,,,
development,development-repA,146001,14601,repA,100,False,36800,73600,121600,706446950400,atomic_B,256,0.0,0.0,0.006765302383389958,4.257298469543457,1.0,,,
development,development-repA,146001,14601,repA,100,False,36800,73600,121600,706446950400,test_composite,844,0.0,0.0,0.006769004776260746,4.316939830780029,1.0,,,
development,development-repA,146001,14601,repA,100,False,36800,73600,121600,706446950400,test_BG_BG,207,0.0,0.0,0.006952000705852037,4.296213150024414,1.0,,,
development,development-repA,146001,14601,repA,100,False,36800,73600,121600,706446950400,test_BG_A,106,0.0,0.0,0.006584022299589584,4.328311920166016,1.0,,,
development,development-repA,146001,14601,repA,100,False,36800,73600,121600,706446950400,test_BG_B,114,0.0,0.0,0.00677540090376108,4.323563098907471,1.0,,,
development,development-repA,146001,14601,repA,100,False,36800,73600,121600,706446950400,test_A_BG,96,0.0,0.0,0.006644738891844963,4.335038661956787,1.0,,,
development,development-repA,146001,14601,repA,100,False,36800,73600,121600,706446950400,test_A_A,59,0.0,0.0,0.006699418404917826,4.3231072425842285,1.0,,,
development,development-repA,146001,14601,repA,100,False,36800,73600,121600,706446950400,test_A_B,58,0.0,0.0,0.006711675898019321,4.316742420196533,1.0,,,
development,development-repA,146001,14601,repA,100,False,36800,73600,121600,706446950400,test_B_BG,97,0.0,0.0,0.006777993207380834,4.307805061340332,1.0,,,
development,development-repA,146001,14601,repA,100,False,36800,73600,121600,706446950400,test_B_A,51,0.0,0.0,0.006673944652985517,4.335226535797119,1.0,,,
development,development-repA,146001,14601,repA,100,False,36800,73600,121600,706446950400,test_B_B,56,0.0,0.0,0.0068463159809726325,4.320408344268799,1.0,,,
development,development-repA,146001,14601,repA,100,False,36800,73600,121600,706446950400,train_background,1877,0.0,0.0,0.006775539153675209,4.313323974609375,1.0,,,
development,development-repA,146001,14601,repA,100,False,36800,73600,121600,706446950400,role_A_reference,2288,0.0,0.0,0.006727678960820182,4.318748474121094,1.0,,,
development,development-repA,146001,14601,repA,100,False,36800,73600,121600,706446950400,role_B_reference,2288,0.0,0.0,0.006731296338432824,4.321208953857422,1.0,,,
development,development-repA,146001,14601,repA,100,False,36800,73600,121600,706446950400,train_composite,1877,0.0,0.0,0.006775539153675209,4.313323974609375,1.0,,,
development,development-repA,146001,14601,repA,100,False,36800,73600,121600,706446950400,test_atomic_answers_correct_subset,0,,,,,,844,0.0,
development,development-repA,146001,14601,repA,100,False,36800,73600,121600,706446950400,autonomous_calls,844,0.0,0.0,,,,,,0.0
development,development-repA,146001,14601,repA,250,False,92000,184000,304000,1766117376000,atomic,1024,0.0,0.0,0.006934139949126533,3.743936061859131,1.0,,,
development,development-repA,146001,14601,repA,250,False,92000,184000,304000,1766117376000,atomic_BG,512,0.0,0.0,0.007062589567968177,3.7338576316833496,1.0,,,
development,development-repA,146001,14601,repA,250,False,92000,184000,304000,1766117376000,atomic_A,256,0.0,0.0,0.007001269385819011,3.7386083602905273,1.0,,,
development,development-repA,146001,14601,repA,250,False,92000,184000,304000,1766117376000,atomic_B,256,0.0,0.0,0.006610111274750766,3.769420862197876,1.0,,,
development,development-repA,146001,14601,repA,250,False,92000,184000,304000,1766117376000,test_composite,844,0.0,0.0,0.006587718348209517,3.7709271907806396,1.0,,,
development,development-repA,146001,14601,repA,250,False,92000,184000,304000,1766117376000,test_BG_BG,207,0.0,0.0,0.0069110874975900245,3.7450499534606934,1.0,,,
development,development-repA,146001,14601,repA,250,False,92000,184000,304000,1766117376000,test_BG_A,106,0.0,0.0,0.006270142518152004,3.7941253185272217,1.0,,,
development,development-repA,146001,14601,repA,250,False,92000,184000,304000,1766117376000,test_BG_B,114,0.0,0.0,0.006321629777195788,3.7915351390838623,1.0,,,
development,development-repA,146001,14601,repA,250,False,92000,184000,304000,1766117376000,test_A_BG,96,0.0,0.0,0.00666135199872902,3.766080141067505,1.0,,,
development,development-repA,146001,14601,repA,250,False,92000,184000,304000,1766117376000,test_A_A,59,0.0,0.0,0.0066336082323419,3.7683379650115967,1.0,,,
development,development-repA,146001,14601,repA,250,False,92000,184000,304000,1766117376000,test_A_B,58,0.0,0.0,0.006155960471806847,3.806171178817749,1.0,,,
development,development-repA,146001,14601,repA,250,False,92000,184000,304000,1766117376000,test_B_BG,97,0.0,0.0,0.006927107534479029,3.7453317642211914,1.0,,,
development,development-repA,146001,14601,repA,250,False,92000,184000,304000,1766117376000,test_B_A,51,0.0,0.0,0.006396596917810993,3.7830021381378174,1.0,,,
development,development-repA,146001,14601,repA,250,False,92000,184000,304000,1766117376000,test_B_B,56,0.0,0.0,0.006393850385955088,3.788612127304077,1.0,,,
development,development-repA,146001,14601,repA,250,False,92000,184000,304000,1766117376000,train_background,1877,0.0,0.0,0.006818855947197829,3.75258207321167,1.0,,,
development,development-repA,146001,14601,repA,250,False,92000,184000,304000,1766117376000,role_A_reference,2288,0.0,0.0,0.006664244739838316,3.764751672744751,1.0,,,
development,development-repA,146001,14601,repA,250,False,92000,184000,304000,1766117376000,role_B_reference,2288,0.0,0.0,0.006503974342048341,3.7783002853393555,1.0,,,
development,development-repA,146001,14601,repA,250,False,92000,184000,304000,1766117376000,train_composite,1877,0.0,0.0,0.006818855947197829,3.75258207321167,1.0,,,
development,development-repA,146001,14601,repA,250,False,92000,184000,304000,1766117376000,test_atomic_answers_correct_subset,0,,,,,,844,0.0,
development,development-repA,146001,14601,repA,250,False,92000,184000,304000,1766117376000,autonomous_calls,844,0.0,0.0,,,,,,0.0
development,development-repA,146001,14601,repA,500,False,184000,368000,608000,3532234752000,atomic,1024,0.0615234375,0.0615234375,0.009624710088755772,3.1288461685180664,1.0,,,
development,development-repA,146001,14601,repA,500,False,184000,368000,608000,3532234752000,atomic_BG,512,0.04296875,0.04296875,0.009621954531988986,3.123028516769409,1.0,,,
development,development-repA,146001,14601,repA,500,False,184000,368000,608000,3532234752000,atomic_A,256,0.15234375,0.15234375,0.011775143473160802,3.021402359008789,1.0,,,
development,development-repA,146001,14601,repA,500,False,184000,368000,608000,3532234752000,atomic_B,256,0.0078125,0.0078125,0.007479787817884314,3.2479238510131836,1.0,,,
development,development-repA,146001,14601,repA,500,False,184000,368000,608000,3532234752000,test_composite,844,0.0,0.0,0.006294241823214797,3.3229546546936035,1.0,,,
development,development-repA,146001,14601,repA,500,False,184000,368000,608000,3532234752000,test_BG_BG,207,0.0,0.0,0.006759250590619325,3.2855563163757324,1.0,,,
development,development-repA,146001,14601,repA,500,False,184000,368000,608000,3532234752000,test_BG_A,106,0.0,0.0,0.005991807628873681,3.34527587890625,1.0,,,
development,development-repA,146001,14601,repA,500,False,184000,368000,608000,3532234752000,test_BG_B,114,0.0,0.0,0.005716111527083077,3.368309736251831,1.0,,,
development,development-repA,146001,14601,repA,500,False,184000,368000,608000,3532234752000,test_A_BG,96,0.0,0.0,0.006576555242169889,3.3019065856933594,1.0,,,
development,development-repA,146001,14601,repA,500,False,184000,368000,608000,3532234752000,test_A_A,59,0.0,0.0,0.006539121316750712,3.3054120540618896,1.0,,,
development,development-repA,146001,14601,repA,500,False,184000,368000,608000,3532234752000,test_A_B,58,0.0,0.0,0.0055113370313819,3.3888869285583496,1.0,,,
development,development-repA,146001,14601,repA,500,False,184000,368000,608000,3532234752000,test_B_BG,97,0.0,0.0,0.00673530672729418,3.2860026359558105,1.0,,,
development,development-repA,146001,14601,repA,500,False,184000,368000,608000,3532234752000,test_B_A,51,0.0,0.0,0.006065560741785005,3.3381662368774414,1.0,,,
development,development-repA,146001,14601,repA,500,False,184000,368000,608000,3532234752000,test_B_B,56,0.0,0.0,0.005837975998554621,3.3630306720733643,1.0,,,
development,development-repA,146001,14601,repA,500,False,184000,368000,608000,3532234752000,train_background,1877,0.0,0.0,0.006764709513529975,3.2850096225738525,1.0,,,
development,development-repA,146001,14601,repA,500,False,184000,368000,608000,3532234752000,role_A_reference,2288,0.0,0.0,0.006410319560356908,3.3125314712524414,1.0,,,
development,development-repA,146001,14601,repA,500,False,184000,368000,608000,3532234752000,role_B_reference,2288,0.0,0.0,0.006068939457959848,3.3415257930755615,1.0,,,
development,development-repA,146001,14601,repA,500,False,184000,368000,608000,3532234752000,train_composite,1877,0.0,0.0,0.006764709513529975,3.2850096225738525,1.0,,,
development,development-repA,146001,14601,repA,500,False,184000,368000,608000,3532234752000,test_atomic_answers_correct_subset,2,0.0,0.0,0.0053727438417655,3.3972740173339844,1.0,844,0.002369668246445498,
development,development-repA,146001,14601,repA,500,False,184000,368000,608000,3532234752000,autonomous_calls,844,0.026066350710900472,0.026066350710900472,,,,,,0.002369668246445498
development,development-repA,146001,14601,repA,1000,False,368000,736000,1216000,7064469504000,atomic,1024,0.271484375,0.271484375,0.027299308401508317,2.0297014713287354,1.0,,,
development,development-repA,146001,14601,repA,1000,False,368000,736000,1216000,7064469504000,atomic_BG,512,0.21875,0.21875,0.025069326141311216,1.9982972145080566,1.0,,,
development,development-repA,146001,14601,repA,1000,False,368000,736000,1216000,7064469504000,atomic_A,256,0.625,0.625,0.04971226322928612,1.6357134580612183,1.0,,,
development,development-repA,146001,14601,repA,1000,False,368000,736000,1216000,7064469504000,atomic_B,256,0.0234375,0.0234375,0.009346318094124718,2.4864978790283203,1.0,,,
development,development-repA,146001,14601,repA,1000,False,368000,736000,1216000,7064469504000,test_composite,844,0.058056872037914695,0.058056872037914695,0.013962895570876991,2.319241523742676,1.0,,,
development,development-repA,146001,14601,repA,1000,False,368000,736000,1216000,7064469504000,test_BG_BG,207,0.12560386473429952,0.12560386473429952,0.019459695510483307,2.139134407043457,1.0,,,
development,development-repA,146001,14601,repA,1000,False,368000,736000,1216000,7064469504000,test_BG_A,106,0.04716981132075472,0.04716981132075472,0.011860615198833108,2.362571954727173,1.0,,,
development,development-repA,146001,14601,repA,1000,False,368000,736000,1216000,7064469504000,test_BG_B,114,0.008771929824561403,0.008771929824561403,0.007775974734556172,2.5561351776123047,1.0,,,
development,development-repA,146001,14601,repA,1000,False,368000,736000,1216000,7064469504000,test_A_BG,96,0.08333333333333333,0.08333333333333333,0.01838989350661234,2.1509439945220947,1.0,,,
development,development-repA,146001,14601,repA,1000,False,368000,736000,1216000,7064469504000,test_A_A,59,0.03389830508474576,0.03389830508474576,0.012707431818113263,2.348764181137085,1.0,,,
development,development-repA,146001,14601,repA,1000,False,368000,736000,1216000,7064469504000,test_A_B,58,0.0,0.0,0.006789296100102143,2.6310384273529053,1.0,,,
development,development-repA,146001,14601,repA,1000,False,368000,736000,1216000,7064469504000,test_B_BG,97,0.041237113402061855,0.041237113402061855,0.016863164829768733,2.181797504425049,1.0,,,
development,development-repA,146001,14601,repA,1000,False,368000,736000,1216000,7064469504000,test_B_A,51,0.0392156862745098,0.0392156862745098,0.012259698649291833,2.3461875915527344,1.0,,,
development,development-repA,146001,14601,repA,1000,False,368000,736000,1216000,7064469504000,test_B_B,56,0.017857142857142856,0.017857142857142856,0.007910347819368982,2.568721294403076,1.0,,,
development,development-repA,146001,14601,repA,1000,False,368000,736000,1216000,7064469504000,train_background,1877,0.14171550346297282,0.14171550346297282,0.022606043413565084,2.035932779312134,1.0,,,
development,development-repA,146001,14601,repA,1000,False,368000,736000,1216000,7064469504000,role_A_reference,2288,0.05812937062937063,0.05812937062937063,0.015006566652831198,2.2592813968658447,1.0,,,
development,development-repA,146001,14601,repA,1000,False,368000,736000,1216000,7064469504000,role_B_reference,2288,0.030157342657342656,0.030157342657342656,0.011388601358702271,2.42217755317688,1.0,,,
development,development-repA,146001,14601,repA,1000,False,368000,736000,1216000,7064469504000,train_composite,1877,0.14171550346297282,0.14171550346297282,0.022606043413565084,2.035932779312134,1.0,,,
development,development-repA,146001,14601,repA,1000,False,368000,736000,1216000,7064469504000,test_atomic_answers_correct_subset,60,0.21666666666666667,0.21666666666666667,0.0235896445697603,2.0519285202026367,1.0,844,0.07109004739336493,
development,development-repA,146001,14601,repA,1000,False,368000,736000,1216000,7064469504000,autonomous_calls,844,0.0971563981042654,0.0971563981042654,,,,,,0.07109004739336493
development,development-repA,146001,14601,repA,2000,False,736000,1472000,2432000,14128939008000,atomic,1024,0.697265625,0.697265625,0.34096478938274,0.9442271590232849,1.0,,,
development,development-repA,146001,14601,repA,2000,False,736000,1472000,2432000,14128939008000,atomic_BG,512,0.865234375,0.865234375,0.3800546446703339,0.6286047101020813,1.0,,,
development,development-repA,146001,14601,repA,2000,False,736000,1472000,2432000,14128939008000,atomic_A,256,0.9765625,0.9765625,0.572409604209072,0.3346143066883087,1.0,,,
development,development-repA,146001,14601,repA,2000,False,736000,1472000,2432000,14128939008000,atomic_B,256,0.08203125,0.08203125,0.03134026398122003,2.1850850582122803,1.0,,,
development,development-repA,146001,14601,repA,2000,False,736000,1472000,2432000,14128939008000,test_composite,844,0.12677725118483413,0.12677725118483413,0.05134427814526202,2.079375743865967,1.0,,,
development,development-repA,146001,14601,repA,2000,False,736000,1472000,2432000,14128939008000,test_BG_BG,207,0.2995169082125604,0.2995169082125604,0.11286473780087884,1.494156002998352,1.0,,,
development,development-repA,146001,14601,repA,2000,False,736000,1472000,2432000,14128939008000,test_BG_A,106,0.04716981132075472,0.04716981132075472,0.028213307544506388,2.1566264629364014,1.0,,,
development,development-repA,146001,14601,repA,2000,False,736000,1472000,2432000,14128939008000,test_BG_B,114,0.008771929824561403,0.008771929824561403,0.009392202976073518,2.6605985164642334,1.0,,,
development,development-repA,146001,14601,repA,2000,False,736000,1472000,2432000,14128939008000,test_A_BG,96,0.25,0.25,0.09121478343602722,1.5646823644638062,1.0,,,
development,development-repA,146001,14601,repA,2000,False,736000,1472000,2432000,14128939008000,test_A_A,59,0.05084745762711865,0.05084745762711865,0.022724755566324514,2.2456870079040527,1.0,,,
development,development-repA,146001,14601,repA,2000,False,736000,1472000,2432000,14128939008000,test_A_B,58,0.0,0.0,0.007409425969163725,2.7766733169555664,1.0,,,
development,development-repA,146001,14601,repA,2000,False,736000,1472000,2432000,14128939008000,test_B_BG,97,0.10309278350515463,0.10309278350515463,0.04281418355149211,1.9462639093399048,1.0,,,
development,development-repA,146001,14601,repA,2000,False,736000,1472000,2432000,14128939008000,test_B_A,51,0.0196078431372549,0.0196078431372549,0.013493657600829205,2.53556489944458,1.0,,,
development,development-repA,146001,14601,repA,2000,False,736000,1472000,2432000,14128939008000,test_B_B,56,0.017857142857142856,0.017857142857142856,0.009689327305220933,2.7132585048675537,1.0,,,
development,development-repA,146001,14601,repA,2000,False,736000,1472000,2432000,14128939008000,train_background,1877,0.7128396377197656,0.7128396377197656,0.26164405703931626,0.8509273529052734,1.0,,,
development,development-repA,146001,14601,repA,2000,False,736000,1472000,2432000,14128939008000,role_A_reference,2288,0.14291958041958042,0.14291958041958042,0.05542712124353513,1.9074839353561401,1.0,,,
development,development-repA,146001,14601,repA,2000,False,736000,1472000,2432000,14128939008000,role_B_reference,2288,0.03715034965034965,0.03715034965034965,0.01937284999259993,2.4723451137542725,1.0,,,
development,development-repA,146001,14601,repA,2000,False,736000,1472000,2432000,14128939008000,train_composite,1877,0.7128396377197656,0.7128396377197656,0.26164405703931626,0.8509273529052734,1.0,,,
development,development-repA,146001,14601,repA,2000,False,736000,1472000,2432000,14128939008000,test_atomic_answers_correct_subset,420,0.22380952380952382,0.22380952380952382,0.08343755196766142,1.730029821395874,1.0,844,0.4976303317535545,
development,development-repA,146001,14601,repA,2000,False,736000,1472000,2432000,14128939008000,autonomous_calls,844,0.5035545023696683,0.5035545023696683,,,,,,0.4976303317535545
development,development-repA,146001,14601,repA,4000,False,1472000,2944000,4864000,28257878016000,atomic,1024,0.9912109375,0.9912109375,0.9398546688646499,0.04517509415745735,1.0,,,
development,development-repA,146001,14601,repA,4000,False,1472000,2944000,4864000,28257878016000,atomic_BG,512,1.0,1.0,0.9806236644102594,0.010998907499015331,1.0,,,
development,development-repA,146001,14601,repA,4000,False,1472000,2944000,4864000,28257878016000,atomic_A,256,1.0,1.0,0.9836471636563102,0.009356748312711716,1.0,,,
development,development-repA,146001,14601,repA,4000,False,1472000,2944000,4864000,28257878016000,atomic_B,256,0.96484375,0.96484375,0.8145241829817703,0.14934581518173218,1.0,,,
development,development-repA,146001,14601,repA,4000,False,1472000,2944000,4864000,28257878016000,test_composite,844,0.4087677725118483,0.4087677725118483,0.3291933607785245,1.370415449142456,1.0,,,
development,development-repA,146001,14601,repA,4000,False,1472000,2944000,4864000,28257878016000,test_BG_BG,207,0.9082125603864735,0.9082125603864735,0.7818513270167484,0.1873232126235962,1.0,,,
development,development-repA,146001,14601,repA,4000,False,1472000,2944000,4864000,28257878016000,test_BG_A,106,0.330188679245283,0.330188679245283,0.21294185779359676,1.2477163076400757,1.0,,,
development,development-repA,146001,14601,repA,4000,False,1472000,2944000,4864000,28257878016000,test_BG_B,114,0.043859649122807015,0.043859649122807015,0.050844088071349394,2.1937954425811768,1.0,,,
development,development-repA,146001,14601,repA,4000,False,1472000,2944000,4864000,28257878016000,test_A_BG,96,0.7291666666666666,0.7291666666666666,0.5551238167152347,0.5639195442199707,1.0,,,
development,development-repA,146001,14601,repA,4000,False,1472000,2944000,4864000,28257878016000,test_A_A,59,0.1694915254237288,0.1694915254237288,0.11158822859914666,1.8905287981033325,1.0,,,
development,development-repA,146001,14601,repA,4000,False,1472000,2944000,4864000,28257878016000,test_A_B,58,0.06896551724137931,0.06896551724137931,0.044459961328749076,2.4101579189300537,1.0,,,
development,development-repA,146001,14601,repA,4000,False,1472000,2944000,4864000,28257878016000,test_B_BG,97,0.29896907216494845,0.29896907216494845,0.22002031959766208,1.4731760025024414,1.0,,,
development,development-repA,146001,14601,repA,4000,False,1472000,2944000,4864000,28257878016000,test_B_A,51,0.058823529411764705,0.058823529411764705,0.043858167130534274,2.6591663360595703,1.0,,,
development,development-repA,146001,14601,repA,4000,False,1472000,2944000,4864000,28257878016000,test_B_B,56,0.017857142857142856,0.017857142857142856,0.028494683108935735,2.705907106399536,1.0,,,
development,development-repA,146001,14601,repA,4000,False,1472000,2944000,4864000,28257878016000,train_background,1877,1.0,1.0,0.9754476239972133,0.013453392311930656,1.0,,,
development,development-repA,146001,14601,repA,4000,False,1472000,2944000,4864000,28257878016000,role_A_reference,2288,0.45017482517482516,0.45017482517482516,0.32188210855993105,1.1096431016921997,1.0,,,
development,development-repA,146001,14601,repA,4000,False,1472000,2944000,4864000,28257878016000,role_B_reference,2288,0.15515734265734266,0.15515734265734266,0.11212958628147678,2.0701217651367188,1.0,,,
development,development-repA,146001,14601,repA,4000,False,1472000,2944000,4864000,28257878016000,train_composite,1877,1.0,1.0,0.9754476239972133,0.013453392311930656,1.0,,,
development,development-repA,146001,14601,repA,4000,False,1472000,2944000,4864000,28257878016000,test_atomic_answers_correct_subset,826,0.41767554479418884,0.41767554479418884,0.33611845472934637,1.3434301614761353,1.0,844,0.9786729857819905,
development,development-repA,146001,14601,repA,4000,False,1472000,2944000,4864000,28257878016000,autonomous_calls,844,0.9786729857819905,0.9786729857819905,,,,,,0.9786729857819905
development,development-repA,146001,14601,repA,8000,False,2944000,5888000,9728000,56515756032000,atomic,1024,1.0,1.0,0.998464272230444,0.0008283856441266835,1.0,,,
development,development-repA,146001,14601,repA,8000,False,2944000,5888000,9728000,56515756032000,atomic_BG,512,1.0,1.0,0.9995708659509047,0.00024347382714040577,1.0,,,
development,development-repA,146001,14601,repA,8000,False,2944000,5888000,9728000,56515756032000,atomic_A,256,1.0,1.0,0.999535496954667,0.00025938707403838634,1.0,,,
development,development-repA,146001,14601,repA,8000,False,2944000,5888000,9728000,56515756032000,atomic_B,256,1.0,1.0,0.9951798600652993,0.002567207906395197,1.0,,,
development,development-repA,146001,14601,repA,8000,False,2944000,5888000,9728000,56515756032000,test_composite,844,0.4822274881516588,0.4822274881516588,0.446841877910085,1.2502732276916504,1.0,,,
development,development-repA,146001,14601,repA,8000,False,2944000,5888000,9728000,56515756032000,test_BG_BG,207,0.961352657004831,0.961352657004831,0.933827163904039,0.055427007377147675,1.0,,,
development,development-repA,146001,14601,repA,8000,False,2944000,5888000,9728000,56515756032000,test_BG_A,106,0.46226415094339623,0.46226415094339623,0.36767639864076634,1.0340019464492798,1.0,,,
development,development-repA,146001,14601,repA,8000,False,2944000,5888000,9728000,56515756032000,test_BG_B,114,0.13157894736842105,0.13157894736842105,0.11644508376909227,1.9724771976470947,1.0,,,
development,development-repA,146001,14601,repA,8000,False,2944000,5888000,9728000,56515756032000,test_A_BG,96,0.8020833333333334,0.8020833333333334,0.7398089184462401,0.3355292081832886,1.0,,,
development,development-repA,146001,14601,repA,8000,False,2944000,5888000,9728000,56515756032000,test_A_A,59,0.13559322033898305,0.13559322033898305,0.13083651304809085,2.217092514038086,1.0,,,
development,development-repA,146001,14601,repA,8000,False,2944000,5888000,9728000,56515756032000,test_A_B,58,0.10344827586206896,0.10344827586206896,0.07397804725408998,2.4072866439819336,1.0,,,
development,development-repA,146001,14601,repA,8000,False,2944000,5888000,9728000,56515756032000,test_B_BG,97,0.5051546391752577,0.5051546391752577,0.44088637143355125,1.0165126323699951,1.0,,,
development,development-repA,146001,14601,repA,8000,False,2944000,5888000,9728000,56515756032000,test_B_A,51,0.058823529411764705,0.058823529411764705,0.07590652124912511,2.7089202404022217,1.0,,,
development,development-repA,146001,14601,repA,8000,False,2944000,5888000,9728000,56515756032000,test_B_B,56,0.017857142857142856,0.017857142857142856,0.03416740202169417,3.0339157581329346,1.0,,,
development,development-repA,146001,14601,repA,8000,False,2944000,5888000,9728000,56515756032000,train_background,1877,1.0,1.0,0.9993152478945304,0.00036317456397227943,1.0,,,
development,development-repA,146001,14601,repA,8000,False,2944000,5888000,9728000,56515756032000,role_A_reference,2288,0.5174825174825175,0.5174825174825175,0.46206092398221926,0.956811249256134,1.0,,,
development,development-repA,146001,14601,repA,8000,False,2944000,5888000,9728000,56515756032000,role_B_reference,2288,0.2491258741258741,0.2491258741258741,0.21789992593796445,1.9474176168441772,1.0,,,
development,development-repA,146001,14601,repA,8000,False,2944000,5888000,9728000,56515756032000,train_composite,1877,1.0,1.0,0.9993152478945304,0.00036317456397227943,1.0,,,
development,development-repA,146001,14601,repA,8000,False,2944000,5888000,9728000,56515756032000,test_atomic_answers_correct_subset,844,0.4822274881516588,0.4822274881516588,0.446841877910085,1.2502732276916504,1.0,844,1.0,
development,development-repA,146001,14601,repA,8000,False,2944000,5888000,9728000,56515756032000,autonomous_calls,844,1.0,1.0,,,,,,1.0
development,development-repA,146001,14601,repA,12000,False,4416000,8832000,14592000,84773634048000,atomic,1024,1.0,1.0,0.999529331849923,0.00024140693130902946,1.0,,,
development,development-repA,146001,14601,repA,12000,False,4416000,8832000,14592000,84773634048000,atomic_BG,512,1.0,1.0,0.9996940060883511,0.00016110966680571437,1.0,,,
development,development-repA,146001,14601,repA,12000,False,4416000,8832000,14592000,84773634048000,atomic_A,256,1.0,1.0,0.9998966656981023,5.380514630815014e-05,1.0,,,
development,development-repA,146001,14601,repA,12000,False,4416000,8832000,14592000,84773634048000,atomic_B,256,1.0,1.0,0.9988326495248873,0.0005896032089367509,1.0,,,
development,development-repA,146001,14601,repA,12000,False,4416000,8832000,14592000,84773634048000,test_composite,844,0.5011848341232228,0.5011848341232228,0.4703068670777271,1.3276317119598389,1.0,,,
development,development-repA,146001,14601,repA,12000,False,4416000,8832000,14592000,84773634048000,test_BG_BG,207,0.9565217391304348,0.9565217391304348,0.9380645615660269,0.057370301336050034,1.0,,,
development,development-repA,146001,14601,repA,12000,False,4416000,8832000,14592000,84773634048000,test_BG_A,106,0.4811320754716981,0.4811320754716981,0.39595493783732866,1.032240390777588,1.0,,,
development,development-repA,146001,14601,repA,12000,False,4416000,8832000,14592000,84773634048000,test_BG_B,114,0.19298245614035087,0.19298245614035087,0.17136015516079034,1.9581847190856934,1.0,,,
development,development-repA,146001,14601,repA,12000,False,4416000,8832000,14592000,84773634048000,test_A_BG,96,0.8020833333333334,0.8020833333333334,0.7570177110773372,0.35815370082855225,1.0,,,
development,development-repA,146001,14601,repA,12000,False,4416000,8832000,14592000,84773634048000,test_A_A,59,0.22033898305084745,0.22033898305084745,0.1804145386740607,2.249063730239868,1.0,,,
development,development-repA,146001,14601,repA,12000,False,4416000,8832000,14592000,84773634048000,test_A_B,58,0.034482758620689655,0.034482758620689655,0.06027135264624568,2.6105833053588867,1.0,,,
development,development-repA,146001,14601,repA,12000,False,4416000,8832000,14592000,84773634048000,test_B_BG,97,0.5567010309278351,0.5567010309278351,0.49768111861869996,1.1171756982803345,1.0,,,
development,development-repA,146001,14601,repA,12000,False,4416000,8832000,14592000,84773634048000,test_B_A,51,0.0784313725490196,0.0784313725490196,0.08307877138748074,2.9249839782714844,1.0,,,
development,development-repA,146001,14601,repA,12000,False,4416000,8832000,14592000,84773634048000,test_B_B,56,0.03571428571428571,0.03571428571428571,0.03432773006449343,3.570697784423828,1.0,,,
development,development-repA,146001,14601,repA,12000,False,4416000,8832000,14592000,84773634048000,train_background,1877,1.0,1.0,0.999845571277571,7.866234955145046e-05,1.0,,,
development,development-repA,146001,14601,repA,12000,False,4416000,8832000,14592000,84773634048000,role_A_reference,2288,0.5336538461538461,0.5336538461538461,0.48428459126481355,1.016265630722046,1.0,,,
development,development-repA,146001,14601,repA,12000,False,4416000,8832000,14592000,84773634048000,role_B_reference,2288,0.28365384615384615,0.28365384615384615,0.26230529625351906,1.8638767004013062,1.0,,,
development,development-repA,146001,14601,repA,12000,False,4416000,8832000,14592000,84773634048000,train_composite,1877,1.0,1.0,0.999845571277571,7.866234955145046e-05,1.0,,,
development,development-repA,146001,14601,repA,12000,False,4416000,8832000,14592000,84773634048000,test_atomic_answers_correct_subset,844,0.5011848341232228,0.5011848341232228,0.4703068670777271,1.3276317119598389,1.0,844,1.0,
development,development-repA,146001,14601,repA,12000,False,4416000,8832000,14592000,84773634048000,autonomous_calls,844,1.0,1.0,,,,,,1.0
development,development-repA,146001,14601,repA,16000,False,5888000,11776000,19456000,113031512064000,atomic,1024,1.0,1.0,0.9997654330003174,0.00011900902609340847,1.0,,,
development,development-repA,146001,14601,repA,16000,False,5888000,11776000,19456000,113031512064000,atomic_BG,512,1.0,1.0,0.9999111282137152,4.5529508497565985e-05,1.0,,,
development,development-repA,146001,14601,repA,16000,False,5888000,11776000,19456000,113031512064000,atomic_A,256,1.0,1.0,0.9999503702654775,2.5758057745406404e-05,1.0,,,
development,development-repA,146001,14601,repA,16000,False,5888000,11776000,19456000,113031512064000,atomic_B,256,1.0,1.0,0.9992891053083615,0.0003592190332710743,1.0,,,
development,development-repA,146001,14601,repA,16000,False,5888000,11776000,19456000,113031512064000,test_composite,844,0.4940758293838863,0.4940758293838863,0.4730398721299026,1.4032431840896606,1.0,,,
development,development-repA,146001,14601,repA,16000,False,5888000,11776000,19456000,113031512064000,test_BG_BG,207,0.966183574879227,0.966183574879227,0.950621682031047,0.06852768361568451,1.0,,,
development,development-repA,146001,14601,repA,16000,False,5888000,11776000,19456000,113031512064000,test_BG_A,106,0.42452830188679247,0.42452830188679247,0.3902464827795158,1.183003306388855,1.0,,,
development,development-repA,146001,14601,repA,16000,False,5888000,11776000,19456000,113031512064000,test_BG_B,114,0.20175438596491227,0.20175438596491227,0.1762139700051052,2.0739097595214844,1.0,,,
development,development-repA,146001,14601,repA,16000,False,5888000,11776000,19456000,113031512064000,test_A_BG,96,0.7916666666666666,0.7916666666666666,0.7566536776415894,0.3773607909679413,1.0,,,
development,development-repA,146001,14601,repA,16000,False,5888000,11776000,19456000,113031512064000,test_A_A,59,0.1694915254237288,0.1694915254237288,0.1808019769652271,2.31284761428833,1.0,,,
development,development-repA,146001,14601,repA,16000,False,5888000,11776000,19456000,113031512064000,test_A_B,58,0.05172413793103448,0.05172413793103448,0.06683978709707282,2.9535439014434814,1.0,,,
development,development-repA,146001,14601,repA,16000,False,5888000,11776000,19456000,113031512064000,test_B_BG,97,0.5051546391752577,0.5051546391752577,0.4736657749280127,1.110230803489685,1.0,,,
development,development-repA,146001,14601,repA,16000,False,5888000,11776000,19456000,113031512064000,test_B_A,51,0.1568627450980392,0.1568627450980392,0.11171483246034478,2.8762452602386475,1.0,,,
development,development-repA,146001,14601,repA,16000,False,5888000,11776000,19456000,113031512064000,test_B_B,56,0.05357142857142857,0.05357142857142857,0.03917476579239709,3.7491955757141113,1.0,,,
development,development-repA,146001,14601,repA,16000,False,5888000,11776000,19456000,113031512064000,train_background,1877,1.0,1.0,0.9998932027302219,5.394677282311022e-05,1.0,,,
development,development-repA,146001,14601,repA,16000,False,5888000,11776000,19456000,113031512064000,role_A_reference,2288,0.5371503496503497,0.5371503496503497,0.4885421540344739,1.06369149684906,1.0,,,
development,development-repA,146001,14601,repA,16000,False,5888000,11776000,19456000,113031512064000,role_B_reference,2288,0.2757867132867133,0.2757867132867133,0.2542326619150863,1.9618773460388184,1.0,,,
development,development-repA,146001,14601,repA,16000,False,5888000,11776000,19456000,113031512064000,train_composite,1877,1.0,1.0,0.9998932027302219,5.394677282311022e-05,1.0,,,
development,development-repA,146001,14601,repA,16000,False,5888000,11776000,19456000,113031512064000,test_atomic_answers_correct_subset,844,0.4940758293838863,0.4940758293838863,0.4730398721299026,1.4032431840896606,1.0,844,1.0,
development,development-repA,146001,14601,repA,16000,False,5888000,11776000,19456000,113031512064000,autonomous_calls,844,1.0,1.0,,,,,,1.0
development,development-repA,146001,14601,repA,24000,False,8832000,17664000,29184000,169547268096000,atomic,1024,1.0,1.0,0.9999081914684662,4.655172597267665e-05,1.0,,,
development,development-repA,146001,14601,repA,24000,False,8832000,17664000,29184000,169547268096000,atomic_BG,512,1.0,1.0,0.9999744788735935,1.3371187378652394e-05,1.0,,,
development,development-repA,146001,14601,repA,24000,False,8832000,17664000,29184000,169547268096000,atomic_A,256,1.0,1.0,0.9999765219587814,1.231053738592891e-05,1.0,,,
development,development-repA,146001,14601,repA,24000,False,8832000,17664000,29184000,169547268096000,atomic_B,256,1.0,1.0,0.9997072861678964,0.00014715400175191462,1.0,,,
development,development-repA,146001,14601,repA,24000,False,8832000,17664000,29184000,169547268096000,test_composite,844,0.533175355450237,0.533175355450237,0.4983916023856943,1.322794795036316,1.0,,,
development,development-repA,146001,14601,repA,24000,False,8832000,17664000,29184000,169547268096000,test_BG_BG,207,0.9710144927536232,0.9710144927536232,0.9612416716737732,0.03229896351695061,1.0,,,
development,development-repA,146001,14601,repA,24000,False,8832000,17664000,29184000,169547268096000,test_BG_A,106,0.5283018867924528,0.5283018867924528,0.45728681212648686,0.9813786149024963,1.0,,,
development,development-repA,146001,14601,repA,24000,False,8832000,17664000,29184000,169547268096000,test_BG_B,114,0.22807017543859648,0.22807017543859648,0.18943836560202654,1.8885867595672607,1.0,,,
development,development-repA,146001,14601,repA,24000,False,8832000,17664000,29184000,169547268096000,test_A_BG,96,0.8333333333333334,0.8333333333333334,0.7739058983326652,0.43283215165138245,1.0,,,
development,development-repA,146001,14601,repA,24000,False,8832000,17664000,29184000,169547268096000,test_A_A,59,0.3220338983050847,0.3220338983050847,0.2352418564934013,2.1349213123321533,1.0,,,
development,development-repA,146001,14601,repA,24000,False,8832000,17664000,29184000,169547268096000,test_A_B,58,0.08620689655172414,0.08620689655172414,0.08119876252567482,3.0351107120513916,1.0,,,
development,development-repA,146001,14601,repA,24000,False,8832000,17664000,29184000,169547268096000,test_B_BG,97,0.5979381443298969,0.5979381443298969,0.5402838102767801,1.03585946559906,1.0,,,
development,development-repA,146001,14601,repA,24000,False,8832000,17664000,29184000,169547268096000,test_B_A,51,0.0784313725490196,0.0784313725490196,0.09526090417128355,2.6039788722991943,1.0,,,
development,development-repA,146001,14601,repA,24000,False,8832000,17664000,29184000,169547268096000,test_B_B,56,0.017857142857142856,0.017857142857142856,0.025939383886210594,3.81406569480896,1.0,,,
development,development-repA,146001,14601,repA,24000,False,8832000,17664000,29184000,169547268096000,train_background,1877,1.0,1.0,0.9999390020129069,3.061411189264618e-05,1.0,,,
development,development-repA,146001,14601,repA,24000,False,8832000,17664000,29184000,169547268096000,role_A_reference,2288,0.5450174825174825,0.5450174825174825,0.5055928271838296,1.021442174911499,1.0,,,
development,development-repA,146001,14601,repA,24000,False,8832000,17664000,29184000,169547268096000,role_B_reference,2288,0.29982517482517484,0.29982517482517484,0.27578207198362664,1.9779787063598633,1.0,,,
development,development-repA,146001,14601,repA,24000,False,8832000,17664000,29184000,169547268096000,train_composite,1877,1.0,1.0,0.9999390020129069,3.061411189264618e-05,1.0,,,
development,development-repA,146001,14601,repA,24000,False,8832000,17664000,29184000,169547268096000,test_atomic_answers_correct_subset,844,0.533175355450237,0.533175355450237,0.4983916023856943,1.322794795036316,1.0,844,1.0,
development,development-repA,146001,14601,repA,24000,False,8832000,17664000,29184000,169547268096000,autonomous_calls,844,1.0,1.0,,,,,,1.0
development,development-repA,146001,14601,repA,32000,False,11776000,23552000,38912000,226063024128000,atomic,1024,1.0,1.0,0.9999439115204378,2.8449634555727243e-05,1.0,,,
development,development-repA,146001,14601,repA,32000,False,11776000,23552000,38912000,226063024128000,atomic_BG,512,1.0,1.0,0.9999484249532944,2.629111986607313e-05,1.0,,,
development,development-repA,146001,14601,repA,32000,False,11776000,23552000,38912000,226063024128000,atomic_A,256,1.0,1.0,0.9999882263340895,6.177085197123233e-06,1.0,,,
development,development-repA,146001,14601,repA,32000,False,11776000,23552000,38912000,226063024128000,atomic_B,256,1.0,1.0,0.9998905698410733,5.503922147909179e-05,1.0,,,
development,development-repA,146001,14601,repA,32000,False,11776000,23552000,38912000,226063024128000,test_composite,844,0.5213270142180095,0.5213270142180095,0.5029311311272724,1.3177603483200073,1.0,,,
development,development-repA,146001,14601,repA,32000,False,11776000,23552000,38912000,226063024128000,test_BG_BG,207,0.9758454106280193,0.9758454106280193,0.9723210650480962,0.031825512647628784,1.0,,,
development,development-repA,146001,14601,repA,32000,False,11776000,23552000,38912000,226063024128000,test_BG_A,106,0.49056603773584906,0.49056603773584906,0.4351253936520812,0.9749402403831482,1.0,,,
development,development-repA,146001,14601,repA,32000,False,11776000,23552000,38912000,226063024128000,test_BG_B,114,0.2543859649122807,0.2543859649122807,0.21968179993956072,1.7858304977416992,1.0,,,
development,development-repA,146001,14601,repA,32000,False,11776000,23552000,38912000,226063024128000,test_A_BG,96,0.8229166666666666,0.8229166666666666,0.7861925411047451,0.3197603225708008,1.0,,,
development,development-repA,146001,14601,repA,32000,False,11776000,23552000,38912000,226063024128000,test_A_A,59,0.1864406779661017,0.1864406779661017,0.18154966646736204,2.293809652328491,1.0,,,
development,development-repA,146001,14601,repA,32000,False,11776000,23552000,38912000,226063024128000,test_A_B,58,0.10344827586206896,0.10344827586206896,0.08519299073151028,3.1566638946533203,1.0,,,
development,development-repA,146001,14601,repA,32000,False,11776000,23552000,38912000,226063024128000,test_B_BG,97,0.5567010309278351,0.5567010309278351,0.54818856648023,0.8737177848815918,1.0,,,
development,development-repA,146001,14601,repA,32000,False,11776000,23552000,38912000,226063024128000,test_B_A,51,0.13725490196078433,0.13725490196078433,0.13120880475836602,2.980067729949951,1.0,,,
development,development-repA,146001,14601,repA,32000,False,11776000,23552000,38912000,226063024128000,test_B_B,56,0.0,0.0,0.018442271864848113,3.800384521484375,1.0,,,
development,development-repA,146001,14601,repA,32000,False,11776000,23552000,38912000,226063024128000,train_background,1877,1.0,1.0,0.9999627998458702,1.8663553419173695e-05,1.0,,,
development,development-repA,146001,14601,repA,32000,False,11776000,23552000,38912000,226063024128000,role_A_reference,2288,0.5712412587412588,0.5712412587412588,0.5289601250629224,0.9727435111999512,1.0,,,
development,development-repA,146001,14601,repA,32000,False,11776000,23552000,38912000,226063024128000,role_B_reference,2288,0.319493006993007,0.319493006993007,0.3015365205310236,1.824994683265686,1.0,,,
development,development-repA,146001,14601,repA,32000,False,11776000,23552000,38912000,226063024128000,train_composite,1877,1.0,1.0,0.9999627998458702,1.8663553419173695e-05,1.0,,,
development,development-repA,146001,14601,repA,32000,False,11776000,23552000,38912000,226063024128000,test_atomic_answers_correct_subset,844,0.5213270142180095,0.5213270142180095,0.5029311311272724,1.3177603483200073,1.0,844,1.0,
development,development-repA,146001,14601,repA,32000,False,11776000,23552000,38912000,226063024128000,autonomous_calls,844,1.0,1.0,,,,,,1.0
development,development-repA,146001,14601,repA,40000,False,14720000,29440000,48640000,282578780160000,atomic,1024,1.0,1.0,0.999981110231404,9.87376188277267e-06,1.0,,,
development,development-repA,146001,14601,repA,40000,False,14720000,29440000,48640000,282578780160000,atomic_BG,512,1.0,1.0,0.9999942390148564,3.321983513160376e-06,1.0,,,
development,development-repA,146001,14601,repA,40000,False,14720000,29440000,48640000,282578780160000,atomic_A,256,1.0,1.0,0.9999930725434939,3.870762611768441e-06,1.0,,,
development,development-repA,146001,14601,repA,40000,False,14720000,29440000,48640000,282578780160000,atomic_B,256,1.0,1.0,0.9999428903524092,2.8980317438254133e-05,1.0,,,
development,development-repA,146001,14601,repA,40000,False,14720000,29440000,48640000,282578780160000,test_composite,844,0.5355450236966824,0.5355450236966824,0.5087509937362646,1.3555020093917847,1.0,,,
development,development-repA,146001,14601,repA,40000,False,14720000,29440000,48640000,282578780160000,test_BG_BG,207,0.9855072463768116,0.9855072463768116,0.983358852349439,0.018787089735269547,1.0,,,
development,development-repA,146001,14601,repA,40000,False,14720000,29440000,48640000,282578780160000,test_BG_A,106,0.5377358490566038,0.5377358490566038,0.49541094161987953,1.0077630281448364,1.0,,,
development,development-repA,146001,14601,repA,40000,False,14720000,29440000,48640000,282578780160000,test_BG_B,114,0.2543859649122807,0.2543859649122807,0.20366148256481334,1.826542854309082,1.0,,,
development,development-repA,146001,14601,repA,40000,False,14720000,29440000,48640000,282578780160000,test_A_BG,96,0.84375,0.84375,0.8017189594890922,0.22680486738681793,1.0,,,
development,development-repA,146001,14601,repA,40000,False,14720000,29440000,48640000,282578780160000,test_A_A,59,0.15254237288135594,0.15254237288135594,0.1335978958681211,2.6427066326141357,1.0,,,
development,development-repA,146001,14601,repA,40000,False,14720000,29440000,48640000,282578780160000,test_A_B,58,0.06896551724137931,0.06896551724137931,0.06571518653277311,3.1817526817321777,1.0,,,
development,development-repA,146001,14601,repA,40000,False,14720000,29440000,48640000,282578780160000,test_B_BG,97,0.6082474226804123,0.6082474226804123,0.5631029367155327,0.8688845038414001,1.0,,,
development,development-repA,146001,14601,repA,40000,False,14720000,29440000,48640000,282578780160000,test_B_A,51,0.1568627450980392,0.1568627450980392,0.11579457876749777,3.1315648555755615,1.0,,,
development,development-repA,146001,14601,repA,40000,False,14720000,29440000,48640000,282578780160000,test_B_B,56,0.017857142857142856,0.017857142857142856,0.016316357335946944,3.9080798625946045,1.0,,,
development,development-repA,146001,14601,repA,40000,False,14720000,29440000,48640000,282578780160000,train_background,1877,1.0,1.0,0.9999869779873167,6.5133226598845795e-06,1.0,,,
development,development-repA,146001,14601,repA,40000,False,14720000,29440000,48640000,282578780160000,role_A_reference,2288,0.5664335664335665,0.5664335664335665,0.5297286547633135,0.9759437441825867,1.0,,,
development,development-repA,146001,14601,repA,40000,False,14720000,29440000,48640000,282578780160000,role_B_reference,2288,0.3356643356643357,0.3356643356643357,0.31061093025964187,1.8806681632995605,1.0,,,
development,development-repA,146001,14601,repA,40000,False,14720000,29440000,48640000,282578780160000,train_composite,1877,1.0,1.0,0.9999869779873167,6.5133226598845795e-06,1.0,,,
development,development-repA,146001,14601,repA,40000,False,14720000,29440000,48640000,282578780160000,test_atomic_answers_correct_subset,844,0.5355450236966824,0.5355450236966824,0.5087509937362646,1.3555020093917847,1.0,844,1.0,
development,development-repA,146001,14601,repA,40000,False,14720000,29440000,48640000,282578780160000,autonomous_calls,844,1.0,1.0,,,,,,1.0
development,development-repA,146001,14601,repA,48000,False,17664000,35328000,58368000,339094536192000,atomic,1024,1.0,1.0,0.9999787975095685,1.0755844414234161e-05,1.0,,,
development,development-repA,146001,14601,repA,48000,False,17664000,35328000,58368000,339094536192000,atomic_BG,512,1.0,1.0,0.9999938841968713,3.209871692888555e-06,1.0,,,
development,development-repA,146001,14601,repA,48000,False,17664000,35328000,58368000,339094536192000,atomic_A,256,1.0,1.0,0.9999926106421916,3.845841547445161e-06,1.0,,,
development,development-repA,146001,14601,repA,48000,False,17664000,35328000,58368000,339094536192000,atomic_B,256,1.0,1.0,0.9999348110023398,3.275779454270378e-05,1.0,,,
development,development-repA,146001,14601,repA,48000,False,17664000,35328000,58368000,339094536192000,test_composite,844,0.5390995260663507,0.5390995260663507,0.5179796922406422,1.3048059940338135,1.0,,,
development,development-repA,146001,14601,repA,48000,False,17664000,35328000,58368000,339094536192000,test_BG_BG,207,0.9855072463768116,0.9855072463768116,0.9807283440909736,0.015594189055263996,1.0,,,
development,development-repA,146001,14601,repA,48000,False,17664000,35328000,58368000,339094536192000,test_BG_A,106,0.5094339622641509,0.5094339622641509,0.4725526278444951,0.8917173147201538,1.0,,,
development,development-repA,146001,14601,repA,48000,False,17664000,35328000,58368000,339094536192000,test_BG_B,114,0.2719298245614035,0.2719298245614035,0.24849732565772034,1.7349109649658203,1.0,,,
development,development-repA,146001,14601,repA,48000,False,17664000,35328000,58368000,339094536192000,test_A_BG,96,0.8020833333333334,0.8020833333333334,0.7715733900998173,0.47496381402015686,1.0,,,
development,development-repA,146001,14601,repA,48000,False,17664000,35328000,58368000,339094536192000,test_A_A,59,0.1694915254237288,0.1694915254237288,0.17245686034768776,2.2841250896453857,1.0,,,
development,development-repA,146001,14601,repA,48000,False,17664000,35328000,58368000,339094536192000,test_A_B,58,0.06896551724137931,0.06896551724137931,0.08533469417046939,3.050292730331421,1.0,,,
development,development-repA,146001,14601,repA,48000,False,17664000,35328000,58368000,339094536192000,test_B_BG,97,0.6701030927835051,0.6701030927835051,0.5965284705560151,0.7712773680686951,1.0,,,
development,development-repA,146001,14601,repA,48000,False,17664000,35328000,58368000,339094536192000,test_B_A,51,0.1568627450980392,0.1568627450980392,0.1349615435240363,2.9151856899261475,1.0,,,
development,development-repA,146001,14601,repA,48000,False,17664000,35328000,58368000,339094536192000,test_B_B,56,0.03571428571428571,0.03571428571428571,0.03216959589419675,4.016933917999268,1.0,,,
development,development-repA,146001,14601,repA,48000,False,17664000,35328000,58368000,339094536192000,train_background,1877,1.0,1.0,0.9999816576420418,9.17914803721942e-06,1.0,,,
development,development-repA,146001,14601,repA,48000,False,17664000,35328000,58368000,339094536192000,role_A_reference,2288,0.5751748251748252,0.5751748251748252,0.5396928302272561,0.9428074955940247,1.0,,,
development,development-repA,146001,14601,repA,48000,False,17664000,35328000,58368000,339094536192000,role_B_reference,2288,0.354458041958042,0.354458041958042,0.3222998529753409,1.8104126453399658,1.0,,,
development,development-repA,146001,14601,repA,48000,False,17664000,35328000,58368000,339094536192000,train_composite,1877,1.0,1.0,0.9999816576420418,9.17914803721942e-06,1.0,,,
development,development-repA,146001,14601,repA,48000,False,17664000,35328000,58368000,339094536192000,test_atomic_answers_correct_subset,844,0.5390995260663507,0.5390995260663507,0.5179796922406422,1.3048059940338135,1.0,844,1.0,
development,development-repA,146001,14601,repA,48000,False,17664000,35328000,58368000,339094536192000,autonomous_calls,844,1.0,1.0,,,,,,1.0
development,development-repA,146001,14601,repA,56000,False,20608000,41216000,68096000,395610292224000,atomic,1024,1.0,1.0,0.9999817018338089,9.288285582442768e-06,1.0,,,
development,development-repA,146001,14601,repA,56000,False,20608000,41216000,68096000,395610292224000,atomic_BG,512,1.0,1.0,0.9999913063699715,4.489315870159771e-06,1.0,,,
development,development-repA,146001,14601,repA,56000,False,20608000,41216000,68096000,395610292224000,atomic_A,256,1.0,1.0,0.9999921097005451,4.071193870913703e-06,1.0,,,
development,development-repA,146001,14601,repA,56000,False,20608000,41216000,68096000,395610292224000,atomic_B,256,1.0,1.0,0.9999520848947472,2.4103315809043124e-05,1.0,,,
development,development-repA,146001,14601,repA,56000,False,20608000,41216000,68096000,395610292224000,test_composite,844,0.556872037914692,0.556872037914692,0.5241662990422578,1.3104708194732666,1.0,,,
development,development-repA,146001,14601,repA,56000,False,20608000,41216000,68096000,395610292224000,test_BG_BG,207,0.9758454106280193,0.9758454106280193,0.9748968414286778,0.032432470470666885,1.0,,,
development,development-repA,146001,14601,repA,56000,False,20608000,41216000,68096000,395610292224000,test_BG_A,106,0.6132075471698113,0.6132075471698113,0.5375138360938377,0.7644715309143066,1.0,,,
development,development-repA,146001,14601,repA,56000,False,20608000,41216000,68096000,395610292224000,test_BG_B,114,0.2894736842105263,0.2894736842105263,0.22939157558391834,1.6921526193618774,1.0,,,
development,development-repA,146001,14601,repA,56000,False,20608000,41216000,68096000,395610292224000,test_A_BG,96,0.8541666666666666,0.8541666666666666,0.8039423604254852,0.28907111287117004,1.0,,,
development,development-repA,146001,14601,repA,56000,False,20608000,41216000,68096000,395610292224000,test_A_A,59,0.1864406779661017,0.1864406779661017,0.1665373871081729,2.3859550952911377,1.0,,,
development,development-repA,146001,14601,repA,56000,False,20608000,41216000,68096000,395610292224000,test_A_B,58,0.08620689655172414,0.08620689655172414,0.0910933907179453,2.9793553352355957,1.0,,,
development,development-repA,146001,14601,repA,56000,False,20608000,41216000,68096000,395610292224000,test_B_BG,97,0.6288659793814433,0.6288659793814433,0.5679032355616999,1.1314990520477295,1.0,,,
development,development-repA,146001,14601,repA,56000,False,20608000,41216000,68096000,395610292224000,test_B_A,51,0.17647058823529413,0.17647058823529413,0.16461782578657327,2.8730719089508057,1.0,,,
development,development-repA,146001,14601,repA,56000,False,20608000,41216000,68096000,395610292224000,test_B_B,56,0.03571428571428571,0.03571428571428571,0.030312975194007157,4.067622661590576,1.0,,,
development,development-repA,146001,14601,repA,56000,False,20608000,41216000,68096000,395610292224000,train_background,1877,0.9994672349493873,0.9994672349493873,0.9995268872648977,0.0003061741590499878,1.0,,,
development,development-repA,146001,14601,repA,56000,False,20608000,41216000,68096000,395610292224000,role_A_reference,2288,0.5747377622377622,0.5747377622377622,0.5320798761314409,0.999616265296936,1.0,,,
development,development-repA,146001,14601,repA,56000,False,20608000,41216000,68096000,395610292224000,role_B_reference,2288,0.3557692307692308,0.3557692307692308,0.32434064384359507,1.8004722595214844,1.0,,,
development,development-repA,146001,14601,repA,56000,False,20608000,41216000,68096000,395610292224000,train_composite,1877,0.9994672349493873,0.9994672349493873,0.9995268872648977,0.0003061741590499878,1.0,,,
development,development-repA,146001,14601,repA,56000,False,20608000,41216000,68096000,395610292224000,test_atomic_answers_correct_subset,844,0.556872037914692,0.556872037914692,0.5241662990422578,1.3104708194732666,1.0,844,1.0,
development,development-repA,146001,14601,repA,56000,False,20608000,41216000,68096000,395610292224000,autonomous_calls,844,1.0,1.0,,,,,,1.0
development,development-repA,146001,14601,repA,64000,False,23552000,47104000,77824000,452126048256000,atomic,1024,1.0,1.0,0.9999826981475315,8.91743547981605e-06,1.0,,,
development,development-repA,146001,14601,repA,64000,False,23552000,47104000,77824000,452126048256000,atomic_BG,512,1.0,1.0,0.9999942281713489,3.1667186703998595e-06,1.0,,,
development,development-repA,146001,14601,repA,64000,False,23552000,47104000,77824000,452126048256000,atomic_A,256,1.0,1.0,0.9999933205314335,3.580824568416574e-06,1.0,,,
development,development-repA,146001,14601,repA,64000,False,23552000,47104000,77824000,452126048256000,atomic_B,256,1.0,1.0,0.9999490157159943,2.5755478418432176e-05,1.0,,,
development,development-repA,146001,14601,repA,64000,False,23552000,47104000,77824000,452126048256000,test_composite,844,0.5414691943127962,0.5414691943127962,0.5240442464951236,1.2364360094070435,1.0,,,
development,development-repA,146001,14601,repA,64000,False,23552000,47104000,77824000,452126048256000,test_BG_BG,207,0.9903381642512077,0.9903381642512077,0.9907777903866442,0.006616663187742233,1.0,,,
development,development-repA,146001,14601,repA,64000,False,23552000,47104000,77824000,452126048256000,test_BG_A,106,0.5943396226415094,0.5943396226415094,0.5374125571047885,0.6914029121398926,1.0,,,
development,development-repA,146001,14601,repA,64000,False,23552000,47104000,77824000,452126048256000,test_BG_B,114,0.2807017543859649,0.2807017543859649,0.23684615453491303,1.5654863119125366,1.0,,,
development,development-repA,146001,14601,repA,64000,False,23552000,47104000,77824000,452126048256000,test_A_BG,96,0.8125,0.8125,0.7750108715799103,0.3633911609649658,1.0,,,
development,development-repA,146001,14601,repA,64000,False,23552000,47104000,77824000,452126048256000,test_A_A,59,0.1864406779661017,0.1864406779661017,0.17546395792864322,2.1870105266571045,1.0,,,
development,development-repA,146001,14601,repA,64000,False,23552000,47104000,77824000,452126048256000,test_A_B,58,0.034482758620689655,0.034482758620689655,0.064502048399378,3.0111289024353027,1.0,,,
development,development-repA,146001,14601,repA,64000,False,23552000,47104000,77824000,452126048256000,test_B_BG,97,0.6185567010309279,0.6185567010309279,0.5846893371073411,0.8194320797920227,1.0,,,
development,development-repA,146001,14601,repA,64000,False,23552000,47104000,77824000,452126048256000,test_B_A,51,0.09803921568627451,0.09803921568627451,0.12080267219367444,2.9494969844818115,1.0,,,
development,development-repA,146001,14601,repA,64000,False,23552000,47104000,77824000,452126048256000,test_B_B,56,0.017857142857142856,0.017857142857142856,0.03322564175028123,3.963808059692383,1.0,,,
development,development-repA,146001,14601,repA,64000,False,23552000,47104000,77824000,452126048256000,train_background,1877,1.0,1.0,0.9999903613937109,4.819606601813575e-06,1.0,,,
development,development-repA,146001,14601,repA,64000,False,23552000,47104000,77824000,452126048256000,role_A_reference,2288,0.5939685314685315,0.5939685314685315,0.5585263181766688,0.8684340119361877,1.0,,,
development,development-repA,146001,14601,repA,64000,False,23552000,47104000,77824000,452126048256000,role_B_reference,2288,0.36625874125874125,0.36625874125874125,0.33559224640107554,1.7781263589859009,1.0,,,
development,development-repA,146001,14601,repA,64000,False,23552000,47104000,77824000,452126048256000,train_composite,1877,1.0,1.0,0.9999903613937109,4.819606601813575e-06,1.0,,,
development,development-repA,146001,14601,repA,64000,False,23552000,47104000,77824000,452126048256000,test_atomic_answers_correct_subset,844,0.5414691943127962,0.5414691943127962,0.5240442464951236,1.2364360094070435,1.0,844,1.0,
development,development-repA,146001,14601,repA,64000,False,23552000,47104000,77824000,452126048256000,autonomous_calls,844,1.0,1.0,,,,,,1.0
development,development-repA,146001,14601,repA,80000,False,29440000,58880000,97280000,565157560320000,atomic,1024,1.0,1.0,0.9999766502879897,1.191030787595082e-05,1.0,,,
development,development-repA,146001,14601,repA,80000,False,29440000,58880000,97280000,565157560320000,atomic_BG,512,1.0,1.0,0.9999952164048138,2.595676733108121e-06,1.0,,,
development,development-repA,146001,14601,repA,80000,False,29440000,58880000,97280000,565157560320000,atomic_A,256,1.0,1.0,0.9999922305443056,4.120494850212708e-06,1.0,,,
development,development-repA,146001,14601,repA,80000,False,29440000,58880000,97280000,565157560320000,atomic_B,256,1.0,1.0,0.9999239377980256,3.832938091363758e-05,1.0,,,
development,development-repA,146001,14601,repA,80000,False,29440000,58880000,97280000,565157560320000,test_composite,844,0.5841232227488151,0.5841232227488151,0.5558152767843142,1.152642846107483,1.0,,,
development,development-repA,146001,14601,repA,80000,False,29440000,58880000,97280000,565157560320000,test_BG_BG,207,1.0,1.0,0.9945292808088413,0.0032943880651146173,1.0,,,
development,development-repA,146001,14601,repA,80000,False,29440000,58880000,97280000,565157560320000,test_BG_A,106,0.6037735849056604,0.6037735849056604,0.5438272194717231,0.6588963866233826,1.0,,,
development,development-repA,146001,14601,repA,80000,False,29440000,58880000,97280000,565157560320000,test_BG_B,114,0.32456140350877194,0.32456140350877194,0.28288286262799994,1.509617805480957,1.0,,,
development,development-repA,146001,14601,repA,80000,False,29440000,58880000,97280000,565157560320000,test_A_BG,96,0.8541666666666666,0.8541666666666666,0.8199019329544573,0.23912279307842255,1.0,,,
development,development-repA,146001,14601,repA,80000,False,29440000,58880000,97280000,565157560320000,test_A_A,59,0.2711864406779661,0.2711864406779661,0.2182306460996217,2.2162251472473145,1.0,,,
development,development-repA,146001,14601,repA,80000,False,29440000,58880000,97280000,565157560320000,test_A_B,58,0.08620689655172414,0.08620689655172414,0.09181264162021241,2.662205219268799,1.0,,,
development,development-repA,146001,14601,repA,80000,False,29440000,58880000,97280000,565157560320000,test_B_BG,97,0.711340206185567,0.711340206185567,0.663933896071497,0.8323235511779785,1.0,,,
development,development-repA,146001,14601,repA,80000,False,29440000,58880000,97280000,565157560320000,test_B_A,51,0.1568627450980392,0.1568627450980392,0.1538011269585733,2.797778367996216,1.0,,,
development,development-repA,146001,14601,repA,80000,False,29440000,58880000,97280000,565157560320000,test_B_B,56,0.08928571428571429,0.08928571428571429,0.07494069652322141,3.5473005771636963,1.0,,,
development,development-repA,146001,14601,repA,80000,False,29440000,58880000,97280000,565157560320000,train_background,1877,1.0,1.0,0.9999930955027511,3.452515557000879e-06,1.0,,,
development,development-repA,146001,14601,repA,80000,False,29440000,58880000,97280000,565157560320000,role_A_reference,2288,0.6245629370629371,0.6245629370629371,0.5781221133190158,0.8521590232849121,1.0,,,
development,development-repA,146001,14601,repA,80000,False,29440000,58880000,97280000,565157560320000,role_B_reference,2288,0.42045454545454547,0.42045454545454547,0.38038830286121794,1.5469034910202026,1.0,,,
development,development-repA,146001,14601,repA,80000,False,29440000,58880000,97280000,565157560320000,train_composite,1877,1.0,1.0,0.9999930955027511,3.452515557000879e-06,1.0,,,
development,development-repA,146001,14601,repA,80000,False,29440000,58880000,97280000,565157560320000,test_atomic_answers_correct_subset,844,0.5841232227488151,0.5841232227488151,0.5558152767843142,1.152642846107483,1.0,844,1.0,
development,development-repA,146001,14601,repA,80000,False,29440000,58880000,97280000,565157560320000,autonomous_calls,844,1.0,1.0,,,,,,1.0
development,development-repA,146001,14601,repA,96000,False,35328000,70656000,116736000,678189072384000,atomic,1024,1.0,1.0,0.9999754896930411,1.2319959751039278e-05,1.0,,,
development,development-repA,146001,14601,repA,96000,False,35328000,70656000,116736000,678189072384000,atomic_BG,512,1.0,1.0,0.9999949502996063,2.580072077762452e-06,1.0,,,
development,development-repA,146001,14601,repA,96000,False,35328000,70656000,116736000,678189072384000,atomic_A,256,1.0,1.0,0.9999936374613463,3.2404727789980825e-06,1.0,,,
development,development-repA,146001,14601,repA,96000,False,35328000,70656000,116736000,678189072384000,atomic_B,256,1.0,1.0,0.9999184207116054,4.087922570761293e-05,1.0,,,
development,development-repA,146001,14601,repA,96000,False,35328000,70656000,116736000,678189072384000,test_composite,844,0.5864928909952607,0.5864928909952607,0.5572655905546077,1.1801429986953735,1.0,,,
development,development-repA,146001,14601,repA,96000,False,35328000,70656000,116736000,678189072384000,test_BG_BG,207,0.9855072463768116,0.9855072463768116,0.9835457699135122,0.019158879294991493,1.0,,,
development,development-repA,146001,14601,repA,96000,False,35328000,70656000,116736000,678189072384000,test_BG_A,106,0.6981132075471698,0.6981132075471698,0.6347657536371819,0.49988749623298645,1.0,,,
development,development-repA,146001,14601,repA,96000,False,35328000,70656000,116736000,678189072384000,test_BG_B,114,0.45614035087719296,0.45614035087719296,0.3559804927322481,1.2536399364471436,1.0,,,
development,development-repA,146001,14601,repA,96000,False,35328000,70656000,116736000,678189072384000,test_A_BG,96,0.7708333333333334,0.7708333333333334,0.7619982973871249,0.3577977120876312,1.0,,,
development,development-repA,146001,14601,repA,96000,False,35328000,70656000,116736000,678189072384000,test_A_A,59,0.15254237288135594,0.15254237288135594,0.15837916205829,2.508643865585327,1.0,,,
development,development-repA,146001,14601,repA,96000,False,35328000,70656000,116736000,678189072384000,test_A_B,58,0.1206896551724138,0.1206896551724138,0.11186521379372243,2.9823780059814453,1.0,,,
development,development-repA,146001,14601,repA,96000,False,35328000,70656000,116736000,678189072384000,test_B_BG,97,0.6082474226804123,0.6082474226804123,0.5860979278221988,0.9078959226608276,1.0,,,
development,development-repA,146001,14601,repA,96000,False,35328000,70656000,116736000,678189072384000,test_B_A,51,0.21568627450980393,0.21568627450980393,0.19887690371923553,2.7153754234313965,1.0,,,
development,development-repA,146001,14601,repA,96000,False,35328000,70656000,116736000,678189072384000,test_B_B,56,0.08928571428571429,0.08928571428571429,0.05176025424239759,3.8264002799987793,1.0,,,
development,development-repA,146001,14601,repA,96000,False,35328000,70656000,116736000,678189072384000,train_background,1877,1.0,1.0,0.9999916685618963,4.166132384852972e-06,1.0,,,
development,development-repA,146001,14601,repA,96000,False,35328000,70656000,116736000,678189072384000,role_A_reference,2288,0.6376748251748252,0.6376748251748252,0.5938515358010065,0.8388704061508179,1.0,,,
development,development-repA,146001,14601,repA,96000,False,35328000,70656000,116736000,678189072384000,role_B_reference,2288,0.41215034965034963,0.41215034965034963,0.3841401632642401,1.5143260955810547,1.0,,,
development,development-repA,146001,14601,repA,96000,False,35328000,70656000,116736000,678189072384000,train_composite,1877,1.0,1.0,0.9999916685618963,4.166132384852972e-06,1.0,,,
development,development-repA,146001,14601,repA,96000,False,35328000,70656000,116736000,678189072384000,test_atomic_answers_correct_subset,844,0.5864928909952607,0.5864928909952607,0.5572655905546077,1.1801429986953735,1.0,844,1.0,
development,development-repA,146001,14601,repA,96000,False,35328000,70656000,116736000,678189072384000,autonomous_calls,844,1.0,1.0,,,,,,1.0
development,development-repA,146001,14601,repA,112000,False,41216000,82432000,136192000,791220584448000,atomic,1024,1.0,1.0,0.9999889066698344,5.624896857625572e-06,1.0,,,
development,development-repA,146001,14601,repA,112000,False,41216000,82432000,136192000,791220584448000,atomic_BG,512,1.0,1.0,0.9999961651481577,1.99300507119915e-06,1.0,,,
development,development-repA,146001,14601,repA,112000,False,41216000,82432000,136192000,791220584448000,atomic_A,256,1.0,1.0,0.9999960931601861,2.0307343220338225e-06,1.0,,,
development,development-repA,146001,14601,repA,112000,False,41216000,82432000,136192000,791220584448000,atomic_B,256,1.0,1.0,0.9999672032228362,1.6482843420817517e-05,1.0,,,
development,development-repA,146001,14601,repA,112000,False,41216000,82432000,136192000,791220584448000,test_composite,844,0.5959715639810427,0.5959715639810427,0.5630814533170396,1.114446759223938,1.0,,,
development,development-repA,146001,14601,repA,112000,False,41216000,82432000,136192000,791220584448000,test_BG_BG,207,1.0,1.0,0.9956052718852723,0.002657846314832568,1.0,,,
development,development-repA,146001,14601,repA,112000,False,41216000,82432000,136192000,791220584448000,test_BG_A,106,0.6415094339622641,0.6415094339622641,0.592484409096571,0.5671582221984863,1.0,,,
development,development-repA,146001,14601,repA,112000,False,41216000,82432000,136192000,791220584448000,test_BG_B,114,0.42105263157894735,0.42105263157894735,0.3369276262013803,1.2014681100845337,1.0,,,
development,development-repA,146001,14601,repA,112000,False,41216000,82432000,136192000,791220584448000,test_A_BG,96,0.875,0.875,0.8341453213120601,0.29570457339286804,1.0,,,
development,development-repA,146001,14601,repA,112000,False,41216000,82432000,136192000,791220584448000,test_A_A,59,0.1694915254237288,0.1694915254237288,0.13473165415296545,2.2979276180267334,1.0,,,
development,development-repA,146001,14601,repA,112000,False,41216000,82432000,136192000,791220584448000,test_A_B,58,0.10344827586206896,0.10344827586206896,0.12180782542895753,2.700119972229004,1.0,,,
development,development-repA,146001,14601,repA,112000,False,41216000,82432000,136192000,791220584448000,test_B_BG,97,0.6494845360824743,0.6494845360824743,0.5999534302041555,0.9390837550163269,1.0,,,
development,development-repA,146001,14601,repA,112000,False,41216000,82432000,136192000,791220584448000,test_B_A,51,0.27450980392156865,0.27450980392156865,0.2340669585206094,2.2373056411743164,1.0,,,
development,development-repA,146001,14601,repA,112000,False,41216000,82432000,136192000,791220584448000,test_B_B,56,0.05357142857142857,0.05357142857142857,0.0483011530038012,3.8783915042877197,1.0,,,
development,development-repA,146001,14601,repA,112000,False,41216000,82432000,136192000,791220584448000,train_background,1877,1.0,1.0,0.9998387114799187,9.425944153917953e-05,1.0,,,
development,development-repA,146001,14601,repA,112000,False,41216000,82432000,136192000,791220584448000,role_A_reference,2288,0.6394230769230769,0.6394230769230769,0.5994789692668374,0.7903985381126404,1.0,,,
development,development-repA,146001,14601,repA,112000,False,41216000,82432000,136192000,791220584448000,role_B_reference,2288,0.4431818181818182,0.4431818181818182,0.4018674778074086,1.4519729614257812,1.0,,,
development,development-repA,146001,14601,repA,112000,False,41216000,82432000,136192000,791220584448000,train_composite,1877,1.0,1.0,0.9998387114799187,9.425944153917953e-05,1.0,,,
development,development-repA,146001,14601,repA,112000,False,41216000,82432000,136192000,791220584448000,test_atomic_answers_correct_subset,844,0.5959715639810427,0.5959715639810427,0.5630814533170396,1.114446759223938,1.0,844,1.0,
development,development-repA,146001,14601,repA,112000,False,41216000,82432000,136192000,791220584448000,autonomous_calls,844,1.0,1.0,,,,,,1.0
development,development-repA,146001,14601,repA,128000,True,47104000,94208000,155648000,904252096512000,atomic,1024,1.0,1.0,0.99999148777128,4.3444306356832385e-06,1.0,,,
development,development-repA,146001,14601,repA,128000,True,47104000,94208000,155648000,904252096512000,atomic_BG,512,1.0,1.0,0.9999965655761526,1.8103594356944086e-06,1.0,,,
development,development-repA,146001,14601,repA,128000,True,47104000,94208000,155648000,904252096512000,atomic_A,256,1.0,1.0,0.9999964940814474,1.8447059346726746e-06,1.0,,,
development,development-repA,146001,14601,repA,128000,True,47104000,94208000,155648000,904252096512000,atomic_B,256,1.0,1.0,0.9999763258513674,1.1912296940863598e-05,1.0,,,
development,development-repA,146001,14601,repA,128000,True,47104000,94208000,155648000,904252096512000,test_composite,844,0.6042654028436019,0.6042654028436019,0.5888404203759453,1.017721176147461,1.0,,,
development,development-repA,146001,14601,repA,128000,True,47104000,94208000,155648000,904252096512000,test_BG_BG,207,1.0,1.0,0.9970609406601982,0.001554509624838829,1.0,,,
development,development-repA,146001,14601,repA,128000,True,47104000,94208000,155648000,904252096512000,test_BG_A,106,0.6792452830188679,0.6792452830188679,0.6445024666917138,0.4508107006549835,1.0,,,
development,development-repA,146001,14601,repA,128000,True,47104000,94208000,155648000,904252096512000,test_BG_B,114,0.43859649122807015,0.43859649122807015,0.41590518099492146,1.0074677467346191,1.0,,,
development,development-repA,146001,14601,repA,128000,True,47104000,94208000,155648000,904252096512000,test_A_BG,96,0.8645833333333334,0.8645833333333334,0.8350711808069665,0.21104876697063446,1.0,,,
development,development-repA,146001,14601,repA,128000,True,47104000,94208000,155648000,904252096512000,test_A_A,59,0.288135593220339,0.288135593220339,0.26455658646478775,1.7986526489257812,1.0,,,
development,development-repA,146001,14601,repA,128000,True,47104000,94208000,155648000,904252096512000,test_A_B,58,0.1206896551724138,0.1206896551724138,0.10093826137729411,2.9003822803497314,1.0,,,
development,development-repA,146001,14601,repA,128000,True,47104000,94208000,155648000,904252096512000,test_B_BG,97,0.6288659793814433,0.6288659793814433,0.621246741672094,0.7531387209892273,1.0,,,
development,development-repA,146001,14601,repA,128000,True,47104000,94208000,155648000,904252096512000,test_B_A,51,0.17647058823529413,0.17647058823529413,0.1868618049590295,2.5094056129455566,1.0,,,
development,development-repA,146001,14601,repA,128000,True,47104000,94208000,155648000,904252096512000,test_B_B,56,0.07142857142857142,0.07142857142857142,0.06149903108686581,3.57771897315979,1.0,,,
development,development-repA,146001,14601,repA,128000,True,47104000,94208000,155648000,904252096512000,train_background,1877,1.0,1.0,0.9999952993585521,2.3503753254772164e-06,1.0,,,
development,development-repA,146001,14601,repA,128000,True,47104000,94208000,155648000,904252096512000,role_A_reference,2288,0.6499125874125874,0.6499125874125874,0.6102228014091303,0.7730969190597534,1.0,,,
development,development-repA,146001,14601,repA,128000,True,47104000,94208000,155648000,904252096512000,role_B_reference,2288,0.4624125874125874,0.4624125874125874,0.4197795053356218,1.4153783321380615,1.0,,,
development,development-repA,146001,14601,repA,128000,True,47104000,94208000,155648000,904252096512000,train_composite,1877,1.0,1.0,0.9999952993585521,2.3503753254772164e-06,1.0,,,
development,development-repA,146001,14601,repA,128000,True,47104000,94208000,155648000,904252096512000,test_atomic_answers_correct_subset,844,0.6042654028436019,0.6042654028436019,0.5888404203759453,1.017721176147461,1.0,844,1.0,
development,development-repA,146001,14601,repA,128000,True,47104000,94208000,155648000,904252096512000,autonomous_calls,844,1.0,1.0,,,,,,1.0
development,development-repB,146001,14601,repB,0,False,0,0,0,0,atomic,1024,0.0009765625,0.0,0.006861207297055203,4.977694511413574,0.0,,,
development,development-repB,146001,14601,repB,0,False,0,0,0,0,atomic_BG,512,0.001953125,0.0,0.0068321614985720446,4.9761786460876465,0.0,,,
development,development-repB,146001,14601,repB,0,False,0,0,0,0,atomic_A,256,0.0,0.0,0.006917049520303401,4.975861072540283,0.0,,,
development,development-repB,146001,14601,repB,0,False,0,0,0,0,atomic_B,256,0.0,0.0,0.006863456670773321,4.982558250427246,0.0,,,
development,development-repB,146001,14601,repB,0,False,0,0,0,0,test_composite,844,0.0035545023696682463,0.0,0.006863544111322181,5.097091197967529,0.0,,,
development,development-repB,146001,14601,repB,0,False,0,0,0,0,test_BG_BG,207,0.0,0.0,0.006794160265715934,5.092398166656494,0.0,,,
development,development-repB,146001,14601,repB,0,False,0,0,0,0,test_BG_A,106,0.0,0.0,0.0068641668952235295,5.088468551635742,0.0,,,
development,development-repB,146001,14601,repB,0,False,0,0,0,0,test_BG_B,114,0.008771929824561403,0.0,0.00713811274796086,5.0844831466674805,0.0,,,
development,development-repB,146001,14601,repB,0,False,0,0,0,0,test_A_BG,96,0.0,0.0,0.006676610221404061,5.1270294189453125,0.0,,,
development,development-repB,146001,14601,repB,0,False,0,0,0,0,test_A_A,59,0.0,0.0,0.00691700378800347,5.103490829467773,0.0,,,
development,development-repB,146001,14601,repB,0,False,0,0,0,0,test_A_B,58,0.017241379310344827,0.0,0.0070793166446146685,5.084544658660889,0.0,,,
development,development-repB,146001,14601,repB,0,False,0,0,0,0,test_B_BG,97,0.0,0.0,0.006654650363205876,5.106794357299805,0.0,,,
development,development-repB,146001,14601,repB,0,False,0,0,0,0,test_B_A,51,0.0196078431372549,0.0,0.006988983421156276,5.090850830078125,0.0,,,
development,development-repB,146001,14601,repB,0,False,0,0,0,0,test_B_B,56,0.0,0.0,0.006848156735254634,5.100218772888184,0.0,,,
development,development-repB,146001,14601,repB,0,False,0,0,0,0,train_background,1877,0.002663825253063399,0.0,0.006727505187338352,5.104000568389893,0.0,,,
development,development-repB,146001,14601,repB,0,False,0,0,0,0,role_A_reference,2288,0.0013111888111888112,0.0,0.0067151449378283,5.10693883895874,0.0,,,
development,development-repB,146001,14601,repB,0,False,0,0,0,0,role_B_reference,2288,0.0026223776223776225,0.0,0.006822829655568674,5.100352764129639,0.0,,,
development,development-repB,146001,14601,repB,0,False,0,0,0,0,train_composite,1877,0.002663825253063399,0.0,0.006727505187338352,5.104000568389893,0.0,,,
development,development-repB,146001,14601,repB,0,False,0,0,0,0,test_atomic_answers_correct_subset,0,,,,,,844,0.0,
development,development-repB,146001,14601,repB,0,False,0,0,0,0,autonomous_calls,844,0.001184834123222749,0.0,,,,,,0.0
development,development-repB,146001,14601,repB,100,False,36800,73600,121600,706446950400,atomic,1024,0.0,0.0,0.006860705784681806,4.245600700378418,1.0,,,
development,development-repB,146001,14601,repB,100,False,36800,73600,121600,706446950400,atomic_BG,512,0.0,0.0,0.006914079312531617,4.239825248718262,1.0,,,
development,development-repB,146001,14601,repB,100,False,36800,73600,121600,706446950400,atomic_A,256,0.0,0.0,0.006758575825262293,4.2539496421813965,1.0,,,
development,development-repB,146001,14601,repB,100,False,36800,73600,121600,706446950400,atomic_B,256,0.0,0.0,0.006856088688401695,4.24880313873291,1.0,,,
development,development-repB,146001,14601,repB,100,False,36800,73600,121600,706446950400,test_composite,844,0.0,0.0,0.006768139569423902,4.317033767700195,1.0,,,
development,development-repB,146001,14601,repB,100,False,36800,73600,121600,706446950400,test_BG_BG,207,0.0,0.0,0.006945458427686512,4.296790599822998,1.0,,,
development,development-repB,146001,14601,repB,100,False,36800,73600,121600,706446950400,test_BG_A,106,0.0,0.0,0.0065450585711552805,4.331979274749756,1.0,,,
development,development-repB,146001,14601,repB,100,False,36800,73600,121600,706446950400,test_BG_B,114,0.0,0.0,0.006817598558506086,4.319814205169678,1.0,,,
development,development-repB,146001,14601,repB,100,False,36800,73600,121600,706446950400,test_A_BG,96,0.0,0.0,0.006642533919923016,4.335773944854736,1.0,,,
development,development-repB,146001,14601,repB,100,False,36800,73600,121600,706446950400,test_A_A,59,0.0,0.0,0.006658200757949574,4.327369213104248,1.0,,,
development,development-repB,146001,14601,repB,100,False,36800,73600,121600,706446950400,test_A_B,58,0.0,0.0,0.006754367314635153,4.313009262084961,1.0,,,
development,development-repB,146001,14601,repB,100,False,36800,73600,121600,706446950400,test_B_BG,97,0.0,0.0,0.00677717955354587,4.307561874389648,1.0,,,
development,development-repB,146001,14601,repB,100,False,36800,73600,121600,706446950400,test_B_A,51,0.0,0.0,0.006625920452886607,4.338855266571045,1.0,,,
development,development-repB,146001,14601,repB,100,False,36800,73600,121600,706446950400,test_B_B,56,0.0,0.0,0.006893766728167682,4.315577507019043,1.0,,,
development,development-repB,146001,14601,repB,100,False,36800,73600,121600,706446950400,train_background,1877,0.0,0.0,0.006774080970432361,4.31346321105957,1.0,,,
development,development-repB,146001,14601,repB,100,False,36800,73600,121600,706446950400,role_A_reference,2288,0.0,0.0,0.006701505974432205,4.321315288543701,1.0,,,
development,development-repB,146001,14601,repB,100,False,36800,73600,121600,706446950400,role_B_reference,2288,0.0,0.0,0.006761158194341303,4.318418979644775,1.0,,,
development,development-repB,146001,14601,repB,100,False,36800,73600,121600,706446950400,train_composite,1877,0.0,0.0,0.006774080970432361,4.31346321105957,1.0,,,
development,development-repB,146001,14601,repB,100,False,36800,73600,121600,706446950400,test_atomic_answers_correct_subset,0,,,,,,844,0.0,
development,development-repB,146001,14601,repB,100,False,36800,73600,121600,706446950400,autonomous_calls,844,0.0,0.0,,,,,,0.0
development,development-repB,146001,14601,repB,250,False,92000,184000,304000,1766117376000,atomic,1024,0.0,0.0,0.006991311549464707,3.7408676147460938,1.0,,,
development,development-repB,146001,14601,repB,250,False,92000,184000,304000,1766117376000,atomic_BG,512,0.0,0.0,0.0071173724990814076,3.7315478324890137,1.0,,,
development,development-repB,146001,14601,repB,250,False,92000,184000,304000,1766117376000,atomic_A,256,0.0,0.0,0.006627864014216809,3.766972780227661,1.0,,,
development,development-repB,146001,14601,repB,250,False,92000,184000,304000,1766117376000,atomic_B,256,0.0,0.0,0.007102637185479207,3.7334017753601074,1.0,,,
development,development-repB,146001,14601,repB,250,False,92000,184000,304000,1766117376000,test_composite,844,0.0,0.0,0.006606501430953433,3.7702503204345703,1.0,,,
development,development-repB,146001,14601,repB,250,False,92000,184000,304000,1766117376000,test_BG_BG,207,0.0,0.0,0.006906010713247657,3.7471959590911865,1.0,,,
development,development-repB,146001,14601,repB,250,False,92000,184000,304000,1766117376000,test_BG_A,106,0.0,0.0,0.006115186896985844,3.8071064949035645,1.0,,,
development,development-repB,146001,14601,repB,250,False,92000,184000,304000,1766117376000,test_BG_B,114,0.0,0.0,0.006529105095888324,3.7755658626556396,1.0,,,
development,development-repB,146001,14601,repB,250,False,92000,184000,304000,1766117376000,test_A_BG,96,0.0,0.0,0.006674888127209601,3.7669856548309326,1.0,,,
development,development-repB,146001,14601,repB,250,False,92000,184000,304000,1766117376000,test_A_A,59,0.0,0.0,0.006419275051110314,3.7856414318084717,1.0,,,
development,development-repB,146001,14601,repB,250,False,92000,184000,304000,1766117376000,test_A_B,58,0.0,0.0,0.006393477120016352,3.786867618560791,1.0,,,
development,development-repB,146001,14601,repB,250,False,92000,184000,304000,1766117376000,test_B_BG,97,0.0,0.0,0.006948516197281045,3.7431325912475586,1.0,,,
development,development-repB,146001,14601,repB,250,False,92000,184000,304000,1766117376000,test_B_A,51,0.0,0.0,0.00621490265570219,3.7980923652648926,1.0,,,
development,development-repB,146001,14601,repB,250,False,92000,184000,304000,1766117376000,test_B_B,56,0.0,0.0,0.006651877375302256,3.768669605255127,1.0,,,
development,development-repB,146001,14601,repB,250,False,92000,184000,304000,1766117376000,train_background,1877,0.0,0.0,0.006823097455758391,3.752885580062866,1.0,,,
development,development-repB,146001,14601,repB,250,False,92000,184000,304000,1766117376000,role_A_reference,2288,0.0,0.0,0.006562682385119844,3.7735612392425537,1.0,,,
development,development-repB,146001,14601,repB,250,False,92000,184000,304000,1766117376000,role_B_reference,2288,0.0,0.0,0.006650951225642149,3.7672016620635986,1.0,,,
development,development-repB,146001,14601,repB,250,False,92000,184000,304000,1766117376000,train_composite,1877,0.0,0.0,0.006823097455758391,3.752885580062866,1.0,,,
development,development-repB,146001,14601,repB,250,False,92000,184000,304000,1766117376000,test_atomic_answers_correct_subset,0,,,,,,844,0.0,
development,development-repB,146001,14601,repB,250,False,92000,184000,304000,1766117376000,autonomous_calls,844,0.0,0.0,,,,,,0.0
development,development-repB,146001,14601,repB,500,False,184000,368000,608000,3532234752000,atomic,1024,0.048828125,0.048828125,0.009585370273845853,3.1321516036987305,1.0,,,
development,development-repB,146001,14601,repB,500,False,184000,368000,608000,3532234752000,atomic_BG,512,0.029296875,0.029296875,0.009474339318124136,3.130545139312744,1.0,,,
development,development-repB,146001,14601,repB,500,False,184000,368000,608000,3532234752000,atomic_A,256,0.0234375,0.0234375,0.007564416784104499,3.2473058700561523,1.0,,,
development,development-repB,146001,14601,repB,500,False,184000,368000,608000,3532234752000,atomic_B,256,0.11328125,0.11328125,0.011828385675030643,3.020209789276123,1.0,,,
development,development-repB,146001,14601,repB,500,False,184000,368000,608000,3532234752000,test_composite,844,0.0,0.0,0.006318775361649,3.3213632106781006,1.0,,,
development,development-repB,146001,14601,repB,500,False,184000,368000,608000,3532234752000,test_BG_BG,207,0.0,0.0,0.0067282097015435366,3.2892627716064453,1.0,,,
development,development-repB,146001,14601,repB,500,False,184000,368000,608000,3532234752000,test_BG_A,106,0.0,0.0,0.005559622418288622,3.3821158409118652,1.0,,,
development,development-repB,146001,14601,repB,500,False,184000,368000,608000,3532234752000,test_BG_B,114,0.0,0.0,0.0063155926924600364,3.3206818103790283,1.0,,,
development,development-repB,146001,14601,repB,500,False,184000,368000,608000,3532234752000,test_A_BG,96,0.0,0.0,0.006556949064107709,3.3055732250213623,1.0,,,
development,development-repB,146001,14601,repB,500,False,184000,368000,608000,3532234752000,test_A_A,59,0.0,0.0,0.005903718274697226,3.354562759399414,1.0,,,
development,development-repB,146001,14601,repB,500,False,184000,368000,608000,3532234752000,test_A_B,58,0.0,0.0,0.006082135570645907,3.338186264038086,1.0,,,
development,development-repB,146001,14601,repB,500,False,184000,368000,608000,3532234752000,test_B_BG,97,0.0,0.0,0.006738519975665543,3.2845816612243652,1.0,,,
development,development-repB,146001,14601,repB,500,False,184000,368000,608000,3532234752000,test_B_A,51,0.0,0.0,0.005551582334135094,3.3814494609832764,1.0,,,
development,development-repB,146001,14601,repB,500,False,184000,368000,608000,3532234752000,test_B_B,56,0.0,0.0,0.0064942709452115305,3.310103178024292,1.0,,,
development,development-repB,146001,14601,repB,500,False,184000,368000,608000,3532234752000,train_background,1877,0.0,0.0,0.006734219122143952,3.2876482009887695,1.0,,,
development,development-repB,146001,14601,repB,500,False,184000,368000,608000,3532234752000,role_A_reference,2288,0.0,0.0,0.006051926731532183,3.342184543609619,1.0,,,
development,development-repB,146001,14601,repB,500,False,184000,368000,608000,3532234752000,role_B_reference,2288,0.0,0.0,0.006483568467135566,3.308051109313965,1.0,,,
development,development-repB,146001,14601,repB,500,False,184000,368000,608000,3532234752000,train_composite,1877,0.0,0.0,0.006734219122143952,3.2876482009887695,1.0,,,
development,development-repB,146001,14601,repB,500,False,184000,368000,608000,3532234752000,test_atomic_answers_correct_subset,1,0.0,0.0,0.011183639819940723,3.0198707580566406,1.0,844,0.001184834123222749,
development,development-repB,146001,14601,repB,500,False,184000,368000,608000,3532234752000,autonomous_calls,844,0.02843601895734597,0.02843601895734597,,,,,,0.001184834123222749
development,development-repB,146001,14601,repB,1000,False,368000,736000,1216000,7064469504000,atomic,1024,0.275390625,0.275390625,0.026960564319431033,2.0289199352264404,1.0,,,
development,development-repB,146001,14601,repB,1000,False,368000,736000,1216000,7064469504000,atomic_BG,512,0.224609375,0.224609375,0.025132116958673175,1.984355092048645,1.0,,,
development,development-repB,146001,14601,repB,1000,False,368000,736000,1216000,7064469504000,atomic_A,256,0.015625,0.015625,0.008998532925164143,2.5009865760803223,1.0,,,
development,development-repB,146001,14601,repB,1000,False,368000,736000,1216000,7064469504000,atomic_B,256,0.63671875,0.63671875,0.048579490435213646,1.6459826231002808,1.0,,,
development,development-repB,146001,14601,repB,1000,False,368000,736000,1216000,7064469504000,test_composite,844,0.04383886255924171,0.04383886255924171,0.013840900419842577,2.317107915878296,1.0,,,
development,development-repB,146001,14601,repB,1000,False,368000,736000,1216000,7064469504000,test_BG_BG,207,0.0966183574879227,0.0966183574879227,0.018772600136204527,2.1487057209014893,1.0,,,
development,development-repB,146001,14601,repB,1000,False,368000,736000,1216000,7064469504000,test_BG_A,106,0.009433962264150943,0.009433962264150943,0.00779942639755294,2.591115951538086,1.0,,,
development,development-repB,146001,14601,repB,1000,False,368000,736000,1216000,7064469504000,test_BG_B,114,0.02631578947368421,0.02631578947368421,0.012688841918947874,2.3220129013061523,1.0,,,
development,development-repB,146001,14601,repB,1000,False,368000,736000,1216000,7064469504000,test_A_BG,96,0.03125,0.03125,0.015498332406614931,2.2172749042510986,1.0,,,
development,development-repB,146001,14601,repB,1000,False,368000,736000,1216000,7064469504000,test_A_A,59,0.0,0.0,0.008659449898419451,2.554328441619873,1.0,,,
development,development-repB,146001,14601,repB,1000,False,368000,736000,1216000,7064469504000,test_A_B,58,0.034482758620689655,0.034482758620689655,0.011241986651103639,2.3923614025115967,1.0,,,
development,development-repB,146001,14601,repB,1000,False,368000,736000,1216000,7064469504000,test_B_BG,97,0.05154639175257732,0.05154639175257732,0.01750707254862654,2.158757448196411,1.0,,,
development,development-repB,146001,14601,repB,1000,False,368000,736000,1216000,7064469504000,test_B_A,51,0.0196078431372549,0.0196078431372549,0.008768401750787289,2.546558141708374,1.0,,,
development,development-repB,146001,14601,repB,1000,False,368000,736000,1216000,7064469504000,test_B_B,56,0.03571428571428571,0.03571428571428571,0.012970626853309342,2.3195667266845703,1.0,,,
development,development-repB,146001,14601,repB,1000,False,368000,736000,1216000,7064469504000,train_background,1877,0.12306872669152903,0.12306872669152903,0.022333480009225384,2.0382251739501953,1.0,,,
development,development-repB,146001,14601,repB,1000,False,368000,736000,1216000,7064469504000,role_A_reference,2288,0.03409090909090909,0.03409090909090909,0.01148382117103331,2.425675630569458,1.0,,,
development,development-repB,146001,14601,repB,1000,False,368000,736000,1216000,7064469504000,role_B_reference,2288,0.04895104895104895,0.04895104895104895,0.01487002818219717,2.2478199005126953,1.0,,,
development,development-repB,146001,14601,repB,1000,False,368000,736000,1216000,7064469504000,train_composite,1877,0.12306872669152903,0.12306872669152903,0.022333480009225384,2.0382251739501953,1.0,,,
development,development-repB,146001,14601,repB,1000,False,368000,736000,1216000,7064469504000,test_atomic_answers_correct_subset,58,0.15517241379310345,0.15517241379310345,0.021676951956684783,2.060689687728882,1.0,844,0.06872037914691943,
development,development-repB,146001,14601,repB,1000,False,368000,736000,1216000,7064469504000,autonomous_calls,844,0.08530805687203792,0.08530805687203792,,,,,,0.06872037914691943
development,development-repB,146001,14601,repB,2000,False,736000,1472000,2432000,14128939008000,atomic,1024,0.693359375,0.693359375,0.343514764879686,0.9405794143676758,1.0,,,
development,development-repB,146001,14601,repB,2000,False,736000,1472000,2432000,14128939008000,atomic_BG,512,0.853515625,0.853515625,0.38195076518374815,0.6333234310150146,1.0,,,
development,development-repB,146001,14601,repB,2000,False,736000,1472000,2432000,14128939008000,atomic_A,256,0.08203125,0.08203125,0.03405492612797037,2.1594152450561523,1.0,,,
development,development-repB,146001,14601,repB,2000,False,736000,1472000,2432000,14128939008000,atomic_B,256,0.984375,0.984375,0.5761026030232774,0.3362554907798767,1.0,,,
development,development-repB,146001,14601,repB,2000,False,736000,1472000,2432000,14128939008000,test_composite,844,0.11137440758293839,0.11137440758293839,0.04928691185773217,2.0914292335510254,1.0,,,
development,development-repB,146001,14601,repB,2000,False,736000,1472000,2432000,14128939008000,test_BG_BG,207,0.2463768115942029,0.2463768115942029,0.09902245692752835,1.4956212043762207,1.0,,,
development,development-repB,146001,14601,repB,2000,False,736000,1472000,2432000,14128939008000,test_BG_A,106,0.009433962264150943,0.009433962264150943,0.008724183564617438,2.750110626220703,1.0,,,
development,development-repB,146001,14601,repB,2000,False,736000,1472000,2432000,14128939008000,test_BG_B,114,0.02631578947368421,0.02631578947368421,0.027388216473741907,2.087693214416504,1.0,,,
development,development-repB,146001,14601,repB,2000,False,736000,1472000,2432000,14128939008000,test_A_BG,96,0.052083333333333336,0.052083333333333336,0.03605887093239237,2.12727952003479,1.0,,,
development,development-repB,146001,14601,repB,2000,False,736000,1472000,2432000,14128939008000,test_A_A,59,0.0,0.0,0.007419667995101216,2.804661750793457,1.0,,,
development,development-repB,146001,14601,repB,2000,False,736000,1472000,2432000,14128939008000,test_A_B,58,0.0,0.0,0.008893229304946371,2.640901803970337,1.0,,,
development,development-repB,146001,14601,repB,2000,False,736000,1472000,2432000,14128939008000,test_B_BG,97,0.30927835051546393,0.30927835051546393,0.1033299092275008,1.5353214740753174,1.0,,,
development,development-repB,146001,14601,repB,2000,False,736000,1472000,2432000,14128939008000,test_B_A,51,0.0196078431372549,0.0196078431372549,0.012913574795191316,2.653315305709839,1.0,,,
development,development-repB,146001,14601,repB,2000,False,736000,1472000,2432000,14128939008000,test_B_B,56,0.05357142857142857,0.05357142857142857,0.034947478998389195,2.124211549758911,1.0,,,
development,development-repB,146001,14601,repB,2000,False,736000,1472000,2432000,14128939008000,train_background,1877,0.757059136920618,0.757059136920618,0.2675731709499444,0.8339798450469971,1.0,,,
development,development-repB,146001,14601,repB,2000,False,736000,1472000,2432000,14128939008000,role_A_reference,2288,0.049825174825174824,0.049825174825174824,0.021626454175630687,2.480215549468994,1.0,,,
development,development-repB,146001,14601,repB,2000,False,736000,1472000,2432000,14128939008000,role_B_reference,2288,0.1472902097902098,0.1472902097902098,0.05438480014304033,1.8594568967819214,1.0,,,
development,development-repB,146001,14601,repB,2000,False,736000,1472000,2432000,14128939008000,train_composite,1877,0.757059136920618,0.757059136920618,0.2675731709499444,0.8339798450469971,1.0,,,
development,development-repB,146001,14601,repB,2000,False,736000,1472000,2432000,14128939008000,test_atomic_answers_correct_subset,403,0.20099255583126552,0.20099255583126552,0.08035156769467115,1.683152437210083,1.0,844,0.4774881516587678,
development,development-repB,146001,14601,repB,2000,False,736000,1472000,2432000,14128939008000,autonomous_calls,844,0.4834123222748815,0.4834123222748815,,,,,,0.4774881516587678
development,development-repB,146001,14601,repB,4000,False,1472000,2944000,4864000,28257878016000,atomic,1024,0.9892578125,0.9892578125,0.9380054885740443,0.044580139219760895,1.0,,,
development,development-repB,146001,14601,repB,4000,False,1472000,2944000,4864000,28257878016000,atomic_BG,512,1.0,1.0,0.9789255010854419,0.011911343783140182,1.0,,,
development,development-repB,146001,14601,repB,4000,False,1472000,2944000,4864000,28257878016000,atomic_A,256,0.9609375,0.9609375,0.8134164450372889,0.140096977353096,1.0,,,
development,development-repB,146001,14601,repB,4000,False,1472000,2944000,4864000,28257878016000,atomic_B,256,0.99609375,0.99609375,0.9807545070880048,0.01440089289098978,1.0,,,
development,development-repB,146001,14601,repB,4000,False,1472000,2944000,4864000,28257878016000,test_composite,844,0.43483412322274884,0.43483412322274884,0.33835748786025865,1.3265817165374756,1.0,,,
development,development-repB,146001,14601,repB,4000,False,1472000,2944000,4864000,28257878016000,test_BG_BG,207,0.9082125603864735,0.9082125603864735,0.7662084723645156,0.20926319062709808,1.0,,,
development,development-repB,146001,14601,repB,4000,False,1472000,2944000,4864000,28257878016000,test_BG_A,106,0.11320754716981132,0.11320754716981132,0.062107104466377655,2.2428417205810547,1.0,,,
development,development-repB,146001,14601,repB,4000,False,1472000,2944000,4864000,28257878016000,test_BG_B,114,0.37719298245614036,0.37719298245614036,0.22482668378011403,1.2506786584854126,1.0,,,
development,development-repB,146001,14601,repB,4000,False,1472000,2944000,4864000,28257878016000,test_A_BG,96,0.3645833333333333,0.3645833333333333,0.2611392926741947,1.3900386095046997,1.0,,,
development,development-repB,146001,14601,repB,4000,False,1472000,2944000,4864000,28257878016000,test_A_A,59,0.01694915254237288,0.01694915254237288,0.014507617525916233,2.8309309482574463,1.0,,,
development,development-repB,146001,14601,repB,4000,False,1472000,2944000,4864000,28257878016000,test_A_B,58,0.05172413793103448,0.05172413793103448,0.03730992374555066,2.476980686187744,1.0,,,
development,development-repB,146001,14601,repB,4000,False,1472000,2944000,4864000,28257878016000,test_B_BG,97,0.7422680412371134,0.7422680412371134,0.5854596160136692,0.4633798897266388,1.0,,,
development,development-repB,146001,14601,repB,4000,False,1472000,2944000,4864000,28257878016000,test_B_A,51,0.0784313725490196,0.0784313725490196,0.0646711240183639,2.0866801738739014,1.0,,,
development,development-repB,146001,14601,repB,4000,False,1472000,2944000,4864000,28257878016000,test_B_B,56,0.16071428571428573,0.16071428571428573,0.11746889086819293,1.794639229774475,1.0,,,
development,development-repB,146001,14601,repB,4000,False,1472000,2944000,4864000,28257878016000,train_background,1877,1.0,1.0,0.9741256727766754,0.014192940667271614,1.0,,,
development,development-repB,146001,14601,repB,4000,False,1472000,2944000,4864000,28257878016000,role_A_reference,2288,0.15865384615384615,0.15865384615384615,0.11731198987252567,2.0533335208892822,1.0,,,
development,development-repB,146001,14601,repB,4000,False,1472000,2944000,4864000,28257878016000,role_B_reference,2288,0.4611013986013986,0.4611013986013986,0.3418880108662889,1.0208537578582764,1.0,,,
development,development-repB,146001,14601,repB,4000,False,1472000,2944000,4864000,28257878016000,train_composite,1877,1.0,1.0,0.9741256727766754,0.014192940667271614,1.0,,,
development,development-repB,146001,14601,repB,4000,False,1472000,2944000,4864000,28257878016000,test_atomic_answers_correct_subset,823,0.44471445929526127,0.44471445929526127,0.34619175590432016,1.2923516035079956,1.0,844,0.9751184834123223,
development,development-repB,146001,14601,repB,4000,False,1472000,2944000,4864000,28257878016000,autonomous_calls,844,0.9751184834123223,0.9751184834123223,,,,,,0.9751184834123223
development,development-repB,146001,14601,repB,8000,False,2944000,5888000,9728000,56515756032000,atomic,1024,1.0,1.0,0.9985015985311667,0.0007903160294517875,1.0,,,
development,development-repB,146001,14601,repB,8000,False,2944000,5888000,9728000,56515756032000,atomic_BG,512,1.0,1.0,0.9994911175094435,0.00028275567456148565,1.0,,,
development,development-repB,146001,14601,repB,8000,False,2944000,5888000,9728000,56515756032000,atomic_A,256,1.0,1.0,0.9956276268081201,0.0022657918743789196,1.0,,,
development,development-repB,146001,14601,repB,8000,False,2944000,5888000,9728000,56515756032000,atomic_B,256,1.0,1.0,0.9993965322976595,0.000329960894305259,1.0,,,
development,development-repB,146001,14601,repB,8000,False,2944000,5888000,9728000,56515756032000,test_composite,844,0.5106635071090048,0.5106635071090048,0.47252016924503515,1.1491131782531738,1.0,,,
development,development-repB,146001,14601,repB,8000,False,2944000,5888000,9728000,56515756032000,test_BG_BG,207,0.966183574879227,0.966183574879227,0.9365558916743946,0.0734846442937851,1.0,,,
development,development-repB,146001,14601,repB,8000,False,2944000,5888000,9728000,56515756032000,test_BG_A,106,0.1792452830188679,0.1792452830188679,0.1408487709449592,1.7449016571044922,1.0,,,
development,development-repB,146001,14601,repB,8000,False,2944000,5888000,9728000,56515756032000,test_BG_B,114,0.4298245614035088,0.4298245614035088,0.3708936861741123,1.1371963024139404,1.0,,,
development,development-repB,146001,14601,repB,8000,False,2944000,5888000,9728000,56515756032000,test_A_BG,96,0.5416666666666666,0.5416666666666666,0.46544984505205705,1.0402463674545288,1.0,,,
development,development-repB,146001,14601,repB,8000,False,2944000,5888000,9728000,56515756032000,test_A_A,59,0.01694915254237288,0.01694915254237288,0.03736452484419512,2.839287042617798,1.0,,,
development,development-repB,146001,14601,repB,8000,False,2944000,5888000,9728000,56515756032000,test_A_B,58,0.10344827586206896,0.10344827586206896,0.08859353148388507,2.586552381515503,1.0,,,
development,development-repB,146001,14601,repB,8000,False,2944000,5888000,9728000,56515756032000,test_B_BG,97,0.845360824742268,0.845360824742268,0.7925893748137767,0.23042809963226318,1.0,,,
development,development-repB,146001,14601,repB,8000,False,2944000,5888000,9728000,56515756032000,test_B_A,51,0.11764705882352941,0.11764705882352941,0.1214918423719551,2.067553758621216,1.0,,,
development,development-repB,146001,14601,repB,8000,False,2944000,5888000,9728000,56515756032000,test_B_B,56,0.2857142857142857,0.2857142857142857,0.22541101665277719,1.6932684183120728,1.0,,,
development,development-repB,146001,14601,repB,8000,False,2944000,5888000,9728000,56515756032000,train_background,1877,1.0,1.0,0.9992884938404762,0.0003782395215239376,1.0,,,
development,development-repB,146001,14601,repB,8000,False,2944000,5888000,9728000,56515756032000,role_A_reference,2288,0.2687937062937063,0.2687937062937063,0.23807985480708124,1.8211618661880493,1.0,,,
development,development-repB,146001,14601,repB,8000,False,2944000,5888000,9728000,56515756032000,role_B_reference,2288,0.5799825174825175,0.5799825174825175,0.5206394805228588,0.8036584258079529,1.0,,,
development,development-repB,146001,14601,repB,8000,False,2944000,5888000,9728000,56515756032000,train_composite,1877,1.0,1.0,0.9992884938404762,0.0003782395215239376,1.0,,,
development,development-repB,146001,14601,repB,8000,False,2944000,5888000,9728000,56515756032000,test_atomic_answers_correct_subset,844,0.5106635071090048,0.5106635071090048,0.47252016924503515,1.1491131782531738,1.0,844,1.0,
development,development-repB,146001,14601,repB,8000,False,2944000,5888000,9728000,56515756032000,autonomous_calls,844,1.0,1.0,,,,,,1.0
development,development-repB,146001,14601,repB,12000,False,4416000,8832000,14592000,84773634048000,atomic,1024,1.0,1.0,0.9995445801122862,0.00023419100034516305,1.0,,,
development,development-repB,146001,14601,repB,12000,False,4416000,8832000,14592000,84773634048000,atomic_BG,512,1.0,1.0,0.9998776819725386,6.371254858095199e-05,1.0,,,
development,development-repB,146001,14601,repB,12000,False,4416000,8832000,14592000,84773634048000,atomic_A,256,1.0,1.0,0.9985816817417401,0.0007276185788214207,1.0,,,
development,development-repB,146001,14601,repB,12000,False,4416000,8832000,14592000,84773634048000,atomic_B,256,1.0,1.0,0.9998412747623278,8.172029629349709e-05,1.0,,,
development,development-repB,146001,14601,repB,12000,False,4416000,8832000,14592000,84773634048000,test_composite,844,0.514218009478673,0.514218009478673,0.4774208238828092,1.2917977571487427,1.0,,,
development,development-repB,146001,14601,repB,12000,False,4416000,8832000,14592000,84773634048000,test_BG_BG,207,0.9758454106280193,0.9758454106280193,0.9560793747123778,0.04462241381406784,1.0,,,
development,development-repB,146001,14601,repB,12000,False,4416000,8832000,14592000,84773634048000,test_BG_A,106,0.18867924528301888,0.18867924528301888,0.15080923589507716,2.1436610221862793,1.0,,,
development,development-repB,146001,14601,repB,12000,False,4416000,8832000,14592000,84773634048000,test_BG_B,114,0.4824561403508772,0.4824561403508772,0.4015207094121625,1.1060866117477417,1.0,,,
development,development-repB,146001,14601,repB,12000,False,4416000,8832000,14592000,84773634048000,test_A_BG,96,0.5520833333333334,0.5520833333333334,0.4692361709396764,1.1673282384872437,1.0,,,
development,development-repB,146001,14601,repB,12000,False,4416000,8832000,14592000,84773634048000,test_A_A,59,0.01694915254237288,0.01694915254237288,0.01910260196887417,3.3144795894622803,1.0,,,
development,development-repB,146001,14601,repB,12000,False,4416000,8832000,14592000,84773634048000,test_A_B,58,0.1206896551724138,0.1206896551724138,0.10591641978981142,2.7995290756225586,1.0,,,
development,development-repB,146001,14601,repB,12000,False,4416000,8832000,14592000,84773634048000,test_B_BG,97,0.8247422680412371,0.8247422680412371,0.7895775288348966,0.30943888425827026,1.0,,,
development,development-repB,146001,14601,repB,12000,False,4416000,8832000,14592000,84773634048000,test_B_A,51,0.13725490196078433,0.13725490196078433,0.11990046520038725,2.2663686275482178,1.0,,,
development,development-repB,146001,14601,repB,12000,False,4416000,8832000,14592000,84773634048000,test_B_B,56,0.14285714285714285,0.14285714285714285,0.14733521057445126,2.002044439315796,1.0,,,
development,development-repB,146001,14601,repB,12000,False,4416000,8832000,14592000,84773634048000,train_background,1877,1.0,1.0,0.9995474677555718,0.00023780316405463964,1.0,,,
development,development-repB,146001,14601,repB,12000,False,4416000,8832000,14592000,84773634048000,role_A_reference,2288,0.26223776223776224,0.26223776223776224,0.24101329252810735,1.9832044839859009,1.0,,,
development,development-repB,146001,14601,repB,12000,False,4416000,8832000,14592000,84773634048000,role_B_reference,2288,0.548951048951049,0.548951048951049,0.4952240373804449,0.9597722887992859,1.0,,,
development,development-repB,146001,14601,repB,12000,False,4416000,8832000,14592000,84773634048000,train_composite,1877,1.0,1.0,0.9995474677555718,0.00023780316405463964,1.0,,,
development,development-repB,146001,14601,repB,12000,False,4416000,8832000,14592000,84773634048000,test_atomic_answers_correct_subset,844,0.514218009478673,0.514218009478673,0.4774208238828092,1.2917977571487427,1.0,844,1.0,
development,development-repB,146001,14601,repB,12000,False,4416000,8832000,14592000,84773634048000,autonomous_calls,844,1.0,1.0,,,,,,1.0
development,development-repB,146001,14601,repB,16000,False,5888000,11776000,19456000,113031512064000,atomic,1024,1.0,1.0,0.9998370187187582,8.246341167250648e-05,1.0,,,
development,development-repB,146001,14601,repB,16000,False,5888000,11776000,19456000,113031512064000,atomic_BG,512,1.0,1.0,0.9999591369554506,2.109791421389673e-05,1.0,,,
development,development-repB,146001,14601,repB,16000,False,5888000,11776000,19456000,113031512064000,atomic_A,256,1.0,1.0,0.9994809635624073,0.0002614978002384305,1.0,,,
development,development-repB,146001,14601,repB,16000,False,5888000,11776000,19456000,113031512064000,atomic_B,256,1.0,1.0,0.9999488374017247,2.6160018023801968e-05,1.0,,,
development,development-repB,146001,14601,repB,16000,False,5888000,11776000,19456000,113031512064000,test_composite,844,0.5023696682464455,0.5023696682464455,0.4781277854214099,1.3922394514083862,1.0,,,
development,development-repB,146001,14601,repB,16000,False,5888000,11776000,19456000,113031512064000,test_BG_BG,207,0.9710144927536232,0.9710144927536232,0.9608320839041347,0.04303005710244179,1.0,,,
development,development-repB,146001,14601,repB,16000,False,5888000,11776000,19456000,113031512064000,test_BG_A,106,0.1792452830188679,0.1792452830188679,0.15116922089535714,2.109813690185547,1.0,,,
development,development-repB,146001,14601,repB,16000,False,5888000,11776000,19456000,113031512064000,test_BG_B,114,0.4298245614035088,0.4298245614035088,0.37561249065487334,1.2168830633163452,1.0,,,
development,development-repB,146001,14601,repB,16000,False,5888000,11776000,19456000,113031512064000,test_A_BG,96,0.4791666666666667,0.4791666666666667,0.4643247061537706,1.3048268556594849,1.0,,,
development,development-repB,146001,14601,repB,16000,False,5888000,11776000,19456000,113031512064000,test_A_A,59,0.0847457627118644,0.0847457627118644,0.05416947061203648,3.637836456298828,1.0,,,
development,development-repB,146001,14601,repB,16000,False,5888000,11776000,19456000,113031512064000,test_A_B,58,0.05172413793103448,0.05172413793103448,0.045705249755281466,3.2578446865081787,1.0,,,
development,development-repB,146001,14601,repB,16000,False,5888000,11776000,19456000,113031512064000,test_B_BG,97,0.8556701030927835,0.8556701030927835,0.8088340977236874,0.29204055666923523,1.0,,,
development,development-repB,146001,14601,repB,16000,False,5888000,11776000,19456000,113031512064000,test_B_A,51,0.13725490196078433,0.13725490196078433,0.12870154407031165,2.6191442012786865,1.0,,,
development,development-repB,146001,14601,repB,16000,False,5888000,11776000,19456000,113031512064000,test_B_B,56,0.19642857142857142,0.19642857142857142,0.18494150380842328,2.0182321071624756,1.0,,,
development,development-repB,146001,14601,repB,16000,False,5888000,11776000,19456000,113031512064000,train_background,1877,1.0,1.0,0.9998277810585166,8.992554649012163e-05,1.0,,,
development,development-repB,146001,14601,repB,16000,False,5888000,11776000,19456000,113031512064000,role_A_reference,2288,0.2744755244755245,0.2744755244755245,0.2556357684049385,2.0551693439483643,1.0,,,
development,development-repB,146001,14601,repB,16000,False,5888000,11776000,19456000,113031512064000,role_B_reference,2288,0.5336538461538461,0.5336538461538461,0.5003532161536419,1.0275830030441284,1.0,,,
development,development-repB,146001,14601,repB,16000,False,5888000,11776000,19456000,113031512064000,train_composite,1877,1.0,1.0,0.9998277810585166,8.992554649012163e-05,1.0,,,
development,development-repB,146001,14601,repB,16000,False,5888000,11776000,19456000,113031512064000,test_atomic_answers_correct_subset,844,0.5023696682464455,0.5023696682464455,0.4781277854214099,1.3922394514083862,1.0,844,1.0,
development,development-repB,146001,14601,repB,16000,False,5888000,11776000,19456000,113031512064000,autonomous_calls,844,1.0,1.0,,,,,,1.0
development,development-repB,146001,14601,repB,24000,False,8832000,17664000,29184000,169547268096000,atomic,1024,1.0,1.0,0.9999025455956946,4.9151654820889235e-05,1.0,,,
development,development-repB,146001,14601,repB,24000,False,8832000,17664000,29184000,169547268096000,atomic_BG,512,1.0,1.0,0.9999791990473257,1.077455272024963e-05,1.0,,,
development,development-repB,146001,14601,repB,24000,False,8832000,17664000,29184000,169547268096000,atomic_A,256,1.0,1.0,0.9996758166054851,0.00016272353241220117,1.0,,,
development,development-repB,146001,14601,repB,24000,False,8832000,17664000,29184000,169547268096000,atomic_B,256,1.0,1.0,0.9999759676826416,1.2333972335909493e-05,1.0,,,
development,development-repB,146001,14601,repB,24000,False,8832000,17664000,29184000,169547268096000,test_composite,844,0.514218009478673,0.514218009478673,0.49330845963939557,1.275660753250122,1.0,,,
development,development-repB,146001,14601,repB,24000,False,8832000,17664000,29184000,169547268096000,test_BG_BG,207,0.9806763285024155,0.9806763285024155,0.9701511152862697,0.04821103811264038,1.0,,,
development,development-repB,146001,14601,repB,24000,False,8832000,17664000,29184000,169547268096000,test_BG_A,106,0.2358490566037736,0.2358490566037736,0.2071769581682977,1.8930410146713257,1.0,,,
development,development-repB,146001,14601,repB,24000,False,8832000,17664000,29184000,169547268096000,test_BG_B,114,0.39473684210526316,0.39473684210526316,0.3833486492206426,1.0974934101104736,1.0,,,
development,development-repB,146001,14601,repB,24000,False,8832000,17664000,29184000,169547268096000,test_A_BG,96,0.5833333333333334,0.5833333333333334,0.514176012165569,1.0772593021392822,1.0,,,
development,development-repB,146001,14601,repB,24000,False,8832000,17664000,29184000,169547268096000,test_A_A,59,0.03389830508474576,0.03389830508474576,0.04282180738455393,3.3685240745544434,1.0,,,
development,development-repB,146001,14601,repB,24000,False,8832000,17664000,29184000,169547268096000,test_A_B,58,0.06896551724137931,0.06896551724137931,0.07666550067195735,3.0649831295013428,1.0,,,
development,development-repB,146001,14601,repB,24000,False,8832000,17664000,29184000,169547268096000,test_B_BG,97,0.8144329896907216,0.8144329896907216,0.7785839066922303,0.38935017585754395,1.0,,,
development,development-repB,146001,14601,repB,24000,False,8832000,17664000,29184000,169547268096000,test_B_A,51,0.23529411764705882,0.23529411764705882,0.18834707187696675,2.0097906589508057,1.0,,,
development,development-repB,146001,14601,repB,24000,False,8832000,17664000,29184000,169547268096000,test_B_B,56,0.14285714285714285,0.14285714285714285,0.1501092410966359,2.1556622982025146,1.0,,,
development,development-repB,146001,14601,repB,24000,False,8832000,17664000,29184000,169547268096000,train_background,1877,1.0,1.0,0.9999581887762827,2.0977575331926346e-05,1.0,,,
development,development-repB,146001,14601,repB,24000,False,8832000,17664000,29184000,169547268096000,role_A_reference,2288,0.3142482517482518,0.3142482517482518,0.2884295555380182,1.9298897981643677,1.0,,,
development,development-repB,146001,14601,repB,24000,False,8832000,17664000,29184000,169547268096000,role_B_reference,2288,0.5646853146853147,0.5646853146853147,0.5259264599655469,0.9392985105514526,1.0,,,
development,development-repB,146001,14601,repB,24000,False,8832000,17664000,29184000,169547268096000,train_composite,1877,1.0,1.0,0.9999581887762827,2.0977575331926346e-05,1.0,,,
development,development-repB,146001,14601,repB,24000,False,8832000,17664000,29184000,169547268096000,test_atomic_answers_correct_subset,844,0.514218009478673,0.514218009478673,0.49330845963939557,1.275660753250122,1.0,844,1.0,
development,development-repB,146001,14601,repB,24000,False,8832000,17664000,29184000,169547268096000,autonomous_calls,844,1.0,1.0,,,,,,1.0
development,development-repB,146001,14601,repB,32000,False,11776000,23552000,38912000,226063024128000,atomic,1024,1.0,1.0,0.9995899749280357,0.00025192523025907576,1.0,,,
development,development-repB,146001,14601,repB,32000,False,11776000,23552000,38912000,226063024128000,atomic_BG,512,1.0,1.0,0.999983644048349,8.541292118025012e-06,1.0,,,
development,development-repB,146001,14601,repB,32000,False,11776000,23552000,38912000,226063024128000,atomic_A,256,1.0,1.0,0.9984082580778387,0.0009824736043810844,1.0,,,
development,development-repB,146001,14601,repB,32000,False,11776000,23552000,38912000,226063024128000,atomic_B,256,1.0,1.0,0.9999843535376061,8.144825187628157e-06,1.0,,,
development,development-repB,146001,14601,repB,32000,False,11776000,23552000,38912000,226063024128000,test_composite,844,0.5225118483412322,0.5225118483412322,0.5013266439693437,1.3050652742385864,1.0,,,
development,development-repB,146001,14601,repB,32000,False,11776000,23552000,38912000,226063024128000,test_BG_BG,207,0.9951690821256038,0.9951690821256038,0.9866399867820717,0.009495614096522331,1.0,,,
development,development-repB,146001,14601,repB,32000,False,11776000,23552000,38912000,226063024128000,test_BG_A,106,0.2641509433962264,0.2641509433962264,0.2155287620909636,1.7444276809692383,1.0,,,
development,development-repB,146001,14601,repB,32000,False,11776000,23552000,38912000,226063024128000,test_BG_B,114,0.4473684210526316,0.4473684210526316,0.40526413800454675,1.0940417051315308,1.0,,,
development,development-repB,146001,14601,repB,32000,False,11776000,23552000,38912000,226063024128000,test_A_BG,96,0.5520833333333334,0.5520833333333334,0.5241040317229743,0.974010169506073,1.0,,,
development,development-repB,146001,14601,repB,32000,False,11776000,23552000,38912000,226063024128000,test_A_A,59,0.05084745762711865,0.05084745762711865,0.056685325618051355,3.5001561641693115,1.0,,,
development,development-repB,146001,14601,repB,32000,False,11776000,23552000,38912000,226063024128000,test_A_B,58,0.08620689655172414,0.08620689655172414,0.08816957850870336,3.3160970211029053,1.0,,,
development,development-repB,146001,14601,repB,32000,False,11776000,23552000,38912000,226063024128000,test_B_BG,97,0.7835051546391752,0.7835051546391752,0.7583821806595606,0.39649417996406555,1.0,,,
development,development-repB,146001,14601,repB,32000,False,11776000,23552000,38912000,226063024128000,test_B_A,51,0.17647058823529413,0.17647058823529413,0.16968907780317527,2.318929433822632,1.0,,,
development,development-repB,146001,14601,repB,32000,False,11776000,23552000,38912000,226063024128000,test_B_B,56,0.17857142857142858,0.17857142857142858,0.15797659367876132,2.51426362991333,1.0,,,
development,development-repB,146001,14601,repB,32000,False,11776000,23552000,38912000,226063024128000,train_background,1877,1.0,1.0,0.9999536764912635,2.3229444195749238e-05,1.0,,,
development,development-repB,146001,14601,repB,32000,False,11776000,23552000,38912000,226063024128000,role_A_reference,2288,0.3155594405594406,0.3155594405594406,0.29838616020931585,1.8890907764434814,1.0,,,
development,development-repB,146001,14601,repB,32000,False,11776000,23552000,38912000,226063024128000,role_B_reference,2288,0.5581293706293706,0.5581293706293706,0.5180041342076959,0.9874803423881531,1.0,,,
development,development-repB,146001,14601,repB,32000,False,11776000,23552000,38912000,226063024128000,train_composite,1877,1.0,1.0,0.9999536764912635,2.3229444195749238e-05,1.0,,,
development,development-repB,146001,14601,repB,32000,False,11776000,23552000,38912000,226063024128000,test_atomic_answers_correct_subset,844,0.5225118483412322,0.5225118483412322,0.5013266439693437,1.3050652742385864,1.0,844,1.0,
development,development-repB,146001,14601,repB,32000,False,11776000,23552000,38912000,226063024128000,autonomous_calls,844,1.0,1.0,,,,,,1.0
development,development-repB,146001,14601,repB,40000,False,14720000,29440000,48640000,282578780160000,atomic,1024,1.0,1.0,0.999976057636401,1.2164769941591658e-05,1.0,,,
development,development-repB,146001,14601,repB,40000,False,14720000,29440000,48640000,282578780160000,atomic_BG,512,1.0,1.0,0.999991775967779,4.313708814152051e-06,1.0,,,
development,development-repB,146001,14601,repB,40000,False,14720000,29440000,48640000,282578780160000,atomic_A,256,1.0,1.0,0.9999313620872701,3.451047814451158e-05,1.0,,,
development,development-repB,146001,14601,repB,40000,False,14720000,29440000,48640000,282578780160000,atomic_B,256,1.0,1.0,0.9999893165227757,5.521182174561545e-06,1.0,,,
development,development-repB,146001,14601,repB,40000,False,14720000,29440000,48640000,282578780160000,test_composite,844,0.5556872037914692,0.5556872037914692,0.5290534716436641,1.2402284145355225,1.0,,,
development,development-repB,146001,14601,repB,40000,False,14720000,29440000,48640000,282578780160000,test_BG_BG,207,0.9951690821256038,0.9951690821256038,0.9892717555005881,0.00827580876648426,1.0,,,
development,development-repB,146001,14601,repB,40000,False,14720000,29440000,48640000,282578780160000,test_BG_A,106,0.29245283018867924,0.29245283018867924,0.24804813885830773,1.7845335006713867,1.0,,,
development,development-repB,146001,14601,repB,40000,False,14720000,29440000,48640000,282578780160000,test_BG_B,114,0.5701754385964912,0.5701754385964912,0.5049066182262407,0.7823361754417419,1.0,,,
development,development-repB,146001,14601,repB,40000,False,14720000,29440000,48640000,282578780160000,test_A_BG,96,0.5729166666666666,0.5729166666666666,0.5232296527302716,1.0482302904129028,1.0,,,
development,development-repB,146001,14601,repB,40000,False,14720000,29440000,48640000,282578780160000,test_A_A,59,0.1016949152542373,0.1016949152542373,0.09848521864245814,3.3706307411193848,1.0,,,
development,development-repB,146001,14601,repB,40000,False,14720000,29440000,48640000,282578780160000,test_A_B,58,0.06896551724137931,0.06896551724137931,0.06215704141677339,3.2645158767700195,1.0,,,
development,development-repB,146001,14601,repB,40000,False,14720000,29440000,48640000,282578780160000,test_B_BG,97,0.845360824742268,0.845360824742268,0.8153347759341161,0.35499125719070435,1.0,,,
development,development-repB,146001,14601,repB,40000,False,14720000,29440000,48640000,282578780160000,test_B_A,51,0.21568627450980393,0.21568627450980393,0.17072941236379754,2.3076744079589844,1.0,,,
development,development-repB,146001,14601,repB,40000,False,14720000,29440000,48640000,282578780160000,test_B_B,56,0.16071428571428573,0.16071428571428573,0.18654158980005406,2.2451374530792236,1.0,,,
development,development-repB,146001,14601,repB,40000,False,14720000,29440000,48640000,282578780160000,train_background,1877,1.0,1.0,0.9999909130917913,4.543690010905266e-06,1.0,,,
development,development-repB,146001,14601,repB,40000,False,14720000,29440000,48640000,282578780160000,role_A_reference,2288,0.354458041958042,0.354458041958042,0.33481055903124995,1.7209985256195068,1.0,,,
development,development-repB,146001,14601,repB,40000,False,14720000,29440000,48640000,282578780160000,role_B_reference,2288,0.6123251748251748,0.6123251748251748,0.5647677332452397,0.8784328103065491,1.0,,,
development,development-repB,146001,14601,repB,40000,False,14720000,29440000,48640000,282578780160000,train_composite,1877,1.0,1.0,0.9999909130917913,4.543690010905266e-06,1.0,,,
development,development-repB,146001,14601,repB,40000,False,14720000,29440000,48640000,282578780160000,test_atomic_answers_correct_subset,844,0.5556872037914692,0.5556872037914692,0.5290534716436641,1.2402284145355225,1.0,844,1.0,
development,development-repB,146001,14601,repB,40000,False,14720000,29440000,48640000,282578780160000,autonomous_calls,844,1.0,1.0,,,,,,1.0
development,development-repB,146001,14601,repB,48000,False,17664000,35328000,58368000,339094536192000,atomic,1024,1.0,1.0,0.9999152989951572,4.30601357948035e-05,1.0,,,
development,development-repB,146001,14601,repB,48000,False,17664000,35328000,58368000,339094536192000,atomic_BG,512,1.0,1.0,0.9999906906499645,4.917811111226911e-06,1.0,,,
development,development-repB,146001,14601,repB,48000,False,17664000,35328000,58368000,339094536192000,atomic_A,256,1.0,1.0,0.9996888547972135,0.00015765886928420514,1.0,,,
development,development-repB,146001,14601,repB,48000,False,17664000,35328000,58368000,339094536192000,atomic_B,256,1.0,1.0,0.9999909598834861,4.746078502648743e-06,1.0,,,
development,development-repB,146001,14601,repB,48000,False,17664000,35328000,58368000,339094536192000,test_composite,844,0.5580568720379147,0.5580568720379147,0.5368748287258788,1.156438946723938,1.0,,,
development,development-repB,146001,14601,repB,48000,False,17664000,35328000,58368000,339094536192000,test_BG_BG,207,0.9855072463768116,0.9855072463768116,0.98401633317804,0.011959743686020374,1.0,,,
development,development-repB,146001,14601,repB,48000,False,17664000,35328000,58368000,339094536192000,test_BG_A,106,0.25471698113207547,0.25471698113207547,0.22386821094795545,1.686913013458252,1.0,,,
development,development-repB,146001,14601,repB,48000,False,17664000,35328000,58368000,339094536192000,test_BG_B,114,0.5964912280701754,0.5964912280701754,0.5311234779671286,0.7299174070358276,1.0,,,
development,development-repB,146001,14601,repB,48000,False,17664000,35328000,58368000,339094536192000,test_A_BG,96,0.5729166666666666,0.5729166666666666,0.5703764506311987,0.8279361724853516,1.0,,,
development,development-repB,146001,14601,repB,48000,False,17664000,35328000,58368000,339094536192000,test_A_A,59,0.06779661016949153,0.06779661016949153,0.061505180818553065,3.609076499938965,1.0,,,
development,development-repB,146001,14601,repB,48000,False,17664000,35328000,58368000,339094536192000,test_A_B,58,0.22413793103448276,0.22413793103448276,0.15613936463085126,2.5053765773773193,1.0,,,
development,development-repB,146001,14601,repB,48000,False,17664000,35328000,58368000,339094536192000,test_B_BG,97,0.845360824742268,0.845360824742268,0.8234360101645954,0.29294919967651367,1.0,,,
development,development-repB,146001,14601,repB,48000,False,17664000,35328000,58368000,339094536192000,test_B_A,51,0.13725490196078433,0.13725490196078433,0.1552214233044758,2.3967742919921875,1.0,,,
development,development-repB,146001,14601,repB,48000,False,17664000,35328000,58368000,339094536192000,test_B_B,56,0.19642857142857142,0.19642857142857142,0.17703524544801394,2.199483633041382,1.0,,,
development,development-repB,146001,14601,repB,48000,False,17664000,35328000,58368000,339094536192000,train_background,1877,1.0,1.0,0.9999875455869818,6.2277795223053545e-06,1.0,,,
development,development-repB,146001,14601,repB,48000,False,17664000,35328000,58368000,339094536192000,role_A_reference,2288,0.3666958041958042,0.3666958041958042,0.3407570443350709,1.7331273555755615,1.0,,,
development,development-repB,146001,14601,repB,48000,False,17664000,35328000,58368000,339094536192000,role_B_reference,2288,0.5961538461538461,0.5961538461538461,0.562285777441635,0.8583762049674988,1.0,,,
development,development-repB,146001,14601,repB,48000,False,17664000,35328000,58368000,339094536192000,train_composite,1877,1.0,1.0,0.9999875455869818,6.2277795223053545e-06,1.0,,,
development,development-repB,146001,14601,repB,48000,False,17664000,35328000,58368000,339094536192000,test_atomic_answers_correct_subset,844,0.5580568720379147,0.5580568720379147,0.5368748287258788,1.156438946723938,1.0,844,1.0,
development,development-repB,146001,14601,repB,48000,False,17664000,35328000,58368000,339094536192000,autonomous_calls,844,1.0,1.0,,,,,,1.0
development,development-repB,146001,14601,repB,56000,False,20608000,41216000,68096000,395610292224000,atomic,1024,1.0,1.0,0.9999812640476176,9.526623216515873e-06,1.0,,,
development,development-repB,146001,14601,repB,56000,False,20608000,41216000,68096000,395610292224000,atomic_BG,512,1.0,1.0,0.9999946387294969,2.8353813377179904e-06,1.0,,,
development,development-repB,146001,14601,repB,56000,False,20608000,41216000,68096000,395610292224000,atomic_A,256,1.0,1.0,0.9999413892305573,2.9496770366677083e-05,1.0,,,
development,development-repB,146001,14601,repB,56000,False,20608000,41216000,68096000,395610292224000,atomic_B,256,1.0,1.0,0.9999943895009189,2.938958004961023e-06,1.0,,,
development,development-repB,146001,14601,repB,56000,False,20608000,41216000,68096000,395610292224000,test_composite,844,0.556872037914692,0.556872037914692,0.53460561965761,1.205576777458191,1.0,,,
development,development-repB,146001,14601,repB,56000,False,20608000,41216000,68096000,395610292224000,test_BG_BG,207,0.9951690821256038,0.9951690821256038,0.9872522075488621,0.011696531437337399,1.0,,,
development,development-repB,146001,14601,repB,56000,False,20608000,41216000,68096000,395610292224000,test_BG_A,106,0.3018867924528302,0.3018867924528302,0.2629232120975364,1.5594456195831299,1.0,,,
development,development-repB,146001,14601,repB,56000,False,20608000,41216000,68096000,395610292224000,test_BG_B,114,0.543859649122807,0.543859649122807,0.49762518609570366,0.8743084073066711,1.0,,,
development,development-repB,146001,14601,repB,56000,False,20608000,41216000,68096000,395610292224000,test_A_BG,96,0.65625,0.65625,0.5930756094394793,0.8118799328804016,1.0,,,
development,development-repB,146001,14601,repB,56000,False,20608000,41216000,68096000,395610292224000,test_A_A,59,0.01694915254237288,0.01694915254237288,0.03943536006119619,3.6264679431915283,1.0,,,
development,development-repB,146001,14601,repB,56000,False,20608000,41216000,68096000,395610292224000,test_A_B,58,0.13793103448275862,0.13793103448275862,0.12279940128761889,2.7216262817382812,1.0,,,
development,development-repB,146001,14601,repB,56000,False,20608000,41216000,68096000,395610292224000,test_B_BG,97,0.865979381443299,0.865979381443299,0.8428263380404242,0.3097887337207794,1.0,,,
development,development-repB,146001,14601,repB,56000,False,20608000,41216000,68096000,395610292224000,test_B_A,51,0.09803921568627451,0.09803921568627451,0.09120498818760296,2.720078468322754,1.0,,,
development,development-repB,146001,14601,repB,56000,False,20608000,41216000,68096000,395610292224000,test_B_B,56,0.16071428571428573,0.16071428571428573,0.16880831777483638,2.3496763706207275,1.0,,,
development,development-repB,146001,14601,repB,56000,False,20608000,41216000,68096000,395610292224000,train_background,1877,1.0,1.0,0.9999915552668085,4.222622919769492e-06,1.0,,,
development,development-repB,146001,14601,repB,56000,False,20608000,41216000,68096000,395610292224000,role_A_reference,2288,0.38024475524475526,0.38024475524475526,0.3506006031340682,1.68623685836792,1.0,,,
development,development-repB,146001,14601,repB,56000,False,20608000,41216000,68096000,395610292224000,role_B_reference,2288,0.5979020979020979,0.5979020979020979,0.5650205965341527,0.8652620911598206,1.0,,,
development,development-repB,146001,14601,repB,56000,False,20608000,41216000,68096000,395610292224000,train_composite,1877,1.0,1.0,0.9999915552668085,4.222622919769492e-06,1.0,,,
development,development-repB,146001,14601,repB,56000,False,20608000,41216000,68096000,395610292224000,test_atomic_answers_correct_subset,844,0.556872037914692,0.556872037914692,0.53460561965761,1.205576777458191,1.0,844,1.0,
development,development-repB,146001,14601,repB,56000,False,20608000,41216000,68096000,395610292224000,autonomous_calls,844,1.0,1.0,,,,,,1.0
development,development-repB,146001,14601,repB,64000,False,23552000,47104000,77824000,452126048256000,atomic,1024,1.0,1.0,0.9999855577841718,7.3928586061811075e-06,1.0,,,
development,development-repB,146001,14601,repB,64000,False,23552000,47104000,77824000,452126048256000,atomic_BG,512,1.0,1.0,0.9999950677876411,2.640688990140916e-06,1.0,,,
development,development-repB,146001,14601,repB,64000,False,23552000,47104000,77824000,452126048256000,atomic_A,256,1.0,1.0,0.9999572310827001,2.1567164367297664e-05,1.0,,,
development,development-repB,146001,14601,repB,64000,False,23552000,47104000,77824000,452126048256000,atomic_B,256,1.0,1.0,0.999994864478705,2.7228902581555303e-06,1.0,,,
development,development-repB,146001,14601,repB,64000,False,23552000,47104000,77824000,452126048256000,test_composite,844,0.5627962085308057,0.5627962085308057,0.5372477530465609,1.1989279985427856,1.0,,,
development,development-repB,146001,14601,repB,64000,False,23552000,47104000,77824000,452126048256000,test_BG_BG,207,0.9855072463768116,0.9855072463768116,0.9854781301490054,0.016171973198652267,1.0,,,
development,development-repB,146001,14601,repB,64000,False,23552000,47104000,77824000,452126048256000,test_BG_A,106,0.42452830188679247,0.42452830188679247,0.37122303160337694,1.321954369544983,1.0,,,
development,development-repB,146001,14601,repB,64000,False,23552000,47104000,77824000,452126048256000,test_BG_B,114,0.4649122807017544,0.4649122807017544,0.4575855793675083,0.9518128633499146,1.0,,,
development,development-repB,146001,14601,repB,64000,False,23552000,47104000,77824000,452126048256000,test_A_BG,96,0.625,0.625,0.5613846016129395,0.8399479985237122,1.0,,,
development,development-repB,146001,14601,repB,64000,False,23552000,47104000,77824000,452126048256000,test_A_A,59,0.03389830508474576,0.03389830508474576,0.03891566299130777,3.506080150604248,1.0,,,
development,development-repB,146001,14601,repB,64000,False,23552000,47104000,77824000,452126048256000,test_A_B,58,0.15517241379310345,0.15517241379310345,0.12021820708108694,3.0911309719085693,1.0,,,
development,development-repB,146001,14601,repB,64000,False,23552000,47104000,77824000,452126048256000,test_B_BG,97,0.865979381443299,0.865979381443299,0.8170050607357963,0.3253641128540039,1.0,,,
development,development-repB,146001,14601,repB,64000,False,23552000,47104000,77824000,452126048256000,test_B_A,51,0.1568627450980392,0.1568627450980392,0.13685917942330192,2.4657740592956543,1.0,,,
development,development-repB,146001,14601,repB,64000,False,23552000,47104000,77824000,452126048256000,test_B_B,56,0.17857142857142858,0.17857142857142858,0.15237260919646037,2.4255905151367188,1.0,,,
development,development-repB,146001,14601,repB,64000,False,23552000,47104000,77824000,452126048256000,train_background,1877,1.0,1.0,0.9999938623289021,3.0688802326039877e-06,1.0,,,
development,development-repB,146001,14601,repB,64000,False,23552000,47104000,77824000,452126048256000,role_A_reference,2288,0.395541958041958,0.395541958041958,0.3633818175545817,1.6260689496994019,1.0,,,
development,development-repB,146001,14601,repB,64000,False,23552000,47104000,77824000,452126048256000,role_B_reference,2288,0.6354895104895105,0.6354895104895105,0.5893632667409817,0.8273908495903015,1.0,,,
development,development-repB,146001,14601,repB,64000,False,23552000,47104000,77824000,452126048256000,train_composite,1877,1.0,1.0,0.9999938623289021,3.0688802326039877e-06,1.0,,,
development,development-repB,146001,14601,repB,64000,False,23552000,47104000,77824000,452126048256000,test_atomic_answers_correct_subset,844,0.5627962085308057,0.5627962085308057,0.5372477530465609,1.1989279985427856,1.0,844,1.0,
development,development-repB,146001,14601,repB,64000,False,23552000,47104000,77824000,452126048256000,autonomous_calls,844,1.0,1.0,,,,,,1.0
development,development-repB,146001,14601,repB,80000,False,29440000,58880000,97280000,565157560320000,atomic,1024,1.0,1.0,0.999951601357018,2.452810076647438e-05,1.0,,,
development,development-repB,146001,14601,repB,80000,False,29440000,58880000,97280000,565157560320000,atomic_BG,512,1.0,1.0,0.9999804392690076,1.0066341928904876e-05,1.0,,,
development,development-repB,146001,14601,repB,80000,False,29440000,58880000,97280000,565157560320000,atomic_A,256,1.0,1.0,0.9999044202422318,4.811222606804222e-05,1.0,,,
development,development-repB,146001,14601,repB,80000,False,29440000,58880000,97280000,565157560320000,atomic_B,256,1.0,1.0,0.999941106647825,2.986750223499257e-05,1.0,,,
development,development-repB,146001,14601,repB,80000,False,29440000,58880000,97280000,565157560320000,test_composite,844,0.5390995260663507,0.5390995260663507,0.5184035974183886,1.2323487997055054,1.0,,,
development,development-repB,146001,14601,repB,80000,False,29440000,58880000,97280000,565157560320000,test_BG_BG,207,0.9903381642512077,0.9903381642512077,0.9844487252337553,0.01971282996237278,1.0,,,
development,development-repB,146001,14601,repB,80000,False,29440000,58880000,97280000,565157560320000,test_BG_A,106,0.37735849056603776,0.37735849056603776,0.31490294577040207,1.4648901224136353,1.0,,,
development,development-repB,146001,14601,repB,80000,False,29440000,58880000,97280000,565157560320000,test_BG_B,114,0.49122807017543857,0.49122807017543857,0.44941951618891574,0.9463882446289062,1.0,,,
development,development-repB,146001,14601,repB,80000,False,29440000,58880000,97280000,565157560320000,test_A_BG,96,0.53125,0.53125,0.5059991478013129,0.9190457463264465,1.0,,,
development,development-repB,146001,14601,repB,80000,False,29440000,58880000,97280000,565157560320000,test_A_A,59,0.06779661016949153,0.06779661016949153,0.0672288822255653,3.2016232013702393,1.0,,,
development,development-repB,146001,14601,repB,80000,False,29440000,58880000,97280000,565157560320000,test_A_B,58,0.06896551724137931,0.06896551724137931,0.07692156591338391,3.277169704437256,1.0,,,
development,development-repB,146001,14601,repB,80000,False,29440000,58880000,97280000,565157560320000,test_B_BG,97,0.865979381443299,0.865979381443299,0.8220058169090609,0.2968885600566864,1.0,,,
development,development-repB,146001,14601,repB,80000,False,29440000,58880000,97280000,565157560320000,test_B_A,51,0.11764705882352941,0.11764705882352941,0.11946000201367457,2.4695067405700684,1.0,,,
development,development-repB,146001,14601,repB,80000,False,29440000,58880000,97280000,565157560320000,test_B_B,56,0.08928571428571429,0.08928571428571429,0.1126611667904582,2.694551944732666,1.0,,,
development,development-repB,146001,14601,repB,80000,False,29440000,58880000,97280000,565157560320000,train_background,1877,1.0,1.0,0.9999851766441075,7.413393177557737e-06,1.0,,,
development,development-repB,146001,14601,repB,80000,False,29440000,58880000,97280000,565157560320000,role_A_reference,2288,0.388986013986014,0.388986013986014,0.3561946261256953,1.6214921474456787,1.0,,,
development,development-repB,146001,14601,repB,80000,False,29440000,58880000,97280000,565157560320000,role_B_reference,2288,0.5799825174825175,0.5799825174825175,0.5422698803168625,0.9417389631271362,1.0,,,
development,development-repB,146001,14601,repB,80000,False,29440000,58880000,97280000,565157560320000,train_composite,1877,1.0,1.0,0.9999851766441075,7.413393177557737e-06,1.0,,,
development,development-repB,146001,14601,repB,80000,False,29440000,58880000,97280000,565157560320000,test_atomic_answers_correct_subset,844,0.5390995260663507,0.5390995260663507,0.5184035974183886,1.2323487997055054,1.0,844,1.0,
development,development-repB,146001,14601,repB,80000,False,29440000,58880000,97280000,565157560320000,autonomous_calls,844,1.0,1.0,,,,,,1.0
development,development-repB,146001,14601,repB,96000,False,35328000,70656000,116736000,678189072384000,atomic,1024,1.0,1.0,0.999987091137606,6.541850780195091e-06,1.0,,,
development,development-repB,146001,14601,repB,96000,False,35328000,70656000,116736000,678189072384000,atomic_BG,512,1.0,1.0,0.9999935763199478,3.2979000934574287e-06,1.0,,,
development,development-repB,146001,14601,repB,96000,False,35328000,70656000,116736000,678189072384000,atomic_A,256,1.0,1.0,0.9999658158352867,1.7183008822030388e-05,1.0,,,
development,development-repB,146001,14601,repB,96000,False,35328000,70656000,116736000,678189072384000,atomic_B,256,1.0,1.0,0.9999953960752419,2.3885925202193903e-06,1.0,,,
development,development-repB,146001,14601,repB,96000,False,35328000,70656000,116736000,678189072384000,test_composite,844,0.6007109004739336,0.6007109004739336,0.5715325916273429,1.0663509368896484,1.0,,,
development,development-repB,146001,14601,repB,96000,False,35328000,70656000,116736000,678189072384000,test_BG_BG,207,0.9855072463768116,0.9855072463768116,0.9831015257745608,0.029555561020970345,1.0,,,
development,development-repB,146001,14601,repB,96000,False,35328000,70656000,116736000,678189072384000,test_BG_A,106,0.4056603773584906,0.4056603773584906,0.3566420073271152,1.242999792098999,1.0,,,
development,development-repB,146001,14601,repB,96000,False,35328000,70656000,116736000,678189072384000,test_BG_B,114,0.6491228070175439,0.6491228070175439,0.5923244525974531,0.6248955726623535,1.0,,,
development,development-repB,146001,14601,repB,96000,False,35328000,70656000,116736000,678189072384000,test_A_BG,96,0.6041666666666666,0.6041666666666666,0.5442399338062563,0.910308301448822,1.0,,,
development,development-repB,146001,14601,repB,96000,False,35328000,70656000,116736000,678189072384000,test_A_A,59,0.0847457627118644,0.0847457627118644,0.07354861979600595,3.3280017375946045,1.0,,,
development,development-repB,146001,14601,repB,96000,False,35328000,70656000,116736000,678189072384000,test_A_B,58,0.1724137931034483,0.1724137931034483,0.1538022502315858,2.5963475704193115,1.0,,,
development,development-repB,146001,14601,repB,96000,False,35328000,70656000,116736000,678189072384000,test_B_BG,97,0.8969072164948454,0.8969072164948454,0.8690073798768692,0.24761401116847992,1.0,,,
development,development-repB,146001,14601,repB,96000,False,35328000,70656000,116736000,678189072384000,test_B_A,51,0.2549019607843137,0.2549019607843137,0.1992419084111794,2.4967479705810547,1.0,,,
development,development-repB,146001,14601,repB,96000,False,35328000,70656000,116736000,678189072384000,test_B_B,56,0.25,0.25,0.24246701772695994,1.878300666809082,1.0,,,
development,development-repB,146001,14601,repB,96000,False,35328000,70656000,116736000,678189072384000,train_background,1877,1.0,1.0,0.9999907792763036,4.610677024174947e-06,1.0,,,
development,development-repB,146001,14601,repB,96000,False,35328000,70656000,116736000,678189072384000,role_A_reference,2288,0.4361888111888112,0.4361888111888112,0.39979336446725294,1.516345500946045,1.0,,,
development,development-repB,146001,14601,repB,96000,False,35328000,70656000,116736000,678189072384000,role_B_reference,2288,0.6516608391608392,0.6516608391608392,0.6110539431151152,0.7931716442108154,1.0,,,
development,development-repB,146001,14601,repB,96000,False,35328000,70656000,116736000,678189072384000,train_composite,1877,1.0,1.0,0.9999907792763036,4.610677024174947e-06,1.0,,,
development,development-repB,146001,14601,repB,96000,False,35328000,70656000,116736000,678189072384000,test_atomic_answers_correct_subset,844,0.6007109004739336,0.6007109004739336,0.5715325916273429,1.0663509368896484,1.0,844,1.0,
development,development-repB,146001,14601,repB,96000,False,35328000,70656000,116736000,678189072384000,autonomous_calls,844,1.0,1.0,,,,,,1.0
development,development-repB,146001,14601,repB,112000,False,41216000,82432000,136192000,791220584448000,atomic,1024,1.0,1.0,0.9999909808587877,4.617143531504553e-06,1.0,,,
development,development-repB,146001,14601,repB,112000,False,41216000,82432000,136192000,791220584448000,atomic_BG,512,1.0,1.0,0.9999959735860868,2.117787971656071e-06,1.0,,,
development,development-repB,146001,14601,repB,112000,False,41216000,82432000,136192000,791220584448000,atomic_A,256,1.0,1.0,0.99997505471513,1.2585729564307258e-05,1.0,,,
development,development-repB,146001,14601,repB,112000,False,41216000,82432000,136192000,791220584448000,atomic_B,256,1.0,1.0,0.9999969215478468,1.6472681636514608e-06,1.0,,,
development,development-repB,146001,14601,repB,112000,False,41216000,82432000,136192000,791220584448000,test_composite,844,0.6030805687203792,0.6030805687203792,0.5736886254240958,1.014651894569397,1.0,,,
development,development-repB,146001,14601,repB,112000,False,41216000,82432000,136192000,791220584448000,test_BG_BG,207,1.0,1.0,0.992710772166913,0.004363532643765211,1.0,,,
development,development-repB,146001,14601,repB,112000,False,41216000,82432000,136192000,791220584448000,test_BG_A,106,0.3584905660377358,0.3584905660377358,0.30867296265843236,1.3984625339508057,1.0,,,
development,development-repB,146001,14601,repB,112000,False,41216000,82432000,136192000,791220584448000,test_BG_B,114,0.6403508771929824,0.6403508771929824,0.5673596816405126,0.6226009130477905,1.0,,,
development,development-repB,146001,14601,repB,112000,False,41216000,82432000,136192000,791220584448000,test_A_BG,96,0.6145833333333334,0.6145833333333334,0.5802557504900184,0.8200017809867859,1.0,,,
development,development-repB,146001,14601,repB,112000,False,41216000,82432000,136192000,791220584448000,test_A_A,59,0.13559322033898305,0.13559322033898305,0.11468024902602657,2.958109140396118,1.0,,,
development,development-repB,146001,14601,repB,112000,False,41216000,82432000,136192000,791220584448000,test_A_B,58,0.1724137931034483,0.1724137931034483,0.13847995795863027,2.933846950531006,1.0,,,
development,development-repB,146001,14601,repB,112000,False,41216000,82432000,136192000,791220584448000,test_B_BG,97,0.8762886597938144,0.8762886597938144,0.8646898026770572,0.23128803074359894,1.0,,,
development,development-repB,146001,14601,repB,112000,False,41216000,82432000,136192000,791220584448000,test_B_A,51,0.21568627450980393,0.21568627450980393,0.20146821024086764,1.9274929761886597,1.0,,,
development,development-repB,146001,14601,repB,112000,False,41216000,82432000,136192000,791220584448000,test_B_B,56,0.32142857142857145,0.32142857142857145,0.2974209201180188,1.6444624662399292,1.0,,,
development,development-repB,146001,14601,repB,112000,False,41216000,82432000,136192000,791220584448000,train_background,1877,1.0,1.0,0.9999939264838547,3.036916496057529e-06,1.0,,,
development,development-repB,146001,14601,repB,112000,False,41216000,82432000,136192000,791220584448000,role_A_reference,2288,0.4313811188811189,0.4313811188811189,0.399551996756813,1.5089092254638672,1.0,,,
development,development-repB,146001,14601,repB,112000,False,41216000,82432000,136192000,791220584448000,role_B_reference,2288,0.6577797202797203,0.6577797202797203,0.6213441493986811,0.7297723889350891,1.0,,,
development,development-repB,146001,14601,repB,112000,False,41216000,82432000,136192000,791220584448000,train_composite,1877,1.0,1.0,0.9999939264838547,3.036916496057529e-06,1.0,,,
development,development-repB,146001,14601,repB,112000,False,41216000,82432000,136192000,791220584448000,test_atomic_answers_correct_subset,844,0.6030805687203792,0.6030805687203792,0.5736886254240958,1.014651894569397,1.0,844,1.0,
development,development-repB,146001,14601,repB,112000,False,41216000,82432000,136192000,791220584448000,autonomous_calls,844,1.0,1.0,,,,,,1.0
development,development-repB,146001,14601,repB,128000,True,47104000,94208000,155648000,904252096512000,atomic,1024,1.0,1.0,0.999989055982037,5.5313985285465606e-06,1.0,,,
development,development-repB,146001,14601,repB,128000,True,47104000,94208000,155648000,904252096512000,atomic_BG,512,1.0,1.0,0.9999937440504759,3.187573383911513e-06,1.0,,,
development,development-repB,146001,14601,repB,128000,True,47104000,94208000,155648000,904252096512000,atomic_A,256,1.0,1.0,0.999972081567672,1.4027973520569503e-05,1.0,,,
development,development-repB,146001,14601,repB,128000,True,47104000,94208000,155648000,904252096512000,atomic_B,256,1.0,1.0,0.9999966542595241,1.7224721204911475e-06,1.0,,,
development,development-repB,146001,14601,repB,128000,True,47104000,94208000,155648000,904252096512000,test_composite,844,0.6327014218009479,0.6327014218009479,0.6038679616065796,0.926275908946991,1.0,,,
development,development-repB,146001,14601,repB,128000,True,47104000,94208000,155648000,904252096512000,test_BG_BG,207,1.0,1.0,0.9958691828494729,0.002526493975892663,1.0,,,
development,development-repB,146001,14601,repB,128000,True,47104000,94208000,155648000,904252096512000,test_BG_A,106,0.49056603773584906,0.49056603773584906,0.44794171890520884,0.9340204000473022,1.0,,,
development,development-repB,146001,14601,repB,128000,True,47104000,94208000,155648000,904252096512000,test_BG_B,114,0.6140350877192983,0.6140350877192983,0.5845979681430367,0.6336026191711426,1.0,,,
development,development-repB,146001,14601,repB,128000,True,47104000,94208000,155648000,904252096512000,test_A_BG,96,0.7083333333333334,0.7083333333333334,0.6388517340147548,0.6409024596214294,1.0,,,
development,development-repB,146001,14601,repB,128000,True,47104000,94208000,155648000,904252096512000,test_A_A,59,0.11864406779661017,0.11864406779661017,0.10737786145540855,2.6663012504577637,1.0,,,
development,development-repB,146001,14601,repB,128000,True,47104000,94208000,155648000,904252096512000,test_A_B,58,0.25862068965517243,0.25862068965517243,0.19457865069308686,2.7152185440063477,1.0,,,
development,development-repB,146001,14601,repB,128000,True,47104000,94208000,155648000,904252096512000,test_B_BG,97,0.8762886597938144,0.8762886597938144,0.8636966080968371,0.23970581591129303,1.0,,,
development,development-repB,146001,14601,repB,128000,True,47104000,94208000,155648000,904252096512000,test_B_A,51,0.3137254901960784,0.3137254901960784,0.27594789421248844,1.8443478345870972,1.0,,,
development,development-repB,146001,14601,repB,128000,True,47104000,94208000,155648000,904252096512000,test_B_B,56,0.25,0.25,0.22475327801920447,2.07816743850708,1.0,,,
development,development-repB,146001,14601,repB,128000,True,47104000,94208000,155648000,904252096512000,train_background,1877,1.0,1.0,0.9999950570058967,2.47156845034624e-06,1.0,,,
development,development-repB,146001,14601,repB,128000,True,47104000,94208000,155648000,904252096512000,role_A_reference,2288,0.5004370629370629,0.5004370629370629,0.4623594810389535,1.2434308528900146,1.0,,,
development,development-repB,146001,14601,repB,128000,True,47104000,94208000,155648000,904252096512000,role_B_reference,2288,0.6704545454545454,0.6704545454545454,0.631654142085048,0.6826269030570984,1.0,,,
development,development-repB,146001,14601,repB,128000,True,47104000,94208000,155648000,904252096512000,train_composite,1877,1.0,1.0,0.9999950570058967,2.47156845034624e-06,1.0,,,
development,development-repB,146001,14601,repB,128000,True,47104000,94208000,155648000,904252096512000,test_atomic_answers_correct_subset,844,0.6327014218009479,0.6327014218009479,0.6038679616065796,0.926275908946991,1.0,844,1.0,
development,development-repB,146001,14601,repB,128000,True,47104000,94208000,155648000,904252096512000,autonomous_calls,844,1.0,1.0,,,,,,1.0
