arm,kind,train_arm,world,seed,person,attempt,accepted,E_joint,joint,U_broken,E_NLL
func-hard-gn,coherent,baseline,5000,0,0,0,0,0,0,0,8.220419883728027
func-hard-gn,coherent,baseline,5000,0,0,1,1,0,0,0,7.864657402038574
func-hard-gn,coherent,baseline,5000,0,0,2,2,0,0,0,7.513701438903809
func-hard-gn,coherent,baseline,5000,0,0,4,4,0,0,0,5.3692779541015625
func-hard-gn,coherent,baseline,5000,0,0,8,8,0,0,0,3.6758012771606445
func-hard-gn,coherent,baseline,5000,0,0,16,16,1,0,1,0.02558291330933571
func-hard-gn,coherent,baseline,5000,0,0,32,32,1,0,2,0.01904384233057499
func-hard-gn,coherent,baseline,5000,0,0,64,64,1,0,1,0.004862405359745026
func-hard-gn,coherent,baseline,5000,0,0,128,128,1,0,1,0.0014699612511321902
func-hard-gn,coherent,baseline,5000,0,0,256,256,1,1,0,0.0014093120116740465
func-hard-gn,coherent,baseline,5000,0,0,512,512,1,1,0,0.0014068715972825885
func-hard-gn,coherent,baseline,5000,0,0,1024,1024,1,1,0,0.0014059193199500442
func-hard-gn,independent,baseline,5000,0,0,0,0,0,0,0,8.604720115661621
func-hard-gn,independent,baseline,5000,0,0,1,1,0,0,0,7.647624969482422
func-hard-gn,independent,baseline,5000,0,0,2,2,0,0,0,4.4207682609558105
func-hard-gn,independent,baseline,5000,0,0,4,4,0,0,0,4.312615394592285
func-hard-gn,independent,baseline,5000,0,0,8,8,0,0,1,2.5220985412597656
func-hard-gn,independent,baseline,5000,0,0,16,16,1,0,2,0.0263409074395895
func-hard-gn,independent,baseline,5000,0,0,32,32,1,0,1,0.015923311933875084
func-hard-gn,independent,baseline,5000,0,0,64,64,1,0,1,0.0017322784988209605
func-hard-gn,independent,baseline,5000,0,0,128,128,1,0,1,0.0014852546155452728
func-hard-gn,independent,baseline,5000,0,0,256,256,1,0,1,0.001482873922213912
func-hard-gn,independent,baseline,5000,0,0,512,512,1,0,1,0.001481981249526143
func-hard-gn,independent,baseline,5000,0,0,1024,1024,1,0,1,0.001481624087318778
func-hard-gn,coherent,baseline,5000,0,1,0,0,0,0,0,8.329646110534668
func-hard-gn,coherent,baseline,5000,0,1,1,1,0,0,0,7.8673295974731445
func-hard-gn,coherent,baseline,5000,0,1,2,2,0,0,1,3.746709108352661
func-hard-gn,coherent,baseline,5000,0,1,4,4,0,0,1,2.8019936084747314
func-hard-gn,coherent,baseline,5000,0,1,8,8,0,0,2,1.8939343690872192
func-hard-gn,coherent,baseline,5000,0,1,16,16,1,0,3,0.08623558282852173
func-hard-gn,coherent,baseline,5000,0,1,32,32,1,0,3,0.04910062626004219
func-hard-gn,coherent,baseline,5000,0,1,64,64,1,0,3,0.025541484355926514
func-hard-gn,coherent,baseline,5000,0,1,128,128,1,0,3,0.00163344107568264
func-hard-gn,coherent,baseline,5000,0,1,256,256,1,0,3,0.001559709431603551
func-hard-gn,coherent,baseline,5000,0,1,512,512,1,0,3,0.0015586381778120995
func-hard-gn,coherent,baseline,5000,0,1,1024,1024,1,0,3,0.0015581621555611491
func-hard-gn,independent,baseline,5000,0,1,0,0,0,0,0,8.410439491271973
func-hard-gn,independent,baseline,5000,0,1,1,1,0,0,0,8.100025177001953
func-hard-gn,independent,baseline,5000,0,1,2,2,0,0,0,7.674023628234863
func-hard-gn,independent,baseline,5000,0,1,4,4,0,0,1,6.121554374694824
func-hard-gn,independent,baseline,5000,0,1,8,8,0,0,1,4.415618896484375
func-hard-gn,independent,baseline,5000,0,1,16,16,0,0,2,3.2318673133850098
func-hard-gn,independent,baseline,5000,0,1,32,32,1,0,3,0.038538917899131775
func-hard-gn,independent,baseline,5000,0,1,64,64,1,0,2,0.002455136040225625
func-hard-gn,independent,baseline,5000,0,1,128,128,1,0,2,0.0015826807357370853
func-hard-gn,independent,baseline,5000,0,1,256,256,1,1,0,0.0015466761542484164
func-hard-gn,independent,baseline,5000,0,1,512,512,1,1,0,0.0015449502971023321
func-hard-gn,independent,baseline,5000,0,1,1024,1024,1,1,0,0.001543581485748291
func-hard-gn,coherent,baseline,5000,0,2,0,0,0,0,0,8.842918395996094
func-hard-gn,coherent,baseline,5000,0,2,1,1,0,0,0,7.7036590576171875
func-hard-gn,coherent,baseline,5000,0,2,2,2,0,0,0,5.121532440185547
func-hard-gn,coherent,baseline,5000,0,2,4,4,0,0,1,2.4101810455322266
func-hard-gn,coherent,baseline,5000,0,2,8,8,1,0,3,0.003332477528601885
func-hard-gn,coherent,baseline,5000,0,2,16,16,1,0,3,0.0020517464727163315
func-hard-gn,coherent,baseline,5000,0,2,32,32,1,0,3,0.0015842875000089407
func-hard-gn,coherent,baseline,5000,0,2,64,64,1,0,2,0.0015319171361625195
func-hard-gn,coherent,baseline,5000,0,2,128,128,1,1,0,0.00152608472853899
func-hard-gn,coherent,baseline,5000,0,2,256,256,1,1,0,0.0015245373360812664
func-hard-gn,coherent,baseline,5000,0,2,512,512,1,1,0,0.0015237636398524046
func-hard-gn,coherent,baseline,5000,0,2,1024,1024,1,0,1,0.0015232281293720007
func-hard-gn,independent,baseline,5000,0,2,0,0,0,0,0,8.394462585449219
func-hard-gn,independent,baseline,5000,0,2,1,1,0,0,1,6.706809997558594
func-hard-gn,independent,baseline,5000,0,2,2,2,0,0,1,0.8978756666183472
func-hard-gn,independent,baseline,5000,0,2,4,4,1,0,1,0.010180939920246601
func-hard-gn,independent,baseline,5000,0,2,8,8,1,0,1,0.0050376905128359795
func-hard-gn,independent,baseline,5000,0,2,16,16,1,0,1,0.002365861553698778
func-hard-gn,independent,baseline,5000,0,2,32,32,1,0,1,0.001620277762413025
func-hard-gn,independent,baseline,5000,0,2,64,64,1,0,1,0.0014749595429748297
func-hard-gn,independent,baseline,5000,0,2,128,128,1,0,1,0.001468472182750702
func-hard-gn,independent,baseline,5000,0,2,256,256,1,1,0,0.0014664484187960625
func-hard-gn,independent,baseline,5000,0,2,512,512,1,1,0,0.001465377165004611
func-hard-gn,independent,baseline,5000,0,2,1024,1024,1,1,0,0.0014648415381088853
func-soft-adam,coherent,baseline,5000,0,0,0,0,0,0,0,8.220419883728027
func-soft-adam,coherent,baseline,5000,0,0,1,1,0,0,0,3.4872043132781982
func-soft-adam,coherent,baseline,5000,0,0,2,2,0,0,2,1.927707314491272
func-soft-adam,coherent,baseline,5000,0,0,4,4,1,0,2,0.028224920853972435
func-soft-adam,coherent,baseline,5000,0,0,8,8,1,0,1,0.03308531641960144
func-soft-adam,coherent,baseline,5000,0,0,16,16,1,1,0,0.0073087457567453384
func-soft-adam,coherent,baseline,5000,0,0,32,32,1,0,1,0.011101627722382545
func-soft-adam,coherent,baseline,5000,0,0,64,64,1,0,1,0.003979206085205078
func-soft-adam,coherent,baseline,5000,0,0,128,128,1,0,1,0.002346441615372896
func-soft-adam,coherent,baseline,5000,0,0,256,256,1,0,1,0.0016959807835519314
func-soft-adam,coherent,baseline,5000,0,0,512,512,1,0,2,0.0014827577397227287
func-soft-adam,coherent,baseline,5000,0,0,1024,1024,1,0,1,0.0014297273010015488
func-soft-adam,independent,baseline,5000,0,0,0,0,0,0,0,8.604720115661621
func-soft-adam,independent,baseline,5000,0,0,1,1,0,0,0,4.7024126052856445
func-soft-adam,independent,baseline,5000,0,0,2,2,0,0,2,4.405742168426514
func-soft-adam,independent,baseline,5000,0,0,4,4,0,0,1,4.259886264801025
func-soft-adam,independent,baseline,5000,0,0,8,8,0,0,1,3.290865421295166
func-soft-adam,independent,baseline,5000,0,0,16,16,1,0,2,0.06343797594308853
func-soft-adam,independent,baseline,5000,0,0,32,32,1,0,3,0.01837451383471489
func-soft-adam,independent,baseline,5000,0,0,64,64,1,0,3,0.00851981807500124
func-soft-adam,independent,baseline,5000,0,0,128,128,1,0,3,0.0038258880376815796
func-soft-adam,independent,baseline,5000,0,0,256,256,1,0,3,0.002289191586896777
func-soft-adam,independent,baseline,5000,0,0,512,512,1,0,3,0.0017390463035553694
func-soft-adam,independent,baseline,5000,0,0,1024,1024,1,0,2,0.0015844599111005664
func-soft-adam,coherent,baseline,5000,0,1,0,0,0,0,0,8.329646110534668
func-soft-adam,coherent,baseline,5000,0,1,1,1,0,0,1,5.926218032836914
func-soft-adam,coherent,baseline,5000,0,1,2,2,0,0,4,2.4129347801208496
func-soft-adam,coherent,baseline,5000,0,1,4,4,1,0,5,0.0217912495136261
func-soft-adam,coherent,baseline,5000,0,1,8,8,1,0,3,0.006102005485445261
func-soft-adam,coherent,baseline,5000,0,1,16,16,1,0,2,0.003451429307460785
func-soft-adam,coherent,baseline,5000,0,1,32,32,1,0,2,0.0047939615324139595
func-soft-adam,coherent,baseline,5000,0,1,64,64,1,0,2,0.0034105388913303614
func-soft-adam,coherent,baseline,5000,0,1,128,128,1,0,2,0.0022939902264624834
func-soft-adam,coherent,baseline,5000,0,1,256,256,1,0,3,0.0018446429166942835
func-soft-adam,coherent,baseline,5000,0,1,512,512,1,0,4,0.0016766996122896671
func-soft-adam,coherent,baseline,5000,0,1,1024,1024,1,0,3,0.0016308233607560396
func-soft-adam,independent,baseline,5000,0,1,0,0,0,0,0,8.410439491271973
func-soft-adam,independent,baseline,5000,0,1,1,1,0,0,0,7.8956217765808105
func-soft-adam,independent,baseline,5000,0,1,2,2,0,0,0,7.225369930267334
func-soft-adam,independent,baseline,5000,0,1,4,4,0,0,7,4.330106735229492
func-soft-adam,independent,baseline,5000,0,1,8,8,0,0,1,3.801523208618164
func-soft-adam,independent,baseline,5000,0,1,16,16,0,0,3,2.8771986961364746
func-soft-adam,independent,baseline,5000,0,1,32,32,1,0,3,0.1460666060447693
func-soft-adam,independent,baseline,5000,0,1,64,64,1,0,3,0.025989774614572525
func-soft-adam,independent,baseline,5000,0,1,128,128,1,0,3,0.0064841704443097115
func-soft-adam,independent,baseline,5000,0,1,256,256,1,0,3,0.0027982103638350964
func-soft-adam,independent,baseline,5000,0,1,512,512,1,0,1,0.0018029639031738043
func-soft-adam,independent,baseline,5000,0,1,1024,1024,1,0,1,0.0016423678025603294
func-soft-adam,coherent,baseline,5000,0,2,0,0,0,0,0,8.842918395996094
func-soft-adam,coherent,baseline,5000,0,2,1,1,0,0,0,5.321002006530762
func-soft-adam,coherent,baseline,5000,0,2,2,2,1,0,4,0.3111930191516876
func-soft-adam,coherent,baseline,5000,0,2,4,4,1,0,4,0.0018791866023093462
func-soft-adam,coherent,baseline,5000,0,2,8,8,1,0,4,0.015757426619529724
func-soft-adam,coherent,baseline,5000,0,2,16,16,1,0,5,0.016468051820993423
func-soft-adam,coherent,baseline,5000,0,2,32,32,1,0,6,0.040531132370233536
func-soft-adam,coherent,baseline,5000,0,2,64,64,1,0,5,0.007061663083732128
func-soft-adam,coherent,baseline,5000,0,2,128,128,1,0,5,0.0038911858573555946
func-soft-adam,coherent,baseline,5000,0,2,256,256,1,0,5,0.0025021089240908623
func-soft-adam,coherent,baseline,5000,0,2,512,512,1,0,4,0.0017699423478916287
func-soft-adam,coherent,baseline,5000,0,2,1024,1024,1,0,4,0.001575122820213437
func-soft-adam,independent,baseline,5000,0,2,0,0,0,0,0,8.394462585449219
func-soft-adam,independent,baseline,5000,0,2,1,1,0,0,1,3.5197391510009766
func-soft-adam,independent,baseline,5000,0,2,2,2,1,0,2,0.001770418370142579
func-soft-adam,independent,baseline,5000,0,2,4,4,1,0,4,0.0023986385203897953
func-soft-adam,independent,baseline,5000,0,2,8,8,1,0,4,0.010318920016288757
func-soft-adam,independent,baseline,5000,0,2,16,16,1,0,4,0.025848764926195145
func-soft-adam,independent,baseline,5000,0,2,32,32,1,0,2,0.05124928802251816
func-soft-adam,independent,baseline,5000,0,2,64,64,1,1,0,0.0052369581535458565
func-soft-adam,independent,baseline,5000,0,2,128,128,1,1,0,0.003238159231841564
func-soft-adam,independent,baseline,5000,0,2,256,256,1,1,0,0.002212442923337221
func-soft-adam,independent,baseline,5000,0,2,512,512,1,1,0,0.001661396585404873
func-soft-adam,independent,baseline,5000,0,2,1024,1024,1,1,0,0.0015016815159469843
func-soft-gn,coherent,baseline,5000,0,0,0,0,0,0,0,8.220419883728027
func-soft-gn,coherent,baseline,5000,0,0,1,1,0,0,1,4.5471510887146
func-soft-gn,coherent,baseline,5000,0,0,2,2,0,0,4,3.2671778202056885
func-soft-gn,coherent,baseline,5000,0,0,4,4,1,0,2,0.08963282406330109
func-soft-gn,coherent,baseline,5000,0,0,8,8,1,0,1,0.20016402006149292
func-soft-gn,coherent,baseline,5000,0,0,16,16,1,1,0,0.00317388609983027
func-soft-gn,coherent,baseline,5000,0,0,32,32,1,0,1,0.0018189281690865755
func-soft-gn,coherent,baseline,5000,0,0,64,64,1,1,0,0.0014377622865140438
func-soft-gn,coherent,baseline,5000,0,0,128,128,1,1,0,0.0014131213538348675
func-soft-gn,coherent,baseline,5000,0,0,256,256,1,1,0,0.0014089548494666815
func-soft-gn,coherent,baseline,5000,0,0,512,512,1,1,0,0.0014069906901568174
func-soft-gn,coherent,baseline,5000,0,0,1024,1024,1,1,0,0.0014059788081794977
func-soft-gn,independent,baseline,5000,0,0,0,0,0,0,0,8.604720115661621
func-soft-gn,independent,baseline,5000,0,0,1,1,0,0,0,7.72263240814209
func-soft-gn,independent,baseline,5000,0,0,2,2,0,0,0,4.314949989318848
func-soft-gn,independent,baseline,5000,0,0,4,4,0,0,1,3.910425901412964
func-soft-gn,independent,baseline,5000,0,0,8,8,1,0,1,0.0885041207075119
func-soft-gn,independent,baseline,5000,0,0,16,16,1,0,1,0.002826134907081723
func-soft-gn,independent,baseline,5000,0,0,32,32,1,0,1,0.002021651715040207
func-soft-gn,independent,baseline,5000,0,0,64,64,1,0,1,0.001520964433439076
func-soft-gn,independent,baseline,5000,0,0,128,128,1,0,1,0.0014843023382127285
func-soft-gn,independent,baseline,5000,0,0,256,256,1,0,1,0.0014827549457550049
func-soft-gn,independent,baseline,5000,0,0,512,512,1,0,1,0.0014819216448813677
func-soft-gn,independent,baseline,5000,0,0,1024,1024,1,0,1,0.0014815644826740026
func-soft-gn,coherent,baseline,5000,0,1,0,0,0,0,0,8.329646110534668
func-soft-gn,coherent,baseline,5000,0,1,1,1,0,0,0,7.844868183135986
func-soft-gn,coherent,baseline,5000,0,1,2,2,0,0,1,4.078679084777832
func-soft-gn,coherent,baseline,5000,0,1,4,4,1,0,4,0.04299212247133255
func-soft-gn,coherent,baseline,5000,0,1,8,8,1,0,4,0.011565021239221096
func-soft-gn,coherent,baseline,5000,0,1,16,16,1,0,3,0.002460525603964925
func-soft-gn,coherent,baseline,5000,0,1,32,32,1,0,3,0.0015833351062610745
func-soft-gn,coherent,baseline,5000,0,1,64,64,1,0,3,0.0015655416063964367
func-soft-gn,coherent,baseline,5000,0,1,128,128,1,0,3,0.001561078242957592
func-soft-gn,coherent,baseline,5000,0,1,256,256,1,0,3,0.0015594713622704148
func-soft-gn,coherent,baseline,5000,0,1,512,512,1,0,3,0.0015587572706863284
func-soft-gn,coherent,baseline,5000,0,1,1024,1024,1,0,3,0.001558281248435378
func-soft-gn,independent,baseline,5000,0,1,0,0,0,0,0,8.410439491271973
func-soft-gn,independent,baseline,5000,0,1,1,1,0,0,0,8.105245590209961
func-soft-gn,independent,baseline,5000,0,1,2,2,0,0,0,7.649969100952148
func-soft-gn,independent,baseline,5000,0,1,4,4,0,0,2,4.621382236480713
func-soft-gn,independent,baseline,5000,0,1,8,8,0,0,2,3.4797070026397705
func-soft-gn,independent,baseline,5000,0,1,16,16,0,0,2,3.3911936283111572
func-soft-gn,independent,baseline,5000,0,1,32,32,1,0,2,0.05890435725450516
func-soft-gn,independent,baseline,5000,0,1,64,64,1,0,2,0.019555076956748962
func-soft-gn,independent,baseline,5000,0,1,128,128,1,0,2,0.006160827353596687
func-soft-gn,independent,baseline,5000,0,1,256,256,1,0,2,0.0015913094393908978
func-soft-gn,independent,baseline,5000,0,1,512,512,1,0,1,0.001547985477373004
func-soft-gn,independent,baseline,5000,0,1,1024,1024,1,0,1,0.001544593134894967
func-soft-gn,coherent,baseline,5000,0,2,0,0,0,0,0,8.842918395996094
func-soft-gn,coherent,baseline,5000,0,2,1,1,0,0,0,7.789336681365967
func-soft-gn,coherent,baseline,5000,0,2,2,2,0,0,1,3.862565040588379
func-soft-gn,coherent,baseline,5000,0,2,4,4,1,0,3,0.002377141732722521
func-soft-gn,coherent,baseline,5000,0,2,8,8,1,0,2,0.007559978403151035
func-soft-gn,coherent,baseline,5000,0,2,16,16,1,0,2,0.0015742895193397999
func-soft-gn,coherent,baseline,5000,0,2,32,32,1,1,0,0.0015359639655798674
func-soft-gn,coherent,baseline,5000,0,2,64,64,1,1,0,0.0015277510974556208
func-soft-gn,coherent,baseline,5000,0,2,128,128,1,1,0,0.0015251324512064457
func-soft-gn,coherent,baseline,5000,0,2,256,256,1,0,1,0.0015241208020597696
func-soft-gn,coherent,baseline,5000,0,2,512,512,1,0,1,0.001523585175164044
func-soft-gn,coherent,baseline,5000,0,2,1024,1024,1,0,1,0.0015232281293720007
func-soft-gn,independent,baseline,5000,0,2,0,0,0,0,0,8.394462585449219
func-soft-gn,independent,baseline,5000,0,2,1,1,0,0,1,6.730746746063232
func-soft-gn,independent,baseline,5000,0,2,2,2,1,0,2,0.15586711466312408
func-soft-gn,independent,baseline,5000,0,2,4,4,1,0,1,0.0785885900259018
func-soft-gn,independent,baseline,5000,0,2,8,8,1,0,1,0.004595969337970018
func-soft-gn,independent,baseline,5000,0,2,16,16,1,0,1,0.0017089961329475045
func-soft-gn,independent,baseline,5000,0,2,32,32,1,0,1,0.001473054988309741
func-soft-gn,independent,baseline,5000,0,2,64,64,1,1,0,0.001468948321416974
func-soft-gn,independent,baseline,5000,0,2,128,128,1,1,0,0.001467222231440246
func-soft-gn,independent,baseline,5000,0,2,256,256,1,1,0,0.0014661508612334728
func-soft-gn,independent,baseline,5000,0,2,512,512,1,1,0,0.001465377165004611
func-soft-gn,independent,baseline,5000,0,2,1024,1024,1,1,0,0.0014647820498794317
repr-hard-adam,coherent,baseline,5000,0,0,0,0,0,0,0,8.220419883728027
repr-hard-adam,coherent,baseline,5000,0,0,1,1,0,0,0,6.039053440093994
repr-hard-adam,coherent,baseline,5000,0,0,2,2,0,0,0,3.7615175247192383
repr-hard-adam,coherent,baseline,5000,0,0,4,4,0,0,0,3.5656275749206543
repr-hard-adam,coherent,baseline,5000,0,0,8,8,0,0,0,2.2513070106506348
repr-hard-adam,coherent,baseline,5000,0,0,16,16,1,1,0,0.14971059560775757
repr-hard-adam,coherent,baseline,5000,0,0,32,32,1,1,0,0.015673959627747536
repr-hard-adam,coherent,baseline,5000,0,0,64,64,1,1,0,0.01459551602602005
repr-hard-adam,coherent,baseline,5000,0,0,128,128,1,1,0,0.00620252126827836
repr-hard-adam,coherent,baseline,5000,0,0,256,256,1,1,0,0.0033334556501358747
repr-hard-adam,coherent,baseline,5000,0,0,512,512,1,1,0,0.002429270651191473
repr-hard-adam,coherent,baseline,5000,0,0,1024,1024,1,1,0,0.002033465076237917
repr-hard-adam,independent,baseline,5000,0,0,0,0,0,0,0,8.604720115661621
repr-hard-adam,independent,baseline,5000,0,0,1,1,0,0,0,7.012478828430176
repr-hard-adam,independent,baseline,5000,0,0,2,2,0,0,0,4.517284393310547
repr-hard-adam,independent,baseline,5000,0,0,4,4,0,0,1,4.44074010848999
repr-hard-adam,independent,baseline,5000,0,0,8,8,0,0,1,4.317758083343506
repr-hard-adam,independent,baseline,5000,0,0,16,16,0,0,1,0.927192747592926
repr-hard-adam,independent,baseline,5000,0,0,32,32,1,0,1,0.005869025364518166
repr-hard-adam,independent,baseline,5000,0,0,64,64,1,0,1,0.0032352786511182785
repr-hard-adam,independent,baseline,5000,0,0,128,128,1,0,1,0.002683026483282447
repr-hard-adam,independent,baseline,5000,0,0,256,256,1,0,1,0.002137870993465185
repr-hard-adam,independent,baseline,5000,0,0,512,512,1,0,1,0.0019100378267467022
repr-hard-adam,independent,baseline,5000,0,0,1024,1024,1,0,1,0.0016616892535239458
repr-hard-adam,coherent,baseline,5000,0,1,0,0,0,0,0,8.329646110534668
repr-hard-adam,coherent,baseline,5000,0,1,1,1,0,0,0,7.743298053741455
repr-hard-adam,coherent,baseline,5000,0,1,2,2,0,0,0,6.984147071838379
repr-hard-adam,coherent,baseline,5000,0,1,4,4,0,0,0,5.364865303039551
repr-hard-adam,coherent,baseline,5000,0,1,8,8,0,0,1,3.3279948234558105
repr-hard-adam,coherent,baseline,5000,0,1,16,16,1,0,3,0.16977094113826752
repr-hard-adam,coherent,baseline,5000,0,1,32,32,1,0,1,0.004481620620936155
repr-hard-adam,coherent,baseline,5000,0,1,64,64,1,0,2,0.00274868356063962
repr-hard-adam,coherent,baseline,5000,0,1,128,128,1,0,2,0.0024219565093517303
repr-hard-adam,coherent,baseline,5000,0,1,256,256,1,0,2,0.002197926864027977
repr-hard-adam,coherent,baseline,5000,0,1,512,512,1,0,2,0.0018721085507422686
repr-hard-adam,coherent,baseline,5000,0,1,1024,1024,1,0,2,0.0016954969614744186
repr-hard-adam,independent,baseline,5000,0,1,0,0,0,0,0,8.410439491271973
repr-hard-adam,independent,baseline,5000,0,1,1,1,0,0,0,8.178062438964844
repr-hard-adam,independent,baseline,5000,0,1,2,2,0,0,0,8.018415451049805
repr-hard-adam,independent,baseline,5000,0,1,4,4,0,0,0,7.880271911621094
repr-hard-adam,independent,baseline,5000,0,1,8,8,0,0,0,7.324154853820801
repr-hard-adam,independent,baseline,5000,0,1,16,16,0,0,1,5.08469295501709
repr-hard-adam,independent,baseline,5000,0,1,32,32,0,0,1,3.6838295459747314
repr-hard-adam,independent,baseline,5000,0,1,64,64,0,0,0,3.5213310718536377
repr-hard-adam,independent,baseline,5000,0,1,128,128,0,0,0,3.674509286880493
repr-hard-adam,independent,baseline,5000,0,1,256,256,0,0,0,3.6011557579040527
repr-hard-adam,independent,baseline,5000,0,1,512,512,0,0,2,3.5612380504608154
repr-hard-adam,independent,baseline,5000,0,1,1024,1024,0,0,3,3.6099557876586914
repr-hard-adam,coherent,baseline,5000,0,2,0,0,0,0,0,8.842918395996094
repr-hard-adam,coherent,baseline,5000,0,2,1,1,0,0,0,7.986325263977051
repr-hard-adam,coherent,baseline,5000,0,2,2,2,0,0,0,7.1293864250183105
repr-hard-adam,coherent,baseline,5000,0,2,4,4,0,0,0,4.681888580322266
repr-hard-adam,coherent,baseline,5000,0,2,8,8,0,0,0,3.4833147525787354
repr-hard-adam,coherent,baseline,5000,0,2,16,16,1,1,0,0.02125944197177887
repr-hard-adam,coherent,baseline,5000,0,2,32,32,1,1,0,0.002047149930149317
repr-hard-adam,coherent,baseline,5000,0,2,64,64,1,1,0,0.0018458589911460876
repr-hard-adam,coherent,baseline,5000,0,2,128,128,1,1,0,0.0016965174581855536
repr-hard-adam,coherent,baseline,5000,0,2,256,256,1,1,0,0.0016339770518243313
repr-hard-adam,coherent,baseline,5000,0,2,512,512,1,1,0,0.0015910717193037271
repr-hard-adam,coherent,baseline,5000,0,2,1024,1024,1,1,0,0.0015641727950423956
repr-hard-adam,independent,baseline,5000,0,2,0,0,0,0,0,8.394462585449219
repr-hard-adam,independent,baseline,5000,0,2,1,1,0,0,0,7.7081708908081055
repr-hard-adam,independent,baseline,5000,0,2,2,2,0,0,0,6.6012282371521
repr-hard-adam,independent,baseline,5000,0,2,4,4,0,0,1,1.0574222803115845
repr-hard-adam,independent,baseline,5000,0,2,8,8,1,0,1,0.014019525609910488
repr-hard-adam,independent,baseline,5000,0,2,16,16,1,0,1,0.0017802910879254341
repr-hard-adam,independent,baseline,5000,0,2,32,32,1,0,1,0.0014954316429793835
repr-hard-adam,independent,baseline,5000,0,2,64,64,1,0,1,0.0014923370908945799
repr-hard-adam,independent,baseline,5000,0,2,128,128,1,0,1,0.0014907896984368563
repr-hard-adam,independent,baseline,5000,0,2,256,256,1,0,1,0.0014882901450619102
repr-hard-adam,independent,baseline,5000,0,2,512,512,1,0,1,0.001481624785810709
repr-hard-adam,independent,baseline,5000,0,2,1024,1024,1,0,1,0.001479958649724722
func-hard-gn,coherent,up-0.25,5000,0,0,0,0,0,0,0,8.443144798278809
func-hard-gn,coherent,up-0.25,5000,0,0,1,1,0,0,0,7.782723426818848
func-hard-gn,coherent,up-0.25,5000,0,0,2,2,0,0,0,5.733400344848633
func-hard-gn,coherent,up-0.25,5000,0,0,4,4,0,0,0,3.6755805015563965
func-hard-gn,coherent,up-0.25,5000,0,0,8,8,0,0,3,1.4373061656951904
func-hard-gn,coherent,up-0.25,5000,0,0,16,16,1,0,2,0.02298862114548683
func-hard-gn,coherent,up-0.25,5000,0,0,32,32,1,1,0,0.002965688705444336
func-hard-gn,coherent,up-0.25,5000,0,0,64,64,1,1,0,0.0015148362144827843
func-hard-gn,coherent,up-0.25,5000,0,0,128,128,1,1,0,0.001471271039918065
func-hard-gn,coherent,up-0.25,5000,0,0,256,256,1,1,0,0.00146865239366889
func-hard-gn,coherent,up-0.25,5000,0,0,512,512,1,1,0,0.0014674619305878878
func-hard-gn,coherent,up-0.25,5000,0,0,1024,1024,1,0,1,0.0014665692579001188
func-hard-gn,independent,up-0.25,5000,0,0,0,0,0,0,0,8.474790573120117
func-hard-gn,independent,up-0.25,5000,0,0,1,1,0,0,0,8.06945514678955
func-hard-gn,independent,up-0.25,5000,0,0,2,2,0,0,0,7.634241104125977
func-hard-gn,independent,up-0.25,5000,0,0,4,4,0,0,0,4.375540256500244
func-hard-gn,independent,up-0.25,5000,0,0,8,8,0,0,0,4.271398067474365
func-hard-gn,independent,up-0.25,5000,0,0,16,16,1,0,3,0.06841546297073364
func-hard-gn,independent,up-0.25,5000,0,0,32,32,1,0,2,0.0025196776259690523
func-hard-gn,independent,up-0.25,5000,0,0,64,64,1,0,1,0.0019856535363942385
func-hard-gn,independent,up-0.25,5000,0,0,128,128,1,1,0,0.0015364387072622776
func-hard-gn,independent,up-0.25,5000,0,0,256,256,1,1,0,0.0015279283979907632
func-hard-gn,independent,up-0.25,5000,0,0,512,512,1,1,0,0.0015238814521580935
func-hard-gn,independent,up-0.25,5000,0,0,1024,1024,1,1,0,0.0015212033176794648
func-hard-gn,coherent,up-0.25,5000,0,1,0,0,0,0,0,8.570649147033691
func-hard-gn,coherent,up-0.25,5000,0,1,1,1,0,0,1,7.9076690673828125
func-hard-gn,coherent,up-0.25,5000,0,1,2,2,0,0,2,5.4868574142456055
func-hard-gn,coherent,up-0.25,5000,0,1,4,4,0,0,3,4.435204982757568
func-hard-gn,coherent,up-0.25,5000,0,1,8,8,0,0,3,4.258869647979736
func-hard-gn,coherent,up-0.25,5000,0,1,16,16,0,0,3,4.074809551239014
func-hard-gn,coherent,up-0.25,5000,0,1,32,32,1,0,2,0.009406487457454205
func-hard-gn,coherent,up-0.25,5000,0,1,64,64,1,0,2,0.00595725467428565
func-hard-gn,coherent,up-0.25,5000,0,1,128,128,1,0,1,0.0015981532633304596
func-hard-gn,coherent,up-0.25,5000,0,1,256,256,1,0,1,0.0015714331530034542
func-hard-gn,coherent,up-0.25,5000,0,1,512,512,1,0,2,0.001570183434523642
func-hard-gn,coherent,up-0.25,5000,0,1,1024,1024,1,0,3,0.0015696478076279163
func-hard-gn,independent,up-0.25,5000,0,1,0,0,0,0,0,8.685874938964844
func-hard-gn,independent,up-0.25,5000,0,1,1,1,0,0,1,8.430204391479492
func-hard-gn,independent,up-0.25,5000,0,1,2,2,0,0,2,7.706513404846191
func-hard-gn,independent,up-0.25,5000,0,1,4,4,0,0,3,4.243729591369629
func-hard-gn,independent,up-0.25,5000,0,1,8,8,0,0,2,4.18358850479126
func-hard-gn,independent,up-0.25,5000,0,1,16,16,0,0,4,1.2170169353485107
func-hard-gn,independent,up-0.25,5000,0,1,32,32,1,0,3,0.0033076065592467785
func-hard-gn,independent,up-0.25,5000,0,1,64,64,1,0,3,0.0018388996832072735
func-hard-gn,independent,up-0.25,5000,0,1,128,128,1,0,3,0.0016192779876291752
func-hard-gn,independent,up-0.25,5000,0,1,256,256,1,0,3,0.0016117801424115896
func-hard-gn,independent,up-0.25,5000,0,1,512,512,1,0,3,0.0016087451949715614
func-hard-gn,independent,up-0.25,5000,0,1,1024,1024,1,0,3,0.0016067815013229847
func-hard-gn,coherent,up-0.25,5000,0,2,0,0,0,0,0,8.835575103759766
func-hard-gn,coherent,up-0.25,5000,0,2,1,1,0,0,0,8.516182899475098
func-hard-gn,coherent,up-0.25,5000,0,2,2,2,0,0,1,8.142538070678711
func-hard-gn,coherent,up-0.25,5000,0,2,4,4,0,0,1,7.16465950012207
func-hard-gn,coherent,up-0.25,5000,0,2,8,8,0,0,2,5.281280517578125
func-hard-gn,coherent,up-0.25,5000,0,2,16,16,0,0,2,4.929547309875488
func-hard-gn,coherent,up-0.25,5000,0,2,32,32,1,0,2,0.0017419178038835526
func-hard-gn,coherent,up-0.25,5000,0,2,64,64,1,0,2,0.00166384968906641
func-hard-gn,coherent,up-0.25,5000,0,2,128,128,1,0,1,0.001649330137297511
func-hard-gn,coherent,up-0.25,5000,0,2,256,256,1,0,1,0.0016449266113340855
func-hard-gn,coherent,up-0.25,5000,0,2,512,512,1,0,1,0.0016429629176855087
func-hard-gn,coherent,up-0.25,5000,0,2,1024,1024,1,0,2,0.0016419512685388327
func-hard-gn,independent,up-0.25,5000,0,2,0,0,0,0,0,8.506813049316406
func-hard-gn,independent,up-0.25,5000,0,2,1,1,0,0,1,7.706140518188477
func-hard-gn,independent,up-0.25,5000,0,2,2,2,0,0,2,4.800424575805664
func-hard-gn,independent,up-0.25,5000,0,2,4,4,0,0,2,3.656547784805298
func-hard-gn,independent,up-0.25,5000,0,2,8,8,0,0,2,3.378127098083496
func-hard-gn,independent,up-0.25,5000,0,2,16,16,0,0,1,3.164644479751587
func-hard-gn,independent,up-0.25,5000,0,2,32,32,0,0,1,1.8394187688827515
func-hard-gn,independent,up-0.25,5000,0,2,64,64,1,0,2,0.02099989727139473
func-hard-gn,independent,up-0.25,5000,0,2,128,128,1,0,1,0.0017669019289314747
func-hard-gn,independent,up-0.25,5000,0,2,256,256,1,0,1,0.001591900596395135
func-hard-gn,independent,up-0.25,5000,0,2,512,512,1,0,2,0.001583450473845005
func-hard-gn,independent,up-0.25,5000,0,2,1024,1024,1,0,2,0.0015807129675522447
func-soft-adam,coherent,up-0.25,5000,0,0,0,0,0,0,0,8.443144798278809
func-soft-adam,coherent,up-0.25,5000,0,0,1,1,0,0,0,7.21498966217041
func-soft-adam,coherent,up-0.25,5000,0,0,2,2,0,0,1,4.783028602600098
func-soft-adam,coherent,up-0.25,5000,0,0,4,4,0,0,5,2.5253264904022217
func-soft-adam,coherent,up-0.25,5000,0,0,8,8,1,0,7,0.04209855943918228
func-soft-adam,coherent,up-0.25,5000,0,0,16,16,1,0,4,0.01874602772295475
func-soft-adam,coherent,up-0.25,5000,0,0,32,32,1,0,2,0.013692974112927914
func-soft-adam,coherent,up-0.25,5000,0,0,64,64,1,0,1,0.005174549296498299
func-soft-adam,coherent,up-0.25,5000,0,0,128,128,1,0,1,0.0028119124472141266
func-soft-adam,coherent,up-0.25,5000,0,0,256,256,1,1,0,0.0019256938248872757
func-soft-adam,coherent,up-0.25,5000,0,0,512,512,1,1,0,0.0016124288085848093
func-soft-adam,coherent,up-0.25,5000,0,0,1024,1024,1,1,0,0.0015177521854639053
func-soft-adam,independent,up-0.25,5000,0,0,0,0,0,0,0,8.474790573120117
func-soft-adam,independent,up-0.25,5000,0,0,1,1,0,0,0,7.7366156578063965
func-soft-adam,independent,up-0.25,5000,0,0,2,2,0,0,0,5.527215480804443
func-soft-adam,independent,up-0.25,5000,0,0,4,4,0,0,2,4.190389633178711
func-soft-adam,independent,up-0.25,5000,0,0,8,8,0,0,0,3.9489173889160156
func-soft-adam,independent,up-0.25,5000,0,0,16,16,1,0,4,0.01628577522933483
func-soft-adam,independent,up-0.25,5000,0,0,32,32,1,0,1,0.1742650717496872
func-soft-adam,independent,up-0.25,5000,0,0,64,64,1,0,2,0.02234303392469883
func-soft-adam,independent,up-0.25,5000,0,0,128,128,1,1,0,0.003969354555010796
func-soft-adam,independent,up-0.25,5000,0,0,256,256,1,1,0,0.002077297540381551
func-soft-adam,independent,up-0.25,5000,0,0,512,512,1,1,0,0.0016516451723873615
func-soft-adam,independent,up-0.25,5000,0,0,1024,1024,1,1,0,0.001565837301313877
func-soft-adam,coherent,up-0.25,5000,0,1,0,0,0,0,0,8.570649147033691
func-soft-adam,coherent,up-0.25,5000,0,1,1,1,0,0,1,6.734532356262207
func-soft-adam,coherent,up-0.25,5000,0,1,2,2,0,0,8,2.9698824882507324
func-soft-adam,coherent,up-0.25,5000,0,1,4,4,1,0,10,0.0329357348382473
func-soft-adam,coherent,up-0.25,5000,0,1,8,8,0,0,5,0.5638554692268372
func-soft-adam,coherent,up-0.25,5000,0,1,16,16,1,0,2,0.02244909480214119
func-soft-adam,coherent,up-0.25,5000,0,1,32,32,1,0,2,0.0030930722132325172
func-soft-adam,coherent,up-0.25,5000,0,1,64,64,1,0,3,0.002442160388454795
func-soft-adam,coherent,up-0.25,5000,0,1,128,128,1,0,3,0.0022020433098077774
func-soft-adam,coherent,up-0.25,5000,0,1,256,256,1,0,2,0.0018783429404720664
func-soft-adam,coherent,up-0.25,5000,0,1,512,512,1,0,2,0.0016667653108015656
func-soft-adam,coherent,up-0.25,5000,0,1,1024,1024,1,0,2,0.0015935709234327078
func-soft-adam,independent,up-0.25,5000,0,1,0,0,0,0,0,8.685874938964844
func-soft-adam,independent,up-0.25,5000,0,1,1,1,0,0,1,8.405025482177734
func-soft-adam,independent,up-0.25,5000,0,1,2,2,0,0,3,6.756255149841309
func-soft-adam,independent,up-0.25,5000,0,1,4,4,0,0,5,4.038514614105225
func-soft-adam,independent,up-0.25,5000,0,1,8,8,0,0,3,3.841911792755127
func-soft-adam,independent,up-0.25,5000,0,1,16,16,0,0,5,1.3036361932754517
func-soft-adam,independent,up-0.25,5000,0,1,32,32,1,0,4,0.014761079102754593
func-soft-adam,independent,up-0.25,5000,0,1,64,64,1,0,2,0.008794358000159264
func-soft-adam,independent,up-0.25,5000,0,1,128,128,1,0,3,0.004100012592971325
func-soft-adam,independent,up-0.25,5000,0,1,256,256,1,0,3,0.00254783034324646
func-soft-adam,independent,up-0.25,5000,0,1,512,512,1,0,2,0.0018834000220522285
func-soft-adam,independent,up-0.25,5000,0,1,1024,1024,1,0,2,0.0016760467551648617
func-soft-adam,coherent,up-0.25,5000,0,2,0,0,0,0,0,8.835575103759766
func-soft-adam,coherent,up-0.25,5000,0,2,1,1,0,0,0,8.488359451293945
func-soft-adam,coherent,up-0.25,5000,0,2,2,2,0,0,2,7.685413360595703
func-soft-adam,coherent,up-0.25,5000,0,2,4,4,0,0,5,2.691843032836914
func-soft-adam,coherent,up-0.25,5000,0,2,8,8,1,0,5,0.008832250721752644
func-soft-adam,coherent,up-0.25,5000,0,2,16,16,1,0,2,0.0034650680609047413
func-soft-adam,coherent,up-0.25,5000,0,2,32,32,1,0,1,0.0024085817858576775
func-soft-adam,coherent,up-0.25,5000,0,2,64,64,1,0,1,0.002167139435186982
func-soft-adam,coherent,up-0.25,5000,0,2,128,128,1,0,1,0.0020911269821226597
func-soft-adam,coherent,up-0.25,5000,0,2,256,256,1,0,1,0.00196948298253119
func-soft-adam,coherent,up-0.25,5000,0,2,512,512,1,0,1,0.0018261675722897053
func-soft-adam,coherent,up-0.25,5000,0,2,1024,1024,1,0,2,0.0017219848232343793
func-soft-adam,independent,up-0.25,5000,0,2,0,0,0,0,0,8.506813049316406
func-soft-adam,independent,up-0.25,5000,0,2,1,1,0,0,3,5.005704402923584
func-soft-adam,independent,up-0.25,5000,0,2,2,2,0,0,5,4.224560737609863
func-soft-adam,independent,up-0.25,5000,0,2,4,4,0,0,3,4.294716835021973
func-soft-adam,independent,up-0.25,5000,0,2,8,8,0,0,3,4.591980457305908
func-soft-adam,independent,up-0.25,5000,0,2,16,16,0,0,2,3.95888614654541
func-soft-adam,independent,up-0.25,5000,0,2,32,32,0,0,2,3.1138875484466553
func-soft-adam,independent,up-0.25,5000,0,2,64,64,1,0,2,0.01896555721759796
func-soft-adam,independent,up-0.25,5000,0,2,128,128,1,0,2,0.005508463829755783
func-soft-adam,independent,up-0.25,5000,0,2,256,256,1,0,2,0.0031002869363874197
func-soft-adam,independent,up-0.25,5000,0,2,512,512,1,0,2,0.002054301556199789
func-soft-adam,independent,up-0.25,5000,0,2,1024,1024,1,0,2,0.0017099599353969097
func-soft-gn,coherent,up-0.25,5000,0,0,0,0,0,0,0,8.443144798278809
func-soft-gn,coherent,up-0.25,5000,0,0,1,1,0,0,0,7.847513198852539
func-soft-gn,coherent,up-0.25,5000,0,0,2,2,0,0,0,6.093527793884277
func-soft-gn,coherent,up-0.25,5000,0,0,4,4,0,0,0,3.7582907676696777
func-soft-gn,coherent,up-0.25,5000,0,0,8,8,0,0,2,0.7914940118789673
func-soft-gn,coherent,up-0.25,5000,0,0,16,16,1,0,2,0.16316761076450348
func-soft-gn,coherent,up-0.25,5000,0,0,32,32,1,0,2,0.011278458870947361
func-soft-gn,coherent,up-0.25,5000,0,0,64,64,1,1,0,0.0016304050805047154
func-soft-gn,coherent,up-0.25,5000,0,0,128,128,1,1,0,0.001481091370806098
func-soft-gn,coherent,up-0.25,5000,0,0,256,256,1,1,0,0.0014703783672302961
func-soft-gn,coherent,up-0.25,5000,0,0,512,512,1,1,0,0.001468176138587296
func-soft-gn,coherent,up-0.25,5000,0,0,1024,1024,1,1,0,0.0014669264201074839
func-soft-gn,independent,up-0.25,5000,0,0,0,0,0,0,0,8.474790573120117
func-soft-gn,independent,up-0.25,5000,0,0,1,1,0,0,0,8.071623802185059
func-soft-gn,independent,up-0.25,5000,0,0,2,2,0,0,0,6.770416259765625
func-soft-gn,independent,up-0.25,5000,0,0,4,4,0,0,0,4.34867525100708
func-soft-gn,independent,up-0.25,5000,0,0,8,8,0,0,2,0.4424038827419281
func-soft-gn,independent,up-0.25,5000,0,0,16,16,1,0,2,0.05281927064061165
func-soft-gn,independent,up-0.25,5000,0,0,32,32,1,0,4,0.019963666796684265
func-soft-gn,independent,up-0.25,5000,0,0,64,64,1,0,3,0.010754506103694439
func-soft-gn,independent,up-0.25,5000,0,0,128,128,1,1,0,0.0017711268737912178
func-soft-gn,independent,up-0.25,5000,0,0,256,256,1,1,0,0.0015301897656172514
func-soft-gn,independent,up-0.25,5000,0,0,512,512,1,1,0,0.0015243574744090438
func-soft-gn,independent,up-0.25,5000,0,0,1024,1024,1,1,0,0.001521322294138372
func-soft-gn,coherent,up-0.25,5000,0,1,0,0,0,0,0,8.570649147033691
func-soft-gn,coherent,up-0.25,5000,0,1,1,1,0,0,1,7.938985824584961
func-soft-gn,coherent,up-0.25,5000,0,1,2,2,0,0,2,5.8946075439453125
func-soft-gn,coherent,up-0.25,5000,0,1,4,4,0,0,4,2.797541379928589
func-soft-gn,coherent,up-0.25,5000,0,1,8,8,1,0,4,0.3083309829235077
func-soft-gn,coherent,up-0.25,5000,0,1,16,16,1,0,2,0.049586497247219086
func-soft-gn,coherent,up-0.25,5000,0,1,32,32,1,0,2,0.002101324964314699
func-soft-gn,coherent,up-0.25,5000,0,1,64,64,1,0,1,0.0017423270037397742
func-soft-gn,coherent,up-0.25,5000,0,1,128,128,1,0,1,0.0015724448021501303
func-soft-gn,coherent,up-0.25,5000,0,1,256,256,1,0,1,0.0015712546883150935
func-soft-gn,coherent,up-0.25,5000,0,1,512,512,1,0,1,0.0015704811085015535
func-soft-gn,coherent,up-0.25,5000,0,1,1024,1024,1,0,1,0.0015694693429395556
func-soft-gn,independent,up-0.25,5000,0,1,0,0,0,0,0,8.685874938964844
func-soft-gn,independent,up-0.25,5000,0,1,1,1,0,0,1,8.437971115112305
func-soft-gn,independent,up-0.25,5000,0,1,2,2,0,0,1,7.849830627441406
func-soft-gn,independent,up-0.25,5000,0,1,4,4,0,0,3,4.317187786102295
func-soft-gn,independent,up-0.25,5000,0,1,8,8,0,0,2,4.134645462036133
func-soft-gn,independent,up-0.25,5000,0,1,16,16,1,0,4,0.1682473123073578
func-soft-gn,independent,up-0.25,5000,0,1,32,32,1,0,3,0.09229765087366104
func-soft-gn,independent,up-0.25,5000,0,1,64,64,1,0,3,0.0197167806327343
func-soft-gn,independent,up-0.25,5000,0,1,128,128,1,0,3,0.0016732504591345787
func-soft-gn,independent,up-0.25,5000,0,1,256,256,1,0,3,0.0016122560482472181
func-soft-gn,independent,up-0.25,5000,0,1,512,512,1,0,2,0.0016078525222837925
func-soft-gn,independent,up-0.25,5000,0,1,1024,1024,1,0,2,0.0016063053626567125
func-soft-gn,coherent,up-0.25,5000,0,2,0,0,0,0,0,8.835575103759766
func-soft-gn,coherent,up-0.25,5000,0,2,1,1,0,0,0,8.527060508728027
func-soft-gn,coherent,up-0.25,5000,0,2,2,2,0,0,1,8.17463493347168
func-soft-gn,coherent,up-0.25,5000,0,2,4,4,0,0,2,6.048880577087402
func-soft-gn,coherent,up-0.25,5000,0,2,8,8,0,0,2,0.8413573503494263
func-soft-gn,coherent,up-0.25,5000,0,2,16,16,1,0,2,0.015522758476436138
func-soft-gn,coherent,up-0.25,5000,0,2,32,32,1,0,1,0.002408192493021488
func-soft-gn,coherent,up-0.25,5000,0,2,64,64,1,0,1,0.0016965768299996853
func-soft-gn,coherent,up-0.25,5000,0,2,128,128,1,0,1,0.0016476043965667486
func-soft-gn,coherent,up-0.25,5000,0,2,256,256,1,0,1,0.0016440340550616384
func-soft-gn,coherent,up-0.25,5000,0,2,512,512,1,0,2,0.0016423678025603294
func-soft-gn,coherent,up-0.25,5000,0,2,1024,1024,1,0,2,0.0016413562698289752
func-soft-gn,independent,up-0.25,5000,0,2,0,0,0,0,0,8.506813049316406
func-soft-gn,independent,up-0.25,5000,0,2,1,1,0,0,1,7.816401481628418
func-soft-gn,independent,up-0.25,5000,0,2,2,2,0,0,1,5.8432793617248535
func-soft-gn,independent,up-0.25,5000,0,2,4,4,0,0,2,3.772674083709717
func-soft-gn,independent,up-0.25,5000,0,2,8,8,0,0,2,3.4621198177337646
func-soft-gn,independent,up-0.25,5000,0,2,16,16,0,0,1,3.13791561126709
func-soft-gn,independent,up-0.25,5000,0,2,32,32,0,0,1,2.072284460067749
func-soft-gn,independent,up-0.25,5000,0,2,64,64,1,0,1,0.07243853062391281
func-soft-gn,independent,up-0.25,5000,0,2,128,128,1,0,1,0.02686571702361107
func-soft-gn,independent,up-0.25,5000,0,2,256,256,1,0,1,0.0016298085683956742
func-soft-gn,independent,up-0.25,5000,0,2,512,512,1,0,2,0.0015854737721383572
func-soft-gn,independent,up-0.25,5000,0,2,1024,1024,1,0,2,0.0015816056402400136
repr-hard-adam,coherent,up-0.25,5000,0,0,0,0,0,0,0,8.443144798278809
repr-hard-adam,coherent,up-0.25,5000,0,0,1,1,0,0,0,8.029574394226074
repr-hard-adam,coherent,up-0.25,5000,0,0,2,2,0,0,0,7.825015068054199
repr-hard-adam,coherent,up-0.25,5000,0,0,4,4,0,0,0,7.502854347229004
repr-hard-adam,coherent,up-0.25,5000,0,0,8,8,0,0,0,6.8347883224487305
repr-hard-adam,coherent,up-0.25,5000,0,0,16,16,0,0,0,5.317966938018799
repr-hard-adam,coherent,up-0.25,5000,0,0,32,32,0,0,0,4.024980068206787
repr-hard-adam,coherent,up-0.25,5000,0,0,64,64,1,1,0,0.023592457175254822
repr-hard-adam,coherent,up-0.25,5000,0,0,128,128,1,1,0,0.0032840068452060223
repr-hard-adam,coherent,up-0.25,5000,0,0,256,256,1,1,0,0.001999055501073599
repr-hard-adam,coherent,up-0.25,5000,0,0,512,512,1,1,0,0.0016923495568335056
repr-hard-adam,coherent,up-0.25,5000,0,0,1024,1024,1,1,0,0.0015365586150437593
repr-hard-adam,independent,up-0.25,5000,0,0,0,0,0,0,0,8.474790573120117
repr-hard-adam,independent,up-0.25,5000,0,0,1,1,0,0,0,8.219515800476074
repr-hard-adam,independent,up-0.25,5000,0,0,2,2,0,0,0,8.00036334991455
repr-hard-adam,independent,up-0.25,5000,0,0,4,4,0,0,0,7.6442155838012695
repr-hard-adam,independent,up-0.25,5000,0,0,8,8,0,0,0,6.772928714752197
repr-hard-adam,independent,up-0.25,5000,0,0,16,16,0,0,0,5.134159088134766
repr-hard-adam,independent,up-0.25,5000,0,0,32,32,0,0,0,4.341385841369629
repr-hard-adam,independent,up-0.25,5000,0,0,64,64,0,0,0,3.9849393367767334
repr-hard-adam,independent,up-0.25,5000,0,0,128,128,0,0,0,3.6367290019989014
repr-hard-adam,independent,up-0.25,5000,0,0,256,256,0,0,1,2.9941396713256836
repr-hard-adam,independent,up-0.25,5000,0,0,512,512,0,0,5,2.6579508781433105
repr-hard-adam,independent,up-0.25,5000,0,0,1024,1024,0,0,6,3.042646646499634
repr-hard-adam,coherent,up-0.25,5000,0,1,0,0,0,0,0,8.570649147033691
repr-hard-adam,coherent,up-0.25,5000,0,1,1,1,0,0,1,7.995321273803711
repr-hard-adam,coherent,up-0.25,5000,0,1,2,2,0,0,1,7.50454044342041
repr-hard-adam,coherent,up-0.25,5000,0,1,4,4,0,0,1,6.488816261291504
repr-hard-adam,coherent,up-0.25,5000,0,1,8,8,0,0,2,4.213244915008545
repr-hard-adam,coherent,up-0.25,5000,0,1,16,16,0,0,2,1.2303060293197632
repr-hard-adam,coherent,up-0.25,5000,0,1,32,32,1,1,0,0.009192381985485554
repr-hard-adam,coherent,up-0.25,5000,0,1,64,64,1,0,1,0.005288106855005026
repr-hard-adam,coherent,up-0.25,5000,0,1,128,128,1,0,1,0.0037201468367129564
repr-hard-adam,coherent,up-0.25,5000,0,1,256,256,1,0,1,0.003048599697649479
repr-hard-adam,coherent,up-0.25,5000,0,1,512,512,1,0,1,0.00208629691042006
repr-hard-adam,coherent,up-0.25,5000,0,1,1024,1024,1,0,1,0.0017288865055888891
repr-hard-adam,independent,up-0.25,5000,0,1,0,0,0,0,0,8.685874938964844
repr-hard-adam,independent,up-0.25,5000,0,1,1,1,0,0,1,8.525554656982422
repr-hard-adam,independent,up-0.25,5000,0,1,2,2,0,0,1,8.414886474609375
repr-hard-adam,independent,up-0.25,5000,0,1,4,4,0,0,1,8.094146728515625
repr-hard-adam,independent,up-0.25,5000,0,1,8,8,0,0,3,5.188918113708496
repr-hard-adam,independent,up-0.25,5000,0,1,16,16,0,0,3,4.236071586608887
repr-hard-adam,independent,up-0.25,5000,0,1,32,32,0,0,2,4.070768356323242
repr-hard-adam,independent,up-0.25,5000,0,1,64,64,0,0,2,3.5370805263519287
repr-hard-adam,independent,up-0.25,5000,0,1,128,128,0,0,2,3.0265538692474365
repr-hard-adam,independent,up-0.25,5000,0,1,256,256,0,0,2,2.700551748275757
repr-hard-adam,independent,up-0.25,5000,0,1,512,512,0,0,2,2.8736984729766846
repr-hard-adam,independent,up-0.25,5000,0,1,1024,1024,0,0,5,2.8463404178619385
repr-hard-adam,coherent,up-0.25,5000,0,2,0,0,0,0,0,8.835575103759766
repr-hard-adam,coherent,up-0.25,5000,0,2,1,1,0,0,0,8.656438827514648
repr-hard-adam,coherent,up-0.25,5000,0,2,2,2,0,0,0,8.541072845458984
repr-hard-adam,coherent,up-0.25,5000,0,2,4,4,0,0,1,8.413040161132812
repr-hard-adam,coherent,up-0.25,5000,0,2,8,8,0,0,1,4.252291202545166
repr-hard-adam,coherent,up-0.25,5000,0,2,16,16,0,0,1,4.189457893371582
repr-hard-adam,coherent,up-0.25,5000,0,2,32,32,0,0,1,4.07755708694458
repr-hard-adam,coherent,up-0.25,5000,0,2,64,64,1,0,1,0.0036335564218461514
repr-hard-adam,coherent,up-0.25,5000,0,2,128,128,1,0,1,0.001743048313073814
repr-hard-adam,coherent,up-0.25,5000,0,2,256,256,1,0,1,0.0017047291621565819
repr-hard-adam,coherent,up-0.25,5000,0,2,512,512,1,0,1,0.0016922333743423223
repr-hard-adam,coherent,up-0.25,5000,0,2,1024,1024,1,0,1,0.001675869571045041
repr-hard-adam,independent,up-0.25,5000,0,2,0,0,0,0,0,8.506813049316406
repr-hard-adam,independent,up-0.25,5000,0,2,1,1,0,0,1,7.653805255889893
repr-hard-adam,independent,up-0.25,5000,0,2,2,2,0,0,1,6.908647537231445
repr-hard-adam,independent,up-0.25,5000,0,2,4,4,0,0,1,5.037537574768066
repr-hard-adam,independent,up-0.25,5000,0,2,8,8,0,0,1,3.514822244644165
repr-hard-adam,independent,up-0.25,5000,0,2,16,16,0,0,1,3.342803955078125
repr-hard-adam,independent,up-0.25,5000,0,2,32,32,0,0,1,3.142756223678589
repr-hard-adam,independent,up-0.25,5000,0,2,64,64,0,0,1,2.9709906578063965
repr-hard-adam,independent,up-0.25,5000,0,2,128,128,0,0,1,3.2085254192352295
repr-hard-adam,independent,up-0.25,5000,0,2,256,256,0,0,1,2.9649877548217773
repr-hard-adam,independent,up-0.25,5000,0,2,512,512,0,0,1,3.092442274093628
repr-hard-adam,independent,up-0.25,5000,0,2,1024,1024,0,0,7,3.268756866455078
func-hard-gn,coherent,baseline,5000,1,0,0,0,0,0,0,9.138542175292969
func-hard-gn,coherent,baseline,5000,1,0,1,1,0,0,0,8.361165046691895
func-hard-gn,coherent,baseline,5000,1,0,2,2,0,0,0,7.171216011047363
func-hard-gn,coherent,baseline,5000,1,0,4,4,0,0,0,2.9598217010498047
func-hard-gn,coherent,baseline,5000,1,0,8,8,0,0,4,0.9306415915489197
func-hard-gn,coherent,baseline,5000,1,0,16,16,0,0,4,0.6285960674285889
func-hard-gn,coherent,baseline,5000,1,0,32,32,1,0,5,0.05654381960630417
func-hard-gn,coherent,baseline,5000,1,0,64,64,1,0,4,0.024918576702475548
func-hard-gn,coherent,baseline,5000,1,0,128,128,1,0,4,0.0031266938894987106
func-hard-gn,coherent,baseline,5000,1,0,256,256,1,0,2,0.0013812773395329714
func-hard-gn,coherent,baseline,5000,1,0,512,512,1,0,2,0.001358896610327065
func-hard-gn,coherent,baseline,5000,1,0,1024,1024,1,0,2,0.00135389668866992
func-hard-gn,independent,baseline,5000,1,0,0,0,0,0,0,8.607568740844727
func-hard-gn,independent,baseline,5000,1,0,1,1,0,0,0,8.122237205505371
func-hard-gn,independent,baseline,5000,1,0,2,2,0,0,0,7.291059970855713
func-hard-gn,independent,baseline,5000,1,0,4,4,0,0,2,3.3602523803710938
func-hard-gn,independent,baseline,5000,1,0,8,8,0,0,2,1.578905463218689
func-hard-gn,independent,baseline,5000,1,0,16,16,1,0,3,0.1701134443283081
func-hard-gn,independent,baseline,5000,1,0,32,32,1,0,3,0.08467714488506317
func-hard-gn,independent,baseline,5000,1,0,64,64,1,0,3,0.018016353249549866
func-hard-gn,independent,baseline,5000,1,0,128,128,1,0,3,0.004655991680920124
func-hard-gn,independent,baseline,5000,1,0,256,256,1,0,3,0.0015425008023157716
func-hard-gn,independent,baseline,5000,1,0,512,512,1,0,1,0.0014568634796887636
func-hard-gn,independent,baseline,5000,1,0,1024,1024,1,0,1,0.0014459718950092793
func-hard-gn,coherent,baseline,5000,1,1,0,0,0,0,0,8.52813720703125
func-hard-gn,coherent,baseline,5000,1,1,1,1,0,0,0,8.026734352111816
func-hard-gn,coherent,baseline,5000,1,1,2,2,0,0,0,6.753813743591309
func-hard-gn,coherent,baseline,5000,1,1,4,4,0,0,0,4.484127998352051
func-hard-gn,coherent,baseline,5000,1,1,8,8,0,0,0,0.9017211198806763
func-hard-gn,coherent,baseline,5000,1,1,16,16,1,0,1,0.374675452709198
func-hard-gn,coherent,baseline,5000,1,1,32,32,1,0,2,0.12506526708602905
func-hard-gn,coherent,baseline,5000,1,1,64,64,1,0,1,0.026572080329060555
func-hard-gn,coherent,baseline,5000,1,1,128,128,1,0,3,0.0018144333735108376
func-hard-gn,coherent,baseline,5000,1,1,256,256,1,0,5,0.0015518537256866693
func-hard-gn,coherent,baseline,5000,1,1,512,512,1,0,6,0.001534119015559554
func-hard-gn,coherent,baseline,5000,1,1,1024,1024,1,0,5,0.0015269179129973054
func-hard-gn,independent,baseline,5000,1,1,0,0,0,0,0,8.78215217590332
func-hard-gn,independent,baseline,5000,1,1,1,1,0,0,0,8.430630683898926
func-hard-gn,independent,baseline,5000,1,1,2,2,0,0,0,7.99733829498291
func-hard-gn,independent,baseline,5000,1,1,4,4,0,0,4,5.334270000457764
func-hard-gn,independent,baseline,5000,1,1,8,8,0,0,6,2.958889961242676
func-hard-gn,independent,baseline,5000,1,1,16,16,0,0,5,0.7109646797180176
func-hard-gn,independent,baseline,5000,1,1,32,32,1,0,3,0.025062190368771553
func-hard-gn,independent,baseline,5000,1,1,64,64,1,0,2,0.006620707921683788
func-hard-gn,independent,baseline,5000,1,1,128,128,1,0,1,0.003183916909620166
func-hard-gn,independent,baseline,5000,1,1,256,256,1,0,2,0.0016202207189053297
func-hard-gn,independent,baseline,5000,1,1,512,512,1,0,3,0.0015217382460832596
func-hard-gn,independent,baseline,5000,1,1,1024,1024,1,0,3,0.0014934696955606341
func-hard-gn,coherent,baseline,5000,1,2,0,0,0,0,0,7.982855796813965
func-hard-gn,coherent,baseline,5000,1,2,1,1,0,0,0,7.475558280944824
func-hard-gn,coherent,baseline,5000,1,2,2,2,0,0,0,6.828848361968994
func-hard-gn,coherent,baseline,5000,1,2,4,4,0,0,1,4.052772521972656
func-hard-gn,coherent,baseline,5000,1,2,8,8,0,0,2,0.41445115208625793
func-hard-gn,coherent,baseline,5000,1,2,16,16,1,0,3,0.013670911081135273
func-hard-gn,coherent,baseline,5000,1,2,32,32,1,0,1,0.004866881761699915
func-hard-gn,coherent,baseline,5000,1,2,64,64,1,0,1,0.002408065367490053
func-hard-gn,coherent,baseline,5000,1,2,128,128,1,0,2,0.00145180884283036
func-hard-gn,coherent,baseline,5000,1,2,256,256,1,0,1,0.0014367506373673677
func-hard-gn,coherent,baseline,5000,1,2,512,512,1,1,0,0.0014345484087243676
func-hard-gn,coherent,baseline,5000,1,2,1024,1024,1,1,0,0.001434131758287549
func-hard-gn,independent,baseline,5000,1,2,0,0,0,0,0,8.29904556274414
func-hard-gn,independent,baseline,5000,1,2,1,1,0,0,0,8.010433197021484
func-hard-gn,independent,baseline,5000,1,2,2,2,0,0,0,7.644923686981201
func-hard-gn,independent,baseline,5000,1,2,4,4,0,0,0,5.937478065490723
func-hard-gn,independent,baseline,5000,1,2,8,8,0,0,1,2.1075961589813232
func-hard-gn,independent,baseline,5000,1,2,16,16,1,0,1,0.43302133679389954
func-hard-gn,independent,baseline,5000,1,2,32,32,1,0,2,0.19927886128425598
func-hard-gn,independent,baseline,5000,1,2,64,64,1,0,3,0.021174000576138496
func-hard-gn,independent,baseline,5000,1,2,128,128,1,0,2,0.005110244732350111
func-hard-gn,independent,baseline,5000,1,2,256,256,1,1,0,0.0014190130168572068
func-hard-gn,independent,baseline,5000,1,2,512,512,1,1,0,0.0014031210448592901
func-hard-gn,independent,baseline,5000,1,2,1024,1024,1,1,0,0.001395442639477551
func-soft-adam,coherent,baseline,5000,1,0,0,0,0,0,0,9.138542175292969
func-soft-adam,coherent,baseline,5000,1,0,1,1,0,0,0,8.247259140014648
func-soft-adam,coherent,baseline,5000,1,0,2,2,0,0,0,7.010848045349121
func-soft-adam,coherent,baseline,5000,1,0,4,4,0,0,0,4.013913154602051
func-soft-adam,coherent,baseline,5000,1,0,8,8,1,0,4,0.31847184896469116
func-soft-adam,coherent,baseline,5000,1,0,16,16,1,0,6,0.14579391479492188
func-soft-adam,coherent,baseline,5000,1,0,32,32,1,0,6,0.12914343178272247
func-soft-adam,coherent,baseline,5000,1,0,64,64,1,0,4,0.03998405486345291
func-soft-adam,coherent,baseline,5000,1,0,128,128,1,0,4,0.00983173493295908
func-soft-adam,coherent,baseline,5000,1,0,256,256,1,0,3,0.0035407172981649637
func-soft-adam,coherent,baseline,5000,1,0,512,512,1,0,2,0.002052412601187825
func-soft-adam,coherent,baseline,5000,1,0,1024,1024,1,0,2,0.0015267978888005018
func-soft-adam,independent,baseline,5000,1,0,0,0,0,0,0,8.607568740844727
func-soft-adam,independent,baseline,5000,1,0,1,1,0,0,0,8.028397560119629
func-soft-adam,independent,baseline,5000,1,0,2,2,0,0,0,7.0758161544799805
func-soft-adam,independent,baseline,5000,1,0,4,4,0,0,9,2.112619638442993
func-soft-adam,independent,baseline,5000,1,0,8,8,0,0,4,1.2216966152191162
func-soft-adam,independent,baseline,5000,1,0,16,16,0,0,4,0.5388635396957397
func-soft-adam,independent,baseline,5000,1,0,32,32,1,0,3,0.11494193226099014
func-soft-adam,independent,baseline,5000,1,0,64,64,1,0,3,0.050547465682029724
func-soft-adam,independent,baseline,5000,1,0,128,128,1,0,3,0.004585993941873312
func-soft-adam,independent,baseline,5000,1,0,256,256,1,0,3,0.0021995750721544027
func-soft-adam,independent,baseline,5000,1,0,512,512,1,0,3,0.0017687858780846
func-soft-adam,independent,baseline,5000,1,0,1024,1024,1,0,3,0.001602069940418005
func-soft-adam,coherent,baseline,5000,1,1,0,0,0,0,0,8.52813720703125
func-soft-adam,coherent,baseline,5000,1,1,1,1,0,0,0,7.725914001464844
func-soft-adam,coherent,baseline,5000,1,1,2,2,0,0,1,5.96802282333374
func-soft-adam,coherent,baseline,5000,1,1,4,4,1,0,7,0.09638644754886627
func-soft-adam,coherent,baseline,5000,1,1,8,8,1,0,7,0.018726350739598274
func-soft-adam,coherent,baseline,5000,1,1,16,16,0,0,4,0.6885908246040344
func-soft-adam,coherent,baseline,5000,1,1,32,32,1,0,3,0.31419384479522705
func-soft-adam,coherent,baseline,5000,1,1,64,64,1,0,5,0.12649288773536682
func-soft-adam,coherent,baseline,5000,1,1,128,128,1,0,7,0.02246217057108879
func-soft-adam,coherent,baseline,5000,1,1,256,256,1,0,6,0.00343078444711864
func-soft-adam,coherent,baseline,5000,1,1,512,512,1,0,4,0.0022115237079560757
func-soft-adam,coherent,baseline,5000,1,1,1024,1024,1,0,3,0.0018566875951364636
func-soft-adam,independent,baseline,5000,1,1,0,0,0,0,0,8.78215217590332
func-soft-adam,independent,baseline,5000,1,1,1,1,0,0,0,8.361349105834961
func-soft-adam,independent,baseline,5000,1,1,2,2,0,0,3,7.979194164276123
func-soft-adam,independent,baseline,5000,1,1,4,4,0,0,5,6.964901924133301
func-soft-adam,independent,baseline,5000,1,1,8,8,0,0,6,1.4728909730911255
func-soft-adam,independent,baseline,5000,1,1,16,16,1,0,9,0.11032215505838394
func-soft-adam,independent,baseline,5000,1,1,32,32,1,0,11,0.1747179925441742
func-soft-adam,independent,baseline,5000,1,1,64,64,1,0,9,0.14349594712257385
func-soft-adam,independent,baseline,5000,1,1,128,128,1,0,9,0.005103721749037504
func-soft-adam,independent,baseline,5000,1,1,256,256,1,0,8,0.0021573647391051054
func-soft-adam,independent,baseline,5000,1,1,512,512,1,0,7,0.0016643847338855267
func-soft-adam,independent,baseline,5000,1,1,1024,1024,1,0,6,0.0015450092032551765
func-soft-adam,coherent,baseline,5000,1,2,0,0,0,0,0,7.982855796813965
func-soft-adam,coherent,baseline,5000,1,2,1,1,0,0,0,7.406330108642578
func-soft-adam,coherent,baseline,5000,1,2,2,2,0,0,0,6.748221397399902
func-soft-adam,coherent,baseline,5000,1,2,4,4,0,0,0,5.45981502532959
func-soft-adam,coherent,baseline,5000,1,2,8,8,1,0,3,0.314782053232193
func-soft-adam,coherent,baseline,5000,1,2,16,16,1,0,3,0.04263578727841377
func-soft-adam,coherent,baseline,5000,1,2,32,32,1,0,3,0.08942019939422607
func-soft-adam,coherent,baseline,5000,1,2,64,64,1,0,1,0.010245230048894882
func-soft-adam,coherent,baseline,5000,1,2,128,128,1,1,0,0.0029178212862461805
func-soft-adam,coherent,baseline,5000,1,2,256,256,1,1,0,0.0018723559333011508
func-soft-adam,coherent,baseline,5000,1,2,512,512,1,1,0,0.0015602435451000929
func-soft-adam,coherent,baseline,5000,1,2,1024,1024,1,1,0,0.0014635338447988033
func-soft-adam,independent,baseline,5000,1,2,0,0,0,0,0,8.29904556274414
func-soft-adam,independent,baseline,5000,1,2,1,1,0,0,0,7.961162567138672
func-soft-adam,independent,baseline,5000,1,2,2,2,0,0,0,7.5503997802734375
func-soft-adam,independent,baseline,5000,1,2,4,4,0,0,0,6.213773727416992
func-soft-adam,independent,baseline,5000,1,2,8,8,0,0,3,1.053501009941101
func-soft-adam,independent,baseline,5000,1,2,16,16,0,0,3,0.6933490037918091
func-soft-adam,independent,baseline,5000,1,2,32,32,1,0,2,0.5892314910888672
func-soft-adam,independent,baseline,5000,1,2,64,64,1,0,2,0.07443851977586746
func-soft-adam,independent,baseline,5000,1,2,128,128,1,0,1,0.0032786561641842127
func-soft-adam,independent,baseline,5000,1,2,256,256,1,0,1,0.0018499058205634356
func-soft-adam,independent,baseline,5000,1,2,512,512,1,0,1,0.0015409630723297596
func-soft-adam,independent,baseline,5000,1,2,1024,1024,1,0,1,0.0014683541376143694
func-soft-gn,coherent,baseline,5000,1,0,0,0,0,0,0,9.138542175292969
func-soft-gn,coherent,baseline,5000,1,0,1,1,0,0,0,8.378411293029785
func-soft-gn,coherent,baseline,5000,1,0,2,2,0,0,0,7.219112873077393
func-soft-gn,coherent,baseline,5000,1,0,4,4,0,0,0,3.1681132316589355
func-soft-gn,coherent,baseline,5000,1,0,8,8,1,0,6,0.16726379096508026
func-soft-gn,coherent,baseline,5000,1,0,16,16,1,0,5,0.08472130447626114
func-soft-gn,coherent,baseline,5000,1,0,32,32,1,0,3,0.014075648039579391
func-soft-gn,coherent,baseline,5000,1,0,64,64,1,0,4,0.002255511237308383
func-soft-gn,coherent,baseline,5000,1,0,128,128,1,0,3,0.0015697620110586286
func-soft-gn,coherent,baseline,5000,1,0,256,256,1,0,1,0.0013619918609037995
func-soft-gn,coherent,baseline,5000,1,0,512,512,1,0,2,0.0013549680588766932
func-soft-gn,coherent,baseline,5000,1,0,1024,1024,1,0,2,0.0013528252020478249
func-soft-gn,independent,baseline,5000,1,0,0,0,0,0,0,8.607568740844727
func-soft-gn,independent,baseline,5000,1,0,1,1,0,0,0,8.133597373962402
func-soft-gn,independent,baseline,5000,1,0,2,2,0,0,0,7.3414306640625
func-soft-gn,independent,baseline,5000,1,0,4,4,0,0,5,1.999612808227539
func-soft-gn,independent,baseline,5000,1,0,8,8,1,0,3,0.2403258979320526
func-soft-gn,independent,baseline,5000,1,0,16,16,1,0,3,0.1450413465499878
func-soft-gn,independent,baseline,5000,1,0,32,32,1,0,3,0.1291722059249878
func-soft-gn,independent,baseline,5000,1,0,64,64,1,0,3,0.05747595801949501
func-soft-gn,independent,baseline,5000,1,0,128,128,1,0,5,0.003673708066344261
func-soft-gn,independent,baseline,5000,1,0,256,256,1,0,3,0.001513819326646626
func-soft-gn,independent,baseline,5000,1,0,512,512,1,0,1,0.0014555540401488543
func-soft-gn,independent,baseline,5000,1,0,1024,1024,1,0,1,0.0014458529185503721
func-soft-gn,coherent,baseline,5000,1,1,0,0,0,0,0,8.52813720703125
func-soft-gn,coherent,baseline,5000,1,1,1,1,0,0,0,8.044075965881348
func-soft-gn,coherent,baseline,5000,1,1,2,2,0,0,0,6.870303153991699
func-soft-gn,coherent,baseline,5000,1,1,4,4,1,0,1,0.5315543413162231
func-soft-gn,coherent,baseline,5000,1,1,8,8,1,1,0,0.48076939582824707
func-soft-gn,coherent,baseline,5000,1,1,16,16,1,0,1,0.34744197130203247
func-soft-gn,coherent,baseline,5000,1,1,32,32,1,0,2,0.04500673711299896
func-soft-gn,coherent,baseline,5000,1,1,64,64,1,0,6,0.004654082003980875
func-soft-gn,coherent,baseline,5000,1,1,128,128,1,0,2,0.0018040844006463885
func-soft-gn,coherent,baseline,5000,1,1,256,256,1,0,3,0.001547330874018371
func-soft-gn,coherent,baseline,5000,1,1,512,512,1,0,4,0.0015335833886638284
func-soft-gn,coherent,baseline,5000,1,1,1024,1024,1,0,6,0.0015291793970391154
func-soft-gn,independent,baseline,5000,1,1,0,0,0,0,0,8.78215217590332
func-soft-gn,independent,baseline,5000,1,1,1,1,0,0,0,8.438061714172363
func-soft-gn,independent,baseline,5000,1,1,2,2,0,0,0,8.01054573059082
func-soft-gn,independent,baseline,5000,1,1,4,4,0,0,4,5.410403728485107
func-soft-gn,independent,baseline,5000,1,1,8,8,0,0,5,2.683176040649414
func-soft-gn,independent,baseline,5000,1,1,16,16,0,0,7,0.4052676558494568
func-soft-gn,independent,baseline,5000,1,1,32,32,1,0,4,0.1273038536310196
func-soft-gn,independent,baseline,5000,1,1,64,64,1,0,7,0.02199123054742813
func-soft-gn,independent,baseline,5000,1,1,128,128,1,0,6,0.0032455413602292538
func-soft-gn,independent,baseline,5000,1,1,256,256,1,0,4,0.001524298102594912
func-soft-gn,independent,baseline,5000,1,1,512,512,1,0,4,0.0014976360835134983
func-soft-gn,independent,baseline,5000,1,1,1024,1024,1,0,4,0.0014878161018714309
func-soft-gn,coherent,baseline,5000,1,2,0,0,0,0,0,7.982855796813965
func-soft-gn,coherent,baseline,5000,1,2,1,1,0,0,0,7.474780082702637
func-soft-gn,coherent,baseline,5000,1,2,2,2,0,0,0,6.818280220031738
func-soft-gn,coherent,baseline,5000,1,2,4,4,0,0,1,2.989060401916504
func-soft-gn,coherent,baseline,5000,1,2,8,8,0,0,3,0.4386419951915741
func-soft-gn,coherent,baseline,5000,1,2,16,16,1,0,2,0.35801932215690613
func-soft-gn,coherent,baseline,5000,1,2,32,32,1,0,3,0.022863660007715225
func-soft-gn,coherent,baseline,5000,1,2,64,64,1,0,1,0.004806033801287413
func-soft-gn,coherent,baseline,5000,1,2,128,128,1,0,3,0.0014466308057308197
func-soft-gn,coherent,baseline,5000,1,2,256,256,1,0,1,0.0014366315444931388
func-soft-gn,coherent,baseline,5000,1,2,512,512,1,0,1,0.0014349054545164108
func-soft-gn,coherent,baseline,5000,1,2,1024,1024,1,1,0,0.001434369827620685
func-soft-gn,independent,baseline,5000,1,2,0,0,0,0,0,8.29904556274414
func-soft-gn,independent,baseline,5000,1,2,1,1,0,0,0,8.034303665161133
func-soft-gn,independent,baseline,5000,1,2,2,2,0,0,0,7.700405597686768
func-soft-gn,independent,baseline,5000,1,2,4,4,0,0,0,6.194561004638672
func-soft-gn,independent,baseline,5000,1,2,8,8,0,0,2,0.6689974069595337
func-soft-gn,independent,baseline,5000,1,2,16,16,1,0,2,0.4123801290988922
func-soft-gn,independent,baseline,5000,1,2,32,32,1,0,1,0.270391047000885
func-soft-gn,independent,baseline,5000,1,2,64,64,1,0,4,0.021645473316311836
func-soft-gn,independent,baseline,5000,1,2,128,128,1,0,1,0.004304572474211454
func-soft-gn,independent,baseline,5000,1,2,256,256,1,1,0,0.0014175844844430685
func-soft-gn,independent,baseline,5000,1,2,512,512,1,1,0,0.0014030614402145147
func-soft-gn,independent,baseline,5000,1,2,1024,1024,1,0,1,0.0013981806114315987
repr-hard-adam,coherent,baseline,5000,1,0,0,0,0,0,0,9.138542175292969
repr-hard-adam,coherent,baseline,5000,1,0,1,1,0,0,0,8.741300582885742
repr-hard-adam,coherent,baseline,5000,1,0,2,2,0,0,0,8.390941619873047
repr-hard-adam,coherent,baseline,5000,1,0,4,4,0,0,0,7.9348554611206055
repr-hard-adam,coherent,baseline,5000,1,0,8,8,0,0,0,7.682526588439941
repr-hard-adam,coherent,baseline,5000,1,0,16,16,0,0,0,7.671444416046143
repr-hard-adam,coherent,baseline,5000,1,0,32,32,0,0,0,7.71986198425293
repr-hard-adam,coherent,baseline,5000,1,0,64,64,0,0,0,7.748538017272949
repr-hard-adam,coherent,baseline,5000,1,0,128,128,0,0,0,7.830295562744141
repr-hard-adam,coherent,baseline,5000,1,0,256,256,0,0,0,7.860962867736816
repr-hard-adam,coherent,baseline,5000,1,0,512,512,0,0,0,7.928865432739258
repr-hard-adam,coherent,baseline,5000,1,0,1024,1024,0,0,0,8.071908950805664
repr-hard-adam,independent,baseline,5000,1,0,0,0,0,0,0,8.607568740844727
repr-hard-adam,independent,baseline,5000,1,0,1,1,0,0,0,8.028397560119629
repr-hard-adam,independent,baseline,5000,1,0,2,2,0,0,0,7.898286819458008
repr-hard-adam,independent,baseline,5000,1,0,4,4,0,0,0,7.783699989318848
repr-hard-adam,independent,baseline,5000,1,0,8,8,0,0,0,7.603821754455566
repr-hard-adam,independent,baseline,5000,1,0,16,16,0,0,0,7.457476615905762
repr-hard-adam,independent,baseline,5000,1,0,32,32,0,0,0,7.341375350952148
repr-hard-adam,independent,baseline,5000,1,0,64,64,0,0,1,7.270837783813477
repr-hard-adam,independent,baseline,5000,1,0,128,128,0,0,1,7.27155876159668
repr-hard-adam,independent,baseline,5000,1,0,256,256,0,0,2,7.362178802490234
repr-hard-adam,independent,baseline,5000,1,0,512,512,0,0,2,7.29796028137207
repr-hard-adam,independent,baseline,5000,1,0,1024,1024,0,0,2,7.450896263122559
repr-hard-adam,coherent,baseline,5000,1,1,0,0,0,0,0,8.52813720703125
repr-hard-adam,coherent,baseline,5000,1,1,1,1,0,0,0,7.725914001464844
repr-hard-adam,coherent,baseline,5000,1,1,2,2,0,0,0,7.374051094055176
repr-hard-adam,coherent,baseline,5000,1,1,4,4,0,0,0,6.724717140197754
repr-hard-adam,coherent,baseline,5000,1,1,8,8,0,0,0,6.409745693206787
repr-hard-adam,coherent,baseline,5000,1,1,16,16,0,0,0,5.956967353820801
repr-hard-adam,coherent,baseline,5000,1,1,32,32,0,0,0,6.114490032196045
repr-hard-adam,coherent,baseline,5000,1,1,64,64,0,0,0,6.706509590148926
repr-hard-adam,coherent,baseline,5000,1,1,128,128,0,0,0,7.150656700134277
repr-hard-adam,coherent,baseline,5000,1,1,256,256,0,0,0,7.061924457550049
repr-hard-adam,coherent,baseline,5000,1,1,512,512,0,0,1,6.544381141662598
repr-hard-adam,coherent,baseline,5000,1,1,1024,1024,0,0,0,7.252748012542725
repr-hard-adam,independent,baseline,5000,1,1,0,0,0,0,0,8.78215217590332
repr-hard-adam,independent,baseline,5000,1,1,1,1,0,0,0,8.361349105834961
repr-hard-adam,independent,baseline,5000,1,1,2,2,0,0,0,8.243467330932617
repr-hard-adam,independent,baseline,5000,1,1,4,4,0,0,0,8.043336868286133
repr-hard-adam,independent,baseline,5000,1,1,8,8,0,0,1,7.869702339172363
repr-hard-adam,independent,baseline,5000,1,1,16,16,0,0,1,7.286268711090088
repr-hard-adam,independent,baseline,5000,1,1,32,32,0,0,1,6.522690773010254
repr-hard-adam,independent,baseline,5000,1,1,64,64,0,0,1,6.416983127593994
repr-hard-adam,independent,baseline,5000,1,1,128,128,0,0,1,7.038096904754639
repr-hard-adam,independent,baseline,5000,1,1,256,256,0,0,1,7.639425277709961
repr-hard-adam,independent,baseline,5000,1,1,512,512,0,0,0,7.660057067871094
repr-hard-adam,independent,baseline,5000,1,1,1024,1024,0,0,0,7.78113317489624
repr-hard-adam,coherent,baseline,5000,1,2,0,0,0,0,0,7.982855796813965
repr-hard-adam,coherent,baseline,5000,1,2,1,1,0,0,0,7.701972007751465
repr-hard-adam,coherent,baseline,5000,1,2,2,2,0,0,0,7.617619514465332
repr-hard-adam,coherent,baseline,5000,1,2,4,4,0,0,0,7.60346794128418
repr-hard-adam,coherent,baseline,5000,1,2,8,8,0,0,0,7.636123180389404
repr-hard-adam,coherent,baseline,5000,1,2,16,16,0,0,0,7.6282830238342285
repr-hard-adam,coherent,baseline,5000,1,2,32,32,0,0,0,7.659873008728027
repr-hard-adam,coherent,baseline,5000,1,2,64,64,0,0,0,7.53962516784668
repr-hard-adam,coherent,baseline,5000,1,2,128,128,0,0,0,6.888541221618652
repr-hard-adam,coherent,baseline,5000,1,2,256,256,0,0,0,2.831343412399292
repr-hard-adam,coherent,baseline,5000,1,2,512,512,1,1,0,0.008496046997606754
repr-hard-adam,coherent,baseline,5000,1,2,1024,1024,1,1,0,0.004631571937352419
repr-hard-adam,independent,baseline,5000,1,2,0,0,0,0,0,8.29904556274414
repr-hard-adam,independent,baseline,5000,1,2,1,1,0,0,0,8.135371208190918
repr-hard-adam,independent,baseline,5000,1,2,2,2,0,0,0,8.066652297973633
repr-hard-adam,independent,baseline,5000,1,2,4,4,0,0,0,7.991395950317383
repr-hard-adam,independent,baseline,5000,1,2,8,8,0,0,0,7.928042411804199
repr-hard-adam,independent,baseline,5000,1,2,16,16,0,0,0,7.825098991394043
repr-hard-adam,independent,baseline,5000,1,2,32,32,0,0,0,7.659122943878174
repr-hard-adam,independent,baseline,5000,1,2,64,64,0,0,0,6.844596862792969
repr-hard-adam,independent,baseline,5000,1,2,128,128,0,0,0,3.6440601348876953
repr-hard-adam,independent,baseline,5000,1,2,256,256,0,0,0,1.6582847833633423
repr-hard-adam,independent,baseline,5000,1,2,512,512,1,1,0,0.25507381558418274
repr-hard-adam,independent,baseline,5000,1,2,1024,1024,1,1,0,0.2546992301940918
func-hard-gn,coherent,up-0.25,5000,1,0,0,0,0,0,0,9.168800354003906
func-hard-gn,coherent,up-0.25,5000,1,0,1,1,0,0,0,8.454840660095215
func-hard-gn,coherent,up-0.25,5000,1,0,2,2,0,0,0,4.749625205993652
func-hard-gn,coherent,up-0.25,5000,1,0,4,4,0,0,0,2.0226447582244873
func-hard-gn,coherent,up-0.25,5000,1,0,8,8,1,1,0,0.0017171058570966125
func-hard-gn,coherent,up-0.25,5000,1,0,16,16,1,1,0,0.0014055022038519382
func-hard-gn,coherent,up-0.25,5000,1,0,32,32,1,1,0,0.0013610394671559334
func-hard-gn,coherent,up-0.25,5000,1,0,64,64,1,1,0,0.0013502656947821379
func-hard-gn,coherent,up-0.25,5000,1,0,128,128,1,1,0,0.0013471704442054033
func-hard-gn,coherent,up-0.25,5000,1,0,256,256,1,1,0,0.001345979981124401
func-hard-gn,coherent,up-0.25,5000,1,0,512,512,1,1,0,0.0013453846331685781
func-hard-gn,coherent,up-0.25,5000,1,0,1024,1024,1,1,0,0.001344908494502306
func-hard-gn,independent,up-0.25,5000,1,0,0,0,0,0,0,8.640024185180664
func-hard-gn,independent,up-0.25,5000,1,0,1,1,0,0,0,8.284677505493164
func-hard-gn,independent,up-0.25,5000,1,0,2,2,0,0,0,8.026046752929688
func-hard-gn,independent,up-0.25,5000,1,0,4,4,0,0,0,3.139591693878174
func-hard-gn,independent,up-0.25,5000,1,0,8,8,0,0,0,3.0734846591949463
func-hard-gn,independent,up-0.25,5000,1,0,16,16,0,0,0,2.6365814208984375
func-hard-gn,independent,up-0.25,5000,1,0,32,32,1,1,0,0.07254349440336227
func-hard-gn,independent,up-0.25,5000,1,0,64,64,1,1,0,0.021260453388094902
func-hard-gn,independent,up-0.25,5000,1,0,128,128,1,1,0,0.0037657334469258785
func-hard-gn,independent,up-0.25,5000,1,0,256,256,1,1,0,0.0014679913874715567
func-hard-gn,independent,up-0.25,5000,1,0,512,512,1,1,0,0.001460968516767025
func-hard-gn,independent,up-0.25,5000,1,0,1024,1024,1,1,0,0.001458647195249796
func-hard-gn,coherent,up-0.25,5000,1,1,0,0,0,0,0,8.615034103393555
func-hard-gn,coherent,up-0.25,5000,1,1,1,1,0,0,0,8.25567626953125
func-hard-gn,coherent,up-0.25,5000,1,1,2,2,0,0,0,7.274962425231934
func-hard-gn,coherent,up-0.25,5000,1,1,4,4,0,0,0,5.459607124328613
func-hard-gn,coherent,up-0.25,5000,1,1,8,8,0,0,0,3.6069540977478027
func-hard-gn,coherent,up-0.25,5000,1,1,16,16,0,0,1,1.9961583614349365
func-hard-gn,coherent,up-0.25,5000,1,1,32,32,1,0,1,0.0016082695219665766
func-hard-gn,coherent,up-0.25,5000,1,1,64,64,1,0,2,0.001571076107211411
func-hard-gn,coherent,up-0.25,5000,1,1,128,128,1,0,2,0.0015676245093345642
func-hard-gn,coherent,up-0.25,5000,1,1,256,256,1,0,1,0.0015656010946258903
func-hard-gn,coherent,up-0.25,5000,1,1,512,512,1,0,1,0.0015644108643755317
func-hard-gn,coherent,up-0.25,5000,1,1,1024,1024,1,0,1,0.0015637562610208988
func-hard-gn,independent,up-0.25,5000,1,1,0,0,0,0,0,8.765641212463379
func-hard-gn,independent,up-0.25,5000,1,1,1,1,0,0,0,8.531908988952637
func-hard-gn,independent,up-0.25,5000,1,1,2,2,0,0,0,7.9118876457214355
func-hard-gn,independent,up-0.25,5000,1,1,4,4,0,0,2,3.9884629249572754
func-hard-gn,independent,up-0.25,5000,1,1,8,8,0,0,0,2.8735852241516113
func-hard-gn,independent,up-0.25,5000,1,1,16,16,0,0,0,2.7659947872161865
func-hard-gn,independent,up-0.25,5000,1,1,32,32,1,0,2,0.02348870411515236
func-hard-gn,independent,up-0.25,5000,1,1,64,64,1,0,2,0.00287560629658401
func-hard-gn,independent,up-0.25,5000,1,1,128,128,1,0,1,0.0015707779675722122
func-hard-gn,independent,up-0.25,5000,1,1,256,256,1,1,0,0.001541021978482604
func-hard-gn,independent,up-0.25,5000,1,1,512,512,1,1,0,0.0015363800339400768
func-hard-gn,independent,up-0.25,5000,1,1,1024,1024,1,1,0,0.0015350708272308111
func-hard-gn,coherent,up-0.25,5000,1,2,0,0,0,0,0,7.928873062133789
func-hard-gn,coherent,up-0.25,5000,1,2,1,1,0,0,0,7.551872253417969
func-hard-gn,coherent,up-0.25,5000,1,2,2,2,0,0,0,7.008420467376709
func-hard-gn,coherent,up-0.25,5000,1,2,4,4,0,0,0,5.699254035949707
func-hard-gn,coherent,up-0.25,5000,1,2,8,8,0,0,1,3.861884832382202
func-hard-gn,coherent,up-0.25,5000,1,2,16,16,0,0,3,1.610505223274231
func-hard-gn,coherent,up-0.25,5000,1,2,32,32,1,0,2,0.057920873165130615
func-hard-gn,coherent,up-0.25,5000,1,2,64,64,1,0,1,0.0015092422254383564
func-hard-gn,coherent,up-0.25,5000,1,2,128,128,1,1,0,0.0014999578706920147
func-hard-gn,coherent,up-0.25,5000,1,2,256,256,1,1,0,0.0014978748513385653
func-hard-gn,coherent,up-0.25,5000,1,2,512,512,1,1,0,0.0014971011551097035
func-hard-gn,coherent,up-0.25,5000,1,2,1024,1024,1,0,1,0.001496803481131792
func-hard-gn,independent,up-0.25,5000,1,2,0,0,0,0,0,8.421553611755371
func-hard-gn,independent,up-0.25,5000,1,2,1,1,0,0,0,8.223201751708984
func-hard-gn,independent,up-0.25,5000,1,2,2,2,0,0,0,7.983719825744629
func-hard-gn,independent,up-0.25,5000,1,2,4,4,0,0,0,7.209432601928711
func-hard-gn,independent,up-0.25,5000,1,2,8,8,0,0,2,5.9782562255859375
func-hard-gn,independent,up-0.25,5000,1,2,16,16,0,0,3,4.77678918838501
func-hard-gn,independent,up-0.25,5000,1,2,32,32,0,0,4,1.5077946186065674
func-hard-gn,independent,up-0.25,5000,1,2,64,64,1,0,4,0.006314859259873629
func-hard-gn,independent,up-0.25,5000,1,2,128,128,1,0,3,0.001453471602872014
func-hard-gn,independent,up-0.25,5000,1,2,256,256,1,0,3,0.0014268674422055483
func-hard-gn,independent,up-0.25,5000,1,2,512,512,1,0,2,0.0014241294702515006
func-hard-gn,independent,up-0.25,5000,1,2,1024,1024,1,0,2,0.0014228200307115912
func-soft-adam,coherent,up-0.25,5000,1,0,0,0,0,0,0,9.168800354003906
func-soft-adam,coherent,up-0.25,5000,1,0,1,1,0,0,0,7.778666019439697
func-soft-adam,coherent,up-0.25,5000,1,0,2,2,0,0,0,1.8566715717315674
func-soft-adam,coherent,up-0.25,5000,1,0,4,4,1,0,2,0.0014203810133039951
func-soft-adam,coherent,up-0.25,5000,1,0,8,8,1,0,2,0.0013878247700631618
func-soft-adam,coherent,up-0.25,5000,1,0,16,16,1,1,0,0.005435932893306017
func-soft-adam,coherent,up-0.25,5000,1,0,32,32,1,0,1,0.0017527395393699408
func-soft-adam,coherent,up-0.25,5000,1,0,64,64,1,1,0,0.003629667218774557
func-soft-adam,coherent,up-0.25,5000,1,0,128,128,1,1,0,0.0018827463500201702
func-soft-adam,coherent,up-0.25,5000,1,0,256,256,1,1,0,0.001652007456868887
func-soft-adam,coherent,up-0.25,5000,1,0,512,512,1,1,0,0.0014945416478440166
func-soft-adam,coherent,up-0.25,5000,1,0,1024,1024,1,1,0,0.0014025860000401735
func-soft-adam,independent,up-0.25,5000,1,0,0,0,0,0,0,8.640024185180664
func-soft-adam,independent,up-0.25,5000,1,0,1,1,0,0,0,7.918519973754883
func-soft-adam,independent,up-0.25,5000,1,0,2,2,0,0,0,3.785515785217285
func-soft-adam,independent,up-0.25,5000,1,0,4,4,0,0,2,3.6688191890716553
func-soft-adam,independent,up-0.25,5000,1,0,8,8,0,0,0,3.3686747550964355
func-soft-adam,independent,up-0.25,5000,1,0,16,16,0,0,0,2.355175018310547
func-soft-adam,independent,up-0.25,5000,1,0,32,32,1,1,0,0.010309514589607716
func-soft-adam,independent,up-0.25,5000,1,0,64,64,1,1,0,0.012498678639531136
func-soft-adam,independent,up-0.25,5000,1,0,128,128,1,1,0,0.0054859742522239685
func-soft-adam,independent,up-0.25,5000,1,0,256,256,1,1,0,0.003170385956764221
func-soft-adam,independent,up-0.25,5000,1,0,512,512,1,1,0,0.0019676820375025272
func-soft-adam,independent,up-0.25,5000,1,0,1024,1024,1,1,0,0.0016124257817864418
func-soft-adam,coherent,up-0.25,5000,1,1,0,0,0,0,0,8.615034103393555
func-soft-adam,coherent,up-0.25,5000,1,1,1,1,0,0,0,6.810378551483154
func-soft-adam,coherent,up-0.25,5000,1,1,2,2,0,0,1,2.0979652404785156
func-soft-adam,coherent,up-0.25,5000,1,1,4,4,1,0,5,0.002977814059704542
func-soft-adam,coherent,up-0.25,5000,1,1,8,8,1,0,3,0.0024750614538788795
func-soft-adam,coherent,up-0.25,5000,1,1,16,16,1,0,3,0.041537944227457047
func-soft-adam,coherent,up-0.25,5000,1,1,32,32,1,0,4,0.003180928062647581
func-soft-adam,coherent,up-0.25,5000,1,1,64,64,1,0,4,0.0025851200334727764
func-soft-adam,coherent,up-0.25,5000,1,1,128,128,1,0,4,0.0023416667245328426
func-soft-adam,coherent,up-0.25,5000,1,1,256,256,1,0,4,0.002056088764220476
func-soft-adam,coherent,up-0.25,5000,1,1,512,512,1,0,4,0.00180111825466156
func-soft-adam,coherent,up-0.25,5000,1,1,1024,1024,1,0,4,0.001658791210502386
func-soft-adam,independent,up-0.25,5000,1,1,0,0,0,0,0,8.765641212463379
func-soft-adam,independent,up-0.25,5000,1,1,1,1,0,0,0,8.464357376098633
func-soft-adam,independent,up-0.25,5000,1,1,2,2,0,0,1,7.28926944732666
func-soft-adam,independent,up-0.25,5000,1,1,4,4,0,0,7,3.252222776412964
func-soft-adam,independent,up-0.25,5000,1,1,8,8,0,0,0,3.1765522956848145
func-soft-adam,independent,up-0.25,5000,1,1,16,16,0,0,1,2.6703455448150635
func-soft-adam,independent,up-0.25,5000,1,1,32,32,1,0,3,0.24812926352024078
func-soft-adam,independent,up-0.25,5000,1,1,64,64,1,0,3,0.012265464290976524
func-soft-adam,independent,up-0.25,5000,1,1,128,128,1,0,2,0.00594684574753046
func-soft-adam,independent,up-0.25,5000,1,1,256,256,1,0,3,0.0030197161249816418
func-soft-adam,independent,up-0.25,5000,1,1,512,512,1,0,1,0.001797847100533545
func-soft-adam,independent,up-0.25,5000,1,1,1024,1024,1,0,1,0.0016398662701249123
func-soft-adam,coherent,up-0.25,5000,1,2,0,0,0,0,0,7.928873062133789
func-soft-adam,coherent,up-0.25,5000,1,2,1,1,0,0,0,7.264187812805176
func-soft-adam,coherent,up-0.25,5000,1,2,2,2,0,0,0,6.059946060180664
func-soft-adam,coherent,up-0.25,5000,1,2,4,4,0,0,2,2.8851821422576904
func-soft-adam,coherent,up-0.25,5000,1,2,8,8,0,0,3,0.5435099601745605
func-soft-adam,coherent,up-0.25,5000,1,2,16,16,1,0,3,0.41403791308403015
func-soft-adam,coherent,up-0.25,5000,1,2,32,32,1,0,2,0.30554255843162537
func-soft-adam,coherent,up-0.25,5000,1,2,64,64,1,0,6,0.12249475717544556
func-soft-adam,coherent,up-0.25,5000,1,2,128,128,1,0,5,0.003088411409407854
func-soft-adam,coherent,up-0.25,5000,1,2,256,256,1,0,5,0.0021879496052861214
func-soft-adam,coherent,up-0.25,5000,1,2,512,512,1,0,3,0.0017513780621811748
func-soft-adam,coherent,up-0.25,5000,1,2,1024,1024,1,0,2,0.0015780983958393335
func-soft-adam,independent,up-0.25,5000,1,2,0,0,0,0,0,8.421553611755371
func-soft-adam,independent,up-0.25,5000,1,2,1,1,0,0,0,8.159607887268066
func-soft-adam,independent,up-0.25,5000,1,2,2,2,0,0,0,7.802343368530273
func-soft-adam,independent,up-0.25,5000,1,2,4,4,0,0,2,6.791067123413086
func-soft-adam,independent,up-0.25,5000,1,2,8,8,0,0,4,3.75476336479187
func-soft-adam,independent,up-0.25,5000,1,2,16,16,0,0,3,3.728259325027466
func-soft-adam,independent,up-0.25,5000,1,2,32,32,1,0,5,0.8066160678863525
func-soft-adam,independent,up-0.25,5000,1,2,64,64,1,0,4,0.2355525940656662
func-soft-adam,independent,up-0.25,5000,1,2,128,128,1,0,7,0.0025416198186576366
func-soft-adam,independent,up-0.25,5000,1,2,256,256,1,0,5,0.0018553625559434295
func-soft-adam,independent,up-0.25,5000,1,2,512,512,1,0,5,0.001591959036886692
func-soft-adam,independent,up-0.25,5000,1,2,1024,1024,1,0,3,0.0014909668825566769
func-soft-gn,coherent,up-0.25,5000,1,0,0,0,0,0,0,9.168800354003906
func-soft-gn,coherent,up-0.25,5000,1,0,1,1,0,0,0,8.53697395324707
func-soft-gn,coherent,up-0.25,5000,1,0,2,2,0,0,0,4.215300559997559
func-soft-gn,coherent,up-0.25,5000,1,0,4,4,1,0,1,0.0014568071346729994
func-soft-gn,coherent,up-0.25,5000,1,0,8,8,1,1,0,0.001504954881966114
func-soft-gn,coherent,up-0.25,5000,1,0,16,16,1,1,0,0.0018384014256298542
func-soft-gn,coherent,up-0.25,5000,1,0,32,32,1,1,0,0.0013938958290964365
func-soft-gn,coherent,up-0.25,5000,1,0,64,64,1,1,0,0.0013528252020478249
func-soft-gn,coherent,up-0.25,5000,1,0,128,128,1,1,0,0.0013480037450790405
func-soft-gn,coherent,up-0.25,5000,1,0,256,256,1,1,0,0.0013463965151458979
func-soft-gn,coherent,up-0.25,5000,1,0,512,512,1,1,0,0.001345503726042807
func-soft-gn,coherent,up-0.25,5000,1,0,1024,1024,1,1,0,0.0013449679827317595
func-soft-gn,independent,up-0.25,5000,1,0,0,0,0,0,0,8.640024185180664
func-soft-gn,independent,up-0.25,5000,1,0,1,1,0,0,0,8.33623218536377
func-soft-gn,independent,up-0.25,5000,1,0,2,2,0,0,0,6.425747394561768
func-soft-gn,independent,up-0.25,5000,1,0,4,4,0,0,0,3.04136061668396
func-soft-gn,independent,up-0.25,5000,1,0,8,8,0,0,0,2.9132015705108643
func-soft-gn,independent,up-0.25,5000,1,0,16,16,0,0,0,2.848097801208496
func-soft-gn,independent,up-0.25,5000,1,0,32,32,1,1,0,0.03203519061207771
func-soft-gn,independent,up-0.25,5000,1,0,64,64,1,1,0,0.008298763073980808
func-soft-gn,independent,up-0.25,5000,1,0,128,128,1,1,0,0.0017039309022948146
func-soft-gn,independent,up-0.25,5000,1,0,256,256,1,1,0,0.001467098598368466
func-soft-gn,independent,up-0.25,5000,1,0,512,512,1,1,0,0.0014613850507885218
func-soft-gn,independent,up-0.25,5000,1,0,1024,1024,1,1,0,0.001459004357457161
func-soft-gn,coherent,up-0.25,5000,1,1,0,0,0,0,0,8.615034103393555
func-soft-gn,coherent,up-0.25,5000,1,1,1,1,0,0,0,7.543356895446777
func-soft-gn,coherent,up-0.25,5000,1,1,2,2,0,0,0,6.058159351348877
func-soft-gn,coherent,up-0.25,5000,1,1,4,4,1,0,3,0.015067649073898792
func-soft-gn,coherent,up-0.25,5000,1,1,8,8,1,0,2,0.00534460786730051
func-soft-gn,coherent,up-0.25,5000,1,1,16,16,1,0,2,0.0017207353375852108
func-soft-gn,coherent,up-0.25,5000,1,1,32,32,1,0,2,0.0015872034709900618
func-soft-gn,coherent,up-0.25,5000,1,1,64,64,1,0,2,0.0015695883193984628
func-soft-gn,coherent,up-0.25,5000,1,1,128,128,1,0,1,0.0015667913248762488
func-soft-gn,coherent,up-0.25,5000,1,1,256,256,1,0,1,0.0015653630252927542
func-soft-gn,coherent,up-0.25,5000,1,1,512,512,1,0,1,0.0015645299572497606
func-soft-gn,coherent,up-0.25,5000,1,1,1024,1024,1,0,1,0.0015638157492503524
func-soft-gn,independent,up-0.25,5000,1,1,0,0,0,0,0,8.765641212463379
func-soft-gn,independent,up-0.25,5000,1,1,1,1,0,0,0,8.540336608886719
func-soft-gn,independent,up-0.25,5000,1,1,2,2,0,0,0,8.042069435119629
func-soft-gn,independent,up-0.25,5000,1,1,4,4,0,0,6,2.996004581451416
func-soft-gn,independent,up-0.25,5000,1,1,8,8,0,0,1,2.9296436309814453
func-soft-gn,independent,up-0.25,5000,1,1,16,16,0,0,1,2.823242425918579
func-soft-gn,independent,up-0.25,5000,1,1,32,32,1,0,2,0.06344613432884216
func-soft-gn,independent,up-0.25,5000,1,1,64,64,1,0,2,0.0017321559134870768
func-soft-gn,independent,up-0.25,5000,1,1,128,128,1,1,0,0.0015528053045272827
func-soft-gn,independent,up-0.25,5000,1,1,256,256,1,1,0,0.0015396532835438848
func-soft-gn,independent,up-0.25,5000,1,1,512,512,1,1,0,0.00153596349991858
func-soft-gn,independent,up-0.25,5000,1,1,1024,1024,1,1,0,0.0015348326414823532
func-soft-gn,coherent,up-0.25,5000,1,2,0,0,0,0,0,7.928873062133789
func-soft-gn,coherent,up-0.25,5000,1,2,1,1,0,0,0,7.554834365844727
func-soft-gn,coherent,up-0.25,5000,1,2,2,2,0,0,0,7.011714935302734
func-soft-gn,coherent,up-0.25,5000,1,2,4,4,0,0,1,4.012908935546875
func-soft-gn,coherent,up-0.25,5000,1,2,8,8,0,0,3,1.539205551147461
func-soft-gn,coherent,up-0.25,5000,1,2,16,16,0,0,2,0.4732236862182617
func-soft-gn,coherent,up-0.25,5000,1,2,32,32,1,0,2,0.006184681318700314
func-soft-gn,coherent,up-0.25,5000,1,2,64,64,1,0,1,0.0015013862866908312
func-soft-gn,coherent,up-0.25,5000,1,2,128,128,1,0,2,0.0014987080357968807
func-soft-gn,coherent,up-0.25,5000,1,2,256,256,1,0,2,0.0014976962702348828
func-soft-gn,coherent,up-0.25,5000,1,2,512,512,1,0,1,0.001497160643339157
func-soft-gn,coherent,up-0.25,5000,1,2,1024,1024,1,1,0,0.001496684504672885
func-soft-gn,independent,up-0.25,5000,1,2,0,0,0,0,0,8.421553611755371
func-soft-gn,independent,up-0.25,5000,1,2,1,1,0,0,0,8.228288650512695
func-soft-gn,independent,up-0.25,5000,1,2,2,2,0,0,0,7.998770713806152
func-soft-gn,independent,up-0.25,5000,1,2,4,4,0,0,0,7.283999919891357
func-soft-gn,independent,up-0.25,5000,1,2,8,8,0,0,3,3.866520404815674
func-soft-gn,independent,up-0.25,5000,1,2,16,16,0,0,2,1.6475088596343994
func-soft-gn,independent,up-0.25,5000,1,2,32,32,1,0,6,0.03751137852668762
func-soft-gn,independent,up-0.25,5000,1,2,64,64,1,0,5,0.010079491883516312
func-soft-gn,independent,up-0.25,5000,1,2,128,128,1,0,3,0.0014400207437574863
func-soft-gn,independent,up-0.25,5000,1,2,256,256,1,0,2,0.0014275815337896347
func-soft-gn,independent,up-0.25,5000,1,2,512,512,1,0,2,0.0014247841900214553
func-soft-gn,independent,up-0.25,5000,1,2,1024,1024,1,0,2,0.0014231770765036345
repr-hard-adam,coherent,up-0.25,5000,1,0,0,0,0,0,0,9.168800354003906
repr-hard-adam,coherent,up-0.25,5000,1,0,1,1,0,0,0,8.817476272583008
repr-hard-adam,coherent,up-0.25,5000,1,0,2,2,0,0,0,8.21940803527832
repr-hard-adam,coherent,up-0.25,5000,1,0,4,4,0,0,0,5.573843955993652
repr-hard-adam,coherent,up-0.25,5000,1,0,8,8,1,1,0,0.15976077318191528
repr-hard-adam,coherent,up-0.25,5000,1,0,16,16,1,1,0,0.001392764737829566
repr-hard-adam,coherent,up-0.25,5000,1,0,32,32,1,1,0,0.0014344870578497648
repr-hard-adam,coherent,up-0.25,5000,1,0,64,64,1,1,0,0.0014641257002949715
repr-hard-adam,coherent,up-0.25,5000,1,0,128,128,1,1,0,0.001435261219739914
repr-hard-adam,coherent,up-0.25,5000,1,0,256,256,1,1,0,0.001411633100360632
repr-hard-adam,coherent,up-0.25,5000,1,0,512,512,1,1,0,0.0013948483392596245
repr-hard-adam,coherent,up-0.25,5000,1,0,1024,1024,1,1,0,0.0013842533808201551
repr-hard-adam,independent,up-0.25,5000,1,0,0,0,0,0,0,8.640024185180664
repr-hard-adam,independent,up-0.25,5000,1,0,1,1,0,0,0,8.438972473144531
repr-hard-adam,independent,up-0.25,5000,1,0,2,2,0,0,0,8.17434310913086
repr-hard-adam,independent,up-0.25,5000,1,0,4,4,0,0,0,6.391462326049805
repr-hard-adam,independent,up-0.25,5000,1,0,8,8,0,0,0,3.637600898742676
repr-hard-adam,independent,up-0.25,5000,1,0,16,16,0,0,0,2.9110982418060303
repr-hard-adam,independent,up-0.25,5000,1,0,32,32,0,0,0,2.6963038444519043
repr-hard-adam,independent,up-0.25,5000,1,0,64,64,0,0,0,2.563369035720825
repr-hard-adam,independent,up-0.25,5000,1,0,128,128,1,1,0,0.016474410891532898
repr-hard-adam,independent,up-0.25,5000,1,0,256,256,1,1,0,0.011416341178119183
repr-hard-adam,independent,up-0.25,5000,1,0,512,512,1,1,0,0.008310818113386631
repr-hard-adam,independent,up-0.25,5000,1,0,1024,1024,1,1,0,0.007662261836230755
repr-hard-adam,coherent,up-0.25,5000,1,1,0,0,0,0,0,8.615034103393555
repr-hard-adam,coherent,up-0.25,5000,1,1,1,1,0,0,0,8.077388763427734
repr-hard-adam,coherent,up-0.25,5000,1,1,2,2,0,0,0,7.269719123840332
repr-hard-adam,coherent,up-0.25,5000,1,1,4,4,0,0,0,3.8510584831237793
repr-hard-adam,coherent,up-0.25,5000,1,1,8,8,0,0,1,0.8488349914550781
repr-hard-adam,coherent,up-0.25,5000,1,1,16,16,1,0,1,0.0067481379956007
repr-hard-adam,coherent,up-0.25,5000,1,1,32,32,1,0,1,0.0029630521312355995
repr-hard-adam,coherent,up-0.25,5000,1,1,64,64,1,1,0,0.003216103184968233
repr-hard-adam,coherent,up-0.25,5000,1,1,128,128,1,1,0,0.002925287699326873
repr-hard-adam,coherent,up-0.25,5000,1,1,256,256,1,1,0,0.0026771300472319126
repr-hard-adam,coherent,up-0.25,5000,1,1,512,512,1,0,1,0.0022195682395249605
repr-hard-adam,coherent,up-0.25,5000,1,1,1024,1024,1,0,1,0.0018662273650988936
repr-hard-adam,independent,up-0.25,5000,1,1,0,0,0,0,0,8.765641212463379
repr-hard-adam,independent,up-0.25,5000,1,1,1,1,0,0,0,8.62911605834961
repr-hard-adam,independent,up-0.25,5000,1,1,2,2,0,0,0,8.457409858703613
repr-hard-adam,independent,up-0.25,5000,1,1,4,4,0,0,1,7.530604362487793
repr-hard-adam,independent,up-0.25,5000,1,1,8,8,0,0,0,4.344208717346191
repr-hard-adam,independent,up-0.25,5000,1,1,16,16,0,0,0,3.1281139850616455
repr-hard-adam,independent,up-0.25,5000,1,1,32,32,0,0,0,2.9341821670532227
repr-hard-adam,independent,up-0.25,5000,1,1,64,64,0,0,0,2.6383235454559326
repr-hard-adam,independent,up-0.25,5000,1,1,128,128,1,1,0,0.010764910839498043
repr-hard-adam,independent,up-0.25,5000,1,1,256,256,1,1,0,0.007514891214668751
repr-hard-adam,independent,up-0.25,5000,1,1,512,512,1,1,0,0.004890172276645899
repr-hard-adam,independent,up-0.25,5000,1,1,1024,1024,1,0,1,0.0022022086195647717
repr-hard-adam,coherent,up-0.25,5000,1,2,0,0,0,0,0,7.928873062133789
repr-hard-adam,coherent,up-0.25,5000,1,2,1,1,0,0,0,7.639639854431152
repr-hard-adam,coherent,up-0.25,5000,1,2,2,2,0,0,0,7.541576862335205
repr-hard-adam,coherent,up-0.25,5000,1,2,4,4,0,0,0,7.4646806716918945
repr-hard-adam,coherent,up-0.25,5000,1,2,8,8,0,0,0,7.402455806732178
repr-hard-adam,coherent,up-0.25,5000,1,2,16,16,0,0,0,7.4243268966674805
repr-hard-adam,coherent,up-0.25,5000,1,2,32,32,0,0,0,7.430716037750244
repr-hard-adam,coherent,up-0.25,5000,1,2,64,64,0,0,0,7.514430046081543
repr-hard-adam,coherent,up-0.25,5000,1,2,128,128,0,0,0,7.624115943908691
repr-hard-adam,coherent,up-0.25,5000,1,2,256,256,0,0,0,7.691807270050049
repr-hard-adam,coherent,up-0.25,5000,1,2,512,512,0,0,1,7.735588073730469
repr-hard-adam,coherent,up-0.25,5000,1,2,1024,1024,0,0,2,7.777899742126465
repr-hard-adam,independent,up-0.25,5000,1,2,0,0,0,0,0,8.421553611755371
repr-hard-adam,independent,up-0.25,5000,1,2,1,1,0,0,0,8.297057151794434
repr-hard-adam,independent,up-0.25,5000,1,2,2,2,0,0,0,8.239360809326172
repr-hard-adam,independent,up-0.25,5000,1,2,4,4,0,0,0,8.180217742919922
repr-hard-adam,independent,up-0.25,5000,1,2,8,8,0,0,0,8.116361618041992
repr-hard-adam,independent,up-0.25,5000,1,2,16,16,0,0,0,8.091684341430664
repr-hard-adam,independent,up-0.25,5000,1,2,32,32,0,0,0,8.074745178222656
repr-hard-adam,independent,up-0.25,5000,1,2,64,64,0,0,0,7.9872260093688965
repr-hard-adam,independent,up-0.25,5000,1,2,128,128,0,0,1,7.502868175506592
repr-hard-adam,independent,up-0.25,5000,1,2,256,256,0,0,1,7.384626388549805
repr-hard-adam,independent,up-0.25,5000,1,2,512,512,0,0,3,8.118438720703125
repr-hard-adam,independent,up-0.25,5000,1,2,1024,1024,0,0,5,8.245306968688965
func-hard-gn,coherent,baseline,5001,0,0,0,0,0,0,0,8.408538818359375
func-hard-gn,coherent,baseline,5001,0,0,1,1,0,0,0,7.841568946838379
func-hard-gn,coherent,baseline,5001,0,0,2,2,0,0,0,6.966341972351074
func-hard-gn,coherent,baseline,5001,0,0,4,4,0,0,2,4.575736045837402
func-hard-gn,coherent,baseline,5001,0,0,8,8,0,0,2,2.781270980834961
func-hard-gn,coherent,baseline,5001,0,0,16,16,0,0,1,1.41978120803833
func-hard-gn,coherent,baseline,5001,0,0,32,32,0,0,1,0.8032106161117554
func-hard-gn,coherent,baseline,5001,0,0,64,64,1,0,6,0.05364001542329788
func-hard-gn,coherent,baseline,5001,0,0,128,128,1,0,6,0.012511353939771652
func-hard-gn,coherent,baseline,5001,0,0,256,256,1,0,3,0.0013894317671656609
func-hard-gn,coherent,baseline,5001,0,0,512,512,1,0,2,0.0013335391413420439
func-hard-gn,coherent,baseline,5001,0,0,1024,1024,1,0,2,0.0013296105898916721
func-hard-gn,independent,baseline,5001,0,0,0,0,0,0,0,8.441802978515625
func-hard-gn,independent,baseline,5001,0,0,1,1,0,0,0,8.124706268310547
func-hard-gn,independent,baseline,5001,0,0,2,2,0,0,0,7.643300533294678
func-hard-gn,independent,baseline,5001,0,0,4,4,0,0,2,5.833213806152344
func-hard-gn,independent,baseline,5001,0,0,8,8,0,0,2,4.798275947570801
func-hard-gn,independent,baseline,5001,0,0,16,16,0,0,1,2.932816743850708
func-hard-gn,independent,baseline,5001,0,0,32,32,0,0,3,1.208631992340088
func-hard-gn,independent,baseline,5001,0,0,64,64,0,0,5,0.5530062913894653
func-hard-gn,independent,baseline,5001,0,0,128,128,1,0,5,0.12711235880851746
func-hard-gn,independent,baseline,5001,0,0,256,256,1,0,5,0.004960427060723305
func-hard-gn,independent,baseline,5001,0,0,512,512,1,0,3,0.0014744804939255118
func-hard-gn,independent,baseline,5001,0,0,1024,1024,1,0,3,0.001445077359676361
func-hard-gn,coherent,baseline,5001,0,1,0,0,0,0,0,8.373041152954102
func-hard-gn,coherent,baseline,5001,0,1,1,1,0,0,0,7.7730255126953125
func-hard-gn,coherent,baseline,5001,0,1,2,2,0,0,1,6.758657455444336
func-hard-gn,coherent,baseline,5001,0,1,4,4,0,0,1,3.868483543395996
func-hard-gn,coherent,baseline,5001,0,1,8,8,0,0,1,2.7571260929107666
func-hard-gn,coherent,baseline,5001,0,1,16,16,0,0,5,0.5555518269538879
func-hard-gn,coherent,baseline,5001,0,1,32,32,1,0,6,0.10565242171287537
func-hard-gn,coherent,baseline,5001,0,1,64,64,1,0,3,0.018603315576910973
func-hard-gn,coherent,baseline,5001,0,1,128,128,1,0,2,0.0019088869448751211
func-hard-gn,coherent,baseline,5001,0,1,256,256,1,0,1,0.0015715521294623613
func-hard-gn,coherent,baseline,5001,0,1,512,512,1,0,3,0.0015568528324365616
func-hard-gn,coherent,baseline,5001,0,1,1024,1024,1,0,4,0.0015457835979759693
func-hard-gn,independent,baseline,5001,0,1,0,0,0,0,0,8.273639678955078
func-hard-gn,independent,baseline,5001,0,1,1,1,0,0,0,7.886104583740234
func-hard-gn,independent,baseline,5001,0,1,2,2,0,0,0,7.330824851989746
func-hard-gn,independent,baseline,5001,0,1,4,4,0,0,2,3.812185764312744
func-hard-gn,independent,baseline,5001,0,1,8,8,0,0,2,2.605173110961914
func-hard-gn,independent,baseline,5001,0,1,16,16,0,0,2,1.6892294883728027
func-hard-gn,independent,baseline,5001,0,1,32,32,1,0,4,0.057233572006225586
func-hard-gn,independent,baseline,5001,0,1,64,64,1,0,5,0.02230619266629219
func-hard-gn,independent,baseline,5001,0,1,128,128,1,0,3,0.006884957663714886
func-hard-gn,independent,baseline,5001,0,1,256,256,1,0,2,0.0015835138037800789
func-hard-gn,independent,baseline,5001,0,1,512,512,1,0,4,0.0015543533954769373
func-hard-gn,independent,baseline,5001,0,1,1024,1024,1,0,4,0.00154518848285079
func-hard-gn,coherent,baseline,5001,0,2,0,0,0,0,0,8.569243431091309
func-hard-gn,coherent,baseline,5001,0,2,1,1,0,0,0,8.023337364196777
func-hard-gn,coherent,baseline,5001,0,2,2,2,0,0,0,7.521659851074219
func-hard-gn,coherent,baseline,5001,0,2,4,4,0,0,1,3.340747117996216
func-hard-gn,coherent,baseline,5001,0,2,8,8,1,0,3,0.11540907621383667
func-hard-gn,coherent,baseline,5001,0,2,16,16,1,0,4,0.015047820284962654
func-hard-gn,coherent,baseline,5001,0,2,32,32,1,0,3,0.0019737910479307175
func-hard-gn,coherent,baseline,5001,0,2,64,64,1,0,2,0.0015704809920862317
func-hard-gn,coherent,baseline,5001,0,2,128,128,1,0,3,0.0015476285479962826
func-hard-gn,coherent,baseline,5001,0,2,256,256,1,0,2,0.0015448314370587468
func-hard-gn,coherent,baseline,5001,0,2,512,512,1,0,2,0.0015436410903930664
func-hard-gn,coherent,baseline,5001,0,2,1024,1024,1,0,1,0.0015429866034537554
func-hard-gn,independent,baseline,5001,0,2,0,0,0,0,0,8.328126907348633
func-hard-gn,independent,baseline,5001,0,2,1,1,0,0,0,7.996832847595215
func-hard-gn,independent,baseline,5001,0,2,2,2,0,0,0,7.3946356773376465
func-hard-gn,independent,baseline,5001,0,2,4,4,0,0,0,3.6932897567749023
func-hard-gn,independent,baseline,5001,0,2,8,8,0,0,2,2.6542394161224365
func-hard-gn,independent,baseline,5001,0,2,16,16,0,0,1,1.2550601959228516
func-hard-gn,independent,baseline,5001,0,2,32,32,1,0,3,0.008370417170226574
func-hard-gn,independent,baseline,5001,0,2,64,64,1,0,2,0.0023238169960677624
func-hard-gn,independent,baseline,5001,0,2,128,128,1,0,2,0.0017276369035243988
func-hard-gn,independent,baseline,5001,0,2,256,256,1,0,1,0.0014630516525357962
func-hard-gn,independent,baseline,5001,0,2,512,512,1,0,3,0.0014491844922304153
func-hard-gn,independent,baseline,5001,0,2,1024,1024,1,0,3,0.0014391258591786027
func-soft-adam,coherent,baseline,5001,0,0,0,0,0,0,0,8.408538818359375
func-soft-adam,coherent,baseline,5001,0,0,1,1,0,0,0,7.719376087188721
func-soft-adam,coherent,baseline,5001,0,0,2,2,0,0,0,6.652120590209961
func-soft-adam,coherent,baseline,5001,0,0,4,4,0,0,4,2.7518210411071777
func-soft-adam,coherent,baseline,5001,0,0,8,8,1,0,8,0.05571341887116432
func-soft-adam,coherent,baseline,5001,0,0,16,16,1,0,7,0.19859465956687927
func-soft-adam,coherent,baseline,5001,0,0,32,32,1,0,5,0.2419033646583557
func-soft-adam,coherent,baseline,5001,0,0,64,64,1,0,4,0.29774999618530273
func-soft-adam,coherent,baseline,5001,0,0,128,128,1,0,2,0.10808209329843521
func-soft-adam,coherent,baseline,5001,0,0,256,256,1,0,2,0.0017053792253136635
func-soft-adam,coherent,baseline,5001,0,0,512,512,1,0,2,0.0014369880082085729
func-soft-adam,coherent,baseline,5001,0,0,1024,1024,1,0,2,0.0013803844340145588
func-soft-adam,independent,baseline,5001,0,0,0,0,0,0,0,8.441802978515625
func-soft-adam,independent,baseline,5001,0,0,1,1,0,0,0,8.02994155883789
func-soft-adam,independent,baseline,5001,0,0,2,2,0,0,0,7.492613315582275
func-soft-adam,independent,baseline,5001,0,0,4,4,0,0,1,5.642520904541016
func-soft-adam,independent,baseline,5001,0,0,8,8,0,0,5,0.4909851551055908
func-soft-adam,independent,baseline,5001,0,0,16,16,1,0,9,0.26167526841163635
func-soft-adam,independent,baseline,5001,0,0,32,32,1,0,5,0.4843457043170929
func-soft-adam,independent,baseline,5001,0,0,64,64,1,0,4,0.3597134053707123
func-soft-adam,independent,baseline,5001,0,0,128,128,1,0,2,0.03134477883577347
func-soft-adam,independent,baseline,5001,0,0,256,256,1,0,2,0.0021720235235989094
func-soft-adam,independent,baseline,5001,0,0,512,512,1,0,2,0.0016756063560023904
func-soft-adam,independent,baseline,5001,0,0,1024,1024,1,0,2,0.0015047711785882711
func-soft-adam,coherent,baseline,5001,0,1,0,0,0,0,0,8.373041152954102
func-soft-adam,coherent,baseline,5001,0,1,1,1,0,0,0,6.194175720214844
func-soft-adam,coherent,baseline,5001,0,1,2,2,0,0,1,3.1564369201660156
func-soft-adam,coherent,baseline,5001,0,1,4,4,1,0,9,0.19755905866622925
func-soft-adam,coherent,baseline,5001,0,1,8,8,1,0,6,0.1278727650642395
func-soft-adam,coherent,baseline,5001,0,1,16,16,1,0,5,0.5128495693206787
func-soft-adam,coherent,baseline,5001,0,1,32,32,1,0,4,0.32789909839630127
func-soft-adam,coherent,baseline,5001,0,1,64,64,1,0,3,0.18272553384304047
func-soft-adam,coherent,baseline,5001,0,1,128,128,1,0,2,0.002362676430493593
func-soft-adam,coherent,baseline,5001,0,1,256,256,1,0,3,0.0017849955474957824
func-soft-adam,coherent,baseline,5001,0,1,512,512,1,0,4,0.001620409544557333
func-soft-adam,coherent,baseline,5001,0,1,1024,1024,1,0,4,0.0015653035370633006
func-soft-adam,independent,baseline,5001,0,1,0,0,0,0,0,8.273639678955078
func-soft-adam,independent,baseline,5001,0,1,1,1,0,0,0,6.949426651000977
func-soft-adam,independent,baseline,5001,0,1,2,2,0,0,1,4.861678600311279
func-soft-adam,independent,baseline,5001,0,1,4,4,0,0,6,3.560692548751831
func-soft-adam,independent,baseline,5001,0,1,8,8,0,0,4,3.762901782989502
func-soft-adam,independent,baseline,5001,0,1,16,16,0,0,3,2.5817530155181885
func-soft-adam,independent,baseline,5001,0,1,32,32,1,0,3,0.22459077835083008
func-soft-adam,independent,baseline,5001,0,1,64,64,1,0,3,0.11793477088212967
func-soft-adam,independent,baseline,5001,0,1,128,128,1,0,2,0.003148577641695738
func-soft-adam,independent,baseline,5001,0,1,256,256,1,0,2,0.0020146474707871675
func-soft-adam,independent,baseline,5001,0,1,512,512,1,0,2,0.0017325689550489187
func-soft-adam,independent,baseline,5001,0,1,1024,1024,1,0,2,0.0016214200295507908
func-soft-adam,coherent,baseline,5001,0,2,0,0,0,0,0,8.569243431091309
func-soft-adam,coherent,baseline,5001,0,2,1,1,0,0,1,7.358922004699707
func-soft-adam,coherent,baseline,5001,0,2,2,2,0,0,3,1.245055079460144
func-soft-adam,coherent,baseline,5001,0,2,4,4,1,0,7,0.0029499484226107597
func-soft-adam,coherent,baseline,5001,0,2,8,8,1,0,4,0.012098310515284538
func-soft-adam,coherent,baseline,5001,0,2,16,16,1,0,2,0.01888837292790413
func-soft-adam,coherent,baseline,5001,0,2,32,32,1,0,3,0.02642432600259781
func-soft-adam,coherent,baseline,5001,0,2,64,64,1,0,4,0.01919127255678177
func-soft-adam,coherent,baseline,5001,0,2,128,128,1,0,3,0.004136429633945227
func-soft-adam,coherent,baseline,5001,0,2,256,256,1,0,2,0.002108196262270212
func-soft-adam,coherent,baseline,5001,0,2,512,512,1,0,3,0.0017366816755384207
func-soft-adam,coherent,baseline,5001,0,2,1024,1024,1,0,3,0.0016193385235965252
func-soft-adam,independent,baseline,5001,0,2,0,0,0,0,0,8.328126907348633
func-soft-adam,independent,baseline,5001,0,2,1,1,0,0,0,7.351438045501709
func-soft-adam,independent,baseline,5001,0,2,2,2,0,0,0,5.01967716217041
func-soft-adam,independent,baseline,5001,0,2,4,4,0,0,3,3.9389548301696777
func-soft-adam,independent,baseline,5001,0,2,8,8,0,0,3,3.145336151123047
func-soft-adam,independent,baseline,5001,0,2,16,16,1,0,6,0.08024977147579193
func-soft-adam,independent,baseline,5001,0,2,32,32,1,0,6,0.13859528303146362
func-soft-adam,independent,baseline,5001,0,2,64,64,1,0,6,0.07811234891414642
func-soft-adam,independent,baseline,5001,0,2,128,128,1,0,4,0.00791989453136921
func-soft-adam,independent,baseline,5001,0,2,256,256,1,0,5,0.0020472256001085043
func-soft-adam,independent,baseline,5001,0,2,512,512,1,0,5,0.0016193273477256298
func-soft-adam,independent,baseline,5001,0,2,1024,1024,1,0,5,0.0015347066801041365
func-soft-gn,coherent,baseline,5001,0,0,0,0,0,0,0,8.408538818359375
func-soft-gn,coherent,baseline,5001,0,0,1,1,0,0,0,7.849693775177002
func-soft-gn,coherent,baseline,5001,0,0,2,2,0,0,0,7.001020908355713
func-soft-gn,coherent,baseline,5001,0,0,4,4,0,0,4,3.0232579708099365
func-soft-gn,coherent,baseline,5001,0,0,8,8,1,0,7,0.08395873010158539
func-soft-gn,coherent,baseline,5001,0,0,16,16,1,0,4,0.24441498517990112
func-soft-gn,coherent,baseline,5001,0,0,32,32,1,0,4,0.14492462575435638
func-soft-gn,coherent,baseline,5001,0,0,64,64,1,0,6,0.022754574194550514
func-soft-gn,coherent,baseline,5001,0,0,128,128,1,0,6,0.006330040283501148
func-soft-gn,coherent,baseline,5001,0,0,256,256,1,0,4,0.0013603251427412033
func-soft-gn,coherent,baseline,5001,0,0,512,512,1,0,2,0.001335086883045733
func-soft-gn,coherent,baseline,5001,0,0,1024,1024,1,0,2,0.0013305034954100847
func-soft-gn,independent,baseline,5001,0,0,0,0,0,0,0,8.441802978515625
func-soft-gn,independent,baseline,5001,0,0,1,1,0,0,0,8.132598876953125
func-soft-gn,independent,baseline,5001,0,0,2,2,0,0,0,7.647472381591797
func-soft-gn,independent,baseline,5001,0,0,4,4,0,0,2,4.388795375823975
func-soft-gn,independent,baseline,5001,0,0,8,8,0,0,1,3.584714889526367
func-soft-gn,independent,baseline,5001,0,0,16,16,0,0,3,0.8014838695526123
func-soft-gn,independent,baseline,5001,0,0,32,32,1,0,5,0.27991193532943726
func-soft-gn,independent,baseline,5001,0,0,64,64,1,0,5,0.1576346606016159
func-soft-gn,independent,baseline,5001,0,0,128,128,1,0,5,0.0035849912092089653
func-soft-gn,independent,baseline,5001,0,0,256,256,1,0,3,0.001490310882218182
func-soft-gn,independent,baseline,5001,0,0,512,512,1,0,2,0.001450791023671627
func-soft-gn,independent,baseline,5001,0,0,1024,1024,1,0,2,0.001441863365471363
func-soft-gn,coherent,baseline,5001,0,1,0,0,0,0,0,8.373041152954102
func-soft-gn,coherent,baseline,5001,0,1,1,1,0,0,0,7.77165412902832
func-soft-gn,coherent,baseline,5001,0,1,2,2,0,0,1,6.792057037353516
func-soft-gn,coherent,baseline,5001,0,1,4,4,0,0,1,2.5978050231933594
func-soft-gn,coherent,baseline,5001,0,1,8,8,0,0,2,0.7416121959686279
func-soft-gn,coherent,baseline,5001,0,1,16,16,0,0,5,0.45055559277534485
func-soft-gn,coherent,baseline,5001,0,1,32,32,1,0,6,0.3011143207550049
func-soft-gn,coherent,baseline,5001,0,1,64,64,1,0,5,0.026449115946888924
func-soft-gn,coherent,baseline,5001,0,1,128,128,1,0,1,0.003037757007405162
func-soft-gn,coherent,baseline,5001,0,1,256,256,1,0,1,0.0015772652113810182
func-soft-gn,coherent,baseline,5001,0,1,512,512,1,0,3,0.0015594118740409613
func-soft-gn,coherent,baseline,5001,0,1,1024,1024,1,0,4,0.001548580708913505
func-soft-gn,independent,baseline,5001,0,1,0,0,0,0,0,8.273639678955078
func-soft-gn,independent,baseline,5001,0,1,1,1,0,0,0,7.908921241760254
func-soft-gn,independent,baseline,5001,0,1,2,2,0,0,0,7.408766269683838
func-soft-gn,independent,baseline,5001,0,1,4,4,0,0,1,5.124619960784912
func-soft-gn,independent,baseline,5001,0,1,8,8,1,0,3,0.25397902727127075
func-soft-gn,independent,baseline,5001,0,1,16,16,1,0,2,0.14399957656860352
func-soft-gn,independent,baseline,5001,0,1,32,32,1,0,3,0.17122459411621094
func-soft-gn,independent,baseline,5001,0,1,64,64,1,0,2,0.020499635487794876
func-soft-gn,independent,baseline,5001,0,1,128,128,1,0,2,0.004394094925373793
func-soft-gn,independent,baseline,5001,0,1,256,256,1,0,2,0.001715848920866847
func-soft-gn,independent,baseline,5001,0,1,512,512,1,0,2,0.0015776818618178368
func-soft-gn,independent,baseline,5001,0,1,1024,1024,1,0,3,0.001564113306812942
func-soft-gn,coherent,baseline,5001,0,2,0,0,0,0,0,8.569243431091309
func-soft-gn,coherent,baseline,5001,0,2,1,1,0,0,0,7.992410182952881
func-soft-gn,coherent,baseline,5001,0,2,2,2,0,0,0,6.028509616851807
func-soft-gn,coherent,baseline,5001,0,2,4,4,1,0,5,0.0043316734954714775
func-soft-gn,coherent,baseline,5001,0,2,8,8,1,0,5,0.02380180172622204
func-soft-gn,coherent,baseline,5001,0,2,16,16,1,0,5,0.03826158866286278
func-soft-gn,coherent,baseline,5001,0,2,32,32,1,0,3,0.007563525810837746
func-soft-gn,coherent,baseline,5001,0,2,64,64,1,0,2,0.001596605870872736
func-soft-gn,coherent,baseline,5001,0,2,128,128,1,0,3,0.0015478070126846433
func-soft-gn,coherent,baseline,5001,0,2,256,256,1,0,2,0.001544295810163021
func-soft-gn,coherent,baseline,5001,0,2,512,512,1,0,1,0.0015434031374752522
func-soft-gn,coherent,baseline,5001,0,2,1024,1024,1,0,1,0.0015429866034537554
func-soft-gn,independent,baseline,5001,0,2,0,0,0,0,0,8.328126907348633
func-soft-gn,independent,baseline,5001,0,2,1,1,0,0,0,7.994296073913574
func-soft-gn,independent,baseline,5001,0,2,2,2,0,0,0,7.380216598510742
func-soft-gn,independent,baseline,5001,0,2,4,4,0,0,0,3.8269734382629395
func-soft-gn,independent,baseline,5001,0,2,8,8,0,0,0,3.230104446411133
func-soft-gn,independent,baseline,5001,0,2,16,16,0,0,0,2.704521894454956
func-soft-gn,independent,baseline,5001,0,2,32,32,1,0,3,0.14756804704666138
func-soft-gn,independent,baseline,5001,0,2,64,64,1,0,4,0.03574743866920471
func-soft-gn,independent,baseline,5001,0,2,128,128,1,0,2,0.003144382033497095
func-soft-gn,independent,baseline,5001,0,2,256,256,1,0,2,0.0015251843724399805
func-soft-gn,independent,baseline,5001,0,2,512,512,1,0,3,0.001449422794394195
func-soft-gn,independent,baseline,5001,0,2,1024,1024,1,0,4,0.0014415067853406072
repr-hard-adam,coherent,baseline,5001,0,0,0,0,0,0,0,8.408538818359375
repr-hard-adam,coherent,baseline,5001,0,0,1,1,0,0,0,8.095534324645996
repr-hard-adam,coherent,baseline,5001,0,0,2,2,0,0,0,8.022298812866211
repr-hard-adam,coherent,baseline,5001,0,0,4,4,0,0,0,7.971435070037842
repr-hard-adam,coherent,baseline,5001,0,0,8,8,0,0,0,7.939141273498535
repr-hard-adam,coherent,baseline,5001,0,0,16,16,0,0,0,7.882761478424072
repr-hard-adam,coherent,baseline,5001,0,0,32,32,0,0,0,7.60695743560791
repr-hard-adam,coherent,baseline,5001,0,0,64,64,0,0,1,5.9961838722229
repr-hard-adam,coherent,baseline,5001,0,0,128,128,0,0,2,3.803396701812744
repr-hard-adam,coherent,baseline,5001,0,0,256,256,1,0,2,0.2621217370033264
repr-hard-adam,coherent,baseline,5001,0,0,512,512,1,0,2,0.042860280722379684
repr-hard-adam,coherent,baseline,5001,0,0,1024,1024,1,0,2,0.00818900391459465
repr-hard-adam,independent,baseline,5001,0,0,0,0,0,0,0,8.441802978515625
repr-hard-adam,independent,baseline,5001,0,0,1,1,0,0,0,8.247318267822266
repr-hard-adam,independent,baseline,5001,0,0,2,2,0,0,0,8.174617767333984
repr-hard-adam,independent,baseline,5001,0,0,4,4,0,0,0,8.083589553833008
repr-hard-adam,independent,baseline,5001,0,0,8,8,0,0,0,8.028034210205078
repr-hard-adam,independent,baseline,5001,0,0,16,16,0,0,0,7.943846702575684
repr-hard-adam,independent,baseline,5001,0,0,32,32,0,0,0,7.586787223815918
repr-hard-adam,independent,baseline,5001,0,0,64,64,0,0,1,6.102512836456299
repr-hard-adam,independent,baseline,5001,0,0,128,128,0,0,0,4.277054309844971
repr-hard-adam,independent,baseline,5001,0,0,256,256,0,0,0,4.142749309539795
repr-hard-adam,independent,baseline,5001,0,0,512,512,0,0,0,4.1349101066589355
repr-hard-adam,independent,baseline,5001,0,0,1024,1024,0,0,0,4.164859294891357
repr-hard-adam,coherent,baseline,5001,0,1,0,0,0,0,0,8.373041152954102
repr-hard-adam,coherent,baseline,5001,0,1,1,1,0,0,0,7.432890892028809
repr-hard-adam,coherent,baseline,5001,0,1,2,2,0,0,0,7.143987655639648
repr-hard-adam,coherent,baseline,5001,0,1,4,4,0,0,0,7.018820762634277
repr-hard-adam,coherent,baseline,5001,0,1,8,8,0,0,0,6.976377010345459
repr-hard-adam,coherent,baseline,5001,0,1,16,16,0,0,1,7.069834232330322
repr-hard-adam,coherent,baseline,5001,0,1,32,32,0,0,1,6.952254772186279
repr-hard-adam,coherent,baseline,5001,0,1,64,64,0,0,2,7.171042442321777
repr-hard-adam,coherent,baseline,5001,0,1,128,128,0,0,2,7.343164443969727
repr-hard-adam,coherent,baseline,5001,0,1,256,256,0,0,2,7.390753746032715
repr-hard-adam,coherent,baseline,5001,0,1,512,512,0,0,2,7.46913480758667
repr-hard-adam,coherent,baseline,5001,0,1,1024,1024,0,0,4,7.553364276885986
repr-hard-adam,independent,baseline,5001,0,1,0,0,0,0,0,8.273639678955078
repr-hard-adam,independent,baseline,5001,0,1,1,1,0,0,0,7.755950927734375
repr-hard-adam,independent,baseline,5001,0,1,2,2,0,0,0,7.540244102478027
repr-hard-adam,independent,baseline,5001,0,1,4,4,0,0,0,7.331090927124023
repr-hard-adam,independent,baseline,5001,0,1,8,8,0,0,0,7.11161994934082
repr-hard-adam,independent,baseline,5001,0,1,16,16,0,0,1,6.955536842346191
repr-hard-adam,independent,baseline,5001,0,1,32,32,0,0,1,6.94004487991333
repr-hard-adam,independent,baseline,5001,0,1,64,64,0,0,2,7.030801773071289
repr-hard-adam,independent,baseline,5001,0,1,128,128,0,0,3,7.1212944984436035
repr-hard-adam,independent,baseline,5001,0,1,256,256,0,0,3,7.319859981536865
repr-hard-adam,independent,baseline,5001,0,1,512,512,0,0,3,7.409778594970703
repr-hard-adam,independent,baseline,5001,0,1,1024,1024,0,0,3,7.517107009887695
repr-hard-adam,coherent,baseline,5001,0,2,0,0,0,0,0,8.569243431091309
repr-hard-adam,coherent,baseline,5001,0,2,1,1,0,0,0,8.163436889648438
repr-hard-adam,coherent,baseline,5001,0,2,2,2,0,0,0,7.846607685089111
repr-hard-adam,coherent,baseline,5001,0,2,4,4,0,0,0,7.00284481048584
repr-hard-adam,coherent,baseline,5001,0,2,8,8,0,0,2,4.659357070922852
repr-hard-adam,coherent,baseline,5001,0,2,16,16,0,0,2,3.492016553878784
repr-hard-adam,coherent,baseline,5001,0,2,32,32,1,0,3,0.028379155322909355
repr-hard-adam,coherent,baseline,5001,0,2,64,64,1,0,2,0.02553490363061428
repr-hard-adam,coherent,baseline,5001,0,2,128,128,1,1,0,0.02583477646112442
repr-hard-adam,coherent,baseline,5001,0,2,256,256,1,1,0,0.01822378858923912
repr-hard-adam,coherent,baseline,5001,0,2,512,512,1,1,0,0.106557697057724
repr-hard-adam,coherent,baseline,5001,0,2,1024,1024,1,1,0,0.012891867198050022
repr-hard-adam,independent,baseline,5001,0,2,0,0,0,0,0,8.328126907348633
repr-hard-adam,independent,baseline,5001,0,2,1,1,0,0,0,7.942943096160889
repr-hard-adam,independent,baseline,5001,0,2,2,2,0,0,0,7.517249584197998
repr-hard-adam,independent,baseline,5001,0,2,4,4,0,0,0,6.782624244689941
repr-hard-adam,independent,baseline,5001,0,2,8,8,0,0,0,6.076148986816406
repr-hard-adam,independent,baseline,5001,0,2,16,16,0,0,0,5.456160068511963
repr-hard-adam,independent,baseline,5001,0,2,32,32,0,0,0,4.527198791503906
repr-hard-adam,independent,baseline,5001,0,2,64,64,0,0,0,4.257839679718018
repr-hard-adam,independent,baseline,5001,0,2,128,128,0,0,0,4.117763042449951
repr-hard-adam,independent,baseline,5001,0,2,256,256,0,0,0,4.023581504821777
repr-hard-adam,independent,baseline,5001,0,2,512,512,0,0,1,3.7233726978302
repr-hard-adam,independent,baseline,5001,0,2,1024,1024,0,0,2,3.6046864986419678
func-hard-gn,coherent,up-0.25,5001,0,0,0,0,0,0,0,8.362396240234375
func-hard-gn,coherent,up-0.25,5001,0,0,1,1,0,0,0,7.88856315612793
func-hard-gn,coherent,up-0.25,5001,0,0,2,2,0,0,0,7.275697708129883
func-hard-gn,coherent,up-0.25,5001,0,0,4,4,0,0,0,5.614709854125977
func-hard-gn,coherent,up-0.25,5001,0,0,8,8,0,0,0,3.9059972763061523
func-hard-gn,coherent,up-0.25,5001,0,0,16,16,0,0,1,2.9667580127716064
func-hard-gn,coherent,up-0.25,5001,0,0,32,32,1,0,3,0.10257494449615479
func-hard-gn,coherent,up-0.25,5001,0,0,64,64,1,0,2,0.010266222059726715
func-hard-gn,coherent,up-0.25,5001,0,0,128,128,1,0,2,0.003932683728635311
func-hard-gn,coherent,up-0.25,5001,0,0,256,256,1,0,2,0.0024364078417420387
func-hard-gn,coherent,up-0.25,5001,0,0,512,512,1,0,2,0.0022792378440499306
func-hard-gn,coherent,up-0.25,5001,0,0,1024,1024,1,0,3,0.002209003549069166
func-hard-gn,independent,up-0.25,5001,0,0,0,0,0,0,0,8.866769790649414
func-hard-gn,independent,up-0.25,5001,0,0,1,1,0,0,0,8.425925254821777
func-hard-gn,independent,up-0.25,5001,0,0,2,2,0,0,0,7.734079360961914
func-hard-gn,independent,up-0.25,5001,0,0,4,4,0,0,0,6.6711106300354
func-hard-gn,independent,up-0.25,5001,0,0,8,8,0,0,0,5.195427894592285
func-hard-gn,independent,up-0.25,5001,0,0,16,16,0,0,1,4.026060104370117
func-hard-gn,independent,up-0.25,5001,0,0,32,32,0,0,1,1.5278085470199585
func-hard-gn,independent,up-0.25,5001,0,0,64,64,1,0,3,0.07565347850322723
func-hard-gn,independent,up-0.25,5001,0,0,128,128,1,0,2,0.0077878572046756744
func-hard-gn,independent,up-0.25,5001,0,0,256,256,1,0,1,0.004252251703292131
func-hard-gn,independent,up-0.25,5001,0,0,512,512,1,0,2,0.003321223659440875
func-hard-gn,independent,up-0.25,5001,0,0,1024,1024,1,0,2,0.0031869588419795036
func-hard-gn,coherent,up-0.25,5001,0,1,0,0,0,0,0,8.689878463745117
func-hard-gn,coherent,up-0.25,5001,0,1,1,1,0,0,0,8.253984451293945
func-hard-gn,coherent,up-0.25,5001,0,1,2,2,0,0,0,7.729037284851074
func-hard-gn,coherent,up-0.25,5001,0,1,4,4,0,0,0,6.334720611572266
func-hard-gn,coherent,up-0.25,5001,0,1,8,8,0,0,1,3.636892318725586
func-hard-gn,coherent,up-0.25,5001,0,1,16,16,0,0,1,1.8531301021575928
func-hard-gn,coherent,up-0.25,5001,0,1,32,32,0,0,1,0.9750499725341797
func-hard-gn,coherent,up-0.25,5001,0,1,64,64,1,0,1,0.22065123915672302
func-hard-gn,coherent,up-0.25,5001,0,1,128,128,1,0,1,0.08344516903162003
func-hard-gn,coherent,up-0.25,5001,0,1,256,256,1,0,6,0.01848500408232212
func-hard-gn,coherent,up-0.25,5001,0,1,512,512,1,0,6,0.011115647852420807
func-hard-gn,coherent,up-0.25,5001,0,1,1024,1024,1,0,6,0.0075036585330963135
func-hard-gn,independent,up-0.25,5001,0,1,0,0,0,0,0,8.666482925415039
func-hard-gn,independent,up-0.25,5001,0,1,1,1,0,0,0,8.442503929138184
func-hard-gn,independent,up-0.25,5001,0,1,2,2,0,0,0,8.168455123901367
func-hard-gn,independent,up-0.25,5001,0,1,4,4,0,0,1,7.382502555847168
func-hard-gn,independent,up-0.25,5001,0,1,8,8,0,0,1,6.2016191482543945
func-hard-gn,independent,up-0.25,5001,0,1,16,16,0,0,0,4.863796710968018
func-hard-gn,independent,up-0.25,5001,0,1,32,32,0,0,0,4.027503967285156
func-hard-gn,independent,up-0.25,5001,0,1,64,64,0,0,3,2.1711578369140625
func-hard-gn,independent,up-0.25,5001,0,1,128,128,0,0,3,0.9562197923660278
func-hard-gn,independent,up-0.25,5001,0,1,256,256,1,0,4,0.20132213830947876
func-hard-gn,independent,up-0.25,5001,0,1,512,512,1,0,3,0.12631560862064362
func-hard-gn,independent,up-0.25,5001,0,1,1024,1024,1,0,6,0.0597107894718647
func-hard-gn,coherent,up-0.25,5001,0,2,0,0,0,0,0,7.059028148651123
func-hard-gn,coherent,up-0.25,5001,0,2,1,1,0,0,0,6.168694496154785
func-hard-gn,coherent,up-0.25,5001,0,2,2,2,0,0,2,4.3361711502075195
func-hard-gn,coherent,up-0.25,5001,0,2,4,4,0,0,2,3.776306629180908
func-hard-gn,coherent,up-0.25,5001,0,2,8,8,0,0,2,3.6003928184509277
func-hard-gn,coherent,up-0.25,5001,0,2,16,16,0,0,4,3.331157684326172
func-hard-gn,coherent,up-0.25,5001,0,2,32,32,0,0,4,2.1835274696350098
func-hard-gn,coherent,up-0.25,5001,0,2,64,64,0,0,6,0.43005138635635376
func-hard-gn,coherent,up-0.25,5001,0,2,128,128,1,0,5,0.005632549989968538
func-hard-gn,coherent,up-0.25,5001,0,2,256,256,1,0,5,0.001374550862237811
func-hard-gn,coherent,up-0.25,5001,0,2,512,512,1,0,5,0.0013575863558799028
func-hard-gn,coherent,up-0.25,5001,0,2,1024,1024,1,0,5,0.0013486577663570642
func-hard-gn,independent,up-0.25,5001,0,2,0,0,0,0,0,5.989083290100098
func-hard-gn,independent,up-0.25,5001,0,2,1,1,0,0,0,5.334042549133301
func-hard-gn,independent,up-0.25,5001,0,2,2,2,0,0,0,3.7637743949890137
func-hard-gn,independent,up-0.25,5001,0,2,4,4,0,0,1,2.329270601272583
func-hard-gn,independent,up-0.25,5001,0,2,8,8,0,0,1,1.524109125137329
func-hard-gn,independent,up-0.25,5001,0,2,16,16,1,0,3,0.30241045355796814
func-hard-gn,independent,up-0.25,5001,0,2,32,32,1,0,4,0.06916017085313797
func-hard-gn,independent,up-0.25,5001,0,2,64,64,1,0,5,0.012499511241912842
func-hard-gn,independent,up-0.25,5001,0,2,128,128,1,0,4,0.002324047265574336
func-hard-gn,independent,up-0.25,5001,0,2,256,256,1,0,4,0.0018836923409253359
func-hard-gn,independent,up-0.25,5001,0,2,512,512,1,0,6,0.0018280572257936
func-hard-gn,independent,up-0.25,5001,0,2,1024,1024,1,0,5,0.0018060386646538973
func-soft-adam,coherent,up-0.25,5001,0,0,0,0,0,0,0,8.362396240234375
func-soft-adam,coherent,up-0.25,5001,0,0,1,1,0,0,0,7.979208946228027
func-soft-adam,coherent,up-0.25,5001,0,0,2,2,0,0,0,6.8067626953125
func-soft-adam,coherent,up-0.25,5001,0,0,4,4,0,0,0,4.41912841796875
func-soft-adam,coherent,up-0.25,5001,0,0,8,8,0,0,0,4.277613162994385
func-soft-adam,coherent,up-0.25,5001,0,0,16,16,0,0,0,4.156953811645508
func-soft-adam,coherent,up-0.25,5001,0,0,32,32,0,0,2,2.9722237586975098
func-soft-adam,coherent,up-0.25,5001,0,0,64,64,1,0,5,0.029366254806518555
func-soft-adam,coherent,up-0.25,5001,0,0,128,128,1,0,4,0.14525605738162994
func-soft-adam,coherent,up-0.25,5001,0,0,256,256,1,0,4,0.11901924014091492
func-soft-adam,coherent,up-0.25,5001,0,0,512,512,1,0,3,0.005458072759211063
func-soft-adam,coherent,up-0.25,5001,0,0,1024,1024,1,0,2,0.0033523240126669407
func-soft-adam,independent,up-0.25,5001,0,0,0,0,0,0,0,8.866769790649414
func-soft-adam,independent,up-0.25,5001,0,0,1,1,0,0,0,8.460428237915039
func-soft-adam,independent,up-0.25,5001,0,0,2,2,0,0,0,7.723419666290283
func-soft-adam,independent,up-0.25,5001,0,0,4,4,0,0,0,6.932578086853027
func-soft-adam,independent,up-0.25,5001,0,0,8,8,0,0,1,4.608736991882324
func-soft-adam,independent,up-0.25,5001,0,0,16,16,0,0,2,3.5986368656158447
func-soft-adam,independent,up-0.25,5001,0,0,32,32,0,0,3,1.45504629611969
func-soft-adam,independent,up-0.25,5001,0,0,64,64,0,0,2,0.702922523021698
func-soft-adam,independent,up-0.25,5001,0,0,128,128,1,0,3,0.3058686852455139
func-soft-adam,independent,up-0.25,5001,0,0,256,256,1,0,1,0.012464981526136398
func-soft-adam,independent,up-0.25,5001,0,0,512,512,1,0,1,0.004418726544827223
func-soft-adam,independent,up-0.25,5001,0,0,1024,1024,1,0,1,0.00372528750449419
func-soft-adam,coherent,up-0.25,5001,0,1,0,0,0,0,0,8.689878463745117
func-soft-adam,coherent,up-0.25,5001,0,1,1,1,0,0,0,8.358396530151367
func-soft-adam,coherent,up-0.25,5001,0,1,2,2,0,0,0,7.974287033081055
func-soft-adam,coherent,up-0.25,5001,0,1,4,4,0,0,0,7.140441417694092
func-soft-adam,coherent,up-0.25,5001,0,1,8,8,0,0,3,4.214296340942383
func-soft-adam,coherent,up-0.25,5001,0,1,16,16,1,0,8,0.07711440324783325
func-soft-adam,coherent,up-0.25,5001,0,1,32,32,1,0,3,0.20020392537117004
func-soft-adam,coherent,up-0.25,5001,0,1,64,64,1,0,3,0.1763698160648346
func-soft-adam,coherent,up-0.25,5001,0,1,128,128,1,0,3,0.14819030463695526
func-soft-adam,coherent,up-0.25,5001,0,1,256,256,1,0,3,0.1472536027431488
func-soft-adam,coherent,up-0.25,5001,0,1,512,512,1,0,2,0.12641669809818268
func-soft-adam,coherent,up-0.25,5001,0,1,1024,1024,1,0,2,0.09590713679790497
func-soft-adam,independent,up-0.25,5001,0,1,0,0,0,0,0,8.666482925415039
func-soft-adam,independent,up-0.25,5001,0,1,1,1,0,0,0,8.512998580932617
func-soft-adam,independent,up-0.25,5001,0,1,2,2,0,0,0,8.339701652526855
func-soft-adam,independent,up-0.25,5001,0,1,4,4,0,0,0,7.921241760253906
func-soft-adam,independent,up-0.25,5001,0,1,8,8,0,0,2,6.746766090393066
func-soft-adam,independent,up-0.25,5001,0,1,16,16,0,0,7,4.248940944671631
func-soft-adam,independent,up-0.25,5001,0,1,32,32,0,0,6,3.4364616870880127
func-soft-adam,independent,up-0.25,5001,0,1,64,64,0,0,11,1.455388069152832
func-soft-adam,independent,up-0.25,5001,0,1,128,128,0,0,6,1.0183013677597046
func-soft-adam,independent,up-0.25,5001,0,1,256,256,1,0,5,0.8552396297454834
func-soft-adam,independent,up-0.25,5001,0,1,512,512,1,0,5,0.22331994771957397
func-soft-adam,independent,up-0.25,5001,0,1,1024,1024,1,0,4,0.07292487472295761
func-soft-adam,coherent,up-0.25,5001,0,2,0,0,0,0,0,7.059028148651123
func-soft-adam,coherent,up-0.25,5001,0,2,1,1,0,0,0,4.680409908294678
func-soft-adam,coherent,up-0.25,5001,0,2,2,2,0,0,1,3.8337087631225586
func-soft-adam,coherent,up-0.25,5001,0,2,4,4,0,0,3,3.7976627349853516
func-soft-adam,coherent,up-0.25,5001,0,2,8,8,0,0,5,3.7441234588623047
func-soft-adam,coherent,up-0.25,5001,0,2,16,16,0,0,2,3.6624581813812256
func-soft-adam,coherent,up-0.25,5001,0,2,32,32,0,0,3,3.516934871673584
func-soft-adam,coherent,up-0.25,5001,0,2,64,64,0,0,2,3.3527960777282715
func-soft-adam,coherent,up-0.25,5001,0,2,128,128,0,0,4,2.9320757389068604
func-soft-adam,coherent,up-0.25,5001,0,2,256,256,1,0,6,0.14729003608226776
func-soft-adam,coherent,up-0.25,5001,0,2,512,512,1,0,5,0.004283317364752293
func-soft-adam,coherent,up-0.25,5001,0,2,1024,1024,1,0,5,0.0017639250727370381
func-soft-adam,independent,up-0.25,5001,0,2,0,0,0,0,0,5.989083290100098
func-soft-adam,independent,up-0.25,5001,0,2,1,1,0,0,0,3.62673282623291
func-soft-adam,independent,up-0.25,5001,0,2,2,2,0,0,1,2.7953155040740967
func-soft-adam,independent,up-0.25,5001,0,2,4,4,0,0,2,2.749114513397217
func-soft-adam,independent,up-0.25,5001,0,2,8,8,0,0,3,2.6018614768981934
func-soft-adam,independent,up-0.25,5001,0,2,16,16,0,0,1,2.165646553039551
func-soft-adam,independent,up-0.25,5001,0,2,32,32,0,0,2,0.5448339581489563
func-soft-adam,independent,up-0.25,5001,0,2,64,64,1,0,5,0.11529380083084106
func-soft-adam,independent,up-0.25,5001,0,2,128,128,1,0,6,0.08471091836690903
func-soft-adam,independent,up-0.25,5001,0,2,256,256,1,0,5,0.04712938144803047
func-soft-adam,independent,up-0.25,5001,0,2,512,512,1,0,4,0.005649412050843239
func-soft-adam,independent,up-0.25,5001,0,2,1024,1024,1,0,4,0.0026719123125076294
func-soft-gn,coherent,up-0.25,5001,0,0,0,0,0,0,0,8.362396240234375
func-soft-gn,coherent,up-0.25,5001,0,0,1,1,0,0,0,7.922905921936035
func-soft-gn,coherent,up-0.25,5001,0,0,2,2,0,0,0,7.361902236938477
func-soft-gn,coherent,up-0.25,5001,0,0,4,4,0,0,0,5.84527063369751
func-soft-gn,coherent,up-0.25,5001,0,0,8,8,0,0,0,3.1523184776306152
func-soft-gn,coherent,up-0.25,5001,0,0,16,16,1,0,1,0.11102079600095749
func-soft-gn,coherent,up-0.25,5001,0,0,32,32,1,0,4,0.11616860330104828
func-soft-gn,coherent,up-0.25,5001,0,0,64,64,1,0,1,0.02191854640841484
func-soft-gn,coherent,up-0.25,5001,0,0,128,128,1,0,2,0.005853185895830393
func-soft-gn,coherent,up-0.25,5001,0,0,256,256,1,0,3,0.0029168296605348587
func-soft-gn,coherent,up-0.25,5001,0,0,512,512,1,0,2,0.0024147015064954758
func-soft-gn,coherent,up-0.25,5001,0,0,1024,1024,1,0,1,0.002317893784493208
func-soft-gn,independent,up-0.25,5001,0,0,0,0,0,0,0,8.866769790649414
func-soft-gn,independent,up-0.25,5001,0,0,1,1,0,0,0,8.463841438293457
func-soft-gn,independent,up-0.25,5001,0,0,2,2,0,0,0,7.873178482055664
func-soft-gn,independent,up-0.25,5001,0,0,4,4,0,0,0,6.993635177612305
func-soft-gn,independent,up-0.25,5001,0,0,8,8,0,0,0,4.698392868041992
func-soft-gn,independent,up-0.25,5001,0,0,16,16,0,0,1,1.9453701972961426
func-soft-gn,independent,up-0.25,5001,0,0,32,32,1,0,3,0.43376168608665466
func-soft-gn,independent,up-0.25,5001,0,0,64,64,1,0,3,0.15998342633247375
func-soft-gn,independent,up-0.25,5001,0,0,128,128,1,0,3,0.009068683721125126
func-soft-gn,independent,up-0.25,5001,0,0,256,256,1,0,4,0.004619656130671501
func-soft-gn,independent,up-0.25,5001,0,0,512,512,1,0,2,0.003469916293397546
func-soft-gn,independent,up-0.25,5001,0,0,1024,1024,1,0,2,0.003309873631224036
func-soft-gn,coherent,up-0.25,5001,0,1,0,0,0,0,0,8.689878463745117
func-soft-gn,coherent,up-0.25,5001,0,1,1,1,0,0,0,8.279523849487305
func-soft-gn,coherent,up-0.25,5001,0,1,2,2,0,0,0,7.793571472167969
func-soft-gn,coherent,up-0.25,5001,0,1,4,4,0,0,0,6.536032676696777
func-soft-gn,coherent,up-0.25,5001,0,1,8,8,1,0,3,0.08695349097251892
func-soft-gn,coherent,up-0.25,5001,0,1,16,16,1,0,2,0.08651125431060791
func-soft-gn,coherent,up-0.25,5001,0,1,32,32,1,0,2,0.1257305145263672
func-soft-gn,coherent,up-0.25,5001,0,1,64,64,1,0,1,0.0942145586013794
func-soft-gn,coherent,up-0.25,5001,0,1,128,128,1,0,2,0.09831298887729645
func-soft-gn,coherent,up-0.25,5001,0,1,256,256,1,0,4,0.10385654121637344
func-soft-gn,coherent,up-0.25,5001,0,1,512,512,1,0,5,0.06275369226932526
func-soft-gn,coherent,up-0.25,5001,0,1,1024,1024,1,0,4,0.02581464871764183
func-soft-gn,independent,up-0.25,5001,0,1,0,0,0,0,0,8.666482925415039
func-soft-gn,independent,up-0.25,5001,0,1,1,1,0,0,0,8.449800491333008
func-soft-gn,independent,up-0.25,5001,0,1,2,2,0,0,0,8.188398361206055
func-soft-gn,independent,up-0.25,5001,0,1,4,4,0,0,1,7.457599639892578
func-soft-gn,independent,up-0.25,5001,0,1,8,8,0,0,3,5.437634468078613
func-soft-gn,independent,up-0.25,5001,0,1,16,16,0,0,3,3.3321714401245117
func-soft-gn,independent,up-0.25,5001,0,1,32,32,0,0,3,2.5528252124786377
func-soft-gn,independent,up-0.25,5001,0,1,64,64,0,0,5,0.8168121576309204
func-soft-gn,independent,up-0.25,5001,0,1,128,128,1,0,3,0.2438334822654724
func-soft-gn,independent,up-0.25,5001,0,1,256,256,1,0,4,0.11396960914134979
func-soft-gn,independent,up-0.25,5001,0,1,512,512,1,0,3,0.10314098000526428
func-soft-gn,independent,up-0.25,5001,0,1,1024,1024,1,0,7,0.09329536557197571
func-soft-gn,coherent,up-0.25,5001,0,2,0,0,0,0,0,7.059028148651123
func-soft-gn,coherent,up-0.25,5001,0,2,1,1,0,0,0,6.253016471862793
func-soft-gn,coherent,up-0.25,5001,0,2,2,2,0,0,2,4.508362770080566
func-soft-gn,coherent,up-0.25,5001,0,2,4,4,0,0,2,3.914841890335083
func-soft-gn,coherent,up-0.25,5001,0,2,8,8,0,0,2,3.740325450897217
func-soft-gn,coherent,up-0.25,5001,0,2,16,16,0,0,2,3.6063902378082275
func-soft-gn,coherent,up-0.25,5001,0,2,32,32,0,0,4,3.12176775932312
func-soft-gn,coherent,up-0.25,5001,0,2,64,64,1,0,7,0.13625867664813995
func-soft-gn,coherent,up-0.25,5001,0,2,128,128,1,0,6,0.021010832861065865
func-soft-gn,coherent,up-0.25,5001,0,2,256,256,1,0,5,0.0014277631416916847
func-soft-gn,coherent,up-0.25,5001,0,2,512,512,1,0,5,0.0013752058148384094
func-soft-gn,coherent,up-0.25,5001,0,2,1024,1024,1,0,5,0.001357408007606864
func-soft-gn,independent,up-0.25,5001,0,2,0,0,0,0,0,5.989083290100098
func-soft-gn,independent,up-0.25,5001,0,2,1,1,0,0,0,5.449887275695801
func-soft-gn,independent,up-0.25,5001,0,2,2,2,0,0,0,4.310042381286621
func-soft-gn,independent,up-0.25,5001,0,2,4,4,0,0,1,2.2967398166656494
func-soft-gn,independent,up-0.25,5001,0,2,8,8,0,0,1,1.5329214334487915
func-soft-gn,independent,up-0.25,5001,0,2,16,16,1,0,3,0.19738982617855072
func-soft-gn,independent,up-0.25,5001,0,2,32,32,1,0,3,0.07621826976537704
func-soft-gn,independent,up-0.25,5001,0,2,64,64,1,0,4,0.02147122658789158
func-soft-gn,independent,up-0.25,5001,0,2,128,128,1,0,4,0.002711943117901683
func-soft-gn,independent,up-0.25,5001,0,2,256,256,1,0,6,0.0018997369334101677
func-soft-gn,independent,up-0.25,5001,0,2,512,512,1,0,6,0.0018585474463179708
func-soft-gn,independent,up-0.25,5001,0,2,1024,1024,1,0,6,0.0018378563690930605
repr-hard-adam,coherent,up-0.25,5001,0,0,0,0,0,0,0,8.362396240234375
repr-hard-adam,coherent,up-0.25,5001,0,0,1,1,0,0,0,7.979208946228027
repr-hard-adam,coherent,up-0.25,5001,0,0,2,2,0,0,0,7.572664260864258
repr-hard-adam,coherent,up-0.25,5001,0,0,4,4,0,0,0,6.359934329986572
repr-hard-adam,coherent,up-0.25,5001,0,0,8,8,0,0,0,4.574620723724365
repr-hard-adam,coherent,up-0.25,5001,0,0,16,16,0,0,0,4.429102420806885
repr-hard-adam,coherent,up-0.25,5001,0,0,32,32,0,0,0,4.7264018058776855
repr-hard-adam,coherent,up-0.25,5001,0,0,64,64,0,0,0,7.7979888916015625
repr-hard-adam,coherent,up-0.25,5001,0,0,128,128,0,0,0,8.147406578063965
repr-hard-adam,coherent,up-0.25,5001,0,0,256,256,0,0,0,8.54600715637207
repr-hard-adam,coherent,up-0.25,5001,0,0,512,512,0,0,0,8.701342582702637
repr-hard-adam,coherent,up-0.25,5001,0,0,1024,1024,0,0,1,8.721807479858398
repr-hard-adam,independent,up-0.25,5001,0,0,0,0,0,0,0,8.866769790649414
repr-hard-adam,independent,up-0.25,5001,0,0,1,1,0,0,0,8.460428237915039
repr-hard-adam,independent,up-0.25,5001,0,0,2,2,0,0,0,8.03150749206543
repr-hard-adam,independent,up-0.25,5001,0,0,4,4,0,0,0,7.635776519775391
repr-hard-adam,independent,up-0.25,5001,0,0,8,8,0,0,0,7.055336952209473
repr-hard-adam,independent,up-0.25,5001,0,0,16,16,0,0,0,6.577428340911865
repr-hard-adam,independent,up-0.25,5001,0,0,32,32,0,0,0,7.416501998901367
repr-hard-adam,independent,up-0.25,5001,0,0,64,64,0,0,0,8.367740631103516
repr-hard-adam,independent,up-0.25,5001,0,0,128,128,0,0,0,8.631057739257812
repr-hard-adam,independent,up-0.25,5001,0,0,256,256,0,0,0,8.870437622070312
repr-hard-adam,independent,up-0.25,5001,0,0,512,512,0,0,0,9.031167984008789
repr-hard-adam,independent,up-0.25,5001,0,0,1024,1024,0,0,1,9.008600234985352
repr-hard-adam,coherent,up-0.25,5001,0,1,0,0,0,0,0,8.689878463745117
repr-hard-adam,coherent,up-0.25,5001,0,1,1,1,0,0,0,8.358396530151367
repr-hard-adam,coherent,up-0.25,5001,0,1,2,2,0,0,0,8.231607437133789
repr-hard-adam,coherent,up-0.25,5001,0,1,4,4,0,0,0,8.039820671081543
repr-hard-adam,coherent,up-0.25,5001,0,1,8,8,0,0,0,7.948328018188477
repr-hard-adam,coherent,up-0.25,5001,0,1,16,16,0,0,0,7.755852699279785
repr-hard-adam,coherent,up-0.25,5001,0,1,32,32,0,0,0,7.714766025543213
repr-hard-adam,coherent,up-0.25,5001,0,1,64,64,0,0,0,7.752434730529785
repr-hard-adam,coherent,up-0.25,5001,0,1,128,128,0,0,0,7.843262195587158
repr-hard-adam,coherent,up-0.25,5001,0,1,256,256,0,0,0,7.882696151733398
repr-hard-adam,coherent,up-0.25,5001,0,1,512,512,0,0,0,8.076047897338867
repr-hard-adam,coherent,up-0.25,5001,0,1,1024,1024,0,0,0,8.355850219726562
repr-hard-adam,independent,up-0.25,5001,0,1,0,0,0,0,0,8.666482925415039
repr-hard-adam,independent,up-0.25,5001,0,1,1,1,0,0,0,8.512998580932617
repr-hard-adam,independent,up-0.25,5001,0,1,2,2,0,0,0,8.456259727478027
repr-hard-adam,independent,up-0.25,5001,0,1,4,4,0,0,0,8.373123168945312
repr-hard-adam,independent,up-0.25,5001,0,1,8,8,0,0,0,8.343118667602539
repr-hard-adam,independent,up-0.25,5001,0,1,16,16,0,0,0,8.26485538482666
repr-hard-adam,independent,up-0.25,5001,0,1,32,32,0,0,0,8.27334213256836
repr-hard-adam,independent,up-0.25,5001,0,1,64,64,0,0,0,8.259902000427246
repr-hard-adam,independent,up-0.25,5001,0,1,128,128,0,0,0,8.316666603088379
repr-hard-adam,independent,up-0.25,5001,0,1,256,256,0,0,0,8.330890655517578
repr-hard-adam,independent,up-0.25,5001,0,1,512,512,0,0,0,8.443559646606445
repr-hard-adam,independent,up-0.25,5001,0,1,1024,1024,0,0,0,8.557451248168945
repr-hard-adam,coherent,up-0.25,5001,0,2,0,0,0,0,0,7.059028148651123
repr-hard-adam,coherent,up-0.25,5001,0,2,1,1,0,0,0,4.680409908294678
repr-hard-adam,coherent,up-0.25,5001,0,2,2,2,0,0,1,3.891559362411499
repr-hard-adam,coherent,up-0.25,5001,0,2,4,4,0,0,1,3.81463360786438
repr-hard-adam,coherent,up-0.25,5001,0,2,8,8,0,0,1,3.782517433166504
repr-hard-adam,coherent,up-0.25,5001,0,2,16,16,0,0,1,3.7850418090820312
repr-hard-adam,coherent,up-0.25,5001,0,2,32,32,0,0,1,3.78008770942688
repr-hard-adam,coherent,up-0.25,5001,0,2,64,64,0,0,3,3.718126058578491
repr-hard-adam,coherent,up-0.25,5001,0,2,128,128,0,0,1,3.7771096229553223
repr-hard-adam,coherent,up-0.25,5001,0,2,256,256,0,0,1,3.89404034614563
repr-hard-adam,coherent,up-0.25,5001,0,2,512,512,0,0,1,3.969186544418335
repr-hard-adam,coherent,up-0.25,5001,0,2,1024,1024,0,0,2,4.238131999969482
repr-hard-adam,independent,up-0.25,5001,0,2,0,0,0,0,0,5.989083290100098
repr-hard-adam,independent,up-0.25,5001,0,2,1,1,0,0,0,3.62673282623291
repr-hard-adam,independent,up-0.25,5001,0,2,2,2,0,0,1,2.8454298973083496
repr-hard-adam,independent,up-0.25,5001,0,2,4,4,0,0,1,2.7480130195617676
repr-hard-adam,independent,up-0.25,5001,0,2,8,8,0,0,1,2.622715950012207
repr-hard-adam,independent,up-0.25,5001,0,2,16,16,0,0,1,2.4701309204101562
repr-hard-adam,independent,up-0.25,5001,0,2,32,32,0,0,1,2.4386844635009766
repr-hard-adam,independent,up-0.25,5001,0,2,64,64,0,0,1,2.541184186935425
repr-hard-adam,independent,up-0.25,5001,0,2,128,128,0,0,1,2.574923038482666
repr-hard-adam,independent,up-0.25,5001,0,2,256,256,0,0,1,2.6600682735443115
repr-hard-adam,independent,up-0.25,5001,0,2,512,512,0,0,1,2.806525707244873
repr-hard-adam,independent,up-0.25,5001,0,2,1024,1024,0,0,1,3.6676182746887207
func-hard-gn,coherent,baseline,5001,1,0,0,0,0,0,0,8.879556655883789
func-hard-gn,coherent,baseline,5001,1,0,1,1,0,0,0,6.3217926025390625
func-hard-gn,coherent,baseline,5001,1,0,2,2,0,0,0,4.5256452560424805
func-hard-gn,coherent,baseline,5001,1,0,4,4,0,0,1,2.9093692302703857
func-hard-gn,coherent,baseline,5001,1,0,8,8,0,0,2,1.5509905815124512
func-hard-gn,coherent,baseline,5001,1,0,16,16,0,0,2,1.1327232122421265
func-hard-gn,coherent,baseline,5001,1,0,32,32,1,1,0,0.06624754518270493
func-hard-gn,coherent,baseline,5001,1,0,64,64,1,1,0,0.0075759124010801315
func-hard-gn,coherent,baseline,5001,1,0,128,128,1,0,1,0.0016929474659264088
func-hard-gn,coherent,baseline,5001,1,0,256,256,1,0,2,0.001297644805163145
func-hard-gn,coherent,baseline,5001,1,0,512,512,1,0,1,0.0012717500794678926
func-hard-gn,coherent,baseline,5001,1,0,1024,1024,1,0,1,0.0012590703554451466
func-hard-gn,independent,baseline,5001,1,0,0,0,0,0,0,8.472295761108398
func-hard-gn,independent,baseline,5001,1,0,1,1,0,0,1,7.484192371368408
func-hard-gn,independent,baseline,5001,1,0,2,2,0,0,1,6.426797866821289
func-hard-gn,independent,baseline,5001,1,0,4,4,0,0,2,5.386302471160889
func-hard-gn,independent,baseline,5001,1,0,8,8,0,0,2,4.536174774169922
func-hard-gn,independent,baseline,5001,1,0,16,16,0,0,1,3.9964044094085693
func-hard-gn,independent,baseline,5001,1,0,32,32,0,0,1,1.3570804595947266
func-hard-gn,independent,baseline,5001,1,0,64,64,1,0,2,0.028247281908988953
func-hard-gn,independent,baseline,5001,1,0,128,128,1,0,2,0.010039770975708961
func-hard-gn,independent,baseline,5001,1,0,256,256,1,0,1,0.0017854063771665096
func-hard-gn,independent,baseline,5001,1,0,512,512,1,0,2,0.0015893378295004368
func-hard-gn,independent,baseline,5001,1,0,1024,1024,1,0,2,0.0015065539628267288
func-hard-gn,coherent,baseline,5001,1,1,0,0,0,0,0,8.681642532348633
func-hard-gn,coherent,baseline,5001,1,1,1,1,0,0,0,8.16193675994873
func-hard-gn,coherent,baseline,5001,1,1,2,2,0,0,0,7.462118148803711
func-hard-gn,coherent,baseline,5001,1,1,4,4,0,0,1,4.113596439361572
func-hard-gn,coherent,baseline,5001,1,1,8,8,0,0,1,3.358245372772217
func-hard-gn,coherent,baseline,5001,1,1,16,16,0,0,2,1.6058626174926758
func-hard-gn,coherent,baseline,5001,1,1,32,32,1,0,4,0.32464686036109924
func-hard-gn,coherent,baseline,5001,1,1,64,64,1,0,1,0.0029079706873744726
func-hard-gn,coherent,baseline,5001,1,1,128,128,1,0,2,0.0015827997121959925
func-hard-gn,coherent,baseline,5001,1,1,256,256,1,0,1,0.0015643513761460781
func-hard-gn,coherent,baseline,5001,1,1,512,512,1,0,1,0.0015569719253107905
func-hard-gn,coherent,baseline,5001,1,1,1024,1024,1,0,1,0.0015539368614554405
func-hard-gn,independent,baseline,5001,1,1,0,0,0,0,0,8.715103149414062
func-hard-gn,independent,baseline,5001,1,1,1,1,0,0,0,8.305301666259766
func-hard-gn,independent,baseline,5001,1,1,2,2,0,0,0,7.849342346191406
func-hard-gn,independent,baseline,5001,1,1,4,4,0,0,0,6.684904098510742
func-hard-gn,independent,baseline,5001,1,1,8,8,0,0,0,3.674849033355713
func-hard-gn,independent,baseline,5001,1,1,16,16,0,0,0,1.9694448709487915
func-hard-gn,independent,baseline,5001,1,1,32,32,1,0,1,0.38620179891586304
func-hard-gn,independent,baseline,5001,1,1,64,64,1,0,3,0.045511964708566666
func-hard-gn,independent,baseline,5001,1,1,128,128,1,0,3,0.003668519202619791
func-hard-gn,independent,baseline,5001,1,1,256,256,1,0,1,0.001617255387827754
func-hard-gn,independent,baseline,5001,1,1,512,512,1,0,1,0.0015341173857450485
func-hard-gn,independent,baseline,5001,1,1,1024,1024,1,0,1,0.0015157274901866913
func-hard-gn,coherent,baseline,5001,1,2,0,0,0,0,0,7.907910346984863
func-hard-gn,coherent,baseline,5001,1,2,1,1,0,0,0,6.818230628967285
func-hard-gn,coherent,baseline,5001,1,2,2,2,0,0,0,6.093747138977051
func-hard-gn,coherent,baseline,5001,1,2,4,4,0,0,0,2.831601619720459
func-hard-gn,coherent,baseline,5001,1,2,8,8,0,0,0,0.9758591651916504
func-hard-gn,coherent,baseline,5001,1,2,16,16,1,0,2,0.5543130040168762
func-hard-gn,coherent,baseline,5001,1,2,32,32,1,1,0,0.013966908678412437
func-hard-gn,coherent,baseline,5001,1,2,64,64,1,0,1,0.008406545966863632
func-hard-gn,coherent,baseline,5001,1,2,128,128,1,1,0,0.002229898702353239
func-hard-gn,coherent,baseline,5001,1,2,256,256,1,0,1,0.0014749611727893353
func-hard-gn,coherent,baseline,5001,1,2,512,512,1,0,1,0.0014460950624197721
func-hard-gn,coherent,baseline,5001,1,2,1024,1024,1,0,1,0.0014387147966772318
func-hard-gn,independent,baseline,5001,1,2,0,0,0,0,0,8.22067642211914
func-hard-gn,independent,baseline,5001,1,2,1,1,0,0,0,6.75291633605957
func-hard-gn,independent,baseline,5001,1,2,2,2,0,0,0,4.0958356857299805
func-hard-gn,independent,baseline,5001,1,2,4,4,0,0,0,2.681828022003174
func-hard-gn,independent,baseline,5001,1,2,8,8,0,0,0,1.5085023641586304
func-hard-gn,independent,baseline,5001,1,2,16,16,1,0,2,0.41060951352119446
func-hard-gn,independent,baseline,5001,1,2,32,32,1,0,2,0.20588845014572144
func-hard-gn,independent,baseline,5001,1,2,64,64,1,0,1,0.0694199949502945
func-hard-gn,independent,baseline,5001,1,2,128,128,1,0,1,0.005990578792989254
func-hard-gn,independent,baseline,5001,1,2,256,256,1,1,0,0.001497040269896388
func-hard-gn,independent,baseline,5001,1,2,512,512,1,1,0,0.00141466548666358
func-hard-gn,independent,baseline,5001,1,2,1024,1024,1,1,0,0.001390439341776073
func-soft-adam,coherent,baseline,5001,1,0,0,0,0,0,0,8.879556655883789
func-soft-adam,coherent,baseline,5001,1,0,1,1,0,0,1,2.885557174682617
func-soft-adam,coherent,baseline,5001,1,0,2,2,1,0,8,0.04944095015525818
func-soft-adam,coherent,baseline,5001,1,0,4,4,1,0,8,0.011029025539755821
func-soft-adam,coherent,baseline,5001,1,0,8,8,1,0,8,0.1326596438884735
func-soft-adam,coherent,baseline,5001,1,0,16,16,1,0,7,0.18946872651576996
func-soft-adam,coherent,baseline,5001,1,0,32,32,1,0,4,0.20617029070854187
func-soft-adam,coherent,baseline,5001,1,0,64,64,1,0,5,0.17128509283065796
func-soft-adam,coherent,baseline,5001,1,0,128,128,1,0,4,0.0052941772155463696
func-soft-adam,coherent,baseline,5001,1,0,256,256,1,0,5,0.002860582433640957
func-soft-adam,coherent,baseline,5001,1,0,512,512,1,0,5,0.0019860118627548218
func-soft-adam,coherent,baseline,5001,1,0,1024,1024,1,0,5,0.0015664917882531881
func-soft-adam,independent,baseline,5001,1,0,0,0,0,0,0,8.472295761108398
func-soft-adam,independent,baseline,5001,1,0,1,1,0,0,1,5.480052947998047
func-soft-adam,independent,baseline,5001,1,0,2,2,0,0,7,3.92802095413208
func-soft-adam,independent,baseline,5001,1,0,4,4,0,0,4,3.639523506164551
func-soft-adam,independent,baseline,5001,1,0,8,8,0,0,2,3.6090500354766846
func-soft-adam,independent,baseline,5001,1,0,16,16,0,0,1,2.915980339050293
func-soft-adam,independent,baseline,5001,1,0,32,32,1,0,4,0.5650572776794434
func-soft-adam,independent,baseline,5001,1,0,64,64,1,0,3,0.3390556275844574
func-soft-adam,independent,baseline,5001,1,0,128,128,1,0,2,0.00970667414367199
func-soft-adam,independent,baseline,5001,1,0,256,256,1,0,4,0.16669820249080658
func-soft-adam,independent,baseline,5001,1,0,512,512,1,0,2,0.005022690165787935
func-soft-adam,independent,baseline,5001,1,0,1024,1024,1,0,1,0.0019352417439222336
func-soft-adam,coherent,baseline,5001,1,1,0,0,0,0,0,8.681642532348633
func-soft-adam,coherent,baseline,5001,1,1,1,1,0,0,0,8.195780754089355
func-soft-adam,coherent,baseline,5001,1,1,2,2,0,0,0,7.5789384841918945
func-soft-adam,coherent,baseline,5001,1,1,4,4,0,0,1,5.547549247741699
func-soft-adam,coherent,baseline,5001,1,1,8,8,0,0,5,2.7589681148529053
func-soft-adam,coherent,baseline,5001,1,1,16,16,0,0,6,0.9219542145729065
func-soft-adam,coherent,baseline,5001,1,1,32,32,1,0,3,0.28722354769706726
func-soft-adam,coherent,baseline,5001,1,1,64,64,1,0,2,0.2228238880634308
func-soft-adam,coherent,baseline,5001,1,1,128,128,1,0,2,0.053289808332920074
func-soft-adam,coherent,baseline,5001,1,1,256,256,1,0,2,0.0035304022021591663
func-soft-adam,coherent,baseline,5001,1,1,512,512,1,0,2,0.002030331874266267
func-soft-adam,coherent,baseline,5001,1,1,1024,1024,1,0,2,0.0016141607193276286
func-soft-adam,independent,baseline,5001,1,1,0,0,0,0,0,8.715103149414062
func-soft-adam,independent,baseline,5001,1,1,1,1,0,0,0,8.269319534301758
func-soft-adam,independent,baseline,5001,1,1,2,2,0,0,0,7.744765281677246
func-soft-adam,independent,baseline,5001,1,1,4,4,0,0,0,6.14051628112793
func-soft-adam,independent,baseline,5001,1,1,8,8,0,0,3,3.457237720489502
func-soft-adam,independent,baseline,5001,1,1,16,16,0,0,3,2.369011163711548
func-soft-adam,independent,baseline,5001,1,1,32,32,1,0,2,0.6649522185325623
func-soft-adam,independent,baseline,5001,1,1,64,64,1,0,1,0.4920753240585327
func-soft-adam,independent,baseline,5001,1,1,128,128,1,0,1,0.012809710577130318
func-soft-adam,independent,baseline,5001,1,1,256,256,1,0,2,0.0036031382624059916
func-soft-adam,independent,baseline,5001,1,1,512,512,1,0,3,0.002283047419041395
func-soft-adam,independent,baseline,5001,1,1,1024,1024,1,0,2,0.0027063200250267982
func-soft-adam,coherent,baseline,5001,1,2,0,0,0,0,0,7.907910346984863
func-soft-adam,coherent,baseline,5001,1,2,1,1,0,0,0,5.786951065063477
func-soft-adam,coherent,baseline,5001,1,2,2,2,0,0,0,3.8491053581237793
func-soft-adam,coherent,baseline,5001,1,2,4,4,0,0,0,1.0846121311187744
func-soft-adam,coherent,baseline,5001,1,2,8,8,1,0,9,0.0755421370267868
func-soft-adam,coherent,baseline,5001,1,2,16,16,1,0,8,0.07674236595630646
func-soft-adam,coherent,baseline,5001,1,2,32,32,1,0,4,0.34849870204925537
func-soft-adam,coherent,baseline,5001,1,2,64,64,1,0,3,0.1536020040512085
func-soft-adam,coherent,baseline,5001,1,2,128,128,1,1,0,0.010115307755768299
func-soft-adam,coherent,baseline,5001,1,2,256,256,1,1,0,0.0021348719019442797
func-soft-adam,coherent,baseline,5001,1,2,512,512,1,1,0,0.001673546270467341
func-soft-adam,coherent,baseline,5001,1,2,1024,1024,1,1,0,0.0015235848259180784
func-soft-adam,independent,baseline,5001,1,2,0,0,0,0,0,8.22067642211914
func-soft-adam,independent,baseline,5001,1,2,1,1,0,0,3,3.672090768814087
func-soft-adam,independent,baseline,5001,1,2,2,2,0,0,4,3.2695159912109375
func-soft-adam,independent,baseline,5001,1,2,4,4,0,0,1,2.4685218334198
func-soft-adam,independent,baseline,5001,1,2,8,8,0,0,2,0.6531798839569092
func-soft-adam,independent,baseline,5001,1,2,16,16,1,0,8,0.278971403837204
func-soft-adam,independent,baseline,5001,1,2,32,32,1,0,2,0.3473833203315735
func-soft-adam,independent,baseline,5001,1,2,64,64,1,0,1,0.04071022570133209
func-soft-adam,independent,baseline,5001,1,2,128,128,1,1,0,0.003443310968577862
func-soft-adam,independent,baseline,5001,1,2,256,256,1,1,0,0.002094181254506111
func-soft-adam,independent,baseline,5001,1,2,512,512,1,0,1,0.00173441250808537
func-soft-adam,independent,baseline,5001,1,2,1024,1024,1,0,1,0.0016412967815995216
func-soft-gn,coherent,baseline,5001,1,0,0,0,0,0,0,8.879556655883789
func-soft-gn,coherent,baseline,5001,1,0,1,1,0,0,0,6.54990816116333
func-soft-gn,coherent,baseline,5001,1,0,2,2,0,0,2,2.2179722785949707
func-soft-gn,coherent,baseline,5001,1,0,4,4,0,0,1,1.8939523696899414
func-soft-gn,coherent,baseline,5001,1,0,8,8,0,0,3,0.7014518976211548
func-soft-gn,coherent,baseline,5001,1,0,16,16,1,0,4,0.3379882574081421
func-soft-gn,coherent,baseline,5001,1,0,32,32,1,0,2,0.15584632754325867
func-soft-gn,coherent,baseline,5001,1,0,64,64,1,0,1,0.016816487535834312
func-soft-gn,coherent,baseline,5001,1,0,128,128,1,0,3,0.0025346996262669563
func-soft-gn,coherent,baseline,5001,1,0,256,256,1,0,3,0.0015107300132513046
func-soft-gn,coherent,baseline,5001,1,0,512,512,1,0,7,0.0013363368343561888
func-soft-gn,coherent,baseline,5001,1,0,1024,1024,1,0,7,0.0012892514932900667
func-soft-gn,independent,baseline,5001,1,0,0,0,0,0,0,8.472295761108398
func-soft-gn,independent,baseline,5001,1,0,1,1,0,0,0,7.439067363739014
func-soft-gn,independent,baseline,5001,1,0,2,2,0,0,3,4.837397575378418
func-soft-gn,independent,baseline,5001,1,0,4,4,0,0,4,4.055614471435547
func-soft-gn,independent,baseline,5001,1,0,8,8,0,0,3,4.035037994384766
func-soft-gn,independent,baseline,5001,1,0,16,16,0,0,2,3.783644437789917
func-soft-gn,independent,baseline,5001,1,0,32,32,1,0,8,0.38902774453163147
func-soft-gn,independent,baseline,5001,1,0,64,64,1,0,2,0.15090946853160858
func-soft-gn,independent,baseline,5001,1,0,128,128,1,0,1,0.018873516470193863
func-soft-gn,independent,baseline,5001,1,0,256,256,1,0,1,0.002181303920224309
func-soft-gn,independent,baseline,5001,1,0,512,512,1,0,2,0.0017498726956546307
func-soft-gn,independent,baseline,5001,1,0,1024,1024,1,0,2,0.0015743329422548413
func-soft-gn,coherent,baseline,5001,1,1,0,0,0,0,0,8.681642532348633
func-soft-gn,coherent,baseline,5001,1,1,1,1,0,0,0,8.156152725219727
func-soft-gn,coherent,baseline,5001,1,1,2,2,0,0,0,7.456964492797852
func-soft-gn,coherent,baseline,5001,1,1,4,4,0,0,1,4.357900619506836
func-soft-gn,coherent,baseline,5001,1,1,8,8,0,0,1,3.282587766647339
func-soft-gn,coherent,baseline,5001,1,1,16,16,0,0,5,0.6136622428894043
func-soft-gn,coherent,baseline,5001,1,1,32,32,1,0,4,0.12480039149522781
func-soft-gn,coherent,baseline,5001,1,1,64,64,1,0,1,0.003237019758671522
func-soft-gn,coherent,baseline,5001,1,1,128,128,1,0,1,0.0016522458754479885
func-soft-gn,coherent,baseline,5001,1,1,256,256,1,1,0,0.0015830972697585821
func-soft-gn,coherent,baseline,5001,1,1,512,512,1,1,0,0.0015644108643755317
func-soft-gn,coherent,baseline,5001,1,1,1024,1024,1,1,0,0.0015570910181850195
func-soft-gn,independent,baseline,5001,1,1,0,0,0,0,0,8.715103149414062
func-soft-gn,independent,baseline,5001,1,1,1,1,0,0,0,8.31997299194336
func-soft-gn,independent,baseline,5001,1,1,2,2,0,0,0,7.8851094245910645
func-soft-gn,independent,baseline,5001,1,1,4,4,0,0,0,6.81290340423584
func-soft-gn,independent,baseline,5001,1,1,8,8,0,0,0,3.5338387489318848
func-soft-gn,independent,baseline,5001,1,1,16,16,0,0,2,0.6727163791656494
func-soft-gn,independent,baseline,5001,1,1,32,32,1,0,1,0.08606437593698502
func-soft-gn,independent,baseline,5001,1,1,64,64,1,0,1,0.01897227019071579
func-soft-gn,independent,baseline,5001,1,1,128,128,1,0,1,0.004511750768870115
func-soft-gn,independent,baseline,5001,1,1,256,256,1,1,0,0.001579704461619258
func-soft-gn,independent,baseline,5001,1,1,512,512,1,0,1,0.0015346533618867397
func-soft-gn,independent,baseline,5001,1,1,1024,1024,1,0,1,0.0015133469132706523
func-soft-gn,coherent,baseline,5001,1,2,0,0,0,0,0,7.907910346984863
func-soft-gn,coherent,baseline,5001,1,2,1,1,0,0,0,6.805083751678467
func-soft-gn,coherent,baseline,5001,1,2,2,2,0,0,0,5.240113258361816
func-soft-gn,coherent,baseline,5001,1,2,4,4,1,0,3,0.41481590270996094
func-soft-gn,coherent,baseline,5001,1,2,8,8,1,0,2,0.4064464271068573
func-soft-gn,coherent,baseline,5001,1,2,16,16,1,0,2,0.23729930818080902
func-soft-gn,coherent,baseline,5001,1,2,32,32,1,0,1,0.0319393165409565
func-soft-gn,coherent,baseline,5001,1,2,64,64,1,1,0,0.00586435291916132
func-soft-gn,coherent,baseline,5001,1,2,128,128,1,1,0,0.0018353870837017894
func-soft-gn,coherent,baseline,5001,1,2,256,256,1,1,0,0.0014973392244428396
func-soft-gn,coherent,baseline,5001,1,2,512,512,1,1,0,0.0014543681172654033
func-soft-gn,coherent,baseline,5001,1,2,1024,1024,1,1,0,0.0014401432126760483
func-soft-gn,independent,baseline,5001,1,2,0,0,0,0,0,8.22067642211914
func-soft-gn,independent,baseline,5001,1,2,1,1,0,0,0,6.702596664428711
func-soft-gn,independent,baseline,5001,1,2,2,2,0,0,0,4.05858850479126
func-soft-gn,independent,baseline,5001,1,2,4,4,0,0,2,1.026777744293213
func-soft-gn,independent,baseline,5001,1,2,8,8,1,0,5,0.1765958070755005
func-soft-gn,independent,baseline,5001,1,2,16,16,1,0,5,0.12208196520805359
func-soft-gn,independent,baseline,5001,1,2,32,32,1,0,4,0.09308090060949326
func-soft-gn,independent,baseline,5001,1,2,64,64,1,1,0,0.03558081388473511
func-soft-gn,independent,baseline,5001,1,2,128,128,1,1,0,0.004206900019198656
func-soft-gn,independent,baseline,5001,1,2,256,256,1,1,0,0.0016139824874699116
func-soft-gn,independent,baseline,5001,1,2,512,512,1,1,0,0.0014901370741426945
func-soft-gn,independent,baseline,5001,1,2,1024,1024,1,1,0,0.0014265109784901142
repr-hard-adam,coherent,baseline,5001,1,0,0,0,0,0,0,8.879556655883789
repr-hard-adam,coherent,baseline,5001,1,0,1,1,0,0,0,6.4175333976745605
repr-hard-adam,coherent,baseline,5001,1,0,2,2,0,0,0,5.3394775390625
repr-hard-adam,coherent,baseline,5001,1,0,4,4,0,0,0,4.122259140014648
repr-hard-adam,coherent,baseline,5001,1,0,8,8,0,0,1,4.425548553466797
repr-hard-adam,coherent,baseline,5001,1,0,16,16,0,0,0,5.671130657196045
repr-hard-adam,coherent,baseline,5001,1,0,32,32,0,0,0,7.0398759841918945
repr-hard-adam,coherent,baseline,5001,1,0,64,64,0,0,0,7.629222869873047
repr-hard-adam,coherent,baseline,5001,1,0,128,128,0,0,0,8.087535858154297
repr-hard-adam,coherent,baseline,5001,1,0,256,256,0,0,0,8.32992172241211
repr-hard-adam,coherent,baseline,5001,1,0,512,512,0,0,0,8.541852951049805
repr-hard-adam,coherent,baseline,5001,1,0,1024,1024,0,0,0,8.596207618713379
repr-hard-adam,independent,baseline,5001,1,0,0,0,0,0,0,8.472295761108398
repr-hard-adam,independent,baseline,5001,1,0,1,1,0,0,0,7.382784843444824
repr-hard-adam,independent,baseline,5001,1,0,2,2,0,0,0,6.827540397644043
repr-hard-adam,independent,baseline,5001,1,0,4,4,0,0,0,6.051987171173096
repr-hard-adam,independent,baseline,5001,1,0,8,8,0,0,1,6.0990519523620605
repr-hard-adam,independent,baseline,5001,1,0,16,16,0,0,0,6.717446327209473
repr-hard-adam,independent,baseline,5001,1,0,32,32,0,0,0,7.430154800415039
repr-hard-adam,independent,baseline,5001,1,0,64,64,0,0,0,7.892870903015137
repr-hard-adam,independent,baseline,5001,1,0,128,128,0,0,0,7.965085029602051
repr-hard-adam,independent,baseline,5001,1,0,256,256,0,0,0,8.143780708312988
repr-hard-adam,independent,baseline,5001,1,0,512,512,0,0,0,8.180872917175293
repr-hard-adam,independent,baseline,5001,1,0,1024,1024,0,0,0,8.066361427307129
repr-hard-adam,coherent,baseline,5001,1,1,0,0,0,0,0,8.681642532348633
repr-hard-adam,coherent,baseline,5001,1,1,1,1,0,0,0,8.450569152832031
repr-hard-adam,coherent,baseline,5001,1,1,2,2,0,0,0,8.390493392944336
repr-hard-adam,coherent,baseline,5001,1,1,4,4,0,0,0,8.433061599731445
repr-hard-adam,coherent,baseline,5001,1,1,8,8,0,0,0,8.555959701538086
repr-hard-adam,coherent,baseline,5001,1,1,16,16,0,0,0,8.704133033752441
repr-hard-adam,coherent,baseline,5001,1,1,32,32,0,0,0,8.831843376159668
repr-hard-adam,coherent,baseline,5001,1,1,64,64,0,0,0,8.852899551391602
repr-hard-adam,coherent,baseline,5001,1,1,128,128,0,0,0,8.879403114318848
repr-hard-adam,coherent,baseline,5001,1,1,256,256,0,0,1,8.823060989379883
repr-hard-adam,coherent,baseline,5001,1,1,512,512,0,0,2,8.775896072387695
repr-hard-adam,coherent,baseline,5001,1,1,1024,1024,0,0,2,8.680828094482422
repr-hard-adam,independent,baseline,5001,1,1,0,0,0,0,0,8.715103149414062
repr-hard-adam,independent,baseline,5001,1,1,1,1,0,0,0,8.498344421386719
repr-hard-adam,independent,baseline,5001,1,1,2,2,0,0,0,8.445611000061035
repr-hard-adam,independent,baseline,5001,1,1,4,4,0,0,0,8.470455169677734
repr-hard-adam,independent,baseline,5001,1,1,8,8,0,0,0,8.626836776733398
repr-hard-adam,independent,baseline,5001,1,1,16,16,0,0,0,8.741203308105469
repr-hard-adam,independent,baseline,5001,1,1,32,32,0,0,1,8.816604614257812
repr-hard-adam,independent,baseline,5001,1,1,64,64,0,0,1,8.828719139099121
repr-hard-adam,independent,baseline,5001,1,1,128,128,0,0,1,8.826086044311523
repr-hard-adam,independent,baseline,5001,1,1,256,256,0,0,1,8.818864822387695
repr-hard-adam,independent,baseline,5001,1,1,512,512,0,0,1,8.738216400146484
repr-hard-adam,independent,baseline,5001,1,1,1024,1024,0,0,1,8.657526016235352
repr-hard-adam,coherent,baseline,5001,1,2,0,0,0,0,0,7.907910346984863
repr-hard-adam,coherent,baseline,5001,1,2,1,1,0,0,0,6.84519100189209
repr-hard-adam,coherent,baseline,5001,1,2,2,2,0,0,0,6.146478652954102
repr-hard-adam,coherent,baseline,5001,1,2,4,4,0,0,0,5.123844146728516
repr-hard-adam,coherent,baseline,5001,1,2,8,8,0,0,0,3.883129119873047
repr-hard-adam,coherent,baseline,5001,1,2,16,16,0,0,0,3.0546412467956543
repr-hard-adam,coherent,baseline,5001,1,2,32,32,0,0,0,2.348271369934082
repr-hard-adam,coherent,baseline,5001,1,2,64,64,0,0,0,2.1592819690704346
repr-hard-adam,coherent,baseline,5001,1,2,128,128,0,0,0,2.2311229705810547
repr-hard-adam,coherent,baseline,5001,1,2,256,256,0,0,0,2.383241891860962
repr-hard-adam,coherent,baseline,5001,1,2,512,512,0,0,0,3.0313704013824463
repr-hard-adam,coherent,baseline,5001,1,2,1024,1024,0,0,0,3.5750081539154053
repr-hard-adam,independent,baseline,5001,1,2,0,0,0,0,0,8.22067642211914
repr-hard-adam,independent,baseline,5001,1,2,1,1,0,0,0,5.444912433624268
repr-hard-adam,independent,baseline,5001,1,2,2,2,0,0,1,3.956247568130493
repr-hard-adam,independent,baseline,5001,1,2,4,4,0,0,3,3.6052446365356445
repr-hard-adam,independent,baseline,5001,1,2,8,8,0,0,3,3.0617592334747314
repr-hard-adam,independent,baseline,5001,1,2,16,16,0,0,0,2.5819003582000732
repr-hard-adam,independent,baseline,5001,1,2,32,32,0,0,0,2.146034002304077
repr-hard-adam,independent,baseline,5001,1,2,64,64,0,0,0,1.8092823028564453
repr-hard-adam,independent,baseline,5001,1,2,128,128,0,0,0,1.9881508350372314
repr-hard-adam,independent,baseline,5001,1,2,256,256,0,0,0,2.0355796813964844
repr-hard-adam,independent,baseline,5001,1,2,512,512,0,0,0,2.2888686656951904
repr-hard-adam,independent,baseline,5001,1,2,1024,1024,0,0,0,2.5529932975769043
func-hard-gn,coherent,up-0.25,5001,1,0,0,0,0,0,0,8.993185043334961
func-hard-gn,coherent,up-0.25,5001,1,0,1,1,0,0,0,7.721561431884766
func-hard-gn,coherent,up-0.25,5001,1,0,2,2,0,0,0,5.399707317352295
func-hard-gn,coherent,up-0.25,5001,1,0,4,4,0,0,3,3.0896730422973633
func-hard-gn,coherent,up-0.25,5001,1,0,8,8,0,0,1,1.3344621658325195
func-hard-gn,coherent,up-0.25,5001,1,0,16,16,1,1,0,0.2972734570503235
func-hard-gn,coherent,up-0.25,5001,1,0,32,32,1,1,0,0.03403468802571297
func-hard-gn,coherent,up-0.25,5001,1,0,64,64,1,1,0,0.00216678692959249
func-hard-gn,coherent,up-0.25,5001,1,0,128,128,1,1,0,0.0013034784933552146
func-hard-gn,coherent,up-0.25,5001,1,0,256,256,1,1,0,0.0012491289526224136
func-hard-gn,coherent,up-0.25,5001,1,0,512,512,1,1,0,0.001240139827132225
func-hard-gn,coherent,up-0.25,5001,1,0,1024,1024,1,1,0,0.0012355558574199677
func-hard-gn,independent,up-0.25,5001,1,0,0,0,0,0,0,8.549890518188477
func-hard-gn,independent,up-0.25,5001,1,0,1,1,0,0,0,7.804027080535889
func-hard-gn,independent,up-0.25,5001,1,0,2,2,0,0,0,6.207317352294922
func-hard-gn,independent,up-0.25,5001,1,0,4,4,0,0,2,4.476743221282959
func-hard-gn,independent,up-0.25,5001,1,0,8,8,0,0,2,4.0862226486206055
func-hard-gn,independent,up-0.25,5001,1,0,16,16,0,0,2,3.361539125442505
func-hard-gn,independent,up-0.25,5001,1,0,32,32,1,0,2,0.0644993931055069
func-hard-gn,independent,up-0.25,5001,1,0,64,64,1,0,2,0.020922493189573288
func-hard-gn,independent,up-0.25,5001,1,0,128,128,1,1,0,0.007380703464150429
func-hard-gn,independent,up-0.25,5001,1,0,256,256,1,1,0,0.0014335227897390723
func-hard-gn,independent,up-0.25,5001,1,0,512,512,1,1,0,0.001421499066054821
func-hard-gn,independent,up-0.25,5001,1,0,1024,1024,1,1,0,0.0014178089331835508
func-hard-gn,coherent,up-0.25,5001,1,1,0,0,0,0,0,8.624540328979492
func-hard-gn,coherent,up-0.25,5001,1,1,1,1,0,0,0,7.998893737792969
func-hard-gn,coherent,up-0.25,5001,1,1,2,2,0,0,0,6.463879585266113
func-hard-gn,coherent,up-0.25,5001,1,1,4,4,0,0,3,4.006601333618164
func-hard-gn,coherent,up-0.25,5001,1,1,8,8,0,0,3,2.458369255065918
func-hard-gn,coherent,up-0.25,5001,1,1,16,16,1,0,3,0.07384800910949707
func-hard-gn,coherent,up-0.25,5001,1,1,32,32,1,0,1,0.006270736921578646
func-hard-gn,coherent,up-0.25,5001,1,1,64,64,1,0,1,0.0018156289588660002
func-hard-gn,coherent,up-0.25,5001,1,1,128,128,1,0,1,0.0015829188050702214
func-hard-gn,coherent,up-0.25,5001,1,1,256,256,1,1,0,0.0015797647647559643
func-hard-gn,coherent,up-0.25,5001,1,1,512,512,1,1,0,0.0015789910685271025
func-hard-gn,coherent,up-0.25,5001,1,1,1024,1024,1,1,0,0.0015787529991939664
func-hard-gn,independent,up-0.25,5001,1,1,0,0,0,0,0,8.783561706542969
func-hard-gn,independent,up-0.25,5001,1,1,1,1,0,0,0,8.190250396728516
func-hard-gn,independent,up-0.25,5001,1,1,2,2,0,0,0,7.2831597328186035
func-hard-gn,independent,up-0.25,5001,1,1,4,4,0,0,0,4.485859394073486
func-hard-gn,independent,up-0.25,5001,1,1,8,8,0,0,1,3.9584176540374756
func-hard-gn,independent,up-0.25,5001,1,1,16,16,0,0,2,2.6446752548217773
func-hard-gn,independent,up-0.25,5001,1,1,32,32,1,0,4,0.1603558510541916
func-hard-gn,independent,up-0.25,5001,1,1,64,64,1,0,2,0.0425306111574173
func-hard-gn,independent,up-0.25,5001,1,1,128,128,1,1,0,0.0032959969248622656
func-hard-gn,independent,up-0.25,5001,1,1,256,256,1,0,1,0.0015129288658499718
func-hard-gn,independent,up-0.25,5001,1,1,512,512,1,0,1,0.001503525534644723
func-hard-gn,independent,up-0.25,5001,1,1,1024,1024,1,0,2,0.0015006093308329582
func-hard-gn,coherent,up-0.25,5001,1,2,0,0,0,0,0,7.989625930786133
func-hard-gn,coherent,up-0.25,5001,1,2,1,1,0,0,0,7.382948398590088
func-hard-gn,coherent,up-0.25,5001,1,2,2,2,0,0,0,4.66174840927124
func-hard-gn,coherent,up-0.25,5001,1,2,4,4,1,1,0,0.011553698219358921
func-hard-gn,coherent,up-0.25,5001,1,2,8,8,1,1,0,0.005628231912851334
func-hard-gn,coherent,up-0.25,5001,1,2,16,16,1,1,0,0.002109205350279808
func-hard-gn,coherent,up-0.25,5001,1,2,32,32,1,1,0,0.001443773740902543
func-hard-gn,coherent,up-0.25,5001,1,2,64,64,1,1,0,0.0014191328082233667
func-hard-gn,coherent,up-0.25,5001,1,2,128,128,1,1,0,0.0014171090442687273
func-hard-gn,coherent,up-0.25,5001,1,2,256,256,1,1,0,0.001416513929143548
func-hard-gn,coherent,up-0.25,5001,1,2,512,512,1,1,0,0.0014160972787067294
func-hard-gn,coherent,up-0.25,5001,1,2,1024,1024,1,1,0,0.001415799604728818
func-hard-gn,independent,up-0.25,5001,1,2,0,0,0,0,0,8.181862831115723
func-hard-gn,independent,up-0.25,5001,1,2,1,1,0,0,0,7.073400497436523
func-hard-gn,independent,up-0.25,5001,1,2,2,2,0,0,0,2.0798590183258057
func-hard-gn,independent,up-0.25,5001,1,2,4,4,1,1,0,0.19426091015338898
func-hard-gn,independent,up-0.25,5001,1,2,8,8,1,1,0,0.1381150782108307
func-hard-gn,independent,up-0.25,5001,1,2,16,16,1,1,0,0.12033674120903015
func-hard-gn,independent,up-0.25,5001,1,2,32,32,1,1,0,0.06675875931978226
func-hard-gn,independent,up-0.25,5001,1,2,64,64,1,1,0,0.012351186946034431
func-hard-gn,independent,up-0.25,5001,1,2,128,128,1,1,0,0.0028703641146421432
func-hard-gn,independent,up-0.25,5001,1,2,256,256,1,1,0,0.00136978505179286
func-hard-gn,independent,up-0.25,5001,1,2,512,512,1,1,0,0.0013589519076049328
func-hard-gn,independent,up-0.25,5001,1,2,1024,1024,1,1,0,0.0013529995921999216
func-soft-adam,coherent,up-0.25,5001,1,0,0,0,0,0,0,8.993185043334961
func-soft-adam,coherent,up-0.25,5001,1,0,1,1,0,0,0,7.504214763641357
func-soft-adam,coherent,up-0.25,5001,1,0,2,2,0,0,0,5.168332099914551
func-soft-adam,coherent,up-0.25,5001,1,0,4,4,0,0,9,0.49656105041503906
func-soft-adam,coherent,up-0.25,5001,1,0,8,8,1,0,9,0.018276149407029152
func-soft-adam,coherent,up-0.25,5001,1,0,16,16,0,0,2,0.7285317182540894
func-soft-adam,coherent,up-0.25,5001,1,0,32,32,1,1,0,0.31996941566467285
func-soft-adam,coherent,up-0.25,5001,1,0,64,64,1,1,0,0.06675808131694794
func-soft-adam,coherent,up-0.25,5001,1,0,128,128,1,1,0,0.0061173285357654095
func-soft-adam,coherent,up-0.25,5001,1,0,256,256,1,1,0,0.0021586213260889053
func-soft-adam,coherent,up-0.25,5001,1,0,512,512,1,1,0,0.0016012333799153566
func-soft-adam,coherent,up-0.25,5001,1,0,1024,1024,1,1,0,0.001443594926968217
func-soft-adam,independent,up-0.25,5001,1,0,0,0,0,0,0,8.549890518188477
func-soft-adam,independent,up-0.25,5001,1,0,1,1,0,0,0,7.4592461585998535
func-soft-adam,independent,up-0.25,5001,1,0,2,2,0,0,0,5.5147504806518555
func-soft-adam,independent,up-0.25,5001,1,0,4,4,0,0,7,3.769380569458008
func-soft-adam,independent,up-0.25,5001,1,0,8,8,0,0,5,3.556028127670288
func-soft-adam,independent,up-0.25,5001,1,0,16,16,0,0,4,3.4331655502319336
func-soft-adam,independent,up-0.25,5001,1,0,32,32,1,0,2,0.18569877743721008
func-soft-adam,independent,up-0.25,5001,1,0,64,64,1,0,1,0.13449659943580627
func-soft-adam,independent,up-0.25,5001,1,0,128,128,1,1,0,0.023332158103585243
func-soft-adam,independent,up-0.25,5001,1,0,256,256,1,1,0,0.002774222753942013
func-soft-adam,independent,up-0.25,5001,1,0,512,512,1,1,0,0.0019187747966498137
func-soft-adam,independent,up-0.25,5001,1,0,1024,1024,1,1,0,0.001594343688338995
func-soft-adam,coherent,up-0.25,5001,1,1,0,0,0,0,0,8.624540328979492
func-soft-adam,coherent,up-0.25,5001,1,1,1,1,0,0,0,7.555809020996094
func-soft-adam,coherent,up-0.25,5001,1,1,2,2,0,0,1,5.365945339202881
func-soft-adam,coherent,up-0.25,5001,1,1,4,4,1,0,3,0.29749464988708496
func-soft-adam,coherent,up-0.25,5001,1,1,8,8,1,0,7,0.002825492527335882
func-soft-adam,coherent,up-0.25,5001,1,1,16,16,1,0,6,0.02563803642988205
func-soft-adam,coherent,up-0.25,5001,1,1,32,32,1,0,7,0.06070297211408615
func-soft-adam,coherent,up-0.25,5001,1,1,64,64,1,0,5,0.06316861510276794
func-soft-adam,coherent,up-0.25,5001,1,1,128,128,1,0,5,0.00429032277315855
func-soft-adam,coherent,up-0.25,5001,1,1,256,256,1,0,5,0.002048538066446781
func-soft-adam,coherent,up-0.25,5001,1,1,512,512,1,0,4,0.001719426247291267
func-soft-adam,coherent,up-0.25,5001,1,1,1024,1024,1,0,4,0.0027445992454886436
func-soft-adam,independent,up-0.25,5001,1,1,0,0,0,0,0,8.783561706542969
func-soft-adam,independent,up-0.25,5001,1,1,1,1,0,0,0,7.936202526092529
func-soft-adam,independent,up-0.25,5001,1,1,2,2,0,0,0,6.828438758850098
func-soft-adam,independent,up-0.25,5001,1,1,4,4,0,0,0,4.5303754806518555
func-soft-adam,independent,up-0.25,5001,1,1,8,8,0,0,3,3.1892008781433105
func-soft-adam,independent,up-0.25,5001,1,1,16,16,0,0,2,2.8877248764038086
func-soft-adam,independent,up-0.25,5001,1,1,32,32,0,0,6,0.9844900369644165
func-soft-adam,independent,up-0.25,5001,1,1,64,64,1,0,5,0.2569570541381836
func-soft-adam,independent,up-0.25,5001,1,1,128,128,1,1,0,0.006246868520975113
func-soft-adam,independent,up-0.25,5001,1,1,256,256,1,1,0,0.002431762870401144
func-soft-adam,independent,up-0.25,5001,1,1,512,512,1,1,0,0.001730194897390902
func-soft-adam,independent,up-0.25,5001,1,1,1024,1024,1,1,0,0.0015707758720964193
func-soft-adam,coherent,up-0.25,5001,1,2,0,0,0,0,0,7.989625930786133
func-soft-adam,coherent,up-0.25,5001,1,2,1,1,0,0,0,7.055722713470459
func-soft-adam,coherent,up-0.25,5001,1,2,2,2,0,0,0,3.801941156387329
func-soft-adam,coherent,up-0.25,5001,1,2,4,4,1,0,5,0.04708622768521309
func-soft-adam,coherent,up-0.25,5001,1,2,8,8,1,0,5,0.002889482071623206
func-soft-adam,coherent,up-0.25,5001,1,2,16,16,1,1,0,0.044853243976831436
func-soft-adam,coherent,up-0.25,5001,1,2,32,32,1,1,0,0.008682656101882458
func-soft-adam,coherent,up-0.25,5001,1,2,64,64,1,1,0,0.0019527070689946413
func-soft-adam,coherent,up-0.25,5001,1,2,128,128,1,1,0,0.0017810033168643713
func-soft-adam,coherent,up-0.25,5001,1,2,256,256,1,1,0,0.0016192763578146696
func-soft-adam,coherent,up-0.25,5001,1,2,512,512,1,1,0,0.0014846621779724956
func-soft-adam,coherent,up-0.25,5001,1,2,1024,1024,1,1,0,0.0014335366431623697
func-soft-adam,independent,up-0.25,5001,1,2,0,0,0,0,0,8.181862831115723
func-soft-adam,independent,up-0.25,5001,1,2,1,1,0,0,0,6.221773147583008
func-soft-adam,independent,up-0.25,5001,1,2,2,2,0,0,0,3.515604257583618
func-soft-adam,independent,up-0.25,5001,1,2,4,4,0,0,0,2.9536590576171875
func-soft-adam,independent,up-0.25,5001,1,2,8,8,0,0,0,1.2696644067764282
func-soft-adam,independent,up-0.25,5001,1,2,16,16,1,1,0,0.33411523699760437
func-soft-adam,independent,up-0.25,5001,1,2,32,32,1,1,0,0.2646920084953308
func-soft-adam,independent,up-0.25,5001,1,2,64,64,1,1,0,0.08531871438026428
func-soft-adam,independent,up-0.25,5001,1,2,128,128,1,1,0,0.005887901410460472
func-soft-adam,independent,up-0.25,5001,1,2,256,256,1,1,0,0.0031031437683850527
func-soft-adam,independent,up-0.25,5001,1,2,512,512,1,1,0,0.002216977532953024
func-soft-adam,independent,up-0.25,5001,1,2,1024,1024,1,1,0,0.0017069305758923292
func-soft-gn,coherent,up-0.25,5001,1,0,0,0,0,0,0,8.993185043334961
func-soft-gn,coherent,up-0.25,5001,1,0,1,1,0,0,0,7.805451393127441
func-soft-gn,coherent,up-0.25,5001,1,0,2,2,0,0,0,5.699128150939941
func-soft-gn,coherent,up-0.25,5001,1,0,4,4,0,0,7,1.2163194417953491
func-soft-gn,coherent,up-0.25,5001,1,0,8,8,1,0,2,0.4853622019290924
func-soft-gn,coherent,up-0.25,5001,1,0,16,16,1,1,0,0.3903343677520752
func-soft-gn,coherent,up-0.25,5001,1,0,32,32,1,1,0,0.062048494815826416
func-soft-gn,coherent,up-0.25,5001,1,0,64,64,1,1,0,0.009896857663989067
func-soft-gn,coherent,up-0.25,5001,1,0,128,128,1,1,0,0.0014982871944084764
func-soft-gn,coherent,up-0.25,5001,1,0,256,256,1,1,0,0.001259487122297287
func-soft-gn,coherent,up-0.25,5001,1,0,512,512,1,1,0,0.0012485336046665907
func-soft-gn,coherent,up-0.25,5001,1,0,1024,1024,1,1,0,0.0012457356788218021
func-soft-gn,independent,up-0.25,5001,1,0,0,0,0,0,0,8.549890518188477
func-soft-gn,independent,up-0.25,5001,1,0,1,1,0,0,0,7.8396100997924805
func-soft-gn,independent,up-0.25,5001,1,0,2,2,0,0,0,6.372849464416504
func-soft-gn,independent,up-0.25,5001,1,0,4,4,0,0,4,4.309040546417236
func-soft-gn,independent,up-0.25,5001,1,0,8,8,0,0,1,4.264890670776367
func-soft-gn,independent,up-0.25,5001,1,0,16,16,0,0,2,4.144362926483154
func-soft-gn,independent,up-0.25,5001,1,0,32,32,0,0,1,3.425393581390381
func-soft-gn,independent,up-0.25,5001,1,0,64,64,1,0,1,0.08643936365842819
func-soft-gn,independent,up-0.25,5001,1,0,128,128,1,1,0,0.012370163574814796
func-soft-gn,independent,up-0.25,5001,1,0,256,256,1,1,0,0.0014538196846842766
func-soft-gn,independent,up-0.25,5001,1,0,512,512,1,1,0,0.0014242370380088687
func-soft-gn,independent,up-0.25,5001,1,0,1024,1024,1,1,0,0.0014189396752044559
func-soft-gn,coherent,up-0.25,5001,1,1,0,0,0,0,0,8.624540328979492
func-soft-gn,coherent,up-0.25,5001,1,1,1,1,0,0,0,8.043694496154785
func-soft-gn,coherent,up-0.25,5001,1,1,2,2,0,0,0,6.71889066696167
func-soft-gn,coherent,up-0.25,5001,1,1,4,4,0,0,3,4.067376136779785
func-soft-gn,coherent,up-0.25,5001,1,1,8,8,1,0,4,0.10493074357509613
func-soft-gn,coherent,up-0.25,5001,1,1,16,16,1,0,3,0.07679225504398346
func-soft-gn,coherent,up-0.25,5001,1,1,32,32,1,0,1,0.021343592554330826
func-soft-gn,coherent,up-0.25,5001,1,1,64,64,1,1,0,0.002242806600406766
func-soft-gn,coherent,up-0.25,5001,1,1,128,128,1,1,0,0.0015826212475076318
func-soft-gn,coherent,up-0.25,5001,1,1,256,256,1,1,0,0.0015795265790075064
func-soft-gn,coherent,up-0.25,5001,1,1,512,512,1,1,0,0.001578931580297649
func-soft-gn,coherent,up-0.25,5001,1,1,1024,1024,1,1,0,0.0015785745345056057
func-soft-gn,independent,up-0.25,5001,1,1,0,0,0,0,0,8.783561706542969
func-soft-gn,independent,up-0.25,5001,1,1,1,1,0,0,0,8.228989601135254
func-soft-gn,independent,up-0.25,5001,1,1,2,2,0,0,0,7.396862030029297
func-soft-gn,independent,up-0.25,5001,1,1,4,4,0,0,0,4.605835914611816
func-soft-gn,independent,up-0.25,5001,1,1,8,8,0,0,0,4.296167373657227
func-soft-gn,independent,up-0.25,5001,1,1,16,16,0,0,1,3.1177735328674316
func-soft-gn,independent,up-0.25,5001,1,1,32,32,1,0,4,0.28997093439102173
func-soft-gn,independent,up-0.25,5001,1,1,64,64,1,0,2,0.13367125391960144
func-soft-gn,independent,up-0.25,5001,1,1,128,128,1,1,0,0.0020804423838853836
func-soft-gn,independent,up-0.25,5001,1,1,256,256,1,0,1,0.0015034065581858158
func-soft-gn,independent,up-0.25,5001,1,1,512,512,1,0,1,0.0014999546110630035
func-soft-gn,independent,up-0.25,5001,1,1,1024,1024,1,0,1,0.0014988237526267767
func-soft-gn,coherent,up-0.25,5001,1,2,0,0,0,0,0,7.989625930786133
func-soft-gn,coherent,up-0.25,5001,1,2,1,1,0,0,0,7.397757530212402
func-soft-gn,coherent,up-0.25,5001,1,2,2,2,0,0,0,4.878233432769775
func-soft-gn,coherent,up-0.25,5001,1,2,4,4,1,1,0,0.01647808775305748
func-soft-gn,coherent,up-0.25,5001,1,2,8,8,1,1,0,0.006247452925890684
func-soft-gn,coherent,up-0.25,5001,1,2,16,16,1,1,0,0.0023577986285090446
func-soft-gn,coherent,up-0.25,5001,1,2,32,32,1,1,0,0.0014504994032904506
func-soft-gn,coherent,up-0.25,5001,1,2,64,64,1,1,0,0.0014193708775565028
func-soft-gn,coherent,up-0.25,5001,1,2,128,128,1,1,0,0.0014171686489135027
func-soft-gn,coherent,up-0.25,5001,1,2,256,256,1,1,0,0.0014166925102472305
func-soft-gn,coherent,up-0.25,5001,1,2,512,512,1,1,0,0.0014160972787067294
func-soft-gn,coherent,up-0.25,5001,1,2,1024,1024,1,1,0,0.0014157402329146862
func-soft-gn,independent,up-0.25,5001,1,2,0,0,0,0,0,8.181862831115723
func-soft-gn,independent,up-0.25,5001,1,2,1,1,0,0,0,7.135263442993164
func-soft-gn,independent,up-0.25,5001,1,2,2,2,0,0,0,2.461954355239868
func-soft-gn,independent,up-0.25,5001,1,2,4,4,0,0,0,0.6527011394500732
func-soft-gn,independent,up-0.25,5001,1,2,8,8,1,1,0,0.14542131125926971
func-soft-gn,independent,up-0.25,5001,1,2,16,16,1,1,0,0.12546606361865997
func-soft-gn,independent,up-0.25,5001,1,2,32,32,1,1,0,0.08076932281255722
func-soft-gn,independent,up-0.25,5001,1,2,64,64,1,1,0,0.010011233389377594
func-soft-gn,independent,up-0.25,5001,1,2,128,128,1,1,0,0.0014444820117205381
func-soft-gn,independent,up-0.25,5001,1,2,256,256,1,1,0,0.0013689519837498665
func-soft-gn,independent,up-0.25,5001,1,2,512,512,1,1,0,0.0013588329311460257
func-soft-gn,independent,up-0.25,5001,1,2,1024,1024,1,1,0,0.0013537732884287834
repr-hard-adam,coherent,up-0.25,5001,1,0,0,0,0,0,0,8.993185043334961
repr-hard-adam,coherent,up-0.25,5001,1,0,1,1,0,0,0,8.33947467803955
repr-hard-adam,coherent,up-0.25,5001,1,0,2,2,0,0,0,7.926923751831055
repr-hard-adam,coherent,up-0.25,5001,1,0,4,4,0,0,0,7.507262229919434
repr-hard-adam,coherent,up-0.25,5001,1,0,8,8,0,0,0,7.117992877960205
repr-hard-adam,coherent,up-0.25,5001,1,0,16,16,0,0,0,6.931317329406738
repr-hard-adam,coherent,up-0.25,5001,1,0,32,32,0,0,0,6.517093181610107
repr-hard-adam,coherent,up-0.25,5001,1,0,64,64,0,0,0,4.457701206207275
repr-hard-adam,coherent,up-0.25,5001,1,0,128,128,0,0,0,4.2691473960876465
repr-hard-adam,coherent,up-0.25,5001,1,0,256,256,0,0,0,4.44543981552124
repr-hard-adam,coherent,up-0.25,5001,1,0,512,512,0,0,0,5.069578647613525
repr-hard-adam,coherent,up-0.25,5001,1,0,1024,1024,0,0,2,6.688595294952393
repr-hard-adam,independent,up-0.25,5001,1,0,0,0,0,0,0,8.549890518188477
repr-hard-adam,independent,up-0.25,5001,1,0,1,1,0,0,0,8.111690521240234
repr-hard-adam,independent,up-0.25,5001,1,0,2,2,0,0,0,7.81353759765625
repr-hard-adam,independent,up-0.25,5001,1,0,4,4,0,0,0,7.522944450378418
repr-hard-adam,independent,up-0.25,5001,1,0,8,8,0,0,0,7.312368869781494
repr-hard-adam,independent,up-0.25,5001,1,0,16,16,0,0,0,7.203569412231445
repr-hard-adam,independent,up-0.25,5001,1,0,32,32,0,0,0,7.188935279846191
repr-hard-adam,independent,up-0.25,5001,1,0,64,64,0,0,0,7.456871032714844
repr-hard-adam,independent,up-0.25,5001,1,0,128,128,0,0,0,7.79731559753418
repr-hard-adam,independent,up-0.25,5001,1,0,256,256,0,0,0,8.06340503692627
repr-hard-adam,independent,up-0.25,5001,1,0,512,512,0,0,1,8.001750946044922
repr-hard-adam,independent,up-0.25,5001,1,0,1024,1024,0,0,2,7.860374450683594
repr-hard-adam,coherent,up-0.25,5001,1,1,0,0,0,0,0,8.624540328979492
repr-hard-adam,coherent,up-0.25,5001,1,1,1,1,0,0,0,8.20975399017334
repr-hard-adam,coherent,up-0.25,5001,1,1,2,2,0,0,0,7.869683265686035
repr-hard-adam,coherent,up-0.25,5001,1,1,4,4,0,0,0,7.459371089935303
repr-hard-adam,coherent,up-0.25,5001,1,1,8,8,0,0,0,6.959131240844727
repr-hard-adam,coherent,up-0.25,5001,1,1,16,16,0,0,0,6.275918960571289
repr-hard-adam,coherent,up-0.25,5001,1,1,32,32,0,0,0,5.2262983322143555
repr-hard-adam,coherent,up-0.25,5001,1,1,64,64,0,0,0,4.181891918182373
repr-hard-adam,coherent,up-0.25,5001,1,1,128,128,0,0,0,3.158339023590088
repr-hard-adam,coherent,up-0.25,5001,1,1,256,256,0,0,1,2.550779104232788
repr-hard-adam,coherent,up-0.25,5001,1,1,512,512,0,0,1,3.03701114654541
repr-hard-adam,coherent,up-0.25,5001,1,1,1024,1024,0,0,2,4.4346818923950195
repr-hard-adam,independent,up-0.25,5001,1,1,0,0,0,0,0,8.783561706542969
repr-hard-adam,independent,up-0.25,5001,1,1,1,1,0,0,0,8.4078369140625
repr-hard-adam,independent,up-0.25,5001,1,1,2,2,0,0,0,8.140405654907227
repr-hard-adam,independent,up-0.25,5001,1,1,4,4,0,0,0,7.845851421356201
repr-hard-adam,independent,up-0.25,5001,1,1,8,8,0,0,0,7.559733867645264
repr-hard-adam,independent,up-0.25,5001,1,1,16,16,0,0,0,7.502484321594238
repr-hard-adam,independent,up-0.25,5001,1,1,32,32,0,0,0,7.560178279876709
repr-hard-adam,independent,up-0.25,5001,1,1,64,64,0,0,0,7.6222615242004395
repr-hard-adam,independent,up-0.25,5001,1,1,128,128,0,0,0,7.102126121520996
repr-hard-adam,independent,up-0.25,5001,1,1,256,256,0,0,0,6.326512813568115
repr-hard-adam,independent,up-0.25,5001,1,1,512,512,0,0,0,6.185070991516113
repr-hard-adam,independent,up-0.25,5001,1,1,1024,1024,0,0,1,6.538471221923828
repr-hard-adam,coherent,up-0.25,5001,1,2,0,0,0,0,0,7.989625930786133
repr-hard-adam,coherent,up-0.25,5001,1,2,1,1,0,0,0,7.627986907958984
repr-hard-adam,coherent,up-0.25,5001,1,2,2,2,0,0,0,7.253975868225098
repr-hard-adam,coherent,up-0.25,5001,1,2,4,4,0,0,0,6.457982063293457
repr-hard-adam,coherent,up-0.25,5001,1,2,8,8,0,0,0,2.4819445610046387
repr-hard-adam,coherent,up-0.25,5001,1,2,16,16,1,1,0,0.010406581684947014
repr-hard-adam,coherent,up-0.25,5001,1,2,32,32,1,1,0,0.0022760205902159214
repr-hard-adam,coherent,up-0.25,5001,1,2,64,64,1,1,0,0.0018462571315467358
repr-hard-adam,coherent,up-0.25,5001,1,2,128,128,1,1,0,0.0017538561951369047
repr-hard-adam,coherent,up-0.25,5001,1,2,256,256,1,1,0,0.0016492049908265471
repr-hard-adam,coherent,up-0.25,5001,1,2,512,512,1,1,0,0.0015299529768526554
repr-hard-adam,coherent,up-0.25,5001,1,2,1024,1024,1,1,0,0.0014590700156986713
repr-hard-adam,independent,up-0.25,5001,1,2,0,0,0,0,0,8.181862831115723
repr-hard-adam,independent,up-0.25,5001,1,2,1,1,0,0,0,7.5976362228393555
repr-hard-adam,independent,up-0.25,5001,1,2,2,2,0,0,0,6.7168989181518555
repr-hard-adam,independent,up-0.25,5001,1,2,4,4,0,0,0,4.367696762084961
repr-hard-adam,independent,up-0.25,5001,1,2,8,8,0,0,0,3.5054714679718018
repr-hard-adam,independent,up-0.25,5001,1,2,16,16,1,1,0,0.21407940983772278
repr-hard-adam,independent,up-0.25,5001,1,2,32,32,1,1,0,0.12894879281520844
repr-hard-adam,independent,up-0.25,5001,1,2,64,64,1,1,0,0.05169355124235153
repr-hard-adam,independent,up-0.25,5001,1,2,128,128,1,1,0,0.03194921463727951
repr-hard-adam,independent,up-0.25,5001,1,2,256,256,1,1,0,0.0225754976272583
repr-hard-adam,independent,up-0.25,5001,1,2,512,512,1,1,0,0.019789014011621475
repr-hard-adam,independent,up-0.25,5001,1,2,1024,1024,1,1,0,0.018797805532813072
func-hard-gn,coherent,baseline,5002,0,0,0,0,0,0,0,8.280065536499023
func-hard-gn,coherent,baseline,5002,0,0,1,1,0,0,0,6.680482864379883
func-hard-gn,coherent,baseline,5002,0,0,2,2,0,0,0,0.9635701775550842
func-hard-gn,coherent,baseline,5002,0,0,4,4,0,0,0,0.6803106069564819
func-hard-gn,coherent,baseline,5002,0,0,8,8,1,1,0,0.4110777974128723
func-hard-gn,coherent,baseline,5002,0,0,16,16,1,1,0,0.12226755917072296
func-hard-gn,coherent,baseline,5002,0,0,32,32,1,0,1,0.08369240909814835
func-hard-gn,coherent,baseline,5002,0,0,64,64,1,0,1,0.020187068730592728
func-hard-gn,coherent,baseline,5002,0,0,128,128,1,0,2,0.001983396476134658
func-hard-gn,coherent,baseline,5002,0,0,256,256,1,0,2,0.0012428186601027846
func-hard-gn,coherent,baseline,5002,0,0,512,512,1,0,2,0.001233829534612596
func-hard-gn,coherent,baseline,5002,0,0,1024,1024,1,0,2,0.0012309125158935785
func-hard-gn,independent,baseline,5002,0,0,0,0,0,0,0,8.466279029846191
func-hard-gn,independent,baseline,5002,0,0,1,1,0,0,0,7.9392218589782715
func-hard-gn,independent,baseline,5002,0,0,2,2,0,0,0,5.153903961181641
func-hard-gn,independent,baseline,5002,0,0,4,4,0,0,0,3.7681758403778076
func-hard-gn,independent,baseline,5002,0,0,8,8,0,0,0,1.9398149251937866
func-hard-gn,independent,baseline,5002,0,0,16,16,0,0,0,1.1415307521820068
func-hard-gn,independent,baseline,5002,0,0,32,32,1,0,1,0.6918761730194092
func-hard-gn,independent,baseline,5002,0,0,64,64,1,0,1,0.3055974543094635
func-hard-gn,independent,baseline,5002,0,0,128,128,1,0,2,0.023622874170541763
func-hard-gn,independent,baseline,5002,0,0,256,256,1,0,2,0.0016439608298242092
func-hard-gn,independent,baseline,5002,0,0,512,512,1,0,1,0.0015498263528570533
func-hard-gn,independent,baseline,5002,0,0,1024,1024,1,0,1,0.0014955508522689342
func-hard-gn,coherent,baseline,5002,0,1,0,0,0,0,0,8.54757022857666
func-hard-gn,coherent,baseline,5002,0,1,1,1,0,0,0,7.954409122467041
func-hard-gn,coherent,baseline,5002,0,1,2,2,0,0,0,7.136761665344238
func-hard-gn,coherent,baseline,5002,0,1,4,4,0,0,3,4.671811103820801
func-hard-gn,coherent,baseline,5002,0,1,8,8,0,0,3,1.677720546722412
func-hard-gn,coherent,baseline,5002,0,1,16,16,1,0,3,0.05488443002104759
func-hard-gn,coherent,baseline,5002,0,1,32,32,1,0,3,0.02186180092394352
func-hard-gn,coherent,baseline,5002,0,1,64,64,1,0,3,0.012753190472722054
func-hard-gn,coherent,baseline,5002,0,1,128,128,1,0,4,0.001649967860430479
func-hard-gn,coherent,baseline,5002,0,1,256,256,1,0,4,0.0014276441652327776
func-hard-gn,coherent,baseline,5002,0,1,512,512,1,0,4,0.0014247277285903692
func-hard-gn,coherent,baseline,5002,0,1,1024,1024,1,0,5,0.0014225253835320473
func-hard-gn,independent,baseline,5002,0,1,0,0,0,0,0,8.481012344360352
func-hard-gn,independent,baseline,5002,0,1,1,1,0,0,0,7.9568281173706055
func-hard-gn,independent,baseline,5002,0,1,2,2,0,0,0,6.92182731628418
func-hard-gn,independent,baseline,5002,0,1,4,4,0,0,1,4.7113800048828125
func-hard-gn,independent,baseline,5002,0,1,8,8,0,0,2,2.1279945373535156
func-hard-gn,independent,baseline,5002,0,1,16,16,1,0,2,0.1056666374206543
func-hard-gn,independent,baseline,5002,0,1,32,32,1,0,4,0.045522093772888184
func-hard-gn,independent,baseline,5002,0,1,64,64,1,0,2,0.009727956727147102
func-hard-gn,independent,baseline,5002,0,1,128,128,1,0,2,0.0021382784470915794
func-hard-gn,independent,baseline,5002,0,1,256,256,1,0,3,0.0014681161846965551
func-hard-gn,independent,baseline,5002,0,1,512,512,1,0,3,0.0014624025207012892
func-hard-gn,independent,baseline,5002,0,1,1024,1024,1,0,2,0.0014593671075999737
func-hard-gn,coherent,baseline,5002,0,2,0,0,0,0,0,8.741134643554688
func-hard-gn,coherent,baseline,5002,0,2,1,1,0,0,0,7.901468753814697
func-hard-gn,coherent,baseline,5002,0,2,2,2,0,0,0,6.845366477966309
func-hard-gn,coherent,baseline,5002,0,2,4,4,0,0,2,3.810018301010132
func-hard-gn,coherent,baseline,5002,0,2,8,8,0,0,3,2.485696792602539
func-hard-gn,coherent,baseline,5002,0,2,16,16,0,0,3,2.12398099899292
func-hard-gn,coherent,baseline,5002,0,2,32,32,1,0,4,0.03596939519047737
func-hard-gn,coherent,baseline,5002,0,2,64,64,1,0,3,0.007346210069954395
func-hard-gn,coherent,baseline,5002,0,2,128,128,1,0,3,0.0026781251654028893
func-hard-gn,coherent,baseline,5002,0,2,256,256,1,0,3,0.0014963869471102953
func-hard-gn,coherent,baseline,5002,0,2,512,512,1,0,3,0.0014881737297400832
func-hard-gn,coherent,baseline,5002,0,2,1024,1024,1,0,3,0.0014826387632638216
func-hard-gn,independent,baseline,5002,0,2,0,0,0,0,0,8.657821655273438
func-hard-gn,independent,baseline,5002,0,2,1,1,0,0,0,8.087665557861328
func-hard-gn,independent,baseline,5002,0,2,2,2,0,0,0,7.384143352508545
func-hard-gn,independent,baseline,5002,0,2,4,4,0,0,1,5.340923309326172
func-hard-gn,independent,baseline,5002,0,2,8,8,0,0,3,2.8480448722839355
func-hard-gn,independent,baseline,5002,0,2,16,16,0,0,2,1.3211132287979126
func-hard-gn,independent,baseline,5002,0,2,32,32,1,0,3,0.7819323539733887
func-hard-gn,independent,baseline,5002,0,2,64,64,1,0,4,0.08144904673099518
func-hard-gn,independent,baseline,5002,0,2,128,128,1,0,5,0.0035739727318286896
func-hard-gn,independent,baseline,5002,0,2,256,256,1,0,3,0.001393529586493969
func-hard-gn,independent,baseline,5002,0,2,512,512,1,0,3,0.001390672754496336
func-hard-gn,independent,baseline,5002,0,2,1024,1024,1,0,3,0.0013841253239661455
func-soft-adam,coherent,baseline,5002,0,0,0,0,0,0,0,8.280065536499023
func-soft-adam,coherent,baseline,5002,0,0,1,1,0,0,0,6.3324737548828125
func-soft-adam,coherent,baseline,5002,0,0,2,2,0,0,0,1.7699145078659058
func-soft-adam,coherent,baseline,5002,0,0,4,4,1,0,6,0.006427389569580555
func-soft-adam,coherent,baseline,5002,0,0,8,8,1,0,3,0.1859263926744461
func-soft-adam,coherent,baseline,5002,0,0,16,16,1,1,0,0.09464137256145477
func-soft-adam,coherent,baseline,5002,0,0,32,32,1,1,0,0.12661245465278625
func-soft-adam,coherent,baseline,5002,0,0,64,64,1,1,0,0.1568538248538971
func-soft-adam,coherent,baseline,5002,0,0,128,128,1,0,1,0.0021749031729996204
func-soft-adam,coherent,baseline,5002,0,0,256,256,1,0,1,0.0014572840882465243
func-soft-adam,coherent,baseline,5002,0,0,512,512,1,0,1,0.001344432239420712
func-soft-adam,coherent,baseline,5002,0,0,1024,1024,1,0,1,0.0012906801421195269
func-soft-adam,independent,baseline,5002,0,0,0,0,0,0,0,8.466279029846191
func-soft-adam,independent,baseline,5002,0,0,1,1,0,0,0,7.805482387542725
func-soft-adam,independent,baseline,5002,0,0,2,2,0,0,0,5.69326114654541
func-soft-adam,independent,baseline,5002,0,0,4,4,0,0,1,3.8419179916381836
func-soft-adam,independent,baseline,5002,0,0,8,8,0,0,0,3.829899787902832
func-soft-adam,independent,baseline,5002,0,0,16,16,0,0,3,1.2339071035385132
func-soft-adam,independent,baseline,5002,0,0,32,32,0,0,2,0.7821431756019592
func-soft-adam,independent,baseline,5002,0,0,64,64,1,1,0,0.3197411000728607
func-soft-adam,independent,baseline,5002,0,0,128,128,1,1,0,0.002840655390173197
func-soft-adam,independent,baseline,5002,0,0,256,256,1,1,0,0.0019479005131870508
func-soft-adam,independent,baseline,5002,0,0,512,512,1,1,0,0.0015841375570744276
func-soft-adam,independent,baseline,5002,0,0,1024,1024,1,0,1,0.0015023903688415885
func-soft-adam,coherent,baseline,5002,0,1,0,0,0,0,0,8.54757022857666
func-soft-adam,coherent,baseline,5002,0,1,1,1,0,0,0,7.484782695770264
func-soft-adam,coherent,baseline,5002,0,1,2,2,0,0,2,6.017526149749756
func-soft-adam,coherent,baseline,5002,0,1,4,4,0,0,5,1.489218831062317
func-soft-adam,coherent,baseline,5002,0,1,8,8,1,0,10,0.009381838142871857
func-soft-adam,coherent,baseline,5002,0,1,16,16,1,0,7,0.11916771531105042
func-soft-adam,coherent,baseline,5002,0,1,32,32,1,0,6,0.11214989423751831
func-soft-adam,coherent,baseline,5002,0,1,64,64,1,0,5,0.05279657244682312
func-soft-adam,coherent,baseline,5002,0,1,128,128,1,0,4,0.0033183922059834003
func-soft-adam,coherent,baseline,5002,0,1,256,256,1,0,4,0.001999938627704978
func-soft-adam,coherent,baseline,5002,0,1,512,512,1,0,4,0.0015605422668159008
func-soft-adam,coherent,baseline,5002,0,1,1024,1024,1,0,2,0.001442523906007409
func-soft-adam,independent,baseline,5002,0,1,0,0,0,0,0,8.481012344360352
func-soft-adam,independent,baseline,5002,0,1,1,1,0,0,0,7.820089340209961
func-soft-adam,independent,baseline,5002,0,1,2,2,0,0,0,6.467484474182129
func-soft-adam,independent,baseline,5002,0,1,4,4,0,0,3,2.1072757244110107
func-soft-adam,independent,baseline,5002,0,1,8,8,1,0,7,0.3018975257873535
func-soft-adam,independent,baseline,5002,0,1,16,16,1,0,2,0.4919942319393158
func-soft-adam,independent,baseline,5002,0,1,32,32,1,0,1,0.14626207947731018
func-soft-adam,independent,baseline,5002,0,1,64,64,1,0,3,0.02077266201376915
func-soft-adam,independent,baseline,5002,0,1,128,128,1,0,2,0.0030368263833224773
func-soft-adam,independent,baseline,5002,0,1,256,256,1,0,2,0.0018264525569975376
func-soft-adam,independent,baseline,5002,0,1,512,512,1,0,2,0.0015401297714561224
func-soft-adam,independent,baseline,5002,0,1,1024,1024,1,0,2,0.0014774599112570286
func-soft-adam,coherent,baseline,5002,0,2,0,0,0,0,0,8.741134643554688
func-soft-adam,coherent,baseline,5002,0,2,1,1,0,0,0,7.551084518432617
func-soft-adam,coherent,baseline,5002,0,2,2,2,0,0,0,6.091748237609863
func-soft-adam,coherent,baseline,5002,0,2,4,4,0,0,0,3.0742316246032715
func-soft-adam,coherent,baseline,5002,0,2,8,8,1,0,7,0.35277697443962097
func-soft-adam,coherent,baseline,5002,0,2,16,16,1,0,6,0.3527047336101532
func-soft-adam,coherent,baseline,5002,0,2,32,32,1,0,4,0.3417254090309143
func-soft-adam,coherent,baseline,5002,0,2,64,64,1,0,3,0.20577988028526306
func-soft-adam,coherent,baseline,5002,0,2,128,128,1,0,3,0.008854727260768414
func-soft-adam,coherent,baseline,5002,0,2,256,256,1,0,3,0.0031535616144537926
func-soft-adam,coherent,baseline,5002,0,2,512,512,1,0,2,0.0020990343764424324
func-soft-adam,coherent,baseline,5002,0,2,1024,1024,1,0,1,0.0016692045610398054
func-soft-adam,independent,baseline,5002,0,2,0,0,0,0,0,8.657821655273438
func-soft-adam,independent,baseline,5002,0,2,1,1,0,0,0,7.920840263366699
func-soft-adam,independent,baseline,5002,0,2,2,2,0,0,0,6.9613142013549805
func-soft-adam,independent,baseline,5002,0,2,4,4,0,0,2,4.63166618347168
func-soft-adam,independent,baseline,5002,0,2,8,8,0,0,5,2.776409387588501
func-soft-adam,independent,baseline,5002,0,2,16,16,0,0,4,1.2770154476165771
func-soft-adam,independent,baseline,5002,0,2,32,32,0,0,4,0.6737496852874756
func-soft-adam,independent,baseline,5002,0,2,64,64,1,0,2,0.2257010042667389
func-soft-adam,independent,baseline,5002,0,2,128,128,1,0,2,0.026356156915426254
func-soft-adam,independent,baseline,5002,0,2,256,256,1,0,3,0.0021558813750743866
func-soft-adam,independent,baseline,5002,0,2,512,512,1,0,3,0.001468103495426476
func-soft-adam,independent,baseline,5002,0,2,1024,1024,1,0,2,0.0013814446283504367
func-soft-gn,coherent,baseline,5002,0,0,0,0,0,0,0,8.280065536499023
func-soft-gn,coherent,baseline,5002,0,0,1,1,0,0,0,6.737888336181641
func-soft-gn,coherent,baseline,5002,0,0,2,2,0,0,0,1.175838589668274
func-soft-gn,coherent,baseline,5002,0,0,4,4,1,1,0,0.25345471501350403
func-soft-gn,coherent,baseline,5002,0,0,8,8,1,1,0,0.23597830533981323
func-soft-gn,coherent,baseline,5002,0,0,16,16,1,1,0,0.23415443301200867
func-soft-gn,coherent,baseline,5002,0,0,32,32,1,0,1,0.1441512107849121
func-soft-gn,coherent,baseline,5002,0,0,64,64,1,0,1,0.03949746489524841
func-soft-gn,coherent,baseline,5002,0,0,128,128,1,0,1,0.008342861197888851
func-soft-gn,coherent,baseline,5002,0,0,256,256,1,0,1,0.001605115830898285
func-soft-gn,coherent,baseline,5002,0,0,512,512,1,0,2,0.001236091717146337
func-soft-gn,coherent,baseline,5002,0,0,1024,1024,1,0,2,0.0012321625836193562
func-soft-gn,independent,baseline,5002,0,0,0,0,0,0,0,8.466279029846191
func-soft-gn,independent,baseline,5002,0,0,1,1,0,0,0,7.9974045753479
func-soft-gn,independent,baseline,5002,0,0,2,2,0,0,0,5.7416839599609375
func-soft-gn,independent,baseline,5002,0,0,4,4,0,0,0,5.378774642944336
func-soft-gn,independent,baseline,5002,0,0,8,8,0,0,0,3.715036392211914
func-soft-gn,independent,baseline,5002,0,0,16,16,0,0,0,3.3649027347564697
func-soft-gn,independent,baseline,5002,0,0,32,32,1,0,1,0.7757737636566162
func-soft-gn,independent,baseline,5002,0,0,64,64,1,0,1,0.3535073399543762
func-soft-gn,independent,baseline,5002,0,0,128,128,1,0,1,0.024177158251404762
func-soft-gn,independent,baseline,5002,0,0,256,256,1,0,1,0.0026948913000524044
func-soft-gn,independent,baseline,5002,0,0,512,512,1,0,1,0.0016615185886621475
func-soft-gn,independent,baseline,5002,0,0,1024,1024,1,0,1,0.0015602989587932825
func-soft-gn,coherent,baseline,5002,0,1,0,0,0,0,0,8.54757022857666
func-soft-gn,coherent,baseline,5002,0,1,1,1,0,0,0,7.967966079711914
func-soft-gn,coherent,baseline,5002,0,1,2,2,0,0,0,7.204107284545898
func-soft-gn,coherent,baseline,5002,0,1,4,4,0,0,3,2.323904037475586
func-soft-gn,coherent,baseline,5002,0,1,8,8,1,0,4,0.227712944149971
func-soft-gn,coherent,baseline,5002,0,1,16,16,1,0,4,0.18971851468086243
func-soft-gn,coherent,baseline,5002,0,1,32,32,1,0,3,0.05397236347198486
func-soft-gn,coherent,baseline,5002,0,1,64,64,1,0,3,0.02887529507279396
func-soft-gn,coherent,baseline,5002,0,1,128,128,1,0,3,0.0017275630962103605
func-soft-gn,coherent,baseline,5002,0,1,256,256,1,0,3,0.0014288940001279116
func-soft-gn,coherent,baseline,5002,0,1,512,512,1,0,4,0.0014263347256928682
func-soft-gn,coherent,baseline,5002,0,1,1024,1024,1,0,5,0.0014238348230719566
func-soft-gn,independent,baseline,5002,0,1,0,0,0,0,0,8.481012344360352
func-soft-gn,independent,baseline,5002,0,1,1,1,0,0,0,7.966810703277588
func-soft-gn,independent,baseline,5002,0,1,2,2,0,0,0,7.025468349456787
func-soft-gn,independent,baseline,5002,0,1,4,4,0,0,2,3.2741172313690186
func-soft-gn,independent,baseline,5002,0,1,8,8,0,0,2,0.5538766384124756
func-soft-gn,independent,baseline,5002,0,1,16,16,1,0,1,0.16111792623996735
func-soft-gn,independent,baseline,5002,0,1,32,32,1,0,3,0.07027988135814667
func-soft-gn,independent,baseline,5002,0,1,64,64,1,0,4,0.03673093765974045
func-soft-gn,independent,baseline,5002,0,1,128,128,1,0,2,0.011911123991012573
func-soft-gn,independent,baseline,5002,0,1,256,256,1,0,4,0.001535428105853498
func-soft-gn,independent,baseline,5002,0,1,512,512,1,0,4,0.0014669854426756501
func-soft-gn,independent,baseline,5002,0,1,1024,1024,1,0,3,0.0014624025207012892
func-soft-gn,coherent,baseline,5002,0,2,0,0,0,0,0,8.741134643554688
func-soft-gn,coherent,baseline,5002,0,2,1,1,0,0,0,7.900212287902832
func-soft-gn,coherent,baseline,5002,0,2,2,2,0,0,0,6.825959205627441
func-soft-gn,coherent,baseline,5002,0,2,4,4,0,0,0,4.1894121170043945
func-soft-gn,coherent,baseline,5002,0,2,8,8,1,0,5,0.32446402311325073
func-soft-gn,coherent,baseline,5002,0,2,16,16,1,0,4,0.316640704870224
func-soft-gn,coherent,baseline,5002,0,2,32,32,1,0,3,0.049133747816085815
func-soft-gn,coherent,baseline,5002,0,2,64,64,1,0,4,0.008091870695352554
func-soft-gn,coherent,baseline,5002,0,2,128,128,1,0,4,0.0019179594237357378
func-soft-gn,coherent,baseline,5002,0,2,256,256,1,0,3,0.0014965059235692024
func-soft-gn,coherent,baseline,5002,0,2,512,512,1,0,3,0.0014885308919474483
func-soft-gn,coherent,baseline,5002,0,2,1024,1024,1,0,3,0.0014842457603663206
func-soft-gn,independent,baseline,5002,0,2,0,0,0,0,0,8.657821655273438
func-soft-gn,independent,baseline,5002,0,2,1,1,0,0,0,8.092771530151367
func-soft-gn,independent,baseline,5002,0,2,2,2,0,0,0,7.39912223815918
func-soft-gn,independent,baseline,5002,0,2,4,4,0,0,1,5.504504680633545
func-soft-gn,independent,baseline,5002,0,2,8,8,0,0,4,1.6707383394241333
func-soft-gn,independent,baseline,5002,0,2,16,16,0,0,4,0.7652878165245056
func-soft-gn,independent,baseline,5002,0,2,32,32,1,0,2,0.4141079783439636
func-soft-gn,independent,baseline,5002,0,2,64,64,1,0,4,0.12124359607696533
func-soft-gn,independent,baseline,5002,0,2,128,128,1,0,5,0.02075926400721073
func-soft-gn,independent,baseline,5002,0,2,256,256,1,0,2,0.0014747733948752284
func-soft-gn,independent,baseline,5002,0,2,512,512,1,0,2,0.0013887679670006037
func-soft-gn,independent,baseline,5002,0,2,1024,1024,1,0,2,0.001379780238494277
repr-hard-adam,coherent,baseline,5002,0,0,0,0,0,0,0,8.280065536499023
repr-hard-adam,coherent,baseline,5002,0,0,1,1,0,0,0,6.3324737548828125
repr-hard-adam,coherent,baseline,5002,0,0,2,2,0,0,0,4.7152204513549805
repr-hard-adam,coherent,baseline,5002,0,0,4,4,0,0,0,1.8166121244430542
repr-hard-adam,coherent,baseline,5002,0,0,8,8,1,1,0,0.12707199156284332
repr-hard-adam,coherent,baseline,5002,0,0,16,16,1,0,1,0.047057993710041046
repr-hard-adam,coherent,baseline,5002,0,0,32,32,1,0,1,0.2594265341758728
repr-hard-adam,coherent,baseline,5002,0,0,64,64,1,0,1,0.067690908908844
repr-hard-adam,coherent,baseline,5002,0,0,128,128,1,0,1,0.1733187586069107
repr-hard-adam,coherent,baseline,5002,0,0,256,256,1,0,1,0.30863988399505615
repr-hard-adam,coherent,baseline,5002,0,0,512,512,0,0,1,0.8889024257659912
repr-hard-adam,coherent,baseline,5002,0,0,1024,1024,0,0,1,0.7700996398925781
repr-hard-adam,independent,baseline,5002,0,0,0,0,0,0,0,8.466279029846191
repr-hard-adam,independent,baseline,5002,0,0,1,1,0,0,0,7.805482387542725
repr-hard-adam,independent,baseline,5002,0,0,2,2,0,0,0,7.124051570892334
repr-hard-adam,independent,baseline,5002,0,0,4,4,0,0,0,5.052905559539795
repr-hard-adam,independent,baseline,5002,0,0,8,8,0,0,0,3.9635300636291504
repr-hard-adam,independent,baseline,5002,0,0,16,16,0,0,1,3.727060317993164
repr-hard-adam,independent,baseline,5002,0,0,32,32,0,0,1,3.634115219116211
repr-hard-adam,independent,baseline,5002,0,0,64,64,0,0,1,3.900676727294922
repr-hard-adam,independent,baseline,5002,0,0,128,128,0,0,1,4.299535751342773
repr-hard-adam,independent,baseline,5002,0,0,256,256,0,0,1,4.036381721496582
repr-hard-adam,independent,baseline,5002,0,0,512,512,0,0,1,4.1661376953125
repr-hard-adam,independent,baseline,5002,0,0,1024,1024,0,0,1,4.322433948516846
repr-hard-adam,coherent,baseline,5002,0,1,0,0,0,0,0,8.54757022857666
repr-hard-adam,coherent,baseline,5002,0,1,1,1,0,0,0,7.484782695770264
repr-hard-adam,coherent,baseline,5002,0,1,2,2,0,0,0,7.17530632019043
repr-hard-adam,coherent,baseline,5002,0,1,4,4,0,0,0,6.915257930755615
repr-hard-adam,coherent,baseline,5002,0,1,8,8,0,0,0,7.052092552185059
repr-hard-adam,coherent,baseline,5002,0,1,16,16,0,0,0,7.2702436447143555
repr-hard-adam,coherent,baseline,5002,0,1,32,32,0,0,1,7.871140956878662
repr-hard-adam,coherent,baseline,5002,0,1,64,64,0,0,1,8.29662799835205
repr-hard-adam,coherent,baseline,5002,0,1,128,128,0,0,1,8.4788818359375
repr-hard-adam,coherent,baseline,5002,0,1,256,256,0,0,1,8.385604858398438
repr-hard-adam,coherent,baseline,5002,0,1,512,512,0,0,1,8.080748558044434
repr-hard-adam,coherent,baseline,5002,0,1,1024,1024,0,0,1,7.48459529876709
repr-hard-adam,independent,baseline,5002,0,1,0,0,0,0,0,8.481012344360352
repr-hard-adam,independent,baseline,5002,0,1,1,1,0,0,0,7.820089340209961
repr-hard-adam,independent,baseline,5002,0,1,2,2,0,0,0,7.55162239074707
repr-hard-adam,independent,baseline,5002,0,1,4,4,0,0,1,7.035887718200684
repr-hard-adam,independent,baseline,5002,0,1,8,8,0,0,1,6.447559356689453
repr-hard-adam,independent,baseline,5002,0,1,16,16,0,0,1,6.906164169311523
repr-hard-adam,independent,baseline,5002,0,1,32,32,0,0,0,7.929553031921387
repr-hard-adam,independent,baseline,5002,0,1,64,64,0,0,0,8.225431442260742
repr-hard-adam,independent,baseline,5002,0,1,128,128,0,0,0,8.309138298034668
repr-hard-adam,independent,baseline,5002,0,1,256,256,0,0,0,8.014126777648926
repr-hard-adam,independent,baseline,5002,0,1,512,512,0,0,1,7.493803024291992
repr-hard-adam,independent,baseline,5002,0,1,1024,1024,0,0,1,6.3614821434021
repr-hard-adam,coherent,baseline,5002,0,2,0,0,0,0,0,8.741134643554688
repr-hard-adam,coherent,baseline,5002,0,2,1,1,0,0,0,8.182781219482422
repr-hard-adam,coherent,baseline,5002,0,2,2,2,0,0,0,7.793365001678467
repr-hard-adam,coherent,baseline,5002,0,2,4,4,0,0,0,7.601334571838379
repr-hard-adam,coherent,baseline,5002,0,2,8,8,0,0,0,7.408720016479492
repr-hard-adam,coherent,baseline,5002,0,2,16,16,0,0,0,7.526822566986084
repr-hard-adam,coherent,baseline,5002,0,2,32,32,0,0,0,7.627364158630371
repr-hard-adam,coherent,baseline,5002,0,2,64,64,0,0,0,7.6031646728515625
repr-hard-adam,coherent,baseline,5002,0,2,128,128,0,0,0,7.571885585784912
repr-hard-adam,coherent,baseline,5002,0,2,256,256,0,0,1,7.211487293243408
repr-hard-adam,coherent,baseline,5002,0,2,512,512,0,0,1,6.869603157043457
repr-hard-adam,coherent,baseline,5002,0,2,1024,1024,0,0,0,6.381966590881348
repr-hard-adam,independent,baseline,5002,0,2,0,0,0,0,0,8.657821655273438
repr-hard-adam,independent,baseline,5002,0,2,1,1,0,0,0,8.315220832824707
repr-hard-adam,independent,baseline,5002,0,2,2,2,0,0,0,8.092960357666016
repr-hard-adam,independent,baseline,5002,0,2,4,4,0,0,0,7.965263366699219
repr-hard-adam,independent,baseline,5002,0,2,8,8,0,0,1,7.875198841094971
repr-hard-adam,independent,baseline,5002,0,2,16,16,0,0,1,7.97420597076416
repr-hard-adam,independent,baseline,5002,0,2,32,32,0,0,0,8.135650634765625
repr-hard-adam,independent,baseline,5002,0,2,64,64,0,0,0,8.100250244140625
repr-hard-adam,independent,baseline,5002,0,2,128,128,0,0,0,8.169156074523926
repr-hard-adam,independent,baseline,5002,0,2,256,256,0,0,0,8.127708435058594
repr-hard-adam,independent,baseline,5002,0,2,512,512,0,0,0,8.048690795898438
repr-hard-adam,independent,baseline,5002,0,2,1024,1024,0,0,0,7.86867094039917
func-hard-gn,coherent,up-0.25,5002,0,0,0,0,0,0,0,8.173038482666016
func-hard-gn,coherent,up-0.25,5002,0,0,1,1,0,0,0,7.853767395019531
func-hard-gn,coherent,up-0.25,5002,0,0,2,2,0,0,0,7.469697952270508
func-hard-gn,coherent,up-0.25,5002,0,0,4,4,0,0,0,5.348363876342773
func-hard-gn,coherent,up-0.25,5002,0,0,8,8,1,0,1,0.2360028326511383
func-hard-gn,coherent,up-0.25,5002,0,0,16,16,1,0,2,0.009075972251594067
func-hard-gn,coherent,up-0.25,5002,0,0,32,32,1,0,3,0.00486249104142189
func-hard-gn,coherent,up-0.25,5002,0,0,64,64,1,0,1,0.0015588762471452355
func-hard-gn,coherent,up-0.25,5002,0,0,128,128,1,1,0,0.0014756752643734217
func-hard-gn,coherent,up-0.25,5002,0,0,256,256,1,1,0,0.0014605579199269414
func-hard-gn,coherent,up-0.25,5002,0,0,512,512,1,1,0,0.0014473448973149061
func-hard-gn,coherent,up-0.25,5002,0,0,1024,1024,1,1,0,0.0014362148940563202
func-hard-gn,independent,up-0.25,5002,0,0,0,0,0,0,0,8.47024917602539
func-hard-gn,independent,up-0.25,5002,0,0,1,1,0,0,0,8.277190208435059
func-hard-gn,independent,up-0.25,5002,0,0,2,2,0,0,0,8.050138473510742
func-hard-gn,independent,up-0.25,5002,0,0,4,4,0,0,0,7.092391014099121
func-hard-gn,independent,up-0.25,5002,0,0,8,8,0,0,1,2.6321959495544434
func-hard-gn,independent,up-0.25,5002,0,0,16,16,0,0,2,2.331944227218628
func-hard-gn,independent,up-0.25,5002,0,0,32,32,1,0,3,0.4132559895515442
func-hard-gn,independent,up-0.25,5002,0,0,64,64,1,0,2,0.0332474522292614
func-hard-gn,independent,up-0.25,5002,0,0,128,128,1,0,1,0.001972200581803918
func-hard-gn,independent,up-0.25,5002,0,0,256,256,1,0,1,0.0016185044078156352
func-hard-gn,independent,up-0.25,5002,0,0,512,512,1,0,1,0.0015821440611034632
func-hard-gn,independent,up-0.25,5002,0,0,1024,1024,1,0,1,0.0015766096767038107
func-hard-gn,coherent,up-0.25,5002,0,1,0,0,0,0,0,8.579607009887695
func-hard-gn,coherent,up-0.25,5002,0,1,1,1,0,0,0,8.398218154907227
func-hard-gn,coherent,up-0.25,5002,0,1,2,2,0,0,0,8.199939727783203
func-hard-gn,coherent,up-0.25,5002,0,1,4,4,0,0,0,7.716768264770508
func-hard-gn,coherent,up-0.25,5002,0,1,8,8,0,0,0,5.45005989074707
func-hard-gn,coherent,up-0.25,5002,0,1,16,16,0,0,1,1.871788740158081
func-hard-gn,coherent,up-0.25,5002,0,1,32,32,1,0,1,0.3260059952735901
func-hard-gn,coherent,up-0.25,5002,0,1,64,64,1,0,4,0.015526236966252327
func-hard-gn,coherent,up-0.25,5002,0,1,128,128,1,0,2,0.0016625404823571444
func-hard-gn,coherent,up-0.25,5002,0,1,256,256,1,0,4,0.0016151729505509138
func-hard-gn,coherent,up-0.25,5002,0,1,512,512,1,0,3,0.0016064250376075506
func-hard-gn,coherent,up-0.25,5002,0,1,1024,1024,1,0,4,0.0016046398086473346
func-hard-gn,independent,up-0.25,5002,0,1,0,0,0,0,0,8.485855102539062
func-hard-gn,independent,up-0.25,5002,0,1,1,1,0,0,0,8.308589935302734
func-hard-gn,independent,up-0.25,5002,0,1,2,2,0,0,0,8.11411190032959
func-hard-gn,independent,up-0.25,5002,0,1,4,4,0,0,0,7.484198570251465
func-hard-gn,independent,up-0.25,5002,0,1,8,8,0,0,0,3.859351396560669
func-hard-gn,independent,up-0.25,5002,0,1,16,16,0,0,1,2.327409029006958
func-hard-gn,independent,up-0.25,5002,0,1,32,32,1,0,3,0.41682565212249756
func-hard-gn,independent,up-0.25,5002,0,1,64,64,1,0,3,0.02902582846581936
func-hard-gn,independent,up-0.25,5002,0,1,128,128,1,0,5,0.0029237025883048773
func-hard-gn,independent,up-0.25,5002,0,1,256,256,1,0,2,0.0016825341153889894
func-hard-gn,independent,up-0.25,5002,0,1,512,512,1,0,3,0.0016471876297146082
func-hard-gn,independent,up-0.25,5002,0,1,1024,1024,1,0,4,0.0016403442714363337
func-hard-gn,coherent,up-0.25,5002,0,2,0,0,0,0,0,8.638362884521484
func-hard-gn,coherent,up-0.25,5002,0,2,1,1,0,0,0,7.876285076141357
func-hard-gn,coherent,up-0.25,5002,0,2,2,2,0,0,0,6.827147483825684
func-hard-gn,coherent,up-0.25,5002,0,2,4,4,0,0,0,3.802284002304077
func-hard-gn,coherent,up-0.25,5002,0,2,8,8,0,0,1,1.055524230003357
func-hard-gn,coherent,up-0.25,5002,0,2,16,16,0,0,2,0.5952349901199341
func-hard-gn,coherent,up-0.25,5002,0,2,32,32,1,0,1,0.0822790265083313
func-hard-gn,coherent,up-0.25,5002,0,2,64,64,1,0,1,0.028700627386569977
func-hard-gn,coherent,up-0.25,5002,0,2,128,128,1,0,1,0.008388093672692776
func-hard-gn,coherent,up-0.25,5002,0,2,256,256,1,0,2,0.0018688251730054617
func-hard-gn,coherent,up-0.25,5002,0,2,512,512,1,0,3,0.0018092705868184566
func-hard-gn,coherent,up-0.25,5002,0,2,1024,1024,1,0,4,0.0017596487887203693
func-hard-gn,independent,up-0.25,5002,0,2,0,0,0,0,0,8.349555969238281
func-hard-gn,independent,up-0.25,5002,0,2,1,1,0,0,0,8.007192611694336
func-hard-gn,independent,up-0.25,5002,0,2,2,2,0,0,0,7.456194877624512
func-hard-gn,independent,up-0.25,5002,0,2,4,4,0,0,0,5.546922206878662
func-hard-gn,independent,up-0.25,5002,0,2,8,8,0,0,1,3.6986231803894043
func-hard-gn,independent,up-0.25,5002,0,2,16,16,0,0,1,3.2041594982147217
func-hard-gn,independent,up-0.25,5002,0,2,32,32,0,0,3,1.2659475803375244
func-hard-gn,independent,up-0.25,5002,0,2,64,64,1,0,4,0.07254333794116974
func-hard-gn,independent,up-0.25,5002,0,2,128,128,1,0,2,0.007531341165304184
func-hard-gn,independent,up-0.25,5002,0,2,256,256,1,0,1,0.0016961577348411083
func-hard-gn,independent,up-0.25,5002,0,2,512,512,1,0,2,0.001621239585801959
func-hard-gn,independent,up-0.25,5002,0,2,1024,1024,1,0,3,0.0015889254864305258
func-soft-adam,coherent,up-0.25,5002,0,0,0,0,0,0,0,8.173038482666016
func-soft-adam,coherent,up-0.25,5002,0,0,1,1,0,0,0,7.872888565063477
func-soft-adam,coherent,up-0.25,5002,0,0,2,2,0,0,0,7.52003288269043
func-soft-adam,coherent,up-0.25,5002,0,0,4,4,0,0,0,6.064731597900391
func-soft-adam,coherent,up-0.25,5002,0,0,8,8,1,0,1,0.03321215137839317
func-soft-adam,coherent,up-0.25,5002,0,0,16,16,1,0,2,0.006928843446075916
func-soft-adam,coherent,up-0.25,5002,0,0,32,32,1,0,1,0.018880844116210938
func-soft-adam,coherent,up-0.25,5002,0,0,64,64,1,0,1,0.00852008443325758
func-soft-adam,coherent,up-0.25,5002,0,0,128,128,1,0,1,0.0031356802210211754
func-soft-adam,coherent,up-0.25,5002,0,0,256,256,1,0,1,0.002248851815238595
func-soft-adam,coherent,up-0.25,5002,0,0,512,512,1,0,1,0.0018217643955722451
func-soft-adam,coherent,up-0.25,5002,0,0,1024,1024,1,0,1,0.001617850735783577
func-soft-adam,independent,up-0.25,5002,0,0,0,0,0,0,0,8.47024917602539
func-soft-adam,independent,up-0.25,5002,0,0,1,1,0,0,0,8.290228843688965
func-soft-adam,independent,up-0.25,5002,0,0,2,2,0,0,0,8.088750839233398
func-soft-adam,independent,up-0.25,5002,0,0,4,4,0,0,0,7.512859344482422
func-soft-adam,independent,up-0.25,5002,0,0,8,8,0,0,1,2.616018056869507
func-soft-adam,independent,up-0.25,5002,0,0,16,16,0,0,2,2.0133070945739746
func-soft-adam,independent,up-0.25,5002,0,0,32,32,1,0,1,0.2833890914916992
func-soft-adam,independent,up-0.25,5002,0,0,64,64,1,0,1,0.017126362770795822
func-soft-adam,independent,up-0.25,5002,0,0,128,128,1,0,1,0.006870025768876076
func-soft-adam,independent,up-0.25,5002,0,0,256,256,1,0,1,0.003925867844372988
func-soft-adam,independent,up-0.25,5002,0,0,512,512,1,0,1,0.0025105203967541456
func-soft-adam,independent,up-0.25,5002,0,0,1024,1024,1,0,1,0.0018692363519221544
func-soft-adam,coherent,up-0.25,5002,0,1,0,0,0,0,0,8.579607009887695
func-soft-adam,coherent,up-0.25,5002,0,1,1,1,0,0,0,8.416446685791016
func-soft-adam,coherent,up-0.25,5002,0,1,2,2,0,0,0,8.23935317993164
func-soft-adam,coherent,up-0.25,5002,0,1,4,4,0,0,0,7.818240642547607
func-soft-adam,coherent,up-0.25,5002,0,1,8,8,0,0,0,6.316298961639404
func-soft-adam,coherent,up-0.25,5002,0,1,16,16,1,0,6,0.2604474723339081
func-soft-adam,coherent,up-0.25,5002,0,1,32,32,0,0,2,0.7389698624610901
func-soft-adam,coherent,up-0.25,5002,0,1,64,64,1,0,3,0.1917077600955963
func-soft-adam,coherent,up-0.25,5002,0,1,128,128,1,0,1,0.10100778937339783
func-soft-adam,coherent,up-0.25,5002,0,1,256,256,1,0,1,0.042097169905900955
func-soft-adam,coherent,up-0.25,5002,0,1,512,512,1,0,2,0.001957638654857874
func-soft-adam,coherent,up-0.25,5002,0,1,1024,1024,1,0,2,0.001784757012501359
func-soft-adam,independent,up-0.25,5002,0,1,0,0,0,0,0,8.485855102539062
func-soft-adam,independent,up-0.25,5002,0,1,1,1,0,0,0,8.32105827331543
func-soft-adam,independent,up-0.25,5002,0,1,2,2,0,0,0,8.143957138061523
func-soft-adam,independent,up-0.25,5002,0,1,4,4,0,0,0,7.638383865356445
func-soft-adam,independent,up-0.25,5002,0,1,8,8,0,0,0,4.413290500640869
func-soft-adam,independent,up-0.25,5002,0,1,16,16,0,0,4,2.609968423843384
func-soft-adam,independent,up-0.25,5002,0,1,32,32,1,0,6,0.6095795631408691
func-soft-adam,independent,up-0.25,5002,0,1,64,64,1,0,4,0.3815695643424988
func-soft-adam,independent,up-0.25,5002,0,1,128,128,1,0,3,0.11238446831703186
func-soft-adam,independent,up-0.25,5002,0,1,256,256,1,0,3,0.002868213690817356
func-soft-adam,independent,up-0.25,5002,0,1,512,512,1,0,3,0.0021357107907533646
func-soft-adam,independent,up-0.25,5002,0,1,1024,1024,1,0,3,0.0018822066485881805
func-soft-adam,coherent,up-0.25,5002,0,2,0,0,0,0,0,8.638362884521484
func-soft-adam,coherent,up-0.25,5002,0,2,1,1,0,0,0,8.043851852416992
func-soft-adam,coherent,up-0.25,5002,0,2,2,2,0,0,0,7.324595928192139
func-soft-adam,coherent,up-0.25,5002,0,2,4,4,0,0,0,5.559283256530762
func-soft-adam,coherent,up-0.25,5002,0,2,8,8,0,0,1,1.773922085762024
func-soft-adam,coherent,up-0.25,5002,0,2,16,16,1,0,2,0.10232572257518768
func-soft-adam,coherent,up-0.25,5002,0,2,32,32,0,0,1,0.4419930875301361
func-soft-adam,coherent,up-0.25,5002,0,2,64,64,1,0,3,0.19759486615657806
func-soft-adam,coherent,up-0.25,5002,0,2,128,128,1,0,4,0.1124769076704979
func-soft-adam,coherent,up-0.25,5002,0,2,256,256,1,0,1,0.02469639852643013
func-soft-adam,coherent,up-0.25,5002,0,2,512,512,1,0,3,0.002491168212145567
func-soft-adam,coherent,up-0.25,5002,0,2,1024,1024,1,0,3,0.0018878625705838203
func-soft-adam,independent,up-0.25,5002,0,2,0,0,0,0,0,8.349555969238281
func-soft-adam,independent,up-0.25,5002,0,2,1,1,0,0,0,8.076765060424805
func-soft-adam,independent,up-0.25,5002,0,2,2,2,0,0,0,7.706218719482422
func-soft-adam,independent,up-0.25,5002,0,2,4,4,0,0,0,6.651139736175537
func-soft-adam,independent,up-0.25,5002,0,2,8,8,0,0,0,4.102067470550537
func-soft-adam,independent,up-0.25,5002,0,2,16,16,0,0,1,3.5680503845214844
func-soft-adam,independent,up-0.25,5002,0,2,32,32,0,0,2,2.9912407398223877
func-soft-adam,independent,up-0.25,5002,0,2,64,64,1,0,4,0.41042447090148926
func-soft-adam,independent,up-0.25,5002,0,2,128,128,1,0,4,0.12501907348632812
func-soft-adam,independent,up-0.25,5002,0,2,256,256,1,0,4,0.00578545406460762
func-soft-adam,independent,up-0.25,5002,0,2,512,512,1,0,4,0.002112886868417263
func-soft-adam,independent,up-0.25,5002,0,2,1024,1024,1,0,3,0.0017595266690477729
func-soft-gn,coherent,up-0.25,5002,0,0,0,0,0,0,0,8.173038482666016
func-soft-gn,coherent,up-0.25,5002,0,0,1,1,0,0,0,7.860115051269531
func-soft-gn,coherent,up-0.25,5002,0,0,2,2,0,0,0,7.487417221069336
func-soft-gn,coherent,up-0.25,5002,0,0,4,4,0,0,0,5.59404182434082
func-soft-gn,coherent,up-0.25,5002,0,0,8,8,1,0,1,0.26291096210479736
func-soft-gn,coherent,up-0.25,5002,0,0,16,16,1,0,2,0.053349822759628296
func-soft-gn,coherent,up-0.25,5002,0,0,32,32,1,0,2,0.012991489842534065
func-soft-gn,coherent,up-0.25,5002,0,0,64,64,1,0,1,0.0015869056805968285
func-soft-gn,coherent,up-0.25,5002,0,0,128,128,1,0,1,0.0014733541756868362
func-soft-gn,coherent,up-0.25,5002,0,0,256,256,1,1,0,0.00145948666613549
func-soft-gn,coherent,up-0.25,5002,0,0,512,512,1,1,0,0.001447225920855999
func-soft-gn,coherent,up-0.25,5002,0,0,1024,1024,1,1,0,0.0014369887067005038
func-soft-gn,independent,up-0.25,5002,0,0,0,0,0,0,0,8.47024917602539
func-soft-gn,independent,up-0.25,5002,0,0,1,1,0,0,0,8.278360366821289
func-soft-gn,independent,up-0.25,5002,0,0,2,2,0,0,0,8.053277969360352
func-soft-gn,independent,up-0.25,5002,0,0,4,4,0,0,0,7.114240646362305
func-soft-gn,independent,up-0.25,5002,0,0,8,8,0,0,0,3.5351946353912354
func-soft-gn,independent,up-0.25,5002,0,0,16,16,0,0,2,2.268982172012329
func-soft-gn,independent,up-0.25,5002,0,0,32,32,1,0,3,0.24050945043563843
func-soft-gn,independent,up-0.25,5002,0,0,64,64,1,0,2,0.027054438367486
func-soft-gn,independent,up-0.25,5002,0,0,128,128,1,0,2,0.002156968228518963
func-soft-gn,independent,up-0.25,5002,0,0,256,256,1,0,1,0.0016143386019393802
func-soft-gn,independent,up-0.25,5002,0,0,512,512,1,0,1,0.001586191006936133
func-soft-gn,independent,up-0.25,5002,0,0,1024,1024,1,1,0,0.0015792283229529858
func-soft-gn,coherent,up-0.25,5002,0,1,0,0,0,0,0,8.579607009887695
func-soft-gn,coherent,up-0.25,5002,0,1,1,1,0,0,0,8.399456024169922
func-soft-gn,coherent,up-0.25,5002,0,1,2,2,0,0,0,8.202640533447266
func-soft-gn,coherent,up-0.25,5002,0,1,4,4,0,0,0,7.7237138748168945
func-soft-gn,coherent,up-0.25,5002,0,1,8,8,0,0,0,5.493563175201416
func-soft-gn,coherent,up-0.25,5002,0,1,16,16,0,0,4,1.0433399677276611
func-soft-gn,coherent,up-0.25,5002,0,1,32,32,1,0,4,0.05112983286380768
func-soft-gn,coherent,up-0.25,5002,0,1,64,64,1,0,5,0.03958992287516594
func-soft-gn,coherent,up-0.25,5002,0,1,128,128,1,0,2,0.001930552301928401
func-soft-gn,coherent,up-0.25,5002,0,1,256,256,1,0,3,0.0016194575000554323
func-soft-gn,coherent,up-0.25,5002,0,1,512,512,1,0,3,0.0016120189102366567
func-soft-gn,coherent,up-0.25,5002,0,1,1024,1024,1,0,3,0.0016097575426101685
func-soft-gn,independent,up-0.25,5002,0,1,0,0,0,0,0,8.485855102539062
func-soft-gn,independent,up-0.25,5002,0,1,1,1,0,0,0,8.310136795043945
func-soft-gn,independent,up-0.25,5002,0,1,2,2,0,0,0,8.11819076538086
func-soft-gn,independent,up-0.25,5002,0,1,4,4,0,0,0,7.512105464935303
func-soft-gn,independent,up-0.25,5002,0,1,8,8,0,0,0,3.654385805130005
func-soft-gn,independent,up-0.25,5002,0,1,16,16,0,0,6,0.6436157822608948
func-soft-gn,independent,up-0.25,5002,0,1,32,32,1,0,2,0.11497747898101807
func-soft-gn,independent,up-0.25,5002,0,1,64,64,1,0,3,0.05571649968624115
func-soft-gn,independent,up-0.25,5002,0,1,128,128,1,0,2,0.004627007991075516
func-soft-gn,independent,up-0.25,5002,0,1,256,256,1,0,3,0.0016569464933127165
func-soft-gn,independent,up-0.25,5002,0,1,512,512,1,0,3,0.0016474255826324224
func-soft-gn,independent,up-0.25,5002,0,1,1024,1024,1,0,3,0.0016426055226475
func-soft-gn,coherent,up-0.25,5002,0,2,0,0,0,0,0,8.638362884521484
func-soft-gn,coherent,up-0.25,5002,0,2,1,1,0,0,0,7.9070940017700195
func-soft-gn,coherent,up-0.25,5002,0,2,2,2,0,0,0,6.907802581787109
func-soft-gn,coherent,up-0.25,5002,0,2,4,4,0,0,0,3.9971909523010254
func-soft-gn,coherent,up-0.25,5002,0,2,8,8,0,0,1,0.7948504090309143
func-soft-gn,coherent,up-0.25,5002,0,2,16,16,0,0,3,0.46319690346717834
func-soft-gn,coherent,up-0.25,5002,0,2,32,32,1,0,1,0.07048089057207108
func-soft-gn,coherent,up-0.25,5002,0,2,64,64,1,0,1,0.03547801449894905
func-soft-gn,coherent,up-0.25,5002,0,2,128,128,1,0,1,0.0068679312244057655
func-soft-gn,coherent,up-0.25,5002,0,2,256,256,1,0,3,0.0017206734046339989
func-soft-gn,coherent,up-0.25,5002,0,2,512,512,1,0,5,0.0016669435426592827
func-soft-gn,coherent,up-0.25,5002,0,2,1024,1024,1,0,5,0.0016532574081793427
func-soft-gn,independent,up-0.25,5002,0,2,0,0,0,0,0,8.349555969238281
func-soft-gn,independent,up-0.25,5002,0,2,1,1,0,0,0,8.019418716430664
func-soft-gn,independent,up-0.25,5002,0,2,2,2,0,0,0,7.503745079040527
func-soft-gn,independent,up-0.25,5002,0,2,4,4,0,0,0,5.7100982666015625
func-soft-gn,independent,up-0.25,5002,0,2,8,8,0,0,1,3.311020612716675
func-soft-gn,independent,up-0.25,5002,0,2,16,16,0,0,1,3.090684175491333
func-soft-gn,independent,up-0.25,5002,0,2,32,32,1,0,4,0.5172778964042664
func-soft-gn,independent,up-0.25,5002,0,2,64,64,1,0,4,0.08329734206199646
func-soft-gn,independent,up-0.25,5002,0,2,128,128,1,0,1,0.0044746664352715015
func-soft-gn,independent,up-0.25,5002,0,2,256,256,1,0,1,0.0017176973633468151
func-soft-gn,independent,up-0.25,5002,0,2,512,512,1,0,1,0.0016217159572988749
func-soft-gn,independent,up-0.25,5002,0,2,1024,1024,1,0,3,0.0015889257192611694
repr-hard-adam,coherent,up-0.25,5002,0,0,0,0,0,0,0,8.173038482666016
repr-hard-adam,coherent,up-0.25,5002,0,0,1,1,0,0,0,7.872888565063477
repr-hard-adam,coherent,up-0.25,5002,0,0,2,2,0,0,0,7.786169052124023
repr-hard-adam,coherent,up-0.25,5002,0,0,4,4,0,0,0,7.651854515075684
repr-hard-adam,coherent,up-0.25,5002,0,0,8,8,0,0,0,7.555890083312988
repr-hard-adam,coherent,up-0.25,5002,0,0,16,16,0,0,0,7.382350444793701
repr-hard-adam,coherent,up-0.25,5002,0,0,32,32,0,0,0,7.191482067108154
repr-hard-adam,coherent,up-0.25,5002,0,0,64,64,0,0,0,6.9701457023620605
repr-hard-adam,coherent,up-0.25,5002,0,0,128,128,0,0,0,6.727343559265137
repr-hard-adam,coherent,up-0.25,5002,0,0,256,256,0,0,0,6.144177436828613
repr-hard-adam,coherent,up-0.25,5002,0,0,512,512,0,0,0,5.315385818481445
repr-hard-adam,coherent,up-0.25,5002,0,0,1024,1024,0,0,0,4.51303768157959
repr-hard-adam,independent,up-0.25,5002,0,0,0,0,0,0,0,8.47024917602539
repr-hard-adam,independent,up-0.25,5002,0,0,1,1,0,0,0,8.290228843688965
repr-hard-adam,independent,up-0.25,5002,0,0,2,2,0,0,0,8.221189498901367
repr-hard-adam,independent,up-0.25,5002,0,0,4,4,0,0,0,8.099780082702637
repr-hard-adam,independent,up-0.25,5002,0,0,8,8,0,0,0,7.9943976402282715
repr-hard-adam,independent,up-0.25,5002,0,0,16,16,0,0,0,7.888499736785889
repr-hard-adam,independent,up-0.25,5002,0,0,32,32,0,0,0,7.792572975158691
repr-hard-adam,independent,up-0.25,5002,0,0,64,64,0,0,0,7.576615333557129
repr-hard-adam,independent,up-0.25,5002,0,0,128,128,0,0,0,7.319127082824707
repr-hard-adam,independent,up-0.25,5002,0,0,256,256,0,0,0,7.055130958557129
repr-hard-adam,independent,up-0.25,5002,0,0,512,512,0,0,0,6.690159797668457
repr-hard-adam,independent,up-0.25,5002,0,0,1024,1024,0,0,0,6.066621780395508
repr-hard-adam,coherent,up-0.25,5002,0,1,0,0,0,0,0,8.579607009887695
repr-hard-adam,coherent,up-0.25,5002,0,1,1,1,0,0,0,8.416446685791016
repr-hard-adam,coherent,up-0.25,5002,0,1,2,2,0,0,0,8.371550559997559
repr-hard-adam,coherent,up-0.25,5002,0,1,4,4,0,0,0,8.32398509979248
repr-hard-adam,coherent,up-0.25,5002,0,1,8,8,0,0,0,8.316383361816406
repr-hard-adam,coherent,up-0.25,5002,0,1,16,16,0,0,0,8.365975379943848
repr-hard-adam,coherent,up-0.25,5002,0,1,32,32,0,0,0,8.403833389282227
repr-hard-adam,coherent,up-0.25,5002,0,1,64,64,0,0,0,8.482006072998047
repr-hard-adam,coherent,up-0.25,5002,0,1,128,128,0,0,0,8.553180694580078
repr-hard-adam,coherent,up-0.25,5002,0,1,256,256,0,0,0,8.583255767822266
repr-hard-adam,coherent,up-0.25,5002,0,1,512,512,0,0,0,8.606481552124023
repr-hard-adam,coherent,up-0.25,5002,0,1,1024,1024,0,0,0,8.613321304321289
repr-hard-adam,independent,up-0.25,5002,0,1,0,0,0,0,0,8.485855102539062
repr-hard-adam,independent,up-0.25,5002,0,1,1,1,0,0,0,8.32105827331543
repr-hard-adam,independent,up-0.25,5002,0,1,2,2,0,0,0,8.281356811523438
repr-hard-adam,independent,up-0.25,5002,0,1,4,4,0,0,0,8.229419708251953
repr-hard-adam,independent,up-0.25,5002,0,1,8,8,0,0,0,8.188494682312012
repr-hard-adam,independent,up-0.25,5002,0,1,16,16,0,0,0,8.165066719055176
repr-hard-adam,independent,up-0.25,5002,0,1,32,32,0,0,0,8.159478187561035
repr-hard-adam,independent,up-0.25,5002,0,1,64,64,0,0,0,8.217479705810547
repr-hard-adam,independent,up-0.25,5002,0,1,128,128,0,0,0,8.311331748962402
repr-hard-adam,independent,up-0.25,5002,0,1,256,256,0,0,0,8.340410232543945
repr-hard-adam,independent,up-0.25,5002,0,1,512,512,0,0,0,8.377634048461914
repr-hard-adam,independent,up-0.25,5002,0,1,1024,1024,0,0,0,8.38454818725586
repr-hard-adam,coherent,up-0.25,5002,0,2,0,0,0,0,0,8.638362884521484
repr-hard-adam,coherent,up-0.25,5002,0,2,1,1,0,0,0,8.043851852416992
repr-hard-adam,coherent,up-0.25,5002,0,2,2,2,0,0,0,8.051276206970215
repr-hard-adam,coherent,up-0.25,5002,0,2,4,4,0,0,0,8.110563278198242
repr-hard-adam,coherent,up-0.25,5002,0,2,8,8,0,0,0,8.14522933959961
repr-hard-adam,coherent,up-0.25,5002,0,2,16,16,0,0,0,8.322229385375977
repr-hard-adam,coherent,up-0.25,5002,0,2,32,32,0,0,0,8.445731163024902
repr-hard-adam,coherent,up-0.25,5002,0,2,64,64,0,0,0,8.602529525756836
repr-hard-adam,coherent,up-0.25,5002,0,2,128,128,0,0,0,8.610450744628906
repr-hard-adam,coherent,up-0.25,5002,0,2,256,256,0,0,0,8.549163818359375
repr-hard-adam,coherent,up-0.25,5002,0,2,512,512,0,0,0,8.420727729797363
repr-hard-adam,coherent,up-0.25,5002,0,2,1024,1024,0,0,1,8.22705078125
repr-hard-adam,independent,up-0.25,5002,0,2,0,0,0,0,0,8.349555969238281
repr-hard-adam,independent,up-0.25,5002,0,2,1,1,0,0,0,8.076765060424805
repr-hard-adam,independent,up-0.25,5002,0,2,2,2,0,0,0,8.055381774902344
repr-hard-adam,independent,up-0.25,5002,0,2,4,4,0,0,0,8.06927490234375
repr-hard-adam,independent,up-0.25,5002,0,2,8,8,0,0,0,8.079524993896484
repr-hard-adam,independent,up-0.25,5002,0,2,16,16,0,0,0,8.095560073852539
repr-hard-adam,independent,up-0.25,5002,0,2,32,32,0,0,0,8.222643852233887
repr-hard-adam,independent,up-0.25,5002,0,2,64,64,0,0,0,8.267913818359375
repr-hard-adam,independent,up-0.25,5002,0,2,128,128,0,0,0,8.296640396118164
repr-hard-adam,independent,up-0.25,5002,0,2,256,256,0,0,0,8.213376998901367
repr-hard-adam,independent,up-0.25,5002,0,2,512,512,0,0,0,8.135087966918945
repr-hard-adam,independent,up-0.25,5002,0,2,1024,1024,0,0,0,8.090934753417969
func-hard-gn,coherent,baseline,5002,1,0,0,0,0,0,0,8.805761337280273
func-hard-gn,coherent,baseline,5002,1,0,1,1,0,0,0,7.8233323097229
func-hard-gn,coherent,baseline,5002,1,0,2,2,0,0,0,6.507286071777344
func-hard-gn,coherent,baseline,5002,1,0,4,4,0,0,0,1.9657342433929443
func-hard-gn,coherent,baseline,5002,1,0,8,8,0,0,0,1.3508625030517578
func-hard-gn,coherent,baseline,5002,1,0,16,16,0,0,0,1.1129992008209229
func-hard-gn,coherent,baseline,5002,1,0,32,32,1,0,1,0.08013013005256653
func-hard-gn,coherent,baseline,5002,1,0,64,64,1,0,1,0.01729506440460682
func-hard-gn,coherent,baseline,5002,1,0,128,128,1,0,1,0.003920244984328747
func-hard-gn,coherent,baseline,5002,1,0,256,256,1,0,1,0.001285620266571641
func-hard-gn,coherent,baseline,5002,1,0,512,512,1,0,1,0.001270261942408979
func-hard-gn,coherent,baseline,5002,1,0,1024,1024,1,0,1,0.0012671664590016007
func-hard-gn,independent,baseline,5002,1,0,0,0,0,0,0,8.434560775756836
func-hard-gn,independent,baseline,5002,1,0,1,1,0,0,0,7.99569845199585
func-hard-gn,independent,baseline,5002,1,0,2,2,0,0,0,7.417263984680176
func-hard-gn,independent,baseline,5002,1,0,4,4,0,0,0,5.169816970825195
func-hard-gn,independent,baseline,5002,1,0,8,8,0,0,1,3.5952296257019043
func-hard-gn,independent,baseline,5002,1,0,16,16,0,0,0,1.5499992370605469
func-hard-gn,independent,baseline,5002,1,0,32,32,1,0,3,0.09294523298740387
func-hard-gn,independent,baseline,5002,1,0,64,64,1,1,0,0.018265053629875183
func-hard-gn,independent,baseline,5002,1,0,128,128,1,1,0,0.009079459123313427
func-hard-gn,independent,baseline,5002,1,0,256,256,1,0,1,0.0019103214144706726
func-hard-gn,independent,baseline,5002,1,0,512,512,1,0,1,0.0016697973478585482
func-hard-gn,independent,baseline,5002,1,0,1024,1024,1,0,1,0.0016205873107537627
func-hard-gn,coherent,baseline,5002,1,1,0,0,0,0,0,8.643644332885742
func-hard-gn,coherent,baseline,5002,1,1,1,1,0,0,0,8.237785339355469
func-hard-gn,coherent,baseline,5002,1,1,2,2,0,0,0,7.629119873046875
func-hard-gn,coherent,baseline,5002,1,1,4,4,0,0,0,1.9508845806121826
func-hard-gn,coherent,baseline,5002,1,1,8,8,0,0,0,0.717492401599884
func-hard-gn,coherent,baseline,5002,1,1,16,16,0,0,0,0.3863828182220459
func-hard-gn,coherent,baseline,5002,1,1,32,32,1,1,0,0.08358766883611679
func-hard-gn,coherent,baseline,5002,1,1,64,64,1,1,0,0.00782414898276329
func-hard-gn,coherent,baseline,5002,1,1,128,128,1,1,0,0.0018799384124577045
func-hard-gn,coherent,baseline,5002,1,1,256,256,1,0,2,0.0015575670404359698
func-hard-gn,coherent,baseline,5002,1,1,512,512,1,0,2,0.001539772842079401
func-hard-gn,coherent,baseline,5002,1,1,1024,1024,1,0,2,0.001530488720163703
func-hard-gn,independent,baseline,5002,1,1,0,0,0,0,0,8.7655029296875
func-hard-gn,independent,baseline,5002,1,1,1,1,0,0,0,8.207901954650879
func-hard-gn,independent,baseline,5002,1,1,2,2,0,0,0,7.2450103759765625
func-hard-gn,independent,baseline,5002,1,1,4,4,0,0,0,3.120900869369507
func-hard-gn,independent,baseline,5002,1,1,8,8,0,0,0,1.4454641342163086
func-hard-gn,independent,baseline,5002,1,1,16,16,0,0,0,0.9721673727035522
func-hard-gn,independent,baseline,5002,1,1,32,32,1,0,2,0.09656564891338348
func-hard-gn,independent,baseline,5002,1,1,64,64,1,0,3,0.059063710272312164
func-hard-gn,independent,baseline,5002,1,1,128,128,1,0,2,0.0049094101414084435
func-hard-gn,independent,baseline,5002,1,1,256,256,1,0,2,0.001555542927235365
func-hard-gn,independent,baseline,5002,1,1,512,512,1,0,2,0.0015161451883614063
func-hard-gn,independent,baseline,5002,1,1,1024,1024,1,0,2,0.0014957311796024442
func-hard-gn,coherent,baseline,5002,1,2,0,0,0,0,0,8.028890609741211
func-hard-gn,coherent,baseline,5002,1,2,1,1,0,0,0,7.341691017150879
func-hard-gn,coherent,baseline,5002,1,2,2,2,0,0,0,6.504611015319824
func-hard-gn,coherent,baseline,5002,1,2,4,4,0,0,0,3.870162010192871
func-hard-gn,coherent,baseline,5002,1,2,8,8,0,0,0,1.124464750289917
func-hard-gn,coherent,baseline,5002,1,2,16,16,0,0,0,0.888616144657135
func-hard-gn,coherent,baseline,5002,1,2,32,32,1,1,0,0.05973777174949646
func-hard-gn,coherent,baseline,5002,1,2,64,64,1,0,1,0.004650701768696308
func-hard-gn,coherent,baseline,5002,1,2,128,128,1,1,0,0.0015249538701027632
func-hard-gn,coherent,baseline,5002,1,2,256,256,1,1,0,0.0014346078969538212
func-hard-gn,coherent,baseline,5002,1,2,512,512,1,1,0,0.001427703769877553
func-hard-gn,coherent,baseline,5002,1,2,1024,1024,1,1,0,0.0014229421503841877
func-hard-gn,independent,baseline,5002,1,2,0,0,0,0,0,8.396472930908203
func-hard-gn,independent,baseline,5002,1,2,1,1,0,0,0,7.752352714538574
func-hard-gn,independent,baseline,5002,1,2,2,2,0,0,0,6.875546932220459
func-hard-gn,independent,baseline,5002,1,2,4,4,0,0,1,3.334416151046753
func-hard-gn,independent,baseline,5002,1,2,8,8,0,0,1,2.485732078552246
func-hard-gn,independent,baseline,5002,1,2,16,16,0,0,1,1.8577756881713867
func-hard-gn,independent,baseline,5002,1,2,32,32,1,1,0,0.4689561128616333
func-hard-gn,independent,baseline,5002,1,2,64,64,1,1,0,0.05736811086535454
func-hard-gn,independent,baseline,5002,1,2,128,128,1,0,1,0.006545742508023977
func-hard-gn,independent,baseline,5002,1,2,256,256,1,1,0,0.0017084775026887655
func-hard-gn,independent,baseline,5002,1,2,512,512,1,1,0,0.001424666028469801
func-hard-gn,independent,baseline,5002,1,2,1024,1024,1,1,0,0.0013762139715254307
func-soft-adam,coherent,baseline,5002,1,0,0,0,0,0,0,8.805761337280273
func-soft-adam,coherent,baseline,5002,1,0,1,1,0,0,0,7.915225982666016
func-soft-adam,coherent,baseline,5002,1,0,2,2,0,0,0,6.715390205383301
func-soft-adam,coherent,baseline,5002,1,0,4,4,0,0,0,3.246356248855591
func-soft-adam,coherent,baseline,5002,1,0,8,8,1,0,7,0.16342325508594513
func-soft-adam,coherent,baseline,5002,1,0,16,16,1,0,7,0.29132336378097534
func-soft-adam,coherent,baseline,5002,1,0,32,32,1,0,5,0.4437328577041626
func-soft-adam,coherent,baseline,5002,1,0,64,64,1,0,4,0.4231910705566406
func-soft-adam,coherent,baseline,5002,1,0,128,128,1,0,3,0.3186075687408447
func-soft-adam,coherent,baseline,5002,1,0,256,256,1,0,1,0.0017607791814953089
func-soft-adam,coherent,baseline,5002,1,0,512,512,1,0,1,0.0015591736882925034
func-soft-adam,coherent,baseline,5002,1,0,1024,1024,1,0,1,0.001465438399463892
func-soft-adam,independent,baseline,5002,1,0,0,0,0,0,0,8.434560775756836
func-soft-adam,independent,baseline,5002,1,0,1,1,0,0,0,8.04560661315918
func-soft-adam,independent,baseline,5002,1,0,2,2,0,0,0,7.615582466125488
func-soft-adam,independent,baseline,5002,1,0,4,4,0,0,0,6.5943708419799805
func-soft-adam,independent,baseline,5002,1,0,8,8,0,0,1,3.91753888130188
func-soft-adam,independent,baseline,5002,1,0,16,16,0,0,4,2.0674972534179688
func-soft-adam,independent,baseline,5002,1,0,32,32,0,0,6,1.0095436573028564
func-soft-adam,independent,baseline,5002,1,0,64,64,1,0,3,0.920219361782074
func-soft-adam,independent,baseline,5002,1,0,128,128,1,0,3,0.08600598573684692
func-soft-adam,independent,baseline,5002,1,0,256,256,1,0,2,0.00277908006682992
func-soft-adam,independent,baseline,5002,1,0,512,512,1,0,1,0.0020042445976287127
func-soft-adam,independent,baseline,5002,1,0,1024,1024,1,0,1,0.0016596803907305002
func-soft-adam,coherent,baseline,5002,1,1,0,0,0,0,0,8.643644332885742
func-soft-adam,coherent,baseline,5002,1,1,1,1,0,0,0,8.22235107421875
func-soft-adam,coherent,baseline,5002,1,1,2,2,0,0,0,7.581770896911621
func-soft-adam,coherent,baseline,5002,1,1,4,4,0,0,0,4.329117298126221
func-soft-adam,coherent,baseline,5002,1,1,8,8,1,0,5,0.2407563030719757
func-soft-adam,coherent,baseline,5002,1,1,16,16,1,0,3,0.43514010310173035
func-soft-adam,coherent,baseline,5002,1,1,32,32,1,0,3,0.3237719237804413
func-soft-adam,coherent,baseline,5002,1,1,64,64,1,0,5,0.08363223075866699
func-soft-adam,coherent,baseline,5002,1,1,128,128,1,0,5,0.0036702025681734085
func-soft-adam,coherent,baseline,5002,1,1,256,256,1,0,3,0.0023575620725750923
func-soft-adam,coherent,baseline,5002,1,1,512,512,1,0,2,0.001906780293211341
func-soft-adam,coherent,baseline,5002,1,1,1024,1024,1,0,2,0.0016313588712364435
func-soft-adam,independent,baseline,5002,1,1,0,0,0,0,0,8.7655029296875
func-soft-adam,independent,baseline,5002,1,1,1,1,0,0,0,8.119187355041504
func-soft-adam,independent,baseline,5002,1,1,2,2,0,0,0,7.131733417510986
func-soft-adam,independent,baseline,5002,1,1,4,4,0,0,0,2.7703709602355957
func-soft-adam,independent,baseline,5002,1,1,8,8,0,0,5,1.5426498651504517
func-soft-adam,independent,baseline,5002,1,1,16,16,0,0,2,0.8728621006011963
func-soft-adam,independent,baseline,5002,1,1,32,32,1,0,3,0.7407313585281372
func-soft-adam,independent,baseline,5002,1,1,64,64,1,0,2,0.2743898630142212
func-soft-adam,independent,baseline,5002,1,1,128,128,1,0,2,0.004130699206143618
func-soft-adam,independent,baseline,5002,1,1,256,256,1,0,2,0.0018267992418259382
func-soft-adam,independent,baseline,5002,1,1,512,512,1,0,2,0.0016312351217493415
func-soft-adam,independent,baseline,5002,1,1,1024,1024,1,0,2,0.0015744674019515514
func-soft-adam,coherent,baseline,5002,1,2,0,0,0,0,0,8.028890609741211
func-soft-adam,coherent,baseline,5002,1,2,1,1,0,0,0,6.40867280960083
func-soft-adam,coherent,baseline,5002,1,2,2,2,0,0,0,4.53916597366333
func-soft-adam,coherent,baseline,5002,1,2,4,4,0,0,5,1.4171931743621826
func-soft-adam,coherent,baseline,5002,1,2,8,8,1,0,7,0.149215430021286
func-soft-adam,coherent,baseline,5002,1,2,16,16,1,0,6,0.3984760642051697
func-soft-adam,coherent,baseline,5002,1,2,32,32,1,0,3,0.3544754385948181
func-soft-adam,coherent,baseline,5002,1,2,64,64,1,0,3,0.2910669445991516
func-soft-adam,coherent,baseline,5002,1,2,128,128,1,0,2,0.15659016370773315
func-soft-adam,coherent,baseline,5002,1,2,256,256,1,0,2,0.002075361320748925
func-soft-adam,coherent,baseline,5002,1,2,512,512,1,0,2,0.0016085072420537472
func-soft-adam,coherent,baseline,5002,1,2,1024,1024,1,0,2,0.001505671301856637
func-soft-adam,independent,baseline,5002,1,2,0,0,0,0,0,8.396472930908203
func-soft-adam,independent,baseline,5002,1,2,1,1,0,0,0,7.62283182144165
func-soft-adam,independent,baseline,5002,1,2,2,2,0,0,0,6.683247089385986
func-soft-adam,independent,baseline,5002,1,2,4,4,0,0,1,4.3899383544921875
func-soft-adam,independent,baseline,5002,1,2,8,8,0,0,7,1.5446597337722778
func-soft-adam,independent,baseline,5002,1,2,16,16,0,0,7,0.9529809951782227
func-soft-adam,independent,baseline,5002,1,2,32,32,0,0,5,0.8582119941711426
func-soft-adam,independent,baseline,5002,1,2,64,64,1,0,6,0.36271926760673523
func-soft-adam,independent,baseline,5002,1,2,128,128,1,0,1,0.12666654586791992
func-soft-adam,independent,baseline,5002,1,2,256,256,1,0,3,0.4175252914428711
func-soft-adam,independent,baseline,5002,1,2,512,512,1,0,3,0.13305801153182983
func-soft-adam,independent,baseline,5002,1,2,1024,1024,1,0,2,0.006033279001712799
func-soft-gn,coherent,baseline,5002,1,0,0,0,0,0,0,8.805761337280273
func-soft-gn,coherent,baseline,5002,1,0,1,1,0,0,0,7.869379997253418
func-soft-gn,coherent,baseline,5002,1,0,2,2,0,0,0,6.631777763366699
func-soft-gn,coherent,baseline,5002,1,0,4,4,0,0,0,2.345693826675415
func-soft-gn,coherent,baseline,5002,1,0,8,8,0,0,2,0.6445570588111877
func-soft-gn,coherent,baseline,5002,1,0,16,16,1,0,2,0.48366641998291016
func-soft-gn,coherent,baseline,5002,1,0,32,32,1,0,1,0.12864303588867188
func-soft-gn,coherent,baseline,5002,1,0,64,64,1,0,1,0.028221778571605682
func-soft-gn,coherent,baseline,5002,1,0,128,128,1,0,1,0.014141224324703217
func-soft-gn,coherent,baseline,5002,1,0,256,256,1,0,1,0.002477722242474556
func-soft-gn,coherent,baseline,5002,1,0,512,512,1,0,1,0.0012733574258163571
func-soft-gn,coherent,baseline,5002,1,0,1024,1024,1,0,1,0.0012685356196016073
func-soft-gn,independent,baseline,5002,1,0,0,0,0,0,0,8.434560775756836
func-soft-gn,independent,baseline,5002,1,0,1,1,0,0,0,8.022043228149414
func-soft-gn,independent,baseline,5002,1,0,2,2,0,0,0,7.481976509094238
func-soft-gn,independent,baseline,5002,1,0,4,4,0,0,0,5.398576736450195
func-soft-gn,independent,baseline,5002,1,0,8,8,0,0,2,3.3830084800720215
func-soft-gn,independent,baseline,5002,1,0,16,16,0,0,3,2.5308549404144287
func-soft-gn,independent,baseline,5002,1,0,32,32,0,0,2,0.9927475452423096
func-soft-gn,independent,baseline,5002,1,0,64,64,1,0,1,0.1524340808391571
func-soft-gn,independent,baseline,5002,1,0,128,128,1,1,0,0.07250668108463287
func-soft-gn,independent,baseline,5002,1,0,256,256,1,1,0,0.00595163693651557
func-soft-gn,independent,baseline,5002,1,0,512,512,1,0,1,0.0016137441853061318
func-soft-gn,independent,baseline,5002,1,0,1024,1024,1,0,1,0.001501325168646872
func-soft-gn,coherent,baseline,5002,1,1,0,0,0,0,0,8.643644332885742
func-soft-gn,coherent,baseline,5002,1,1,1,1,0,0,0,8.247161865234375
func-soft-gn,coherent,baseline,5002,1,1,2,2,0,0,0,7.6733245849609375
func-soft-gn,coherent,baseline,5002,1,1,4,4,0,0,0,3.098773241043091
func-soft-gn,coherent,baseline,5002,1,1,8,8,0,0,1,0.3713513910770416
func-soft-gn,coherent,baseline,5002,1,1,16,16,0,0,0,0.4124797582626343
func-soft-gn,coherent,baseline,5002,1,1,32,32,1,1,0,0.023191535845398903
func-soft-gn,coherent,baseline,5002,1,1,64,64,1,1,0,0.006319845095276833
func-soft-gn,coherent,baseline,5002,1,1,128,128,1,0,1,0.0020123329013586044
func-soft-gn,coherent,baseline,5002,1,1,256,256,1,0,2,0.0015960109885782003
func-soft-gn,coherent,baseline,5002,1,1,512,512,1,0,2,0.0015572693664580584
func-soft-gn,coherent,baseline,5002,1,1,1024,1024,1,0,2,0.0015415581874549389
func-soft-gn,independent,baseline,5002,1,1,0,0,0,0,0,8.7655029296875
func-soft-gn,independent,baseline,5002,1,1,1,1,0,0,0,8.226694107055664
func-soft-gn,independent,baseline,5002,1,1,2,2,0,0,0,7.34053897857666
func-soft-gn,independent,baseline,5002,1,1,4,4,0,0,2,2.4746999740600586
func-soft-gn,independent,baseline,5002,1,1,8,8,0,0,0,1.890302062034607
func-soft-gn,independent,baseline,5002,1,1,16,16,0,0,0,0.924880862236023
func-soft-gn,independent,baseline,5002,1,1,32,32,1,1,0,0.08792182803153992
func-soft-gn,independent,baseline,5002,1,1,64,64,1,1,0,0.03838169202208519
func-soft-gn,independent,baseline,5002,1,1,128,128,1,1,0,0.0020846996922045946
func-soft-gn,independent,baseline,5002,1,1,256,256,1,1,0,0.0015667910920456052
func-soft-gn,independent,baseline,5002,1,1,512,512,1,0,2,0.001511264592409134
func-soft-gn,independent,baseline,5002,1,1,1024,1024,1,0,2,0.001490969443693757
func-soft-gn,coherent,baseline,5002,1,2,0,0,0,0,0,8.028890609741211
func-soft-gn,coherent,baseline,5002,1,2,1,1,0,0,0,7.322619915008545
func-soft-gn,coherent,baseline,5002,1,2,2,2,0,0,0,6.459602355957031
func-soft-gn,coherent,baseline,5002,1,2,4,4,0,0,0,3.7662391662597656
func-soft-gn,coherent,baseline,5002,1,2,8,8,1,0,3,0.36849063634872437
func-soft-gn,coherent,baseline,5002,1,2,16,16,1,0,1,0.2403613179922104
func-soft-gn,coherent,baseline,5002,1,2,32,32,1,0,1,0.10656735301017761
func-soft-gn,coherent,baseline,5002,1,2,64,64,1,1,0,0.030573230236768723
func-soft-gn,coherent,baseline,5002,1,2,128,128,1,1,0,0.00693638576194644
func-soft-gn,coherent,baseline,5002,1,2,256,256,1,1,0,0.0017757120076566935
func-soft-gn,coherent,baseline,5002,1,2,512,512,1,0,1,0.0015662556979805231
func-soft-gn,coherent,baseline,5002,1,2,1024,1024,1,0,1,0.0014719853643327951
func-soft-gn,independent,baseline,5002,1,2,0,0,0,0,0,8.396472930908203
func-soft-gn,independent,baseline,5002,1,2,1,1,0,0,0,7.810688018798828
func-soft-gn,independent,baseline,5002,1,2,2,2,0,0,0,7.046329975128174
func-soft-gn,independent,baseline,5002,1,2,4,4,0,0,0,3.986814022064209
func-soft-gn,independent,baseline,5002,1,2,8,8,0,0,1,2.556363344192505
func-soft-gn,independent,baseline,5002,1,2,16,16,0,0,1,1.878536581993103
func-soft-gn,independent,baseline,5002,1,2,32,32,1,0,1,0.1844298094511032
func-soft-gn,independent,baseline,5002,1,2,64,64,1,1,0,0.08583452552556992
func-soft-gn,independent,baseline,5002,1,2,128,128,1,1,0,0.006574094295501709
func-soft-gn,independent,baseline,5002,1,2,256,256,1,1,0,0.002094365656375885
func-soft-gn,independent,baseline,5002,1,2,512,512,1,1,0,0.0014990053605288267
func-soft-gn,independent,baseline,5002,1,2,1024,1024,1,1,0,0.0013795472914353013
repr-hard-adam,coherent,baseline,5002,1,0,0,0,0,0,0,8.805761337280273
repr-hard-adam,coherent,baseline,5002,1,0,1,1,0,0,0,8.390853881835938
repr-hard-adam,coherent,baseline,5002,1,0,2,2,0,0,0,8.232343673706055
repr-hard-adam,coherent,baseline,5002,1,0,4,4,0,0,0,8.10654354095459
repr-hard-adam,coherent,baseline,5002,1,0,8,8,0,0,0,7.985190391540527
repr-hard-adam,coherent,baseline,5002,1,0,16,16,0,0,0,7.85369873046875
repr-hard-adam,coherent,baseline,5002,1,0,32,32,0,0,1,7.792686462402344
repr-hard-adam,coherent,baseline,5002,1,0,64,64,0,0,1,7.904024124145508
repr-hard-adam,coherent,baseline,5002,1,0,128,128,0,0,1,8.028870582580566
repr-hard-adam,coherent,baseline,5002,1,0,256,256,0,0,1,8.279558181762695
repr-hard-adam,coherent,baseline,5002,1,0,512,512,0,0,1,8.422750473022461
repr-hard-adam,coherent,baseline,5002,1,0,1024,1024,0,0,1,8.568442344665527
repr-hard-adam,independent,baseline,5002,1,0,0,0,0,0,0,8.434560775756836
repr-hard-adam,independent,baseline,5002,1,0,1,1,0,0,0,8.244743347167969
repr-hard-adam,independent,baseline,5002,1,0,2,2,0,0,0,8.180757522583008
repr-hard-adam,independent,baseline,5002,1,0,4,4,0,0,0,8.152647018432617
repr-hard-adam,independent,baseline,5002,1,0,8,8,0,0,0,8.098773956298828
repr-hard-adam,independent,baseline,5002,1,0,16,16,0,0,0,8.041105270385742
repr-hard-adam,independent,baseline,5002,1,0,32,32,0,0,0,8.001084327697754
repr-hard-adam,independent,baseline,5002,1,0,64,64,0,0,0,8.019634246826172
repr-hard-adam,independent,baseline,5002,1,0,128,128,0,0,0,8.04773235321045
repr-hard-adam,independent,baseline,5002,1,0,256,256,0,0,0,8.071263313293457
repr-hard-adam,independent,baseline,5002,1,0,512,512,0,0,0,8.104045867919922
repr-hard-adam,independent,baseline,5002,1,0,1024,1024,0,0,0,8.150712966918945
repr-hard-adam,coherent,baseline,5002,1,1,0,0,0,0,0,8.643644332885742
repr-hard-adam,coherent,baseline,5002,1,1,1,1,0,0,0,8.22235107421875
repr-hard-adam,coherent,baseline,5002,1,1,2,2,0,0,0,8.126546859741211
repr-hard-adam,coherent,baseline,5002,1,1,4,4,0,0,0,7.907828330993652
repr-hard-adam,coherent,baseline,5002,1,1,8,8,0,0,0,7.385252952575684
repr-hard-adam,coherent,baseline,5002,1,1,16,16,0,0,0,6.732314109802246
repr-hard-adam,coherent,baseline,5002,1,1,32,32,0,0,1,7.190666675567627
repr-hard-adam,coherent,baseline,5002,1,1,64,64,0,0,1,7.489830017089844
repr-hard-adam,coherent,baseline,5002,1,1,128,128,0,0,0,7.358119964599609
repr-hard-adam,coherent,baseline,5002,1,1,256,256,0,0,0,5.671900272369385
repr-hard-adam,coherent,baseline,5002,1,1,512,512,0,0,0,4.015018463134766
repr-hard-adam,coherent,baseline,5002,1,1,1024,1024,0,0,0,4.064486980438232
repr-hard-adam,independent,baseline,5002,1,1,0,0,0,0,0,8.7655029296875
repr-hard-adam,independent,baseline,5002,1,1,1,1,0,0,0,8.477705001831055
repr-hard-adam,independent,baseline,5002,1,1,2,2,0,0,0,8.18409538269043
repr-hard-adam,independent,baseline,5002,1,1,4,4,0,0,0,7.2609453201293945
repr-hard-adam,independent,baseline,5002,1,1,8,8,0,0,0,6.033100605010986
repr-hard-adam,independent,baseline,5002,1,1,16,16,0,0,0,5.75951623916626
repr-hard-adam,independent,baseline,5002,1,1,32,32,0,0,1,6.277032852172852
repr-hard-adam,independent,baseline,5002,1,1,64,64,0,0,0,6.729004383087158
repr-hard-adam,independent,baseline,5002,1,1,128,128,0,0,0,6.088817119598389
repr-hard-adam,independent,baseline,5002,1,1,256,256,0,0,0,4.670795440673828
repr-hard-adam,independent,baseline,5002,1,1,512,512,0,0,0,4.048061847686768
repr-hard-adam,independent,baseline,5002,1,1,1024,1024,0,0,0,4.113875865936279
repr-hard-adam,coherent,baseline,5002,1,2,0,0,0,0,0,8.028890609741211
repr-hard-adam,coherent,baseline,5002,1,2,1,1,0,0,0,6.40867280960083
repr-hard-adam,coherent,baseline,5002,1,2,2,2,0,0,0,5.834194660186768
repr-hard-adam,coherent,baseline,5002,1,2,4,4,0,0,0,5.5246148109436035
repr-hard-adam,coherent,baseline,5002,1,2,8,8,0,0,0,5.613924980163574
repr-hard-adam,coherent,baseline,5002,1,2,16,16,0,0,1,5.911863803863525
repr-hard-adam,coherent,baseline,5002,1,2,32,32,0,0,2,6.576520919799805
repr-hard-adam,coherent,baseline,5002,1,2,64,64,0,0,2,7.450011730194092
repr-hard-adam,coherent,baseline,5002,1,2,128,128,0,0,2,7.874657154083252
repr-hard-adam,coherent,baseline,5002,1,2,256,256,0,0,2,7.973326683044434
repr-hard-adam,coherent,baseline,5002,1,2,512,512,0,0,2,7.850163459777832
repr-hard-adam,coherent,baseline,5002,1,2,1024,1024,0,0,2,7.562660217285156
repr-hard-adam,independent,baseline,5002,1,2,0,0,0,0,0,8.396472930908203
repr-hard-adam,independent,baseline,5002,1,2,1,1,0,0,0,8.031335830688477
repr-hard-adam,independent,baseline,5002,1,2,2,2,0,0,0,7.695124626159668
repr-hard-adam,independent,baseline,5002,1,2,4,4,0,0,0,7.2756242752075195
repr-hard-adam,independent,baseline,5002,1,2,8,8,0,0,0,7.099819183349609
repr-hard-adam,independent,baseline,5002,1,2,16,16,0,0,0,6.971451759338379
repr-hard-adam,independent,baseline,5002,1,2,32,32,0,0,0,7.160633087158203
repr-hard-adam,independent,baseline,5002,1,2,64,64,0,0,1,7.298492431640625
repr-hard-adam,independent,baseline,5002,1,2,128,128,0,0,2,7.693065643310547
repr-hard-adam,independent,baseline,5002,1,2,256,256,0,0,2,8.283293724060059
repr-hard-adam,independent,baseline,5002,1,2,512,512,0,0,4,8.274953842163086
repr-hard-adam,independent,baseline,5002,1,2,1024,1024,0,0,4,8.08483600616455
func-hard-gn,coherent,up-0.25,5002,1,0,0,0,0,0,0,9.080322265625
func-hard-gn,coherent,up-0.25,5002,1,0,1,1,0,0,0,8.861717224121094
func-hard-gn,coherent,up-0.25,5002,1,0,2,2,0,0,0,8.64033317565918
func-hard-gn,coherent,up-0.25,5002,1,0,4,4,0,0,0,8.191568374633789
func-hard-gn,coherent,up-0.25,5002,1,0,8,8,0,0,1,6.835176467895508
func-hard-gn,coherent,up-0.25,5002,1,0,16,16,0,0,2,2.849090576171875
func-hard-gn,coherent,up-0.25,5002,1,0,32,32,1,0,1,0.12842151522636414
func-hard-gn,coherent,up-0.25,5002,1,0,64,64,1,0,1,0.0021737259812653065
func-hard-gn,coherent,up-0.25,5002,1,0,128,128,1,0,1,0.0014227039646357298
func-hard-gn,coherent,up-0.25,5002,1,0,256,256,1,0,1,0.0013831225223839283
func-hard-gn,coherent,up-0.25,5002,1,0,512,512,1,0,1,0.001328777172602713
func-hard-gn,coherent,up-0.25,5002,1,0,1024,1024,1,0,1,0.0013150861486792564
func-hard-gn,independent,up-0.25,5002,1,0,0,0,0,0,0,8.559812545776367
func-hard-gn,independent,up-0.25,5002,1,0,1,1,0,0,0,8.403724670410156
func-hard-gn,independent,up-0.25,5002,1,0,2,2,0,0,0,8.227807998657227
func-hard-gn,independent,up-0.25,5002,1,0,4,4,0,0,0,7.779701232910156
func-hard-gn,independent,up-0.25,5002,1,0,8,8,0,0,0,5.988661289215088
func-hard-gn,independent,up-0.25,5002,1,0,16,16,0,0,2,3.9554996490478516
func-hard-gn,independent,up-0.25,5002,1,0,32,32,0,0,1,1.9743800163269043
func-hard-gn,independent,up-0.25,5002,1,0,64,64,1,0,1,0.11210563778877258
func-hard-gn,independent,up-0.25,5002,1,0,128,128,1,0,1,0.018774833530187607
func-hard-gn,independent,up-0.25,5002,1,0,256,256,1,0,1,0.0015570900868624449
func-hard-gn,independent,up-0.25,5002,1,0,512,512,1,0,1,0.0014816232724115252
func-hard-gn,independent,up-0.25,5002,1,0,1024,1024,1,0,1,0.0014697189908474684
func-hard-gn,coherent,up-0.25,5002,1,1,0,0,0,0,0,8.79643726348877
func-hard-gn,coherent,up-0.25,5002,1,1,1,1,0,0,0,8.526775360107422
func-hard-gn,coherent,up-0.25,5002,1,1,2,2,0,0,0,7.889776229858398
func-hard-gn,coherent,up-0.25,5002,1,1,4,4,0,0,0,6.473296165466309
func-hard-gn,coherent,up-0.25,5002,1,1,8,8,0,0,0,4.46110725402832
func-hard-gn,coherent,up-0.25,5002,1,1,16,16,0,0,0,3.7968060970306396
func-hard-gn,coherent,up-0.25,5002,1,1,32,32,1,1,0,0.11664354056119919
func-hard-gn,coherent,up-0.25,5002,1,1,64,64,1,0,1,0.008649744093418121
func-hard-gn,coherent,up-0.25,5002,1,1,128,128,1,0,1,0.001721270033158362
func-hard-gn,coherent,up-0.25,5002,1,1,256,256,1,1,0,0.0015684575773775578
func-hard-gn,coherent,up-0.25,5002,1,1,512,512,1,1,0,0.0015635181916877627
func-hard-gn,coherent,up-0.25,5002,1,1,1024,1024,1,1,0,0.0015610187547281384
func-hard-gn,independent,up-0.25,5002,1,1,0,0,0,0,0,8.88814640045166
func-hard-gn,independent,up-0.25,5002,1,1,1,1,0,0,0,8.523599624633789
func-hard-gn,independent,up-0.25,5002,1,1,2,2,0,0,0,8.206114768981934
func-hard-gn,independent,up-0.25,5002,1,1,4,4,0,0,0,7.665107727050781
func-hard-gn,independent,up-0.25,5002,1,1,8,8,0,0,0,5.038482666015625
func-hard-gn,independent,up-0.25,5002,1,1,16,16,0,0,0,4.37225866317749
func-hard-gn,independent,up-0.25,5002,1,1,32,32,0,0,1,0.6703664064407349
func-hard-gn,independent,up-0.25,5002,1,1,64,64,1,0,1,0.016435112804174423
func-hard-gn,independent,up-0.25,5002,1,1,128,128,1,0,1,0.005358803551644087
func-hard-gn,independent,up-0.25,5002,1,1,256,256,1,0,1,0.0015691120643168688
func-hard-gn,independent,up-0.25,5002,1,1,512,512,1,1,0,0.0015388198662549257
func-hard-gn,independent,up-0.25,5002,1,1,1024,1024,1,1,0,0.0015235242899507284
func-hard-gn,coherent,up-0.25,5002,1,2,0,0,0,0,0,8.095254898071289
func-hard-gn,coherent,up-0.25,5002,1,2,1,1,0,0,0,7.507828235626221
func-hard-gn,coherent,up-0.25,5002,1,2,2,2,0,0,0,6.731053352355957
func-hard-gn,coherent,up-0.25,5002,1,2,4,4,0,0,0,3.9330925941467285
func-hard-gn,coherent,up-0.25,5002,1,2,8,8,1,1,0,0.35014432668685913
func-hard-gn,coherent,up-0.25,5002,1,2,16,16,1,1,0,0.04561297968029976
func-hard-gn,coherent,up-0.25,5002,1,2,32,32,1,0,1,0.004816840402781963
func-hard-gn,coherent,up-0.25,5002,1,2,64,64,1,0,2,0.002052486641332507
func-hard-gn,coherent,up-0.25,5002,1,2,128,128,1,0,1,0.0015510802622884512
func-hard-gn,coherent,up-0.25,5002,1,2,256,256,1,0,1,0.0014665096532553434
func-hard-gn,coherent,up-0.25,5002,1,2,512,512,1,0,1,0.001457225065678358
func-hard-gn,coherent,up-0.25,5002,1,2,1024,1024,1,0,1,0.001452404074370861
func-hard-gn,independent,up-0.25,5002,1,2,0,0,0,0,0,8.401281356811523
func-hard-gn,independent,up-0.25,5002,1,2,1,1,0,0,0,8.061819076538086
func-hard-gn,independent,up-0.25,5002,1,2,2,2,0,0,0,7.542895793914795
func-hard-gn,independent,up-0.25,5002,1,2,4,4,0,0,0,4.7893781661987305
func-hard-gn,independent,up-0.25,5002,1,2,8,8,0,0,0,2.4231643676757812
func-hard-gn,independent,up-0.25,5002,1,2,16,16,0,0,1,0.8015707731246948
func-hard-gn,independent,up-0.25,5002,1,2,32,32,1,0,1,0.0315769799053669
func-hard-gn,independent,up-0.25,5002,1,2,64,64,1,0,1,0.0073985690250992775
func-hard-gn,independent,up-0.25,5002,1,2,128,128,1,0,1,0.0017145469319075346
func-hard-gn,independent,up-0.25,5002,1,2,256,256,1,0,1,0.001416094251908362
func-hard-gn,independent,up-0.25,5002,1,2,512,512,1,0,1,0.0014042500406503677
func-hard-gn,independent,up-0.25,5002,1,2,1024,1024,1,0,1,0.0013981792144477367
func-soft-adam,coherent,up-0.25,5002,1,0,0,0,0,0,0,9.080322265625
func-soft-adam,coherent,up-0.25,5002,1,0,1,1,0,0,0,8.871162414550781
func-soft-adam,coherent,up-0.25,5002,1,0,2,2,0,0,0,8.659323692321777
func-soft-adam,coherent,up-0.25,5002,1,0,4,4,0,0,0,8.234212875366211
func-soft-adam,coherent,up-0.25,5002,1,0,8,8,0,0,1,6.918642997741699
func-soft-adam,coherent,up-0.25,5002,1,0,16,16,1,0,9,0.07414809614419937
func-soft-adam,coherent,up-0.25,5002,1,0,32,32,1,0,5,0.28636062145233154
func-soft-adam,coherent,up-0.25,5002,1,0,64,64,1,0,4,0.4780732989311218
func-soft-adam,coherent,up-0.25,5002,1,0,128,128,1,0,2,0.1312907636165619
func-soft-adam,coherent,up-0.25,5002,1,0,256,256,1,0,1,0.0023234188556671143
func-soft-adam,coherent,up-0.25,5002,1,0,512,512,1,0,1,0.0017137725371867418
func-soft-adam,coherent,up-0.25,5002,1,0,1024,1024,1,0,1,0.0015149556566029787
func-soft-adam,independent,up-0.25,5002,1,0,0,0,0,0,0,8.559812545776367
func-soft-adam,independent,up-0.25,5002,1,0,1,1,0,0,0,8.389435768127441
func-soft-adam,independent,up-0.25,5002,1,0,2,2,0,0,0,8.19651985168457
func-soft-adam,independent,up-0.25,5002,1,0,4,4,0,0,0,7.710870265960693
func-soft-adam,independent,up-0.25,5002,1,0,8,8,0,0,1,6.401384353637695
func-soft-adam,independent,up-0.25,5002,1,0,16,16,0,0,7,2.8856475353240967
func-soft-adam,independent,up-0.25,5002,1,0,32,32,0,0,3,1.1326110363006592
func-soft-adam,independent,up-0.25,5002,1,0,64,64,0,0,2,0.9980027675628662
func-soft-adam,independent,up-0.25,5002,1,0,128,128,1,0,2,0.15813960134983063
func-soft-adam,independent,up-0.25,5002,1,0,256,256,1,0,1,0.0021036546677351
func-soft-adam,independent,up-0.25,5002,1,0,512,512,1,0,1,0.0017569089541211724
func-soft-adam,independent,up-0.25,5002,1,0,1024,1024,1,1,0,0.0016242179553955793
func-soft-adam,coherent,up-0.25,5002,1,1,0,0,0,0,0,8.79643726348877
func-soft-adam,coherent,up-0.25,5002,1,1,1,1,0,0,0,8.5137939453125
func-soft-adam,coherent,up-0.25,5002,1,1,2,2,0,0,0,7.983709335327148
func-soft-adam,coherent,up-0.25,5002,1,1,4,4,0,0,1,4.866664409637451
func-soft-adam,coherent,up-0.25,5002,1,1,8,8,1,0,7,0.006484236568212509
func-soft-adam,coherent,up-0.25,5002,1,1,16,16,1,0,3,0.2898840010166168
func-soft-adam,coherent,up-0.25,5002,1,1,32,32,1,0,3,0.02606552466750145
func-soft-adam,coherent,up-0.25,5002,1,1,64,64,1,0,1,0.056160688400268555
func-soft-adam,coherent,up-0.25,5002,1,1,128,128,1,0,1,0.009805208072066307
func-soft-adam,coherent,up-0.25,5002,1,1,256,256,1,0,1,0.0037785174790769815
func-soft-adam,coherent,up-0.25,5002,1,1,512,512,1,0,1,0.002654626965522766
func-soft-adam,coherent,up-0.25,5002,1,1,1024,1024,1,0,1,0.0021009352058172226
func-soft-adam,independent,up-0.25,5002,1,1,0,0,0,0,0,8.88814640045166
func-soft-adam,independent,up-0.25,5002,1,1,1,1,0,0,0,8.527219772338867
func-soft-adam,independent,up-0.25,5002,1,1,2,2,0,0,0,7.850838661193848
func-soft-adam,independent,up-0.25,5002,1,1,4,4,0,0,0,6.798149108886719
func-soft-adam,independent,up-0.25,5002,1,1,8,8,0,0,1,3.9899697303771973
func-soft-adam,independent,up-0.25,5002,1,1,16,16,0,0,1,2.472774028778076
func-soft-adam,independent,up-0.25,5002,1,1,32,32,1,0,4,0.49309396743774414
func-soft-adam,independent,up-0.25,5002,1,1,64,64,1,0,2,0.125197172164917
func-soft-adam,independent,up-0.25,5002,1,1,128,128,1,0,3,0.007982964627444744
func-soft-adam,independent,up-0.25,5002,1,1,256,256,1,0,3,0.0027589802630245686
func-soft-adam,independent,up-0.25,5002,1,1,512,512,1,0,3,0.002018854022026062
func-soft-adam,independent,up-0.25,5002,1,1,1024,1024,1,0,2,0.001752905547618866
func-soft-adam,coherent,up-0.25,5002,1,2,0,0,0,0,0,8.095254898071289
func-soft-adam,coherent,up-0.25,5002,1,2,1,1,0,0,0,6.153068542480469
func-soft-adam,coherent,up-0.25,5002,1,2,2,2,0,0,0,3.51682186126709
func-soft-adam,coherent,up-0.25,5002,1,2,4,4,1,0,5,0.2431126832962036
func-soft-adam,coherent,up-0.25,5002,1,2,8,8,1,0,5,0.03716142475605011
func-soft-adam,coherent,up-0.25,5002,1,2,16,16,1,0,1,0.3949701488018036
func-soft-adam,coherent,up-0.25,5002,1,2,32,32,1,0,1,0.10997137427330017
func-soft-adam,coherent,up-0.25,5002,1,2,64,64,1,0,1,0.11413249373435974
func-soft-adam,coherent,up-0.25,5002,1,2,128,128,1,0,2,0.02759924717247486
func-soft-adam,coherent,up-0.25,5002,1,2,256,256,1,0,2,0.0017961184494197369
func-soft-adam,coherent,up-0.25,5002,1,2,512,512,1,0,2,0.0016629567835479975
func-soft-adam,coherent,up-0.25,5002,1,2,1024,1024,1,0,1,0.0015803002752363682
func-soft-adam,independent,up-0.25,5002,1,2,0,0,0,0,0,8.401281356811523
func-soft-adam,independent,up-0.25,5002,1,2,1,1,0,0,0,7.947359561920166
func-soft-adam,independent,up-0.25,5002,1,2,2,2,0,0,0,6.936272144317627
func-soft-adam,independent,up-0.25,5002,1,2,4,4,0,0,4,3.451735734939575
func-soft-adam,independent,up-0.25,5002,1,2,8,8,0,0,0,3.338470935821533
func-soft-adam,independent,up-0.25,5002,1,2,16,16,0,0,0,2.9409680366516113
func-soft-adam,independent,up-0.25,5002,1,2,32,32,1,0,5,0.36968258023262024
func-soft-adam,independent,up-0.25,5002,1,2,64,64,1,0,2,0.18548502027988434
func-soft-adam,independent,up-0.25,5002,1,2,128,128,1,0,2,0.03895913064479828
func-soft-adam,independent,up-0.25,5002,1,2,256,256,1,0,2,0.0021528901997953653
func-soft-adam,independent,up-0.25,5002,1,2,512,512,1,0,2,0.0016479588812217116
func-soft-adam,independent,up-0.25,5002,1,2,1024,1024,1,0,1,0.0015335222706198692
func-soft-gn,coherent,up-0.25,5002,1,0,0,0,0,0,0,9.080322265625
func-soft-gn,coherent,up-0.25,5002,1,0,1,1,0,0,0,8.86380386352539
func-soft-gn,coherent,up-0.25,5002,1,0,2,2,0,0,0,8.644768714904785
func-soft-gn,coherent,up-0.25,5002,1,0,4,4,0,0,0,8.200970649719238
func-soft-gn,coherent,up-0.25,5002,1,0,8,8,0,0,1,6.887418746948242
func-soft-gn,coherent,up-0.25,5002,1,0,16,16,0,0,3,0.49687910079956055
func-soft-gn,coherent,up-0.25,5002,1,0,32,32,1,0,1,0.04634082317352295
func-soft-gn,coherent,up-0.25,5002,1,0,64,64,1,0,1,0.0017401890363544226
func-soft-gn,coherent,up-0.25,5002,1,0,128,128,1,0,1,0.001420442247763276
func-soft-gn,coherent,up-0.25,5002,1,0,256,256,1,0,1,0.0013923484366387129
func-soft-gn,coherent,up-0.25,5002,1,0,512,512,1,0,1,0.0013434203574433923
func-soft-gn,coherent,up-0.25,5002,1,0,1024,1024,1,0,1,0.0013152648461982608
func-soft-gn,independent,up-0.25,5002,1,0,0,0,0,0,0,8.559812545776367
func-soft-gn,independent,up-0.25,5002,1,0,1,1,0,0,0,8.406972885131836
func-soft-gn,independent,up-0.25,5002,1,0,2,2,0,0,0,8.235509872436523
func-soft-gn,independent,up-0.25,5002,1,0,4,4,0,0,0,7.803065299987793
func-soft-gn,independent,up-0.25,5002,1,0,8,8,0,0,1,6.713351249694824
func-soft-gn,independent,up-0.25,5002,1,0,16,16,0,0,5,1.9708350896835327
func-soft-gn,independent,up-0.25,5002,1,0,32,32,1,0,2,0.4720441699028015
func-soft-gn,independent,up-0.25,5002,1,0,64,64,1,0,1,0.010238852351903915
func-soft-gn,independent,up-0.25,5002,1,0,128,128,1,0,1,0.0019342643208801746
func-soft-gn,independent,up-0.25,5002,1,0,256,256,1,0,1,0.0014915037900209427
func-soft-gn,independent,up-0.25,5002,1,0,512,512,1,0,1,0.0014743616338819265
func-soft-gn,independent,up-0.25,5002,1,0,1024,1024,1,0,1,0.001468171365559101
func-soft-gn,coherent,up-0.25,5002,1,1,0,0,0,0,0,8.79643726348877
func-soft-gn,coherent,up-0.25,5002,1,1,1,1,0,0,0,8.528556823730469
func-soft-gn,coherent,up-0.25,5002,1,1,2,2,0,0,0,7.898904800415039
func-soft-gn,coherent,up-0.25,5002,1,1,4,4,0,0,1,3.9302289485931396
func-soft-gn,coherent,up-0.25,5002,1,1,8,8,1,0,3,0.2204272449016571
func-soft-gn,coherent,up-0.25,5002,1,1,16,16,0,0,1,0.7606585025787354
func-soft-gn,coherent,up-0.25,5002,1,1,32,32,1,0,1,0.061638593673706055
func-soft-gn,coherent,up-0.25,5002,1,1,64,64,1,0,1,0.060218892991542816
func-soft-gn,coherent,up-0.25,5002,1,1,128,128,1,0,1,0.004311510361731052
func-soft-gn,coherent,up-0.25,5002,1,1,256,256,1,0,1,0.00158869125880301
func-soft-gn,coherent,up-0.25,5002,1,1,512,512,1,0,1,0.0015674459282308817
func-soft-gn,coherent,up-0.25,5002,1,1,1024,1024,1,0,1,0.0015631611458957195
func-soft-gn,independent,up-0.25,5002,1,1,0,0,0,0,0,8.88814640045166
func-soft-gn,independent,up-0.25,5002,1,1,1,1,0,0,0,8.532414436340332
func-soft-gn,independent,up-0.25,5002,1,1,2,2,0,0,0,7.7866010665893555
func-soft-gn,independent,up-0.25,5002,1,1,4,4,0,0,0,5.125134468078613
func-soft-gn,independent,up-0.25,5002,1,1,8,8,0,0,0,4.178905487060547
func-soft-gn,independent,up-0.25,5002,1,1,16,16,0,0,1,3.9692533016204834
func-soft-gn,independent,up-0.25,5002,1,1,32,32,1,0,1,0.29460906982421875
func-soft-gn,independent,up-0.25,5002,1,1,64,64,1,0,3,0.052435461431741714
func-soft-gn,independent,up-0.25,5002,1,1,128,128,1,0,2,0.004847734700888395
func-soft-gn,independent,up-0.25,5002,1,1,256,256,1,0,2,0.001563398283906281
func-soft-gn,independent,up-0.25,5002,1,1,512,512,1,0,1,0.0015380459371954203
func-soft-gn,independent,up-0.25,5002,1,1,1024,1024,1,1,0,0.0015229885466396809
func-soft-gn,coherent,up-0.25,5002,1,2,0,0,0,0,0,8.095254898071289
func-soft-gn,coherent,up-0.25,5002,1,2,1,1,0,0,0,7.509502410888672
func-soft-gn,coherent,up-0.25,5002,1,2,2,2,0,0,0,6.730504035949707
func-soft-gn,coherent,up-0.25,5002,1,2,4,4,0,0,0,3.903177261352539
func-soft-gn,coherent,up-0.25,5002,1,2,8,8,1,1,0,0.07610119134187698
func-soft-gn,coherent,up-0.25,5002,1,2,16,16,1,1,0,0.09176456928253174
func-soft-gn,coherent,up-0.25,5002,1,2,32,32,1,1,0,0.031140783801674843
func-soft-gn,coherent,up-0.25,5002,1,2,64,64,1,0,1,0.007060846779495478
func-soft-gn,coherent,up-0.25,5002,1,2,128,128,1,0,1,0.0026988890022039413
func-soft-gn,coherent,up-0.25,5002,1,2,256,256,1,0,1,0.0014721638290211558
func-soft-gn,coherent,up-0.25,5002,1,2,512,512,1,0,1,0.0014582367148250341
func-soft-gn,coherent,up-0.25,5002,1,2,1024,1024,1,0,1,0.0014527611201629043
func-soft-gn,independent,up-0.25,5002,1,2,0,0,0,0,0,8.401281356811523
func-soft-gn,independent,up-0.25,5002,1,2,1,1,0,0,0,8.079456329345703
func-soft-gn,independent,up-0.25,5002,1,2,2,2,0,0,0,7.607599258422852
func-soft-gn,independent,up-0.25,5002,1,2,4,4,0,0,0,5.269200325012207
func-soft-gn,independent,up-0.25,5002,1,2,8,8,0,0,0,2.5066030025482178
func-soft-gn,independent,up-0.25,5002,1,2,16,16,1,0,2,0.36602282524108887
func-soft-gn,independent,up-0.25,5002,1,2,32,32,1,0,1,0.07332664728164673
func-soft-gn,independent,up-0.25,5002,1,2,64,64,1,0,1,0.021363653242588043
func-soft-gn,independent,up-0.25,5002,1,2,128,128,1,0,1,0.0019589310977607965
func-soft-gn,independent,up-0.25,5002,1,2,256,256,1,0,1,0.0014497843803837895
func-soft-gn,independent,up-0.25,5002,1,2,512,512,1,0,1,0.00142002385109663
func-soft-gn,independent,up-0.25,5002,1,2,1024,1024,1,0,1,0.0014068696182221174
repr-hard-adam,coherent,up-0.25,5002,1,0,0,0,0,0,0,9.080322265625
repr-hard-adam,coherent,up-0.25,5002,1,0,1,1,0,0,0,8.976213455200195
repr-hard-adam,coherent,up-0.25,5002,1,0,2,2,0,0,0,8.947469711303711
repr-hard-adam,coherent,up-0.25,5002,1,0,4,4,0,0,0,8.90084457397461
repr-hard-adam,coherent,up-0.25,5002,1,0,8,8,0,0,0,8.90281867980957
repr-hard-adam,coherent,up-0.25,5002,1,0,16,16,0,0,0,8.888254165649414
repr-hard-adam,coherent,up-0.25,5002,1,0,32,32,0,0,0,8.914588928222656
repr-hard-adam,coherent,up-0.25,5002,1,0,64,64,0,0,0,8.930646896362305
repr-hard-adam,coherent,up-0.25,5002,1,0,128,128,0,0,0,8.975342750549316
repr-hard-adam,coherent,up-0.25,5002,1,0,256,256,0,0,0,8.979244232177734
repr-hard-adam,coherent,up-0.25,5002,1,0,512,512,0,0,0,8.972986221313477
repr-hard-adam,coherent,up-0.25,5002,1,0,1024,1024,0,0,0,8.946903228759766
repr-hard-adam,independent,up-0.25,5002,1,0,0,0,0,0,0,8.559812545776367
repr-hard-adam,independent,up-0.25,5002,1,0,1,1,0,0,0,8.476933479309082
repr-hard-adam,independent,up-0.25,5002,1,0,2,2,0,0,0,8.44921588897705
repr-hard-adam,independent,up-0.25,5002,1,0,4,4,0,0,0,8.399689674377441
repr-hard-adam,independent,up-0.25,5002,1,0,8,8,0,0,0,8.39337158203125
repr-hard-adam,independent,up-0.25,5002,1,0,16,16,0,0,1,8.373992919921875
repr-hard-adam,independent,up-0.25,5002,1,0,32,32,0,0,0,8.374104499816895
repr-hard-adam,independent,up-0.25,5002,1,0,64,64,0,0,0,8.39303970336914
repr-hard-adam,independent,up-0.25,5002,1,0,128,128,0,0,0,8.421441078186035
repr-hard-adam,independent,up-0.25,5002,1,0,256,256,0,0,0,8.42953109741211
repr-hard-adam,independent,up-0.25,5002,1,0,512,512,0,0,0,8.419573783874512
repr-hard-adam,independent,up-0.25,5002,1,0,1024,1024,0,0,0,8.390334129333496
repr-hard-adam,coherent,up-0.25,5002,1,1,0,0,0,0,0,8.79643726348877
repr-hard-adam,coherent,up-0.25,5002,1,1,1,1,0,0,0,8.675039291381836
repr-hard-adam,coherent,up-0.25,5002,1,1,2,2,0,0,0,8.587974548339844
repr-hard-adam,coherent,up-0.25,5002,1,1,4,4,0,0,0,8.404020309448242
repr-hard-adam,coherent,up-0.25,5002,1,1,8,8,0,0,0,8.237883567810059
repr-hard-adam,coherent,up-0.25,5002,1,1,16,16,0,0,0,8.171553611755371
repr-hard-adam,coherent,up-0.25,5002,1,1,32,32,0,0,0,8.161039352416992
repr-hard-adam,coherent,up-0.25,5002,1,1,64,64,0,0,0,8.193514823913574
repr-hard-adam,coherent,up-0.25,5002,1,1,128,128,0,0,0,8.317031860351562
repr-hard-adam,coherent,up-0.25,5002,1,1,256,256,0,0,0,8.526037216186523
repr-hard-adam,coherent,up-0.25,5002,1,1,512,512,0,0,0,8.555410385131836
repr-hard-adam,coherent,up-0.25,5002,1,1,1024,1024,0,0,0,8.580528259277344
repr-hard-adam,independent,up-0.25,5002,1,1,0,0,0,0,0,8.88814640045166
repr-hard-adam,independent,up-0.25,5002,1,1,1,1,0,0,0,8.737534523010254
repr-hard-adam,independent,up-0.25,5002,1,1,2,2,0,0,0,8.620550155639648
repr-hard-adam,independent,up-0.25,5002,1,1,4,4,0,0,0,8.384554862976074
repr-hard-adam,independent,up-0.25,5002,1,1,8,8,0,0,0,8.198131561279297
repr-hard-adam,independent,up-0.25,5002,1,1,16,16,0,0,0,8.176010131835938
repr-hard-adam,independent,up-0.25,5002,1,1,32,32,0,0,0,8.202239990234375
repr-hard-adam,independent,up-0.25,5002,1,1,64,64,0,0,0,8.196157455444336
repr-hard-adam,independent,up-0.25,5002,1,1,128,128,0,0,0,8.313776016235352
repr-hard-adam,independent,up-0.25,5002,1,1,256,256,0,0,0,8.568733215332031
repr-hard-adam,independent,up-0.25,5002,1,1,512,512,0,0,0,8.64818286895752
repr-hard-adam,independent,up-0.25,5002,1,1,1024,1024,0,0,0,8.658111572265625
repr-hard-adam,coherent,up-0.25,5002,1,2,0,0,0,0,0,8.095254898071289
repr-hard-adam,coherent,up-0.25,5002,1,2,1,1,0,0,0,6.153068542480469
repr-hard-adam,coherent,up-0.25,5002,1,2,2,2,0,0,0,5.058138847351074
repr-hard-adam,coherent,up-0.25,5002,1,2,4,4,0,0,0,3.5993547439575195
repr-hard-adam,coherent,up-0.25,5002,1,2,8,8,0,0,0,3.1605544090270996
repr-hard-adam,coherent,up-0.25,5002,1,2,16,16,0,0,0,2.805415391921997
repr-hard-adam,coherent,up-0.25,5002,1,2,32,32,0,0,0,2.5189292430877686
repr-hard-adam,coherent,up-0.25,5002,1,2,64,64,0,0,0,2.2881064414978027
repr-hard-adam,coherent,up-0.25,5002,1,2,128,128,0,0,0,2.3576622009277344
repr-hard-adam,coherent,up-0.25,5002,1,2,256,256,0,0,1,3.838538646697998
repr-hard-adam,coherent,up-0.25,5002,1,2,512,512,0,0,1,4.262669563293457
repr-hard-adam,coherent,up-0.25,5002,1,2,1024,1024,0,0,2,5.4040632247924805
repr-hard-adam,independent,up-0.25,5002,1,2,0,0,0,0,0,8.401281356811523
repr-hard-adam,independent,up-0.25,5002,1,2,1,1,0,0,0,7.947359561920166
repr-hard-adam,independent,up-0.25,5002,1,2,2,2,0,0,0,7.548831462860107
repr-hard-adam,independent,up-0.25,5002,1,2,4,4,0,0,0,6.0388617515563965
repr-hard-adam,independent,up-0.25,5002,1,2,8,8,0,0,1,4.120214462280273
repr-hard-adam,independent,up-0.25,5002,1,2,16,16,0,0,0,3.6682398319244385
repr-hard-adam,independent,up-0.25,5002,1,2,32,32,0,0,0,3.547278642654419
repr-hard-adam,independent,up-0.25,5002,1,2,64,64,0,0,0,3.4894979000091553
repr-hard-adam,independent,up-0.25,5002,1,2,128,128,0,0,0,3.540998935699463
repr-hard-adam,independent,up-0.25,5002,1,2,256,256,0,0,0,3.5987634658813477
repr-hard-adam,independent,up-0.25,5002,1,2,512,512,0,0,0,3.6985321044921875
repr-hard-adam,independent,up-0.25,5002,1,2,1024,1024,0,0,0,4.697842121124268
func-hard-gn,coherent,baseline,5003,0,0,0,0,0,0,0,7.937211036682129
func-hard-gn,coherent,baseline,5003,0,0,1,1,0,0,1,4.996335506439209
func-hard-gn,coherent,baseline,5003,0,0,2,2,0,0,4,3.983888864517212
func-hard-gn,coherent,baseline,5003,0,0,4,4,0,0,3,3.828611373901367
func-hard-gn,coherent,baseline,5003,0,0,8,8,0,0,3,3.1649317741394043
func-hard-gn,coherent,baseline,5003,0,0,16,16,0,0,5,2.1630048751831055
func-hard-gn,coherent,baseline,5003,0,0,32,32,1,0,7,0.01638636365532875
func-hard-gn,coherent,baseline,5003,0,0,64,64,1,0,8,0.002769733779132366
func-hard-gn,coherent,baseline,5003,0,0,128,128,1,0,7,0.002319314517080784
func-hard-gn,coherent,baseline,5003,0,0,256,256,1,0,7,0.0022184615954756737
func-hard-gn,coherent,baseline,5003,0,0,512,512,1,0,7,0.002155124209821224
func-hard-gn,coherent,baseline,5003,0,0,1024,1024,1,0,7,0.0021107548382133245
func-hard-gn,independent,baseline,5003,0,0,0,0,0,0,0,8.274385452270508
func-hard-gn,independent,baseline,5003,0,0,1,1,0,0,0,8.065397262573242
func-hard-gn,independent,baseline,5003,0,0,2,2,0,0,0,8.021989822387695
func-hard-gn,independent,baseline,5003,0,0,4,4,0,0,0,7.98808479309082
func-hard-gn,independent,baseline,5003,0,0,8,8,0,0,0,7.7773027420043945
func-hard-gn,independent,baseline,5003,0,0,16,16,0,0,1,7.548783302307129
func-hard-gn,independent,baseline,5003,0,0,32,32,0,0,4,4.849285125732422
func-hard-gn,independent,baseline,5003,0,0,64,64,0,0,4,1.678973913192749
func-hard-gn,independent,baseline,5003,0,0,128,128,1,0,4,0.07587660849094391
func-hard-gn,independent,baseline,5003,0,0,256,256,1,0,4,0.0028152959421277046
func-hard-gn,independent,baseline,5003,0,0,512,512,1,0,5,0.002664320869371295
func-hard-gn,independent,baseline,5003,0,0,1024,1024,1,0,6,0.0026063136756420135
func-hard-gn,coherent,baseline,5003,0,1,0,0,0,0,0,7.911166667938232
func-hard-gn,coherent,baseline,5003,0,1,1,1,0,0,0,7.593069076538086
func-hard-gn,coherent,baseline,5003,0,1,2,2,0,0,1,6.936973571777344
func-hard-gn,coherent,baseline,5003,0,1,4,4,0,0,2,6.600506782531738
func-hard-gn,coherent,baseline,5003,0,1,8,8,0,0,3,3.6189754009246826
func-hard-gn,coherent,baseline,5003,0,1,16,16,0,0,3,3.5651698112487793
func-hard-gn,coherent,baseline,5003,0,1,32,32,0,0,3,2.78727650642395
func-hard-gn,coherent,baseline,5003,0,1,64,64,1,0,3,0.3227533996105194
func-hard-gn,coherent,baseline,5003,0,1,128,128,1,0,1,0.020716995000839233
func-hard-gn,coherent,baseline,5003,0,1,256,256,1,1,0,0.0032785963267087936
func-hard-gn,coherent,baseline,5003,0,1,512,512,1,1,0,0.0030058701522648335
func-hard-gn,coherent,baseline,5003,0,1,1024,1024,1,1,0,0.002958150114864111
func-hard-gn,independent,baseline,5003,0,1,0,0,0,0,0,7.217170715332031
func-hard-gn,independent,baseline,5003,0,1,1,1,0,0,1,5.207228183746338
func-hard-gn,independent,baseline,5003,0,1,2,2,0,0,2,4.140568256378174
func-hard-gn,independent,baseline,5003,0,1,4,4,0,0,2,3.9618988037109375
func-hard-gn,independent,baseline,5003,0,1,8,8,0,0,2,3.389491319656372
func-hard-gn,independent,baseline,5003,0,1,16,16,1,0,3,0.21027198433876038
func-hard-gn,independent,baseline,5003,0,1,32,32,1,0,1,0.057861313223838806
func-hard-gn,independent,baseline,5003,0,1,64,64,1,1,0,0.009521516039967537
func-hard-gn,independent,baseline,5003,0,1,128,128,1,1,0,0.003188794944435358
func-hard-gn,independent,baseline,5003,0,1,256,256,1,1,0,0.0028616604395210743
func-hard-gn,independent,baseline,5003,0,1,512,512,1,0,1,0.0027856917586177588
func-hard-gn,independent,baseline,5003,0,1,1024,1024,1,0,1,0.0027295176405459642
func-hard-gn,coherent,baseline,5003,0,2,0,0,0,0,0,8.076787948608398
func-hard-gn,coherent,baseline,5003,0,2,1,1,0,0,0,7.6794304847717285
func-hard-gn,coherent,baseline,5003,0,2,2,2,0,0,0,7.476020812988281
func-hard-gn,coherent,baseline,5003,0,2,4,4,0,0,0,6.734373092651367
func-hard-gn,coherent,baseline,5003,0,2,8,8,0,0,1,5.067205905914307
func-hard-gn,coherent,baseline,5003,0,2,16,16,0,0,1,1.8503673076629639
func-hard-gn,coherent,baseline,5003,0,2,32,32,0,0,1,1.1481637954711914
func-hard-gn,coherent,baseline,5003,0,2,64,64,1,0,2,0.6604783535003662
func-hard-gn,coherent,baseline,5003,0,2,128,128,1,1,0,0.034875158220529556
func-hard-gn,coherent,baseline,5003,0,2,256,256,1,1,0,0.0034355216193944216
func-hard-gn,coherent,baseline,5003,0,2,512,512,1,0,1,0.0025040083564817905
func-hard-gn,coherent,baseline,5003,0,2,1024,1024,1,0,2,0.002336451318114996
func-hard-gn,independent,baseline,5003,0,2,0,0,0,0,0,8.203804016113281
func-hard-gn,independent,baseline,5003,0,2,1,1,0,0,0,8.04340934753418
func-hard-gn,independent,baseline,5003,0,2,2,2,0,0,0,7.877389907836914
func-hard-gn,independent,baseline,5003,0,2,4,4,0,0,1,7.489279747009277
func-hard-gn,independent,baseline,5003,0,2,8,8,0,0,1,6.327842712402344
func-hard-gn,independent,baseline,5003,0,2,16,16,0,0,0,3.6109306812286377
func-hard-gn,independent,baseline,5003,0,2,32,32,0,0,0,2.582854986190796
func-hard-gn,independent,baseline,5003,0,2,64,64,0,0,0,1.3992995023727417
func-hard-gn,independent,baseline,5003,0,2,128,128,1,0,3,0.2449205219745636
func-hard-gn,independent,baseline,5003,0,2,256,256,1,0,2,0.002969420049339533
func-hard-gn,independent,baseline,5003,0,2,512,512,1,0,2,0.002386927604675293
func-hard-gn,independent,baseline,5003,0,2,1024,1024,1,0,2,0.0023244936019182205
func-soft-adam,coherent,baseline,5003,0,0,0,0,0,0,0,7.937211036682129
func-soft-adam,coherent,baseline,5003,0,0,1,1,0,0,1,4.961050987243652
func-soft-adam,coherent,baseline,5003,0,0,2,2,0,0,4,4.032618045806885
func-soft-adam,coherent,baseline,5003,0,0,4,4,0,0,6,3.8805880546569824
func-soft-adam,coherent,baseline,5003,0,0,8,8,0,0,7,1.6246803998947144
func-soft-adam,coherent,baseline,5003,0,0,16,16,1,0,10,0.1292313039302826
func-soft-adam,coherent,baseline,5003,0,0,32,32,1,0,10,0.029999658465385437
func-soft-adam,coherent,baseline,5003,0,0,64,64,1,0,10,0.0753568634390831
func-soft-adam,coherent,baseline,5003,0,0,128,128,1,0,8,0.03768927603960037
func-soft-adam,coherent,baseline,5003,0,0,256,256,1,0,7,0.007335590198636055
func-soft-adam,coherent,baseline,5003,0,0,512,512,1,0,7,0.00432930514216423
func-soft-adam,coherent,baseline,5003,0,0,1024,1024,1,0,7,0.002986541483551264
func-soft-adam,independent,baseline,5003,0,0,0,0,0,0,0,8.274385452270508
func-soft-adam,independent,baseline,5003,0,0,1,1,0,0,0,8.008529663085938
func-soft-adam,independent,baseline,5003,0,0,2,2,0,0,0,8.072786331176758
func-soft-adam,independent,baseline,5003,0,0,4,4,0,0,1,8.090653419494629
func-soft-adam,independent,baseline,5003,0,0,8,8,0,0,1,7.78654670715332
func-soft-adam,independent,baseline,5003,0,0,16,16,0,0,0,7.195873260498047
func-soft-adam,independent,baseline,5003,0,0,32,32,0,0,6,3.827936887741089
func-soft-adam,independent,baseline,5003,0,0,64,64,0,0,6,3.406771659851074
func-soft-adam,independent,baseline,5003,0,0,128,128,1,0,6,0.1616305410861969
func-soft-adam,independent,baseline,5003,0,0,256,256,1,0,4,0.010876927524805069
func-soft-adam,independent,baseline,5003,0,0,512,512,1,0,4,0.005644879769533873
func-soft-adam,independent,baseline,5003,0,0,1024,1024,1,0,4,0.003733875462785363
func-soft-adam,coherent,baseline,5003,0,1,0,0,0,0,0,7.911166667938232
func-soft-adam,coherent,baseline,5003,0,1,1,1,0,0,1,7.752881050109863
func-soft-adam,coherent,baseline,5003,0,1,2,2,0,0,2,7.5220537185668945
func-soft-adam,coherent,baseline,5003,0,1,4,4,0,0,4,4.205565452575684
func-soft-adam,coherent,baseline,5003,0,1,8,8,0,0,6,3.8981518745422363
func-soft-adam,coherent,baseline,5003,0,1,16,16,0,0,6,3.8162524700164795
func-soft-adam,coherent,baseline,5003,0,1,32,32,0,0,5,3.5664048194885254
func-soft-adam,coherent,baseline,5003,0,1,64,64,1,0,8,0.009480317123234272
func-soft-adam,coherent,baseline,5003,0,1,128,128,1,0,6,0.13145476579666138
func-soft-adam,coherent,baseline,5003,0,1,256,256,1,0,4,0.11052478849887848
func-soft-adam,coherent,baseline,5003,0,1,512,512,1,0,2,0.009841549210250378
func-soft-adam,coherent,baseline,5003,0,1,1024,1024,1,0,1,0.005291604902595282
func-soft-adam,independent,baseline,5003,0,1,0,0,0,0,0,7.217170715332031
func-soft-adam,independent,baseline,5003,0,1,1,1,0,0,2,4.581472396850586
func-soft-adam,independent,baseline,5003,0,1,2,2,0,0,4,3.75457501411438
func-soft-adam,independent,baseline,5003,0,1,4,4,0,0,4,3.409122943878174
func-soft-adam,independent,baseline,5003,0,1,8,8,0,0,4,2.133059024810791
func-soft-adam,independent,baseline,5003,0,1,16,16,1,0,7,0.004195229150354862
func-soft-adam,independent,baseline,5003,0,1,32,32,1,0,6,0.07047642022371292
func-soft-adam,independent,baseline,5003,0,1,64,64,1,0,4,0.04144813492894173
func-soft-adam,independent,baseline,5003,0,1,128,128,1,0,4,0.04637952521443367
func-soft-adam,independent,baseline,5003,0,1,256,256,1,0,1,0.04741895571351051
func-soft-adam,independent,baseline,5003,0,1,512,512,1,0,1,0.006068926304578781
func-soft-adam,independent,baseline,5003,0,1,1024,1024,1,0,1,0.004210054408758879
func-soft-adam,coherent,baseline,5003,0,2,0,0,0,0,0,8.076787948608398
func-soft-adam,coherent,baseline,5003,0,2,1,1,0,0,0,7.7769927978515625
func-soft-adam,coherent,baseline,5003,0,2,2,2,0,0,0,7.467700958251953
func-soft-adam,coherent,baseline,5003,0,2,4,4,0,0,1,6.9238739013671875
func-soft-adam,coherent,baseline,5003,0,2,8,8,0,0,1,5.950416564941406
func-soft-adam,coherent,baseline,5003,0,2,16,16,0,0,3,2.8332760334014893
func-soft-adam,coherent,baseline,5003,0,2,32,32,0,0,7,0.7632609605789185
func-soft-adam,coherent,baseline,5003,0,2,64,64,1,0,3,0.34452712535858154
func-soft-adam,coherent,baseline,5003,0,2,128,128,1,0,2,0.18050894141197205
func-soft-adam,coherent,baseline,5003,0,2,256,256,1,0,2,0.2146911472082138
func-soft-adam,coherent,baseline,5003,0,2,512,512,1,1,0,0.004944541957229376
func-soft-adam,coherent,baseline,5003,0,2,1024,1024,1,1,0,0.003322602715343237
func-soft-adam,independent,baseline,5003,0,2,0,0,0,0,0,8.203804016113281
func-soft-adam,independent,baseline,5003,0,2,1,1,0,0,0,8.09046745300293
func-soft-adam,independent,baseline,5003,0,2,2,2,0,0,0,7.9772257804870605
func-soft-adam,independent,baseline,5003,0,2,4,4,0,0,0,7.935016632080078
func-soft-adam,independent,baseline,5003,0,2,8,8,0,0,0,7.760280609130859
func-soft-adam,independent,baseline,5003,0,2,16,16,0,0,0,7.419869422912598
func-soft-adam,independent,baseline,5003,0,2,32,32,0,0,1,5.094991683959961
func-soft-adam,independent,baseline,5003,0,2,64,64,0,0,1,1.3450344800949097
func-soft-adam,independent,baseline,5003,0,2,128,128,0,0,2,1.1691124439239502
func-soft-adam,independent,baseline,5003,0,2,256,256,1,0,2,0.9754957556724548
func-soft-adam,independent,baseline,5003,0,2,512,512,1,1,0,0.005543277133256197
func-soft-adam,independent,baseline,5003,0,2,1024,1024,1,1,0,0.003646286204457283
func-soft-gn,coherent,baseline,5003,0,0,0,0,0,0,0,7.937211036682129
func-soft-gn,coherent,baseline,5003,0,0,1,1,0,0,1,5.45347261428833
func-soft-gn,coherent,baseline,5003,0,0,2,2,0,0,3,4.018178939819336
func-soft-gn,coherent,baseline,5003,0,0,4,4,0,0,2,3.8647923469543457
func-soft-gn,coherent,baseline,5003,0,0,8,8,0,0,2,3.531238317489624
func-soft-gn,coherent,baseline,5003,0,0,16,16,1,0,6,0.06400155276060104
func-soft-gn,coherent,baseline,5003,0,0,32,32,1,0,6,0.041348084807395935
func-soft-gn,coherent,baseline,5003,0,0,64,64,1,0,5,0.00595963466912508
func-soft-gn,coherent,baseline,5003,0,0,128,128,1,0,6,0.002453397959470749
func-soft-gn,coherent,baseline,5003,0,0,256,256,1,0,6,0.0022762068547308445
func-soft-gn,coherent,baseline,5003,0,0,512,512,1,0,7,0.002186467405408621
func-soft-gn,coherent,baseline,5003,0,0,1024,1024,1,0,7,0.0021155131980776787
func-soft-gn,independent,baseline,5003,0,0,0,0,0,0,0,8.274385452270508
func-soft-gn,independent,baseline,5003,0,0,1,1,0,0,0,8.068927764892578
func-soft-gn,independent,baseline,5003,0,0,2,2,0,0,0,8.02639102935791
func-soft-gn,independent,baseline,5003,0,0,4,4,0,0,0,8.020394325256348
func-soft-gn,independent,baseline,5003,0,0,8,8,0,0,0,7.9777069091796875
func-soft-gn,independent,baseline,5003,0,0,16,16,0,0,0,7.908369541168213
func-soft-gn,independent,baseline,5003,0,0,32,32,0,0,5,4.04838752746582
func-soft-gn,independent,baseline,5003,0,0,64,64,1,0,5,0.5071976184844971
func-soft-gn,independent,baseline,5003,0,0,128,128,1,0,3,0.10082156211137772
func-soft-gn,independent,baseline,5003,0,0,256,256,1,0,4,0.003204918699339032
func-soft-gn,independent,baseline,5003,0,0,512,512,1,0,3,0.0026521370746195316
func-soft-gn,independent,baseline,5003,0,0,1024,1024,1,0,3,0.002569993259385228
func-soft-gn,coherent,baseline,5003,0,1,0,0,0,0,0,7.911166667938232
func-soft-gn,coherent,baseline,5003,0,1,1,1,0,0,0,7.6334381103515625
func-soft-gn,coherent,baseline,5003,0,1,2,2,0,0,1,6.724916458129883
func-soft-gn,coherent,baseline,5003,0,1,4,4,0,0,6,3.9260640144348145
func-soft-gn,coherent,baseline,5003,0,1,8,8,0,0,4,3.8995251655578613
func-soft-gn,coherent,baseline,5003,0,1,16,16,0,0,4,3.800449848175049
func-soft-gn,coherent,baseline,5003,0,1,32,32,0,0,4,2.2430527210235596
func-soft-gn,coherent,baseline,5003,0,1,64,64,1,0,5,0.1981610208749771
func-soft-gn,coherent,baseline,5003,0,1,128,128,1,0,2,0.08180359750986099
func-soft-gn,coherent,baseline,5003,0,1,256,256,1,1,0,0.003834148868918419
func-soft-gn,coherent,baseline,5003,0,1,512,512,1,1,0,0.0030787226278334856
func-soft-gn,coherent,baseline,5003,0,1,1024,1024,1,1,0,0.002983703976497054
func-soft-gn,independent,baseline,5003,0,1,0,0,0,0,0,7.217170715332031
func-soft-gn,independent,baseline,5003,0,1,1,1,0,0,0,6.358057022094727
func-soft-gn,independent,baseline,5003,0,1,2,2,0,0,2,3.7652828693389893
func-soft-gn,independent,baseline,5003,0,1,4,4,0,0,4,0.3909684419631958
func-soft-gn,independent,baseline,5003,0,1,8,8,1,0,2,0.09702640026807785
func-soft-gn,independent,baseline,5003,0,1,16,16,1,0,4,0.08995411545038223
func-soft-gn,independent,baseline,5003,0,1,32,32,1,0,2,0.05560751631855965
func-soft-gn,independent,baseline,5003,0,1,64,64,1,1,0,0.00802222453057766
func-soft-gn,independent,baseline,5003,0,1,128,128,1,1,0,0.0031514246948063374
func-soft-gn,independent,baseline,5003,0,1,256,256,1,1,0,0.0028470316901803017
func-soft-gn,independent,baseline,5003,0,1,512,512,1,0,2,0.002786521799862385
func-soft-gn,independent,baseline,5003,0,1,1024,1024,1,0,1,0.0027276738546788692
func-soft-gn,coherent,baseline,5003,0,2,0,0,0,0,0,8.076787948608398
func-soft-gn,coherent,baseline,5003,0,2,1,1,0,0,0,7.6913042068481445
func-soft-gn,coherent,baseline,5003,0,2,2,2,0,0,0,7.297080039978027
func-soft-gn,coherent,baseline,5003,0,2,4,4,0,0,0,6.584046840667725
func-soft-gn,coherent,baseline,5003,0,2,8,8,0,0,1,4.072706699371338
func-soft-gn,coherent,baseline,5003,0,2,16,16,1,0,6,0.3469284772872925
func-soft-gn,coherent,baseline,5003,0,2,32,32,1,0,2,0.3428592383861542
func-soft-gn,coherent,baseline,5003,0,2,64,64,1,0,2,0.21096286177635193
func-soft-gn,coherent,baseline,5003,0,2,128,128,1,1,0,0.05312874913215637
func-soft-gn,coherent,baseline,5003,0,2,256,256,1,0,3,0.003418895648792386
func-soft-gn,coherent,baseline,5003,0,2,512,512,1,0,4,0.002622541505843401
func-soft-gn,coherent,baseline,5003,0,2,1024,1024,1,0,2,0.0025050092954188585
func-soft-gn,independent,baseline,5003,0,2,0,0,0,0,0,8.203804016113281
func-soft-gn,independent,baseline,5003,0,2,1,1,0,0,0,8.04819107055664
func-soft-gn,independent,baseline,5003,0,2,2,2,0,0,0,7.8874101638793945
func-soft-gn,independent,baseline,5003,0,2,4,4,0,0,0,7.51473331451416
func-soft-gn,independent,baseline,5003,0,2,8,8,0,0,1,6.52156925201416
func-soft-gn,independent,baseline,5003,0,2,16,16,0,0,1,1.9307582378387451
func-soft-gn,independent,baseline,5003,0,2,32,32,0,0,1,1.4012198448181152
func-soft-gn,independent,baseline,5003,0,2,64,64,1,0,2,0.5048311352729797
func-soft-gn,independent,baseline,5003,0,2,128,128,1,0,1,0.028032422065734863
func-soft-gn,independent,baseline,5003,0,2,256,256,1,0,1,0.005186148453503847
func-soft-gn,independent,baseline,5003,0,2,512,512,1,0,2,0.0024525097105652094
func-soft-gn,independent,baseline,5003,0,2,1024,1024,1,0,2,0.0023549399338662624
repr-hard-adam,coherent,baseline,5003,0,0,0,0,0,0,0,7.937211036682129
repr-hard-adam,coherent,baseline,5003,0,0,1,1,0,0,1,4.961050987243652
repr-hard-adam,coherent,baseline,5003,0,0,2,2,0,0,1,4.324053764343262
repr-hard-adam,coherent,baseline,5003,0,0,4,4,0,0,3,4.011589050292969
repr-hard-adam,coherent,baseline,5003,0,0,8,8,0,0,2,3.948455572128296
repr-hard-adam,coherent,baseline,5003,0,0,16,16,0,0,3,3.8906476497650146
repr-hard-adam,coherent,baseline,5003,0,0,32,32,0,0,2,3.9048333168029785
repr-hard-adam,coherent,baseline,5003,0,0,64,64,0,0,2,3.861570119857788
repr-hard-adam,coherent,baseline,5003,0,0,128,128,0,0,2,3.8090388774871826
repr-hard-adam,coherent,baseline,5003,0,0,256,256,0,0,2,3.7734251022338867
repr-hard-adam,coherent,baseline,5003,0,0,512,512,0,0,2,3.827995538711548
repr-hard-adam,coherent,baseline,5003,0,0,1024,1024,0,0,2,3.8686444759368896
repr-hard-adam,independent,baseline,5003,0,0,0,0,0,0,0,8.274385452270508
repr-hard-adam,independent,baseline,5003,0,0,1,1,0,0,0,8.008529663085938
repr-hard-adam,independent,baseline,5003,0,0,2,2,0,0,0,8.011438369750977
repr-hard-adam,independent,baseline,5003,0,0,4,4,0,0,0,8.071371078491211
repr-hard-adam,independent,baseline,5003,0,0,8,8,0,0,0,7.960984230041504
repr-hard-adam,independent,baseline,5003,0,0,16,16,0,0,0,7.770421504974365
repr-hard-adam,independent,baseline,5003,0,0,32,32,0,0,0,7.746755599975586
repr-hard-adam,independent,baseline,5003,0,0,64,64,0,0,0,7.714542865753174
repr-hard-adam,independent,baseline,5003,0,0,128,128,0,0,0,7.712244033813477
repr-hard-adam,independent,baseline,5003,0,0,256,256,0,0,1,7.728791236877441
repr-hard-adam,independent,baseline,5003,0,0,512,512,0,0,0,7.809370994567871
repr-hard-adam,independent,baseline,5003,0,0,1024,1024,0,0,0,7.808363914489746
repr-hard-adam,coherent,baseline,5003,0,1,0,0,0,0,0,7.911166667938232
repr-hard-adam,coherent,baseline,5003,0,1,1,1,0,0,1,7.752881050109863
repr-hard-adam,coherent,baseline,5003,0,1,2,2,0,0,2,7.365765571594238
repr-hard-adam,coherent,baseline,5003,0,1,4,4,0,0,0,7.494256019592285
repr-hard-adam,coherent,baseline,5003,0,1,8,8,0,0,0,7.334915637969971
repr-hard-adam,coherent,baseline,5003,0,1,16,16,0,0,2,5.498221397399902
repr-hard-adam,coherent,baseline,5003,0,1,32,32,0,0,1,4.37691593170166
repr-hard-adam,coherent,baseline,5003,0,1,64,64,0,0,3,4.271589756011963
repr-hard-adam,coherent,baseline,5003,0,1,128,128,0,0,3,3.950246572494507
repr-hard-adam,coherent,baseline,5003,0,1,256,256,0,0,1,3.7564871311187744
repr-hard-adam,coherent,baseline,5003,0,1,512,512,0,0,1,3.7595291137695312
repr-hard-adam,coherent,baseline,5003,0,1,1024,1024,0,0,1,3.4859414100646973
repr-hard-adam,independent,baseline,5003,0,1,0,0,0,0,0,7.217170715332031
repr-hard-adam,independent,baseline,5003,0,1,1,1,0,0,2,4.581472396850586
repr-hard-adam,independent,baseline,5003,0,1,2,2,0,0,2,3.9247186183929443
repr-hard-adam,independent,baseline,5003,0,1,4,4,0,0,3,3.619218111038208
repr-hard-adam,independent,baseline,5003,0,1,8,8,0,0,2,2.904296875
repr-hard-adam,independent,baseline,5003,0,1,16,16,0,0,2,2.43776798248291
repr-hard-adam,independent,baseline,5003,0,1,32,32,0,0,1,1.187127947807312
repr-hard-adam,independent,baseline,5003,0,1,64,64,0,0,2,0.5543299913406372
repr-hard-adam,independent,baseline,5003,0,1,128,128,1,0,2,0.05765173211693764
repr-hard-adam,independent,baseline,5003,0,1,256,256,1,0,2,0.02807258442044258
repr-hard-adam,independent,baseline,5003,0,1,512,512,1,0,4,0.02338636852800846
repr-hard-adam,independent,baseline,5003,0,1,1024,1024,1,0,2,0.018226858228445053
repr-hard-adam,coherent,baseline,5003,0,2,0,0,0,0,0,8.076787948608398
repr-hard-adam,coherent,baseline,5003,0,2,1,1,0,0,0,7.92817497253418
repr-hard-adam,coherent,baseline,5003,0,2,2,2,0,0,0,7.845639228820801
repr-hard-adam,coherent,baseline,5003,0,2,4,4,0,0,0,7.807245254516602
repr-hard-adam,coherent,baseline,5003,0,2,8,8,0,0,0,7.812846660614014
repr-hard-adam,coherent,baseline,5003,0,2,16,16,0,0,0,7.872889041900635
repr-hard-adam,coherent,baseline,5003,0,2,32,32,0,0,0,7.881763935089111
repr-hard-adam,coherent,baseline,5003,0,2,64,64,0,0,0,7.87083625793457
repr-hard-adam,coherent,baseline,5003,0,2,128,128,0,0,0,7.864232063293457
repr-hard-adam,coherent,baseline,5003,0,2,256,256,0,0,0,7.912933349609375
repr-hard-adam,coherent,baseline,5003,0,2,512,512,0,0,0,7.923409461975098
repr-hard-adam,coherent,baseline,5003,0,2,1024,1024,0,0,0,7.944897651672363
repr-hard-adam,independent,baseline,5003,0,2,0,0,0,0,0,8.203804016113281
repr-hard-adam,independent,baseline,5003,0,2,1,1,0,0,0,8.14705753326416
repr-hard-adam,independent,baseline,5003,0,2,2,2,0,0,0,8.113003730773926
repr-hard-adam,independent,baseline,5003,0,2,4,4,0,0,0,8.094244956970215
repr-hard-adam,independent,baseline,5003,0,2,8,8,0,0,0,8.09177017211914
repr-hard-adam,independent,baseline,5003,0,2,16,16,0,0,0,8.107912063598633
repr-hard-adam,independent,baseline,5003,0,2,32,32,0,0,0,8.095890045166016
repr-hard-adam,independent,baseline,5003,0,2,64,64,0,0,0,8.092409133911133
repr-hard-adam,independent,baseline,5003,0,2,128,128,0,0,0,8.080759048461914
repr-hard-adam,independent,baseline,5003,0,2,256,256,0,0,0,8.06104850769043
repr-hard-adam,independent,baseline,5003,0,2,512,512,0,0,0,8.05103874206543
repr-hard-adam,independent,baseline,5003,0,2,1024,1024,0,0,0,8.050724029541016
func-hard-gn,coherent,up-0.25,5003,0,0,0,0,0,0,0,8.278976440429688
func-hard-gn,coherent,up-0.25,5003,0,0,1,1,0,0,0,7.956018447875977
func-hard-gn,coherent,up-0.25,5003,0,0,2,2,0,0,0,7.542732238769531
func-hard-gn,coherent,up-0.25,5003,0,0,4,4,0,0,1,6.290273666381836
func-hard-gn,coherent,up-0.25,5003,0,0,8,8,0,0,2,2.637662887573242
func-hard-gn,coherent,up-0.25,5003,0,0,16,16,1,0,5,0.007441893685609102
func-hard-gn,coherent,up-0.25,5003,0,0,32,32,1,0,3,0.0018852450884878635
func-hard-gn,coherent,up-0.25,5003,0,0,64,64,1,0,3,0.001715796533972025
func-hard-gn,coherent,up-0.25,5003,0,0,128,128,1,0,3,0.001679201959632337
func-hard-gn,coherent,up-0.25,5003,0,0,256,256,1,0,3,0.0016606957651674747
func-hard-gn,coherent,up-0.25,5003,0,0,512,512,1,0,4,0.0016489136032760143
func-hard-gn,coherent,up-0.25,5003,0,0,1024,1024,1,0,4,0.0016397496219724417
func-hard-gn,independent,up-0.25,5003,0,0,0,0,0,0,0,8.563892364501953
func-hard-gn,independent,up-0.25,5003,0,0,1,1,0,0,0,8.425373077392578
func-hard-gn,independent,up-0.25,5003,0,0,2,2,0,0,0,8.24897575378418
func-hard-gn,independent,up-0.25,5003,0,0,4,4,0,0,1,7.62440299987793
func-hard-gn,independent,up-0.25,5003,0,0,8,8,0,0,3,4.104596138000488
func-hard-gn,independent,up-0.25,5003,0,0,16,16,0,0,6,1.0361201763153076
func-hard-gn,independent,up-0.25,5003,0,0,32,32,1,0,3,0.20951807498931885
func-hard-gn,independent,up-0.25,5003,0,0,64,64,1,0,4,0.02282363548874855
func-hard-gn,independent,up-0.25,5003,0,0,128,128,1,0,1,0.0023436476476490498
func-hard-gn,independent,up-0.25,5003,0,0,256,256,1,0,4,0.0018910134676843882
func-hard-gn,independent,up-0.25,5003,0,0,512,512,1,0,5,0.0017993880901485682
func-hard-gn,independent,up-0.25,5003,0,0,1024,1024,1,0,7,0.001764402724802494
func-hard-gn,coherent,up-0.25,5003,0,1,0,0,0,0,0,8.04339599609375
func-hard-gn,coherent,up-0.25,5003,0,1,1,1,0,0,0,6.9785895347595215
func-hard-gn,coherent,up-0.25,5003,0,1,2,2,0,0,0,6.23459005355835
func-hard-gn,coherent,up-0.25,5003,0,1,4,4,0,0,1,3.651989459991455
func-hard-gn,coherent,up-0.25,5003,0,1,8,8,0,0,1,0.943265438079834
func-hard-gn,coherent,up-0.25,5003,0,1,16,16,1,0,2,0.17886678874492645
func-hard-gn,coherent,up-0.25,5003,0,1,32,32,1,0,1,0.0021969908848404884
func-hard-gn,coherent,up-0.25,5003,0,1,64,64,1,0,1,0.0019617495127022266
func-hard-gn,coherent,up-0.25,5003,0,1,128,128,1,0,3,0.0018579973839223385
func-hard-gn,coherent,up-0.25,5003,0,1,256,256,1,0,3,0.0018454440869390965
func-hard-gn,coherent,up-0.25,5003,0,1,512,512,1,0,3,0.0018380072433501482
func-hard-gn,coherent,up-0.25,5003,0,1,1024,1024,1,0,3,0.001832831185311079
func-hard-gn,independent,up-0.25,5003,0,1,0,0,0,0,0,7.838094711303711
func-hard-gn,independent,up-0.25,5003,0,1,1,1,0,0,0,7.449892520904541
func-hard-gn,independent,up-0.25,5003,0,1,2,2,0,0,0,6.626744747161865
func-hard-gn,independent,up-0.25,5003,0,1,4,4,0,0,2,3.379725933074951
func-hard-gn,independent,up-0.25,5003,0,1,8,8,0,0,2,3.258229970932007
func-hard-gn,independent,up-0.25,5003,0,1,16,16,0,0,2,3.165915012359619
func-hard-gn,independent,up-0.25,5003,0,1,32,32,1,0,1,0.11285725235939026
func-hard-gn,independent,up-0.25,5003,0,1,64,64,1,0,2,0.008548794314265251
func-hard-gn,independent,up-0.25,5003,0,1,128,128,1,0,2,0.002540340181440115
func-hard-gn,independent,up-0.25,5003,0,1,256,256,1,0,1,0.0019228432793170214
func-hard-gn,independent,up-0.25,5003,0,1,512,512,1,0,1,0.0019052930874750018
func-hard-gn,independent,up-0.25,5003,0,1,1024,1024,1,0,1,0.0018964880146086216
func-hard-gn,coherent,up-0.25,5003,0,2,0,0,0,0,0,8.877403259277344
func-hard-gn,coherent,up-0.25,5003,0,2,1,1,0,0,0,8.604339599609375
func-hard-gn,coherent,up-0.25,5003,0,2,2,2,0,0,0,8.283242225646973
func-hard-gn,coherent,up-0.25,5003,0,2,4,4,0,0,0,7.896585464477539
func-hard-gn,coherent,up-0.25,5003,0,2,8,8,0,0,0,7.457071304321289
func-hard-gn,coherent,up-0.25,5003,0,2,16,16,0,0,0,7.440851211547852
func-hard-gn,coherent,up-0.25,5003,0,2,32,32,0,0,0,6.901296138763428
func-hard-gn,coherent,up-0.25,5003,0,2,64,64,1,0,4,0.002643343061208725
func-hard-gn,coherent,up-0.25,5003,0,2,128,128,1,0,4,0.0020197462290525436
func-hard-gn,coherent,up-0.25,5003,0,2,256,256,1,0,3,0.0019590724259614944
func-hard-gn,coherent,up-0.25,5003,0,2,512,512,1,0,3,0.0019477102905511856
func-hard-gn,coherent,up-0.25,5003,0,2,1024,1024,1,1,0,0.0019417018629610538
func-hard-gn,independent,up-0.25,5003,0,2,0,0,0,0,0,8.506346702575684
func-hard-gn,independent,up-0.25,5003,0,2,1,1,0,0,0,8.15255355834961
func-hard-gn,independent,up-0.25,5003,0,2,2,2,0,0,0,7.520247459411621
func-hard-gn,independent,up-0.25,5003,0,2,4,4,0,0,0,5.457456111907959
func-hard-gn,independent,up-0.25,5003,0,2,8,8,0,0,0,4.464430809020996
func-hard-gn,independent,up-0.25,5003,0,2,16,16,0,0,0,4.432711124420166
func-hard-gn,independent,up-0.25,5003,0,2,32,32,0,0,2,3.858828544616699
func-hard-gn,independent,up-0.25,5003,0,2,64,64,1,0,4,0.07569774985313416
func-hard-gn,independent,up-0.25,5003,0,2,128,128,1,0,5,0.00340823782607913
func-hard-gn,independent,up-0.25,5003,0,2,256,256,1,0,4,0.0018325196579098701
func-hard-gn,independent,up-0.25,5003,0,2,512,512,1,0,1,0.0018039027927443385
func-hard-gn,independent,up-0.25,5003,0,2,1024,1024,1,1,0,0.001793015282601118
func-soft-adam,coherent,up-0.25,5003,0,0,0,0,0,0,0,8.278976440429688
func-soft-adam,coherent,up-0.25,5003,0,0,1,1,0,0,0,7.98930549621582
func-soft-adam,coherent,up-0.25,5003,0,0,2,2,0,0,0,7.744439125061035
func-soft-adam,coherent,up-0.25,5003,0,0,4,4,0,0,0,7.0651679039001465
func-soft-adam,coherent,up-0.25,5003,0,0,8,8,0,0,1,5.1293535232543945
func-soft-adam,coherent,up-0.25,5003,0,0,16,16,1,0,7,0.015171678736805916
func-soft-adam,coherent,up-0.25,5003,0,0,32,32,1,0,7,0.020015910267829895
func-soft-adam,coherent,up-0.25,5003,0,0,64,64,1,0,5,0.011933211237192154
func-soft-adam,coherent,up-0.25,5003,0,0,128,128,1,0,5,0.003185877576470375
func-soft-adam,coherent,up-0.25,5003,0,0,256,256,1,0,5,0.0023044366389513016
func-soft-adam,coherent,up-0.25,5003,0,0,512,512,1,0,5,0.0020077296067029238
func-soft-adam,coherent,up-0.25,5003,0,0,1024,1024,1,0,5,0.0017832104349508882
func-soft-adam,independent,up-0.25,5003,0,0,0,0,0,0,0,8.563892364501953
func-soft-adam,independent,up-0.25,5003,0,0,1,1,0,0,0,8.414812088012695
func-soft-adam,independent,up-0.25,5003,0,0,2,2,0,0,0,8.290142059326172
func-soft-adam,independent,up-0.25,5003,0,0,4,4,0,0,1,7.997234344482422
func-soft-adam,independent,up-0.25,5003,0,0,8,8,0,0,2,6.723261833190918
func-soft-adam,independent,up-0.25,5003,0,0,16,16,0,0,8,1.0740734338760376
func-soft-adam,independent,up-0.25,5003,0,0,32,32,1,0,3,0.5649124979972839
func-soft-adam,independent,up-0.25,5003,0,0,64,64,1,0,5,0.10791146010160446
func-soft-adam,independent,up-0.25,5003,0,0,128,128,1,0,6,0.015028472989797592
func-soft-adam,independent,up-0.25,5003,0,0,256,256,1,0,6,0.00512553658336401
func-soft-adam,independent,up-0.25,5003,0,0,512,512,1,0,5,0.0027431068010628223
func-soft-adam,independent,up-0.25,5003,0,0,1024,1024,1,0,5,0.0022576535120606422
func-soft-adam,coherent,up-0.25,5003,0,1,0,0,0,0,0,8.04339599609375
func-soft-adam,coherent,up-0.25,5003,0,1,1,1,0,0,0,5.637386322021484
func-soft-adam,coherent,up-0.25,5003,0,1,2,2,0,0,0,1.7767601013183594
func-soft-adam,coherent,up-0.25,5003,0,1,4,4,1,0,4,0.02046993188560009
func-soft-adam,coherent,up-0.25,5003,0,1,8,8,1,0,4,0.01089424081146717
func-soft-adam,coherent,up-0.25,5003,0,1,16,16,1,0,2,0.08260663598775864
func-soft-adam,coherent,up-0.25,5003,0,1,32,32,1,0,3,0.025750871747732162
func-soft-adam,coherent,up-0.25,5003,0,1,64,64,1,0,3,0.013012422248721123
func-soft-adam,coherent,up-0.25,5003,0,1,128,128,1,0,3,0.0058404384180903435
func-soft-adam,coherent,up-0.25,5003,0,1,256,256,1,0,3,0.0031786051113158464
func-soft-adam,coherent,up-0.25,5003,0,1,512,512,1,0,3,0.00229851296171546
func-soft-adam,coherent,up-0.25,5003,0,1,1024,1024,1,0,3,0.0020148707553744316
func-soft-adam,independent,up-0.25,5003,0,1,0,0,0,0,0,7.838094711303711
func-soft-adam,independent,up-0.25,5003,0,1,1,1,0,0,0,6.768945217132568
func-soft-adam,independent,up-0.25,5003,0,1,2,2,0,0,0,4.648111343383789
func-soft-adam,independent,up-0.25,5003,0,1,4,4,0,0,3,3.490671157836914
func-soft-adam,independent,up-0.25,5003,0,1,8,8,0,0,1,3.3730921745300293
func-soft-adam,independent,up-0.25,5003,0,1,16,16,0,0,2,3.2222161293029785
func-soft-adam,independent,up-0.25,5003,0,1,32,32,0,0,1,0.6123769283294678
func-soft-adam,independent,up-0.25,5003,0,1,64,64,1,0,2,0.04064828157424927
func-soft-adam,independent,up-0.25,5003,0,1,128,128,1,0,2,0.013133479282259941
func-soft-adam,independent,up-0.25,5003,0,1,256,256,1,0,3,0.004777783062309027
func-soft-adam,independent,up-0.25,5003,0,1,512,512,1,0,3,0.0027681963983923197
func-soft-adam,independent,up-0.25,5003,0,1,1024,1024,1,0,3,0.002135735470801592
func-soft-adam,coherent,up-0.25,5003,0,2,0,0,0,0,0,8.877403259277344
func-soft-adam,coherent,up-0.25,5003,0,2,1,1,0,0,0,8.554306030273438
func-soft-adam,coherent,up-0.25,5003,0,2,2,2,0,0,2,7.912313461303711
func-soft-adam,coherent,up-0.25,5003,0,2,4,4,0,0,4,4.222080707550049
func-soft-adam,coherent,up-0.25,5003,0,2,8,8,0,0,2,4.079050064086914
func-soft-adam,coherent,up-0.25,5003,0,2,16,16,0,0,3,3.5407471656799316
func-soft-adam,coherent,up-0.25,5003,0,2,32,32,1,0,4,0.1363944262266159
func-soft-adam,coherent,up-0.25,5003,0,2,64,64,1,0,4,0.021927418187260628
func-soft-adam,coherent,up-0.25,5003,0,2,128,128,1,0,4,0.008764049038290977
func-soft-adam,coherent,up-0.25,5003,0,2,256,256,1,0,4,0.004531250335276127
func-soft-adam,coherent,up-0.25,5003,0,2,512,512,1,0,4,0.0028036455623805523
func-soft-adam,coherent,up-0.25,5003,0,2,1024,1024,1,0,4,0.0021915705874562263
func-soft-adam,independent,up-0.25,5003,0,2,0,0,0,0,0,8.506346702575684
func-soft-adam,independent,up-0.25,5003,0,2,1,1,0,0,0,8.088186264038086
func-soft-adam,independent,up-0.25,5003,0,2,2,2,0,0,1,4.444781303405762
func-soft-adam,independent,up-0.25,5003,0,2,4,4,0,0,1,6.158479690551758
func-soft-adam,independent,up-0.25,5003,0,2,8,8,0,0,2,4.358830451965332
func-soft-adam,independent,up-0.25,5003,0,2,16,16,0,0,2,4.309151649475098
func-soft-adam,independent,up-0.25,5003,0,2,32,32,0,0,2,4.090160369873047
func-soft-adam,independent,up-0.25,5003,0,2,64,64,1,0,4,0.05277363583445549
func-soft-adam,independent,up-0.25,5003,0,2,128,128,1,0,4,0.01620481349527836
func-soft-adam,independent,up-0.25,5003,0,2,256,256,1,0,4,0.006848215591162443
func-soft-adam,independent,up-0.25,5003,0,2,512,512,1,0,4,0.003384399926289916
func-soft-adam,independent,up-0.25,5003,0,2,1024,1024,1,0,4,0.0022768652997910976
func-soft-gn,coherent,up-0.25,5003,0,0,0,0,0,0,0,8.278976440429688
func-soft-gn,coherent,up-0.25,5003,0,0,1,1,0,0,0,7.958483695983887
func-soft-gn,coherent,up-0.25,5003,0,0,2,2,0,0,0,7.549722671508789
func-soft-gn,coherent,up-0.25,5003,0,0,4,4,0,0,1,6.321769714355469
func-soft-gn,coherent,up-0.25,5003,0,0,8,8,0,0,7,0.802336573600769
func-soft-gn,coherent,up-0.25,5003,0,0,16,16,1,0,5,0.2191193699836731
func-soft-gn,coherent,up-0.25,5003,0,0,32,32,1,0,4,0.15544234216213226
func-soft-gn,coherent,up-0.25,5003,0,0,64,64,1,0,7,0.0022659231908619404
func-soft-gn,coherent,up-0.25,5003,0,0,128,128,1,0,5,0.001699671265669167
func-soft-gn,coherent,up-0.25,5003,0,0,256,256,1,0,5,0.0016654562205076218
func-soft-gn,coherent,up-0.25,5003,0,0,512,512,1,0,4,0.00165176996961236
func-soft-gn,coherent,up-0.25,5003,0,0,1024,1024,1,0,4,0.001641772803850472
func-soft-gn,independent,up-0.25,5003,0,0,0,0,0,0,0,8.563892364501953
func-soft-gn,independent,up-0.25,5003,0,0,1,1,0,0,0,8.430164337158203
func-soft-gn,independent,up-0.25,5003,0,0,2,2,0,0,0,8.262252807617188
func-soft-gn,independent,up-0.25,5003,0,0,4,4,0,0,1,7.694497585296631
func-soft-gn,independent,up-0.25,5003,0,0,8,8,0,0,7,2.9608702659606934
func-soft-gn,independent,up-0.25,5003,0,0,16,16,0,0,8,0.9881844520568848
func-soft-gn,independent,up-0.25,5003,0,0,32,32,1,0,5,0.27092209458351135
func-soft-gn,independent,up-0.25,5003,0,0,64,64,1,0,7,0.064693883061409
func-soft-gn,independent,up-0.25,5003,0,0,128,128,1,0,7,0.01685602404177189
func-soft-gn,independent,up-0.25,5003,0,0,256,256,1,0,6,0.0018795891664922237
func-soft-gn,independent,up-0.25,5003,0,0,512,512,1,0,7,0.0017853458411991596
func-soft-gn,independent,up-0.25,5003,0,0,1024,1024,1,0,7,0.001768567250110209
func-soft-gn,coherent,up-0.25,5003,0,1,0,0,0,0,0,8.04339599609375
func-soft-gn,coherent,up-0.25,5003,0,1,1,1,0,0,0,6.908658981323242
func-soft-gn,coherent,up-0.25,5003,0,1,2,2,0,0,1,4.479732036590576
func-soft-gn,coherent,up-0.25,5003,0,1,4,4,1,0,4,0.02354864776134491
func-soft-gn,coherent,up-0.25,5003,0,1,8,8,1,0,3,0.021110819652676582
func-soft-gn,coherent,up-0.25,5003,0,1,16,16,1,0,2,0.004748338833451271
func-soft-gn,coherent,up-0.25,5003,0,1,32,32,1,0,2,0.0032864357344806194
func-soft-gn,coherent,up-0.25,5003,0,1,64,64,1,0,1,0.002398294862359762
func-soft-gn,coherent,up-0.25,5003,0,1,128,128,1,0,3,0.001884888275526464
func-soft-gn,coherent,up-0.25,5003,0,1,256,256,1,0,3,0.0018506201449781656
func-soft-gn,coherent,up-0.25,5003,0,1,512,512,1,0,3,0.0018403275171294808
func-soft-gn,coherent,up-0.25,5003,0,1,1024,1024,1,0,3,0.0018339614616706967
func-soft-gn,independent,up-0.25,5003,0,1,0,0,0,0,0,7.838094711303711
func-soft-gn,independent,up-0.25,5003,0,1,1,1,0,0,0,7.457294464111328
func-soft-gn,independent,up-0.25,5003,0,1,2,2,0,0,0,6.663995265960693
func-soft-gn,independent,up-0.25,5003,0,1,4,4,0,0,2,3.48250675201416
func-soft-gn,independent,up-0.25,5003,0,1,8,8,0,0,2,3.3104805946350098
func-soft-gn,independent,up-0.25,5003,0,1,16,16,0,0,2,3.203155755996704
func-soft-gn,independent,up-0.25,5003,0,1,32,32,1,0,1,0.11103126406669617
func-soft-gn,independent,up-0.25,5003,0,1,64,64,1,0,2,0.007381230592727661
func-soft-gn,independent,up-0.25,5003,0,1,128,128,1,0,3,0.0022863568738102913
func-soft-gn,independent,up-0.25,5003,0,1,256,256,1,0,2,0.0019194523338228464
func-soft-gn,independent,up-0.25,5003,0,1,512,512,1,0,2,0.0019019616302102804
func-soft-gn,independent,up-0.25,5003,0,1,1024,1024,1,0,1,0.0018924425821751356
func-soft-gn,coherent,up-0.25,5003,0,2,0,0,0,0,0,8.877403259277344
func-soft-gn,coherent,up-0.25,5003,0,2,1,1,0,0,0,8.606714248657227
func-soft-gn,coherent,up-0.25,5003,0,2,2,2,0,0,0,8.283151626586914
func-soft-gn,coherent,up-0.25,5003,0,2,4,4,0,0,0,4.373910903930664
func-soft-gn,coherent,up-0.25,5003,0,2,8,8,0,0,0,4.230580806732178
func-soft-gn,coherent,up-0.25,5003,0,2,16,16,0,0,0,4.2166008949279785
func-soft-gn,coherent,up-0.25,5003,0,2,32,32,0,0,4,0.39962145686149597
func-soft-gn,coherent,up-0.25,5003,0,2,64,64,1,0,4,0.004059895873069763
func-soft-gn,coherent,up-0.25,5003,0,2,128,128,1,0,4,0.0019737062975764275
func-soft-gn,coherent,up-0.25,5003,0,2,256,256,1,0,3,0.001946580014191568
func-soft-gn,coherent,up-0.25,5003,0,2,512,512,1,0,2,0.001941939815878868
func-soft-gn,coherent,up-0.25,5003,0,2,1024,1024,1,0,1,0.0019383110338822007
func-soft-gn,independent,up-0.25,5003,0,2,0,0,0,0,0,8.506346702575684
func-soft-gn,independent,up-0.25,5003,0,2,1,1,0,0,0,8.148775100708008
func-soft-gn,independent,up-0.25,5003,0,2,2,2,0,0,0,7.501051902770996
func-soft-gn,independent,up-0.25,5003,0,2,4,4,0,0,0,4.465521335601807
func-soft-gn,independent,up-0.25,5003,0,2,8,8,0,0,0,4.478137493133545
func-soft-gn,independent,up-0.25,5003,0,2,16,16,0,0,0,4.469808101654053
func-soft-gn,independent,up-0.25,5003,0,2,32,32,0,0,2,3.962111234664917
func-soft-gn,independent,up-0.25,5003,0,2,64,64,1,0,4,0.011948149651288986
func-soft-gn,independent,up-0.25,5003,0,2,128,128,1,0,4,0.002144117373973131
func-soft-gn,independent,up-0.25,5003,0,2,256,256,1,0,2,0.001824011793360114
func-soft-gn,independent,up-0.25,5003,0,2,512,512,1,1,0,0.0018004521261900663
func-soft-gn,independent,up-0.25,5003,0,2,1024,1024,1,1,0,0.00179140898399055
repr-hard-adam,coherent,up-0.25,5003,0,0,0,0,0,0,0,8.278976440429688
repr-hard-adam,coherent,up-0.25,5003,0,0,1,1,0,0,0,8.139724731445312
repr-hard-adam,coherent,up-0.25,5003,0,0,2,2,0,0,0,8.078100204467773
repr-hard-adam,coherent,up-0.25,5003,0,0,4,4,0,0,0,7.987526893615723
repr-hard-adam,coherent,up-0.25,5003,0,0,8,8,0,0,0,7.963443279266357
repr-hard-adam,coherent,up-0.25,5003,0,0,16,16,0,0,0,7.8789825439453125
repr-hard-adam,coherent,up-0.25,5003,0,0,32,32,0,0,0,7.817868232727051
repr-hard-adam,coherent,up-0.25,5003,0,0,64,64,0,0,0,7.639077186584473
repr-hard-adam,coherent,up-0.25,5003,0,0,128,128,0,0,0,7.5430908203125
repr-hard-adam,coherent,up-0.25,5003,0,0,256,256,0,0,1,7.472447395324707
repr-hard-adam,coherent,up-0.25,5003,0,0,512,512,0,0,1,7.517838478088379
repr-hard-adam,coherent,up-0.25,5003,0,0,1024,1024,0,0,1,7.612008571624756
repr-hard-adam,independent,up-0.25,5003,0,0,0,0,0,0,0,8.563892364501953
repr-hard-adam,independent,up-0.25,5003,0,0,1,1,0,0,0,8.492349624633789
repr-hard-adam,independent,up-0.25,5003,0,0,2,2,0,0,0,8.451167106628418
repr-hard-adam,independent,up-0.25,5003,0,0,4,4,0,0,0,8.383219718933105
repr-hard-adam,independent,up-0.25,5003,0,0,8,8,0,0,0,8.313371658325195
repr-hard-adam,independent,up-0.25,5003,0,0,16,16,0,0,0,8.207505226135254
repr-hard-adam,independent,up-0.25,5003,0,0,32,32,0,0,1,8.055763244628906
repr-hard-adam,independent,up-0.25,5003,0,0,64,64,0,0,0,7.065497398376465
repr-hard-adam,independent,up-0.25,5003,0,0,128,128,0,0,1,4.877434253692627
repr-hard-adam,independent,up-0.25,5003,0,0,256,256,0,0,1,4.344587326049805
repr-hard-adam,independent,up-0.25,5003,0,0,512,512,0,0,2,4.123937129974365
repr-hard-adam,independent,up-0.25,5003,0,0,1024,1024,0,0,3,4.545071601867676
repr-hard-adam,coherent,up-0.25,5003,0,1,0,0,0,0,0,8.04339599609375
repr-hard-adam,coherent,up-0.25,5003,0,1,1,1,0,0,0,5.637386322021484
repr-hard-adam,coherent,up-0.25,5003,0,1,2,2,0,0,0,4.372354507446289
repr-hard-adam,coherent,up-0.25,5003,0,1,4,4,0,0,0,2.8117966651916504
repr-hard-adam,coherent,up-0.25,5003,0,1,8,8,0,0,1,1.3392162322998047
repr-hard-adam,coherent,up-0.25,5003,0,1,16,16,1,0,1,0.3131084144115448
repr-hard-adam,coherent,up-0.25,5003,0,1,32,32,1,0,1,0.08045760542154312
repr-hard-adam,coherent,up-0.25,5003,0,1,64,64,1,0,1,0.025508755818009377
repr-hard-adam,coherent,up-0.25,5003,0,1,128,128,1,0,1,0.017283452674746513
repr-hard-adam,coherent,up-0.25,5003,0,1,256,256,1,0,1,0.01066968310624361
repr-hard-adam,coherent,up-0.25,5003,0,1,512,512,1,0,1,0.006862429901957512
repr-hard-adam,coherent,up-0.25,5003,0,1,1024,1024,1,0,1,0.004301050677895546
repr-hard-adam,independent,up-0.25,5003,0,1,0,0,0,0,0,7.838094711303711
repr-hard-adam,independent,up-0.25,5003,0,1,1,1,0,0,0,6.768945217132568
repr-hard-adam,independent,up-0.25,5003,0,1,2,2,0,0,0,6.0406012535095215
repr-hard-adam,independent,up-0.25,5003,0,1,4,4,0,0,0,5.007932662963867
repr-hard-adam,independent,up-0.25,5003,0,1,8,8,0,0,0,3.9368724822998047
repr-hard-adam,independent,up-0.25,5003,0,1,16,16,0,0,1,3.425753355026245
repr-hard-adam,independent,up-0.25,5003,0,1,32,32,0,0,1,3.32596492767334
repr-hard-adam,independent,up-0.25,5003,0,1,64,64,0,0,1,3.248417854309082
repr-hard-adam,independent,up-0.25,5003,0,1,128,128,0,0,1,3.1483495235443115
repr-hard-adam,independent,up-0.25,5003,0,1,256,256,0,0,1,3.085381031036377
repr-hard-adam,independent,up-0.25,5003,0,1,512,512,1,1,0,0.08396507799625397
repr-hard-adam,independent,up-0.25,5003,0,1,1024,1024,1,1,0,0.1222798228263855
repr-hard-adam,coherent,up-0.25,5003,0,2,0,0,0,0,0,8.877403259277344
repr-hard-adam,coherent,up-0.25,5003,0,2,1,1,0,0,0,8.554306030273438
repr-hard-adam,coherent,up-0.25,5003,0,2,2,2,0,0,1,8.414568901062012
repr-hard-adam,coherent,up-0.25,5003,0,2,4,4,0,0,1,7.534462928771973
repr-hard-adam,coherent,up-0.25,5003,0,2,8,8,0,0,0,8.563940048217773
repr-hard-adam,coherent,up-0.25,5003,0,2,16,16,0,0,0,8.627153396606445
repr-hard-adam,coherent,up-0.25,5003,0,2,32,32,0,0,0,8.48351764678955
repr-hard-adam,coherent,up-0.25,5003,0,2,64,64,0,0,0,8.019237518310547
repr-hard-adam,coherent,up-0.25,5003,0,2,128,128,0,0,0,4.306160926818848
repr-hard-adam,coherent,up-0.25,5003,0,2,256,256,0,0,1,4.25481653213501
repr-hard-adam,coherent,up-0.25,5003,0,2,512,512,0,0,0,4.264516353607178
repr-hard-adam,coherent,up-0.25,5003,0,2,1024,1024,0,0,0,4.28419828414917
repr-hard-adam,independent,up-0.25,5003,0,2,0,0,0,0,0,8.506346702575684
repr-hard-adam,independent,up-0.25,5003,0,2,1,1,0,0,0,8.088186264038086
repr-hard-adam,independent,up-0.25,5003,0,2,2,2,0,0,0,7.741799354553223
repr-hard-adam,independent,up-0.25,5003,0,2,4,4,0,0,1,4.477789402008057
repr-hard-adam,independent,up-0.25,5003,0,2,8,8,0,0,2,4.502024173736572
repr-hard-adam,independent,up-0.25,5003,0,2,16,16,0,0,2,4.4673075675964355
repr-hard-adam,independent,up-0.25,5003,0,2,32,32,0,0,2,4.398258686065674
repr-hard-adam,independent,up-0.25,5003,0,2,64,64,0,0,2,4.3883891105651855
repr-hard-adam,independent,up-0.25,5003,0,2,128,128,0,0,0,4.312387943267822
repr-hard-adam,independent,up-0.25,5003,0,2,256,256,0,0,0,4.388068199157715
repr-hard-adam,independent,up-0.25,5003,0,2,512,512,0,0,1,4.38784122467041
repr-hard-adam,independent,up-0.25,5003,0,2,1024,1024,0,0,0,4.830482482910156
func-hard-gn,coherent,baseline,5003,1,0,0,0,0,0,0,8.992323875427246
func-hard-gn,coherent,baseline,5003,1,0,1,1,0,0,0,8.086017608642578
func-hard-gn,coherent,baseline,5003,1,0,2,2,0,0,0,6.545079231262207
func-hard-gn,coherent,baseline,5003,1,0,4,4,0,0,1,2.0530900955200195
func-hard-gn,coherent,baseline,5003,1,0,8,8,0,0,2,0.9868311882019043
func-hard-gn,coherent,baseline,5003,1,0,16,16,1,0,6,0.028313107788562775
func-hard-gn,coherent,baseline,5003,1,0,32,32,1,0,5,0.0073365503922104836
func-hard-gn,coherent,baseline,5003,1,0,64,64,1,0,2,0.0025845954660326242
func-hard-gn,coherent,baseline,5003,1,0,128,128,1,0,1,0.001210909802466631
func-hard-gn,coherent,baseline,5003,1,0,256,256,1,1,0,0.0011739394394680858
func-hard-gn,coherent,baseline,5003,1,0,512,512,1,1,0,0.0011724510695785284
func-hard-gn,coherent,baseline,5003,1,0,1024,1024,1,1,0,0.001171438954770565
func-hard-gn,independent,baseline,5003,1,0,0,0,0,0,0,8.570858001708984
func-hard-gn,independent,baseline,5003,1,0,1,1,0,0,0,8.19912052154541
func-hard-gn,independent,baseline,5003,1,0,2,2,0,0,0,7.566634654998779
func-hard-gn,independent,baseline,5003,1,0,4,4,0,0,1,5.498628616333008
func-hard-gn,independent,baseline,5003,1,0,8,8,0,0,8,3.632561206817627
func-hard-gn,independent,baseline,5003,1,0,16,16,1,0,2,0.5408869385719299
func-hard-gn,independent,baseline,5003,1,0,32,32,1,0,3,0.051345422863960266
func-hard-gn,independent,baseline,5003,1,0,64,64,1,1,0,0.0032497947104275227
func-hard-gn,independent,baseline,5003,1,0,128,128,1,0,1,0.0013315126998350024
func-hard-gn,independent,baseline,5003,1,0,256,256,1,0,3,0.0012757948134094477
func-hard-gn,independent,baseline,5003,1,0,512,512,1,0,6,0.001258472097106278
func-hard-gn,independent,baseline,5003,1,0,1024,1024,1,0,6,0.0012481736484915018
func-hard-gn,coherent,baseline,5003,1,1,0,0,0,0,0,8.567691802978516
func-hard-gn,coherent,baseline,5003,1,1,1,1,0,0,0,7.785728454589844
func-hard-gn,coherent,baseline,5003,1,1,2,2,0,0,0,6.578261852264404
func-hard-gn,coherent,baseline,5003,1,1,4,4,0,0,0,2.5100419521331787
func-hard-gn,coherent,baseline,5003,1,1,8,8,0,0,1,0.47926145792007446
func-hard-gn,coherent,baseline,5003,1,1,16,16,1,0,3,0.030359111726284027
func-hard-gn,coherent,baseline,5003,1,1,32,32,1,0,1,0.0026683162432163954
func-hard-gn,coherent,baseline,5003,1,1,64,64,1,0,1,0.0014989457558840513
func-hard-gn,coherent,baseline,5003,1,1,128,128,1,0,1,0.0013186577707529068
func-hard-gn,coherent,baseline,5003,1,1,256,256,1,0,1,0.0013177054934203625
func-hard-gn,coherent,baseline,5003,1,1,512,512,1,0,1,0.001316931564360857
func-hard-gn,coherent,baseline,5003,1,1,1024,1024,1,0,1,0.0013161576353013515
func-hard-gn,independent,baseline,5003,1,1,0,0,0,0,0,8.701919555664062
func-hard-gn,independent,baseline,5003,1,1,1,1,0,0,0,8.048429489135742
func-hard-gn,independent,baseline,5003,1,1,2,2,0,0,0,7.160238265991211
func-hard-gn,independent,baseline,5003,1,1,4,4,0,0,0,4.182425022125244
func-hard-gn,independent,baseline,5003,1,1,8,8,0,0,1,2.1252028942108154
func-hard-gn,independent,baseline,5003,1,1,16,16,0,0,1,1.215722680091858
func-hard-gn,independent,baseline,5003,1,1,32,32,1,0,3,0.025917554274201393
func-hard-gn,independent,baseline,5003,1,1,64,64,1,0,3,0.014880403876304626
func-hard-gn,independent,baseline,5003,1,1,128,128,1,0,3,0.0016280263662338257
func-hard-gn,independent,baseline,5003,1,1,256,256,1,0,2,0.001369015546515584
func-hard-gn,independent,baseline,5003,1,1,512,512,1,0,2,0.0013391345273703337
func-hard-gn,independent,baseline,5003,1,1,1024,1024,1,0,2,0.0013333011884242296
func-hard-gn,coherent,baseline,5003,1,2,0,0,0,0,0,8.20718765258789
func-hard-gn,coherent,baseline,5003,1,2,1,1,0,0,0,7.562762260437012
func-hard-gn,coherent,baseline,5003,1,2,2,2,0,0,0,6.697177410125732
func-hard-gn,coherent,baseline,5003,1,2,4,4,0,0,0,4.412437438964844
func-hard-gn,coherent,baseline,5003,1,2,8,8,0,0,1,2.827786684036255
func-hard-gn,coherent,baseline,5003,1,2,16,16,0,0,2,2.3946590423583984
func-hard-gn,coherent,baseline,5003,1,2,32,32,0,0,0,1.1951826810836792
func-hard-gn,coherent,baseline,5003,1,2,64,64,1,1,0,0.023951973766088486
func-hard-gn,coherent,baseline,5003,1,2,128,128,1,1,0,0.0018002144061028957
func-hard-gn,coherent,baseline,5003,1,2,256,256,1,1,0,0.0013535990146920085
func-hard-gn,coherent,baseline,5003,1,2,512,512,1,1,0,0.0013307415647432208
func-hard-gn,coherent,baseline,5003,1,2,1024,1024,1,1,0,0.0013269318733364344
func-hard-gn,independent,baseline,5003,1,2,0,0,0,0,0,8.410100936889648
func-hard-gn,independent,baseline,5003,1,2,1,1,0,0,0,7.926074981689453
func-hard-gn,independent,baseline,5003,1,2,2,2,0,0,0,7.253172874450684
func-hard-gn,independent,baseline,5003,1,2,4,4,0,0,0,5.402248859405518
func-hard-gn,independent,baseline,5003,1,2,8,8,0,0,0,2.031719207763672
func-hard-gn,independent,baseline,5003,1,2,16,16,0,0,0,0.5954458713531494
func-hard-gn,independent,baseline,5003,1,2,32,32,1,1,0,0.07247540354728699
func-hard-gn,independent,baseline,5003,1,2,64,64,1,1,0,0.050986841320991516
func-hard-gn,independent,baseline,5003,1,2,128,128,1,0,2,0.0067647360265254974
func-hard-gn,independent,baseline,5003,1,2,256,256,1,0,4,0.0013214542996138334
func-hard-gn,independent,baseline,5003,1,2,512,512,1,1,0,0.0012699612416327
func-hard-gn,independent,baseline,5003,1,2,1024,1024,1,1,0,0.0012609129771590233
func-soft-adam,coherent,baseline,5003,1,0,0,0,0,0,0,8.992323875427246
func-soft-adam,coherent,baseline,5003,1,0,1,1,0,0,0,7.906116008758545
func-soft-adam,coherent,baseline,5003,1,0,2,2,0,0,0,6.424063682556152
func-soft-adam,coherent,baseline,5003,1,0,4,4,0,0,0,2.951301336288452
func-soft-adam,coherent,baseline,5003,1,0,8,8,1,0,10,0.03690831735730171
func-soft-adam,coherent,baseline,5003,1,0,16,16,1,0,4,0.44037064909935
func-soft-adam,coherent,baseline,5003,1,0,32,32,1,0,8,0.05428691953420639
func-soft-adam,coherent,baseline,5003,1,0,64,64,1,0,3,0.030665231868624687
func-soft-adam,coherent,baseline,5003,1,0,128,128,1,0,3,0.00472954660654068
func-soft-adam,coherent,baseline,5003,1,0,256,256,1,0,3,0.0023177023977041245
func-soft-adam,coherent,baseline,5003,1,0,512,512,1,0,2,0.0015869643539190292
func-soft-adam,coherent,baseline,5003,1,0,1024,1024,1,0,1,0.0013120502699166536
func-soft-adam,independent,baseline,5003,1,0,0,0,0,0,0,8.570858001708984
func-soft-adam,independent,baseline,5003,1,0,1,1,0,0,0,8.086788177490234
func-soft-adam,independent,baseline,5003,1,0,2,2,0,0,0,7.321523666381836
func-soft-adam,independent,baseline,5003,1,0,4,4,0,0,2,4.440551280975342
func-soft-adam,independent,baseline,5003,1,0,8,8,1,0,10,0.07738836109638214
func-soft-adam,independent,baseline,5003,1,0,16,16,0,0,5,0.5808396339416504
func-soft-adam,independent,baseline,5003,1,0,32,32,1,0,8,0.10117508471012115
func-soft-adam,independent,baseline,5003,1,0,64,64,1,0,6,0.015880735591053963
func-soft-adam,independent,baseline,5003,1,0,128,128,1,0,6,0.004527992568910122
func-soft-adam,independent,baseline,5003,1,0,256,256,1,0,5,0.00232735020108521
func-soft-adam,independent,baseline,5003,1,0,512,512,1,0,5,0.0016614862252026796
func-soft-adam,independent,baseline,5003,1,0,1024,1024,1,0,2,0.0014057913795113564
func-soft-adam,coherent,baseline,5003,1,1,0,0,0,0,0,8.567691802978516
func-soft-adam,coherent,baseline,5003,1,1,1,1,0,0,0,7.328214168548584
func-soft-adam,coherent,baseline,5003,1,1,2,2,0,0,0,5.1393890380859375
func-soft-adam,coherent,baseline,5003,1,1,4,4,0,0,4,0.5597153902053833
func-soft-adam,coherent,baseline,5003,1,1,8,8,1,0,8,0.056195855140686035
func-soft-adam,coherent,baseline,5003,1,1,16,16,0,0,3,0.7583017349243164
func-soft-adam,coherent,baseline,5003,1,1,32,32,1,0,3,0.24028156697750092
func-soft-adam,coherent,baseline,5003,1,1,64,64,1,0,3,0.02735452726483345
func-soft-adam,coherent,baseline,5003,1,1,128,128,1,0,1,0.004605734720826149
func-soft-adam,coherent,baseline,5003,1,1,256,256,1,0,1,0.002298326464369893
func-soft-adam,coherent,baseline,5003,1,1,512,512,1,0,1,0.0015860657440498471
func-soft-adam,coherent,baseline,5003,1,1,1024,1024,1,0,1,0.0014053832273930311
func-soft-adam,independent,baseline,5003,1,1,0,0,0,0,0,8.701919555664062
func-soft-adam,independent,baseline,5003,1,1,1,1,0,0,0,7.787621021270752
func-soft-adam,independent,baseline,5003,1,1,2,2,0,0,0,6.569247245788574
func-soft-adam,independent,baseline,5003,1,1,4,4,0,0,0,4.084414482116699
func-soft-adam,independent,baseline,5003,1,1,8,8,0,0,6,3.2061104774475098
func-soft-adam,independent,baseline,5003,1,1,16,16,0,0,0,2.376207113265991
func-soft-adam,independent,baseline,5003,1,1,32,32,0,0,1,0.9173612594604492
func-soft-adam,independent,baseline,5003,1,1,64,64,1,0,3,0.32119178771972656
func-soft-adam,independent,baseline,5003,1,1,128,128,1,0,2,0.007313073612749577
func-soft-adam,independent,baseline,5003,1,1,256,256,1,0,2,0.0017740650800988078
func-soft-adam,independent,baseline,5003,1,1,512,512,1,0,2,0.0014596623368561268
func-soft-adam,independent,baseline,5003,1,1,1024,1024,1,0,2,0.0013865745859220624
func-soft-adam,coherent,baseline,5003,1,2,0,0,0,0,0,8.20718765258789
func-soft-adam,coherent,baseline,5003,1,2,1,1,0,0,0,7.518255233764648
func-soft-adam,coherent,baseline,5003,1,2,2,2,0,0,0,6.570891380310059
func-soft-adam,coherent,baseline,5003,1,2,4,4,0,0,0,3.4392199516296387
func-soft-adam,coherent,baseline,5003,1,2,8,8,1,0,5,0.06919628381729126
func-soft-adam,coherent,baseline,5003,1,2,16,16,0,0,0,0.658846914768219
func-soft-adam,coherent,baseline,5003,1,2,32,32,1,1,0,0.24733516573905945
func-soft-adam,coherent,baseline,5003,1,2,64,64,1,1,0,0.09384448081254959
func-soft-adam,coherent,baseline,5003,1,2,128,128,1,1,0,0.058267220854759216
func-soft-adam,coherent,baseline,5003,1,2,256,256,1,1,0,0.0026204753667116165
func-soft-adam,coherent,baseline,5003,1,2,512,512,1,0,1,0.0015819636173546314
func-soft-adam,coherent,baseline,5003,1,2,1024,1024,1,1,0,0.0013693131040781736
func-soft-adam,independent,baseline,5003,1,2,0,0,0,0,0,8.410100936889648
func-soft-adam,independent,baseline,5003,1,2,1,1,0,0,0,7.688046455383301
func-soft-adam,independent,baseline,5003,1,2,2,2,0,0,0,6.522189140319824
func-soft-adam,independent,baseline,5003,1,2,4,4,0,0,3,2.8103654384613037
func-soft-adam,independent,baseline,5003,1,2,8,8,0,0,1,0.9698745608329773
func-soft-adam,independent,baseline,5003,1,2,16,16,1,0,0,0.776942789554596
func-soft-adam,independent,baseline,5003,1,2,32,32,1,1,0,0.3154613971710205
func-soft-adam,independent,baseline,5003,1,2,64,64,1,1,0,0.13706305623054504
func-soft-adam,independent,baseline,5003,1,2,128,128,1,1,0,0.012890942394733429
func-soft-adam,independent,baseline,5003,1,2,256,256,1,1,0,0.0020274664275348186
func-soft-adam,independent,baseline,5003,1,2,512,512,1,1,0,0.0014346508542075753
func-soft-adam,independent,baseline,5003,1,2,1024,1024,1,1,0,0.001314009539783001
func-soft-gn,coherent,baseline,5003,1,0,0,0,0,0,0,8.992323875427246
func-soft-gn,coherent,baseline,5003,1,0,1,1,0,0,0,8.12091064453125
func-soft-gn,coherent,baseline,5003,1,0,2,2,0,0,0,6.6523895263671875
func-soft-gn,coherent,baseline,5003,1,0,4,4,0,0,4,0.5713318586349487
func-soft-gn,coherent,baseline,5003,1,0,8,8,0,0,2,0.7795501947402954
func-soft-gn,coherent,baseline,5003,1,0,16,16,1,0,2,0.36135315895080566
func-soft-gn,coherent,baseline,5003,1,0,32,32,1,0,4,0.008448117412626743
func-soft-gn,coherent,baseline,5003,1,0,64,64,1,0,5,0.0014262751210480928
func-soft-gn,coherent,baseline,5003,1,0,128,128,1,0,2,0.0011847151909023523
func-soft-gn,coherent,baseline,5003,1,0,256,256,1,0,1,0.0011753682047128677
func-soft-gn,coherent,baseline,5003,1,0,512,512,1,1,0,0.0011738203465938568
func-soft-gn,coherent,baseline,5003,1,0,1024,1024,1,1,0,0.001172748627141118
func-soft-gn,independent,baseline,5003,1,0,0,0,0,0,0,8.570858001708984
func-soft-gn,independent,baseline,5003,1,0,1,1,0,0,0,8.223370552062988
func-soft-gn,independent,baseline,5003,1,0,2,2,0,0,0,7.656851768493652
func-soft-gn,independent,baseline,5003,1,0,4,4,0,0,2,4.47445011138916
func-soft-gn,independent,baseline,5003,1,0,8,8,0,0,1,4.206421852111816
func-soft-gn,independent,baseline,5003,1,0,16,16,0,0,1,2.8250041007995605
func-soft-gn,independent,baseline,5003,1,0,32,32,1,0,7,0.12078242748975754
func-soft-gn,independent,baseline,5003,1,0,64,64,1,0,4,0.0035512270405888557
func-soft-gn,independent,baseline,5003,1,0,128,128,1,0,2,0.0012954981066286564
func-soft-gn,independent,baseline,5003,1,0,256,256,1,0,3,0.0012617461616173387
func-soft-gn,independent,baseline,5003,1,0,512,512,1,0,3,0.0012557337759062648
func-soft-gn,independent,baseline,5003,1,0,1024,1024,1,0,3,0.00125198345631361
func-soft-gn,coherent,baseline,5003,1,1,0,0,0,0,0,8.567691802978516
func-soft-gn,coherent,baseline,5003,1,1,1,1,0,0,0,7.750640869140625
func-soft-gn,coherent,baseline,5003,1,1,2,2,0,0,0,6.4890594482421875
func-soft-gn,coherent,baseline,5003,1,1,4,4,0,0,2,0.8674091100692749
func-soft-gn,coherent,baseline,5003,1,1,8,8,1,0,1,0.400178998708725
func-soft-gn,coherent,baseline,5003,1,1,16,16,1,0,1,0.34487372636795044
func-soft-gn,coherent,baseline,5003,1,1,32,32,1,0,1,0.005919457413256168
func-soft-gn,coherent,baseline,5003,1,1,64,64,1,0,2,0.005499937571585178
func-soft-gn,coherent,baseline,5003,1,1,128,128,1,1,0,0.0013350272784009576
func-soft-gn,coherent,baseline,5003,1,1,256,256,1,1,0,0.0013189554447308183
func-soft-gn,coherent,baseline,5003,1,1,512,512,1,0,1,0.0013177053770050406
func-soft-gn,coherent,baseline,5003,1,1,1024,1024,1,0,1,0.001316693378612399
func-soft-gn,independent,baseline,5003,1,1,0,0,0,0,0,8.701919555664062
func-soft-gn,independent,baseline,5003,1,1,1,1,0,0,0,8.071088790893555
func-soft-gn,independent,baseline,5003,1,1,2,2,0,0,0,7.221210479736328
func-soft-gn,independent,baseline,5003,1,1,4,4,0,0,0,4.4720563888549805
func-soft-gn,independent,baseline,5003,1,1,8,8,0,0,4,0.9567338228225708
func-soft-gn,independent,baseline,5003,1,1,16,16,0,0,3,0.6276517510414124
func-soft-gn,independent,baseline,5003,1,1,32,32,1,0,3,0.23102250695228577
func-soft-gn,independent,baseline,5003,1,1,64,64,1,0,3,0.03471742197871208
func-soft-gn,independent,baseline,5003,1,1,128,128,1,0,3,0.002770820166915655
func-soft-gn,independent,baseline,5003,1,1,256,256,1,0,2,0.0014281189069151878
func-soft-gn,independent,baseline,5003,1,1,512,512,1,0,2,0.0013783604372292757
func-soft-gn,independent,baseline,5003,1,1,1024,1024,1,0,2,0.0013578847283497453
func-soft-gn,coherent,baseline,5003,1,2,0,0,0,0,0,8.20718765258789
func-soft-gn,coherent,baseline,5003,1,2,1,1,0,0,0,7.583554267883301
func-soft-gn,coherent,baseline,5003,1,2,2,2,0,0,0,6.748392581939697
func-soft-gn,coherent,baseline,5003,1,2,4,4,0,0,0,3.483152389526367
func-soft-gn,coherent,baseline,5003,1,2,8,8,1,0,3,0.16267219185829163
func-soft-gn,coherent,baseline,5003,1,2,16,16,1,0,0,0.1917659342288971
func-soft-gn,coherent,baseline,5003,1,2,32,32,1,1,0,0.028273887932300568
func-soft-gn,coherent,baseline,5003,1,2,64,64,1,1,0,0.006913588847965002
func-soft-gn,coherent,baseline,5003,1,2,128,128,1,1,0,0.001604568911716342
func-soft-gn,coherent,baseline,5003,1,2,256,256,1,1,0,0.0013405035715550184
func-soft-gn,coherent,baseline,5003,1,2,512,512,1,1,0,0.0013298486592248082
func-soft-gn,coherent,baseline,5003,1,2,1024,1024,1,1,0,0.0013265747111290693
func-soft-gn,independent,baseline,5003,1,2,0,0,0,0,0,8.410100936889648
func-soft-gn,independent,baseline,5003,1,2,1,1,0,0,0,7.9517903327941895
func-soft-gn,independent,baseline,5003,1,2,2,2,0,0,0,7.325929164886475
func-soft-gn,independent,baseline,5003,1,2,4,4,0,0,0,4.805296897888184
func-soft-gn,independent,baseline,5003,1,2,8,8,1,0,1,0.3230346143245697
func-soft-gn,independent,baseline,5003,1,2,16,16,1,0,0,0.17460381984710693
func-soft-gn,independent,baseline,5003,1,2,32,32,1,1,0,0.1028871163725853
func-soft-gn,independent,baseline,5003,1,2,64,64,1,1,0,0.06193391978740692
func-soft-gn,independent,baseline,5003,1,2,128,128,1,1,0,0.009391727857291698
func-soft-gn,independent,baseline,5003,1,2,256,256,1,0,2,0.0013473471626639366
func-soft-gn,independent,baseline,5003,1,2,512,512,1,1,0,0.0012701991945505142
func-soft-gn,independent,baseline,5003,1,2,1024,1024,1,1,0,0.00126132951118052
repr-hard-adam,coherent,baseline,5003,1,0,0,0,0,0,0,8.992323875427246
repr-hard-adam,coherent,baseline,5003,1,0,1,1,0,0,0,7.906116008758545
repr-hard-adam,coherent,baseline,5003,1,0,2,2,0,0,0,7.4225969314575195
repr-hard-adam,coherent,baseline,5003,1,0,4,4,0,0,0,7.035215377807617
repr-hard-adam,coherent,baseline,5003,1,0,8,8,0,0,0,6.0673828125
repr-hard-adam,coherent,baseline,5003,1,0,16,16,0,0,0,4.960794925689697
repr-hard-adam,coherent,baseline,5003,1,0,32,32,0,0,1,4.770763874053955
repr-hard-adam,coherent,baseline,5003,1,0,64,64,0,0,1,6.6671600341796875
repr-hard-adam,coherent,baseline,5003,1,0,128,128,0,0,0,6.742502212524414
repr-hard-adam,coherent,baseline,5003,1,0,256,256,0,0,0,4.931014060974121
repr-hard-adam,coherent,baseline,5003,1,0,512,512,0,0,0,2.0517218112945557
repr-hard-adam,coherent,baseline,5003,1,0,1024,1024,0,0,0,1.5306040048599243
repr-hard-adam,independent,baseline,5003,1,0,0,0,0,0,0,8.570858001708984
repr-hard-adam,independent,baseline,5003,1,0,1,1,0,0,0,8.086788177490234
repr-hard-adam,independent,baseline,5003,1,0,2,2,0,0,0,7.823625564575195
repr-hard-adam,independent,baseline,5003,1,0,4,4,0,0,0,7.374335289001465
repr-hard-adam,independent,baseline,5003,1,0,8,8,0,0,0,6.832577705383301
repr-hard-adam,independent,baseline,5003,1,0,16,16,0,0,1,2.883042812347412
repr-hard-adam,independent,baseline,5003,1,0,32,32,0,0,2,2.257270097732544
repr-hard-adam,independent,baseline,5003,1,0,64,64,0,0,2,5.19148063659668
repr-hard-adam,independent,baseline,5003,1,0,128,128,0,0,0,7.604729652404785
repr-hard-adam,independent,baseline,5003,1,0,256,256,0,0,1,7.118091106414795
repr-hard-adam,independent,baseline,5003,1,0,512,512,0,0,1,6.965305328369141
repr-hard-adam,independent,baseline,5003,1,0,1024,1024,0,0,1,5.999160289764404
repr-hard-adam,coherent,baseline,5003,1,1,0,0,0,0,0,8.567691802978516
repr-hard-adam,coherent,baseline,5003,1,1,1,1,0,0,0,8.051002502441406
repr-hard-adam,coherent,baseline,5003,1,1,2,2,0,0,0,7.7850341796875
repr-hard-adam,coherent,baseline,5003,1,1,4,4,0,0,0,7.669803619384766
repr-hard-adam,coherent,baseline,5003,1,1,8,8,0,0,0,7.627624988555908
repr-hard-adam,coherent,baseline,5003,1,1,16,16,0,0,0,7.694636344909668
repr-hard-adam,coherent,baseline,5003,1,1,32,32,0,0,0,7.916019439697266
repr-hard-adam,coherent,baseline,5003,1,1,64,64,0,0,0,8.108576774597168
repr-hard-adam,coherent,baseline,5003,1,1,128,128,0,0,0,8.17496395111084
repr-hard-adam,coherent,baseline,5003,1,1,256,256,0,0,0,7.9684858322143555
repr-hard-adam,coherent,baseline,5003,1,1,512,512,0,0,0,7.736824035644531
repr-hard-adam,coherent,baseline,5003,1,1,1024,1024,0,0,0,7.409908294677734
repr-hard-adam,independent,baseline,5003,1,1,0,0,0,0,0,8.701919555664062
repr-hard-adam,independent,baseline,5003,1,1,1,1,0,0,0,8.292396545410156
repr-hard-adam,independent,baseline,5003,1,1,2,2,0,0,0,8.060823440551758
repr-hard-adam,independent,baseline,5003,1,1,4,4,0,0,0,7.895606994628906
repr-hard-adam,independent,baseline,5003,1,1,8,8,0,0,0,7.841712474822998
repr-hard-adam,independent,baseline,5003,1,1,16,16,0,0,0,7.89345645904541
repr-hard-adam,independent,baseline,5003,1,1,32,32,0,0,0,7.998353481292725
repr-hard-adam,independent,baseline,5003,1,1,64,64,0,0,0,8.077622413635254
repr-hard-adam,independent,baseline,5003,1,1,128,128,0,0,0,8.14898681640625
repr-hard-adam,independent,baseline,5003,1,1,256,256,0,0,0,8.023660659790039
repr-hard-adam,independent,baseline,5003,1,1,512,512,0,0,0,7.952086925506592
repr-hard-adam,independent,baseline,5003,1,1,1024,1024,0,0,0,7.917686462402344
repr-hard-adam,coherent,baseline,5003,1,2,0,0,0,0,0,8.20718765258789
repr-hard-adam,coherent,baseline,5003,1,2,1,1,0,0,0,7.888081073760986
repr-hard-adam,coherent,baseline,5003,1,2,2,2,0,0,0,7.712944030761719
repr-hard-adam,coherent,baseline,5003,1,2,4,4,0,0,0,7.497835636138916
repr-hard-adam,coherent,baseline,5003,1,2,8,8,0,0,0,7.545427322387695
repr-hard-adam,coherent,baseline,5003,1,2,16,16,0,0,0,7.550632476806641
repr-hard-adam,coherent,baseline,5003,1,2,32,32,0,0,0,7.602374076843262
repr-hard-adam,coherent,baseline,5003,1,2,64,64,0,0,0,7.728577136993408
repr-hard-adam,coherent,baseline,5003,1,2,128,128,0,0,0,7.747776985168457
repr-hard-adam,coherent,baseline,5003,1,2,256,256,0,0,0,7.691178798675537
repr-hard-adam,coherent,baseline,5003,1,2,512,512,0,0,0,7.587926864624023
repr-hard-adam,coherent,baseline,5003,1,2,1024,1024,0,0,0,7.420537948608398
repr-hard-adam,independent,baseline,5003,1,2,0,0,0,0,0,8.410100936889648
repr-hard-adam,independent,baseline,5003,1,2,1,1,0,0,0,8.091739654541016
repr-hard-adam,independent,baseline,5003,1,2,2,2,0,0,0,7.8364152908325195
repr-hard-adam,independent,baseline,5003,1,2,4,4,0,0,0,7.270591735839844
repr-hard-adam,independent,baseline,5003,1,2,8,8,0,0,0,6.76575231552124
repr-hard-adam,independent,baseline,5003,1,2,16,16,0,0,0,5.99468469619751
repr-hard-adam,independent,baseline,5003,1,2,32,32,0,0,0,5.371882438659668
repr-hard-adam,independent,baseline,5003,1,2,64,64,0,0,0,5.1048126220703125
repr-hard-adam,independent,baseline,5003,1,2,128,128,0,0,0,4.726765155792236
repr-hard-adam,independent,baseline,5003,1,2,256,256,0,0,0,4.809676170349121
repr-hard-adam,independent,baseline,5003,1,2,512,512,0,0,0,4.665760517120361
repr-hard-adam,independent,baseline,5003,1,2,1024,1024,0,0,0,4.817272186279297
func-hard-gn,coherent,up-0.25,5003,1,0,0,0,0,0,0,9.119056701660156
func-hard-gn,coherent,up-0.25,5003,1,0,1,1,0,0,0,8.410274505615234
func-hard-gn,coherent,up-0.25,5003,1,0,2,2,0,0,0,7.019247531890869
func-hard-gn,coherent,up-0.25,5003,1,0,4,4,0,0,2,3.31772518157959
func-hard-gn,coherent,up-0.25,5003,1,0,8,8,0,0,3,0.8493701219558716
func-hard-gn,coherent,up-0.25,5003,1,0,16,16,1,0,4,0.08796311914920807
func-hard-gn,coherent,up-0.25,5003,1,0,32,32,1,0,3,0.037044499069452286
func-hard-gn,coherent,up-0.25,5003,1,0,64,64,1,0,3,0.002393161877989769
func-hard-gn,coherent,up-0.25,5003,1,0,128,128,1,0,4,0.001269904663786292
func-hard-gn,coherent,up-0.25,5003,1,0,256,256,1,0,4,0.0012428781483322382
func-hard-gn,coherent,up-0.25,5003,1,0,512,512,1,0,4,0.00123668706510216
func-hard-gn,coherent,up-0.25,5003,1,0,1024,1024,1,0,3,0.0012331746984273195
func-hard-gn,independent,up-0.25,5003,1,0,0,0,0,0,0,8.780067443847656
func-hard-gn,independent,up-0.25,5003,1,0,1,1,0,0,0,8.47520637512207
func-hard-gn,independent,up-0.25,5003,1,0,2,2,0,0,1,7.8982415199279785
func-hard-gn,independent,up-0.25,5003,1,0,4,4,0,0,2,5.741532802581787
func-hard-gn,independent,up-0.25,5003,1,0,8,8,0,0,3,3.662032127380371
func-hard-gn,independent,up-0.25,5003,1,0,16,16,0,0,3,2.90366268157959
func-hard-gn,independent,up-0.25,5003,1,0,32,32,1,0,4,0.19563442468643188
func-hard-gn,independent,up-0.25,5003,1,0,64,64,1,0,2,0.033215831965208054
func-hard-gn,independent,up-0.25,5003,1,0,128,128,1,0,2,0.0031116255559027195
func-hard-gn,independent,up-0.25,5003,1,0,256,256,1,0,2,0.001312287407927215
func-hard-gn,independent,up-0.25,5003,1,0,512,512,1,0,4,0.0012900836300104856
func-hard-gn,independent,up-0.25,5003,1,0,1024,1024,1,0,5,0.0012832379434257746
func-hard-gn,coherent,up-0.25,5003,1,1,0,0,0,0,0,8.51948070526123
func-hard-gn,coherent,up-0.25,5003,1,1,1,1,0,0,0,7.837411403656006
func-hard-gn,coherent,up-0.25,5003,1,1,2,2,0,0,0,5.409400939941406
func-hard-gn,coherent,up-0.25,5003,1,1,4,4,0,0,0,2.31878399848938
func-hard-gn,coherent,up-0.25,5003,1,1,8,8,1,1,0,0.20262159407138824
func-hard-gn,coherent,up-0.25,5003,1,1,16,16,1,1,0,0.017948301509022713
func-hard-gn,coherent,up-0.25,5003,1,1,32,32,1,0,1,0.009616196155548096
func-hard-gn,coherent,up-0.25,5003,1,1,64,64,1,0,1,0.001945784781128168
func-hard-gn,coherent,up-0.25,5003,1,1,128,128,1,1,0,0.0013328844215720892
func-hard-gn,coherent,up-0.25,5003,1,1,256,256,1,1,0,0.0013260389678180218
func-hard-gn,coherent,up-0.25,5003,1,1,512,512,1,1,0,0.0013235389487817883
func-hard-gn,coherent,up-0.25,5003,1,1,1024,1024,1,1,0,0.0013218722306191921
func-hard-gn,independent,up-0.25,5003,1,1,0,0,0,0,0,8.64013671875
func-hard-gn,independent,up-0.25,5003,1,1,1,1,0,0,0,7.915740966796875
func-hard-gn,independent,up-0.25,5003,1,1,2,2,0,0,0,7.18483829498291
func-hard-gn,independent,up-0.25,5003,1,1,4,4,0,0,1,2.2646613121032715
func-hard-gn,independent,up-0.25,5003,1,1,8,8,1,0,1,0.32746559381484985
func-hard-gn,independent,up-0.25,5003,1,1,16,16,1,0,1,0.15882214903831482
func-hard-gn,independent,up-0.25,5003,1,1,32,32,1,1,0,0.022428592666983604
func-hard-gn,independent,up-0.25,5003,1,1,64,64,1,1,0,0.01016458123922348
func-hard-gn,independent,up-0.25,5003,1,1,128,128,1,1,0,0.0021513740066438913
func-hard-gn,independent,up-0.25,5003,1,1,256,256,1,1,0,0.0013588368892669678
func-hard-gn,independent,up-0.25,5003,1,1,512,512,1,1,0,0.0013487773248925805
func-hard-gn,independent,up-0.25,5003,1,1,1024,1024,1,1,0,0.001345324912108481
func-hard-gn,coherent,up-0.25,5003,1,2,0,0,0,0,0,8.443761825561523
func-hard-gn,coherent,up-0.25,5003,1,2,1,1,0,0,0,8.185005187988281
func-hard-gn,coherent,up-0.25,5003,1,2,2,2,0,0,0,7.850161075592041
func-hard-gn,coherent,up-0.25,5003,1,2,4,4,0,0,0,7.064828395843506
func-hard-gn,coherent,up-0.25,5003,1,2,8,8,0,0,1,6.113490104675293
func-hard-gn,coherent,up-0.25,5003,1,2,16,16,0,0,1,4.275260925292969
func-hard-gn,coherent,up-0.25,5003,1,2,32,32,0,0,0,2.0937857627868652
func-hard-gn,coherent,up-0.25,5003,1,2,64,64,1,1,0,0.05665170028805733
func-hard-gn,coherent,up-0.25,5003,1,2,128,128,1,0,2,0.0032534231431782246
func-hard-gn,coherent,up-0.25,5003,1,2,256,256,1,1,0,0.0014675213024020195
func-hard-gn,coherent,up-0.25,5003,1,2,512,512,1,0,1,0.001381336827762425
func-hard-gn,coherent,up-0.25,5003,1,2,1024,1024,1,0,1,0.001367170363664627
func-hard-gn,independent,up-0.25,5003,1,2,0,0,0,0,0,8.482625961303711
func-hard-gn,independent,up-0.25,5003,1,2,1,1,0,0,0,8.345926284790039
func-hard-gn,independent,up-0.25,5003,1,2,2,2,0,0,0,8.186803817749023
func-hard-gn,independent,up-0.25,5003,1,2,4,4,0,0,0,7.644942283630371
func-hard-gn,independent,up-0.25,5003,1,2,8,8,0,0,0,6.267877578735352
func-hard-gn,independent,up-0.25,5003,1,2,16,16,0,0,0,3.167923927307129
func-hard-gn,independent,up-0.25,5003,1,2,32,32,0,0,1,0.8959181904792786
func-hard-gn,independent,up-0.25,5003,1,2,64,64,1,1,0,0.07320121675729752
func-hard-gn,independent,up-0.25,5003,1,2,128,128,1,0,1,0.008939942345023155
func-hard-gn,independent,up-0.25,5003,1,2,256,256,1,1,0,0.0013575847260653973
func-hard-gn,independent,up-0.25,5003,1,2,512,512,1,0,1,0.0013096076436340809
func-hard-gn,independent,up-0.25,5003,1,2,1024,1024,1,0,1,0.0013040717458352447
func-soft-adam,coherent,up-0.25,5003,1,0,0,0,0,0,0,9.119056701660156
func-soft-adam,coherent,up-0.25,5003,1,0,1,1,0,0,0,7.889260292053223
func-soft-adam,coherent,up-0.25,5003,1,0,2,2,0,0,3,5.508932113647461
func-soft-adam,coherent,up-0.25,5003,1,0,4,4,1,0,7,0.42749255895614624
func-soft-adam,coherent,up-0.25,5003,1,0,8,8,1,0,11,0.06873776018619537
func-soft-adam,coherent,up-0.25,5003,1,0,16,16,1,0,7,0.13824419677257538
func-soft-adam,coherent,up-0.25,5003,1,0,32,32,1,0,4,0.11557577550411224
func-soft-adam,coherent,up-0.25,5003,1,0,64,64,1,0,3,0.026738174259662628
func-soft-adam,coherent,up-0.25,5003,1,0,128,128,1,0,3,0.004354183096438646
func-soft-adam,coherent,up-0.25,5003,1,0,256,256,1,0,3,0.0022321464493870735
func-soft-adam,coherent,up-0.25,5003,1,0,512,512,1,0,3,0.0015986604848876595
func-soft-adam,coherent,up-0.25,5003,1,0,1024,1024,1,0,3,0.0013191921170800924
func-soft-adam,independent,up-0.25,5003,1,0,0,0,0,0,0,8.780067443847656
func-soft-adam,independent,up-0.25,5003,1,0,1,1,0,0,0,8.456947326660156
func-soft-adam,independent,up-0.25,5003,1,0,2,2,0,0,1,8.089522361755371
func-soft-adam,independent,up-0.25,5003,1,0,4,4,0,0,1,6.95175838470459
func-soft-adam,independent,up-0.25,5003,1,0,8,8,0,0,7,2.270822763442993
func-soft-adam,independent,up-0.25,5003,1,0,16,16,1,0,8,0.22260628640651703
func-soft-adam,independent,up-0.25,5003,1,0,32,32,1,0,6,0.20786064863204956
func-soft-adam,independent,up-0.25,5003,1,0,64,64,1,0,5,0.031346529722213745
func-soft-adam,independent,up-0.25,5003,1,0,128,128,1,0,5,0.0038457117043435574
func-soft-adam,independent,up-0.25,5003,1,0,256,256,1,0,5,0.0020436285994946957
func-soft-adam,independent,up-0.25,5003,1,0,512,512,1,0,5,0.0015481424052268267
func-soft-adam,independent,up-0.25,5003,1,0,1024,1024,1,0,5,0.0013994269538670778
func-soft-adam,coherent,up-0.25,5003,1,1,0,0,0,0,0,8.51948070526123
func-soft-adam,coherent,up-0.25,5003,1,1,1,1,0,0,0,7.823813438415527
func-soft-adam,coherent,up-0.25,5003,1,1,2,2,0,0,0,6.708833694458008
func-soft-adam,coherent,up-0.25,5003,1,1,4,4,0,0,1,0.5647381544113159
func-soft-adam,coherent,up-0.25,5003,1,1,8,8,1,0,5,0.006836933549493551
func-soft-adam,coherent,up-0.25,5003,1,1,16,16,1,1,0,0.15537774562835693
func-soft-adam,coherent,up-0.25,5003,1,1,32,32,1,1,0,0.11706379055976868
func-soft-adam,coherent,up-0.25,5003,1,1,64,64,1,1,0,0.00909462571144104
func-soft-adam,coherent,up-0.25,5003,1,1,128,128,1,1,0,0.003817173419520259
func-soft-adam,coherent,up-0.25,5003,1,1,256,256,1,1,0,0.002047312678769231
func-soft-adam,coherent,up-0.25,5003,1,1,512,512,1,1,0,0.0015572084812447429
func-soft-adam,coherent,up-0.25,5003,1,1,1024,1024,1,1,0,0.0014249654486775398
func-soft-adam,independent,up-0.25,5003,1,1,0,0,0,0,0,8.64013671875
func-soft-adam,independent,up-0.25,5003,1,1,1,1,0,0,0,7.535032749176025
func-soft-adam,independent,up-0.25,5003,1,1,2,2,0,0,0,4.275092124938965
func-soft-adam,independent,up-0.25,5003,1,1,4,4,0,0,4,0.35975515842437744
func-soft-adam,independent,up-0.25,5003,1,1,8,8,1,1,0,0.11422501504421234
func-soft-adam,independent,up-0.25,5003,1,1,16,16,1,0,1,0.08070286363363266
func-soft-adam,independent,up-0.25,5003,1,1,32,32,1,1,0,0.10535064339637756
func-soft-adam,independent,up-0.25,5003,1,1,64,64,1,1,0,0.015041444450616837
func-soft-adam,independent,up-0.25,5003,1,1,128,128,1,1,0,0.004244130104780197
func-soft-adam,independent,up-0.25,5003,1,1,256,256,1,1,0,0.002072500064969063
func-soft-adam,independent,up-0.25,5003,1,1,512,512,1,1,0,0.0015903569292277098
func-soft-adam,independent,up-0.25,5003,1,1,1024,1024,1,1,0,0.001446689828298986
func-soft-adam,coherent,up-0.25,5003,1,2,0,0,0,0,0,8.443761825561523
func-soft-adam,coherent,up-0.25,5003,1,2,1,1,0,0,0,8.202720642089844
func-soft-adam,coherent,up-0.25,5003,1,2,2,2,0,0,0,7.89280891418457
func-soft-adam,coherent,up-0.25,5003,1,2,4,4,0,0,0,6.966943740844727
func-soft-adam,coherent,up-0.25,5003,1,2,8,8,0,0,1,4.358659744262695
func-soft-adam,coherent,up-0.25,5003,1,2,16,16,1,0,8,0.16231751441955566
func-soft-adam,coherent,up-0.25,5003,1,2,32,32,1,0,8,0.6057451963424683
func-soft-adam,coherent,up-0.25,5003,1,2,64,64,1,0,6,0.3554697036743164
func-soft-adam,coherent,up-0.25,5003,1,2,128,128,1,0,3,0.011546175926923752
func-soft-adam,coherent,up-0.25,5003,1,2,256,256,1,0,1,0.002469304483383894
func-soft-adam,coherent,up-0.25,5003,1,2,512,512,1,0,1,0.001611659536138177
func-soft-adam,coherent,up-0.25,5003,1,2,1024,1024,1,1,0,0.0014456188073381782
func-soft-adam,independent,up-0.25,5003,1,2,0,0,0,0,0,8.482625961303711
func-soft-adam,independent,up-0.25,5003,1,2,1,1,0,0,0,8.35757064819336
func-soft-adam,independent,up-0.25,5003,1,2,2,2,0,0,0,8.210061073303223
func-soft-adam,independent,up-0.25,5003,1,2,4,4,0,0,0,7.795169830322266
func-soft-adam,independent,up-0.25,5003,1,2,8,8,0,0,1,6.377961158752441
func-soft-adam,independent,up-0.25,5003,1,2,16,16,0,0,9,2.2693169116973877
func-soft-adam,independent,up-0.25,5003,1,2,32,32,0,0,3,1.0835436582565308
func-soft-adam,independent,up-0.25,5003,1,2,64,64,1,0,3,0.33996981382369995
func-soft-adam,independent,up-0.25,5003,1,2,128,128,1,0,1,0.005933063104748726
func-soft-adam,independent,up-0.25,5003,1,2,256,256,1,0,1,0.002613055519759655
func-soft-adam,independent,up-0.25,5003,1,2,512,512,1,1,0,0.001747006899677217
func-soft-adam,independent,up-0.25,5003,1,2,1024,1024,1,1,0,0.0014141874853521585
func-soft-gn,coherent,up-0.25,5003,1,0,0,0,0,0,0,9.119056701660156
func-soft-gn,coherent,up-0.25,5003,1,0,1,1,0,0,0,8.485288619995117
func-soft-gn,coherent,up-0.25,5003,1,0,2,2,0,0,0,7.29327392578125
func-soft-gn,coherent,up-0.25,5003,1,0,4,4,0,0,3,1.5651085376739502
func-soft-gn,coherent,up-0.25,5003,1,0,8,8,1,0,3,0.4274718761444092
func-soft-gn,coherent,up-0.25,5003,1,0,16,16,1,0,3,0.2440672218799591
func-soft-gn,coherent,up-0.25,5003,1,0,32,32,1,0,4,0.13444703817367554
func-soft-gn,coherent,up-0.25,5003,1,0,64,64,1,0,3,0.003475955920293927
func-soft-gn,coherent,up-0.25,5003,1,0,128,128,1,0,4,0.001258534612134099
func-soft-gn,coherent,up-0.25,5003,1,0,256,256,1,0,5,0.0012400802224874496
func-soft-gn,coherent,up-0.25,5003,1,0,512,512,1,0,3,0.0012351393233984709
func-soft-gn,coherent,up-0.25,5003,1,0,1024,1024,1,0,3,0.001232281792908907
func-soft-gn,independent,up-0.25,5003,1,0,0,0,0,0,0,8.780067443847656
func-soft-gn,independent,up-0.25,5003,1,0,1,1,0,0,0,8.489234924316406
func-soft-gn,independent,up-0.25,5003,1,0,2,2,0,0,1,7.964980125427246
func-soft-gn,independent,up-0.25,5003,1,0,4,4,0,0,4,4.483147144317627
func-soft-gn,independent,up-0.25,5003,1,0,8,8,0,0,3,3.749802589416504
func-soft-gn,independent,up-0.25,5003,1,0,16,16,0,0,2,3.428218364715576
func-soft-gn,independent,up-0.25,5003,1,0,32,32,0,0,3,0.7323212623596191
func-soft-gn,independent,up-0.25,5003,1,0,64,64,1,0,3,0.08284623920917511
func-soft-gn,independent,up-0.25,5003,1,0,128,128,1,0,1,0.0031580524519085884
func-soft-gn,independent,up-0.25,5003,1,0,256,256,1,0,2,0.0012994890566915274
func-soft-gn,independent,up-0.25,5003,1,0,512,512,1,0,4,0.0012871668441221118
func-soft-gn,independent,up-0.25,5003,1,0,1024,1024,1,0,4,0.0012805593432858586
func-soft-gn,coherent,up-0.25,5003,1,1,0,0,0,0,0,8.51948070526123
func-soft-gn,coherent,up-0.25,5003,1,1,1,1,0,0,0,7.8830156326293945
func-soft-gn,coherent,up-0.25,5003,1,1,2,2,0,0,0,6.1165313720703125
func-soft-gn,coherent,up-0.25,5003,1,1,4,4,1,0,2,0.018863055855035782
func-soft-gn,coherent,up-0.25,5003,1,1,8,8,1,1,0,0.035475172102451324
func-soft-gn,coherent,up-0.25,5003,1,1,16,16,1,1,0,0.026414617896080017
func-soft-gn,coherent,up-0.25,5003,1,1,32,32,1,0,1,0.03191287815570831
func-soft-gn,coherent,up-0.25,5003,1,1,64,64,1,1,0,0.004221492446959019
func-soft-gn,coherent,up-0.25,5003,1,1,128,128,1,1,0,0.00135925377253443
func-soft-gn,coherent,up-0.25,5003,1,1,256,256,1,1,0,0.001328181941062212
func-soft-gn,coherent,up-0.25,5003,1,1,512,512,1,1,0,0.0013244913425296545
func-soft-gn,coherent,up-0.25,5003,1,1,1024,1024,1,1,0,0.0013224079739302397
func-soft-gn,independent,up-0.25,5003,1,1,0,0,0,0,0,8.64013671875
func-soft-gn,independent,up-0.25,5003,1,1,1,1,0,0,0,7.910149574279785
func-soft-gn,independent,up-0.25,5003,1,1,2,2,0,0,0,5.967499732971191
func-soft-gn,independent,up-0.25,5003,1,1,4,4,1,0,4,0.022688770666718483
func-soft-gn,independent,up-0.25,5003,1,1,8,8,1,0,1,0.05479688197374344
func-soft-gn,independent,up-0.25,5003,1,1,16,16,1,0,1,0.036498233675956726
func-soft-gn,independent,up-0.25,5003,1,1,32,32,1,1,0,0.01658439449965954
func-soft-gn,independent,up-0.25,5003,1,1,64,64,1,1,0,0.003606642596423626
func-soft-gn,independent,up-0.25,5003,1,1,128,128,1,1,0,0.0014065145514905453
func-soft-gn,independent,up-0.25,5003,1,1,256,256,1,1,0,0.0013574082404375076
func-soft-gn,independent,up-0.25,5003,1,1,512,512,1,1,0,0.0013491939753293991
func-soft-gn,independent,up-0.25,5003,1,1,1024,1024,1,1,0,0.001345562981441617
func-soft-gn,coherent,up-0.25,5003,1,2,0,0,0,0,0,8.443761825561523
func-soft-gn,coherent,up-0.25,5003,1,2,1,1,0,0,0,8.191106796264648
func-soft-gn,coherent,up-0.25,5003,1,2,2,2,0,0,0,7.865446090698242
func-soft-gn,coherent,up-0.25,5003,1,2,4,4,0,0,0,6.8101654052734375
func-soft-gn,coherent,up-0.25,5003,1,2,8,8,0,0,4,2.427809238433838
func-soft-gn,coherent,up-0.25,5003,1,2,16,16,1,0,8,0.12209052592515945
func-soft-gn,coherent,up-0.25,5003,1,2,32,32,1,0,4,0.07207987457513809
func-soft-gn,coherent,up-0.25,5003,1,2,64,64,1,0,1,0.061142902821302414
func-soft-gn,coherent,up-0.25,5003,1,2,128,128,1,0,1,0.005552332382649183
func-soft-gn,coherent,up-0.25,5003,1,2,256,256,1,1,0,0.0017720201285555959
func-soft-gn,coherent,up-0.25,5003,1,2,512,512,1,1,0,0.0013861581683158875
func-soft-gn,coherent,up-0.25,5003,1,2,1024,1024,1,0,1,0.0013687775935977697
func-soft-gn,independent,up-0.25,5003,1,2,0,0,0,0,0,8.482625961303711
func-soft-gn,independent,up-0.25,5003,1,2,1,1,0,0,0,8.348625183105469
func-soft-gn,independent,up-0.25,5003,1,2,2,2,0,0,0,8.193288803100586
func-soft-gn,independent,up-0.25,5003,1,2,4,4,0,0,0,7.668817520141602
func-soft-gn,independent,up-0.25,5003,1,2,8,8,0,0,2,4.094376564025879
func-soft-gn,independent,up-0.25,5003,1,2,16,16,0,0,5,0.9202867746353149
func-soft-gn,independent,up-0.25,5003,1,2,32,32,0,0,3,0.5386072397232056
func-soft-gn,independent,up-0.25,5003,1,2,64,64,1,0,3,0.11789380013942719
func-soft-gn,independent,up-0.25,5003,1,2,128,128,1,0,2,0.005518787074834108
func-soft-gn,independent,up-0.25,5003,1,2,256,256,1,0,1,0.0013928210828453302
func-soft-gn,independent,up-0.25,5003,1,2,512,512,1,0,1,0.0013144887052476406
func-soft-gn,independent,up-0.25,5003,1,2,1024,1024,1,0,2,0.0013071076245978475
repr-hard-adam,coherent,up-0.25,5003,1,0,0,0,0,0,0,9.119056701660156
repr-hard-adam,coherent,up-0.25,5003,1,0,1,1,0,0,0,8.639114379882812
repr-hard-adam,coherent,up-0.25,5003,1,0,2,2,0,0,0,8.184666633605957
repr-hard-adam,coherent,up-0.25,5003,1,0,4,4,0,0,0,7.579199314117432
repr-hard-adam,coherent,up-0.25,5003,1,0,8,8,0,0,0,7.1491241455078125
repr-hard-adam,coherent,up-0.25,5003,1,0,16,16,0,0,1,6.299714088439941
repr-hard-adam,coherent,up-0.25,5003,1,0,32,32,0,0,1,5.4551615715026855
repr-hard-adam,coherent,up-0.25,5003,1,0,64,64,0,0,0,4.906489372253418
repr-hard-adam,coherent,up-0.25,5003,1,0,128,128,0,0,0,5.039195537567139
repr-hard-adam,coherent,up-0.25,5003,1,0,256,256,0,0,0,5.247910499572754
repr-hard-adam,coherent,up-0.25,5003,1,0,512,512,0,0,0,5.929706573486328
repr-hard-adam,coherent,up-0.25,5003,1,0,1024,1024,0,0,0,6.689938545227051
repr-hard-adam,independent,up-0.25,5003,1,0,0,0,0,0,0,8.780067443847656
repr-hard-adam,independent,up-0.25,5003,1,0,1,1,0,0,0,8.456947326660156
repr-hard-adam,independent,up-0.25,5003,1,0,2,2,0,0,0,8.352241516113281
repr-hard-adam,independent,up-0.25,5003,1,0,4,4,0,0,1,8.21135425567627
repr-hard-adam,independent,up-0.25,5003,1,0,8,8,0,0,1,7.997754096984863
repr-hard-adam,independent,up-0.25,5003,1,0,16,16,0,0,1,7.4072723388671875
repr-hard-adam,independent,up-0.25,5003,1,0,32,32,0,0,1,6.754446029663086
repr-hard-adam,independent,up-0.25,5003,1,0,64,64,0,0,1,6.437163352966309
repr-hard-adam,independent,up-0.25,5003,1,0,128,128,0,0,1,6.58312463760376
repr-hard-adam,independent,up-0.25,5003,1,0,256,256,0,0,0,6.935449123382568
repr-hard-adam,independent,up-0.25,5003,1,0,512,512,0,0,0,7.255273818969727
repr-hard-adam,independent,up-0.25,5003,1,0,1024,1024,0,0,1,7.582383155822754
repr-hard-adam,coherent,up-0.25,5003,1,1,0,0,0,0,0,8.51948070526123
repr-hard-adam,coherent,up-0.25,5003,1,1,1,1,0,0,0,8.180002212524414
repr-hard-adam,coherent,up-0.25,5003,1,1,2,2,0,0,0,7.966947555541992
repr-hard-adam,coherent,up-0.25,5003,1,1,4,4,0,0,0,7.618073463439941
repr-hard-adam,coherent,up-0.25,5003,1,1,8,8,0,0,0,7.404421806335449
repr-hard-adam,coherent,up-0.25,5003,1,1,16,16,0,0,0,7.033087253570557
repr-hard-adam,coherent,up-0.25,5003,1,1,32,32,0,0,0,6.944342613220215
repr-hard-adam,coherent,up-0.25,5003,1,1,64,64,0,0,0,7.247012138366699
repr-hard-adam,coherent,up-0.25,5003,1,1,128,128,0,0,0,7.826940536499023
repr-hard-adam,coherent,up-0.25,5003,1,1,256,256,0,0,0,8.027188301086426
repr-hard-adam,coherent,up-0.25,5003,1,1,512,512,0,0,0,7.827441215515137
repr-hard-adam,coherent,up-0.25,5003,1,1,1024,1024,0,0,0,6.605971336364746
repr-hard-adam,independent,up-0.25,5003,1,1,0,0,0,0,0,8.64013671875
repr-hard-adam,independent,up-0.25,5003,1,1,1,1,0,0,0,8.229341506958008
repr-hard-adam,independent,up-0.25,5003,1,1,2,2,0,0,0,7.920217514038086
repr-hard-adam,independent,up-0.25,5003,1,1,4,4,0,0,0,7.447047233581543
repr-hard-adam,independent,up-0.25,5003,1,1,8,8,0,0,0,7.192052841186523
repr-hard-adam,independent,up-0.25,5003,1,1,16,16,0,0,0,6.865028381347656
repr-hard-adam,independent,up-0.25,5003,1,1,32,32,0,0,0,6.920079231262207
repr-hard-adam,independent,up-0.25,5003,1,1,64,64,0,0,0,7.077012062072754
repr-hard-adam,independent,up-0.25,5003,1,1,128,128,0,0,0,7.050466537475586
repr-hard-adam,independent,up-0.25,5003,1,1,256,256,0,0,0,6.792876243591309
repr-hard-adam,independent,up-0.25,5003,1,1,512,512,0,0,0,6.754471778869629
repr-hard-adam,independent,up-0.25,5003,1,1,1024,1024,0,0,0,6.094260215759277
repr-hard-adam,coherent,up-0.25,5003,1,2,0,0,0,0,0,8.443761825561523
repr-hard-adam,coherent,up-0.25,5003,1,2,1,1,0,0,0,8.329330444335938
repr-hard-adam,coherent,up-0.25,5003,1,2,2,2,0,0,0,8.263761520385742
repr-hard-adam,coherent,up-0.25,5003,1,2,4,4,0,0,0,8.224109649658203
repr-hard-adam,coherent,up-0.25,5003,1,2,8,8,0,0,0,8.230173110961914
repr-hard-adam,coherent,up-0.25,5003,1,2,16,16,0,0,0,8.26170825958252
repr-hard-adam,coherent,up-0.25,5003,1,2,32,32,0,0,0,8.310707092285156
repr-hard-adam,coherent,up-0.25,5003,1,2,64,64,0,0,0,8.385385513305664
repr-hard-adam,coherent,up-0.25,5003,1,2,128,128,0,0,0,8.436922073364258
repr-hard-adam,coherent,up-0.25,5003,1,2,256,256,0,0,0,8.447614669799805
repr-hard-adam,coherent,up-0.25,5003,1,2,512,512,0,0,0,8.436691284179688
repr-hard-adam,coherent,up-0.25,5003,1,2,1024,1024,0,0,0,8.419241905212402
repr-hard-adam,independent,up-0.25,5003,1,2,0,0,0,0,0,8.482625961303711
repr-hard-adam,independent,up-0.25,5003,1,2,1,1,0,0,0,8.421599388122559
repr-hard-adam,independent,up-0.25,5003,1,2,2,2,0,0,0,8.386805534362793
repr-hard-adam,independent,up-0.25,5003,1,2,4,4,0,0,0,8.369657516479492
repr-hard-adam,independent,up-0.25,5003,1,2,8,8,0,0,0,8.369354248046875
repr-hard-adam,independent,up-0.25,5003,1,2,16,16,0,0,0,8.387786865234375
repr-hard-adam,independent,up-0.25,5003,1,2,32,32,0,0,0,8.412320137023926
repr-hard-adam,independent,up-0.25,5003,1,2,64,64,0,0,0,8.445181846618652
repr-hard-adam,independent,up-0.25,5003,1,2,128,128,0,0,0,8.471654891967773
repr-hard-adam,independent,up-0.25,5003,1,2,256,256,0,0,1,8.493036270141602
repr-hard-adam,independent,up-0.25,5003,1,2,512,512,0,0,1,8.495538711547852
repr-hard-adam,independent,up-0.25,5003,1,2,1024,1024,0,0,1,8.479934692382812
func-hard-gn,coherent,baseline,5004,0,0,0,0,0,0,0,8.334060668945312
func-hard-gn,coherent,baseline,5004,0,0,1,1,0,0,0,7.920307159423828
func-hard-gn,coherent,baseline,5004,0,0,2,2,0,0,0,7.080946922302246
func-hard-gn,coherent,baseline,5004,0,0,4,4,0,0,1,3.1386899948120117
func-hard-gn,coherent,baseline,5004,0,0,8,8,1,0,1,0.013639900833368301
func-hard-gn,coherent,baseline,5004,0,0,16,16,1,1,0,0.003937494941055775
func-hard-gn,coherent,baseline,5004,0,0,32,32,1,1,0,0.0018079918809235096
func-hard-gn,coherent,baseline,5004,0,0,64,64,1,1,0,0.0014413930475711823
func-hard-gn,coherent,baseline,5004,0,0,128,128,1,1,0,0.0014353222213685513
func-hard-gn,coherent,baseline,5004,0,0,256,256,1,1,0,0.0014324652729555964
func-hard-gn,coherent,baseline,5004,0,0,512,512,1,1,0,0.0014308581594377756
func-hard-gn,coherent,baseline,5004,0,0,1024,1024,1,1,0,0.0014299058821052313
func-hard-gn,independent,baseline,5004,0,0,0,0,0,0,0,8.700828552246094
func-hard-gn,independent,baseline,5004,0,0,1,1,0,0,0,8.355489730834961
func-hard-gn,independent,baseline,5004,0,0,2,2,0,0,0,7.830780982971191
func-hard-gn,independent,baseline,5004,0,0,4,4,0,0,0,6.493461608886719
func-hard-gn,independent,baseline,5004,0,0,8,8,0,0,1,4.307192325592041
func-hard-gn,independent,baseline,5004,0,0,16,16,0,0,1,3.4742257595062256
func-hard-gn,independent,baseline,5004,0,0,32,32,1,0,2,0.3580853044986725
func-hard-gn,independent,baseline,5004,0,0,64,64,1,1,0,0.008199093863368034
func-hard-gn,independent,baseline,5004,0,0,128,128,1,1,0,0.0015863681910559535
func-hard-gn,independent,baseline,5004,0,0,256,256,1,1,0,0.0015333418268710375
func-hard-gn,independent,baseline,5004,0,0,512,512,1,1,0,0.0015270927688106894
func-hard-gn,independent,baseline,5004,0,0,1024,1024,1,1,0,0.0015244147507473826
func-hard-gn,coherent,baseline,5004,0,1,0,0,0,0,0,8.260262489318848
func-hard-gn,coherent,baseline,5004,0,1,1,1,0,0,0,7.698841094970703
func-hard-gn,coherent,baseline,5004,0,1,2,2,0,0,0,6.244968414306641
func-hard-gn,coherent,baseline,5004,0,1,4,4,0,0,2,2.804306983947754
func-hard-gn,coherent,baseline,5004,0,1,8,8,1,0,4,0.07503557205200195
func-hard-gn,coherent,baseline,5004,0,1,16,16,1,0,4,0.012873448431491852
func-hard-gn,coherent,baseline,5004,0,1,32,32,1,0,5,0.0035910578444600105
func-hard-gn,coherent,baseline,5004,0,1,64,64,1,0,4,0.001632192055694759
func-hard-gn,coherent,baseline,5004,0,1,128,128,1,0,4,0.0016073177102953196
func-hard-gn,coherent,baseline,5004,0,1,256,256,1,0,3,0.0015999386087059975
func-hard-gn,coherent,baseline,5004,0,1,512,512,1,0,1,0.0015967250801622868
func-hard-gn,coherent,baseline,5004,0,1,1024,1024,1,0,1,0.0015952372923493385
func-hard-gn,independent,baseline,5004,0,1,0,0,0,0,0,8.222661972045898
func-hard-gn,independent,baseline,5004,0,1,1,1,0,0,0,7.81007194519043
func-hard-gn,independent,baseline,5004,0,1,2,2,0,0,0,5.525652885437012
func-hard-gn,independent,baseline,5004,0,1,4,4,0,0,3,2.9618444442749023
func-hard-gn,independent,baseline,5004,0,1,8,8,0,0,4,0.5839351415634155
func-hard-gn,independent,baseline,5004,0,1,16,16,1,0,4,0.09255154430866241
func-hard-gn,independent,baseline,5004,0,1,32,32,1,0,5,0.0409303717315197
func-hard-gn,independent,baseline,5004,0,1,64,64,1,0,5,0.032249566167593
func-hard-gn,independent,baseline,5004,0,1,128,128,1,0,1,0.002189560793340206
func-hard-gn,independent,baseline,5004,0,1,256,256,1,0,2,0.0015805363655090332
func-hard-gn,independent,baseline,5004,0,1,512,512,1,0,2,0.001558635849505663
func-hard-gn,independent,baseline,5004,0,1,1024,1024,1,0,2,0.0015513162361457944
func-hard-gn,coherent,baseline,5004,0,2,0,0,0,0,0,8.740732192993164
func-hard-gn,coherent,baseline,5004,0,2,1,1,0,0,0,4.002497673034668
func-hard-gn,coherent,baseline,5004,0,2,2,2,0,0,0,3.7974538803100586
func-hard-gn,coherent,baseline,5004,0,2,4,4,0,0,0,2.97931170463562
func-hard-gn,coherent,baseline,5004,0,2,8,8,0,0,0,1.6342136859893799
func-hard-gn,coherent,baseline,5004,0,2,16,16,1,1,0,0.05309778451919556
func-hard-gn,coherent,baseline,5004,0,2,32,32,1,1,0,0.010241556912660599
func-hard-gn,coherent,baseline,5004,0,2,64,64,1,0,1,0.0015397720271721482
func-hard-gn,coherent,baseline,5004,0,2,128,128,1,0,1,0.0014882332179695368
func-hard-gn,coherent,baseline,5004,0,2,256,256,1,0,1,0.0014846028061583638
func-hard-gn,coherent,baseline,5004,0,2,512,512,1,0,1,0.0014828768325969577
func-hard-gn,coherent,baseline,5004,0,2,1024,1024,1,0,1,0.0014819245552644134
func-hard-gn,independent,baseline,5004,0,2,0,0,0,0,0,8.571918487548828
func-hard-gn,independent,baseline,5004,0,2,1,1,0,0,0,7.767852783203125
func-hard-gn,independent,baseline,5004,0,2,2,2,0,0,0,4.13537073135376
func-hard-gn,independent,baseline,5004,0,2,4,4,0,0,0,4.039397239685059
func-hard-gn,independent,baseline,5004,0,2,8,8,0,0,0,3.8631484508514404
func-hard-gn,independent,baseline,5004,0,2,16,16,1,1,0,0.026444489136338234
func-hard-gn,independent,baseline,5004,0,2,32,32,1,0,1,0.0017107329331338406
func-hard-gn,independent,baseline,5004,0,2,64,64,1,1,0,0.0014957914827391505
func-hard-gn,independent,baseline,5004,0,2,128,128,1,1,0,0.0014634740073233843
func-hard-gn,independent,baseline,5004,0,2,256,256,1,1,0,0.0014592481311410666
func-hard-gn,independent,baseline,5004,0,2,512,512,1,1,0,0.001456688973121345
func-hard-gn,independent,baseline,5004,0,2,1024,1024,1,1,0,0.0014558556722477078
func-soft-adam,coherent,baseline,5004,0,0,0,0,0,0,0,8.334060668945312
func-soft-adam,coherent,baseline,5004,0,0,1,1,0,0,0,7.402594566345215
func-soft-adam,coherent,baseline,5004,0,0,2,2,0,0,1,5.419528961181641
func-soft-adam,coherent,baseline,5004,0,0,4,4,1,0,5,0.09847460687160492
func-soft-adam,coherent,baseline,5004,0,0,8,8,1,0,1,0.15125621855258942
func-soft-adam,coherent,baseline,5004,0,0,16,16,1,0,1,0.03538697212934494
func-soft-adam,coherent,baseline,5004,0,0,32,32,1,0,3,0.03068656660616398
func-soft-adam,coherent,baseline,5004,0,0,64,64,1,1,0,0.008429964073002338
func-soft-adam,coherent,baseline,5004,0,0,128,128,1,1,0,0.0030500241555273533
func-soft-adam,coherent,baseline,5004,0,0,256,256,1,1,0,0.0019170355517417192
func-soft-adam,coherent,baseline,5004,0,0,512,512,1,1,0,0.0015854130033403635
func-soft-adam,coherent,baseline,5004,0,0,1024,1024,1,1,0,0.0014913867926225066
func-soft-adam,independent,baseline,5004,0,0,0,0,0,0,0,8.700828552246094
func-soft-adam,independent,baseline,5004,0,0,1,1,0,0,0,8.231430053710938
func-soft-adam,independent,baseline,5004,0,0,2,2,0,0,0,7.5194902420043945
func-soft-adam,independent,baseline,5004,0,0,4,4,0,0,5,5.072519302368164
func-soft-adam,independent,baseline,5004,0,0,8,8,0,0,1,3.2359769344329834
func-soft-adam,independent,baseline,5004,0,0,16,16,0,0,2,0.7619190216064453
func-soft-adam,independent,baseline,5004,0,0,32,32,1,0,2,0.2956759035587311
func-soft-adam,independent,baseline,5004,0,0,64,64,1,1,0,0.018089450895786285
func-soft-adam,independent,baseline,5004,0,0,128,128,1,1,0,0.0025024665519595146
func-soft-adam,independent,baseline,5004,0,0,256,256,1,1,0,0.0018277042545378208
func-soft-adam,independent,baseline,5004,0,0,512,512,1,1,0,0.001688589109107852
func-soft-adam,independent,baseline,5004,0,0,1024,1024,1,1,0,0.0015879702987149358
func-soft-adam,coherent,baseline,5004,0,1,0,0,0,0,0,8.260262489318848
func-soft-adam,coherent,baseline,5004,0,1,1,1,0,0,0,7.28808069229126
func-soft-adam,coherent,baseline,5004,0,1,2,2,0,0,2,4.889451503753662
func-soft-adam,coherent,baseline,5004,0,1,4,4,1,0,10,0.016986500471830368
func-soft-adam,coherent,baseline,5004,0,1,8,8,1,0,9,0.008779898285865784
func-soft-adam,coherent,baseline,5004,0,1,16,16,1,0,2,0.14569160342216492
func-soft-adam,coherent,baseline,5004,0,1,32,32,1,0,2,0.044710882008075714
func-soft-adam,coherent,baseline,5004,0,1,64,64,1,0,3,0.00747779943048954
func-soft-adam,coherent,baseline,5004,0,1,128,128,1,0,3,0.00368417426943779
func-soft-adam,coherent,baseline,5004,0,1,256,256,1,0,4,0.0022839857265353203
func-soft-adam,coherent,baseline,5004,0,1,512,512,1,0,3,0.0018083172617480159
func-soft-adam,coherent,baseline,5004,0,1,1024,1024,1,0,2,0.0016944941598922014
func-soft-adam,independent,baseline,5004,0,1,0,0,0,0,0,8.222661972045898
func-soft-adam,independent,baseline,5004,0,1,1,1,0,0,0,7.373220920562744
func-soft-adam,independent,baseline,5004,0,1,2,2,0,0,6,3.5295984745025635
func-soft-adam,independent,baseline,5004,0,1,4,4,1,0,7,0.056655626744031906
func-soft-adam,independent,baseline,5004,0,1,8,8,0,0,4,0.6900355219841003
func-soft-adam,independent,baseline,5004,0,1,16,16,1,0,3,0.1304851621389389
func-soft-adam,independent,baseline,5004,0,1,32,32,1,0,2,0.06899489462375641
func-soft-adam,independent,baseline,5004,0,1,64,64,1,0,2,0.014301798306405544
func-soft-adam,independent,baseline,5004,0,1,128,128,1,0,1,0.0036863216664642096
func-soft-adam,independent,baseline,5004,0,1,256,256,1,0,1,0.002064955187961459
func-soft-adam,independent,baseline,5004,0,1,512,512,1,0,2,0.001714247977361083
func-soft-adam,independent,baseline,5004,0,1,1024,1024,1,0,2,0.0016085070092231035
func-soft-adam,coherent,baseline,5004,0,2,0,0,0,0,0,8.740732192993164
func-soft-adam,coherent,baseline,5004,0,2,1,1,0,0,0,3.969717025756836
func-soft-adam,coherent,baseline,5004,0,2,2,2,0,0,0,3.1500751972198486
func-soft-adam,coherent,baseline,5004,0,2,4,4,0,0,2,2.347867965698242
func-soft-adam,coherent,baseline,5004,0,2,8,8,0,0,2,1.0398327112197876
func-soft-adam,coherent,baseline,5004,0,2,16,16,1,0,3,0.05415748059749603
func-soft-adam,coherent,baseline,5004,0,2,32,32,1,0,2,0.07972397655248642
func-soft-adam,coherent,baseline,5004,0,2,64,64,1,0,1,0.07651472091674805
func-soft-adam,coherent,baseline,5004,0,2,128,128,1,0,1,0.004372529685497284
func-soft-adam,coherent,baseline,5004,0,2,256,256,1,0,1,0.0022713125217705965
func-soft-adam,coherent,baseline,5004,0,2,512,512,1,0,1,0.0017281030304729939
func-soft-adam,coherent,baseline,5004,0,2,1024,1024,1,0,1,0.0015654221642762423
func-soft-adam,independent,baseline,5004,0,2,0,0,0,0,0,8.571918487548828
func-soft-adam,independent,baseline,5004,0,2,1,1,0,0,0,4.122992038726807
func-soft-adam,independent,baseline,5004,0,2,2,2,0,0,0,6.738860130310059
func-soft-adam,independent,baseline,5004,0,2,4,4,0,0,0,3.9638171195983887
func-soft-adam,independent,baseline,5004,0,2,8,8,0,0,1,3.715059995651245
func-soft-adam,independent,baseline,5004,0,2,16,16,0,0,1,2.2759194374084473
func-soft-adam,independent,baseline,5004,0,2,32,32,1,0,1,0.21049711108207703
func-soft-adam,independent,baseline,5004,0,2,64,64,1,1,0,0.03672471642494202
func-soft-adam,independent,baseline,5004,0,2,128,128,1,1,0,0.006149941589683294
func-soft-adam,independent,baseline,5004,0,2,256,256,1,0,1,0.0024552217219024897
func-soft-adam,independent,baseline,5004,0,2,512,512,1,0,1,0.001746439840644598
func-soft-adam,independent,baseline,5004,0,2,1024,1024,1,0,1,0.001565837999805808
func-soft-gn,coherent,baseline,5004,0,0,0,0,0,0,0,8.334060668945312
func-soft-gn,coherent,baseline,5004,0,0,1,1,0,0,0,7.944074630737305
func-soft-gn,coherent,baseline,5004,0,0,2,2,0,0,0,7.200608730316162
func-soft-gn,coherent,baseline,5004,0,0,4,4,0,0,1,1.8450825214385986
func-soft-gn,coherent,baseline,5004,0,0,8,8,1,0,1,0.12752380967140198
func-soft-gn,coherent,baseline,5004,0,0,16,16,1,1,0,0.012694411911070347
func-soft-gn,coherent,baseline,5004,0,0,32,32,1,1,0,0.005021146032959223
func-soft-gn,coherent,baseline,5004,0,0,64,64,1,1,0,0.0014701399486511946
func-soft-gn,coherent,baseline,5004,0,0,128,128,1,1,0,0.0014374053571373224
func-soft-gn,coherent,baseline,5004,0,0,256,256,1,1,0,0.0014330603880807757
func-soft-gn,coherent,baseline,5004,0,0,512,512,1,1,0,0.0014313342981040478
func-soft-gn,coherent,baseline,5004,0,0,1024,1024,1,1,0,0.0014301440678536892
func-soft-gn,independent,baseline,5004,0,0,0,0,0,0,0,8.700828552246094
func-soft-gn,independent,baseline,5004,0,0,1,1,0,0,0,8.359540939331055
func-soft-gn,independent,baseline,5004,0,0,2,2,0,0,0,7.842453956604004
func-soft-gn,independent,baseline,5004,0,0,4,4,0,0,0,5.877970218658447
func-soft-gn,independent,baseline,5004,0,0,8,8,0,0,1,3.642834186553955
func-soft-gn,independent,baseline,5004,0,0,16,16,0,0,1,3.3611159324645996
func-soft-gn,independent,baseline,5004,0,0,32,32,1,0,1,0.47803109884262085
func-soft-gn,independent,baseline,5004,0,0,64,64,1,1,0,0.006925078108906746
func-soft-gn,independent,baseline,5004,0,0,128,128,1,1,0,0.0016198719386011362
func-soft-gn,independent,baseline,5004,0,0,256,256,1,1,0,0.0015359600074589252
func-soft-gn,independent,baseline,5004,0,0,512,512,1,1,0,0.0015292351599782705
func-soft-gn,independent,baseline,5004,0,0,1024,1024,1,1,0,0.0015259620267897844
func-soft-gn,coherent,baseline,5004,0,1,0,0,0,0,0,8.260262489318848
func-soft-gn,coherent,baseline,5004,0,1,1,1,0,0,0,7.705817222595215
func-soft-gn,coherent,baseline,5004,0,1,2,2,0,0,0,6.372396469116211
func-soft-gn,coherent,baseline,5004,0,1,4,4,1,0,7,0.023945311084389687
func-soft-gn,coherent,baseline,5004,0,1,8,8,1,0,4,0.018152689561247826
func-soft-gn,coherent,baseline,5004,0,1,16,16,1,0,4,0.02269975282251835
func-soft-gn,coherent,baseline,5004,0,1,32,32,1,0,5,0.0032624343875795603
func-soft-gn,coherent,baseline,5004,0,1,64,64,1,0,4,0.0016329656355082989
func-soft-gn,coherent,baseline,5004,0,1,128,128,1,0,4,0.0016108882846310735
func-soft-gn,coherent,baseline,5004,0,1,256,256,1,0,2,0.0016016048612073064
func-soft-gn,coherent,baseline,5004,0,1,512,512,1,0,1,0.001597320195287466
func-soft-gn,coherent,baseline,5004,0,1,1024,1024,1,0,1,0.0015952372923493385
func-soft-gn,independent,baseline,5004,0,1,0,0,0,0,0,8.222661972045898
func-soft-gn,independent,baseline,5004,0,1,1,1,0,0,0,7.818300247192383
func-soft-gn,independent,baseline,5004,0,1,2,2,0,0,0,5.687375068664551
func-soft-gn,independent,baseline,5004,0,1,4,4,1,0,5,0.40604129433631897
func-soft-gn,independent,baseline,5004,0,1,8,8,0,0,2,0.5431941151618958
func-soft-gn,independent,baseline,5004,0,1,16,16,1,0,3,0.1577771008014679
func-soft-gn,independent,baseline,5004,0,1,32,32,1,0,4,0.07535078376531601
func-soft-gn,independent,baseline,5004,0,1,64,64,1,0,4,0.045717574656009674
func-soft-gn,independent,baseline,5004,0,1,128,128,1,0,4,0.014552400447428226
func-soft-gn,independent,baseline,5004,0,1,256,256,1,0,1,0.0015889874193817377
func-soft-gn,independent,baseline,5004,0,1,512,512,1,0,2,0.0015582193154841661
func-soft-gn,independent,baseline,5004,0,1,1024,1024,1,0,2,0.0015520303277298808
func-soft-gn,coherent,baseline,5004,0,2,0,0,0,0,0,8.740732192993164
func-soft-gn,coherent,baseline,5004,0,2,1,1,0,0,0,4.126880168914795
func-soft-gn,coherent,baseline,5004,0,2,2,2,0,0,0,3.9313766956329346
func-soft-gn,coherent,baseline,5004,0,2,4,4,0,0,0,3.975067377090454
func-soft-gn,coherent,baseline,5004,0,2,8,8,0,0,0,3.9442286491394043
func-soft-gn,coherent,baseline,5004,0,2,16,16,0,0,0,3.889429807662964
func-soft-gn,coherent,baseline,5004,0,2,32,32,1,1,0,0.0029870662838220596
func-soft-gn,coherent,baseline,5004,0,2,64,64,1,0,1,0.0015051951631903648
func-soft-gn,coherent,baseline,5004,0,2,128,128,1,0,1,0.0014872215688228607
func-soft-gn,coherent,baseline,5004,0,2,256,256,1,1,0,0.0014834720641374588
func-soft-gn,coherent,baseline,5004,0,2,512,512,1,1,0,0.0014825197868049145
func-soft-gn,coherent,baseline,5004,0,2,1024,1024,1,0,1,0.0014818054623901844
func-soft-gn,independent,baseline,5004,0,2,0,0,0,0,0,8.571918487548828
func-soft-gn,independent,baseline,5004,0,2,1,1,0,0,0,4.054699897766113
func-soft-gn,independent,baseline,5004,0,2,2,2,0,0,0,4.060895919799805
func-soft-gn,independent,baseline,5004,0,2,4,4,0,0,0,4.1290178298950195
func-soft-gn,independent,baseline,5004,0,2,8,8,0,0,0,4.027166843414307
func-soft-gn,independent,baseline,5004,0,2,16,16,0,0,0,3.9797027111053467
func-soft-gn,independent,baseline,5004,0,2,32,32,1,0,1,0.06076130270957947
func-soft-gn,independent,baseline,5004,0,2,64,64,1,0,1,0.006608952768146992
func-soft-gn,independent,baseline,5004,0,2,128,128,1,0,1,0.002369500696659088
func-soft-gn,independent,baseline,5004,0,2,256,256,1,1,0,0.0014618074055761099
func-soft-gn,independent,baseline,5004,0,2,512,512,1,1,0,0.0014567484613507986
func-soft-gn,independent,baseline,5004,0,2,1024,1024,1,1,0,0.0014557961840182543
repr-hard-adam,coherent,baseline,5004,0,0,0,0,0,0,0,8.334060668945312
repr-hard-adam,coherent,baseline,5004,0,0,1,1,0,0,0,8.003396987915039
repr-hard-adam,coherent,baseline,5004,0,0,2,2,0,0,0,7.773171424865723
repr-hard-adam,coherent,baseline,5004,0,0,4,4,0,0,0,7.2816362380981445
repr-hard-adam,coherent,baseline,5004,0,0,8,8,0,0,0,5.878928184509277
repr-hard-adam,coherent,baseline,5004,0,0,16,16,0,0,1,1.2170448303222656
repr-hard-adam,coherent,baseline,5004,0,0,32,32,1,0,1,0.019848698750138283
repr-hard-adam,coherent,baseline,5004,0,0,64,64,1,0,1,0.0097294170409441
repr-hard-adam,coherent,baseline,5004,0,0,128,128,1,0,1,0.005692597478628159
repr-hard-adam,coherent,baseline,5004,0,0,256,256,1,0,1,0.003683744464069605
repr-hard-adam,coherent,baseline,5004,0,0,512,512,1,0,1,0.0025842678733170033
repr-hard-adam,coherent,baseline,5004,0,0,1024,1024,1,1,0,0.0020791874267160892
repr-hard-adam,independent,baseline,5004,0,0,0,0,0,0,0,8.700828552246094
repr-hard-adam,independent,baseline,5004,0,0,1,1,0,0,0,8.486186981201172
repr-hard-adam,independent,baseline,5004,0,0,2,2,0,0,0,8.374940872192383
repr-hard-adam,independent,baseline,5004,0,0,4,4,0,0,0,8.156752586364746
repr-hard-adam,independent,baseline,5004,0,0,8,8,0,0,0,7.821155548095703
repr-hard-adam,independent,baseline,5004,0,0,16,16,0,0,0,7.036011695861816
repr-hard-adam,independent,baseline,5004,0,0,32,32,0,0,0,5.214217662811279
repr-hard-adam,independent,baseline,5004,0,0,64,64,0,0,0,4.059076309204102
repr-hard-adam,independent,baseline,5004,0,0,128,128,0,0,0,3.520479440689087
repr-hard-adam,independent,baseline,5004,0,0,256,256,0,0,0,3.4960684776306152
repr-hard-adam,independent,baseline,5004,0,0,512,512,1,1,0,0.05420048534870148
repr-hard-adam,independent,baseline,5004,0,0,1024,1024,1,1,0,0.12824296951293945
repr-hard-adam,coherent,baseline,5004,0,1,0,0,0,0,0,8.260262489318848
repr-hard-adam,coherent,baseline,5004,0,1,1,1,0,0,0,7.871790885925293
repr-hard-adam,coherent,baseline,5004,0,1,2,2,0,0,0,7.541815280914307
repr-hard-adam,coherent,baseline,5004,0,1,4,4,0,0,0,6.962897300720215
repr-hard-adam,coherent,baseline,5004,0,1,8,8,0,0,0,6.255951881408691
repr-hard-adam,coherent,baseline,5004,0,1,16,16,0,0,0,4.348574638366699
repr-hard-adam,coherent,baseline,5004,0,1,32,32,0,0,0,0.7235689759254456
repr-hard-adam,coherent,baseline,5004,0,1,64,64,1,1,0,0.007117852568626404
repr-hard-adam,coherent,baseline,5004,0,1,128,128,1,1,0,0.011222015134990215
repr-hard-adam,coherent,baseline,5004,0,1,256,256,1,1,0,0.005172279663383961
repr-hard-adam,coherent,baseline,5004,0,1,512,512,1,1,0,0.004987976513803005
repr-hard-adam,coherent,baseline,5004,0,1,1024,1024,1,0,1,0.00396981555968523
repr-hard-adam,independent,baseline,5004,0,1,0,0,0,0,0,8.222661972045898
repr-hard-adam,independent,baseline,5004,0,1,1,1,0,0,0,7.963036060333252
repr-hard-adam,independent,baseline,5004,0,1,2,2,0,0,0,7.695521354675293
repr-hard-adam,independent,baseline,5004,0,1,4,4,0,0,0,6.673177242279053
repr-hard-adam,independent,baseline,5004,0,1,8,8,0,0,2,5.343107223510742
repr-hard-adam,independent,baseline,5004,0,1,16,16,0,0,0,3.8720948696136475
repr-hard-adam,independent,baseline,5004,0,1,32,32,0,0,0,0.6574547290802002
repr-hard-adam,independent,baseline,5004,0,1,64,64,1,0,1,0.009986244142055511
repr-hard-adam,independent,baseline,5004,0,1,128,128,1,1,0,0.006901517044752836
repr-hard-adam,independent,baseline,5004,0,1,256,256,1,1,0,0.0050721559673547745
repr-hard-adam,independent,baseline,5004,0,1,512,512,1,1,0,0.004549269564449787
repr-hard-adam,independent,baseline,5004,0,1,1024,1024,1,0,1,0.003067541169002652
repr-hard-adam,coherent,baseline,5004,0,2,0,0,0,0,0,8.740732192993164
repr-hard-adam,coherent,baseline,5004,0,2,1,1,0,0,0,7.813190460205078
repr-hard-adam,coherent,baseline,5004,0,2,2,2,0,0,0,6.063595771789551
repr-hard-adam,coherent,baseline,5004,0,2,4,4,0,0,0,3.7313015460968018
repr-hard-adam,coherent,baseline,5004,0,2,8,8,0,0,0,3.455078363418579
repr-hard-adam,coherent,baseline,5004,0,2,16,16,0,0,0,3.109994411468506
repr-hard-adam,coherent,baseline,5004,0,2,32,32,0,0,0,2.7835710048675537
repr-hard-adam,coherent,baseline,5004,0,2,64,64,0,0,0,2.008945941925049
repr-hard-adam,coherent,baseline,5004,0,2,128,128,0,0,0,1.6586724519729614
repr-hard-adam,coherent,baseline,5004,0,2,256,256,0,0,0,1.6249499320983887
repr-hard-adam,coherent,baseline,5004,0,2,512,512,0,0,0,1.17403244972229
repr-hard-adam,coherent,baseline,5004,0,2,1024,1024,0,0,1,2.3427751064300537
repr-hard-adam,independent,baseline,5004,0,2,0,0,0,0,0,8.571918487548828
repr-hard-adam,independent,baseline,5004,0,2,1,1,0,0,0,7.517546653747559
repr-hard-adam,independent,baseline,5004,0,2,2,2,0,0,0,4.15456485748291
repr-hard-adam,independent,baseline,5004,0,2,4,4,0,0,0,4.109618186950684
repr-hard-adam,independent,baseline,5004,0,2,8,8,0,0,0,4.008147239685059
repr-hard-adam,independent,baseline,5004,0,2,16,16,0,0,0,3.710099458694458
repr-hard-adam,independent,baseline,5004,0,2,32,32,0,0,0,3.1828112602233887
repr-hard-adam,independent,baseline,5004,0,2,64,64,0,0,0,2.3516979217529297
repr-hard-adam,independent,baseline,5004,0,2,128,128,0,0,1,1.02756667137146
repr-hard-adam,independent,baseline,5004,0,2,256,256,1,0,1,0.11984565109014511
repr-hard-adam,independent,baseline,5004,0,2,512,512,1,0,1,0.06039171293377876
repr-hard-adam,independent,baseline,5004,0,2,1024,1024,1,0,1,0.20727841556072235
func-hard-gn,coherent,up-0.25,5004,0,0,0,0,0,0,0,8.295112609863281
func-hard-gn,coherent,up-0.25,5004,0,0,1,1,0,0,0,7.945966720581055
func-hard-gn,coherent,up-0.25,5004,0,0,2,2,0,0,0,7.429271697998047
func-hard-gn,coherent,up-0.25,5004,0,0,4,4,0,0,1,3.890354633331299
func-hard-gn,coherent,up-0.25,5004,0,0,8,8,1,0,1,0.13679444789886475
func-hard-gn,coherent,up-0.25,5004,0,0,16,16,1,1,0,0.00158410775475204
func-hard-gn,coherent,up-0.25,5004,0,0,32,32,1,1,0,0.0014729376416653395
func-hard-gn,coherent,up-0.25,5004,0,0,64,64,1,1,0,0.001462819636799395
func-hard-gn,coherent,up-0.25,5004,0,0,128,128,1,1,0,0.0014604984316974878
func-hard-gn,coherent,up-0.25,5004,0,0,256,256,1,1,0,0.0014591889921575785
func-hard-gn,coherent,up-0.25,5004,0,0,512,512,1,1,0,0.0014585342723876238
func-hard-gn,coherent,up-0.25,5004,0,0,1024,1024,1,1,0,0.001457879669032991
func-hard-gn,independent,up-0.25,5004,0,0,0,0,0,0,0,8.718534469604492
func-hard-gn,independent,up-0.25,5004,0,0,1,1,0,0,0,8.077033996582031
func-hard-gn,independent,up-0.25,5004,0,0,2,2,0,0,0,7.82347297668457
func-hard-gn,independent,up-0.25,5004,0,0,4,4,0,0,0,7.183178901672363
func-hard-gn,independent,up-0.25,5004,0,0,8,8,0,0,3,4.359969615936279
func-hard-gn,independent,up-0.25,5004,0,0,16,16,0,0,3,2.968080997467041
func-hard-gn,independent,up-0.25,5004,0,0,32,32,0,0,0,0.8346172571182251
func-hard-gn,independent,up-0.25,5004,0,0,64,64,1,0,2,0.018589336425065994
func-hard-gn,independent,up-0.25,5004,0,0,128,128,1,0,1,0.0023289157543331385
func-hard-gn,independent,up-0.25,5004,0,0,256,256,1,1,0,0.0014918637461960316
func-hard-gn,independent,up-0.25,5004,0,0,512,512,1,1,0,0.0014827577397227287
func-hard-gn,independent,up-0.25,5004,0,0,1024,1024,1,1,0,0.0014798413030803204
func-hard-gn,coherent,up-0.25,5004,0,1,0,0,0,0,0,8.253165245056152
func-hard-gn,coherent,up-0.25,5004,0,1,1,1,0,0,0,7.748042583465576
func-hard-gn,coherent,up-0.25,5004,0,1,2,2,0,0,2,4.773712158203125
func-hard-gn,coherent,up-0.25,5004,0,1,4,4,1,0,5,0.25083327293395996
func-hard-gn,coherent,up-0.25,5004,0,1,8,8,1,0,5,0.025794999673962593
func-hard-gn,coherent,up-0.25,5004,0,1,16,16,1,0,5,0.009485077112913132
func-hard-gn,coherent,up-0.25,5004,0,1,32,32,1,0,4,0.002546456176787615
func-hard-gn,coherent,up-0.25,5004,0,1,64,64,1,0,2,0.0017245425842702389
func-hard-gn,coherent,up-0.25,5004,0,1,128,128,1,1,0,0.0014918637461960316
func-hard-gn,coherent,up-0.25,5004,0,1,256,256,1,1,0,0.0014886499848216772
func-hard-gn,coherent,up-0.25,5004,0,1,512,512,1,1,0,0.0014870429877191782
func-hard-gn,coherent,up-0.25,5004,0,1,1024,1024,1,1,0,0.0014861501986160874
func-hard-gn,independent,up-0.25,5004,0,1,0,0,0,0,0,8.307792663574219
func-hard-gn,independent,up-0.25,5004,0,1,1,1,0,0,0,7.629449844360352
func-hard-gn,independent,up-0.25,5004,0,1,2,2,0,0,1,5.0726704597473145
func-hard-gn,independent,up-0.25,5004,0,1,4,4,0,0,5,3.017047643661499
func-hard-gn,independent,up-0.25,5004,0,1,8,8,1,0,6,0.37319082021713257
func-hard-gn,independent,up-0.25,5004,0,1,16,16,1,0,6,0.23454749584197998
func-hard-gn,independent,up-0.25,5004,0,1,32,32,1,0,4,0.036150578409433365
func-hard-gn,independent,up-0.25,5004,0,1,64,64,1,0,3,0.007884188555181026
func-hard-gn,independent,up-0.25,5004,0,1,128,128,1,0,2,0.0016984801040962338
func-hard-gn,independent,up-0.25,5004,0,1,256,256,1,0,1,0.001479067374020815
func-hard-gn,independent,up-0.25,5004,0,1,512,512,1,0,1,0.0014708541566506028
func-hard-gn,independent,up-0.25,5004,0,1,1024,1024,1,0,1,0.001467342721298337
func-hard-gn,coherent,up-0.25,5004,0,2,0,0,0,0,0,8.885496139526367
func-hard-gn,coherent,up-0.25,5004,0,2,1,1,0,0,0,7.562778949737549
func-hard-gn,coherent,up-0.25,5004,0,2,2,2,0,0,0,7.1259660720825195
func-hard-gn,coherent,up-0.25,5004,0,2,4,4,0,0,0,6.102782249450684
func-hard-gn,coherent,up-0.25,5004,0,2,8,8,0,0,0,3.2553176879882812
func-hard-gn,coherent,up-0.25,5004,0,2,16,16,0,0,0,0.43982550501823425
func-hard-gn,coherent,up-0.25,5004,0,2,32,32,1,0,1,0.0021519928704947233
func-hard-gn,coherent,up-0.25,5004,0,2,64,64,1,0,1,0.0015610780101269484
func-hard-gn,coherent,up-0.25,5004,0,2,128,128,1,0,1,0.0014496662188321352
func-hard-gn,coherent,up-0.25,5004,0,2,256,256,1,0,1,0.0014432382304221392
func-hard-gn,coherent,up-0.25,5004,0,2,512,512,1,0,1,0.0014413930475711823
func-hard-gn,coherent,up-0.25,5004,0,2,1024,1024,1,0,1,0.0014406789559870958
func-hard-gn,independent,up-0.25,5004,0,2,0,0,0,0,0,8.60258674621582
func-hard-gn,independent,up-0.25,5004,0,2,1,1,0,0,1,8.009068489074707
func-hard-gn,independent,up-0.25,5004,0,2,2,2,0,0,1,7.461397647857666
func-hard-gn,independent,up-0.25,5004,0,2,4,4,0,0,1,3.564631462097168
func-hard-gn,independent,up-0.25,5004,0,2,8,8,0,0,1,3.1137068271636963
func-hard-gn,independent,up-0.25,5004,0,2,16,16,0,0,1,2.7431399822235107
func-hard-gn,independent,up-0.25,5004,0,2,32,32,1,0,1,0.026533987373113632
func-hard-gn,independent,up-0.25,5004,0,2,64,64,1,0,1,0.00497745955362916
func-hard-gn,independent,up-0.25,5004,0,2,128,128,1,0,1,0.001629150239750743
func-hard-gn,independent,up-0.25,5004,0,2,256,256,1,0,1,0.0014508564490824938
func-hard-gn,independent,up-0.25,5004,0,2,512,512,1,0,1,0.001449725590646267
func-hard-gn,independent,up-0.25,5004,0,2,1024,1024,1,0,1,0.0014493685448542237
func-soft-adam,coherent,up-0.25,5004,0,0,0,0,0,0,0,8.295112609863281
func-soft-adam,coherent,up-0.25,5004,0,0,1,1,0,0,0,7.323869228363037
func-soft-adam,coherent,up-0.25,5004,0,0,2,2,0,0,1,5.94404935836792
func-soft-adam,coherent,up-0.25,5004,0,0,4,4,1,0,3,0.20703597366809845
func-soft-adam,coherent,up-0.25,5004,0,0,8,8,1,0,1,0.04444214701652527
func-soft-adam,coherent,up-0.25,5004,0,0,16,16,1,1,0,0.005532158073037863
func-soft-adam,coherent,up-0.25,5004,0,0,32,32,1,0,1,0.006046205293387175
func-soft-adam,coherent,up-0.25,5004,0,0,64,64,1,1,0,0.004714741371572018
func-soft-adam,coherent,up-0.25,5004,0,0,128,128,1,1,0,0.0027738893404603004
func-soft-adam,coherent,up-0.25,5004,0,0,256,256,1,1,0,0.0018532301764935255
func-soft-adam,coherent,up-0.25,5004,0,0,512,512,1,1,0,0.001550245564430952
func-soft-adam,coherent,up-0.25,5004,0,0,1024,1024,1,1,0,0.0014919231180101633
func-soft-adam,independent,up-0.25,5004,0,0,0,0,0,0,0,8.718534469604492
func-soft-adam,independent,up-0.25,5004,0,0,1,1,0,0,0,7.27614688873291
func-soft-adam,independent,up-0.25,5004,0,0,2,2,0,0,6,5.04726505279541
func-soft-adam,independent,up-0.25,5004,0,0,4,4,0,0,3,3.0055906772613525
func-soft-adam,independent,up-0.25,5004,0,0,8,8,0,0,1,2.4134647846221924
func-soft-adam,independent,up-0.25,5004,0,0,16,16,0,0,0,2.044719696044922
func-soft-adam,independent,up-0.25,5004,0,0,32,32,1,0,1,0.3038351833820343
func-soft-adam,independent,up-0.25,5004,0,0,64,64,1,1,0,0.03212445229291916
func-soft-adam,independent,up-0.25,5004,0,0,128,128,1,1,0,0.0037830572109669447
func-soft-adam,independent,up-0.25,5004,0,0,256,256,1,1,0,0.0020761843770742416
func-soft-adam,independent,up-0.25,5004,0,0,512,512,1,1,0,0.001796411583200097
func-soft-adam,independent,up-0.25,5004,0,0,1024,1024,1,1,0,0.0016222498379647732
func-soft-adam,coherent,up-0.25,5004,0,1,0,0,0,0,0,8.253165245056152
func-soft-adam,coherent,up-0.25,5004,0,1,1,1,0,0,2,5.990756988525391
func-soft-adam,coherent,up-0.25,5004,0,1,2,2,1,0,7,0.17514321208000183
func-soft-adam,coherent,up-0.25,5004,0,1,4,4,1,0,10,0.0038797776214778423
func-soft-adam,coherent,up-0.25,5004,0,1,8,8,1,0,2,0.4884791970252991
func-soft-adam,coherent,up-0.25,5004,0,1,16,16,1,0,3,0.0025034802965819836
func-soft-adam,coherent,up-0.25,5004,0,1,32,32,1,1,0,0.0032122978009283543
func-soft-adam,coherent,up-0.25,5004,0,1,64,64,1,1,0,0.0027851974591612816
func-soft-adam,coherent,up-0.25,5004,0,1,128,128,1,1,0,0.0022180986125022173
func-soft-adam,coherent,up-0.25,5004,0,1,256,256,1,1,0,0.0018405041191726923
func-soft-adam,coherent,up-0.25,5004,0,1,512,512,1,1,0,0.0015901788137853146
func-soft-adam,coherent,up-0.25,5004,0,1,1024,1024,1,1,0,0.0015138247981667519
func-soft-adam,independent,up-0.25,5004,0,1,0,0,0,0,0,8.307792663574219
func-soft-adam,independent,up-0.25,5004,0,1,1,1,0,0,0,6.9252800941467285
func-soft-adam,independent,up-0.25,5004,0,1,2,2,0,0,8,3.367767572402954
func-soft-adam,independent,up-0.25,5004,0,1,4,4,0,0,4,3.14543080329895
func-soft-adam,independent,up-0.25,5004,0,1,8,8,0,0,6,0.8676323890686035
func-soft-adam,independent,up-0.25,5004,0,1,16,16,0,0,1,0.5211674571037292
func-soft-adam,independent,up-0.25,5004,0,1,32,32,1,0,7,0.11862598359584808
func-soft-adam,independent,up-0.25,5004,0,1,64,64,1,0,5,0.0238772202283144
func-soft-adam,independent,up-0.25,5004,0,1,128,128,1,0,3,0.004435115028172731
func-soft-adam,independent,up-0.25,5004,0,1,256,256,1,0,3,0.0021262187510728836
func-soft-adam,independent,up-0.25,5004,0,1,512,512,1,0,3,0.0017767847748473287
func-soft-adam,independent,up-0.25,5004,0,1,1024,1024,1,0,3,0.0015800027176737785
func-soft-adam,coherent,up-0.25,5004,0,2,0,0,0,0,0,8.885496139526367
func-soft-adam,coherent,up-0.25,5004,0,2,1,1,0,0,0,7.27706241607666
func-soft-adam,coherent,up-0.25,5004,0,2,2,2,0,0,0,6.0514373779296875
func-soft-adam,coherent,up-0.25,5004,0,2,4,4,1,0,1,0.2999138832092285
func-soft-adam,coherent,up-0.25,5004,0,2,8,8,1,0,3,0.002987646497786045
func-soft-adam,coherent,up-0.25,5004,0,2,16,16,1,0,2,0.055299822241067886
func-soft-adam,coherent,up-0.25,5004,0,2,32,32,1,0,1,0.005426047835499048
func-soft-adam,coherent,up-0.25,5004,0,2,64,64,1,0,1,0.005357243120670319
func-soft-adam,coherent,up-0.25,5004,0,2,128,128,1,0,1,0.0029856476467102766
func-soft-adam,coherent,up-0.25,5004,0,2,256,256,1,0,1,0.0020002208184450865
func-soft-adam,coherent,up-0.25,5004,0,2,512,512,1,0,1,0.0015860702842473984
func-soft-adam,coherent,up-0.25,5004,0,2,1024,1024,1,0,1,0.001495493808761239
func-soft-adam,independent,up-0.25,5004,0,2,0,0,0,0,0,8.60258674621582
func-soft-adam,independent,up-0.25,5004,0,2,1,1,0,0,0,7.619617462158203
func-soft-adam,independent,up-0.25,5004,0,2,2,2,0,0,0,6.801846504211426
func-soft-adam,independent,up-0.25,5004,0,2,4,4,0,0,0,2.76581072807312
func-soft-adam,independent,up-0.25,5004,0,2,8,8,0,0,1,2.607152223587036
func-soft-adam,independent,up-0.25,5004,0,2,16,16,0,0,1,1.9193822145462036
func-soft-adam,independent,up-0.25,5004,0,2,32,32,1,0,1,0.029102958738803864
func-soft-adam,independent,up-0.25,5004,0,2,64,64,1,0,1,0.013576640747487545
func-soft-adam,independent,up-0.25,5004,0,2,128,128,1,0,1,0.004313315264880657
func-soft-adam,independent,up-0.25,5004,0,2,256,256,1,0,1,0.0025334095116704702
func-soft-adam,independent,up-0.25,5004,0,2,512,512,1,0,1,0.00180634087882936
func-soft-adam,independent,up-0.25,5004,0,2,1024,1024,1,0,1,0.0015479841968044639
func-soft-gn,coherent,up-0.25,5004,0,0,0,0,0,0,0,8.295112609863281
func-soft-gn,coherent,up-0.25,5004,0,0,1,1,0,0,0,7.951631546020508
func-soft-gn,coherent,up-0.25,5004,0,0,2,2,0,0,0,7.4204607009887695
func-soft-gn,coherent,up-0.25,5004,0,0,4,4,0,0,1,4.013494491577148
func-soft-gn,coherent,up-0.25,5004,0,0,8,8,1,1,0,0.005318477284163237
func-soft-gn,coherent,up-0.25,5004,0,0,16,16,1,1,0,0.001475377706810832
func-soft-gn,coherent,up-0.25,5004,0,0,32,32,1,1,0,0.0014632956590503454
func-soft-gn,coherent,up-0.25,5004,0,0,64,64,1,1,0,0.0014616292901337147
func-soft-gn,coherent,up-0.25,5004,0,0,128,128,1,1,0,0.0014604984316974878
func-soft-gn,coherent,up-0.25,5004,0,0,256,256,1,1,0,0.001459367573261261
func-soft-gn,coherent,up-0.25,5004,0,0,512,512,1,1,0,0.0014585938770323992
func-soft-gn,coherent,up-0.25,5004,0,0,1024,1024,1,1,0,0.0014579391572624445
func-soft-gn,independent,up-0.25,5004,0,0,0,0,0,0,0,8.718534469604492
func-soft-gn,independent,up-0.25,5004,0,0,1,1,0,0,0,8.129656791687012
func-soft-gn,independent,up-0.25,5004,0,0,2,2,0,0,2,6.9099884033203125
func-soft-gn,independent,up-0.25,5004,0,0,4,4,0,0,2,5.012279987335205
func-soft-gn,independent,up-0.25,5004,0,0,8,8,0,0,3,3.4265806674957275
func-soft-gn,independent,up-0.25,5004,0,0,16,16,0,0,2,3.0302371978759766
func-soft-gn,independent,up-0.25,5004,0,0,32,32,1,0,2,0.445278525352478
func-soft-gn,independent,up-0.25,5004,0,0,64,64,1,0,2,0.08921689540147781
func-soft-gn,independent,up-0.25,5004,0,0,128,128,1,1,0,0.00170460669323802
func-soft-gn,independent,up-0.25,5004,0,0,256,256,1,0,2,0.0015045999316498637
func-soft-gn,independent,up-0.25,5004,0,0,512,512,1,1,0,0.0014904947020113468
func-soft-gn,independent,up-0.25,5004,0,0,1024,1024,1,1,0,0.0014840074582025409
func-soft-gn,coherent,up-0.25,5004,0,1,0,0,0,0,0,8.253165245056152
func-soft-gn,coherent,up-0.25,5004,0,1,1,1,0,0,0,7.713169097900391
func-soft-gn,coherent,up-0.25,5004,0,1,2,2,0,0,1,5.13884973526001
func-soft-gn,coherent,up-0.25,5004,0,1,4,4,1,0,4,0.25935259461402893
func-soft-gn,coherent,up-0.25,5004,0,1,8,8,1,0,4,0.06004055589437485
func-soft-gn,coherent,up-0.25,5004,0,1,16,16,1,0,3,0.00798799004405737
func-soft-gn,coherent,up-0.25,5004,0,1,32,32,1,0,3,0.003660214599221945
func-soft-gn,coherent,up-0.25,5004,0,1,64,64,1,0,2,0.0016170153394341469
func-soft-gn,coherent,up-0.25,5004,0,1,128,128,1,1,0,0.0014909114688634872
func-soft-gn,coherent,up-0.25,5004,0,1,256,256,1,1,0,0.0014882928226143122
func-soft-gn,coherent,up-0.25,5004,0,1,512,512,1,1,0,0.001486924011260271
func-soft-gn,coherent,up-0.25,5004,0,1,1024,1024,1,1,0,0.0014860311057418585
func-soft-gn,independent,up-0.25,5004,0,1,0,0,0,0,0,8.307792663574219
func-soft-gn,independent,up-0.25,5004,0,1,1,1,0,0,0,7.658344268798828
func-soft-gn,independent,up-0.25,5004,0,1,2,2,0,0,1,3.197256088256836
func-soft-gn,independent,up-0.25,5004,0,1,4,4,0,0,6,2.5927224159240723
func-soft-gn,independent,up-0.25,5004,0,1,8,8,1,0,7,0.37616127729415894
func-soft-gn,independent,up-0.25,5004,0,1,16,16,1,0,6,0.21361221373081207
func-soft-gn,independent,up-0.25,5004,0,1,32,32,1,0,3,0.04550042748451233
func-soft-gn,independent,up-0.25,5004,0,1,64,64,1,0,4,0.02464338019490242
func-soft-gn,independent,up-0.25,5004,0,1,128,128,1,0,3,0.010408802889287472
func-soft-gn,independent,up-0.25,5004,0,1,256,256,1,0,1,0.0014899588422849774
func-soft-gn,independent,up-0.25,5004,0,1,512,512,1,0,1,0.0014713897835463285
func-soft-gn,independent,up-0.25,5004,0,1,1024,1024,1,0,1,0.0014672831166535616
func-soft-gn,coherent,up-0.25,5004,0,2,0,0,0,0,0,8.885496139526367
func-soft-gn,coherent,up-0.25,5004,0,2,1,1,0,0,0,7.596782684326172
func-soft-gn,coherent,up-0.25,5004,0,2,2,2,0,0,2,5.414971351623535
func-soft-gn,coherent,up-0.25,5004,0,2,4,4,0,0,0,0.8793404698371887
func-soft-gn,coherent,up-0.25,5004,0,2,8,8,1,0,1,0.07090508192777634
func-soft-gn,coherent,up-0.25,5004,0,2,16,16,1,0,1,0.018346380442380905
func-soft-gn,coherent,up-0.25,5004,0,2,32,32,1,0,1,0.00225600297562778
func-soft-gn,coherent,up-0.25,5004,0,2,64,64,1,0,1,0.0014510350301861763
func-soft-gn,coherent,up-0.25,5004,0,2,128,128,1,0,1,0.0014448452275246382
func-soft-gn,coherent,up-0.25,5004,0,2,256,256,1,0,1,0.0014434168115258217
func-soft-gn,coherent,up-0.25,5004,0,2,512,512,1,0,1,0.0014423454413190484
func-soft-gn,coherent,up-0.25,5004,0,2,1024,1024,1,0,1,0.001441155094653368
func-soft-gn,independent,up-0.25,5004,0,2,0,0,0,0,0,8.60258674621582
func-soft-gn,independent,up-0.25,5004,0,2,1,1,0,0,1,8.006439208984375
func-soft-gn,independent,up-0.25,5004,0,2,2,2,0,0,1,6.6056952476501465
func-soft-gn,independent,up-0.25,5004,0,2,4,4,0,0,1,2.8654565811157227
func-soft-gn,independent,up-0.25,5004,0,2,8,8,0,0,1,2.8108701705932617
func-soft-gn,independent,up-0.25,5004,0,2,16,16,0,0,1,2.6097984313964844
func-soft-gn,independent,up-0.25,5004,0,2,32,32,1,0,1,0.03409041836857796
func-soft-gn,independent,up-0.25,5004,0,2,64,64,1,0,1,0.00641572754830122
func-soft-gn,independent,up-0.25,5004,0,2,128,128,1,0,1,0.0021060144063085318
func-soft-gn,independent,up-0.25,5004,0,2,256,256,1,0,1,0.001454546581953764
func-soft-gn,independent,up-0.25,5004,0,2,512,512,1,0,1,0.0014508564490824938
func-soft-gn,independent,up-0.25,5004,0,2,1024,1024,1,0,1,0.0014496661024168134
repr-hard-adam,coherent,up-0.25,5004,0,0,0,0,0,0,0,8.295112609863281
repr-hard-adam,coherent,up-0.25,5004,0,0,1,1,0,0,0,7.938602447509766
repr-hard-adam,coherent,up-0.25,5004,0,0,2,2,0,0,0,7.728542804718018
repr-hard-adam,coherent,up-0.25,5004,0,0,4,4,0,0,0,7.3962249755859375
repr-hard-adam,coherent,up-0.25,5004,0,0,8,8,0,0,0,5.627501487731934
repr-hard-adam,coherent,up-0.25,5004,0,0,16,16,0,0,0,0.7971306443214417
repr-hard-adam,coherent,up-0.25,5004,0,0,32,32,1,1,0,0.006462231278419495
repr-hard-adam,coherent,up-0.25,5004,0,0,64,64,1,1,0,0.006131221540272236
repr-hard-adam,coherent,up-0.25,5004,0,0,128,128,1,1,0,0.0032871500588953495
repr-hard-adam,coherent,up-0.25,5004,0,0,256,256,1,1,0,0.0024647112004458904
repr-hard-adam,coherent,up-0.25,5004,0,0,512,512,1,1,0,0.0018540099263191223
repr-hard-adam,coherent,up-0.25,5004,0,0,1024,1024,1,1,0,0.001571432687342167
repr-hard-adam,independent,up-0.25,5004,0,0,0,0,0,0,0,8.718534469604492
repr-hard-adam,independent,up-0.25,5004,0,0,1,1,0,0,0,8.166946411132812
repr-hard-adam,independent,up-0.25,5004,0,0,2,2,0,0,0,7.891060829162598
repr-hard-adam,independent,up-0.25,5004,0,0,4,4,0,0,0,7.145378112792969
repr-hard-adam,independent,up-0.25,5004,0,0,8,8,0,0,0,5.3198418617248535
repr-hard-adam,independent,up-0.25,5004,0,0,16,16,0,0,0,3.1683192253112793
repr-hard-adam,independent,up-0.25,5004,0,0,32,32,0,0,0,2.655442953109741
repr-hard-adam,independent,up-0.25,5004,0,0,64,64,0,0,0,2.457923412322998
repr-hard-adam,independent,up-0.25,5004,0,0,128,128,0,0,0,0.44927090406417847
repr-hard-adam,independent,up-0.25,5004,0,0,256,256,1,1,0,0.05116315558552742
repr-hard-adam,independent,up-0.25,5004,0,0,512,512,1,1,0,0.014567934907972813
repr-hard-adam,independent,up-0.25,5004,0,0,1024,1024,1,0,1,0.019211767241358757
repr-hard-adam,coherent,up-0.25,5004,0,1,0,0,0,0,0,8.253165245056152
repr-hard-adam,coherent,up-0.25,5004,0,1,1,1,0,0,0,7.496943950653076
repr-hard-adam,coherent,up-0.25,5004,0,1,2,2,0,0,1,6.699073314666748
repr-hard-adam,coherent,up-0.25,5004,0,1,4,4,0,0,0,4.511807441711426
repr-hard-adam,coherent,up-0.25,5004,0,1,8,8,0,0,1,0.5843443870544434
repr-hard-adam,coherent,up-0.25,5004,0,1,16,16,1,0,1,0.007855527102947235
repr-hard-adam,coherent,up-0.25,5004,0,1,32,32,1,0,1,0.0025050858967006207
repr-hard-adam,coherent,up-0.25,5004,0,1,64,64,1,0,1,0.0020362541545182467
repr-hard-adam,coherent,up-0.25,5004,0,1,128,128,1,0,1,0.001799443969503045
repr-hard-adam,coherent,up-0.25,5004,0,1,256,256,1,1,0,0.0016855662688612938
repr-hard-adam,coherent,up-0.25,5004,0,1,512,512,1,1,0,0.0016006522346287966
repr-hard-adam,coherent,up-0.25,5004,0,1,1024,1024,1,1,0,0.0015667909756302834
repr-hard-adam,independent,up-0.25,5004,0,1,0,0,0,0,0,8.307792663574219
repr-hard-adam,independent,up-0.25,5004,0,1,1,1,0,0,0,7.935366153717041
repr-hard-adam,independent,up-0.25,5004,0,1,2,2,0,0,0,7.5068817138671875
repr-hard-adam,independent,up-0.25,5004,0,1,4,4,0,0,0,6.601122856140137
repr-hard-adam,independent,up-0.25,5004,0,1,8,8,0,0,2,4.00682258605957
repr-hard-adam,independent,up-0.25,5004,0,1,16,16,0,0,0,2.9482169151306152
repr-hard-adam,independent,up-0.25,5004,0,1,32,32,1,1,0,0.07796535640954971
repr-hard-adam,independent,up-0.25,5004,0,1,64,64,1,1,0,0.0066308798268437386
repr-hard-adam,independent,up-0.25,5004,0,1,128,128,1,1,0,0.004029278643429279
repr-hard-adam,independent,up-0.25,5004,0,1,256,256,1,1,0,0.0028020720928907394
repr-hard-adam,independent,up-0.25,5004,0,1,512,512,1,1,0,0.0020498379599303007
repr-hard-adam,independent,up-0.25,5004,0,1,1024,1024,1,1,0,0.0018221016507595778
repr-hard-adam,coherent,up-0.25,5004,0,2,0,0,0,0,0,8.885496139526367
repr-hard-adam,coherent,up-0.25,5004,0,2,1,1,0,0,0,8.208739280700684
repr-hard-adam,coherent,up-0.25,5004,0,2,2,2,0,0,0,7.832489013671875
repr-hard-adam,coherent,up-0.25,5004,0,2,4,4,0,0,0,7.089609622955322
repr-hard-adam,coherent,up-0.25,5004,0,2,8,8,0,0,1,5.583864212036133
repr-hard-adam,coherent,up-0.25,5004,0,2,16,16,0,0,1,3.7144055366516113
repr-hard-adam,coherent,up-0.25,5004,0,2,32,32,0,0,1,1.2459717988967896
repr-hard-adam,coherent,up-0.25,5004,0,2,64,64,1,0,1,0.051692813634872437
repr-hard-adam,coherent,up-0.25,5004,0,2,128,128,1,0,1,0.010775175876915455
repr-hard-adam,coherent,up-0.25,5004,0,2,256,256,1,0,1,0.0041295806877315044
repr-hard-adam,coherent,up-0.25,5004,0,2,512,512,1,0,1,0.002220951020717621
repr-hard-adam,coherent,up-0.25,5004,0,2,1024,1024,1,0,1,0.001734693767502904
repr-hard-adam,independent,up-0.25,5004,0,2,0,0,0,0,0,8.60258674621582
repr-hard-adam,independent,up-0.25,5004,0,2,1,1,0,0,0,8.212099075317383
repr-hard-adam,independent,up-0.25,5004,0,2,2,2,0,0,0,7.990335464477539
repr-hard-adam,independent,up-0.25,5004,0,2,4,4,0,0,0,7.539242744445801
repr-hard-adam,independent,up-0.25,5004,0,2,8,8,0,0,0,6.454685211181641
repr-hard-adam,independent,up-0.25,5004,0,2,16,16,0,0,1,4.970221519470215
repr-hard-adam,independent,up-0.25,5004,0,2,32,32,0,0,1,3.6244640350341797
repr-hard-adam,independent,up-0.25,5004,0,2,64,64,0,0,1,2.943753242492676
repr-hard-adam,independent,up-0.25,5004,0,2,128,128,0,0,1,2.6136693954467773
repr-hard-adam,independent,up-0.25,5004,0,2,256,256,1,0,1,0.0507456511259079
repr-hard-adam,independent,up-0.25,5004,0,2,512,512,1,0,3,0.010900299064815044
repr-hard-adam,independent,up-0.25,5004,0,2,1024,1024,1,0,4,0.02777058444917202
func-hard-gn,coherent,baseline,5004,1,0,0,0,0,0,0,8.971138000488281
func-hard-gn,coherent,baseline,5004,1,0,1,1,0,0,0,7.474937438964844
func-hard-gn,coherent,baseline,5004,1,0,2,2,0,0,1,4.5387654304504395
func-hard-gn,coherent,baseline,5004,1,0,4,4,0,0,1,2.112417697906494
func-hard-gn,coherent,baseline,5004,1,0,8,8,1,0,2,0.0658126100897789
func-hard-gn,coherent,baseline,5004,1,0,16,16,1,0,2,0.01242203451693058
func-hard-gn,coherent,baseline,5004,1,0,32,32,1,0,2,0.005279046017676592
func-hard-gn,coherent,baseline,5004,1,0,64,64,1,0,2,0.002473919652402401
func-hard-gn,coherent,baseline,5004,1,0,128,128,1,0,3,0.0016644445713609457
func-hard-gn,coherent,baseline,5004,1,0,256,256,1,0,3,0.0014894235646352172
func-hard-gn,coherent,baseline,5004,1,0,512,512,1,0,4,0.0014685927890241146
func-hard-gn,coherent,baseline,5004,1,0,1024,1024,1,0,4,0.0014647836796939373
func-hard-gn,independent,baseline,5004,1,0,0,0,0,0,0,8.55504322052002
func-hard-gn,independent,baseline,5004,1,0,1,1,0,0,0,6.901834011077881
func-hard-gn,independent,baseline,5004,1,0,2,2,0,0,0,5.146186351776123
func-hard-gn,independent,baseline,5004,1,0,4,4,0,0,1,3.568049907684326
func-hard-gn,independent,baseline,5004,1,0,8,8,0,0,1,0.8280428647994995
func-hard-gn,independent,baseline,5004,1,0,16,16,1,0,1,0.025704707950353622
func-hard-gn,independent,baseline,5004,1,0,32,32,1,0,1,0.01806827262043953
func-hard-gn,independent,baseline,5004,1,0,64,64,1,0,1,0.004526250064373016
func-hard-gn,independent,baseline,5004,1,0,128,128,1,0,1,0.0015965462662279606
func-hard-gn,independent,baseline,5004,1,0,256,256,1,0,1,0.001531083369627595
func-hard-gn,independent,baseline,5004,1,0,512,512,1,0,1,0.0015166210941970348
func-hard-gn,independent,baseline,5004,1,0,1024,1024,1,0,1,0.0015120978932827711
func-hard-gn,coherent,baseline,5004,1,1,0,0,0,0,0,8.615743637084961
func-hard-gn,coherent,baseline,5004,1,1,1,1,0,0,0,8.337686538696289
func-hard-gn,coherent,baseline,5004,1,1,2,2,0,0,1,8.010673522949219
func-hard-gn,coherent,baseline,5004,1,1,4,4,0,0,6,5.106690406799316
func-hard-gn,coherent,baseline,5004,1,1,8,8,0,0,4,3.206234931945801
func-hard-gn,coherent,baseline,5004,1,1,16,16,1,0,3,0.2440907210111618
func-hard-gn,coherent,baseline,5004,1,1,32,32,1,0,3,0.004696438554674387
func-hard-gn,coherent,baseline,5004,1,1,64,64,1,0,4,0.0016118998173624277
func-hard-gn,coherent,baseline,5004,1,1,128,128,1,0,3,0.0015642322832718492
func-hard-gn,coherent,baseline,5004,1,1,256,256,1,0,3,0.0015585788059979677
func-hard-gn,coherent,baseline,5004,1,1,512,512,1,0,3,0.0015576861333101988
func-hard-gn,coherent,baseline,5004,1,1,1024,1024,1,0,3,0.0015571503899991512
func-hard-gn,independent,baseline,5004,1,1,0,0,0,0,0,8.701461791992188
func-hard-gn,independent,baseline,5004,1,1,1,1,0,0,0,8.246625900268555
func-hard-gn,independent,baseline,5004,1,1,2,2,0,0,0,7.403830051422119
func-hard-gn,independent,baseline,5004,1,1,4,4,0,0,3,5.294083595275879
func-hard-gn,independent,baseline,5004,1,1,8,8,0,0,4,3.402968406677246
func-hard-gn,independent,baseline,5004,1,1,16,16,1,0,3,0.1024579182267189
func-hard-gn,independent,baseline,5004,1,1,32,32,1,0,3,0.01424045767635107
func-hard-gn,independent,baseline,5004,1,1,64,64,1,0,3,0.0027649113908410072
func-hard-gn,independent,baseline,5004,1,1,128,128,1,0,3,0.0015485158655792475
func-hard-gn,independent,baseline,5004,1,1,256,256,1,0,3,0.0015015002572908998
func-hard-gn,independent,baseline,5004,1,1,512,512,1,0,3,0.0014922161353752017
func-hard-gn,independent,baseline,5004,1,1,1024,1024,1,0,3,0.0014846579870209098
func-hard-gn,coherent,baseline,5004,1,2,0,0,0,0,0,8.089116096496582
func-hard-gn,coherent,baseline,5004,1,2,1,1,0,0,0,7.1549601554870605
func-hard-gn,coherent,baseline,5004,1,2,2,2,0,0,0,6.23373556137085
func-hard-gn,coherent,baseline,5004,1,2,4,4,0,0,0,4.695336818695068
func-hard-gn,coherent,baseline,5004,1,2,8,8,0,0,1,3.1311230659484863
func-hard-gn,coherent,baseline,5004,1,2,16,16,1,0,1,0.02175106108188629
func-hard-gn,coherent,baseline,5004,1,2,32,32,1,1,0,0.007967519573867321
func-hard-gn,coherent,baseline,5004,1,2,64,64,1,0,1,0.0014788892585784197
func-hard-gn,coherent,baseline,5004,1,2,128,128,1,1,0,0.0013929435517638922
func-hard-gn,coherent,baseline,5004,1,2,256,256,1,1,0,0.001387586584314704
func-hard-gn,coherent,baseline,5004,1,2,512,512,1,1,0,0.0013847891241312027
func-hard-gn,coherent,baseline,5004,1,2,1024,1024,1,1,0,0.0013836582656949759
func-hard-gn,independent,baseline,5004,1,2,0,0,0,0,0,8.3632173538208
func-hard-gn,independent,baseline,5004,1,2,1,1,0,0,0,7.8085432052612305
func-hard-gn,independent,baseline,5004,1,2,2,2,0,0,0,7.128333568572998
func-hard-gn,independent,baseline,5004,1,2,4,4,0,0,0,6.462612152099609
func-hard-gn,independent,baseline,5004,1,2,8,8,0,0,0,4.9750213623046875
func-hard-gn,independent,baseline,5004,1,2,16,16,0,0,2,3.8940865993499756
func-hard-gn,independent,baseline,5004,1,2,32,32,1,0,1,0.0016048778779804707
func-hard-gn,independent,baseline,5004,1,2,64,64,1,0,1,0.001454605022445321
func-hard-gn,independent,baseline,5004,1,2,128,128,1,1,0,0.0014322265051305294
func-hard-gn,independent,baseline,5004,1,2,256,256,1,1,0,0.0014278816524893045
func-hard-gn,independent,baseline,5004,1,2,512,512,1,1,0,0.0014244294725358486
func-hard-gn,independent,baseline,5004,1,2,1024,1024,1,1,0,0.0014235366834327579
func-soft-adam,coherent,baseline,5004,1,0,0,0,0,0,0,8.971138000488281
func-soft-adam,coherent,baseline,5004,1,0,1,1,0,0,4,0.567228376865387
func-soft-adam,coherent,baseline,5004,1,0,2,2,1,0,3,0.22521710395812988
func-soft-adam,coherent,baseline,5004,1,0,4,4,0,0,1,1.0866246223449707
func-soft-adam,coherent,baseline,5004,1,0,8,8,1,0,3,0.2244974821805954
func-soft-adam,coherent,baseline,5004,1,0,16,16,1,0,3,0.1391134411096573
func-soft-adam,coherent,baseline,5004,1,0,32,32,1,1,0,0.016473567113280296
func-soft-adam,coherent,baseline,5004,1,0,64,64,1,0,1,0.006142628379166126
func-soft-adam,coherent,baseline,5004,1,0,128,128,1,0,1,0.003906772006303072
func-soft-adam,coherent,baseline,5004,1,0,256,256,1,0,1,0.0025939051993191242
func-soft-adam,coherent,baseline,5004,1,0,512,512,1,0,1,0.0019142176024615765
func-soft-adam,coherent,baseline,5004,1,0,1024,1024,1,0,1,0.001597022172063589
func-soft-adam,independent,baseline,5004,1,0,0,0,0,0,0,8.55504322052002
func-soft-adam,independent,baseline,5004,1,0,1,1,0,0,4,3.991553783416748
func-soft-adam,independent,baseline,5004,1,0,2,2,0,0,2,4.229344844818115
func-soft-adam,independent,baseline,5004,1,0,4,4,0,0,2,3.903988838195801
func-soft-adam,independent,baseline,5004,1,0,8,8,0,0,2,3.318068742752075
func-soft-adam,independent,baseline,5004,1,0,16,16,0,0,1,2.659649133682251
func-soft-adam,independent,baseline,5004,1,0,32,32,0,0,2,0.4519643485546112
func-soft-adam,independent,baseline,5004,1,0,64,64,1,0,1,0.15060795843601227
func-soft-adam,independent,baseline,5004,1,0,128,128,1,0,1,0.002626886125653982
func-soft-adam,independent,baseline,5004,1,0,256,256,1,0,2,0.0019779885187745094
func-soft-adam,independent,baseline,5004,1,0,512,512,1,0,2,0.0017115718219429255
func-soft-adam,independent,baseline,5004,1,0,1024,1024,1,0,2,0.0016051752027124166
func-soft-adam,coherent,baseline,5004,1,1,0,0,0,0,0,8.615743637084961
func-soft-adam,coherent,baseline,5004,1,1,1,1,0,0,0,8.207290649414062
func-soft-adam,coherent,baseline,5004,1,1,2,2,0,0,2,6.285590648651123
func-soft-adam,coherent,baseline,5004,1,1,4,4,0,0,8,1.410671591758728
func-soft-adam,coherent,baseline,5004,1,1,8,8,1,0,5,0.07134345173835754
func-soft-adam,coherent,baseline,5004,1,1,16,16,1,0,4,0.06018921732902527
func-soft-adam,coherent,baseline,5004,1,1,32,32,1,0,2,0.07949952781200409
func-soft-adam,coherent,baseline,5004,1,1,64,64,1,0,2,0.008312004618346691
func-soft-adam,coherent,baseline,5004,1,1,128,128,1,0,3,0.0027746371924877167
func-soft-adam,coherent,baseline,5004,1,1,256,256,1,0,3,0.0021699154749512672
func-soft-adam,coherent,baseline,5004,1,1,512,512,1,0,3,0.0018904728349298239
func-soft-adam,coherent,baseline,5004,1,1,1024,1024,1,0,3,0.0016678355168551207
func-soft-adam,independent,baseline,5004,1,1,0,0,0,0,0,8.701461791992188
func-soft-adam,independent,baseline,5004,1,1,1,1,0,0,0,7.986505508422852
func-soft-adam,independent,baseline,5004,1,1,2,2,0,0,0,6.384886741638184
func-soft-adam,independent,baseline,5004,1,1,4,4,0,0,6,3.6526551246643066
func-soft-adam,independent,baseline,5004,1,1,8,8,0,0,5,1.5182713270187378
func-soft-adam,independent,baseline,5004,1,1,16,16,1,0,5,0.18233592808246613
func-soft-adam,independent,baseline,5004,1,1,32,32,1,0,3,0.34856998920440674
func-soft-adam,independent,baseline,5004,1,1,64,64,1,0,3,0.04132677614688873
func-soft-adam,independent,baseline,5004,1,1,128,128,1,0,3,0.0032081943936645985
func-soft-adam,independent,baseline,5004,1,1,256,256,1,0,3,0.001837466610595584
func-soft-adam,independent,baseline,5004,1,1,512,512,1,0,3,0.0015999346505850554
func-soft-adam,independent,baseline,5004,1,1,1024,1024,1,0,3,0.0015207247342914343
func-soft-adam,coherent,baseline,5004,1,2,0,0,0,0,0,8.089116096496582
func-soft-adam,coherent,baseline,5004,1,2,1,1,0,0,0,5.581826210021973
func-soft-adam,coherent,baseline,5004,1,2,2,2,1,0,2,0.4379782974720001
func-soft-adam,coherent,baseline,5004,1,2,4,4,1,0,4,0.004140372388064861
func-soft-adam,coherent,baseline,5004,1,2,8,8,0,0,2,0.3964691460132599
func-soft-adam,coherent,baseline,5004,1,2,16,16,1,0,1,0.1230962872505188
func-soft-adam,coherent,baseline,5004,1,2,32,32,1,1,0,0.025679687038064003
func-soft-adam,coherent,baseline,5004,1,2,64,64,1,0,1,0.010027202777564526
func-soft-adam,coherent,baseline,5004,1,2,128,128,1,1,0,0.005233666859567165
func-soft-adam,coherent,baseline,5004,1,2,256,256,1,1,0,0.0033397809602320194
func-soft-adam,coherent,baseline,5004,1,2,512,512,1,0,1,0.002404386643320322
func-soft-adam,coherent,baseline,5004,1,2,1024,1024,1,0,1,0.0018767297733575106
func-soft-adam,independent,baseline,5004,1,2,0,0,0,0,0,8.3632173538208
func-soft-adam,independent,baseline,5004,1,2,1,1,0,0,0,7.388486385345459
func-soft-adam,independent,baseline,5004,1,2,2,2,0,0,0,4.841093063354492
func-soft-adam,independent,baseline,5004,1,2,4,4,0,0,2,3.958226203918457
func-soft-adam,independent,baseline,5004,1,2,8,8,0,0,3,3.595362901687622
func-soft-adam,independent,baseline,5004,1,2,16,16,0,0,2,2.278927803039551
func-soft-adam,independent,baseline,5004,1,2,32,32,1,0,3,0.12045985460281372
func-soft-adam,independent,baseline,5004,1,2,64,64,1,1,0,0.019484106451272964
func-soft-adam,independent,baseline,5004,1,2,128,128,1,1,0,0.0037803323939442635
func-soft-adam,independent,baseline,5004,1,2,256,256,1,1,0,0.00200284062884748
func-soft-adam,independent,baseline,5004,1,2,512,512,1,1,0,0.0015805978327989578
func-soft-adam,independent,baseline,5004,1,2,1024,1024,1,1,0,0.0014711515977978706
func-soft-gn,coherent,baseline,5004,1,0,0,0,0,0,0,8.971138000488281
func-soft-gn,coherent,baseline,5004,1,0,1,1,0,0,0,7.551362991333008
func-soft-gn,coherent,baseline,5004,1,0,2,2,0,0,0,4.992889404296875
func-soft-gn,coherent,baseline,5004,1,0,4,4,1,0,2,0.07080838084220886
func-soft-gn,coherent,baseline,5004,1,0,8,8,1,0,2,0.030033141374588013
func-soft-gn,coherent,baseline,5004,1,0,16,16,1,0,1,0.011534858494997025
func-soft-gn,coherent,baseline,5004,1,0,32,32,1,0,2,0.0057937684468925
func-soft-gn,coherent,baseline,5004,1,0,64,64,1,0,2,0.002617049962282181
func-soft-gn,coherent,baseline,5004,1,0,128,128,1,0,3,0.001749532762914896
func-soft-gn,coherent,baseline,5004,1,0,256,256,1,0,3,0.0015219184570014477
func-soft-gn,coherent,baseline,5004,1,0,512,512,1,0,4,0.0014739492908120155
func-soft-gn,coherent,baseline,5004,1,0,1024,1024,1,0,4,0.0014668668154627085
func-soft-gn,independent,baseline,5004,1,0,0,0,0,0,0,8.55504322052002
func-soft-gn,independent,baseline,5004,1,0,1,1,0,0,0,6.832956314086914
func-soft-gn,independent,baseline,5004,1,0,2,2,0,0,2,3.8831019401550293
func-soft-gn,independent,baseline,5004,1,0,4,4,0,0,2,3.399254322052002
func-soft-gn,independent,baseline,5004,1,0,8,8,1,0,2,0.06841592490673065
func-soft-gn,independent,baseline,5004,1,0,16,16,1,0,1,0.03242601454257965
func-soft-gn,independent,baseline,5004,1,0,32,32,1,1,0,0.02145395427942276
func-soft-gn,independent,baseline,5004,1,0,64,64,1,0,1,0.00488605722784996
func-soft-gn,independent,baseline,5004,1,0,128,128,1,0,1,0.001674203434959054
func-soft-gn,independent,baseline,5004,1,0,256,256,1,0,1,0.0015366778243333101
func-soft-gn,independent,baseline,5004,1,0,512,512,1,0,1,0.0015197754837572575
func-soft-gn,independent,baseline,5004,1,0,1024,1024,1,0,1,0.0015138833550736308
func-soft-gn,coherent,baseline,5004,1,1,0,0,0,0,0,8.615743637084961
func-soft-gn,coherent,baseline,5004,1,1,1,1,0,0,0,8.345624923706055
func-soft-gn,coherent,baseline,5004,1,1,2,2,0,0,1,8.04384994506836
func-soft-gn,coherent,baseline,5004,1,1,4,4,0,0,3,5.000826835632324
func-soft-gn,coherent,baseline,5004,1,1,8,8,1,0,4,0.47274380922317505
func-soft-gn,coherent,baseline,5004,1,1,16,16,1,0,2,0.023792600259184837
func-soft-gn,coherent,baseline,5004,1,1,32,32,1,0,3,0.0030457996763288975
func-soft-gn,coherent,baseline,5004,1,1,64,64,1,0,3,0.0016951491124927998
func-soft-gn,coherent,baseline,5004,1,1,128,128,1,0,3,0.00156512507237494
func-soft-gn,coherent,baseline,5004,1,1,256,256,1,0,3,0.0015596499433740973
func-soft-gn,coherent,baseline,5004,1,1,512,512,1,0,3,0.0015585192013531923
func-soft-gn,coherent,baseline,5004,1,1,1024,1024,1,0,3,0.0015573885757476091
func-soft-gn,independent,baseline,5004,1,1,0,0,0,0,0,8.701461791992188
func-soft-gn,independent,baseline,5004,1,1,1,1,0,0,0,8.251219749450684
func-soft-gn,independent,baseline,5004,1,1,2,2,0,0,0,7.444506645202637
func-soft-gn,independent,baseline,5004,1,1,4,4,0,0,2,5.3024444580078125
func-soft-gn,independent,baseline,5004,1,1,8,8,0,0,9,0.7467716932296753
func-soft-gn,independent,baseline,5004,1,1,16,16,1,0,3,0.06506698578596115
func-soft-gn,independent,baseline,5004,1,1,32,32,1,0,3,0.0234596598893404
func-soft-gn,independent,baseline,5004,1,1,64,64,1,0,3,0.0017601832514628768
func-soft-gn,independent,baseline,5004,1,1,128,128,1,0,3,0.0015208418481051922
func-soft-gn,independent,baseline,5004,1,1,256,256,1,0,3,0.0015029881615191698
func-soft-gn,independent,baseline,5004,1,1,512,512,1,0,3,0.001493941992521286
func-soft-gn,independent,baseline,5004,1,1,1024,1024,1,0,2,0.0014867410063743591
func-soft-gn,coherent,baseline,5004,1,2,0,0,0,0,0,8.089116096496582
func-soft-gn,coherent,baseline,5004,1,2,1,1,0,0,0,7.17777156829834
func-soft-gn,coherent,baseline,5004,1,2,2,2,0,0,0,4.804067611694336
func-soft-gn,coherent,baseline,5004,1,2,4,4,1,0,4,0.005259857513010502
func-soft-gn,coherent,baseline,5004,1,2,8,8,1,0,2,0.11185559630393982
func-soft-gn,coherent,baseline,5004,1,2,16,16,1,0,2,0.08870809525251389
func-soft-gn,coherent,baseline,5004,1,2,32,32,1,0,2,0.026733919978141785
func-soft-gn,coherent,baseline,5004,1,2,64,64,1,0,1,0.0030785570852458477
func-soft-gn,coherent,baseline,5004,1,2,128,128,1,0,2,0.0015113845001906157
func-soft-gn,coherent,baseline,5004,1,2,256,256,1,0,1,0.0014034193009138107
func-soft-gn,coherent,baseline,5004,1,2,512,512,1,0,1,0.0013959197094663978
func-soft-gn,coherent,baseline,5004,1,2,1024,1024,1,0,1,0.0013916341122239828
func-soft-gn,independent,baseline,5004,1,2,0,0,0,0,0,8.3632173538208
func-soft-gn,independent,baseline,5004,1,2,1,1,0,0,0,7.844808578491211
func-soft-gn,independent,baseline,5004,1,2,2,2,0,0,0,5.849032878875732
func-soft-gn,independent,baseline,5004,1,2,4,4,0,0,0,5.034841537475586
func-soft-gn,independent,baseline,5004,1,2,8,8,0,0,1,4.201290607452393
func-soft-gn,independent,baseline,5004,1,2,16,16,0,0,0,4.1149797439575195
func-soft-gn,independent,baseline,5004,1,2,32,32,1,0,1,0.049254342913627625
func-soft-gn,independent,baseline,5004,1,2,64,64,1,1,0,0.0017536288360133767
func-soft-gn,independent,baseline,5004,1,2,128,128,1,1,0,0.0014377019833773375
func-soft-gn,independent,baseline,5004,1,2,256,256,1,1,0,0.0014293696731328964
func-soft-gn,independent,baseline,5004,1,2,512,512,1,1,0,0.0014251437969505787
func-soft-gn,independent,baseline,5004,1,2,1024,1024,1,1,0,0.001424250891432166
repr-hard-adam,coherent,baseline,5004,1,0,0,0,0,0,0,8.971138000488281
repr-hard-adam,coherent,baseline,5004,1,0,1,1,0,0,1,4.595492362976074
repr-hard-adam,coherent,baseline,5004,1,0,2,2,0,0,4,1.094914436340332
repr-hard-adam,coherent,baseline,5004,1,0,4,4,1,0,3,0.14653092622756958
repr-hard-adam,coherent,baseline,5004,1,0,8,8,1,0,3,0.2305794358253479
repr-hard-adam,coherent,baseline,5004,1,0,16,16,1,0,1,0.0661664679646492
repr-hard-adam,coherent,baseline,5004,1,0,32,32,1,1,0,0.012767444364726543
repr-hard-adam,coherent,baseline,5004,1,0,64,64,1,0,1,0.007165280170738697
repr-hard-adam,coherent,baseline,5004,1,0,128,128,1,0,1,0.005077918991446495
repr-hard-adam,coherent,baseline,5004,1,0,256,256,1,0,1,0.0037572055589407682
repr-hard-adam,coherent,baseline,5004,1,0,512,512,1,0,1,0.0028293372597545385
repr-hard-adam,coherent,baseline,5004,1,0,1024,1024,1,0,1,0.0022700137924402952
repr-hard-adam,independent,baseline,5004,1,0,0,0,0,0,0,8.55504322052002
repr-hard-adam,independent,baseline,5004,1,0,1,1,0,0,4,3.991553783416748
repr-hard-adam,independent,baseline,5004,1,0,2,2,0,0,4,3.8630096912384033
repr-hard-adam,independent,baseline,5004,1,0,4,4,0,0,3,3.479478359222412
repr-hard-adam,independent,baseline,5004,1,0,8,8,0,0,0,3.407942295074463
repr-hard-adam,independent,baseline,5004,1,0,16,16,0,0,0,3.136730909347534
repr-hard-adam,independent,baseline,5004,1,0,32,32,0,0,0,3.0594429969787598
repr-hard-adam,independent,baseline,5004,1,0,64,64,0,0,1,3.018435478210449
repr-hard-adam,independent,baseline,5004,1,0,128,128,0,0,1,3.0240023136138916
repr-hard-adam,independent,baseline,5004,1,0,256,256,0,0,2,3.02811598777771
repr-hard-adam,independent,baseline,5004,1,0,512,512,0,0,1,3.0517168045043945
repr-hard-adam,independent,baseline,5004,1,0,1024,1024,0,0,1,3.115954637527466
repr-hard-adam,coherent,baseline,5004,1,1,0,0,0,0,0,8.615743637084961
repr-hard-adam,coherent,baseline,5004,1,1,1,1,0,0,0,8.429784774780273
repr-hard-adam,coherent,baseline,5004,1,1,2,2,0,0,0,8.333381652832031
repr-hard-adam,coherent,baseline,5004,1,1,4,4,0,0,1,8.031627655029297
repr-hard-adam,coherent,baseline,5004,1,1,8,8,0,0,3,6.813353538513184
repr-hard-adam,coherent,baseline,5004,1,1,16,16,0,0,3,4.157948017120361
repr-hard-adam,coherent,baseline,5004,1,1,32,32,1,0,3,0.07045524567365646
repr-hard-adam,coherent,baseline,5004,1,1,64,64,1,0,3,0.004010068252682686
repr-hard-adam,coherent,baseline,5004,1,1,128,128,1,0,3,0.002804633229970932
repr-hard-adam,coherent,baseline,5004,1,1,256,256,1,0,3,0.002313201082870364
repr-hard-adam,coherent,baseline,5004,1,1,512,512,1,0,3,0.002057155128568411
repr-hard-adam,coherent,baseline,5004,1,1,1024,1024,1,0,2,0.0019053478026762605
repr-hard-adam,independent,baseline,5004,1,1,0,0,0,0,0,8.701461791992188
repr-hard-adam,independent,baseline,5004,1,1,1,1,0,0,0,8.393455505371094
repr-hard-adam,independent,baseline,5004,1,1,2,2,0,0,0,8.185874938964844
repr-hard-adam,independent,baseline,5004,1,1,4,4,0,0,0,7.7862749099731445
repr-hard-adam,independent,baseline,5004,1,1,8,8,0,0,2,7.087550640106201
repr-hard-adam,independent,baseline,5004,1,1,16,16,0,0,0,6.549672603607178
repr-hard-adam,independent,baseline,5004,1,1,32,32,0,0,2,5.550837516784668
repr-hard-adam,independent,baseline,5004,1,1,64,64,0,0,2,3.322026491165161
repr-hard-adam,independent,baseline,5004,1,1,128,128,1,0,2,0.004619983024895191
repr-hard-adam,independent,baseline,5004,1,1,256,256,1,0,2,0.003188778180629015
repr-hard-adam,independent,baseline,5004,1,1,512,512,1,0,2,0.002556384541094303
repr-hard-adam,independent,baseline,5004,1,1,1024,1024,1,0,2,0.0021517015993595123
repr-hard-adam,coherent,baseline,5004,1,2,0,0,0,0,0,8.089116096496582
repr-hard-adam,coherent,baseline,5004,1,2,1,1,0,0,0,7.135984420776367
repr-hard-adam,coherent,baseline,5004,1,2,2,2,0,0,0,6.418826580047607
repr-hard-adam,coherent,baseline,5004,1,2,4,4,0,0,0,4.764710903167725
repr-hard-adam,coherent,baseline,5004,1,2,8,8,0,0,1,1.7318143844604492
repr-hard-adam,coherent,baseline,5004,1,2,16,16,1,0,2,0.12797388434410095
repr-hard-adam,coherent,baseline,5004,1,2,32,32,1,0,2,0.01772034913301468
repr-hard-adam,coherent,baseline,5004,1,2,64,64,1,0,1,0.01623551920056343
repr-hard-adam,coherent,baseline,5004,1,2,128,128,1,0,1,0.007579652592539787
repr-hard-adam,coherent,baseline,5004,1,2,256,256,1,0,1,0.0038123028352856636
repr-hard-adam,coherent,baseline,5004,1,2,512,512,1,0,1,0.0019019301980733871
repr-hard-adam,coherent,baseline,5004,1,2,1024,1024,1,0,1,0.001530127483420074
repr-hard-adam,independent,baseline,5004,1,2,0,0,0,0,0,8.3632173538208
repr-hard-adam,independent,baseline,5004,1,2,1,1,0,0,0,7.966324806213379
repr-hard-adam,independent,baseline,5004,1,2,2,2,0,0,0,7.506422996520996
repr-hard-adam,independent,baseline,5004,1,2,4,4,0,0,1,4.905172824859619
repr-hard-adam,independent,baseline,5004,1,2,8,8,0,0,1,4.268557548522949
repr-hard-adam,independent,baseline,5004,1,2,16,16,0,0,0,4.195047378540039
repr-hard-adam,independent,baseline,5004,1,2,32,32,0,0,1,4.080043315887451
repr-hard-adam,independent,baseline,5004,1,2,64,64,0,0,0,4.096680641174316
repr-hard-adam,independent,baseline,5004,1,2,128,128,0,0,1,4.001842498779297
repr-hard-adam,independent,baseline,5004,1,2,256,256,0,0,2,3.939702272415161
repr-hard-adam,independent,baseline,5004,1,2,512,512,0,0,2,3.9055118560791016
repr-hard-adam,independent,baseline,5004,1,2,1024,1024,0,0,3,4.080392837524414
func-hard-gn,coherent,up-0.25,5004,1,0,0,0,0,0,0,9.029748916625977
func-hard-gn,coherent,up-0.25,5004,1,0,1,1,0,0,0,8.701177597045898
func-hard-gn,coherent,up-0.25,5004,1,0,2,2,0,0,0,8.452417373657227
func-hard-gn,coherent,up-0.25,5004,1,0,4,4,0,0,1,7.15959358215332
func-hard-gn,coherent,up-0.25,5004,1,0,8,8,0,0,1,4.5679426193237305
func-hard-gn,coherent,up-0.25,5004,1,0,16,16,0,0,1,1.065921664237976
func-hard-gn,coherent,up-0.25,5004,1,0,32,32,1,0,1,0.016012076288461685
func-hard-gn,coherent,up-0.25,5004,1,0,64,64,1,0,1,0.005185781046748161
func-hard-gn,coherent,up-0.25,5004,1,0,128,128,1,0,1,0.0017860454972833395
func-hard-gn,coherent,up-0.25,5004,1,0,256,256,1,0,1,0.0015299530932679772
func-hard-gn,coherent,up-0.25,5004,1,0,512,512,1,0,1,0.0015185859519988298
func-hard-gn,coherent,up-0.25,5004,1,0,1024,1024,1,0,1,0.0015158483292907476
func-hard-gn,independent,up-0.25,5004,1,0,0,0,0,0,0,8.935302734375
func-hard-gn,independent,up-0.25,5004,1,0,1,1,0,0,0,8.779268264770508
func-hard-gn,independent,up-0.25,5004,1,0,2,2,0,0,0,8.604900360107422
func-hard-gn,independent,up-0.25,5004,1,0,4,4,0,0,0,8.144735336303711
func-hard-gn,independent,up-0.25,5004,1,0,8,8,0,0,1,6.656755447387695
func-hard-gn,independent,up-0.25,5004,1,0,16,16,0,0,1,2.801466941833496
func-hard-gn,independent,up-0.25,5004,1,0,32,32,1,0,1,0.05287693440914154
func-hard-gn,independent,up-0.25,5004,1,0,64,64,1,0,1,0.006905160378664732
func-hard-gn,independent,up-0.25,5004,1,0,128,128,1,0,2,0.0019869504030793905
func-hard-gn,independent,up-0.25,5004,1,0,256,256,1,0,1,0.0016387952491641045
func-hard-gn,independent,up-0.25,5004,1,0,512,512,1,0,1,0.0016191573813557625
func-hard-gn,independent,up-0.25,5004,1,0,1024,1024,1,0,2,0.0016049339901655912
func-hard-gn,coherent,up-0.25,5004,1,1,0,0,0,0,0,8.675640106201172
func-hard-gn,coherent,up-0.25,5004,1,1,1,1,0,0,0,8.287515640258789
func-hard-gn,coherent,up-0.25,5004,1,1,2,2,0,0,0,7.708741188049316
func-hard-gn,coherent,up-0.25,5004,1,1,4,4,0,0,0,5.542591571807861
func-hard-gn,coherent,up-0.25,5004,1,1,8,8,1,0,2,0.4719333052635193
func-hard-gn,coherent,up-0.25,5004,1,1,16,16,1,0,2,0.06066924333572388
func-hard-gn,coherent,up-0.25,5004,1,1,32,32,1,0,2,0.008736280724406242
func-hard-gn,coherent,up-0.25,5004,1,1,64,64,1,0,2,0.002521103248000145
func-hard-gn,coherent,up-0.25,5004,1,1,128,128,1,0,2,0.0016853903653100133
func-hard-gn,coherent,up-0.25,5004,1,1,256,256,1,0,1,0.0016814630944281816
func-hard-gn,coherent,up-0.25,5004,1,1,512,512,1,0,1,0.001680511049926281
func-hard-gn,coherent,up-0.25,5004,1,1,1024,1024,1,0,1,0.001679737470112741
func-hard-gn,independent,up-0.25,5004,1,1,0,0,0,0,0,8.807743072509766
func-hard-gn,independent,up-0.25,5004,1,1,1,1,0,0,0,8.615371704101562
func-hard-gn,independent,up-0.25,5004,1,1,2,2,0,0,0,8.329169273376465
func-hard-gn,independent,up-0.25,5004,1,1,4,4,0,0,0,7.140559196472168
func-hard-gn,independent,up-0.25,5004,1,1,8,8,0,0,2,3.6390554904937744
func-hard-gn,independent,up-0.25,5004,1,1,16,16,0,0,2,3.1401333808898926
func-hard-gn,independent,up-0.25,5004,1,1,32,32,1,0,2,0.005109514109790325
func-hard-gn,independent,up-0.25,5004,1,1,64,64,1,0,2,0.0034617497585713863
func-hard-gn,independent,up-0.25,5004,1,1,128,128,1,0,3,0.0016202277038246393
func-hard-gn,independent,up-0.25,5004,1,1,256,256,1,0,2,0.001600053277797997
func-hard-gn,independent,up-0.25,5004,1,1,512,512,1,0,1,0.0015918407589197159
func-hard-gn,independent,up-0.25,5004,1,1,1024,1024,1,0,1,0.0015878535341471434
func-hard-gn,coherent,up-0.25,5004,1,2,0,0,0,0,0,8.167062759399414
func-hard-gn,coherent,up-0.25,5004,1,2,1,1,0,0,0,7.779350280761719
func-hard-gn,coherent,up-0.25,5004,1,2,2,2,0,0,0,7.393032550811768
func-hard-gn,coherent,up-0.25,5004,1,2,4,4,0,0,1,4.3091583251953125
func-hard-gn,coherent,up-0.25,5004,1,2,8,8,0,0,1,3.672086715698242
func-hard-gn,coherent,up-0.25,5004,1,2,16,16,0,0,1,0.7855737209320068
func-hard-gn,coherent,up-0.25,5004,1,2,32,32,1,1,0,0.027935637161135674
func-hard-gn,coherent,up-0.25,5004,1,2,64,64,1,1,0,0.004748406819999218
func-hard-gn,coherent,up-0.25,5004,1,2,128,128,1,1,0,0.001519062090665102
func-hard-gn,coherent,up-0.25,5004,1,2,256,256,1,1,0,0.0015038858400657773
func-hard-gn,coherent,up-0.25,5004,1,2,512,512,1,1,0,0.0014951966004446149
func-hard-gn,coherent,up-0.25,5004,1,2,1024,1024,1,1,0,0.0014921018155291677
func-hard-gn,independent,up-0.25,5004,1,2,0,0,0,0,0,8.446525573730469
func-hard-gn,independent,up-0.25,5004,1,2,1,1,0,0,0,8.040672302246094
func-hard-gn,independent,up-0.25,5004,1,2,2,2,0,0,0,6.802110195159912
func-hard-gn,independent,up-0.25,5004,1,2,4,4,0,0,1,3.6127426624298096
func-hard-gn,independent,up-0.25,5004,1,2,8,8,0,0,0,3.0968964099884033
func-hard-gn,independent,up-0.25,5004,1,2,16,16,0,0,0,2.9779341220855713
func-hard-gn,independent,up-0.25,5004,1,2,32,32,0,0,1,0.5837877988815308
func-hard-gn,independent,up-0.25,5004,1,2,64,64,1,0,2,0.005449573043733835
func-hard-gn,independent,up-0.25,5004,1,2,128,128,1,0,2,0.0019108150154352188
func-hard-gn,independent,up-0.25,5004,1,2,256,256,1,1,0,0.001534238108433783
func-hard-gn,independent,up-0.25,5004,1,2,512,512,1,1,0,0.0015192406717687845
func-hard-gn,independent,up-0.25,5004,1,2,1024,1024,1,1,0,0.0015128725208342075
func-soft-adam,coherent,up-0.25,5004,1,0,0,0,0,0,0,9.029748916625977
func-soft-adam,coherent,up-0.25,5004,1,0,1,1,0,0,0,8.645796775817871
func-soft-adam,coherent,up-0.25,5004,1,0,2,2,0,0,0,8.009086608886719
func-soft-adam,coherent,up-0.25,5004,1,0,4,4,0,0,1,6.522577285766602
func-soft-adam,coherent,up-0.25,5004,1,0,8,8,1,0,2,0.22778402268886566
func-soft-adam,coherent,up-0.25,5004,1,0,16,16,1,0,1,0.1285708099603653
func-soft-adam,coherent,up-0.25,5004,1,0,32,32,1,0,1,0.0383615605533123
func-soft-adam,coherent,up-0.25,5004,1,0,64,64,1,0,1,0.0033193379640579224
func-soft-adam,coherent,up-0.25,5004,1,0,128,128,1,0,1,0.0032404677476733923
func-soft-adam,coherent,up-0.25,5004,1,0,256,256,1,0,1,0.002435956848785281
func-soft-adam,coherent,up-0.25,5004,1,0,512,512,1,0,1,0.0019158058566972613
func-soft-adam,coherent,up-0.25,5004,1,0,1024,1024,1,0,1,0.0017071077600121498
func-soft-adam,independent,up-0.25,5004,1,0,0,0,0,0,0,8.935302734375
func-soft-adam,independent,up-0.25,5004,1,0,1,1,0,0,0,8.764236450195312
func-soft-adam,independent,up-0.25,5004,1,0,2,2,0,0,0,8.582108497619629
func-soft-adam,independent,up-0.25,5004,1,0,4,4,0,0,0,8.314044952392578
func-soft-adam,independent,up-0.25,5004,1,0,8,8,0,0,1,6.2258076667785645
func-soft-adam,independent,up-0.25,5004,1,0,16,16,0,0,3,2.051347494125366
func-soft-adam,independent,up-0.25,5004,1,0,32,32,1,0,3,0.08508171141147614
func-soft-adam,independent,up-0.25,5004,1,0,64,64,1,0,3,0.03337820619344711
func-soft-adam,independent,up-0.25,5004,1,0,128,128,1,0,2,0.00785778183490038
func-soft-adam,independent,up-0.25,5004,1,0,256,256,1,0,2,0.003471196163445711
func-soft-adam,independent,up-0.25,5004,1,0,512,512,1,0,2,0.0022131013683974743
func-soft-adam,independent,up-0.25,5004,1,0,1024,1024,1,0,1,0.0018369954777881503
func-soft-adam,coherent,up-0.25,5004,1,1,0,0,0,0,0,8.675640106201172
func-soft-adam,coherent,up-0.25,5004,1,1,1,1,0,0,0,8.298027992248535
func-soft-adam,coherent,up-0.25,5004,1,1,2,2,0,0,0,7.742870330810547
func-soft-adam,coherent,up-0.25,5004,1,1,4,4,0,0,0,6.020730972290039
func-soft-adam,coherent,up-0.25,5004,1,1,8,8,1,0,2,0.11051556468009949
func-soft-adam,coherent,up-0.25,5004,1,1,16,16,1,0,4,0.004244898445904255
func-soft-adam,coherent,up-0.25,5004,1,1,32,32,1,0,4,0.2527617812156677
func-soft-adam,coherent,up-0.25,5004,1,1,64,64,1,0,4,0.06885530054569244
func-soft-adam,coherent,up-0.25,5004,1,1,128,128,1,0,2,0.007190339267253876
func-soft-adam,coherent,up-0.25,5004,1,1,256,256,1,0,1,0.002474576234817505
func-soft-adam,coherent,up-0.25,5004,1,1,512,512,1,0,1,0.0018522258615121245
func-soft-adam,coherent,up-0.25,5004,1,1,1024,1024,1,0,1,0.001738347695209086
func-soft-adam,independent,up-0.25,5004,1,1,0,0,0,0,0,8.807743072509766
func-soft-adam,independent,up-0.25,5004,1,1,1,1,0,0,0,8.62797737121582
func-soft-adam,independent,up-0.25,5004,1,1,2,2,0,0,0,8.376070022583008
func-soft-adam,independent,up-0.25,5004,1,1,4,4,0,0,0,7.39652156829834
func-soft-adam,independent,up-0.25,5004,1,1,8,8,0,0,2,3.532058000564575
func-soft-adam,independent,up-0.25,5004,1,1,16,16,0,0,2,3.3264708518981934
func-soft-adam,independent,up-0.25,5004,1,1,32,32,0,0,4,2.7955434322357178
func-soft-adam,independent,up-0.25,5004,1,1,64,64,1,0,4,0.10023552179336548
func-soft-adam,independent,up-0.25,5004,1,1,128,128,1,0,4,0.010540918447077274
func-soft-adam,independent,up-0.25,5004,1,1,256,256,1,0,4,0.0038111500907689333
func-soft-adam,independent,up-0.25,5004,1,1,512,512,1,0,3,0.002229581121355295
func-soft-adam,independent,up-0.25,5004,1,1,1024,1024,1,0,3,0.0017782117938622832
func-soft-adam,coherent,up-0.25,5004,1,2,0,0,0,0,0,8.167062759399414
func-soft-adam,coherent,up-0.25,5004,1,2,1,1,0,0,0,7.21653938293457
func-soft-adam,coherent,up-0.25,5004,1,2,2,2,0,0,1,5.078263759613037
func-soft-adam,coherent,up-0.25,5004,1,2,4,4,0,0,2,0.5756729245185852
func-soft-adam,coherent,up-0.25,5004,1,2,8,8,1,0,4,0.01465955376625061
func-soft-adam,coherent,up-0.25,5004,1,2,16,16,0,0,1,0.44522660970687866
func-soft-adam,coherent,up-0.25,5004,1,2,32,32,1,0,1,0.03699440509080887
func-soft-adam,coherent,up-0.25,5004,1,2,64,64,1,1,0,0.005629184190183878
func-soft-adam,coherent,up-0.25,5004,1,2,128,128,1,1,0,0.002607476431876421
func-soft-adam,coherent,up-0.25,5004,1,2,256,256,1,1,0,0.0017343556974083185
func-soft-adam,coherent,up-0.25,5004,1,2,512,512,1,1,0,0.0016077933833003044
func-soft-adam,coherent,up-0.25,5004,1,2,1024,1024,1,1,0,0.0015480449656024575
func-soft-adam,independent,up-0.25,5004,1,2,0,0,0,0,0,8.446525573730469
func-soft-adam,independent,up-0.25,5004,1,2,1,1,0,0,0,7.1250691413879395
func-soft-adam,independent,up-0.25,5004,1,2,2,2,0,0,1,4.040030002593994
func-soft-adam,independent,up-0.25,5004,1,2,4,4,0,0,4,3.6924378871917725
func-soft-adam,independent,up-0.25,5004,1,2,8,8,0,0,0,3.6134636402130127
func-soft-adam,independent,up-0.25,5004,1,2,16,16,0,0,0,3.405319929122925
func-soft-adam,independent,up-0.25,5004,1,2,32,32,0,0,0,3.083144426345825
func-soft-adam,independent,up-0.25,5004,1,2,64,64,1,0,1,0.10038379579782486
func-soft-adam,independent,up-0.25,5004,1,2,128,128,1,1,0,0.0072015440091490746
func-soft-adam,independent,up-0.25,5004,1,2,256,256,1,1,0,0.0035127471201121807
func-soft-adam,independent,up-0.25,5004,1,2,512,512,1,0,1,0.0021481632720679045
func-soft-adam,independent,up-0.25,5004,1,2,1024,1024,1,0,1,0.0017295412253588438
func-soft-gn,coherent,up-0.25,5004,1,0,0,0,0,0,0,9.029748916625977
func-soft-gn,coherent,up-0.25,5004,1,0,1,1,0,0,0,8.704225540161133
func-soft-gn,coherent,up-0.25,5004,1,0,2,2,0,0,0,8.100300788879395
func-soft-gn,coherent,up-0.25,5004,1,0,4,4,0,0,1,5.856506824493408
func-soft-gn,coherent,up-0.25,5004,1,0,8,8,0,0,1,4.907571792602539
func-soft-gn,coherent,up-0.25,5004,1,0,16,16,1,0,1,0.021781358867883682
func-soft-gn,coherent,up-0.25,5004,1,0,32,32,1,0,1,0.0037899413146078587
func-soft-gn,coherent,up-0.25,5004,1,0,64,64,1,0,1,0.0015958324074745178
func-soft-gn,coherent,up-0.25,5004,1,0,128,128,1,0,1,0.001537511358037591
func-soft-gn,coherent,up-0.25,5004,1,0,256,256,1,0,1,0.0015226328978314996
func-soft-gn,coherent,up-0.25,5004,1,0,512,512,1,0,1,0.0015176336746662855
func-soft-gn,coherent,up-0.25,5004,1,0,1024,1024,1,0,1,0.0015157293528318405
func-soft-gn,independent,up-0.25,5004,1,0,0,0,0,0,0,8.935302734375
func-soft-gn,independent,up-0.25,5004,1,0,1,1,0,0,0,8.781874656677246
func-soft-gn,independent,up-0.25,5004,1,0,2,2,0,0,0,8.610366821289062
func-soft-gn,independent,up-0.25,5004,1,0,4,4,0,0,0,8.271900177001953
func-soft-gn,independent,up-0.25,5004,1,0,8,8,0,0,2,5.403021812438965
func-soft-gn,independent,up-0.25,5004,1,0,16,16,0,0,1,2.0641350746154785
func-soft-gn,independent,up-0.25,5004,1,0,32,32,1,0,3,0.08700312674045563
func-soft-gn,independent,up-0.25,5004,1,0,64,64,1,0,2,0.007932199165225029
func-soft-gn,independent,up-0.25,5004,1,0,128,128,1,0,1,0.0017971326597034931
func-soft-gn,independent,up-0.25,5004,1,0,256,256,1,0,1,0.0016329633072018623
func-soft-gn,independent,up-0.25,5004,1,0,512,512,1,0,2,0.0016102304216474295
func-soft-gn,independent,up-0.25,5004,1,0,1024,1024,1,0,2,0.0016039223410189152
func-soft-gn,coherent,up-0.25,5004,1,1,0,0,0,0,0,8.675640106201172
func-soft-gn,coherent,up-0.25,5004,1,1,1,1,0,0,0,8.291807174682617
func-soft-gn,coherent,up-0.25,5004,1,1,2,2,0,0,0,7.722227096557617
func-soft-gn,coherent,up-0.25,5004,1,1,4,4,0,0,0,5.611550331115723
func-soft-gn,coherent,up-0.25,5004,1,1,8,8,1,0,2,0.036838237196207047
func-soft-gn,coherent,up-0.25,5004,1,1,16,16,1,0,2,0.03723379969596863
func-soft-gn,coherent,up-0.25,5004,1,1,32,32,1,0,2,0.015216721221804619
func-soft-gn,coherent,up-0.25,5004,1,1,64,64,1,0,2,0.0017612534575164318
func-soft-gn,coherent,up-0.25,5004,1,1,128,128,1,0,1,0.0016831887187436223
func-soft-gn,coherent,up-0.25,5004,1,1,256,256,1,0,1,0.0016814630944281816
func-soft-gn,coherent,up-0.25,5004,1,1,512,512,1,0,1,0.001680272980593145
func-soft-gn,coherent,up-0.25,5004,1,1,1024,1024,1,0,1,0.0016797969583421946
func-soft-gn,independent,up-0.25,5004,1,1,0,0,0,0,0,8.807743072509766
func-soft-gn,independent,up-0.25,5004,1,1,1,1,0,0,0,8.61513900756836
func-soft-gn,independent,up-0.25,5004,1,1,2,2,0,0,0,8.327922821044922
func-soft-gn,independent,up-0.25,5004,1,1,4,4,0,0,0,7.1295928955078125
func-soft-gn,independent,up-0.25,5004,1,1,8,8,0,0,2,3.5923376083374023
func-soft-gn,independent,up-0.25,5004,1,1,16,16,0,0,2,3.4396023750305176
func-soft-gn,independent,up-0.25,5004,1,1,32,32,1,0,2,0.03745497390627861
func-soft-gn,independent,up-0.25,5004,1,1,64,64,1,0,2,0.030284380540251732
func-soft-gn,independent,up-0.25,5004,1,1,128,128,1,0,3,0.001993561629205942
func-soft-gn,independent,up-0.25,5004,1,1,256,256,1,0,2,0.0016027905512601137
func-soft-gn,independent,up-0.25,5004,1,1,512,512,1,0,2,0.001593090477399528
func-soft-gn,independent,up-0.25,5004,1,1,1024,1024,1,0,1,0.001588151091709733
func-soft-gn,coherent,up-0.25,5004,1,2,0,0,0,0,0,8.167062759399414
func-soft-gn,coherent,up-0.25,5004,1,2,1,1,0,0,0,7.7593817710876465
func-soft-gn,coherent,up-0.25,5004,1,2,2,2,0,0,1,6.368729114532471
func-soft-gn,coherent,up-0.25,5004,1,2,4,4,0,0,2,1.7301639318466187
func-soft-gn,coherent,up-0.25,5004,1,2,8,8,1,0,2,0.23401252925395966
func-soft-gn,coherent,up-0.25,5004,1,2,16,16,1,0,2,0.11318384855985641
func-soft-gn,coherent,up-0.25,5004,1,2,32,32,1,1,0,0.01855083741247654
func-soft-gn,coherent,up-0.25,5004,1,2,64,64,1,0,2,0.004266675561666489
func-soft-gn,coherent,up-0.25,5004,1,2,128,128,1,1,0,0.0015334049239754677
func-soft-gn,coherent,up-0.25,5004,1,2,256,256,1,1,0,0.0015122774057090282
func-soft-gn,coherent,up-0.25,5004,1,2,512,512,1,1,0,0.0014987676404416561
func-soft-gn,coherent,up-0.25,5004,1,2,1024,1024,1,1,0,0.0014940062537789345
func-soft-gn,independent,up-0.25,5004,1,2,0,0,0,0,0,8.446525573730469
func-soft-gn,independent,up-0.25,5004,1,2,1,1,0,0,0,8.053149223327637
func-soft-gn,independent,up-0.25,5004,1,2,2,2,0,0,0,6.898685455322266
func-soft-gn,independent,up-0.25,5004,1,2,4,4,0,0,1,3.1763274669647217
func-soft-gn,independent,up-0.25,5004,1,2,8,8,0,0,0,3.0370659828186035
func-soft-gn,independent,up-0.25,5004,1,2,16,16,0,0,0,2.9151885509490967
func-soft-gn,independent,up-0.25,5004,1,2,32,32,0,0,0,1.0209330320358276
func-soft-gn,independent,up-0.25,5004,1,2,64,64,1,0,1,0.002611085306853056
func-soft-gn,independent,up-0.25,5004,1,2,128,128,1,1,0,0.0015638751210644841
func-soft-gn,independent,up-0.25,5004,1,2,256,256,1,1,0,0.0015298936050385237
func-soft-gn,independent,up-0.25,5004,1,2,512,512,1,1,0,0.0015185264637693763
func-soft-gn,independent,up-0.25,5004,1,2,1024,1024,1,1,0,0.0015122179174795747
repr-hard-adam,coherent,up-0.25,5004,1,0,0,0,0,0,0,9.029748916625977
repr-hard-adam,coherent,up-0.25,5004,1,0,1,1,0,0,0,8.645796775817871
repr-hard-adam,coherent,up-0.25,5004,1,0,2,2,0,0,0,8.463099479675293
repr-hard-adam,coherent,up-0.25,5004,1,0,4,4,0,0,0,8.13082218170166
repr-hard-adam,coherent,up-0.25,5004,1,0,8,8,0,0,0,7.25811767578125
repr-hard-adam,coherent,up-0.25,5004,1,0,16,16,0,0,0,5.145179748535156
repr-hard-adam,coherent,up-0.25,5004,1,0,32,32,0,0,0,4.6265764236450195
repr-hard-adam,coherent,up-0.25,5004,1,0,64,64,0,0,2,4.519556045532227
repr-hard-adam,coherent,up-0.25,5004,1,0,128,128,0,0,2,4.274855613708496
repr-hard-adam,coherent,up-0.25,5004,1,0,256,256,0,0,2,3.8694868087768555
repr-hard-adam,coherent,up-0.25,5004,1,0,512,512,0,0,2,4.06029748916626
repr-hard-adam,coherent,up-0.25,5004,1,0,1024,1024,0,0,2,4.5225653648376465
repr-hard-adam,independent,up-0.25,5004,1,0,0,0,0,0,0,8.935302734375
repr-hard-adam,independent,up-0.25,5004,1,0,1,1,0,0,0,8.850643157958984
repr-hard-adam,independent,up-0.25,5004,1,0,2,2,0,0,0,8.785228729248047
repr-hard-adam,independent,up-0.25,5004,1,0,4,4,0,0,0,8.690680503845215
repr-hard-adam,independent,up-0.25,5004,1,0,8,8,0,0,0,8.62219524383545
repr-hard-adam,independent,up-0.25,5004,1,0,16,16,0,0,0,8.3623046875
repr-hard-adam,independent,up-0.25,5004,1,0,32,32,0,0,0,7.589447975158691
repr-hard-adam,independent,up-0.25,5004,1,0,64,64,0,0,0,5.890471458435059
repr-hard-adam,independent,up-0.25,5004,1,0,128,128,0,0,1,4.626092433929443
repr-hard-adam,independent,up-0.25,5004,1,0,256,256,0,0,2,3.90386700630188
repr-hard-adam,independent,up-0.25,5004,1,0,512,512,0,0,2,3.9970145225524902
repr-hard-adam,independent,up-0.25,5004,1,0,1024,1024,0,0,2,4.656404972076416
repr-hard-adam,coherent,up-0.25,5004,1,1,0,0,0,0,0,8.675640106201172
repr-hard-adam,coherent,up-0.25,5004,1,1,1,1,0,0,0,8.298027992248535
repr-hard-adam,coherent,up-0.25,5004,1,1,2,2,0,0,0,8.143608093261719
repr-hard-adam,coherent,up-0.25,5004,1,1,4,4,0,0,0,7.795121669769287
repr-hard-adam,coherent,up-0.25,5004,1,1,8,8,0,0,0,7.610206127166748
repr-hard-adam,coherent,up-0.25,5004,1,1,16,16,0,0,0,7.330235958099365
repr-hard-adam,coherent,up-0.25,5004,1,1,32,32,0,0,0,6.9870710372924805
repr-hard-adam,coherent,up-0.25,5004,1,1,64,64,0,0,0,6.44373893737793
repr-hard-adam,coherent,up-0.25,5004,1,1,128,128,0,0,0,6.136701583862305
repr-hard-adam,coherent,up-0.25,5004,1,1,256,256,0,0,0,6.02734375
repr-hard-adam,coherent,up-0.25,5004,1,1,512,512,0,0,0,6.428680419921875
repr-hard-adam,coherent,up-0.25,5004,1,1,1024,1024,0,0,0,7.2077460289001465
repr-hard-adam,independent,up-0.25,5004,1,1,0,0,0,0,0,8.807743072509766
repr-hard-adam,independent,up-0.25,5004,1,1,1,1,0,0,0,8.62797737121582
repr-hard-adam,independent,up-0.25,5004,1,1,2,2,0,0,0,8.560552597045898
repr-hard-adam,independent,up-0.25,5004,1,1,4,4,0,0,0,8.463141441345215
repr-hard-adam,independent,up-0.25,5004,1,1,8,8,0,0,0,8.338985443115234
repr-hard-adam,independent,up-0.25,5004,1,1,16,16,0,0,0,8.204683303833008
repr-hard-adam,independent,up-0.25,5004,1,1,32,32,0,0,0,7.989439964294434
repr-hard-adam,independent,up-0.25,5004,1,1,64,64,0,0,0,7.711151123046875
repr-hard-adam,independent,up-0.25,5004,1,1,128,128,0,0,0,7.632840633392334
repr-hard-adam,independent,up-0.25,5004,1,1,256,256,0,0,0,7.612634658813477
repr-hard-adam,independent,up-0.25,5004,1,1,512,512,0,0,0,7.860420227050781
repr-hard-adam,independent,up-0.25,5004,1,1,1024,1024,0,0,0,8.406405448913574
repr-hard-adam,coherent,up-0.25,5004,1,2,0,0,0,0,0,8.167062759399414
repr-hard-adam,coherent,up-0.25,5004,1,2,1,1,0,0,0,7.780361175537109
repr-hard-adam,coherent,up-0.25,5004,1,2,2,2,0,0,0,7.340742111206055
repr-hard-adam,coherent,up-0.25,5004,1,2,4,4,0,0,0,6.4964141845703125
repr-hard-adam,coherent,up-0.25,5004,1,2,8,8,0,0,0,5.754884719848633
repr-hard-adam,coherent,up-0.25,5004,1,2,16,16,0,0,0,4.401915073394775
repr-hard-adam,coherent,up-0.25,5004,1,2,32,32,0,0,0,3.639407157897949
repr-hard-adam,coherent,up-0.25,5004,1,2,64,64,0,0,0,2.983452320098877
repr-hard-adam,coherent,up-0.25,5004,1,2,128,128,0,0,0,2.2989838123321533
repr-hard-adam,coherent,up-0.25,5004,1,2,256,256,0,0,0,2.1187424659729004
repr-hard-adam,coherent,up-0.25,5004,1,2,512,512,0,0,0,2.508108139038086
repr-hard-adam,coherent,up-0.25,5004,1,2,1024,1024,0,0,0,3.348520040512085
repr-hard-adam,independent,up-0.25,5004,1,2,0,0,0,0,0,8.446525573730469
repr-hard-adam,independent,up-0.25,5004,1,2,1,1,0,0,0,8.009061813354492
repr-hard-adam,independent,up-0.25,5004,1,2,2,2,0,0,0,7.313101768493652
repr-hard-adam,independent,up-0.25,5004,1,2,4,4,0,0,0,5.234621524810791
repr-hard-adam,independent,up-0.25,5004,1,2,8,8,0,0,0,3.6952552795410156
repr-hard-adam,independent,up-0.25,5004,1,2,16,16,0,0,0,3.2496612071990967
repr-hard-adam,independent,up-0.25,5004,1,2,32,32,0,0,0,3.084113836288452
repr-hard-adam,independent,up-0.25,5004,1,2,64,64,0,0,0,2.954019069671631
repr-hard-adam,independent,up-0.25,5004,1,2,128,128,0,0,0,2.8387255668640137
repr-hard-adam,independent,up-0.25,5004,1,2,256,256,0,0,0,2.886690616607666
repr-hard-adam,independent,up-0.25,5004,1,2,512,512,0,0,0,3.111410140991211
repr-hard-adam,independent,up-0.25,5004,1,2,1024,1024,0,0,0,2.9942240715026855
func-hard-gn,coherent,baseline,5005,0,0,0,0,0,0,0,8.25041675567627
func-hard-gn,coherent,baseline,5005,0,0,1,1,0,0,1,7.8804521560668945
func-hard-gn,coherent,baseline,5005,0,0,2,2,0,0,0,7.934718608856201
func-hard-gn,coherent,baseline,5005,0,0,4,4,0,0,1,7.025973320007324
func-hard-gn,coherent,baseline,5005,0,0,8,8,1,0,4,0.2642846405506134
func-hard-gn,coherent,baseline,5005,0,0,16,16,1,0,6,0.0019628936424851418
func-hard-gn,coherent,baseline,5005,0,0,32,32,1,0,5,0.0015848824987187982
func-hard-gn,coherent,baseline,5005,0,0,64,64,1,0,3,0.0015342975966632366
func-hard-gn,coherent,baseline,5005,0,0,128,128,1,0,1,0.001528703374788165
func-hard-gn,coherent,baseline,5005,0,0,256,256,1,0,1,0.0015262037049978971
func-hard-gn,coherent,baseline,5005,0,0,512,512,1,0,1,0.0015245373360812664
func-hard-gn,coherent,baseline,5005,0,0,1024,1024,1,1,0,0.0015237042680382729
func-hard-gn,independent,baseline,5005,0,0,0,0,0,0,0,8.447807312011719
func-hard-gn,independent,baseline,5005,0,0,1,1,0,0,0,7.600984573364258
func-hard-gn,independent,baseline,5005,0,0,2,2,0,0,5,3.7510502338409424
func-hard-gn,independent,baseline,5005,0,0,4,4,0,0,5,3.1228458881378174
func-hard-gn,independent,baseline,5005,0,0,8,8,0,0,5,3.016254186630249
func-hard-gn,independent,baseline,5005,0,0,16,16,0,0,4,2.7953524589538574
func-hard-gn,independent,baseline,5005,0,0,32,32,1,0,5,0.1856984794139862
func-hard-gn,independent,baseline,5005,0,0,64,64,1,0,6,0.023680703714489937
func-hard-gn,independent,baseline,5005,0,0,128,128,1,0,6,0.011954196728765965
func-hard-gn,independent,baseline,5005,0,0,256,256,1,0,4,0.002870808355510235
func-hard-gn,independent,baseline,5005,0,0,512,512,1,0,1,0.0016140402294695377
func-hard-gn,independent,baseline,5005,0,0,1024,1024,1,0,1,0.001604221062734723
func-hard-gn,coherent,baseline,5005,0,1,0,0,0,0,0,8.239187240600586
func-hard-gn,coherent,baseline,5005,0,1,1,1,0,0,2,7.5280327796936035
func-hard-gn,coherent,baseline,5005,0,1,2,2,0,0,4,7.178531646728516
func-hard-gn,coherent,baseline,5005,0,1,4,4,0,0,4,4.74868106842041
func-hard-gn,coherent,baseline,5005,0,1,8,8,0,0,4,2.8382911682128906
func-hard-gn,coherent,baseline,5005,0,1,16,16,1,0,6,0.012409927323460579
func-hard-gn,coherent,baseline,5005,0,1,32,32,1,0,4,0.0032916702330112457
func-hard-gn,coherent,baseline,5005,0,1,64,64,1,0,2,0.0016824150225147605
func-hard-gn,coherent,baseline,5005,0,1,128,128,1,0,2,0.0016621834365651011
func-hard-gn,coherent,baseline,5005,0,1,256,256,1,0,2,0.0016601602546870708
func-hard-gn,coherent,baseline,5005,0,1,512,512,1,0,2,0.0016584345139563084
func-hard-gn,coherent,baseline,5005,0,1,1024,1024,1,0,2,0.001657184911891818
func-hard-gn,independent,baseline,5005,0,1,0,0,0,0,0,8.151695251464844
func-hard-gn,independent,baseline,5005,0,1,1,1,0,0,0,7.830925464630127
func-hard-gn,independent,baseline,5005,0,1,2,2,0,0,1,7.090335845947266
func-hard-gn,independent,baseline,5005,0,1,4,4,0,0,2,4.616276264190674
func-hard-gn,independent,baseline,5005,0,1,8,8,0,0,2,3.8739936351776123
func-hard-gn,independent,baseline,5005,0,1,16,16,0,0,4,0.5660459995269775
func-hard-gn,independent,baseline,5005,0,1,32,32,1,0,6,0.007675069384276867
func-hard-gn,independent,baseline,5005,0,1,64,64,1,0,4,0.0035999082028865814
func-hard-gn,independent,baseline,5005,0,1,128,128,1,0,2,0.001756969839334488
func-hard-gn,independent,baseline,5005,0,1,256,256,1,0,2,0.0016566491685807705
func-hard-gn,independent,baseline,5005,0,1,512,512,1,0,2,0.0016453430289402604
func-hard-gn,independent,baseline,5005,0,1,1024,1024,1,0,2,0.0016441529151052237
func-hard-gn,coherent,baseline,5005,0,2,0,0,0,0,0,8.66263484954834
func-hard-gn,coherent,baseline,5005,0,2,1,1,0,0,2,8.278863906860352
func-hard-gn,coherent,baseline,5005,0,2,2,2,0,0,2,7.68963098526001
func-hard-gn,coherent,baseline,5005,0,2,4,4,0,0,2,5.154140949249268
func-hard-gn,coherent,baseline,5005,0,2,8,8,0,0,3,0.9331388473510742
func-hard-gn,coherent,baseline,5005,0,2,16,16,1,0,2,0.02131475880742073
func-hard-gn,coherent,baseline,5005,0,2,32,32,1,0,1,0.0033785593695938587
func-hard-gn,coherent,baseline,5005,0,2,64,64,1,0,1,0.0016725368332117796
func-hard-gn,coherent,baseline,5005,0,2,128,128,1,1,0,0.0016430818941444159
func-hard-gn,coherent,baseline,5005,0,2,256,256,1,1,0,0.0016341558657586575
func-hard-gn,coherent,baseline,5005,0,2,512,512,1,1,0,0.001628324156627059
func-hard-gn,coherent,baseline,5005,0,2,1024,1024,1,1,0,0.0016248131869360805
func-hard-gn,independent,baseline,5005,0,2,0,0,0,0,0,8.59135913848877
func-hard-gn,independent,baseline,5005,0,2,1,1,0,0,0,8.413646697998047
func-hard-gn,independent,baseline,5005,0,2,2,2,0,0,0,8.218324661254883
func-hard-gn,independent,baseline,5005,0,2,4,4,0,0,0,7.468053817749023
func-hard-gn,independent,baseline,5005,0,2,8,8,0,0,2,3.279653787612915
func-hard-gn,independent,baseline,5005,0,2,16,16,0,0,0,2.5639889240264893
func-hard-gn,independent,baseline,5005,0,2,32,32,1,1,0,0.014050082303583622
func-hard-gn,independent,baseline,5005,0,2,64,64,1,1,0,0.0029231421649456024
func-hard-gn,independent,baseline,5005,0,2,128,128,1,1,0,0.001617253408767283
func-hard-gn,independent,baseline,5005,0,2,256,256,1,1,0,0.0015794658102095127
func-hard-gn,independent,baseline,5005,0,2,512,512,1,1,0,0.0015766688156872988
func-hard-gn,independent,baseline,5005,0,2,1024,1024,1,1,0,0.0015755976783111691
func-soft-adam,coherent,baseline,5005,0,0,0,0,0,0,0,8.25041675567627
func-soft-adam,coherent,baseline,5005,0,0,1,1,0,0,2,6.484655380249023
func-soft-adam,coherent,baseline,5005,0,0,2,2,0,0,3,2.0276880264282227
func-soft-adam,coherent,baseline,5005,0,0,4,4,1,0,12,0.013870995491743088
func-soft-adam,coherent,baseline,5005,0,0,8,8,1,0,8,0.0160547886043787
func-soft-adam,coherent,baseline,5005,0,0,16,16,1,0,6,0.14804214239120483
func-soft-adam,coherent,baseline,5005,0,0,32,32,1,0,6,0.02083001472055912
func-soft-adam,coherent,baseline,5005,0,0,64,64,1,0,5,0.0024568603839725256
func-soft-adam,coherent,baseline,5005,0,0,128,128,1,0,5,0.002044718712568283
func-soft-adam,coherent,baseline,5005,0,0,256,256,1,0,4,0.0018691427540034056
func-soft-adam,coherent,baseline,5005,0,0,512,512,1,0,4,0.0015864291926845908
func-soft-adam,coherent,baseline,5005,0,0,1024,1024,1,0,4,0.0015629229601472616
func-soft-adam,independent,baseline,5005,0,0,0,0,0,0,0,8.447807312011719
func-soft-adam,independent,baseline,5005,0,0,1,1,0,0,3,6.262773513793945
func-soft-adam,independent,baseline,5005,0,0,2,2,0,0,10,3.208510398864746
func-soft-adam,independent,baseline,5005,0,0,4,4,0,0,5,2.989149808883667
func-soft-adam,independent,baseline,5005,0,0,8,8,0,0,3,2.742949962615967
func-soft-adam,independent,baseline,5005,0,0,16,16,1,0,7,0.3075982630252838
func-soft-adam,independent,baseline,5005,0,0,32,32,1,0,3,0.25049856305122375
func-soft-adam,independent,baseline,5005,0,0,64,64,1,0,5,0.03573442995548248
func-soft-adam,independent,baseline,5005,0,0,128,128,1,0,4,0.002504007425159216
func-soft-adam,independent,baseline,5005,0,0,256,256,1,0,3,0.0019189752638339996
func-soft-adam,independent,baseline,5005,0,0,512,512,1,0,2,0.0017058576922863722
func-soft-adam,independent,baseline,5005,0,0,1024,1024,1,0,2,0.0016612287145107985
func-soft-adam,coherent,baseline,5005,0,1,0,0,0,0,0,8.239187240600586
func-soft-adam,coherent,baseline,5005,0,1,1,1,0,0,4,6.83627986907959
func-soft-adam,coherent,baseline,5005,0,1,2,2,0,0,5,1.9725279808044434
func-soft-adam,coherent,baseline,5005,0,1,4,4,1,0,12,0.012251556850969791
func-soft-adam,coherent,baseline,5005,0,1,8,8,1,0,4,0.3515428602695465
func-soft-adam,coherent,baseline,5005,0,1,16,16,1,0,6,0.008468554355204105
func-soft-adam,coherent,baseline,5005,0,1,32,32,1,0,3,0.0058731986209750175
func-soft-adam,coherent,baseline,5005,0,1,64,64,1,0,3,0.003856862895190716
func-soft-adam,coherent,baseline,5005,0,1,128,128,1,0,3,0.0027568659279495478
func-soft-adam,coherent,baseline,5005,0,1,256,256,1,0,2,0.002127851592376828
func-soft-adam,coherent,baseline,5005,0,1,512,512,1,0,2,0.0018268782878294587
func-soft-adam,coherent,baseline,5005,0,1,1024,1024,1,0,2,0.001713356701657176
func-soft-adam,independent,baseline,5005,0,1,0,0,0,0,0,8.151695251464844
func-soft-adam,independent,baseline,5005,0,1,1,1,0,0,1,7.65241813659668
func-soft-adam,independent,baseline,5005,0,1,2,2,0,0,2,6.295393466949463
func-soft-adam,independent,baseline,5005,0,1,4,4,0,0,4,0.7314980030059814
func-soft-adam,independent,baseline,5005,0,1,8,8,1,0,4,0.1973375380039215
func-soft-adam,independent,baseline,5005,0,1,16,16,1,0,3,0.20214222371578217
func-soft-adam,independent,baseline,5005,0,1,32,32,1,0,2,0.05896475538611412
func-soft-adam,independent,baseline,5005,0,1,64,64,1,0,2,0.012810283340513706
func-soft-adam,independent,baseline,5005,0,1,128,128,1,0,2,0.005078610964119434
func-soft-adam,independent,baseline,5005,0,1,256,256,1,0,2,0.0025315326638519764
func-soft-adam,independent,baseline,5005,0,1,512,512,1,0,2,0.0018316404893994331
func-soft-adam,independent,baseline,5005,0,1,1024,1024,1,0,2,0.0017337065655738115
func-soft-adam,coherent,baseline,5005,0,2,0,0,0,0,0,8.66263484954834
func-soft-adam,coherent,baseline,5005,0,2,1,1,0,0,2,8.0985689163208
func-soft-adam,coherent,baseline,5005,0,2,2,2,0,0,2,7.202182292938232
func-soft-adam,coherent,baseline,5005,0,2,4,4,0,0,3,3.5503621101379395
func-soft-adam,coherent,baseline,5005,0,2,8,8,1,0,4,0.009883188642561436
func-soft-adam,coherent,baseline,5005,0,2,16,16,1,0,3,0.04612383618950844
func-soft-adam,coherent,baseline,5005,0,2,32,32,1,0,3,0.005936391651630402
func-soft-adam,coherent,baseline,5005,0,2,64,64,1,0,2,0.004367873538285494
func-soft-adam,coherent,baseline,5005,0,2,128,128,1,0,2,0.003336505498737097
func-soft-adam,coherent,baseline,5005,0,2,256,256,1,0,2,0.002303558401763439
func-soft-adam,coherent,baseline,5005,0,2,512,512,1,0,2,0.0018833412323147058
func-soft-adam,coherent,baseline,5005,0,2,1024,1024,1,0,2,0.0017638138961046934
func-soft-adam,independent,baseline,5005,0,2,0,0,0,0,0,8.59135913848877
func-soft-adam,independent,baseline,5005,0,2,1,1,0,0,2,8.319318771362305
func-soft-adam,independent,baseline,5005,0,2,2,2,0,0,2,7.9431867599487305
func-soft-adam,independent,baseline,5005,0,2,4,4,0,0,3,4.381011009216309
func-soft-adam,independent,baseline,5005,0,2,8,8,0,0,2,2.6686818599700928
func-soft-adam,independent,baseline,5005,0,2,16,16,0,0,2,1.1219351291656494
func-soft-adam,independent,baseline,5005,0,2,32,32,1,0,1,0.09674662351608276
func-soft-adam,independent,baseline,5005,0,2,64,64,1,0,1,0.01994604617357254
func-soft-adam,independent,baseline,5005,0,2,128,128,1,1,0,0.00504426471889019
func-soft-adam,independent,baseline,5005,0,2,256,256,1,0,1,0.0019286053720861673
func-soft-adam,independent,baseline,5005,0,2,512,512,1,0,1,0.0016938952030614018
func-soft-adam,independent,baseline,5005,0,2,1024,1024,1,0,1,0.0016279052942991257
func-soft-gn,coherent,baseline,5005,0,0,0,0,0,0,0,8.25041675567627
func-soft-gn,coherent,baseline,5005,0,0,1,1,0,0,1,7.293605327606201
func-soft-gn,coherent,baseline,5005,0,0,2,2,0,0,2,4.242774963378906
func-soft-gn,coherent,baseline,5005,0,0,4,4,1,0,7,0.024014245718717575
func-soft-gn,coherent,baseline,5005,0,0,8,8,1,0,6,0.020744673907756805
func-soft-gn,coherent,baseline,5005,0,0,16,16,1,0,6,0.006088650785386562
func-soft-gn,coherent,baseline,5005,0,0,32,32,1,0,5,0.0024638031609356403
func-soft-gn,coherent,baseline,5005,0,0,64,64,1,0,3,0.0016350478399544954
func-soft-gn,coherent,baseline,5005,0,0,128,128,1,0,2,0.0015319171361625195
func-soft-gn,coherent,baseline,5005,0,0,256,256,1,0,1,0.0015267989365383983
func-soft-gn,coherent,baseline,5005,0,0,512,512,1,0,1,0.001524834893643856
func-soft-gn,coherent,baseline,5005,0,0,1024,1024,1,0,1,0.00152382324449718
func-soft-gn,independent,baseline,5005,0,0,0,0,0,0,0,8.447807312011719
func-soft-gn,independent,baseline,5005,0,0,1,1,0,0,0,7.644625663757324
func-soft-gn,independent,baseline,5005,0,0,2,2,0,0,4,4.112868785858154
func-soft-gn,independent,baseline,5005,0,0,4,4,0,0,5,3.19759464263916
func-soft-gn,independent,baseline,5005,0,0,8,8,0,0,5,3.09242582321167
func-soft-gn,independent,baseline,5005,0,0,16,16,0,0,4,3.0033462047576904
func-soft-gn,independent,baseline,5005,0,0,32,32,1,0,6,0.16204704344272614
func-soft-gn,independent,baseline,5005,0,0,64,64,1,0,5,0.0025150668807327747
func-soft-gn,independent,baseline,5005,0,0,128,128,1,0,3,0.0016464695800095797
func-soft-gn,independent,baseline,5005,0,0,256,256,1,0,1,0.0016030303668230772
func-soft-gn,independent,baseline,5005,0,0,512,512,1,0,1,0.0015991624677553773
func-soft-gn,independent,baseline,5005,0,0,1024,1024,1,0,1,0.0015970200765877962
func-soft-gn,coherent,baseline,5005,0,1,0,0,0,0,0,8.239187240600586
func-soft-gn,coherent,baseline,5005,0,1,1,1,0,0,1,7.558869361877441
func-soft-gn,coherent,baseline,5005,0,1,2,2,0,0,5,4.572381496429443
func-soft-gn,coherent,baseline,5005,0,1,4,4,0,0,4,1.2680877447128296
func-soft-gn,coherent,baseline,5005,0,1,8,8,1,0,4,0.3489651381969452
func-soft-gn,coherent,baseline,5005,0,1,16,16,1,0,4,0.07467200607061386
func-soft-gn,coherent,baseline,5005,0,1,32,32,1,0,2,0.0017312066629529
func-soft-gn,coherent,baseline,5005,0,1,64,64,1,0,3,0.001680630026385188
func-soft-gn,coherent,baseline,5005,0,1,128,128,1,0,3,0.0016693241195753217
func-soft-gn,coherent,baseline,5005,0,1,256,256,1,0,2,0.001661052810959518
func-soft-gn,coherent,baseline,5005,0,1,512,512,1,0,2,0.0016579586081206799
func-soft-gn,coherent,baseline,5005,0,1,1024,1024,1,0,2,0.001657184911891818
func-soft-gn,independent,baseline,5005,0,1,0,0,0,0,0,8.151695251464844
func-soft-gn,independent,baseline,5005,0,1,1,1,0,0,0,7.832672119140625
func-soft-gn,independent,baseline,5005,0,1,2,2,0,0,2,7.018830299377441
func-soft-gn,independent,baseline,5005,0,1,4,4,0,0,2,4.375357151031494
func-soft-gn,independent,baseline,5005,0,1,8,8,0,0,2,4.086862564086914
func-soft-gn,independent,baseline,5005,0,1,16,16,1,0,4,0.3107638359069824
func-soft-gn,independent,baseline,5005,0,1,32,32,1,0,5,0.07078194618225098
func-soft-gn,independent,baseline,5005,0,1,64,64,1,0,4,0.01769820787012577
func-soft-gn,independent,baseline,5005,0,1,128,128,1,0,6,0.0022984412498772144
func-soft-gn,independent,baseline,5005,0,1,256,256,1,0,2,0.001674322527833283
func-soft-gn,independent,baseline,5005,0,1,512,512,1,0,2,0.0016459976322948933
func-soft-gn,independent,baseline,5005,0,1,1024,1024,1,0,2,0.001644628937356174
func-soft-gn,coherent,baseline,5005,0,2,0,0,0,0,0,8.66263484954834
func-soft-gn,coherent,baseline,5005,0,2,1,1,0,0,0,8.28384780883789
func-soft-gn,coherent,baseline,5005,0,2,2,2,0,0,2,7.714618682861328
func-soft-gn,coherent,baseline,5005,0,2,4,4,0,0,2,5.373918533325195
func-soft-gn,coherent,baseline,5005,0,2,8,8,1,0,2,0.24189609289169312
func-soft-gn,coherent,baseline,5005,0,2,16,16,1,0,2,0.0019207019358873367
func-soft-gn,coherent,baseline,5005,0,2,32,32,1,1,0,0.0016696213278919458
func-soft-gn,coherent,baseline,5005,0,2,64,64,1,1,0,0.0016636112704873085
func-soft-gn,coherent,baseline,5005,0,2,128,128,1,1,0,0.0016486159292981029
func-soft-gn,coherent,baseline,5005,0,2,256,256,1,1,0,0.001636536093428731
func-soft-gn,coherent,baseline,5005,0,2,512,512,1,1,0,0.0016286810860037804
func-soft-gn,coherent,baseline,5005,0,2,1024,1024,1,1,0,0.0016248131869360805
func-soft-gn,independent,baseline,5005,0,2,0,0,0,0,0,8.59135913848877
func-soft-gn,independent,baseline,5005,0,2,1,1,0,0,0,8.421018600463867
func-soft-gn,independent,baseline,5005,0,2,2,2,0,0,0,8.235742568969727
func-soft-gn,independent,baseline,5005,0,2,4,4,0,0,0,7.515368461608887
func-soft-gn,independent,baseline,5005,0,2,8,8,0,0,1,3.4690909385681152
func-soft-gn,independent,baseline,5005,0,2,16,16,0,0,0,2.8877930641174316
func-soft-gn,independent,baseline,5005,0,2,32,32,1,1,0,0.009219062514603138
func-soft-gn,independent,baseline,5005,0,2,64,64,1,1,0,0.0016448649112135172
func-soft-gn,independent,baseline,5005,0,2,128,128,1,1,0,0.0015838100807741284
func-soft-gn,independent,baseline,5005,0,2,256,256,1,1,0,0.0015775616047903895
func-soft-gn,independent,baseline,5005,0,2,512,512,1,0,1,0.0015763118863105774
func-soft-gn,independent,baseline,5005,0,2,1024,1024,1,0,2,0.0015749430749565363
repr-hard-adam,coherent,baseline,5005,0,0,0,0,0,0,0,8.25041675567627
repr-hard-adam,coherent,baseline,5005,0,0,1,1,0,0,1,7.661680221557617
repr-hard-adam,coherent,baseline,5005,0,0,2,2,0,0,1,7.146686553955078
repr-hard-adam,coherent,baseline,5005,0,0,4,4,0,0,2,5.9128642082214355
repr-hard-adam,coherent,baseline,5005,0,0,8,8,0,0,3,2.849273920059204
repr-hard-adam,coherent,baseline,5005,0,0,16,16,1,0,2,0.18455679714679718
repr-hard-adam,coherent,baseline,5005,0,0,32,32,1,0,2,0.012580443173646927
repr-hard-adam,coherent,baseline,5005,0,0,64,64,1,0,2,0.003952438943088055
repr-hard-adam,coherent,baseline,5005,0,0,128,128,1,0,1,0.003227432258427143
repr-hard-adam,coherent,baseline,5005,0,0,256,256,1,0,2,0.0021375478245317936
repr-hard-adam,coherent,baseline,5005,0,0,512,512,1,0,2,0.0017573842778801918
repr-hard-adam,coherent,baseline,5005,0,0,1024,1024,1,0,1,0.0015822637360543013
repr-hard-adam,independent,baseline,5005,0,0,0,0,0,0,0,8.447807312011719
repr-hard-adam,independent,baseline,5005,0,0,1,1,0,0,0,7.8258280754089355
repr-hard-adam,independent,baseline,5005,0,0,2,2,0,0,3,7.1101884841918945
repr-hard-adam,independent,baseline,5005,0,0,4,4,0,0,3,5.806684970855713
repr-hard-adam,independent,baseline,5005,0,0,8,8,0,0,3,2.992668867111206
repr-hard-adam,independent,baseline,5005,0,0,16,16,0,0,1,2.839155912399292
repr-hard-adam,independent,baseline,5005,0,0,32,32,0,0,1,2.171732187271118
repr-hard-adam,independent,baseline,5005,0,0,64,64,1,0,1,0.023692108690738678
repr-hard-adam,independent,baseline,5005,0,0,128,128,1,0,1,0.005387734621763229
repr-hard-adam,independent,baseline,5005,0,0,256,256,1,0,1,0.00407390296459198
repr-hard-adam,independent,baseline,5005,0,0,512,512,1,0,2,0.002884108107537031
repr-hard-adam,independent,baseline,5005,0,0,1024,1024,1,0,2,0.0024812864139676094
repr-hard-adam,coherent,baseline,5005,0,1,0,0,0,0,0,8.239187240600586
repr-hard-adam,coherent,baseline,5005,0,1,1,1,0,0,0,7.773766040802002
repr-hard-adam,coherent,baseline,5005,0,1,2,2,0,0,4,7.2935662269592285
repr-hard-adam,coherent,baseline,5005,0,1,4,4,0,0,4,5.811639785766602
repr-hard-adam,coherent,baseline,5005,0,1,8,8,0,0,4,2.6006648540496826
repr-hard-adam,coherent,baseline,5005,0,1,16,16,1,0,4,0.14555779099464417
repr-hard-adam,coherent,baseline,5005,0,1,32,32,1,0,3,0.008755270391702652
repr-hard-adam,coherent,baseline,5005,0,1,64,64,1,0,3,0.008683273568749428
repr-hard-adam,coherent,baseline,5005,0,1,128,128,1,0,3,0.009348269551992416
repr-hard-adam,coherent,baseline,5005,0,1,256,256,1,0,2,0.004893298260867596
repr-hard-adam,coherent,baseline,5005,0,1,512,512,1,0,1,0.003097373526543379
repr-hard-adam,coherent,baseline,5005,0,1,1024,1024,1,0,1,0.0021613575518131256
repr-hard-adam,independent,baseline,5005,0,1,0,0,0,0,0,8.151695251464844
repr-hard-adam,independent,baseline,5005,0,1,1,1,0,0,0,7.928047180175781
repr-hard-adam,independent,baseline,5005,0,1,2,2,0,0,0,7.797614097595215
repr-hard-adam,independent,baseline,5005,0,1,4,4,0,0,2,7.20137882232666
repr-hard-adam,independent,baseline,5005,0,1,8,8,0,0,4,5.682713508605957
repr-hard-adam,independent,baseline,5005,0,1,16,16,0,0,3,3.857189893722534
repr-hard-adam,independent,baseline,5005,0,1,32,32,0,0,2,3.2771100997924805
repr-hard-adam,independent,baseline,5005,0,1,64,64,0,0,2,3.06472110748291
repr-hard-adam,independent,baseline,5005,0,1,128,128,0,0,2,3.117504119873047
repr-hard-adam,independent,baseline,5005,0,1,256,256,0,0,2,3.435711622238159
repr-hard-adam,independent,baseline,5005,0,1,512,512,0,0,2,2.901566982269287
repr-hard-adam,independent,baseline,5005,0,1,1024,1024,0,0,4,2.9335556030273438
repr-hard-adam,coherent,baseline,5005,0,2,0,0,0,0,0,8.66263484954834
repr-hard-adam,coherent,baseline,5005,0,2,1,1,0,0,0,8.417814254760742
repr-hard-adam,coherent,baseline,5005,0,2,2,2,0,0,0,8.257732391357422
repr-hard-adam,coherent,baseline,5005,0,2,4,4,0,0,2,7.964803695678711
repr-hard-adam,coherent,baseline,5005,0,2,8,8,0,0,1,7.66161584854126
repr-hard-adam,coherent,baseline,5005,0,2,16,16,0,0,0,7.031511306762695
repr-hard-adam,coherent,baseline,5005,0,2,32,32,0,0,0,5.444406032562256
repr-hard-adam,coherent,baseline,5005,0,2,64,64,0,0,0,1.1569782495498657
repr-hard-adam,coherent,baseline,5005,0,2,128,128,1,1,0,0.006357018835842609
repr-hard-adam,coherent,baseline,5005,0,2,256,256,1,1,0,0.0038564905989915133
repr-hard-adam,coherent,baseline,5005,0,2,512,512,1,1,0,0.002479150425642729
repr-hard-adam,coherent,baseline,5005,0,2,1024,1024,1,1,0,0.002175108063966036
repr-hard-adam,independent,baseline,5005,0,2,0,0,0,0,0,8.59135913848877
repr-hard-adam,independent,baseline,5005,0,2,1,1,0,0,0,8.461974143981934
repr-hard-adam,independent,baseline,5005,0,2,2,2,0,0,2,8.39925479888916
repr-hard-adam,independent,baseline,5005,0,2,4,4,0,0,2,8.292808532714844
repr-hard-adam,independent,baseline,5005,0,2,8,8,0,0,0,8.217819213867188
repr-hard-adam,independent,baseline,5005,0,2,16,16,0,0,0,8.009617805480957
repr-hard-adam,independent,baseline,5005,0,2,32,32,0,0,0,7.053119659423828
repr-hard-adam,independent,baseline,5005,0,2,64,64,0,0,0,3.747123956680298
repr-hard-adam,independent,baseline,5005,0,2,128,128,0,0,0,3.2824206352233887
repr-hard-adam,independent,baseline,5005,0,2,256,256,0,0,0,3.7092485427856445
repr-hard-adam,independent,baseline,5005,0,2,512,512,0,0,0,3.4326536655426025
repr-hard-adam,independent,baseline,5005,0,2,1024,1024,0,0,0,3.574418306350708
func-hard-gn,coherent,up-0.25,5005,0,0,0,0,0,0,0,8.42227554321289
func-hard-gn,coherent,up-0.25,5005,0,0,1,1,0,0,0,7.6200971603393555
func-hard-gn,coherent,up-0.25,5005,0,0,2,2,0,0,1,6.962218284606934
func-hard-gn,coherent,up-0.25,5005,0,0,4,4,0,0,3,3.395677089691162
func-hard-gn,coherent,up-0.25,5005,0,0,8,8,1,0,4,0.08550266176462173
func-hard-gn,coherent,up-0.25,5005,0,0,16,16,1,0,1,0.0021056209225207567
func-hard-gn,coherent,up-0.25,5005,0,0,32,32,1,0,1,0.0016387379728257656
func-hard-gn,coherent,up-0.25,5005,0,0,64,64,1,0,1,0.001506921136751771
func-hard-gn,coherent,up-0.25,5005,0,0,128,128,1,1,0,0.0015042428858578205
func-hard-gn,coherent,up-0.25,5005,0,0,256,256,1,1,0,0.001503409817814827
func-hard-gn,coherent,up-0.25,5005,0,0,512,512,1,1,0,0.001503171632066369
func-hard-gn,coherent,up-0.25,5005,0,0,1024,1024,1,1,0,0.0015028740745037794
func-hard-gn,independent,up-0.25,5005,0,0,0,0,0,0,0,8.577095031738281
func-hard-gn,independent,up-0.25,5005,0,0,1,1,0,0,0,6.839821815490723
func-hard-gn,independent,up-0.25,5005,0,0,2,2,0,0,0,4.23499870300293
func-hard-gn,independent,up-0.25,5005,0,0,4,4,0,0,3,0.5747029781341553
func-hard-gn,independent,up-0.25,5005,0,0,8,8,1,0,3,0.0062583438120782375
func-hard-gn,independent,up-0.25,5005,0,0,16,16,1,0,2,0.0025431960821151733
func-hard-gn,independent,up-0.25,5005,0,0,32,32,1,0,1,0.0023240596055984497
func-hard-gn,independent,up-0.25,5005,0,0,64,64,1,1,0,0.0016015435103327036
func-hard-gn,independent,up-0.25,5005,0,0,128,128,1,1,0,0.0015860109124332666
func-hard-gn,independent,up-0.25,5005,0,0,256,256,1,1,0,0.0015826188027858734
func-hard-gn,independent,up-0.25,5005,0,0,512,512,1,1,0,0.0015811310149729252
func-hard-gn,independent,up-0.25,5005,0,0,1024,1024,1,1,0,0.0015797025989741087
func-hard-gn,coherent,up-0.25,5005,0,1,0,0,0,0,0,8.20268726348877
func-hard-gn,coherent,up-0.25,5005,0,1,1,1,0,0,0,7.73983097076416
func-hard-gn,coherent,up-0.25,5005,0,1,2,2,0,0,0,5.000737190246582
func-hard-gn,coherent,up-0.25,5005,0,1,4,4,1,0,3,0.3462805449962616
func-hard-gn,coherent,up-0.25,5005,0,1,8,8,1,0,1,0.03539342060685158
func-hard-gn,coherent,up-0.25,5005,0,1,16,16,1,1,0,0.008960958570241928
func-hard-gn,coherent,up-0.25,5005,0,1,32,32,1,0,1,0.0016931853024289012
func-hard-gn,coherent,up-0.25,5005,0,1,64,64,1,1,0,0.0016584345139563084
func-hard-gn,coherent,up-0.25,5005,0,1,128,128,1,1,0,0.0016544476384297013
func-hard-gn,coherent,up-0.25,5005,0,1,256,256,1,1,0,0.0016523649683222175
func-hard-gn,coherent,up-0.25,5005,0,1,512,512,1,1,0,0.0016509962733834982
func-hard-gn,coherent,up-0.25,5005,0,1,1024,1024,1,1,0,0.0016501632053405046
func-hard-gn,independent,up-0.25,5005,0,1,0,0,0,0,0,8.372724533081055
func-hard-gn,independent,up-0.25,5005,0,1,1,1,0,0,0,8.077627182006836
func-hard-gn,independent,up-0.25,5005,0,1,2,2,0,0,0,7.0788068771362305
func-hard-gn,independent,up-0.25,5005,0,1,4,4,0,0,0,3.9906904697418213
func-hard-gn,independent,up-0.25,5005,0,1,8,8,0,0,0,1.383361577987671
func-hard-gn,independent,up-0.25,5005,0,1,16,16,1,0,1,0.009425029158592224
func-hard-gn,independent,up-0.25,5005,0,1,32,32,1,0,1,0.004140127915889025
func-hard-gn,independent,up-0.25,5005,0,1,64,64,1,0,1,0.0016605161363258958
func-hard-gn,independent,up-0.25,5005,0,1,128,128,1,1,0,0.0015987463993951678
func-hard-gn,independent,up-0.25,5005,0,1,256,256,1,1,0,0.0015934500843286514
func-hard-gn,independent,up-0.25,5005,0,1,512,512,1,1,0,0.0015898197889328003
func-hard-gn,independent,up-0.25,5005,0,1,1024,1024,1,1,0,0.0015874393284320831
func-hard-gn,coherent,up-0.25,5005,0,2,0,0,0,0,0,8.615118026733398
func-hard-gn,coherent,up-0.25,5005,0,2,1,1,0,0,0,7.405905723571777
func-hard-gn,coherent,up-0.25,5005,0,2,2,2,0,0,2,2.6101181507110596
func-hard-gn,coherent,up-0.25,5005,0,2,4,4,1,0,3,0.017789291217923164
func-hard-gn,coherent,up-0.25,5005,0,2,8,8,1,0,3,0.005643982440233231
func-hard-gn,coherent,up-0.25,5005,0,2,16,16,1,0,2,0.0019843545742332935
func-hard-gn,coherent,up-0.25,5005,0,2,32,32,1,0,2,0.0015725637786090374
func-hard-gn,coherent,up-0.25,5005,0,2,64,64,1,0,2,0.001532750204205513
func-hard-gn,coherent,up-0.25,5005,0,2,128,128,1,0,2,0.0015203714137896895
func-hard-gn,coherent,up-0.25,5005,0,2,256,256,1,0,2,0.0015176336746662855
func-hard-gn,coherent,up-0.25,5005,0,2,512,512,1,0,2,0.0015163244679570198
func-hard-gn,coherent,up-0.25,5005,0,2,1024,1024,1,0,2,0.0015151342377066612
func-hard-gn,independent,up-0.25,5005,0,2,0,0,0,0,0,8.39628791809082
func-hard-gn,independent,up-0.25,5005,0,2,1,1,0,0,0,6.996180534362793
func-hard-gn,independent,up-0.25,5005,0,2,2,2,0,0,1,5.899653911590576
func-hard-gn,independent,up-0.25,5005,0,2,4,4,0,0,4,4.03933572769165
func-hard-gn,independent,up-0.25,5005,0,2,8,8,1,0,3,0.003227753797546029
func-hard-gn,independent,up-0.25,5005,0,2,16,16,1,0,3,0.0016743820160627365
func-hard-gn,independent,up-0.25,5005,0,2,32,32,1,0,3,0.0015764895360916853
func-hard-gn,independent,up-0.25,5005,0,2,64,64,1,0,3,0.0015195977175608277
func-hard-gn,independent,up-0.25,5005,0,2,128,128,1,0,3,0.0015148365637287498
func-hard-gn,independent,up-0.25,5005,0,2,256,256,1,0,3,0.0015115633141249418
func-hard-gn,independent,up-0.25,5005,0,2,512,512,1,0,3,0.0015094801783561707
func-hard-gn,independent,up-0.25,5005,0,2,1024,1024,1,0,3,0.001508051878772676
func-soft-adam,coherent,up-0.25,5005,0,0,0,0,0,0,0,8.42227554321289
func-soft-adam,coherent,up-0.25,5005,0,0,1,1,0,0,4,4.267599582672119
func-soft-adam,coherent,up-0.25,5005,0,0,2,2,1,0,9,0.25042933225631714
func-soft-adam,coherent,up-0.25,5005,0,0,4,4,1,0,5,0.005622285418212414
func-soft-adam,coherent,up-0.25,5005,0,0,8,8,1,0,4,0.010570229031145573
func-soft-adam,coherent,up-0.25,5005,0,0,16,16,1,0,4,0.08522932976484299
func-soft-adam,coherent,up-0.25,5005,0,0,32,32,1,0,2,0.018031306564807892
func-soft-adam,coherent,up-0.25,5005,0,0,64,64,1,1,0,0.002741329837590456
func-soft-adam,coherent,up-0.25,5005,0,0,128,128,1,1,0,0.0020105219446122646
func-soft-adam,coherent,up-0.25,5005,0,0,256,256,1,1,0,0.00169110216666013
func-soft-adam,coherent,up-0.25,5005,0,0,512,512,1,0,1,0.0015601259656250477
func-soft-adam,coherent,up-0.25,5005,0,0,1024,1024,1,0,1,0.0015276321209967136
func-soft-adam,independent,up-0.25,5005,0,0,0,0,0,0,0,8.577095031738281
func-soft-adam,independent,up-0.25,5005,0,0,1,1,0,0,0,5.915912628173828
func-soft-adam,independent,up-0.25,5005,0,0,2,2,0,0,4,3.7880003452301025
func-soft-adam,independent,up-0.25,5005,0,0,4,4,0,0,4,2.297954797744751
func-soft-adam,independent,up-0.25,5005,0,0,8,8,1,0,5,0.005984618794173002
func-soft-adam,independent,up-0.25,5005,0,0,16,16,1,0,3,0.15692289173603058
func-soft-adam,independent,up-0.25,5005,0,0,32,32,1,1,0,0.02794411964714527
func-soft-adam,independent,up-0.25,5005,0,0,64,64,1,1,0,0.0054504116997122765
func-soft-adam,independent,up-0.25,5005,0,0,128,128,1,1,0,0.0033057350665330887
func-soft-adam,independent,up-0.25,5005,0,0,256,256,1,1,0,0.00222084391862154
func-soft-adam,independent,up-0.25,5005,0,0,512,512,1,1,0,0.0017805926036089659
func-soft-adam,independent,up-0.25,5005,0,0,1024,1024,1,1,0,0.001639094203710556
func-soft-adam,coherent,up-0.25,5005,0,1,0,0,0,0,0,8.20268726348877
func-soft-adam,coherent,up-0.25,5005,0,1,1,1,0,0,0,7.087972640991211
func-soft-adam,coherent,up-0.25,5005,0,1,2,2,0,0,7,0.39880457520484924
func-soft-adam,coherent,up-0.25,5005,0,1,4,4,1,0,7,0.006049567833542824
func-soft-adam,coherent,up-0.25,5005,0,1,8,8,1,0,1,0.007133387960493565
func-soft-adam,coherent,up-0.25,5005,0,1,16,16,1,1,0,0.005772916600108147
func-soft-adam,coherent,up-0.25,5005,0,1,32,32,1,0,1,0.0027270205318927765
func-soft-adam,coherent,up-0.25,5005,0,1,64,64,1,1,0,0.0024238259065896273
func-soft-adam,coherent,up-0.25,5005,0,1,128,128,1,1,0,0.0022519114427268505
func-soft-adam,coherent,up-0.25,5005,0,1,256,256,1,1,0,0.001978400396183133
func-soft-adam,coherent,up-0.25,5005,0,1,512,512,1,1,0,0.0017629212234169245
func-soft-adam,coherent,up-0.25,5005,0,1,1024,1024,1,1,0,0.0016705142334103584
func-soft-adam,independent,up-0.25,5005,0,1,0,0,0,0,0,8.372724533081055
func-soft-adam,independent,up-0.25,5005,0,1,1,1,0,0,0,7.685153007507324
func-soft-adam,independent,up-0.25,5005,0,1,2,2,0,0,2,1.971127986907959
func-soft-adam,independent,up-0.25,5005,0,1,4,4,1,0,6,0.09249893575906754
func-soft-adam,independent,up-0.25,5005,0,1,8,8,1,0,5,0.1273731291294098
func-soft-adam,independent,up-0.25,5005,0,1,16,16,1,0,6,0.01575850136578083
func-soft-adam,independent,up-0.25,5005,0,1,32,32,1,0,2,0.02100742608308792
func-soft-adam,independent,up-0.25,5005,0,1,64,64,1,0,2,0.011466959491372108
func-soft-adam,independent,up-0.25,5005,0,1,128,128,1,0,1,0.005622527562081814
func-soft-adam,independent,up-0.25,5005,0,1,256,256,1,0,1,0.0029281338211148977
func-soft-adam,independent,up-0.25,5005,0,1,512,512,1,0,1,0.0018544842023402452
func-soft-adam,independent,up-0.25,5005,0,1,1024,1024,1,0,1,0.0016526012914255261
func-soft-adam,coherent,up-0.25,5005,0,2,0,0,0,0,0,8.615118026733398
func-soft-adam,coherent,up-0.25,5005,0,2,1,1,0,0,0,6.2730231285095215
func-soft-adam,coherent,up-0.25,5005,0,2,2,2,0,0,5,2.589555263519287
func-soft-adam,coherent,up-0.25,5005,0,2,4,4,1,0,6,0.007312016095966101
func-soft-adam,coherent,up-0.25,5005,0,2,8,8,1,0,3,0.004333819262683392
func-soft-adam,coherent,up-0.25,5005,0,2,16,16,1,0,2,0.009338364005088806
func-soft-adam,coherent,up-0.25,5005,0,2,32,32,1,0,2,0.002935078227892518
func-soft-adam,coherent,up-0.25,5005,0,2,64,64,1,0,2,0.0030487829353660345
func-soft-adam,coherent,up-0.25,5005,0,2,128,128,1,0,2,0.0024597118608653545
func-soft-adam,coherent,up-0.25,5005,0,2,256,256,1,0,2,0.0019722774159163237
func-soft-adam,coherent,up-0.25,5005,0,2,512,512,1,0,2,0.0017738633323460817
func-soft-adam,coherent,up-0.25,5005,0,2,1024,1024,1,0,2,0.0016373079270124435
func-soft-adam,independent,up-0.25,5005,0,2,0,0,0,0,0,8.39628791809082
func-soft-adam,independent,up-0.25,5005,0,2,1,1,0,0,1,6.537510871887207
func-soft-adam,independent,up-0.25,5005,0,2,2,2,0,0,5,3.868779420852661
func-soft-adam,independent,up-0.25,5005,0,2,4,4,0,0,5,3.1957178115844727
func-soft-adam,independent,up-0.25,5005,0,2,8,8,1,0,3,0.008049925789237022
func-soft-adam,independent,up-0.25,5005,0,2,16,16,1,0,2,0.0065369876101613045
func-soft-adam,independent,up-0.25,5005,0,2,32,32,1,0,3,0.004113019444048405
func-soft-adam,independent,up-0.25,5005,0,2,64,64,1,0,3,0.0026190776843577623
func-soft-adam,independent,up-0.25,5005,0,2,128,128,1,0,3,0.0022497104946523905
func-soft-adam,independent,up-0.25,5005,0,2,256,256,1,0,3,0.001902072923257947
func-soft-adam,independent,up-0.25,5005,0,2,512,512,1,0,2,0.001683367183431983
func-soft-adam,independent,up-0.25,5005,0,2,1024,1024,1,0,2,0.001600711140781641
func-soft-gn,coherent,up-0.25,5005,0,0,0,0,0,0,0,8.42227554321289
func-soft-gn,coherent,up-0.25,5005,0,0,1,1,0,0,1,6.436808109283447
func-soft-gn,coherent,up-0.25,5005,0,0,2,2,1,0,5,0.42992737889289856
func-soft-gn,coherent,up-0.25,5005,0,0,4,4,1,0,3,0.0444478876888752
func-soft-gn,coherent,up-0.25,5005,0,0,8,8,1,0,2,0.0025302679277956486
func-soft-gn,coherent,up-0.25,5005,0,0,16,16,1,0,1,0.0015600069891661406
func-soft-gn,coherent,up-0.25,5005,0,0,32,32,1,0,1,0.0015143605414777994
func-soft-gn,coherent,up-0.25,5005,0,0,64,64,1,1,0,0.001505909371189773
func-soft-gn,coherent,up-0.25,5005,0,0,128,128,1,1,0,0.0015042428858578205
func-soft-gn,coherent,up-0.25,5005,0,0,256,256,1,1,0,0.001503528794273734
func-soft-gn,coherent,up-0.25,5005,0,0,512,512,1,1,0,0.001503290724940598
func-soft-gn,coherent,up-0.25,5005,0,0,1024,1024,1,1,0,0.0015029336791485548
func-soft-gn,independent,up-0.25,5005,0,0,0,0,0,0,0,8.577095031738281
func-soft-gn,independent,up-0.25,5005,0,0,1,1,0,0,0,6.807811737060547
func-soft-gn,independent,up-0.25,5005,0,0,2,2,0,0,0,4.2201924324035645
func-soft-gn,independent,up-0.25,5005,0,0,4,4,0,0,2,3.337425470352173
func-soft-gn,independent,up-0.25,5005,0,0,8,8,1,0,2,0.04908467084169388
func-soft-gn,independent,up-0.25,5005,0,0,16,16,1,0,2,0.006476468872278929
func-soft-gn,independent,up-0.25,5005,0,0,32,32,1,1,0,0.003319891169667244
func-soft-gn,independent,up-0.25,5005,0,0,64,64,1,1,0,0.0017444147961214185
func-soft-gn,independent,up-0.25,5005,0,0,128,128,1,1,0,0.001588986604474485
func-soft-gn,independent,up-0.25,5005,0,0,256,256,1,1,0,0.0015833328943699598
func-soft-gn,independent,up-0.25,5005,0,0,512,512,1,1,0,0.0015814880607649684
func-soft-gn,independent,up-0.25,5005,0,0,1024,1024,1,1,0,0.0015800001565366983
func-soft-gn,coherent,up-0.25,5005,0,1,0,0,0,0,0,8.20268726348877
func-soft-gn,coherent,up-0.25,5005,0,1,1,1,0,0,0,7.780125141143799
func-soft-gn,coherent,up-0.25,5005,0,1,2,2,0,0,0,5.899974822998047
func-soft-gn,coherent,up-0.25,5005,0,1,4,4,1,0,8,0.006262005306780338
func-soft-gn,coherent,up-0.25,5005,0,1,8,8,1,0,1,0.012186942622065544
func-soft-gn,coherent,up-0.25,5005,0,1,16,16,1,1,0,0.003618808463215828
func-soft-gn,coherent,up-0.25,5005,0,1,32,32,1,0,3,0.0017066925065591931
func-soft-gn,coherent,up-0.25,5005,0,1,64,64,1,1,0,0.0016581370728090405
func-soft-gn,coherent,up-0.25,5005,0,1,128,128,1,1,0,0.0016540312208235264
func-soft-gn,coherent,up-0.25,5005,0,1,256,256,1,1,0,0.0016520079225301743
func-soft-gn,coherent,up-0.25,5005,0,1,512,512,1,1,0,0.0016508178086951375
func-soft-gn,coherent,up-0.25,5005,0,1,1024,1024,1,1,0,0.0016500442288815975
func-soft-gn,independent,up-0.25,5005,0,1,0,0,0,0,0,8.372724533081055
func-soft-gn,independent,up-0.25,5005,0,1,1,1,0,0,0,8.088645935058594
func-soft-gn,independent,up-0.25,5005,0,1,2,2,0,0,0,7.21814489364624
func-soft-gn,independent,up-0.25,5005,0,1,4,4,0,0,0,3.649413585662842
func-soft-gn,independent,up-0.25,5005,0,1,8,8,1,0,1,0.01494661159813404
func-soft-gn,independent,up-0.25,5005,0,1,16,16,1,0,1,0.007696936372667551
func-soft-gn,independent,up-0.25,5005,0,1,32,32,1,0,1,0.002700649667531252
func-soft-gn,independent,up-0.25,5005,0,1,64,64,1,1,0,0.0017943928251042962
func-soft-gn,independent,up-0.25,5005,0,1,128,128,1,1,0,0.0015973180998116732
func-soft-gn,independent,up-0.25,5005,0,1,256,256,1,1,0,0.0015933308750391006
func-soft-gn,independent,up-0.25,5005,0,1,512,512,1,1,0,0.00159011734649539
func-soft-gn,independent,up-0.25,5005,0,1,1024,1024,1,1,0,0.0015877963742241263
func-soft-gn,coherent,up-0.25,5005,0,2,0,0,0,0,0,8.615118026733398
func-soft-gn,coherent,up-0.25,5005,0,2,1,1,0,0,0,7.448026657104492
func-soft-gn,coherent,up-0.25,5005,0,2,2,2,0,0,2,2.8856661319732666
func-soft-gn,coherent,up-0.25,5005,0,2,4,4,1,0,3,0.09710050374269485
func-soft-gn,coherent,up-0.25,5005,0,2,8,8,1,0,2,0.0085230628028512
func-soft-gn,coherent,up-0.25,5005,0,2,16,16,1,0,2,0.0021773092448711395
func-soft-gn,coherent,up-0.25,5005,0,2,32,32,1,0,2,0.001608150778338313
func-soft-gn,coherent,up-0.25,5005,0,2,64,64,1,0,2,0.001528703374788165
func-soft-gn,coherent,up-0.25,5005,0,2,128,128,1,0,2,0.001520311925560236
func-soft-gn,coherent,up-0.25,5005,0,2,256,256,1,0,2,0.0015175743028521538
func-soft-gn,coherent,up-0.25,5005,0,2,512,512,1,0,2,0.0015162648633122444
func-soft-gn,coherent,up-0.25,5005,0,2,1024,1024,1,0,2,0.0015150746330618858
func-soft-gn,independent,up-0.25,5005,0,2,0,0,0,0,0,8.39628791809082
func-soft-gn,independent,up-0.25,5005,0,2,1,1,0,0,0,7.17173433303833
func-soft-gn,independent,up-0.25,5005,0,2,2,2,0,0,5,4.008284568786621
func-soft-gn,independent,up-0.25,5005,0,2,4,4,0,0,3,3.9808554649353027
func-soft-gn,independent,up-0.25,5005,0,2,8,8,0,0,3,2.68621563911438
func-soft-gn,independent,up-0.25,5005,0,2,16,16,1,0,3,0.0017270990647375584
func-soft-gn,independent,up-0.25,5005,0,2,32,32,1,0,3,0.0015529841184616089
func-soft-gn,independent,up-0.25,5005,0,2,64,64,1,0,3,0.0015202523209154606
func-soft-gn,independent,up-0.25,5005,0,2,128,128,1,0,3,0.001514181960374117
func-soft-gn,independent,up-0.25,5005,0,2,256,256,1,0,3,0.0015115633141249418
func-soft-gn,independent,up-0.25,5005,0,2,512,512,1,0,3,0.001509539783000946
func-soft-gn,independent,up-0.25,5005,0,2,1024,1024,1,0,3,0.001508170971646905
repr-hard-adam,coherent,up-0.25,5005,0,0,0,0,0,0,0,8.42227554321289
repr-hard-adam,coherent,up-0.25,5005,0,0,1,1,0,0,1,6.865368843078613
repr-hard-adam,coherent,up-0.25,5005,0,0,2,2,0,0,1,5.337960243225098
repr-hard-adam,coherent,up-0.25,5005,0,0,4,4,0,0,3,2.1790292263031006
repr-hard-adam,coherent,up-0.25,5005,0,0,8,8,1,0,4,0.020252082496881485
repr-hard-adam,coherent,up-0.25,5005,0,0,16,16,1,0,3,0.004770852159708738
repr-hard-adam,coherent,up-0.25,5005,0,0,32,32,1,1,0,0.0034147650003433228
repr-hard-adam,coherent,up-0.25,5005,0,0,64,64,1,1,0,0.002175754401832819
repr-hard-adam,coherent,up-0.25,5005,0,0,128,128,1,1,0,0.00176523276604712
repr-hard-adam,coherent,up-0.25,5005,0,0,256,256,1,1,0,0.0016207057051360607
repr-hard-adam,coherent,up-0.25,5005,0,0,512,512,1,0,1,0.0015532225370407104
repr-hard-adam,coherent,up-0.25,5005,0,0,1024,1024,1,0,1,0.0015241802902892232
repr-hard-adam,independent,up-0.25,5005,0,0,0,0,0,0,0,8.577095031738281
repr-hard-adam,independent,up-0.25,5005,0,0,1,1,0,0,0,7.624351978302002
repr-hard-adam,independent,up-0.25,5005,0,0,2,2,0,0,0,6.3622846603393555
repr-hard-adam,independent,up-0.25,5005,0,0,4,4,0,0,0,4.0750932693481445
repr-hard-adam,independent,up-0.25,5005,0,0,8,8,0,0,2,2.5535173416137695
repr-hard-adam,independent,up-0.25,5005,0,0,16,16,1,0,2,0.0030809808522462845
repr-hard-adam,independent,up-0.25,5005,0,0,32,32,1,1,0,0.0021774102933704853
repr-hard-adam,independent,up-0.25,5005,0,0,64,64,1,1,0,0.0019775680266320705
repr-hard-adam,independent,up-0.25,5005,0,0,128,128,1,1,0,0.001806057058274746
repr-hard-adam,independent,up-0.25,5005,0,0,256,256,1,1,0,0.001710560405626893
repr-hard-adam,independent,up-0.25,5005,0,0,512,512,1,0,1,0.0016545068938285112
repr-hard-adam,independent,up-0.25,5005,0,0,1024,1024,1,0,1,0.0016311202198266983
repr-hard-adam,coherent,up-0.25,5005,0,1,0,0,0,0,0,8.20268726348877
repr-hard-adam,coherent,up-0.25,5005,0,1,1,1,0,0,0,7.879002094268799
repr-hard-adam,coherent,up-0.25,5005,0,1,2,2,0,0,0,7.606298446655273
repr-hard-adam,coherent,up-0.25,5005,0,1,4,4,0,0,0,6.271217346191406
repr-hard-adam,coherent,up-0.25,5005,0,1,8,8,0,0,0,0.8512470126152039
repr-hard-adam,coherent,up-0.25,5005,0,1,16,16,1,1,0,0.0020843748934566975
repr-hard-adam,coherent,up-0.25,5005,0,1,32,32,1,0,1,0.0017876682104542851
repr-hard-adam,coherent,up-0.25,5005,0,1,64,64,1,0,1,0.0017547670286148787
repr-hard-adam,coherent,up-0.25,5005,0,1,128,128,1,0,1,0.0017472703475505114
repr-hard-adam,coherent,up-0.25,5005,0,1,256,256,1,1,0,0.0017102620331570506
repr-hard-adam,coherent,up-0.25,5005,0,1,512,512,1,1,0,0.0016858067829161882
repr-hard-adam,coherent,up-0.25,5005,0,1,1024,1024,1,1,0,0.0016807490028440952
repr-hard-adam,independent,up-0.25,5005,0,1,0,0,0,0,0,8.372724533081055
repr-hard-adam,independent,up-0.25,5005,0,1,1,1,0,0,0,8.133430480957031
repr-hard-adam,independent,up-0.25,5005,0,1,2,2,0,0,0,7.982010841369629
repr-hard-adam,independent,up-0.25,5005,0,1,4,4,0,0,0,7.697790145874023
repr-hard-adam,independent,up-0.25,5005,0,1,8,8,0,0,0,3.862837076187134
repr-hard-adam,independent,up-0.25,5005,0,1,16,16,0,0,0,1.950304627418518
repr-hard-adam,independent,up-0.25,5005,0,1,32,32,1,1,0,0.012643120251595974
repr-hard-adam,independent,up-0.25,5005,0,1,64,64,1,1,0,0.0038744136691093445
repr-hard-adam,independent,up-0.25,5005,0,1,128,128,1,1,0,0.002298271283507347
repr-hard-adam,independent,up-0.25,5005,0,1,256,256,1,1,0,0.002003330737352371
repr-hard-adam,independent,up-0.25,5005,0,1,512,512,1,1,0,0.0018619238398969173
repr-hard-adam,independent,up-0.25,5005,0,1,1024,1024,1,1,0,0.001777319936081767
repr-hard-adam,coherent,up-0.25,5005,0,2,0,0,0,0,0,8.615118026733398
repr-hard-adam,coherent,up-0.25,5005,0,2,1,1,0,0,0,7.928529262542725
repr-hard-adam,coherent,up-0.25,5005,0,2,2,2,0,0,0,6.889615535736084
repr-hard-adam,coherent,up-0.25,5005,0,2,4,4,0,0,4,3.9482052326202393
repr-hard-adam,coherent,up-0.25,5005,0,2,8,8,0,0,3,1.8944854736328125
repr-hard-adam,coherent,up-0.25,5005,0,2,16,16,1,0,1,0.003351310733705759
repr-hard-adam,coherent,up-0.25,5005,0,2,32,32,1,0,1,0.002037891186773777
repr-hard-adam,coherent,up-0.25,5005,0,2,64,64,1,0,1,0.0019554435275495052
repr-hard-adam,coherent,up-0.25,5005,0,2,128,128,1,0,1,0.0018969043157994747
repr-hard-adam,coherent,up-0.25,5005,0,2,256,256,1,0,1,0.0017990334890782833
repr-hard-adam,coherent,up-0.25,5005,0,2,512,512,1,0,1,0.001719065010547638
repr-hard-adam,coherent,up-0.25,5005,0,2,1024,1024,1,0,1,0.0015936298295855522
repr-hard-adam,independent,up-0.25,5005,0,2,0,0,0,0,0,8.39628791809082
repr-hard-adam,independent,up-0.25,5005,0,2,1,1,0,0,0,7.8943986892700195
repr-hard-adam,independent,up-0.25,5005,0,2,2,2,0,0,0,6.82327938079834
repr-hard-adam,independent,up-0.25,5005,0,2,4,4,0,0,4,4.3854851722717285
repr-hard-adam,independent,up-0.25,5005,0,2,8,8,0,0,3,4.001945972442627
repr-hard-adam,independent,up-0.25,5005,0,2,16,16,0,0,2,3.716200113296509
repr-hard-adam,independent,up-0.25,5005,0,2,32,32,1,0,1,0.006355575285851955
repr-hard-adam,independent,up-0.25,5005,0,2,64,64,1,0,1,0.0023162055294960737
repr-hard-adam,independent,up-0.25,5005,0,2,128,128,1,0,2,0.0018772659823298454
repr-hard-adam,independent,up-0.25,5005,0,2,256,256,1,0,2,0.0017601549625396729
repr-hard-adam,independent,up-0.25,5005,0,2,512,512,1,0,3,0.0016309961210936308
repr-hard-adam,independent,up-0.25,5005,0,2,1024,1024,1,0,3,0.0015625059604644775
func-hard-gn,coherent,baseline,5005,1,0,0,0,0,0,0,8.91257381439209
func-hard-gn,coherent,baseline,5005,1,0,1,1,0,0,0,7.9866790771484375
func-hard-gn,coherent,baseline,5005,1,0,2,2,0,0,0,4.5526442527771
func-hard-gn,coherent,baseline,5005,1,0,4,4,1,0,4,0.28214043378829956
func-hard-gn,coherent,baseline,5005,1,0,8,8,1,0,4,0.06941905617713928
func-hard-gn,coherent,baseline,5005,1,0,16,16,1,0,3,0.054206136614084244
func-hard-gn,coherent,baseline,5005,1,0,32,32,1,0,3,0.03978049382567406
func-hard-gn,coherent,baseline,5005,1,0,64,64,1,0,2,0.01790112443268299
func-hard-gn,coherent,baseline,5005,1,0,128,128,1,0,3,0.0036872064229100943
func-hard-gn,coherent,baseline,5005,1,0,256,256,1,0,4,0.0014147283509373665
func-hard-gn,coherent,baseline,5005,1,0,512,512,1,0,5,0.001366694224998355
func-hard-gn,coherent,baseline,5005,1,0,1024,1024,1,0,5,0.0013651465997099876
func-hard-gn,independent,baseline,5005,1,0,0,0,0,0,0,8.492151260375977
func-hard-gn,independent,baseline,5005,1,0,1,1,0,0,0,8.119466781616211
func-hard-gn,independent,baseline,5005,1,0,2,2,0,0,0,6.480184078216553
func-hard-gn,independent,baseline,5005,1,0,4,4,0,0,3,3.3444979190826416
func-hard-gn,independent,baseline,5005,1,0,8,8,0,0,1,3.1689465045928955
func-hard-gn,independent,baseline,5005,1,0,16,16,0,0,2,2.9039134979248047
func-hard-gn,independent,baseline,5005,1,0,32,32,0,0,5,0.8309974670410156
func-hard-gn,independent,baseline,5005,1,0,64,64,1,0,3,0.19187384843826294
func-hard-gn,independent,baseline,5005,1,0,128,128,1,0,2,0.08162996172904968
func-hard-gn,independent,baseline,5005,1,0,256,256,1,0,2,0.002313057193532586
func-hard-gn,independent,baseline,5005,1,0,512,512,1,0,5,0.0015852971700951457
func-hard-gn,independent,baseline,5005,1,0,1024,1024,1,0,4,0.0015455430839210749
func-hard-gn,coherent,baseline,5005,1,1,0,0,0,0,0,8.660018920898438
func-hard-gn,coherent,baseline,5005,1,1,1,1,0,0,0,8.275765419006348
func-hard-gn,coherent,baseline,5005,1,1,2,2,0,0,3,7.361884117126465
func-hard-gn,coherent,baseline,5005,1,1,4,4,0,0,3,5.926657676696777
func-hard-gn,coherent,baseline,5005,1,1,8,8,0,0,3,5.806660175323486
func-hard-gn,coherent,baseline,5005,1,1,16,16,0,0,3,5.5579118728637695
func-hard-gn,coherent,baseline,5005,1,1,32,32,0,0,3,0.8937407732009888
func-hard-gn,coherent,baseline,5005,1,1,64,64,1,0,4,0.004152826499193907
func-hard-gn,coherent,baseline,5005,1,1,128,128,1,0,1,0.0015855967067182064
func-hard-gn,coherent,baseline,5005,1,1,256,256,1,0,1,0.001569052692502737
func-hard-gn,coherent,baseline,5005,1,1,512,512,1,0,1,0.0015668508131057024
func-hard-gn,coherent,baseline,5005,1,1,1024,1024,1,0,1,0.0015662556979805231
func-hard-gn,independent,baseline,5005,1,1,0,0,0,0,0,8.746816635131836
func-hard-gn,independent,baseline,5005,1,1,1,1,0,0,0,8.141376495361328
func-hard-gn,independent,baseline,5005,1,1,2,2,0,0,1,5.5800323486328125
func-hard-gn,independent,baseline,5005,1,1,4,4,0,0,2,3.1396660804748535
func-hard-gn,independent,baseline,5005,1,1,8,8,0,0,2,2.8861703872680664
func-hard-gn,independent,baseline,5005,1,1,16,16,0,0,2,2.702605724334717
func-hard-gn,independent,baseline,5005,1,1,32,32,1,0,3,0.688700258731842
func-hard-gn,independent,baseline,5005,1,1,64,64,1,0,4,0.23822258412837982
func-hard-gn,independent,baseline,5005,1,1,128,128,1,0,4,0.022162452340126038
func-hard-gn,independent,baseline,5005,1,1,256,256,1,0,2,0.002038261853158474
func-hard-gn,independent,baseline,5005,1,1,512,512,1,0,4,0.0015500073786824942
func-hard-gn,independent,baseline,5005,1,1,1024,1024,1,0,3,0.0015209056437015533
func-hard-gn,coherent,baseline,5005,1,2,0,0,0,0,0,8.013605117797852
func-hard-gn,coherent,baseline,5005,1,2,1,1,0,0,0,7.309124946594238
func-hard-gn,coherent,baseline,5005,1,2,2,2,0,0,0,5.6977434158325195
func-hard-gn,coherent,baseline,5005,1,2,4,4,1,0,2,0.08900198340415955
func-hard-gn,coherent,baseline,5005,1,2,8,8,1,0,3,0.008776296861469746
func-hard-gn,coherent,baseline,5005,1,2,16,16,1,0,3,0.004391941241919994
func-hard-gn,coherent,baseline,5005,1,2,32,32,1,0,3,0.0015419144183397293
func-hard-gn,coherent,baseline,5005,1,2,64,64,1,0,2,0.001472878037020564
func-hard-gn,coherent,baseline,5005,1,2,128,128,1,0,2,0.001463593333028257
func-hard-gn,coherent,baseline,5005,1,2,256,256,1,0,4,0.0014627601485699415
func-hard-gn,coherent,baseline,5005,1,2,512,512,1,0,4,0.0014621649170294404
func-hard-gn,coherent,baseline,5005,1,2,1024,1024,1,0,5,0.0014615101972594857
func-hard-gn,independent,baseline,5005,1,2,0,0,0,0,0,8.324121475219727
func-hard-gn,independent,baseline,5005,1,2,1,1,0,0,0,8.035161972045898
func-hard-gn,independent,baseline,5005,1,2,2,2,0,0,0,7.655505657196045
func-hard-gn,independent,baseline,5005,1,2,4,4,0,0,0,6.216414928436279
func-hard-gn,independent,baseline,5005,1,2,8,8,0,0,4,3.1933634281158447
func-hard-gn,independent,baseline,5005,1,2,16,16,0,0,5,0.7708389759063721
func-hard-gn,independent,baseline,5005,1,2,32,32,1,0,5,0.5592623949050903
func-hard-gn,independent,baseline,5005,1,2,64,64,1,0,4,0.02236275002360344
func-hard-gn,independent,baseline,5005,1,2,128,128,1,0,4,0.0038309856317937374
func-hard-gn,independent,baseline,5005,1,2,256,256,1,0,4,0.001432881224900484
func-hard-gn,independent,baseline,5005,1,2,512,512,1,0,4,0.001425679074600339
func-hard-gn,independent,baseline,5005,1,2,1024,1024,1,0,4,0.001422465080395341
func-soft-adam,coherent,baseline,5005,1,0,0,0,0,0,0,8.91257381439209
func-soft-adam,coherent,baseline,5005,1,0,1,1,0,0,0,7.911615371704102
func-soft-adam,coherent,baseline,5005,1,0,2,2,0,0,0,5.478638648986816
func-soft-adam,coherent,baseline,5005,1,0,4,4,1,0,4,0.218079075217247
func-soft-adam,coherent,baseline,5005,1,0,8,8,1,0,8,0.007157342508435249
func-soft-adam,coherent,baseline,5005,1,0,16,16,1,0,6,0.059025611728429794
func-soft-adam,coherent,baseline,5005,1,0,32,32,1,0,5,0.04578933119773865
func-soft-adam,coherent,baseline,5005,1,0,64,64,1,0,4,0.04276043176651001
func-soft-adam,coherent,baseline,5005,1,0,128,128,1,0,3,0.008416801691055298
func-soft-adam,coherent,baseline,5005,1,0,256,256,1,0,3,0.0028050686232745647
func-soft-adam,coherent,baseline,5005,1,0,512,512,1,0,3,0.0017764817457646132
func-soft-adam,coherent,baseline,5005,1,0,1024,1024,1,0,4,0.0015009096823632717
func-soft-adam,independent,baseline,5005,1,0,0,0,0,0,0,8.492151260375977
func-soft-adam,independent,baseline,5005,1,0,1,1,0,0,0,8.08448600769043
func-soft-adam,independent,baseline,5005,1,0,2,2,0,0,0,6.932334899902344
func-soft-adam,independent,baseline,5005,1,0,4,4,0,0,4,3.4319210052490234
func-soft-adam,independent,baseline,5005,1,0,8,8,0,0,7,3.6987791061401367
func-soft-adam,independent,baseline,5005,1,0,16,16,0,0,5,3.377511739730835
func-soft-adam,independent,baseline,5005,1,0,32,32,0,0,3,2.702585458755493
func-soft-adam,independent,baseline,5005,1,0,64,64,1,0,6,0.23206943273544312
func-soft-adam,independent,baseline,5005,1,0,128,128,1,0,6,0.005319471936672926
func-soft-adam,independent,baseline,5005,1,0,256,256,1,0,6,0.0025174692273139954
func-soft-adam,independent,baseline,5005,1,0,512,512,1,0,6,0.0018472200026735663
func-soft-adam,independent,baseline,5005,1,0,1024,1024,1,0,6,0.0016159445513039827
func-soft-adam,coherent,baseline,5005,1,1,0,0,0,0,0,8.660018920898438
func-soft-adam,coherent,baseline,5005,1,1,1,1,0,0,0,8.147397994995117
func-soft-adam,coherent,baseline,5005,1,1,2,2,0,0,2,6.563227653503418
func-soft-adam,coherent,baseline,5005,1,1,4,4,0,0,3,6.562200546264648
func-soft-adam,coherent,baseline,5005,1,1,8,8,0,0,3,5.526715278625488
func-soft-adam,coherent,baseline,5005,1,1,16,16,1,0,6,0.14941105246543884
func-soft-adam,coherent,baseline,5005,1,1,32,32,1,0,3,0.10259908437728882
func-soft-adam,coherent,baseline,5005,1,1,64,64,1,0,4,0.10986010730266571
func-soft-adam,coherent,baseline,5005,1,1,128,128,1,0,2,0.012714747339487076
func-soft-adam,coherent,baseline,5005,1,1,256,256,1,0,2,0.0037710191681981087
func-soft-adam,coherent,baseline,5005,1,1,512,512,1,0,2,0.0021477998234331608
func-soft-adam,coherent,baseline,5005,1,1,1024,1024,1,0,2,0.0017868400318548083
func-soft-adam,independent,baseline,5005,1,1,0,0,0,0,0,8.746816635131836
func-soft-adam,independent,baseline,5005,1,1,1,1,0,0,0,7.377321243286133
func-soft-adam,independent,baseline,5005,1,1,2,2,0,0,2,3.3782107830047607
func-soft-adam,independent,baseline,5005,1,1,4,4,0,0,2,3.0533711910247803
func-soft-adam,independent,baseline,5005,1,1,8,8,0,0,2,3.0871872901916504
func-soft-adam,independent,baseline,5005,1,1,16,16,0,0,3,2.609618902206421
func-soft-adam,independent,baseline,5005,1,1,32,32,0,0,5,0.8106533288955688
func-soft-adam,independent,baseline,5005,1,1,64,64,1,0,6,0.47832953929901123
func-soft-adam,independent,baseline,5005,1,1,128,128,1,0,4,0.0047698793932795525
func-soft-adam,independent,baseline,5005,1,1,256,256,1,0,3,0.0024468176998198032
func-soft-adam,independent,baseline,5005,1,1,512,512,1,0,3,0.0018894061213359237
func-soft-adam,independent,baseline,5005,1,1,1024,1024,1,0,3,0.001736086793243885
func-soft-adam,coherent,baseline,5005,1,2,0,0,0,0,0,8.013605117797852
func-soft-adam,coherent,baseline,5005,1,2,1,1,0,0,0,6.846846580505371
func-soft-adam,coherent,baseline,5005,1,2,2,2,0,0,0,4.582658290863037
func-soft-adam,coherent,baseline,5005,1,2,4,4,1,0,3,0.025799985975027084
func-soft-adam,coherent,baseline,5005,1,2,8,8,1,0,4,0.003692179685458541
func-soft-adam,coherent,baseline,5005,1,2,16,16,1,0,5,0.018328677862882614
func-soft-adam,coherent,baseline,5005,1,2,32,32,1,0,5,0.024675674736499786
func-soft-adam,coherent,baseline,5005,1,2,64,64,1,0,5,0.030245838686823845
func-soft-adam,coherent,baseline,5005,1,2,128,128,1,0,5,0.00787072628736496
func-soft-adam,coherent,baseline,5005,1,2,256,256,1,0,5,0.0024102278985083103
func-soft-adam,coherent,baseline,5005,1,2,512,512,1,0,5,0.0017418568022549152
func-soft-adam,coherent,baseline,5005,1,2,1024,1024,1,0,5,0.0015285841654986143
func-soft-adam,independent,baseline,5005,1,2,0,0,0,0,0,8.324121475219727
func-soft-adam,independent,baseline,5005,1,2,1,1,0,0,0,7.901487827301025
func-soft-adam,independent,baseline,5005,1,2,2,2,0,0,0,7.259078025817871
func-soft-adam,independent,baseline,5005,1,2,4,4,0,0,0,4.732789993286133
func-soft-adam,independent,baseline,5005,1,2,8,8,0,0,4,3.527636766433716
func-soft-adam,independent,baseline,5005,1,2,16,16,0,0,5,1.9881820678710938
func-soft-adam,independent,baseline,5005,1,2,32,32,0,0,5,0.8266757726669312
func-soft-adam,independent,baseline,5005,1,2,64,64,0,0,5,0.7627183198928833
func-soft-adam,independent,baseline,5005,1,2,128,128,1,0,5,0.6863353252410889
func-soft-adam,independent,baseline,5005,1,2,256,256,1,0,4,0.002702603582292795
func-soft-adam,independent,baseline,5005,1,2,512,512,1,0,4,0.0020018424838781357
func-soft-adam,independent,baseline,5005,1,2,1024,1024,1,0,4,0.0016542085213586688
func-soft-gn,coherent,baseline,5005,1,0,0,0,0,0,0,8.91257381439209
func-soft-gn,coherent,baseline,5005,1,0,1,1,0,0,0,7.981901168823242
func-soft-gn,coherent,baseline,5005,1,0,2,2,0,0,0,4.589155197143555
func-soft-gn,coherent,baseline,5005,1,0,4,4,1,0,6,0.059202149510383606
func-soft-gn,coherent,baseline,5005,1,0,8,8,1,0,4,0.26162827014923096
func-soft-gn,coherent,baseline,5005,1,0,16,16,1,0,4,0.11983275413513184
func-soft-gn,coherent,baseline,5005,1,0,32,32,1,0,3,0.1205325722694397
func-soft-gn,coherent,baseline,5005,1,0,64,64,1,0,4,0.06643863022327423
func-soft-gn,coherent,baseline,5005,1,0,128,128,1,0,2,0.024443311616778374
func-soft-gn,coherent,baseline,5005,1,0,256,256,1,0,1,0.001475020544603467
func-soft-gn,coherent,baseline,5005,1,0,512,512,1,0,1,0.001390503253787756
func-soft-gn,coherent,baseline,5005,1,0,1024,1024,1,0,1,0.0013741941656917334
func-soft-gn,independent,baseline,5005,1,0,0,0,0,0,0,8.492151260375977
func-soft-gn,independent,baseline,5005,1,0,1,1,0,0,0,8.11862850189209
func-soft-gn,independent,baseline,5005,1,0,2,2,0,0,0,6.488445281982422
func-soft-gn,independent,baseline,5005,1,0,4,4,0,0,3,3.3263115882873535
func-soft-gn,independent,baseline,5005,1,0,8,8,0,0,3,3.2833242416381836
func-soft-gn,independent,baseline,5005,1,0,16,16,0,0,3,3.1958203315734863
func-soft-gn,independent,baseline,5005,1,0,32,32,0,0,5,0.939468502998352
func-soft-gn,independent,baseline,5005,1,0,64,64,1,0,6,0.145491361618042
func-soft-gn,independent,baseline,5005,1,0,128,128,1,0,2,0.019162878394126892
func-soft-gn,independent,baseline,5005,1,0,256,256,1,0,2,0.0017550077755004168
func-soft-gn,independent,baseline,5005,1,0,512,512,1,0,4,0.00158547586761415
func-soft-gn,independent,baseline,5005,1,0,1024,1024,1,0,4,0.0015533990226686
func-soft-gn,coherent,baseline,5005,1,1,0,0,0,0,0,8.660018920898438
func-soft-gn,coherent,baseline,5005,1,1,1,1,0,0,0,8.300235748291016
func-soft-gn,coherent,baseline,5005,1,1,2,2,0,0,3,7.595368385314941
func-soft-gn,coherent,baseline,5005,1,1,4,4,0,0,3,5.971624374389648
func-soft-gn,coherent,baseline,5005,1,1,8,8,0,0,3,5.732403755187988
func-soft-gn,coherent,baseline,5005,1,1,16,16,0,0,3,5.465822696685791
func-soft-gn,coherent,baseline,5005,1,1,32,32,1,0,3,0.05605671554803848
func-soft-gn,coherent,baseline,5005,1,1,64,64,1,0,4,0.0033750536385923624
func-soft-gn,coherent,baseline,5005,1,1,128,128,1,0,3,0.001588155748322606
func-soft-gn,coherent,baseline,5005,1,1,256,256,1,0,3,0.0015711355954408646
func-soft-gn,coherent,baseline,5005,1,1,512,512,1,1,0,0.0015672079753130674
func-soft-gn,coherent,baseline,5005,1,1,1024,1024,1,1,0,0.0015666722320020199
func-soft-gn,independent,baseline,5005,1,1,0,0,0,0,0,8.746816635131836
func-soft-gn,independent,baseline,5005,1,1,1,1,0,0,0,8.240633010864258
func-soft-gn,independent,baseline,5005,1,1,2,2,0,0,0,6.512950897216797
func-soft-gn,independent,baseline,5005,1,1,4,4,0,0,2,2.965252161026001
func-soft-gn,independent,baseline,5005,1,1,8,8,0,0,2,2.8572545051574707
func-soft-gn,independent,baseline,5005,1,1,16,16,0,0,2,2.6704962253570557
func-soft-gn,independent,baseline,5005,1,1,32,32,0,0,3,0.6891692876815796
func-soft-gn,independent,baseline,5005,1,1,64,64,1,0,3,0.2613218128681183
func-soft-gn,independent,baseline,5005,1,1,128,128,1,0,2,0.05382980778813362
func-soft-gn,independent,baseline,5005,1,1,256,256,1,0,2,0.0047734878025949
func-soft-gn,independent,baseline,5005,1,1,512,512,1,0,2,0.0015675036702305079
func-soft-gn,independent,baseline,5005,1,1,1024,1024,1,0,5,0.001524952705949545
func-soft-gn,coherent,baseline,5005,1,2,0,0,0,0,0,8.013605117797852
func-soft-gn,coherent,baseline,5005,1,2,1,1,0,0,0,7.325223922729492
func-soft-gn,coherent,baseline,5005,1,2,2,2,0,0,0,5.830301761627197
func-soft-gn,coherent,baseline,5005,1,2,4,4,1,0,3,0.002004251116886735
func-soft-gn,coherent,baseline,5005,1,2,8,8,1,0,3,0.008693425916135311
func-soft-gn,coherent,baseline,5005,1,2,16,16,1,0,3,0.004810027312487364
func-soft-gn,coherent,baseline,5005,1,2,32,32,1,0,4,0.001623860327526927
func-soft-gn,coherent,baseline,5005,1,2,64,64,1,0,2,0.001475615776143968
func-soft-gn,coherent,baseline,5005,1,2,128,128,1,0,2,0.001464545726776123
func-soft-gn,coherent,baseline,5005,1,2,256,256,1,0,4,0.0014637719141319394
func-soft-gn,coherent,baseline,5005,1,2,512,512,1,0,4,0.001462581567466259
func-soft-gn,coherent,baseline,5005,1,2,1024,1024,1,0,5,0.0014614507090300322
func-soft-gn,independent,baseline,5005,1,2,0,0,0,0,0,8.324121475219727
func-soft-gn,independent,baseline,5005,1,2,1,1,0,0,0,8.033016204833984
func-soft-gn,independent,baseline,5005,1,2,2,2,0,0,0,7.645410537719727
func-soft-gn,independent,baseline,5005,1,2,4,4,0,0,0,6.118950366973877
func-soft-gn,independent,baseline,5005,1,2,8,8,0,0,4,3.431246280670166
func-soft-gn,independent,baseline,5005,1,2,16,16,0,0,5,0.8075639009475708
func-soft-gn,independent,baseline,5005,1,2,32,32,1,0,5,0.632887601852417
func-soft-gn,independent,baseline,5005,1,2,64,64,1,0,4,0.1709519475698471
func-soft-gn,independent,baseline,5005,1,2,128,128,1,0,4,0.039781779050827026
func-soft-gn,independent,baseline,5005,1,2,256,256,1,0,4,0.001580358250066638
func-soft-gn,independent,baseline,5005,1,2,512,512,1,0,4,0.0015207873657345772
func-soft-gn,independent,baseline,5005,1,2,1024,1024,1,0,4,0.0014756752643734217
repr-hard-adam,coherent,baseline,5005,1,0,0,0,0,0,0,8.91257381439209
repr-hard-adam,coherent,baseline,5005,1,0,1,1,0,0,0,8.559374809265137
repr-hard-adam,coherent,baseline,5005,1,0,2,2,0,0,0,8.12301254272461
repr-hard-adam,coherent,baseline,5005,1,0,4,4,0,0,0,6.7993974685668945
repr-hard-adam,coherent,baseline,5005,1,0,8,8,0,0,1,5.340383529663086
repr-hard-adam,coherent,baseline,5005,1,0,16,16,0,0,1,4.2802934646606445
repr-hard-adam,coherent,baseline,5005,1,0,32,32,0,0,0,3.393177032470703
repr-hard-adam,coherent,baseline,5005,1,0,64,64,0,0,0,4.147069931030273
repr-hard-adam,coherent,baseline,5005,1,0,128,128,0,0,0,4.868701934814453
repr-hard-adam,coherent,baseline,5005,1,0,256,256,0,0,1,5.523194313049316
repr-hard-adam,coherent,baseline,5005,1,0,512,512,0,0,2,5.320444583892822
repr-hard-adam,coherent,baseline,5005,1,0,1024,1024,0,0,3,4.729788780212402
repr-hard-adam,independent,baseline,5005,1,0,0,0,0,0,0,8.492151260375977
repr-hard-adam,independent,baseline,5005,1,0,1,1,0,0,0,8.342422485351562
repr-hard-adam,independent,baseline,5005,1,0,2,2,0,0,0,8.149645805358887
repr-hard-adam,independent,baseline,5005,1,0,4,4,0,0,0,7.459183216094971
repr-hard-adam,independent,baseline,5005,1,0,8,8,0,0,1,6.629754066467285
repr-hard-adam,independent,baseline,5005,1,0,16,16,0,0,1,5.885358810424805
repr-hard-adam,independent,baseline,5005,1,0,32,32,0,0,0,5.628504753112793
repr-hard-adam,independent,baseline,5005,1,0,64,64,0,0,0,5.6494460105896
repr-hard-adam,independent,baseline,5005,1,0,128,128,0,0,1,6.656609535217285
repr-hard-adam,independent,baseline,5005,1,0,256,256,0,0,1,7.1252336502075195
repr-hard-adam,independent,baseline,5005,1,0,512,512,0,0,3,6.922365188598633
repr-hard-adam,independent,baseline,5005,1,0,1024,1024,0,0,4,6.653172492980957
repr-hard-adam,coherent,baseline,5005,1,1,0,0,0,0,0,8.660018920898438
repr-hard-adam,coherent,baseline,5005,1,1,1,1,0,0,0,8.423982620239258
repr-hard-adam,coherent,baseline,5005,1,1,2,2,0,0,0,8.25997543334961
repr-hard-adam,coherent,baseline,5005,1,1,4,4,0,0,0,7.943233489990234
repr-hard-adam,coherent,baseline,5005,1,1,8,8,0,0,1,6.774735450744629
repr-hard-adam,coherent,baseline,5005,1,1,16,16,0,0,0,6.477686405181885
repr-hard-adam,coherent,baseline,5005,1,1,32,32,0,0,0,6.492647171020508
repr-hard-adam,coherent,baseline,5005,1,1,64,64,0,0,0,6.6779890060424805
repr-hard-adam,coherent,baseline,5005,1,1,128,128,0,0,0,6.649622917175293
repr-hard-adam,coherent,baseline,5005,1,1,256,256,0,0,0,6.661449432373047
repr-hard-adam,coherent,baseline,5005,1,1,512,512,0,0,0,6.784273147583008
repr-hard-adam,coherent,baseline,5005,1,1,1024,1024,0,0,1,6.94118595123291
repr-hard-adam,independent,baseline,5005,1,1,0,0,0,0,0,8.746816635131836
repr-hard-adam,independent,baseline,5005,1,1,1,1,0,0,0,8.378673553466797
repr-hard-adam,independent,baseline,5005,1,1,2,2,0,0,0,7.975183486938477
repr-hard-adam,independent,baseline,5005,1,1,4,4,0,0,0,6.851893424987793
repr-hard-adam,independent,baseline,5005,1,1,8,8,0,0,0,4.094051361083984
repr-hard-adam,independent,baseline,5005,1,1,16,16,0,0,0,3.4556570053100586
repr-hard-adam,independent,baseline,5005,1,1,32,32,0,0,0,3.552825927734375
repr-hard-adam,independent,baseline,5005,1,1,64,64,0,0,0,3.5324552059173584
repr-hard-adam,independent,baseline,5005,1,1,128,128,0,0,0,3.6922080516815186
repr-hard-adam,independent,baseline,5005,1,1,256,256,0,0,0,3.4090590476989746
repr-hard-adam,independent,baseline,5005,1,1,512,512,0,0,0,3.643507957458496
repr-hard-adam,independent,baseline,5005,1,1,1024,1024,0,0,1,3.7299442291259766
repr-hard-adam,coherent,baseline,5005,1,2,0,0,0,0,0,8.013605117797852
repr-hard-adam,coherent,baseline,5005,1,2,1,1,0,0,0,7.517003059387207
repr-hard-adam,coherent,baseline,5005,1,2,2,2,0,0,0,7.142558574676514
repr-hard-adam,coherent,baseline,5005,1,2,4,4,0,0,0,6.857044219970703
repr-hard-adam,coherent,baseline,5005,1,2,8,8,0,0,1,6.634772300720215
repr-hard-adam,coherent,baseline,5005,1,2,16,16,0,0,1,6.634961128234863
repr-hard-adam,coherent,baseline,5005,1,2,32,32,0,0,1,6.682796478271484
repr-hard-adam,coherent,baseline,5005,1,2,64,64,0,0,1,6.894135475158691
repr-hard-adam,coherent,baseline,5005,1,2,128,128,0,0,1,7.055527687072754
repr-hard-adam,coherent,baseline,5005,1,2,256,256,0,0,0,7.28812313079834
repr-hard-adam,coherent,baseline,5005,1,2,512,512,0,0,0,7.368196487426758
repr-hard-adam,coherent,baseline,5005,1,2,1024,1024,0,0,1,7.2578325271606445
repr-hard-adam,independent,baseline,5005,1,2,0,0,0,0,0,8.324121475219727
repr-hard-adam,independent,baseline,5005,1,2,1,1,0,0,0,8.133573532104492
repr-hard-adam,independent,baseline,5005,1,2,2,2,0,0,0,8.00163459777832
repr-hard-adam,independent,baseline,5005,1,2,4,4,0,0,0,7.9243268966674805
repr-hard-adam,independent,baseline,5005,1,2,8,8,0,0,0,7.903318405151367
repr-hard-adam,independent,baseline,5005,1,2,16,16,0,0,0,7.889711856842041
repr-hard-adam,independent,baseline,5005,1,2,32,32,0,0,0,7.89244270324707
repr-hard-adam,independent,baseline,5005,1,2,64,64,0,0,0,7.899325847625732
repr-hard-adam,independent,baseline,5005,1,2,128,128,0,0,0,7.958126068115234
repr-hard-adam,independent,baseline,5005,1,2,256,256,0,0,0,8.041730880737305
repr-hard-adam,independent,baseline,5005,1,2,512,512,0,0,0,8.05146598815918
repr-hard-adam,independent,baseline,5005,1,2,1024,1024,0,0,0,8.04597282409668
func-hard-gn,coherent,up-0.25,5005,1,0,0,0,0,0,0,9.098941802978516
func-hard-gn,coherent,up-0.25,5005,1,0,1,1,0,0,0,8.792964935302734
func-hard-gn,coherent,up-0.25,5005,1,0,2,2,0,0,1,7.335361003875732
func-hard-gn,coherent,up-0.25,5005,1,0,4,4,0,0,5,3.98502779006958
func-hard-gn,coherent,up-0.25,5005,1,0,8,8,1,0,6,0.058047227561473846
func-hard-gn,coherent,up-0.25,5005,1,0,16,16,1,0,6,0.014248687773942947
func-hard-gn,coherent,up-0.25,5005,1,0,32,32,1,0,6,0.01199099887162447
func-hard-gn,coherent,up-0.25,5005,1,0,64,64,1,0,6,0.00924176536500454
func-hard-gn,coherent,up-0.25,5005,1,0,128,128,1,0,5,0.0015175107400864363
func-hard-gn,coherent,up-0.25,5005,1,0,256,256,1,0,5,0.0013653847854584455
func-hard-gn,coherent,up-0.25,5005,1,0,512,512,1,0,5,0.0013585990527644753
func-hard-gn,coherent,up-0.25,5005,1,0,1024,1024,1,0,4,0.0013568728463724256
func-hard-gn,independent,up-0.25,5005,1,0,0,0,0,0,0,8.589719772338867
func-hard-gn,independent,up-0.25,5005,1,0,1,1,0,0,1,7.543002128601074
func-hard-gn,independent,up-0.25,5005,1,0,2,2,0,0,1,6.2060980796813965
func-hard-gn,independent,up-0.25,5005,1,0,4,4,0,0,2,4.686943531036377
func-hard-gn,independent,up-0.25,5005,1,0,8,8,0,0,5,3.9948644638061523
func-hard-gn,independent,up-0.25,5005,1,0,16,16,0,0,5,3.368791341781616
func-hard-gn,independent,up-0.25,5005,1,0,32,32,0,0,7,2.802781820297241
func-hard-gn,independent,up-0.25,5005,1,0,64,64,0,0,6,2.756373882293701
func-hard-gn,independent,up-0.25,5005,1,0,128,128,1,0,8,0.00246902322396636
func-hard-gn,independent,up-0.25,5005,1,0,256,256,1,0,7,0.0014772184658795595
func-hard-gn,independent,up-0.25,5005,1,0,512,512,1,0,4,0.0014559116680175066
func-hard-gn,independent,up-0.25,5005,1,0,1024,1024,1,0,4,0.0014518048847094178
func-hard-gn,coherent,up-0.25,5005,1,1,0,0,0,0,0,8.60099983215332
func-hard-gn,coherent,up-0.25,5005,1,1,1,1,0,0,3,8.087301254272461
func-hard-gn,coherent,up-0.25,5005,1,1,2,2,0,0,5,4.501827716827393
func-hard-gn,coherent,up-0.25,5005,1,1,4,4,0,0,5,4.159156799316406
func-hard-gn,coherent,up-0.25,5005,1,1,8,8,0,0,4,4.0280866622924805
func-hard-gn,coherent,up-0.25,5005,1,1,16,16,1,0,4,0.013371063396334648
func-hard-gn,coherent,up-0.25,5005,1,1,32,32,1,0,4,0.0063140010461211205
func-hard-gn,coherent,up-0.25,5005,1,1,64,64,1,0,2,0.0017853910103440285
func-hard-gn,coherent,up-0.25,5005,1,1,128,128,1,0,2,0.0015492949169129133
func-hard-gn,coherent,up-0.25,5005,1,1,256,256,1,0,3,0.0015441172290593386
func-hard-gn,coherent,up-0.25,5005,1,1,512,512,1,0,3,0.0015412606298923492
func-hard-gn,coherent,up-0.25,5005,1,1,1024,1024,1,0,3,0.0015389396576210856
func-hard-gn,independent,up-0.25,5005,1,1,0,0,0,0,0,8.813722610473633
func-hard-gn,independent,up-0.25,5005,1,1,1,1,0,0,1,8.469184875488281
func-hard-gn,independent,up-0.25,5005,1,1,2,2,0,0,2,5.842188358306885
func-hard-gn,independent,up-0.25,5005,1,1,4,4,0,0,3,4.436587810516357
func-hard-gn,independent,up-0.25,5005,1,1,8,8,0,0,3,4.41228723526001
func-hard-gn,independent,up-0.25,5005,1,1,16,16,0,0,3,4.30963659286499
func-hard-gn,independent,up-0.25,5005,1,1,32,32,1,0,4,0.07247527688741684
func-hard-gn,independent,up-0.25,5005,1,1,64,64,1,0,3,0.004474388435482979
func-hard-gn,independent,up-0.25,5005,1,1,128,128,1,0,1,0.0015071574598550797
func-hard-gn,independent,up-0.25,5005,1,1,256,256,1,0,2,0.0014926956500858068
func-hard-gn,independent,up-0.25,5005,1,1,512,512,1,0,2,0.0014897794462740421
func-hard-gn,independent,up-0.25,5005,1,1,1024,1024,1,0,2,0.0014877559151500463
func-hard-gn,coherent,up-0.25,5005,1,2,0,0,0,0,0,8.029830932617188
func-hard-gn,coherent,up-0.25,5005,1,2,1,1,0,0,0,7.687731742858887
func-hard-gn,coherent,up-0.25,5005,1,2,2,2,0,0,0,6.895349502563477
func-hard-gn,coherent,up-0.25,5005,1,2,4,4,0,0,0,3.729686737060547
func-hard-gn,coherent,up-0.25,5005,1,2,8,8,1,0,5,0.010219933465123177
func-hard-gn,coherent,up-0.25,5005,1,2,16,16,1,0,4,0.002535498235374689
func-hard-gn,coherent,up-0.25,5005,1,2,32,32,1,0,4,0.0017098402604460716
func-hard-gn,coherent,up-0.25,5005,1,2,64,64,1,0,2,0.0015059084398671985
func-hard-gn,coherent,up-0.25,5005,1,2,128,128,1,1,0,0.0014516302617266774
func-hard-gn,coherent,up-0.25,5005,1,2,256,256,1,1,0,0.0014422859530895948
func-hard-gn,coherent,up-0.25,5005,1,2,512,512,1,0,1,0.0014403217937797308
func-hard-gn,coherent,up-0.25,5005,1,2,1024,1024,1,1,0,0.001435976941138506
func-hard-gn,independent,up-0.25,5005,1,2,0,0,0,0,0,8.265972137451172
func-hard-gn,independent,up-0.25,5005,1,2,1,1,0,0,0,8.03992748260498
func-hard-gn,independent,up-0.25,5005,1,2,2,2,0,0,0,7.391069412231445
func-hard-gn,independent,up-0.25,5005,1,2,4,4,0,0,0,6.588717937469482
func-hard-gn,independent,up-0.25,5005,1,2,8,8,0,0,2,3.89251971244812
func-hard-gn,independent,up-0.25,5005,1,2,16,16,1,0,4,0.014618338085711002
func-hard-gn,independent,up-0.25,5005,1,2,32,32,1,0,1,0.0015625649830326438
func-hard-gn,independent,up-0.25,5005,1,2,64,64,1,1,0,0.001411989564076066
func-hard-gn,independent,up-0.25,5005,1,2,128,128,1,0,1,0.0014060968533158302
func-hard-gn,independent,up-0.25,5005,1,2,256,256,1,0,1,0.0014012756291776896
func-hard-gn,independent,up-0.25,5005,1,2,512,512,1,0,2,0.001399251981638372
func-hard-gn,independent,up-0.25,5005,1,2,1024,1024,1,0,2,0.001398121123202145
func-soft-adam,coherent,up-0.25,5005,1,0,0,0,0,0,0,9.098941802978516
func-soft-adam,coherent,up-0.25,5005,1,0,1,1,0,0,0,8.648628234863281
func-soft-adam,coherent,up-0.25,5005,1,0,2,2,0,0,1,7.1279706954956055
func-soft-adam,coherent,up-0.25,5005,1,0,4,4,0,0,6,3.485612154006958
func-soft-adam,coherent,up-0.25,5005,1,0,8,8,1,0,10,0.023350132629275322
func-soft-adam,coherent,up-0.25,5005,1,0,16,16,1,0,7,0.022357191890478134
func-soft-adam,coherent,up-0.25,5005,1,0,32,32,1,0,3,0.052186816930770874
func-soft-adam,coherent,up-0.25,5005,1,0,64,64,1,0,3,0.011295563541352749
func-soft-adam,coherent,up-0.25,5005,1,0,128,128,1,0,3,0.0048369900323450565
func-soft-adam,coherent,up-0.25,5005,1,0,256,256,1,0,3,0.002692457986995578
func-soft-adam,coherent,up-0.25,5005,1,0,512,512,1,0,3,0.0018248774576932192
func-soft-adam,coherent,up-0.25,5005,1,0,1024,1024,1,0,3,0.0014897759538143873
func-soft-adam,independent,up-0.25,5005,1,0,0,0,0,0,0,8.589719772338867
func-soft-adam,independent,up-0.25,5005,1,0,1,1,0,0,3,6.775126934051514
func-soft-adam,independent,up-0.25,5005,1,0,2,2,0,0,6,4.53342866897583
func-soft-adam,independent,up-0.25,5005,1,0,4,4,0,0,5,4.30950927734375
func-soft-adam,independent,up-0.25,5005,1,0,8,8,0,0,3,3.779040813446045
func-soft-adam,independent,up-0.25,5005,1,0,16,16,0,0,4,3.446420907974243
func-soft-adam,independent,up-0.25,5005,1,0,32,32,0,0,2,3.272160768508911
func-soft-adam,independent,up-0.25,5005,1,0,64,64,1,0,9,0.06078002229332924
func-soft-adam,independent,up-0.25,5005,1,0,128,128,1,0,3,0.005344204604625702
func-soft-adam,independent,up-0.25,5005,1,0,256,256,1,0,3,0.00279306061565876
func-soft-adam,independent,up-0.25,5005,1,0,512,512,1,0,3,0.0018686439143493772
func-soft-adam,independent,up-0.25,5005,1,0,1024,1024,1,0,5,0.001591904554516077
func-soft-adam,coherent,up-0.25,5005,1,1,0,0,0,0,0,8.60099983215332
func-soft-adam,coherent,up-0.25,5005,1,1,1,1,0,0,4,7.610499382019043
func-soft-adam,coherent,up-0.25,5005,1,1,2,2,0,0,6,3.9028303623199463
func-soft-adam,coherent,up-0.25,5005,1,1,4,4,1,0,8,0.0015634585870429873
func-soft-adam,coherent,up-0.25,5005,1,1,8,8,1,0,10,0.0015698857605457306
func-soft-adam,coherent,up-0.25,5005,1,1,16,16,1,0,10,0.0017999880947172642
func-soft-adam,coherent,up-0.25,5005,1,1,32,32,1,0,10,0.01034647785127163
func-soft-adam,coherent,up-0.25,5005,1,1,64,64,1,0,5,0.022523652762174606
func-soft-adam,coherent,up-0.25,5005,1,1,128,128,1,0,3,0.0022477724123746157
func-soft-adam,coherent,up-0.25,5005,1,1,256,256,1,0,3,0.001716681756079197
func-soft-adam,coherent,up-0.25,5005,1,1,512,512,1,0,4,0.001670272322371602
func-soft-adam,coherent,up-0.25,5005,1,1,1024,1024,1,0,4,0.0016217767260968685
func-soft-adam,independent,up-0.25,5005,1,1,0,0,0,0,0,8.813722610473633
func-soft-adam,independent,up-0.25,5005,1,1,1,1,0,0,2,7.934390068054199
func-soft-adam,independent,up-0.25,5005,1,1,2,2,0,0,6,4.3860931396484375
func-soft-adam,independent,up-0.25,5005,1,1,4,4,0,0,6,3.9582622051239014
func-soft-adam,independent,up-0.25,5005,1,1,8,8,0,0,6,0.7389728426933289
func-soft-adam,independent,up-0.25,5005,1,1,16,16,0,0,2,3.937105894088745
func-soft-adam,independent,up-0.25,5005,1,1,32,32,1,0,3,0.007982091046869755
func-soft-adam,independent,up-0.25,5005,1,1,64,64,1,0,2,0.005986179690808058
func-soft-adam,independent,up-0.25,5005,1,1,128,128,1,0,2,0.004285147879272699
func-soft-adam,independent,up-0.25,5005,1,1,256,256,1,0,2,0.003168440191075206
func-soft-adam,independent,up-0.25,5005,1,1,512,512,1,0,2,0.0023249692749232054
func-soft-adam,independent,up-0.25,5005,1,1,1024,1024,1,0,2,0.0017902280669659376
func-soft-adam,coherent,up-0.25,5005,1,2,0,0,0,0,0,8.029830932617188
func-soft-adam,coherent,up-0.25,5005,1,2,1,1,0,0,0,7.645844459533691
func-soft-adam,coherent,up-0.25,5005,1,2,2,2,0,0,0,6.756237983703613
func-soft-adam,coherent,up-0.25,5005,1,2,4,4,0,0,4,1.0076708793640137
func-soft-adam,coherent,up-0.25,5005,1,2,8,8,1,0,5,0.0041234358213841915
func-soft-adam,coherent,up-0.25,5005,1,2,16,16,1,0,5,0.10196057707071304
func-soft-adam,coherent,up-0.25,5005,1,2,32,32,1,0,7,0.02928372472524643
func-soft-adam,coherent,up-0.25,5005,1,2,64,64,1,0,4,0.037866976112127304
func-soft-adam,coherent,up-0.25,5005,1,2,128,128,1,0,4,0.007271504960954189
func-soft-adam,coherent,up-0.25,5005,1,2,256,256,1,0,4,0.0023386511020362377
func-soft-adam,coherent,up-0.25,5005,1,2,512,512,1,0,4,0.0016566433478146791
func-soft-adam,coherent,up-0.25,5005,1,2,1024,1024,1,0,3,0.001544593134894967
func-soft-adam,independent,up-0.25,5005,1,2,0,0,0,0,0,8.265972137451172
func-soft-adam,independent,up-0.25,5005,1,2,1,1,0,0,0,7.983089923858643
func-soft-adam,independent,up-0.25,5005,1,2,2,2,0,0,1,8.057920455932617
func-soft-adam,independent,up-0.25,5005,1,2,4,4,0,0,0,7.5757598876953125
func-soft-adam,independent,up-0.25,5005,1,2,8,8,0,0,0,6.433986186981201
func-soft-adam,independent,up-0.25,5005,1,2,16,16,0,0,5,3.625437021255493
func-soft-adam,independent,up-0.25,5005,1,2,32,32,0,0,4,3.2266619205474854
func-soft-adam,independent,up-0.25,5005,1,2,64,64,1,0,5,0.09784101694822311
func-soft-adam,independent,up-0.25,5005,1,2,128,128,1,0,5,0.009398864582180977
func-soft-adam,independent,up-0.25,5005,1,2,256,256,1,0,4,0.0044140685349702835
func-soft-adam,independent,up-0.25,5005,1,2,512,512,1,0,4,0.0023667137138545513
func-soft-adam,independent,up-0.25,5005,1,2,1024,1024,1,0,4,0.0016069482080638409
func-soft-gn,coherent,up-0.25,5005,1,0,0,0,0,0,0,9.098941802978516
func-soft-gn,coherent,up-0.25,5005,1,0,1,1,0,0,0,8.798900604248047
func-soft-gn,coherent,up-0.25,5005,1,0,2,2,0,0,1,7.2264323234558105
func-soft-gn,coherent,up-0.25,5005,1,0,4,4,0,0,1,4.007491111755371
func-soft-gn,coherent,up-0.25,5005,1,0,8,8,1,0,7,0.029132740572094917
func-soft-gn,coherent,up-0.25,5005,1,0,16,16,1,0,6,0.011722075752913952
func-soft-gn,coherent,up-0.25,5005,1,0,32,32,1,0,5,0.009660827927291393
func-soft-gn,coherent,up-0.25,5005,1,0,64,64,1,0,7,0.007225553970783949
func-soft-gn,coherent,up-0.25,5005,1,0,128,128,1,0,6,0.0014569255290552974
func-soft-gn,coherent,up-0.25,5005,1,0,256,256,1,0,5,0.0013632418122142553
func-soft-gn,coherent,up-0.25,5005,1,0,512,512,1,0,5,0.001358777517452836
func-soft-gn,coherent,up-0.25,5005,1,0,1024,1024,1,0,4,0.0013569323346018791
func-soft-gn,independent,up-0.25,5005,1,0,0,0,0,0,0,8.589719772338867
func-soft-gn,independent,up-0.25,5005,1,0,1,1,0,0,1,7.585338115692139
func-soft-gn,independent,up-0.25,5005,1,0,2,2,0,0,3,4.678276062011719
func-soft-gn,independent,up-0.25,5005,1,0,4,4,0,0,4,3.987943410873413
func-soft-gn,independent,up-0.25,5005,1,0,8,8,0,0,5,3.483719825744629
func-soft-gn,independent,up-0.25,5005,1,0,16,16,0,0,4,3.4138457775115967
func-soft-gn,independent,up-0.25,5005,1,0,32,32,0,0,6,2.812488555908203
func-soft-gn,independent,up-0.25,5005,1,0,64,64,0,0,6,2.7554233074188232
func-soft-gn,independent,up-0.25,5005,1,0,128,128,1,0,6,0.0021276711486279964
func-soft-gn,independent,up-0.25,5005,1,0,256,256,1,0,5,0.001468826667405665
func-soft-gn,independent,up-0.25,5005,1,0,512,512,1,0,4,0.001455256948247552
func-soft-gn,independent,up-0.25,5005,1,0,1024,1024,1,0,4,0.0014517453964799643
func-soft-gn,coherent,up-0.25,5005,1,1,0,0,0,0,0,8.60099983215332
func-soft-gn,coherent,up-0.25,5005,1,1,1,1,0,0,3,8.143348693847656
func-soft-gn,coherent,up-0.25,5005,1,1,2,2,0,0,6,4.0513787269592285
func-soft-gn,coherent,up-0.25,5005,1,1,4,4,0,0,6,4.004887580871582
func-soft-gn,coherent,up-0.25,5005,1,1,8,8,0,0,6,1.3845746517181396
func-soft-gn,coherent,up-0.25,5005,1,1,16,16,1,0,4,0.0031637137290090322
func-soft-gn,coherent,up-0.25,5005,1,1,32,32,1,0,2,0.0016032698331400752
func-soft-gn,coherent,up-0.25,5005,1,1,64,64,1,0,2,0.0015533417463302612
func-soft-gn,coherent,up-0.25,5005,1,1,128,128,1,0,3,0.0015484021278098226
func-soft-gn,coherent,up-0.25,5005,1,1,256,256,1,0,3,0.001544950413517654
func-soft-gn,coherent,up-0.25,5005,1,1,512,512,1,0,3,0.0015418557450175285
func-soft-gn,coherent,up-0.25,5005,1,1,1024,1024,1,0,3,0.0015388205647468567
func-soft-gn,independent,up-0.25,5005,1,1,0,0,0,0,0,8.813722610473633
func-soft-gn,independent,up-0.25,5005,1,1,1,1,0,0,1,8.52955436706543
func-soft-gn,independent,up-0.25,5005,1,1,2,2,0,0,3,4.460843563079834
func-soft-gn,independent,up-0.25,5005,1,1,4,4,0,0,3,4.462285995483398
func-soft-gn,independent,up-0.25,5005,1,1,8,8,0,0,3,4.442920207977295
func-soft-gn,independent,up-0.25,5005,1,1,16,16,0,0,3,4.4025702476501465
func-soft-gn,independent,up-0.25,5005,1,1,32,32,1,0,3,0.022173307836055756
func-soft-gn,independent,up-0.25,5005,1,1,64,64,1,0,2,0.013673299923539162
func-soft-gn,independent,up-0.25,5005,1,1,128,128,1,0,2,0.0022177016362547874
func-soft-gn,independent,up-0.25,5005,1,1,256,256,1,0,3,0.0014937669038772583
func-soft-gn,independent,up-0.25,5005,1,1,512,512,1,0,2,0.0014895412605255842
func-soft-gn,independent,up-0.25,5005,1,1,1024,1024,1,0,2,0.001487815286964178
func-soft-gn,coherent,up-0.25,5005,1,2,0,0,0,0,0,8.029830932617188
func-soft-gn,coherent,up-0.25,5005,1,2,1,1,0,0,0,7.68959903717041
func-soft-gn,coherent,up-0.25,5005,1,2,2,2,0,0,0,6.911298751831055
func-soft-gn,coherent,up-0.25,5005,1,2,4,4,0,0,4,0.5964409708976746
func-soft-gn,coherent,up-0.25,5005,1,2,8,8,1,0,5,0.02854260616004467
func-soft-gn,coherent,up-0.25,5005,1,2,16,16,1,0,3,0.004706369247287512
func-soft-gn,coherent,up-0.25,5005,1,2,32,32,1,0,2,0.0020135026425123215
func-soft-gn,coherent,up-0.25,5005,1,2,64,64,1,0,1,0.0015173957217484713
func-soft-gn,coherent,up-0.25,5005,1,2,128,128,1,1,0,0.0014578201808035374
func-soft-gn,coherent,up-0.25,5005,1,2,256,256,1,1,0,0.0014428215799853206
func-soft-gn,coherent,up-0.25,5005,1,2,512,512,1,1,0,0.0014381790533661842
func-soft-gn,coherent,up-0.25,5005,1,2,1024,1024,1,1,0,0.0014357983600348234
func-soft-gn,independent,up-0.25,5005,1,2,0,0,0,0,0,8.265972137451172
func-soft-gn,independent,up-0.25,5005,1,2,1,1,0,0,0,8.04550552368164
func-soft-gn,independent,up-0.25,5005,1,2,2,2,0,0,0,7.467441558837891
func-soft-gn,independent,up-0.25,5005,1,2,4,4,0,0,0,7.209235191345215
func-soft-gn,independent,up-0.25,5005,1,2,8,8,0,0,0,4.965028762817383
func-soft-gn,independent,up-0.25,5005,1,2,16,16,0,0,3,3.4665191173553467
func-soft-gn,independent,up-0.25,5005,1,2,32,32,1,0,2,0.015047844499349594
func-soft-gn,independent,up-0.25,5005,1,2,64,64,1,0,2,0.0021561761386692524
func-soft-gn,independent,up-0.25,5005,1,2,128,128,1,0,1,0.0014181198785081506
func-soft-gn,independent,up-0.25,5005,1,2,256,256,1,0,1,0.0014056802028790116
func-soft-gn,independent,up-0.25,5005,1,2,512,512,1,0,1,0.001400204375386238
func-soft-gn,independent,up-0.25,5005,1,2,1024,1024,1,0,1,0.0013982400996610522
repr-hard-adam,coherent,up-0.25,5005,1,0,0,0,0,0,0,9.098941802978516
repr-hard-adam,coherent,up-0.25,5005,1,0,1,1,0,0,0,8.648628234863281
repr-hard-adam,coherent,up-0.25,5005,1,0,2,2,0,0,1,8.326784133911133
repr-hard-adam,coherent,up-0.25,5005,1,0,4,4,0,0,1,7.729216575622559
repr-hard-adam,coherent,up-0.25,5005,1,0,8,8,0,0,2,6.090351104736328
repr-hard-adam,coherent,up-0.25,5005,1,0,16,16,0,0,4,3.650336742401123
repr-hard-adam,coherent,up-0.25,5005,1,0,32,32,0,0,4,0.8280861377716064
repr-hard-adam,coherent,up-0.25,5005,1,0,64,64,1,0,4,0.04782276973128319
repr-hard-adam,coherent,up-0.25,5005,1,0,128,128,1,0,4,0.062428802251815796
repr-hard-adam,coherent,up-0.25,5005,1,0,256,256,1,0,3,0.06572742015123367
repr-hard-adam,coherent,up-0.25,5005,1,0,512,512,1,0,5,0.03628256916999817
repr-hard-adam,coherent,up-0.25,5005,1,0,1024,1024,1,0,9,0.1870906502008438
repr-hard-adam,independent,up-0.25,5005,1,0,0,0,0,0,0,8.589719772338867
repr-hard-adam,independent,up-0.25,5005,1,0,1,1,0,0,3,6.775126934051514
repr-hard-adam,independent,up-0.25,5005,1,0,2,2,0,0,3,6.525892734527588
repr-hard-adam,independent,up-0.25,5005,1,0,4,4,0,0,3,6.0254926681518555
repr-hard-adam,independent,up-0.25,5005,1,0,8,8,0,0,2,5.067422866821289
repr-hard-adam,independent,up-0.25,5005,1,0,16,16,0,0,2,4.3051629066467285
repr-hard-adam,independent,up-0.25,5005,1,0,32,32,0,0,3,3.561487913131714
repr-hard-adam,independent,up-0.25,5005,1,0,64,64,0,0,3,3.3851518630981445
repr-hard-adam,independent,up-0.25,5005,1,0,128,128,0,0,2,3.172431230545044
repr-hard-adam,independent,up-0.25,5005,1,0,256,256,0,0,5,3.093038558959961
repr-hard-adam,independent,up-0.25,5005,1,0,512,512,0,0,5,3.147710084915161
repr-hard-adam,independent,up-0.25,5005,1,0,1024,1024,0,0,6,3.0190072059631348
repr-hard-adam,coherent,up-0.25,5005,1,1,0,0,0,0,0,8.60099983215332
repr-hard-adam,coherent,up-0.25,5005,1,1,1,1,0,0,4,7.610499382019043
repr-hard-adam,coherent,up-0.25,5005,1,1,2,2,0,0,5,4.583136081695557
repr-hard-adam,coherent,up-0.25,5005,1,1,4,4,0,0,6,4.109343528747559
repr-hard-adam,coherent,up-0.25,5005,1,1,8,8,0,0,6,4.052063941955566
repr-hard-adam,coherent,up-0.25,5005,1,1,16,16,1,0,3,0.01011756993830204
repr-hard-adam,coherent,up-0.25,5005,1,1,32,32,1,0,3,0.0020025763660669327
repr-hard-adam,coherent,up-0.25,5005,1,1,64,64,1,0,3,0.001762127736583352
repr-hard-adam,coherent,up-0.25,5005,1,1,128,128,1,0,3,0.0016346294432878494
repr-hard-adam,coherent,up-0.25,5005,1,1,256,256,1,0,3,0.0016020210459828377
repr-hard-adam,coherent,up-0.25,5005,1,1,512,512,1,0,2,0.0015854181256145239
repr-hard-adam,coherent,up-0.25,5005,1,1,1024,1024,1,0,2,0.0015805978327989578
repr-hard-adam,independent,up-0.25,5005,1,1,0,0,0,0,0,8.813722610473633
repr-hard-adam,independent,up-0.25,5005,1,1,1,1,0,0,2,7.934390068054199
repr-hard-adam,independent,up-0.25,5005,1,1,2,2,0,0,5,4.50846529006958
repr-hard-adam,independent,up-0.25,5005,1,1,4,4,0,0,6,4.435229778289795
repr-hard-adam,independent,up-0.25,5005,1,1,8,8,0,0,1,4.4337005615234375
repr-hard-adam,independent,up-0.25,5005,1,1,16,16,0,0,1,4.343377590179443
repr-hard-adam,independent,up-0.25,5005,1,1,32,32,0,0,1,4.31692361831665
repr-hard-adam,independent,up-0.25,5005,1,1,64,64,1,1,0,0.12708507478237152
repr-hard-adam,independent,up-0.25,5005,1,1,128,128,1,0,1,0.0020393086597323418
repr-hard-adam,independent,up-0.25,5005,1,1,256,256,1,0,1,0.0017487595323473215
repr-hard-adam,independent,up-0.25,5005,1,1,512,512,1,0,1,0.0017661293968558311
repr-hard-adam,independent,up-0.25,5005,1,1,1024,1024,1,0,1,0.0017204354517161846
repr-hard-adam,coherent,up-0.25,5005,1,2,0,0,0,0,0,8.029830932617188
repr-hard-adam,coherent,up-0.25,5005,1,2,1,1,0,0,0,7.866941452026367
repr-hard-adam,coherent,up-0.25,5005,1,2,2,2,0,0,0,7.7642927169799805
repr-hard-adam,coherent,up-0.25,5005,1,2,4,4,0,0,0,7.664291858673096
repr-hard-adam,coherent,up-0.25,5005,1,2,8,8,0,0,0,7.69851016998291
repr-hard-adam,coherent,up-0.25,5005,1,2,16,16,0,0,0,7.6779937744140625
repr-hard-adam,coherent,up-0.25,5005,1,2,32,32,0,0,0,7.704218864440918
repr-hard-adam,coherent,up-0.25,5005,1,2,64,64,0,0,0,7.770097732543945
repr-hard-adam,coherent,up-0.25,5005,1,2,128,128,0,0,0,7.794151782989502
repr-hard-adam,coherent,up-0.25,5005,1,2,256,256,0,0,3,7.763243198394775
repr-hard-adam,coherent,up-0.25,5005,1,2,512,512,0,0,4,7.590869903564453
repr-hard-adam,coherent,up-0.25,5005,1,2,1024,1024,0,0,5,7.440847396850586
repr-hard-adam,independent,up-0.25,5005,1,2,0,0,0,0,0,8.265972137451172
repr-hard-adam,independent,up-0.25,5005,1,2,1,1,0,0,0,8.149365425109863
repr-hard-adam,independent,up-0.25,5005,1,2,2,2,0,0,0,8.06387710571289
repr-hard-adam,independent,up-0.25,5005,1,2,4,4,0,0,0,7.336177825927734
repr-hard-adam,independent,up-0.25,5005,1,2,8,8,0,0,0,4.426736831665039
repr-hard-adam,independent,up-0.25,5005,1,2,16,16,0,0,0,4.4758806228637695
repr-hard-adam,independent,up-0.25,5005,1,2,32,32,0,0,0,3.2949187755584717
repr-hard-adam,independent,up-0.25,5005,1,2,64,64,0,0,0,3.0504536628723145
repr-hard-adam,independent,up-0.25,5005,1,2,128,128,0,0,0,3.691443681716919
repr-hard-adam,independent,up-0.25,5005,1,2,256,256,0,0,0,3.3767404556274414
repr-hard-adam,independent,up-0.25,5005,1,2,512,512,0,0,2,3.5970983505249023
repr-hard-adam,independent,up-0.25,5005,1,2,1024,1024,0,0,4,3.016256332397461
func-hard-gn,coherent,baseline,5006,0,0,0,0,0,0,0,8.388313293457031
func-hard-gn,coherent,baseline,5006,0,0,1,1,0,0,0,7.654214859008789
func-hard-gn,coherent,baseline,5006,0,0,2,2,0,0,0,6.537894248962402
func-hard-gn,coherent,baseline,5006,0,0,4,4,0,0,1,2.3132455348968506
func-hard-gn,coherent,baseline,5006,0,0,8,8,0,0,1,1.5188796520233154
func-hard-gn,coherent,baseline,5006,0,0,16,16,0,0,1,0.7027432322502136
func-hard-gn,coherent,baseline,5006,0,0,32,32,1,0,1,0.22858676314353943
func-hard-gn,coherent,baseline,5006,0,0,64,64,1,1,0,0.004309787414968014
func-hard-gn,coherent,baseline,5006,0,0,128,128,1,1,0,0.0015551864635199308
func-hard-gn,coherent,baseline,5006,0,0,256,256,1,1,0,0.001521323574706912
func-hard-gn,coherent,baseline,5006,0,0,512,512,1,1,0,0.0015156697481870651
func-hard-gn,coherent,baseline,5006,0,0,1024,1024,1,1,0,0.0015101945027709007
func-hard-gn,independent,baseline,5006,0,0,0,0,0,0,0,8.258206367492676
func-hard-gn,independent,baseline,5006,0,0,1,1,0,0,0,7.988799095153809
func-hard-gn,independent,baseline,5006,0,0,2,2,0,0,0,7.625297546386719
func-hard-gn,independent,baseline,5006,0,0,4,4,0,0,0,5.78795862197876
func-hard-gn,independent,baseline,5006,0,0,8,8,0,0,1,4.269114017486572
func-hard-gn,independent,baseline,5006,0,0,16,16,0,0,1,3.457836389541626
func-hard-gn,independent,baseline,5006,0,0,32,32,0,0,2,1.3766436576843262
func-hard-gn,independent,baseline,5006,0,0,64,64,0,0,0,0.558271586894989
func-hard-gn,independent,baseline,5006,0,0,128,128,1,0,2,0.008200095035135746
func-hard-gn,independent,baseline,5006,0,0,256,256,1,1,0,0.0019599637016654015
func-hard-gn,independent,baseline,5006,0,0,512,512,1,1,0,0.0015658981865271926
func-hard-gn,independent,baseline,5006,0,0,1024,1024,1,1,0,0.0015492349630221725
func-hard-gn,coherent,baseline,5006,0,1,0,0,0,0,0,8.258935928344727
func-hard-gn,coherent,baseline,5006,0,1,1,1,0,0,0,7.915336608886719
func-hard-gn,coherent,baseline,5006,0,1,2,2,0,0,0,7.525030136108398
func-hard-gn,coherent,baseline,5006,0,1,4,4,0,0,0,6.692320823669434
func-hard-gn,coherent,baseline,5006,0,1,8,8,0,0,2,2.1893649101257324
func-hard-gn,coherent,baseline,5006,0,1,16,16,1,0,6,0.02175110951066017
func-hard-gn,coherent,baseline,5006,0,1,32,32,1,0,4,0.01228638831526041
func-hard-gn,coherent,baseline,5006,0,1,64,64,1,0,3,0.003051780629903078
func-hard-gn,coherent,baseline,5006,0,1,128,128,1,1,0,0.0015845849411562085
func-hard-gn,coherent,baseline,5006,0,1,256,256,1,1,0,0.001530726789496839
func-hard-gn,coherent,baseline,5006,0,1,512,512,1,1,0,0.0015215021558105946
func-hard-gn,coherent,baseline,5006,0,1,1024,1024,1,1,0,0.0015148365637287498
func-hard-gn,independent,baseline,5006,0,1,0,0,0,0,0,8.3624267578125
func-hard-gn,independent,baseline,5006,0,1,1,1,0,0,0,7.975341796875
func-hard-gn,independent,baseline,5006,0,1,2,2,0,0,0,7.409397602081299
func-hard-gn,independent,baseline,5006,0,1,4,4,0,0,2,4.352665901184082
func-hard-gn,independent,baseline,5006,0,1,8,8,0,0,4,2.0663111209869385
func-hard-gn,independent,baseline,5006,0,1,16,16,0,0,2,0.585094690322876
func-hard-gn,independent,baseline,5006,0,1,32,32,1,0,1,0.12205275148153305
func-hard-gn,independent,baseline,5006,0,1,64,64,1,0,2,0.01815403252840042
func-hard-gn,independent,baseline,5006,0,1,128,128,1,1,0,0.0017802327638491988
func-hard-gn,independent,baseline,5006,0,1,256,256,1,0,1,0.0015386418672278523
func-hard-gn,independent,baseline,5006,0,1,512,512,1,1,0,0.0015219186898320913
func-hard-gn,independent,baseline,5006,0,1,1024,1024,1,1,0,0.0015167410019785166
func-hard-gn,coherent,baseline,5006,0,2,0,0,0,0,0,8.900568008422852
func-hard-gn,coherent,baseline,5006,0,2,1,1,0,0,0,8.340044021606445
func-hard-gn,coherent,baseline,5006,0,2,2,2,0,0,0,7.510941505432129
func-hard-gn,coherent,baseline,5006,0,2,4,4,0,0,0,4.190509796142578
func-hard-gn,coherent,baseline,5006,0,2,8,8,0,0,2,1.5988305807113647
func-hard-gn,coherent,baseline,5006,0,2,16,16,0,0,2,1.379037857055664
func-hard-gn,coherent,baseline,5006,0,2,32,32,0,0,3,0.5641827583312988
func-hard-gn,coherent,baseline,5006,0,2,64,64,1,0,4,0.05020765960216522
func-hard-gn,coherent,baseline,5006,0,2,128,128,1,0,4,0.00348033313639462
func-hard-gn,coherent,baseline,5006,0,2,256,256,1,0,3,0.0016482584178447723
func-hard-gn,coherent,baseline,5006,0,2,512,512,1,0,1,0.0015595308504998684
func-hard-gn,coherent,baseline,5006,0,2,1024,1024,1,0,1,0.0015363804996013641
func-hard-gn,independent,baseline,5006,0,2,0,0,0,0,0,8.597064971923828
func-hard-gn,independent,baseline,5006,0,2,1,1,0,0,0,8.26949405670166
func-hard-gn,independent,baseline,5006,0,2,2,2,0,0,0,7.7486395835876465
func-hard-gn,independent,baseline,5006,0,2,4,4,0,0,0,5.001829624176025
func-hard-gn,independent,baseline,5006,0,2,8,8,0,0,4,3.395805597305298
func-hard-gn,independent,baseline,5006,0,2,16,16,0,0,2,2.646862506866455
func-hard-gn,independent,baseline,5006,0,2,32,32,0,0,1,1.5513310432434082
func-hard-gn,independent,baseline,5006,0,2,64,64,1,0,4,0.11162993311882019
func-hard-gn,independent,baseline,5006,0,2,128,128,1,0,5,0.002536592073738575
func-hard-gn,independent,baseline,5006,0,2,256,256,1,0,4,0.001662657829001546
func-hard-gn,independent,baseline,5006,0,2,512,512,1,0,3,0.0015783952549099922
func-hard-gn,independent,baseline,5006,0,2,1024,1024,1,0,5,0.0015525678172707558
func-soft-adam,coherent,baseline,5006,0,0,0,0,0,0,0,8.388313293457031
func-soft-adam,coherent,baseline,5006,0,0,1,1,0,0,0,7.39525032043457
func-soft-adam,coherent,baseline,5006,0,0,2,2,0,0,0,5.895018577575684
func-soft-adam,coherent,baseline,5006,0,0,4,4,0,0,2,1.6271617412567139
func-soft-adam,coherent,baseline,5006,0,0,8,8,1,0,4,0.04589105769991875
func-soft-adam,coherent,baseline,5006,0,0,16,16,1,0,4,0.17091447114944458
func-soft-adam,coherent,baseline,5006,0,0,32,32,1,0,4,0.24832823872566223
func-soft-adam,coherent,baseline,5006,0,0,64,64,1,0,2,0.21280404925346375
func-soft-adam,coherent,baseline,5006,0,0,128,128,1,0,0,0.04379831254482269
func-soft-adam,coherent,baseline,5006,0,0,256,256,1,1,0,0.0037087416276335716
func-soft-adam,coherent,baseline,5006,0,0,512,512,1,1,0,0.0019433075794950128
func-soft-adam,coherent,baseline,5006,0,0,1024,1024,1,1,0,0.0016181482933461666
func-soft-adam,independent,baseline,5006,0,0,0,0,0,0,0,8.258206367492676
func-soft-adam,independent,baseline,5006,0,0,1,1,0,0,0,7.925220489501953
func-soft-adam,independent,baseline,5006,0,0,2,2,0,0,0,7.406439304351807
func-soft-adam,independent,baseline,5006,0,0,4,4,0,0,0,5.340372562408447
func-soft-adam,independent,baseline,5006,0,0,8,8,0,0,4,3.517897605895996
func-soft-adam,independent,baseline,5006,0,0,16,16,0,0,1,3.44508957862854
func-soft-adam,independent,baseline,5006,0,0,32,32,0,0,1,1.281099557876587
func-soft-adam,independent,baseline,5006,0,0,64,64,1,0,2,0.41957181692123413
func-soft-adam,independent,baseline,5006,0,0,128,128,1,0,1,0.09783732891082764
func-soft-adam,independent,baseline,5006,0,0,256,256,1,1,0,0.0035623377189040184
func-soft-adam,independent,baseline,5006,0,0,512,512,1,1,0,0.001982539426535368
func-soft-adam,independent,baseline,5006,0,0,1024,1024,1,1,0,0.0016535515896975994
func-soft-adam,coherent,baseline,5006,0,1,0,0,0,0,0,8.258935928344727
func-soft-adam,coherent,baseline,5006,0,1,1,1,0,0,0,7.861372947692871
func-soft-adam,coherent,baseline,5006,0,1,2,2,0,0,0,7.3962788581848145
func-soft-adam,coherent,baseline,5006,0,1,4,4,0,0,0,5.941582202911377
func-soft-adam,coherent,baseline,5006,0,1,8,8,1,0,7,0.2855004370212555
func-soft-adam,coherent,baseline,5006,0,1,16,16,1,0,8,0.1089887022972107
func-soft-adam,coherent,baseline,5006,0,1,32,32,1,0,4,0.1362217664718628
func-soft-adam,coherent,baseline,5006,0,1,64,64,1,0,4,0.02108105830848217
func-soft-adam,coherent,baseline,5006,0,1,128,128,1,0,4,0.005822798237204552
func-soft-adam,coherent,baseline,5006,0,1,256,256,1,0,6,0.0026137386448681355
func-soft-adam,coherent,baseline,5006,0,1,512,512,1,0,5,0.0018576937727630138
func-soft-adam,coherent,baseline,5006,0,1,1024,1024,1,0,5,0.001645937329158187
func-soft-adam,independent,baseline,5006,0,1,0,0,0,0,0,8.3624267578125
func-soft-adam,independent,baseline,5006,0,1,1,1,0,0,0,7.82134485244751
func-soft-adam,independent,baseline,5006,0,1,2,2,0,0,0,6.9733734130859375
func-soft-adam,independent,baseline,5006,0,1,4,4,0,0,2,3.5963711738586426
func-soft-adam,independent,baseline,5006,0,1,8,8,0,0,9,2.435107707977295
func-soft-adam,independent,baseline,5006,0,1,16,16,0,0,5,0.9151715636253357
func-soft-adam,independent,baseline,5006,0,1,32,32,1,0,2,0.6269693374633789
func-soft-adam,independent,baseline,5006,0,1,64,64,1,0,3,0.22054830193519592
func-soft-adam,independent,baseline,5006,0,1,128,128,1,0,3,0.0034152527805417776
func-soft-adam,independent,baseline,5006,0,1,256,256,1,0,3,0.002202163450419903
func-soft-adam,independent,baseline,5006,0,1,512,512,1,0,3,0.0018696540500968695
func-soft-adam,independent,baseline,5006,0,1,1024,1024,1,0,2,0.0017152586951851845
func-soft-adam,coherent,baseline,5006,0,2,0,0,0,0,0,8.900568008422852
func-soft-adam,coherent,baseline,5006,0,2,1,1,0,0,0,8.403472900390625
func-soft-adam,coherent,baseline,5006,0,2,2,2,0,0,0,7.765666961669922
func-soft-adam,coherent,baseline,5006,0,2,4,4,0,0,0,5.988441467285156
func-soft-adam,coherent,baseline,5006,0,2,8,8,0,0,4,1.3830665349960327
func-soft-adam,coherent,baseline,5006,0,2,16,16,1,0,9,0.06267385184764862
func-soft-adam,coherent,baseline,5006,0,2,32,32,0,0,7,0.8110260367393494
func-soft-adam,coherent,baseline,5006,0,2,64,64,1,0,10,0.42716047167778015
func-soft-adam,coherent,baseline,5006,0,2,128,128,1,0,11,0.2990928292274475
func-soft-adam,coherent,baseline,5006,0,2,256,256,1,0,3,0.024494323879480362
func-soft-adam,coherent,baseline,5006,0,2,512,512,1,0,2,0.0019349603680893779
func-soft-adam,coherent,baseline,5006,0,2,1024,1024,1,0,1,0.0017009165603667498
func-soft-adam,independent,baseline,5006,0,2,0,0,0,0,0,8.597064971923828
func-soft-adam,independent,baseline,5006,0,2,1,1,0,0,0,8.311328887939453
func-soft-adam,independent,baseline,5006,0,2,2,2,0,0,0,7.8986616134643555
func-soft-adam,independent,baseline,5006,0,2,4,4,0,0,0,6.229062080383301
func-soft-adam,independent,baseline,5006,0,2,8,8,0,0,7,3.250133514404297
func-soft-adam,independent,baseline,5006,0,2,16,16,0,0,7,2.740772008895874
func-soft-adam,independent,baseline,5006,0,2,32,32,0,0,9,1.0919158458709717
func-soft-adam,independent,baseline,5006,0,2,64,64,0,0,7,0.9736799001693726
func-soft-adam,independent,baseline,5006,0,2,128,128,1,0,6,0.11886726319789886
func-soft-adam,independent,baseline,5006,0,2,256,256,1,0,2,0.004777564201503992
func-soft-adam,independent,baseline,5006,0,2,512,512,1,0,3,0.0027326266281306744
func-soft-adam,independent,baseline,5006,0,2,1024,1024,1,0,3,0.002270338824018836
func-soft-gn,coherent,baseline,5006,0,0,0,0,0,0,0,8.388313293457031
func-soft-gn,coherent,baseline,5006,0,0,1,1,0,0,0,7.6894989013671875
func-soft-gn,coherent,baseline,5006,0,0,2,2,0,0,0,6.638677597045898
func-soft-gn,coherent,baseline,5006,0,0,4,4,0,0,1,2.601487159729004
func-soft-gn,coherent,baseline,5006,0,0,8,8,1,0,4,0.14586342871189117
func-soft-gn,coherent,baseline,5006,0,0,16,16,1,0,3,0.11930139362812042
func-soft-gn,coherent,baseline,5006,0,0,32,32,1,0,0,0.042735155671834946
func-soft-gn,coherent,baseline,5006,0,0,64,64,1,1,0,0.0016359409783035517
func-soft-gn,coherent,baseline,5006,0,0,128,128,1,1,0,0.0015379874967038631
func-soft-gn,coherent,baseline,5006,0,0,256,256,1,1,0,0.0015262633096426725
func-soft-gn,coherent,baseline,5006,0,0,512,512,1,1,0,0.0015157293528318405
func-soft-gn,coherent,baseline,5006,0,0,1024,1024,1,1,0,0.0015102539910003543
func-soft-gn,independent,baseline,5006,0,0,0,0,0,0,0,8.258206367492676
func-soft-gn,independent,baseline,5006,0,0,1,1,0,0,0,7.987742900848389
func-soft-gn,independent,baseline,5006,0,0,2,2,0,0,0,7.620343208312988
func-soft-gn,independent,baseline,5006,0,0,4,4,0,0,0,5.851184368133545
func-soft-gn,independent,baseline,5006,0,0,8,8,0,0,4,3.4086098670959473
func-soft-gn,independent,baseline,5006,0,0,16,16,0,0,3,3.0686724185943604
func-soft-gn,independent,baseline,5006,0,0,32,32,1,0,3,0.6225306987762451
func-soft-gn,independent,baseline,5006,0,0,64,64,1,1,0,0.009732733480632305
func-soft-gn,independent,baseline,5006,0,0,128,128,1,1,0,0.0017776174936443567
func-soft-gn,independent,baseline,5006,0,0,256,256,1,1,0,0.0015570311807096004
func-soft-gn,independent,baseline,5006,0,0,512,512,1,1,0,0.0015467950142920017
func-soft-gn,independent,baseline,5006,0,0,1024,1024,1,1,0,0.0015404272126033902
func-soft-gn,coherent,baseline,5006,0,1,0,0,0,0,0,8.258935928344727
func-soft-gn,coherent,baseline,5006,0,1,1,1,0,0,0,7.925784587860107
func-soft-gn,coherent,baseline,5006,0,1,2,2,0,0,0,7.5503249168396
func-soft-gn,coherent,baseline,5006,0,1,4,4,0,0,1,6.36811637878418
func-soft-gn,coherent,baseline,5006,0,1,8,8,1,0,9,0.17392562329769135
func-soft-gn,coherent,baseline,5006,0,1,16,16,1,0,5,0.042968615889549255
func-soft-gn,coherent,baseline,5006,0,1,32,32,1,0,3,0.016033146530389786
func-soft-gn,coherent,baseline,5006,0,1,64,64,1,1,0,0.001963045448064804
func-soft-gn,coherent,baseline,5006,0,1,128,128,1,1,0,0.0015527463983744383
func-soft-gn,coherent,baseline,5006,0,1,256,256,1,1,0,0.0015364401042461395
func-soft-gn,coherent,baseline,5006,0,1,512,512,1,1,0,0.0015280486550182104
func-soft-gn,coherent,baseline,5006,0,1,1024,1024,1,1,0,0.001521323574706912
func-soft-gn,independent,baseline,5006,0,1,0,0,0,0,0,8.3624267578125
func-soft-gn,independent,baseline,5006,0,1,1,1,0,0,0,8.005332946777344
func-soft-gn,independent,baseline,5006,0,1,2,2,0,0,0,7.4975690841674805
func-soft-gn,independent,baseline,5006,0,1,4,4,0,0,0,4.871894359588623
func-soft-gn,independent,baseline,5006,0,1,8,8,0,0,7,1.0487135648727417
func-soft-gn,independent,baseline,5006,0,1,16,16,0,0,2,0.5851479768753052
func-soft-gn,independent,baseline,5006,0,1,32,32,1,0,1,0.052134472876787186
func-soft-gn,independent,baseline,5006,0,1,64,64,1,0,1,0.01770235411822796
func-soft-gn,independent,baseline,5006,0,1,128,128,1,1,0,0.002702199388295412
func-soft-gn,independent,baseline,5006,0,1,256,256,1,1,0,0.0015623272629454732
func-soft-gn,independent,baseline,5006,0,1,512,512,1,1,0,0.0015229304553940892
func-soft-gn,independent,baseline,5006,0,1,1024,1024,1,1,0,0.0015179908368736506
func-soft-gn,coherent,baseline,5006,0,2,0,0,0,0,0,8.900568008422852
func-soft-gn,coherent,baseline,5006,0,2,1,1,0,0,0,8.348283767700195
func-soft-gn,coherent,baseline,5006,0,2,2,2,0,0,0,7.545056343078613
func-soft-gn,coherent,baseline,5006,0,2,4,4,0,0,0,4.463098049163818
func-soft-gn,coherent,baseline,5006,0,2,8,8,0,0,7,0.7310318350791931
func-soft-gn,coherent,baseline,5006,0,2,16,16,0,0,7,0.6755565404891968
func-soft-gn,coherent,baseline,5006,0,2,32,32,1,0,4,0.13565048575401306
func-soft-gn,coherent,baseline,5006,0,2,64,64,1,0,4,0.08391577005386353
func-soft-gn,coherent,baseline,5006,0,2,128,128,1,0,4,0.00564156100153923
func-soft-gn,coherent,baseline,5006,0,2,256,256,1,0,4,0.001654268940910697
func-soft-gn,coherent,baseline,5006,0,2,512,512,1,0,1,0.0015687551349401474
func-soft-gn,coherent,baseline,5006,0,2,1024,1024,1,0,2,0.0015389991458505392
func-soft-gn,independent,baseline,5006,0,2,0,0,0,0,0,8.597064971923828
func-soft-gn,independent,baseline,5006,0,2,1,1,0,0,0,8.281058311462402
func-soft-gn,independent,baseline,5006,0,2,2,2,0,0,0,7.7947678565979
func-soft-gn,independent,baseline,5006,0,2,4,4,0,0,0,5.420009136199951
func-soft-gn,independent,baseline,5006,0,2,8,8,0,0,7,2.7648377418518066
func-soft-gn,independent,baseline,5006,0,2,16,16,0,0,8,1.397852897644043
func-soft-gn,independent,baseline,5006,0,2,32,32,1,0,9,0.416134238243103
func-soft-gn,independent,baseline,5006,0,2,64,64,1,0,2,0.05669007450342178
func-soft-gn,independent,baseline,5006,0,2,128,128,1,0,2,0.002794408705085516
func-soft-gn,independent,baseline,5006,0,2,256,256,1,0,2,0.00164034275803715
func-soft-gn,independent,baseline,5006,0,2,512,512,1,0,2,0.001563637051731348
func-soft-gn,independent,baseline,5006,0,2,1024,1024,1,0,2,0.001541677163913846
repr-hard-adam,coherent,baseline,5006,0,0,0,0,0,0,0,8.388313293457031
repr-hard-adam,coherent,baseline,5006,0,0,1,1,0,0,0,7.39525032043457
repr-hard-adam,coherent,baseline,5006,0,0,2,2,0,0,0,7.206582069396973
repr-hard-adam,coherent,baseline,5006,0,0,4,4,0,0,0,6.9313154220581055
repr-hard-adam,coherent,baseline,5006,0,0,8,8,0,0,0,6.549182891845703
repr-hard-adam,coherent,baseline,5006,0,0,16,16,0,0,0,6.1270551681518555
repr-hard-adam,coherent,baseline,5006,0,0,32,32,0,0,0,5.7823076248168945
repr-hard-adam,coherent,baseline,5006,0,0,64,64,0,0,0,5.317426681518555
repr-hard-adam,coherent,baseline,5006,0,0,128,128,0,0,0,5.029990196228027
repr-hard-adam,coherent,baseline,5006,0,0,256,256,0,0,0,5.038830757141113
repr-hard-adam,coherent,baseline,5006,0,0,512,512,0,0,0,5.066453456878662
repr-hard-adam,coherent,baseline,5006,0,0,1024,1024,0,0,0,5.05449104309082
repr-hard-adam,independent,baseline,5006,0,0,0,0,0,0,0,8.258206367492676
repr-hard-adam,independent,baseline,5006,0,0,1,1,0,0,0,7.925220489501953
repr-hard-adam,independent,baseline,5006,0,0,2,2,0,0,0,7.809110641479492
repr-hard-adam,independent,baseline,5006,0,0,4,4,0,0,0,7.623106956481934
repr-hard-adam,independent,baseline,5006,0,0,8,8,0,0,0,7.373255252838135
repr-hard-adam,independent,baseline,5006,0,0,16,16,0,0,0,7.139699935913086
repr-hard-adam,independent,baseline,5006,0,0,32,32,0,0,0,6.860647678375244
repr-hard-adam,independent,baseline,5006,0,0,64,64,0,0,0,6.608405590057373
repr-hard-adam,independent,baseline,5006,0,0,128,128,0,0,0,6.44735050201416
repr-hard-adam,independent,baseline,5006,0,0,256,256,0,0,0,6.421171188354492
repr-hard-adam,independent,baseline,5006,0,0,512,512,0,0,0,6.3409199714660645
repr-hard-adam,independent,baseline,5006,0,0,1024,1024,0,0,0,6.242758274078369
repr-hard-adam,coherent,baseline,5006,0,1,0,0,0,0,0,8.258935928344727
repr-hard-adam,coherent,baseline,5006,0,1,1,1,0,0,0,7.861372947692871
repr-hard-adam,coherent,baseline,5006,0,1,2,2,0,0,0,7.719427108764648
repr-hard-adam,coherent,baseline,5006,0,1,4,4,0,0,0,7.462645530700684
repr-hard-adam,coherent,baseline,5006,0,1,8,8,0,0,0,7.285294532775879
repr-hard-adam,coherent,baseline,5006,0,1,16,16,0,0,0,6.855951309204102
repr-hard-adam,coherent,baseline,5006,0,1,32,32,0,0,0,5.689838409423828
repr-hard-adam,coherent,baseline,5006,0,1,64,64,0,0,0,5.480685234069824
repr-hard-adam,coherent,baseline,5006,0,1,128,128,0,0,0,5.541981220245361
repr-hard-adam,coherent,baseline,5006,0,1,256,256,0,0,0,5.616209983825684
repr-hard-adam,coherent,baseline,5006,0,1,512,512,0,0,0,5.542505264282227
repr-hard-adam,coherent,baseline,5006,0,1,1024,1024,0,0,1,5.327406883239746
repr-hard-adam,independent,baseline,5006,0,1,0,0,0,0,0,8.3624267578125
repr-hard-adam,independent,baseline,5006,0,1,1,1,0,0,0,7.82134485244751
repr-hard-adam,independent,baseline,5006,0,1,2,2,0,0,0,7.573793888092041
repr-hard-adam,independent,baseline,5006,0,1,4,4,0,0,0,6.901416778564453
repr-hard-adam,independent,baseline,5006,0,1,8,8,0,0,2,5.707038402557373
repr-hard-adam,independent,baseline,5006,0,1,16,16,0,0,2,3.3987231254577637
repr-hard-adam,independent,baseline,5006,0,1,32,32,0,0,0,2.921694755554199
repr-hard-adam,independent,baseline,5006,0,1,64,64,0,0,0,2.6291491985321045
repr-hard-adam,independent,baseline,5006,0,1,128,128,0,0,0,2.5539519786834717
repr-hard-adam,independent,baseline,5006,0,1,256,256,0,0,0,2.655094623565674
repr-hard-adam,independent,baseline,5006,0,1,512,512,0,0,0,2.6307201385498047
repr-hard-adam,independent,baseline,5006,0,1,1024,1024,0,0,1,2.5982136726379395
repr-hard-adam,coherent,baseline,5006,0,2,0,0,0,0,0,8.900568008422852
repr-hard-adam,coherent,baseline,5006,0,2,1,1,0,0,0,8.403472900390625
repr-hard-adam,coherent,baseline,5006,0,2,2,2,0,0,0,8.39605712890625
repr-hard-adam,coherent,baseline,5006,0,2,4,4,0,0,0,8.435588836669922
repr-hard-adam,coherent,baseline,5006,0,2,8,8,0,0,0,8.57644271850586
repr-hard-adam,coherent,baseline,5006,0,2,16,16,0,0,0,8.62222671508789
repr-hard-adam,coherent,baseline,5006,0,2,32,32,0,0,0,8.588970184326172
repr-hard-adam,coherent,baseline,5006,0,2,64,64,0,0,0,8.621548652648926
repr-hard-adam,coherent,baseline,5006,0,2,128,128,0,0,0,8.735479354858398
repr-hard-adam,coherent,baseline,5006,0,2,256,256,0,0,0,8.848682403564453
repr-hard-adam,coherent,baseline,5006,0,2,512,512,0,0,0,9.003520965576172
repr-hard-adam,coherent,baseline,5006,0,2,1024,1024,0,0,1,9.048084259033203
repr-hard-adam,independent,baseline,5006,0,2,0,0,0,0,0,8.597064971923828
repr-hard-adam,independent,baseline,5006,0,2,1,1,0,0,0,8.311328887939453
repr-hard-adam,independent,baseline,5006,0,2,2,2,0,0,0,8.274114608764648
repr-hard-adam,independent,baseline,5006,0,2,4,4,0,0,0,8.268178939819336
repr-hard-adam,independent,baseline,5006,0,2,8,8,0,0,0,8.226951599121094
repr-hard-adam,independent,baseline,5006,0,2,16,16,0,0,0,8.255498886108398
repr-hard-adam,independent,baseline,5006,0,2,32,32,0,0,0,8.247970581054688
repr-hard-adam,independent,baseline,5006,0,2,64,64,0,0,0,8.248275756835938
repr-hard-adam,independent,baseline,5006,0,2,128,128,0,0,0,8.306370735168457
repr-hard-adam,independent,baseline,5006,0,2,256,256,0,0,0,8.335235595703125
repr-hard-adam,independent,baseline,5006,0,2,512,512,0,0,0,8.324972152709961
repr-hard-adam,independent,baseline,5006,0,2,1024,1024,0,0,0,8.389406204223633
func-hard-gn,coherent,up-0.25,5006,0,0,0,0,0,0,0,8.47115421295166
func-hard-gn,coherent,up-0.25,5006,0,0,1,1,0,0,0,7.9560747146606445
func-hard-gn,coherent,up-0.25,5006,0,0,2,2,0,0,0,6.8528594970703125
func-hard-gn,coherent,up-0.25,5006,0,0,4,4,0,0,0,4.063143253326416
func-hard-gn,coherent,up-0.25,5006,0,0,8,8,0,0,0,2.5633749961853027
func-hard-gn,coherent,up-0.25,5006,0,0,16,16,1,0,1,0.3307033181190491
func-hard-gn,coherent,up-0.25,5006,0,0,32,32,1,1,0,0.21189163625240326
func-hard-gn,coherent,up-0.25,5006,0,0,64,64,1,1,0,0.0029553938657045364
func-hard-gn,coherent,up-0.25,5006,0,0,128,128,1,1,0,0.0016174331540241838
func-hard-gn,coherent,up-0.25,5006,0,0,256,256,1,1,0,0.0015606617089360952
func-hard-gn,coherent,up-0.25,5006,0,0,512,512,1,1,0,0.0015544723719358444
func-hard-gn,coherent,up-0.25,5006,0,0,1024,1024,1,1,0,0.001551496796309948
func-hard-gn,independent,up-0.25,5006,0,0,0,0,0,0,0,8.42898941040039
func-hard-gn,independent,up-0.25,5006,0,0,1,1,0,0,0,7.494787216186523
func-hard-gn,independent,up-0.25,5006,0,0,2,2,0,0,0,6.48715877532959
func-hard-gn,independent,up-0.25,5006,0,0,4,4,0,0,0,4.526453971862793
func-hard-gn,independent,up-0.25,5006,0,0,8,8,0,0,2,3.6957428455352783
func-hard-gn,independent,up-0.25,5006,0,0,16,16,0,0,2,3.584588050842285
func-hard-gn,independent,up-0.25,5006,0,0,32,32,0,0,2,2.898686170578003
func-hard-gn,independent,up-0.25,5006,0,0,64,64,1,0,2,0.047869399189949036
func-hard-gn,independent,up-0.25,5006,0,0,128,128,1,1,0,0.00523123424500227
func-hard-gn,independent,up-0.25,5006,0,0,256,256,1,1,0,0.0016794961411505938
func-hard-gn,independent,up-0.25,5006,0,0,512,512,1,1,0,0.0015967839863151312
func-hard-gn,independent,up-0.25,5006,0,0,1024,1024,1,1,0,0.0015840490814298391
func-hard-gn,coherent,up-0.25,5006,0,1,0,0,0,0,0,8.215676307678223
func-hard-gn,coherent,up-0.25,5006,0,1,1,1,0,0,0,8.03610610961914
func-hard-gn,coherent,up-0.25,5006,0,1,2,2,0,0,1,7.939525604248047
func-hard-gn,coherent,up-0.25,5006,0,1,4,4,0,0,0,7.788010597229004
func-hard-gn,coherent,up-0.25,5006,0,1,8,8,0,0,2,5.801942825317383
func-hard-gn,coherent,up-0.25,5006,0,1,16,16,1,0,2,0.04936698079109192
func-hard-gn,coherent,up-0.25,5006,0,1,32,32,1,0,1,0.04051819443702698
func-hard-gn,coherent,up-0.25,5006,0,1,64,64,1,0,1,0.014728273265063763
func-hard-gn,coherent,up-0.25,5006,0,1,128,128,1,0,1,0.0016715256497263908
func-hard-gn,coherent,up-0.25,5006,0,1,256,256,1,0,1,0.0016201119869947433
func-hard-gn,coherent,up-0.25,5006,0,1,512,512,1,0,1,0.0016110667493194342
func-hard-gn,coherent,up-0.25,5006,0,1,1024,1024,1,0,1,0.001608031801879406
func-hard-gn,independent,up-0.25,5006,0,1,0,0,0,0,0,8.331137657165527
func-hard-gn,independent,up-0.25,5006,0,1,1,1,0,0,0,8.02140998840332
func-hard-gn,independent,up-0.25,5006,0,1,2,2,0,0,0,7.584589004516602
func-hard-gn,independent,up-0.25,5006,0,1,4,4,0,0,1,6.1954779624938965
func-hard-gn,independent,up-0.25,5006,0,1,8,8,0,0,1,4.607851505279541
func-hard-gn,independent,up-0.25,5006,0,1,16,16,0,0,0,3.841392993927002
func-hard-gn,independent,up-0.25,5006,0,1,32,32,1,0,2,0.12223846465349197
func-hard-gn,independent,up-0.25,5006,0,1,64,64,1,0,2,0.010752118192613125
func-hard-gn,independent,up-0.25,5006,0,1,128,128,1,0,3,0.0020418749190866947
func-hard-gn,independent,up-0.25,5006,0,1,256,256,1,1,0,0.001594998873770237
func-hard-gn,independent,up-0.25,5006,0,1,512,512,1,1,0,0.0015886907931417227
func-hard-gn,independent,up-0.25,5006,0,1,1024,1024,1,0,1,0.0015857154503464699
func-hard-gn,coherent,up-0.25,5006,0,2,0,0,0,0,0,8.659071922302246
func-hard-gn,coherent,up-0.25,5006,0,2,1,1,0,0,0,7.692972660064697
func-hard-gn,coherent,up-0.25,5006,0,2,2,2,0,0,0,5.873104095458984
func-hard-gn,coherent,up-0.25,5006,0,2,4,4,1,0,5,0.14010268449783325
func-hard-gn,coherent,up-0.25,5006,0,2,8,8,1,0,6,0.06746140122413635
func-hard-gn,coherent,up-0.25,5006,0,2,16,16,1,0,4,0.030080856755375862
func-hard-gn,coherent,up-0.25,5006,0,2,32,32,1,0,3,0.002124786376953125
func-hard-gn,coherent,up-0.25,5006,0,2,64,64,1,0,2,0.0015951183158904314
func-hard-gn,coherent,up-0.25,5006,0,2,128,128,1,0,2,0.00156512507237494
func-hard-gn,coherent,up-0.25,5006,0,2,256,256,1,0,2,0.0015586381778120995
func-hard-gn,coherent,up-0.25,5006,0,2,512,512,1,0,2,0.001556019764393568
func-hard-gn,coherent,up-0.25,5006,0,2,1024,1024,1,0,1,0.0015556032303720713
func-hard-gn,independent,up-0.25,5006,0,2,0,0,0,0,0,8.324542999267578
func-hard-gn,independent,up-0.25,5006,0,2,1,1,0,0,0,7.814556121826172
func-hard-gn,independent,up-0.25,5006,0,2,2,2,0,0,0,6.600325107574463
func-hard-gn,independent,up-0.25,5006,0,2,4,4,0,0,6,3.3583805561065674
func-hard-gn,independent,up-0.25,5006,0,2,8,8,0,0,6,3.3214166164398193
func-hard-gn,independent,up-0.25,5006,0,2,16,16,0,0,6,3.242704391479492
func-hard-gn,independent,up-0.25,5006,0,2,32,32,0,0,7,1.8643752336502075
func-hard-gn,independent,up-0.25,5006,0,2,64,64,1,0,6,0.17776241898536682
func-hard-gn,independent,up-0.25,5006,0,2,128,128,1,0,2,0.0028224042616784573
func-hard-gn,independent,up-0.25,5006,0,2,256,256,1,1,0,0.0016683125868439674
func-hard-gn,independent,up-0.25,5006,0,2,512,512,1,1,0,0.001616958063095808
func-hard-gn,independent,up-0.25,5006,0,2,1024,1024,1,1,0,0.001610174193046987
func-soft-adam,coherent,up-0.25,5006,0,0,0,0,0,0,0,8.47115421295166
func-soft-adam,coherent,up-0.25,5006,0,0,1,1,0,0,0,7.012317657470703
func-soft-adam,coherent,up-0.25,5006,0,0,2,2,0,0,0,3.9163594245910645
func-soft-adam,coherent,up-0.25,5006,0,0,4,4,1,0,2,0.30092740058898926
func-soft-adam,coherent,up-0.25,5006,0,0,8,8,1,0,2,0.019491514191031456
func-soft-adam,coherent,up-0.25,5006,0,0,16,16,1,0,2,0.023582853376865387
func-soft-adam,coherent,up-0.25,5006,0,0,32,32,1,0,2,0.11093726754188538
func-soft-adam,coherent,up-0.25,5006,0,0,64,64,1,0,2,0.10850931704044342
func-soft-adam,coherent,up-0.25,5006,0,0,128,128,1,1,0,0.01959451660513878
func-soft-adam,coherent,up-0.25,5006,0,0,256,256,1,0,1,0.003017809707671404
func-soft-adam,coherent,up-0.25,5006,0,0,512,512,1,0,1,0.0019262904534116387
func-soft-adam,coherent,up-0.25,5006,0,0,1024,1024,1,1,0,0.0016696802340447903
func-soft-adam,independent,up-0.25,5006,0,0,0,0,0,0,0,8.42898941040039
func-soft-adam,independent,up-0.25,5006,0,0,1,1,0,0,0,6.531337738037109
func-soft-adam,independent,up-0.25,5006,0,0,2,2,0,0,1,3.991858959197998
func-soft-adam,independent,up-0.25,5006,0,0,4,4,0,0,2,3.6244688034057617
func-soft-adam,independent,up-0.25,5006,0,0,8,8,0,0,2,3.711390256881714
func-soft-adam,independent,up-0.25,5006,0,0,16,16,0,0,1,3.5431466102600098
func-soft-adam,independent,up-0.25,5006,0,0,32,32,0,0,0,3.052710771560669
func-soft-adam,independent,up-0.25,5006,0,0,64,64,1,0,1,0.16390812397003174
func-soft-adam,independent,up-0.25,5006,0,0,128,128,1,0,1,0.013554839417338371
func-soft-adam,independent,up-0.25,5006,0,0,256,256,1,0,1,0.003420750144869089
func-soft-adam,independent,up-0.25,5006,0,0,512,512,1,1,0,0.0020719440653920174
func-soft-adam,independent,up-0.25,5006,0,0,1024,1024,1,1,0,0.0017576231621205807
func-soft-adam,coherent,up-0.25,5006,0,1,0,0,0,0,0,8.215676307678223
func-soft-adam,coherent,up-0.25,5006,0,1,1,1,0,0,2,7.634459972381592
func-soft-adam,coherent,up-0.25,5006,0,1,2,2,0,0,2,6.9915666580200195
func-soft-adam,coherent,up-0.25,5006,0,1,4,4,0,0,3,3.6380844116210938
func-soft-adam,coherent,up-0.25,5006,0,1,8,8,1,0,11,0.010506667196750641
func-soft-adam,coherent,up-0.25,5006,0,1,16,16,1,0,7,0.05031687393784523
func-soft-adam,coherent,up-0.25,5006,0,1,32,32,1,0,2,0.016100557520985603
func-soft-adam,coherent,up-0.25,5006,0,1,64,64,1,0,2,0.04143155366182327
func-soft-adam,coherent,up-0.25,5006,0,1,128,128,1,0,2,0.03115076571702957
func-soft-adam,coherent,up-0.25,5006,0,1,256,256,1,0,2,0.0027967123314738274
func-soft-adam,coherent,up-0.25,5006,0,1,512,512,1,0,1,0.0020020809024572372
func-soft-adam,coherent,up-0.25,5006,0,1,1024,1024,1,0,1,0.0016962796216830611
func-soft-adam,independent,up-0.25,5006,0,1,0,0,0,0,0,8.331137657165527
func-soft-adam,independent,up-0.25,5006,0,1,1,1,0,0,0,7.8163604736328125
func-soft-adam,independent,up-0.25,5006,0,1,2,2,0,0,1,7.07574462890625
func-soft-adam,independent,up-0.25,5006,0,1,4,4,0,0,1,4.8239850997924805
func-soft-adam,independent,up-0.25,5006,0,1,8,8,0,0,6,3.9004456996917725
func-soft-adam,independent,up-0.25,5006,0,1,16,16,0,0,1,2.832524299621582
func-soft-adam,independent,up-0.25,5006,0,1,32,32,1,0,5,0.20825378596782684
func-soft-adam,independent,up-0.25,5006,0,1,64,64,1,0,3,0.04079843685030937
func-soft-adam,independent,up-0.25,5006,0,1,128,128,1,0,4,0.011557872407138348
func-soft-adam,independent,up-0.25,5006,0,1,256,256,1,0,3,0.0024724663235247135
func-soft-adam,independent,up-0.25,5006,0,1,512,512,1,0,3,0.0019023767672479153
func-soft-adam,independent,up-0.25,5006,0,1,1024,1024,1,0,2,0.0016742628067731857
func-soft-adam,coherent,up-0.25,5006,0,2,0,0,0,0,0,8.659071922302246
func-soft-adam,coherent,up-0.25,5006,0,2,1,1,0,0,0,7.2839035987854
func-soft-adam,coherent,up-0.25,5006,0,2,2,2,0,0,0,4.868326187133789
func-soft-adam,coherent,up-0.25,5006,0,2,4,4,1,0,6,0.007418780587613583
func-soft-adam,coherent,up-0.25,5006,0,2,8,8,1,0,6,0.21964894235134125
func-soft-adam,coherent,up-0.25,5006,0,2,16,16,1,0,6,0.01826803758740425
func-soft-adam,coherent,up-0.25,5006,0,2,32,32,1,0,2,0.03961659595370293
func-soft-adam,coherent,up-0.25,5006,0,2,64,64,1,0,2,0.00583793967962265
func-soft-adam,coherent,up-0.25,5006,0,2,128,128,1,0,3,0.002543001202866435
func-soft-adam,coherent,up-0.25,5006,0,2,256,256,1,0,2,0.0018473467789590359
func-soft-adam,coherent,up-0.25,5006,0,2,512,512,1,0,2,0.0017025868874043226
func-soft-adam,coherent,up-0.25,5006,0,2,1024,1024,1,0,2,0.0016724779270589352
func-soft-adam,independent,up-0.25,5006,0,2,0,0,0,0,0,8.324542999267578
func-soft-adam,independent,up-0.25,5006,0,2,1,1,0,0,0,7.611471176147461
func-soft-adam,independent,up-0.25,5006,0,2,2,2,0,0,0,5.774779319763184
func-soft-adam,independent,up-0.25,5006,0,2,4,4,0,0,6,3.6158523559570312
func-soft-adam,independent,up-0.25,5006,0,2,8,8,0,0,6,3.437290906906128
func-soft-adam,independent,up-0.25,5006,0,2,16,16,0,0,6,3.332139492034912
func-soft-adam,independent,up-0.25,5006,0,2,32,32,0,0,4,2.9907844066619873
func-soft-adam,independent,up-0.25,5006,0,2,64,64,0,0,2,0.6558241248130798
func-soft-adam,independent,up-0.25,5006,0,2,128,128,1,0,2,0.005390342324972153
func-soft-adam,independent,up-0.25,5006,0,2,256,256,1,0,2,0.0026114732027053833
func-soft-adam,independent,up-0.25,5006,0,2,512,512,1,0,3,0.002029325347393751
func-soft-adam,independent,up-0.25,5006,0,2,1024,1024,1,0,3,0.0018190864939242601
func-soft-gn,coherent,up-0.25,5006,0,0,0,0,0,0,0,8.47115421295166
func-soft-gn,coherent,up-0.25,5006,0,0,1,1,0,0,0,7.9345269203186035
func-soft-gn,coherent,up-0.25,5006,0,0,2,2,0,0,0,6.793733596801758
func-soft-gn,coherent,up-0.25,5006,0,0,4,4,0,0,2,1.0996500253677368
func-soft-gn,coherent,up-0.25,5006,0,0,8,8,1,0,2,0.20735932886600494
func-soft-gn,coherent,up-0.25,5006,0,0,16,16,1,0,2,0.19328045845031738
func-soft-gn,coherent,up-0.25,5006,0,0,32,32,1,1,0,0.011510787531733513
func-soft-gn,coherent,up-0.25,5006,0,0,64,64,1,1,0,0.003234171774238348
func-soft-gn,coherent,up-0.25,5006,0,0,128,128,1,1,0,0.0016784848412498832
func-soft-gn,coherent,up-0.25,5006,0,0,256,256,1,1,0,0.00156512507237494
func-soft-gn,coherent,up-0.25,5006,0,0,512,512,1,1,0,0.001555127091705799
func-soft-gn,coherent,up-0.25,5006,0,0,1024,1024,1,1,0,0.0015517943538725376
func-soft-gn,independent,up-0.25,5006,0,0,0,0,0,0,0,8.42898941040039
func-soft-gn,independent,up-0.25,5006,0,0,1,1,0,0,0,7.387619972229004
func-soft-gn,independent,up-0.25,5006,0,0,2,2,0,0,0,4.934169292449951
func-soft-gn,independent,up-0.25,5006,0,0,4,4,0,0,2,3.6785311698913574
func-soft-gn,independent,up-0.25,5006,0,0,8,8,0,0,2,3.6104369163513184
func-soft-gn,independent,up-0.25,5006,0,0,16,16,0,0,1,3.5267579555511475
func-soft-gn,independent,up-0.25,5006,0,0,32,32,0,0,1,2.6491379737854004
func-soft-gn,independent,up-0.25,5006,0,0,64,64,1,0,0,0.062217190861701965
func-soft-gn,independent,up-0.25,5006,0,0,128,128,1,1,0,0.008740059100091457
func-soft-gn,independent,up-0.25,5006,0,0,256,256,1,1,0,0.0016472451388835907
func-soft-gn,independent,up-0.25,5006,0,0,512,512,1,1,0,0.0015951773384585977
func-soft-gn,independent,up-0.25,5006,0,0,1024,1024,1,1,0,0.0015854177763685584
func-soft-gn,coherent,up-0.25,5006,0,1,0,0,0,0,0,8.215676307678223
func-soft-gn,coherent,up-0.25,5006,0,1,1,1,0,0,0,8.047222137451172
func-soft-gn,coherent,up-0.25,5006,0,1,2,2,0,0,0,7.957094669342041
func-soft-gn,coherent,up-0.25,5006,0,1,4,4,0,0,0,7.780553817749023
func-soft-gn,coherent,up-0.25,5006,0,1,8,8,0,0,1,6.452605247497559
func-soft-gn,coherent,up-0.25,5006,0,1,16,16,1,0,2,0.035320963710546494
func-soft-gn,coherent,up-0.25,5006,0,1,32,32,1,0,1,0.02924039214849472
func-soft-gn,coherent,up-0.25,5006,0,1,64,64,1,0,3,0.011852333322167397
func-soft-gn,coherent,up-0.25,5006,0,1,128,128,1,0,1,0.0016472474671900272
func-soft-gn,coherent,up-0.25,5006,0,1,256,256,1,0,1,0.001618088805116713
func-soft-gn,coherent,up-0.25,5006,0,1,512,512,1,0,3,0.0016108881682157516
func-soft-gn,coherent,up-0.25,5006,0,1,1024,1024,1,0,3,0.0016083293594419956
func-soft-gn,independent,up-0.25,5006,0,1,0,0,0,0,0,8.331137657165527
func-soft-gn,independent,up-0.25,5006,0,1,1,1,0,0,0,8.031399726867676
func-soft-gn,independent,up-0.25,5006,0,1,2,2,0,0,0,7.632839202880859
func-soft-gn,independent,up-0.25,5006,0,1,4,4,0,0,1,5.799861431121826
func-soft-gn,independent,up-0.25,5006,0,1,8,8,0,0,1,3.8725175857543945
func-soft-gn,independent,up-0.25,5006,0,1,16,16,1,0,3,0.3962063491344452
func-soft-gn,independent,up-0.25,5006,0,1,32,32,1,0,1,0.04202628135681152
func-soft-gn,independent,up-0.25,5006,0,1,64,64,1,0,3,0.00810349639505148
func-soft-gn,independent,up-0.25,5006,0,1,128,128,1,0,2,0.0018481143051758409
func-soft-gn,independent,up-0.25,5006,0,1,256,256,1,0,2,0.0015947608044371009
func-soft-gn,independent,up-0.25,5006,0,1,512,512,1,0,2,0.0015880956780165434
func-soft-gn,independent,up-0.25,5006,0,1,1024,1024,1,0,2,0.0015853582881391048
func-soft-gn,coherent,up-0.25,5006,0,2,0,0,0,0,0,8.659071922302246
func-soft-gn,coherent,up-0.25,5006,0,2,1,1,0,0,0,7.718162536621094
func-soft-gn,coherent,up-0.25,5006,0,2,2,2,0,0,0,6.053681373596191
func-soft-gn,coherent,up-0.25,5006,0,2,4,4,1,0,6,0.030838359147310257
func-soft-gn,coherent,up-0.25,5006,0,2,8,8,1,0,6,0.06549963355064392
func-soft-gn,coherent,up-0.25,5006,0,2,16,16,1,0,6,0.042385563254356384
func-soft-gn,coherent,up-0.25,5006,0,2,32,32,1,0,3,0.018770311027765274
func-soft-gn,coherent,up-0.25,5006,0,2,64,64,1,0,3,0.008258553221821785
func-soft-gn,coherent,up-0.25,5006,0,2,128,128,1,0,4,0.0020985002629458904
func-soft-gn,coherent,up-0.25,5006,0,2,256,256,1,0,4,0.0015636966563761234
func-soft-gn,coherent,up-0.25,5006,0,2,512,512,1,0,3,0.0015569719253107905
func-soft-gn,coherent,up-0.25,5006,0,2,1024,1024,1,0,1,0.0015558411832898855
func-soft-gn,independent,up-0.25,5006,0,2,0,0,0,0,0,8.324542999267578
func-soft-gn,independent,up-0.25,5006,0,2,1,1,0,0,0,7.830356597900391
func-soft-gn,independent,up-0.25,5006,0,2,2,2,0,0,0,6.673583984375
func-soft-gn,independent,up-0.25,5006,0,2,4,4,0,0,6,3.368889808654785
func-soft-gn,independent,up-0.25,5006,0,2,8,8,0,0,6,3.354306221008301
func-soft-gn,independent,up-0.25,5006,0,2,16,16,0,0,6,3.323119640350342
func-soft-gn,independent,up-0.25,5006,0,2,32,32,0,0,4,2.6610231399536133
func-soft-gn,independent,up-0.25,5006,0,2,64,64,1,0,7,0.4896392822265625
func-soft-gn,independent,up-0.25,5006,0,2,128,128,1,0,4,0.03556404635310173
func-soft-gn,independent,up-0.25,5006,0,2,256,256,1,0,4,0.0018473477102816105
func-soft-gn,independent,up-0.25,5006,0,2,512,512,1,0,2,0.0016295737586915493
func-soft-gn,independent,up-0.25,5006,0,2,1024,1024,1,0,2,0.0016166605055332184
repr-hard-adam,coherent,up-0.25,5006,0,0,0,0,0,0,0,8.47115421295166
repr-hard-adam,coherent,up-0.25,5006,0,0,1,1,0,0,0,7.946697235107422
repr-hard-adam,coherent,up-0.25,5006,0,0,2,2,0,0,0,7.5238847732543945
repr-hard-adam,coherent,up-0.25,5006,0,0,4,4,0,0,0,6.868075370788574
repr-hard-adam,coherent,up-0.25,5006,0,0,8,8,0,0,0,5.980897903442383
repr-hard-adam,coherent,up-0.25,5006,0,0,16,16,0,0,1,3.996898889541626
repr-hard-adam,coherent,up-0.25,5006,0,0,32,32,0,0,1,2.905369281768799
repr-hard-adam,coherent,up-0.25,5006,0,0,64,64,0,0,1,2.328641414642334
repr-hard-adam,coherent,up-0.25,5006,0,0,128,128,0,0,1,1.8008320331573486
repr-hard-adam,coherent,up-0.25,5006,0,0,256,256,0,0,2,1.484969973564148
repr-hard-adam,coherent,up-0.25,5006,0,0,512,512,0,0,2,1.5987967252731323
repr-hard-adam,coherent,up-0.25,5006,0,0,1024,1024,0,0,2,2.4410340785980225
repr-hard-adam,independent,up-0.25,5006,0,0,0,0,0,0,0,8.42898941040039
repr-hard-adam,independent,up-0.25,5006,0,0,1,1,0,0,0,7.749591827392578
repr-hard-adam,independent,up-0.25,5006,0,0,2,2,0,0,0,7.096591949462891
repr-hard-adam,independent,up-0.25,5006,0,0,4,4,0,0,0,5.958094596862793
repr-hard-adam,independent,up-0.25,5006,0,0,8,8,0,0,0,5.235883712768555
repr-hard-adam,independent,up-0.25,5006,0,0,16,16,0,0,0,4.304239273071289
repr-hard-adam,independent,up-0.25,5006,0,0,32,32,0,0,0,3.5908010005950928
repr-hard-adam,independent,up-0.25,5006,0,0,64,64,0,0,0,3.432274103164673
repr-hard-adam,independent,up-0.25,5006,0,0,128,128,0,0,0,3.322316884994507
repr-hard-adam,independent,up-0.25,5006,0,0,256,256,0,0,0,3.3078794479370117
repr-hard-adam,independent,up-0.25,5006,0,0,512,512,0,0,0,3.2425289154052734
repr-hard-adam,independent,up-0.25,5006,0,0,1024,1024,0,0,0,3.2748982906341553
repr-hard-adam,coherent,up-0.25,5006,0,1,0,0,0,0,0,8.215676307678223
repr-hard-adam,coherent,up-0.25,5006,0,1,1,1,0,0,2,7.634459972381592
repr-hard-adam,coherent,up-0.25,5006,0,1,2,2,0,0,2,7.543292999267578
repr-hard-adam,coherent,up-0.25,5006,0,1,4,4,0,0,3,7.461832046508789
repr-hard-adam,coherent,up-0.25,5006,0,1,8,8,0,0,2,6.884463787078857
repr-hard-adam,coherent,up-0.25,5006,0,1,16,16,0,0,2,3.68371844291687
repr-hard-adam,coherent,up-0.25,5006,0,1,32,32,0,0,1,3.186143636703491
repr-hard-adam,coherent,up-0.25,5006,0,1,64,64,1,0,2,0.06702998280525208
repr-hard-adam,coherent,up-0.25,5006,0,1,128,128,1,0,1,0.01640152372419834
repr-hard-adam,coherent,up-0.25,5006,0,1,256,256,1,0,1,0.019146181643009186
repr-hard-adam,coherent,up-0.25,5006,0,1,512,512,1,0,1,0.025320610031485558
repr-hard-adam,coherent,up-0.25,5006,0,1,1024,1024,1,0,3,0.0245011318475008
repr-hard-adam,independent,up-0.25,5006,0,1,0,0,0,0,0,8.331137657165527
repr-hard-adam,independent,up-0.25,5006,0,1,1,1,0,0,0,8.096818923950195
repr-hard-adam,independent,up-0.25,5006,0,1,2,2,0,0,0,7.872867584228516
repr-hard-adam,independent,up-0.25,5006,0,1,4,4,0,0,1,7.471832752227783
repr-hard-adam,independent,up-0.25,5006,0,1,8,8,0,0,1,7.019601821899414
repr-hard-adam,independent,up-0.25,5006,0,1,16,16,0,0,1,5.2232584953308105
repr-hard-adam,independent,up-0.25,5006,0,1,32,32,0,0,0,3.980087995529175
repr-hard-adam,independent,up-0.25,5006,0,1,64,64,0,0,1,3.208961248397827
repr-hard-adam,independent,up-0.25,5006,0,1,128,128,1,0,0,0.00481558870524168
repr-hard-adam,independent,up-0.25,5006,0,1,256,256,1,0,0,0.0024080658331513405
repr-hard-adam,independent,up-0.25,5006,0,1,512,512,1,0,2,0.0036411297041922808
repr-hard-adam,independent,up-0.25,5006,0,1,1024,1024,1,0,1,0.002193290740251541
repr-hard-adam,coherent,up-0.25,5006,0,2,0,0,0,0,0,8.659071922302246
repr-hard-adam,coherent,up-0.25,5006,0,2,1,1,0,0,0,8.006752967834473
repr-hard-adam,coherent,up-0.25,5006,0,2,2,2,0,0,0,7.620251655578613
repr-hard-adam,coherent,up-0.25,5006,0,2,4,4,0,0,0,7.416183948516846
repr-hard-adam,coherent,up-0.25,5006,0,2,8,8,0,0,0,7.317233562469482
repr-hard-adam,coherent,up-0.25,5006,0,2,16,16,0,0,0,7.317218780517578
repr-hard-adam,coherent,up-0.25,5006,0,2,32,32,0,0,1,7.526284217834473
repr-hard-adam,coherent,up-0.25,5006,0,2,64,64,0,0,1,7.809613227844238
repr-hard-adam,coherent,up-0.25,5006,0,2,128,128,0,0,1,8.20998764038086
repr-hard-adam,coherent,up-0.25,5006,0,2,256,256,0,0,2,8.34301471710205
repr-hard-adam,coherent,up-0.25,5006,0,2,512,512,0,0,2,8.319496154785156
repr-hard-adam,coherent,up-0.25,5006,0,2,1024,1024,0,0,4,8.15644359588623
repr-hard-adam,independent,up-0.25,5006,0,2,0,0,0,0,0,8.324542999267578
repr-hard-adam,independent,up-0.25,5006,0,2,1,1,0,0,0,8.035530090332031
repr-hard-adam,independent,up-0.25,5006,0,2,2,2,0,0,0,7.850492477416992
repr-hard-adam,independent,up-0.25,5006,0,2,4,4,0,0,0,7.752464294433594
repr-hard-adam,independent,up-0.25,5006,0,2,8,8,0,0,0,7.703802108764648
repr-hard-adam,independent,up-0.25,5006,0,2,16,16,0,0,0,7.745671272277832
repr-hard-adam,independent,up-0.25,5006,0,2,32,32,0,0,1,7.816953182220459
repr-hard-adam,independent,up-0.25,5006,0,2,64,64,0,0,1,7.975510597229004
repr-hard-adam,independent,up-0.25,5006,0,2,128,128,0,0,1,8.149383544921875
repr-hard-adam,independent,up-0.25,5006,0,2,256,256,0,0,1,8.1901273727417
repr-hard-adam,independent,up-0.25,5006,0,2,512,512,0,0,2,8.109882354736328
repr-hard-adam,independent,up-0.25,5006,0,2,1024,1024,0,0,3,8.037847518920898
func-hard-gn,coherent,baseline,5006,1,0,0,0,0,0,0,8.935163497924805
func-hard-gn,coherent,baseline,5006,1,0,1,1,0,0,0,7.733315467834473
func-hard-gn,coherent,baseline,5006,1,0,2,2,0,0,0,5.2678985595703125
func-hard-gn,coherent,baseline,5006,1,0,4,4,0,0,0,2.4042811393737793
func-hard-gn,coherent,baseline,5006,1,0,8,8,0,0,1,1.6465593576431274
func-hard-gn,coherent,baseline,5006,1,0,16,16,0,0,2,1.3314656019210815
func-hard-gn,coherent,baseline,5006,1,0,32,32,0,0,2,0.9072766900062561
func-hard-gn,coherent,baseline,5006,1,0,64,64,1,1,0,0.08551697432994843
func-hard-gn,coherent,baseline,5006,1,0,128,128,1,1,0,0.027251262217760086
func-hard-gn,coherent,baseline,5006,1,0,256,256,1,0,2,0.0013286580797284842
func-hard-gn,coherent,baseline,5006,1,0,512,512,1,0,1,0.0012841320130974054
func-hard-gn,coherent,baseline,5006,1,0,1024,1024,1,1,0,0.001279846066609025
func-hard-gn,independent,baseline,5006,1,0,0,0,0,0,0,8.528606414794922
func-hard-gn,independent,baseline,5006,1,0,1,1,0,0,0,7.922023773193359
func-hard-gn,independent,baseline,5006,1,0,2,2,0,0,0,6.6645026206970215
func-hard-gn,independent,baseline,5006,1,0,4,4,0,0,0,4.758120059967041
func-hard-gn,independent,baseline,5006,1,0,8,8,0,0,1,3.977489471435547
func-hard-gn,independent,baseline,5006,1,0,16,16,0,0,1,3.251038074493408
func-hard-gn,independent,baseline,5006,1,0,32,32,0,0,0,2.1263585090637207
func-hard-gn,independent,baseline,5006,1,0,64,64,0,0,1,1.1935062408447266
func-hard-gn,independent,baseline,5006,1,0,128,128,1,0,5,0.10690844058990479
func-hard-gn,independent,baseline,5006,1,0,256,256,1,0,3,0.00909640546888113
func-hard-gn,independent,baseline,5006,1,0,512,512,1,0,3,0.0015093586407601833
func-hard-gn,independent,baseline,5006,1,0,1024,1024,1,0,3,0.001468350412324071
func-hard-gn,coherent,baseline,5006,1,1,0,0,0,0,0,8.592241287231445
func-hard-gn,coherent,baseline,5006,1,1,1,1,0,0,0,8.184553146362305
func-hard-gn,coherent,baseline,5006,1,1,2,2,0,0,0,7.688410758972168
func-hard-gn,coherent,baseline,5006,1,1,4,4,0,0,0,6.123721599578857
func-hard-gn,coherent,baseline,5006,1,1,8,8,0,0,2,1.1916085481643677
func-hard-gn,coherent,baseline,5006,1,1,16,16,0,0,2,0.672518253326416
func-hard-gn,coherent,baseline,5006,1,1,32,32,1,0,6,0.13785827159881592
func-hard-gn,coherent,baseline,5006,1,1,64,64,1,0,8,0.02791639417409897
func-hard-gn,coherent,baseline,5006,1,1,128,128,1,0,7,0.006618014536798
func-hard-gn,coherent,baseline,5006,1,1,256,256,1,0,1,0.001617493573576212
func-hard-gn,coherent,baseline,5006,1,1,512,512,1,1,0,0.0015595904551446438
func-hard-gn,coherent,baseline,5006,1,1,1024,1024,1,1,0,0.0015544723719358444
func-hard-gn,independent,baseline,5006,1,1,0,0,0,0,0,8.7813720703125
func-hard-gn,independent,baseline,5006,1,1,1,1,0,0,0,8.462583541870117
func-hard-gn,independent,baseline,5006,1,1,2,2,0,0,0,8.065017700195312
func-hard-gn,independent,baseline,5006,1,1,4,4,0,0,0,6.680501937866211
func-hard-gn,independent,baseline,5006,1,1,8,8,0,0,3,1.8642973899841309
func-hard-gn,independent,baseline,5006,1,1,16,16,0,0,3,1.4907903671264648
func-hard-gn,independent,baseline,5006,1,1,32,32,1,0,8,0.8254992961883545
func-hard-gn,independent,baseline,5006,1,1,64,64,1,0,5,0.18945664167404175
func-hard-gn,independent,baseline,5006,1,1,128,128,1,0,4,0.0644872784614563
func-hard-gn,independent,baseline,5006,1,1,256,256,1,0,1,0.014473915100097656
func-hard-gn,independent,baseline,5006,1,1,512,512,1,0,1,0.003311643609777093
func-hard-gn,independent,baseline,5006,1,1,1024,1024,1,0,1,0.0015760150272399187
func-hard-gn,coherent,baseline,5006,1,2,0,0,0,0,0,7.924509525299072
func-hard-gn,coherent,baseline,5006,1,2,1,1,0,0,0,7.309933662414551
func-hard-gn,coherent,baseline,5006,1,2,2,2,0,0,0,6.5916008949279785
func-hard-gn,coherent,baseline,5006,1,2,4,4,0,0,1,4.5486860275268555
func-hard-gn,coherent,baseline,5006,1,2,8,8,0,0,2,1.7935268878936768
func-hard-gn,coherent,baseline,5006,1,2,16,16,1,0,4,0.607297420501709
func-hard-gn,coherent,baseline,5006,1,2,32,32,1,0,4,0.297694593667984
func-hard-gn,coherent,baseline,5006,1,2,64,64,1,0,4,0.024065587669610977
func-hard-gn,coherent,baseline,5006,1,2,128,128,1,0,4,0.008376853540539742
func-hard-gn,coherent,baseline,5006,1,2,256,256,1,0,3,0.0015657200710847974
func-hard-gn,coherent,baseline,5006,1,2,512,512,1,0,3,0.0014622840099036694
func-hard-gn,coherent,baseline,5006,1,2,1024,1024,1,0,3,0.001450677984394133
func-hard-gn,independent,baseline,5006,1,2,0,0,0,0,0,8.410558700561523
func-hard-gn,independent,baseline,5006,1,2,1,1,0,0,0,7.821067810058594
func-hard-gn,independent,baseline,5006,1,2,2,2,0,0,1,6.971529006958008
func-hard-gn,independent,baseline,5006,1,2,4,4,0,0,1,4.932600021362305
func-hard-gn,independent,baseline,5006,1,2,8,8,0,0,1,3.8683664798736572
func-hard-gn,independent,baseline,5006,1,2,16,16,0,0,3,2.329984664916992
func-hard-gn,independent,baseline,5006,1,2,32,32,1,0,5,0.6675757169723511
func-hard-gn,independent,baseline,5006,1,2,64,64,1,0,4,0.28432831168174744
func-hard-gn,independent,baseline,5006,1,2,128,128,1,0,4,0.15928244590759277
func-hard-gn,independent,baseline,5006,1,2,256,256,1,0,3,0.028833236545324326
func-hard-gn,independent,baseline,5006,1,2,512,512,1,0,3,0.0013996060006320477
func-hard-gn,independent,baseline,5006,1,2,1024,1024,1,0,3,0.0013719882117584348
func-soft-adam,coherent,baseline,5006,1,0,0,0,0,0,0,8.935163497924805
func-soft-adam,coherent,baseline,5006,1,0,1,1,0,0,0,7.91291618347168
func-soft-adam,coherent,baseline,5006,1,0,2,2,0,0,0,6.137780666351318
func-soft-adam,coherent,baseline,5006,1,0,4,4,0,0,3,0.8149616718292236
func-soft-adam,coherent,baseline,5006,1,0,8,8,1,0,4,0.03316159546375275
func-soft-adam,coherent,baseline,5006,1,0,16,16,1,0,4,0.1363687366247177
func-soft-adam,coherent,baseline,5006,1,0,32,32,1,0,4,0.36275798082351685
func-soft-adam,coherent,baseline,5006,1,0,64,64,1,0,4,0.28734585642814636
func-soft-adam,coherent,baseline,5006,1,0,128,128,1,0,4,0.2498779594898224
func-soft-adam,coherent,baseline,5006,1,0,256,256,1,0,3,0.0025317110121250153
func-soft-adam,coherent,baseline,5006,1,0,512,512,1,1,0,0.0016043379437178373
func-soft-adam,coherent,baseline,5006,1,0,1024,1024,1,1,0,0.001399252563714981
func-soft-adam,independent,baseline,5006,1,0,0,0,0,0,0,8.528606414794922
func-soft-adam,independent,baseline,5006,1,0,1,1,0,0,0,7.961920261383057
func-soft-adam,independent,baseline,5006,1,0,2,2,0,0,1,7.06424617767334
func-soft-adam,independent,baseline,5006,1,0,4,4,0,0,0,4.20916748046875
func-soft-adam,independent,baseline,5006,1,0,8,8,0,0,4,2.308400869369507
func-soft-adam,independent,baseline,5006,1,0,16,16,0,0,1,1.5934231281280518
func-soft-adam,independent,baseline,5006,1,0,32,32,0,0,4,0.9678516387939453
func-soft-adam,independent,baseline,5006,1,0,64,64,0,0,4,0.9770262837409973
func-soft-adam,independent,baseline,5006,1,0,128,128,1,0,5,0.7388377785682678
func-soft-adam,independent,baseline,5006,1,0,256,256,1,0,1,0.0024601563345640898
func-soft-adam,independent,baseline,5006,1,0,512,512,1,0,1,0.0018072740640491247
func-soft-adam,independent,baseline,5006,1,0,1024,1024,1,0,1,0.0015599257312715054
func-soft-adam,coherent,baseline,5006,1,1,0,0,0,0,0,8.592241287231445
func-soft-adam,coherent,baseline,5006,1,1,1,1,0,0,0,8.154535293579102
func-soft-adam,coherent,baseline,5006,1,1,2,2,0,0,0,7.612423896789551
func-soft-adam,coherent,baseline,5006,1,1,4,4,0,0,0,6.346376419067383
func-soft-adam,coherent,baseline,5006,1,1,8,8,0,0,4,1.5999115705490112
func-soft-adam,coherent,baseline,5006,1,1,16,16,1,0,11,0.08899283409118652
func-soft-adam,coherent,baseline,5006,1,1,32,32,1,0,10,0.29494166374206543
func-soft-adam,coherent,baseline,5006,1,1,64,64,1,0,6,0.19472897052764893
func-soft-adam,coherent,baseline,5006,1,1,128,128,1,0,4,0.0031792824156582355
func-soft-adam,coherent,baseline,5006,1,1,256,256,1,0,3,0.0017684546764940023
func-soft-adam,coherent,baseline,5006,1,1,512,512,1,0,2,0.0016296927351504564
func-soft-adam,coherent,baseline,5006,1,1,1024,1024,1,0,1,0.0015935710398480296
func-soft-adam,independent,baseline,5006,1,1,0,0,0,0,0,8.7813720703125
func-soft-adam,independent,baseline,5006,1,1,1,1,0,0,0,8.44155216217041
func-soft-adam,independent,baseline,5006,1,1,2,2,0,0,0,8.016105651855469
func-soft-adam,independent,baseline,5006,1,1,4,4,0,0,0,6.676469802856445
func-soft-adam,independent,baseline,5006,1,1,8,8,0,0,7,1.0691132545471191
func-soft-adam,independent,baseline,5006,1,1,16,16,0,0,10,0.8259754180908203
func-soft-adam,independent,baseline,5006,1,1,32,32,0,0,6,0.8906533122062683
func-soft-adam,independent,baseline,5006,1,1,64,64,1,0,6,0.6296780109405518
func-soft-adam,independent,baseline,5006,1,1,128,128,1,0,1,0.002926995512098074
func-soft-adam,independent,baseline,5006,1,1,256,256,1,0,1,0.0017943942220881581
func-soft-adam,independent,baseline,5006,1,1,512,512,1,0,2,0.014625824987888336
func-soft-adam,independent,baseline,5006,1,1,1024,1024,1,0,1,0.0017184736207127571
func-soft-adam,coherent,baseline,5006,1,2,0,0,0,0,0,7.924509525299072
func-soft-adam,coherent,baseline,5006,1,2,1,1,0,0,0,7.1161088943481445
func-soft-adam,coherent,baseline,5006,1,2,2,2,0,0,1,6.153501510620117
func-soft-adam,coherent,baseline,5006,1,2,4,4,0,0,1,3.9601712226867676
func-soft-adam,coherent,baseline,5006,1,2,8,8,0,0,8,0.7047250866889954
func-soft-adam,coherent,baseline,5006,1,2,16,16,1,0,8,0.13983604311943054
func-soft-adam,coherent,baseline,5006,1,2,32,32,1,0,4,0.597939133644104
func-soft-adam,coherent,baseline,5006,1,2,64,64,1,0,5,0.19483941793441772
func-soft-adam,coherent,baseline,5006,1,2,128,128,1,0,5,0.04251410812139511
func-soft-adam,coherent,baseline,5006,1,2,256,256,1,0,5,0.04385017603635788
func-soft-adam,coherent,baseline,5006,1,2,512,512,1,0,4,0.002118366304785013
func-soft-adam,coherent,baseline,5006,1,2,1024,1024,1,0,4,0.0016648611053824425
func-soft-adam,independent,baseline,5006,1,2,0,0,0,0,0,8.410558700561523
func-soft-adam,independent,baseline,5006,1,2,1,1,0,0,0,7.730426788330078
func-soft-adam,independent,baseline,5006,1,2,2,2,0,0,1,6.8752899169921875
func-soft-adam,independent,baseline,5006,1,2,4,4,0,0,1,4.771712303161621
func-soft-adam,independent,baseline,5006,1,2,8,8,0,0,8,2.7702481746673584
func-soft-adam,independent,baseline,5006,1,2,16,16,0,0,2,1.9456825256347656
func-soft-adam,independent,baseline,5006,1,2,32,32,1,0,8,0.7749333381652832
func-soft-adam,independent,baseline,5006,1,2,64,64,1,0,5,0.21066555380821228
func-soft-adam,independent,baseline,5006,1,2,128,128,1,0,4,0.03057360090315342
func-soft-adam,independent,baseline,5006,1,2,256,256,1,0,5,0.0039095329120755196
func-soft-adam,independent,baseline,5006,1,2,512,512,1,0,4,0.002351663075387478
func-soft-adam,independent,baseline,5006,1,2,1024,1024,1,0,4,0.0017814433667808771
func-soft-gn,coherent,baseline,5006,1,0,0,0,0,0,0,8.935163497924805
func-soft-gn,coherent,baseline,5006,1,0,1,1,0,0,0,7.811841011047363
func-soft-gn,coherent,baseline,5006,1,0,2,2,0,0,0,5.5969438552856445
func-soft-gn,coherent,baseline,5006,1,0,4,4,1,0,4,0.0323227234184742
func-soft-gn,coherent,baseline,5006,1,0,8,8,1,0,4,0.3758273720741272
func-soft-gn,coherent,baseline,5006,1,0,16,16,1,0,4,0.3753719925880432
func-soft-gn,coherent,baseline,5006,1,0,32,32,1,0,4,0.14304408431053162
func-soft-gn,coherent,baseline,5006,1,0,64,64,1,0,3,0.021592658013105392
func-soft-gn,coherent,baseline,5006,1,0,128,128,1,0,2,0.0017295383149757981
func-soft-gn,coherent,baseline,5006,1,0,256,256,1,0,4,0.0012954423436895013
func-soft-gn,coherent,baseline,5006,1,0,512,512,1,0,4,0.0012825843878090382
func-soft-gn,coherent,baseline,5006,1,0,1024,1024,1,0,4,0.0012799055548384786
func-soft-gn,independent,baseline,5006,1,0,0,0,0,0,0,8.528606414794922
func-soft-gn,independent,baseline,5006,1,0,1,1,0,0,0,7.963430404663086
func-soft-gn,independent,baseline,5006,1,0,2,2,0,0,0,6.853259563446045
func-soft-gn,independent,baseline,5006,1,0,4,4,0,0,4,3.2726457118988037
func-soft-gn,independent,baseline,5006,1,0,8,8,0,0,4,3.0640172958374023
func-soft-gn,independent,baseline,5006,1,0,16,16,0,0,4,2.2618086338043213
func-soft-gn,independent,baseline,5006,1,0,32,32,0,0,4,1.1405367851257324
func-soft-gn,independent,baseline,5006,1,0,64,64,1,0,4,0.5364412069320679
func-soft-gn,independent,baseline,5006,1,0,128,128,1,0,1,0.08096542954444885
func-soft-gn,independent,baseline,5006,1,0,256,256,1,0,1,0.011995445005595684
func-soft-gn,independent,baseline,5006,1,0,512,512,1,0,3,0.001494360389187932
func-soft-gn,independent,baseline,5006,1,0,1024,1024,1,0,4,0.001421088818460703
func-soft-gn,coherent,baseline,5006,1,1,0,0,0,0,0,8.592241287231445
func-soft-gn,coherent,baseline,5006,1,1,1,1,0,0,0,8.182428359985352
func-soft-gn,coherent,baseline,5006,1,1,2,2,0,0,0,7.689247131347656
func-soft-gn,coherent,baseline,5006,1,1,4,4,0,0,0,6.197071075439453
func-soft-gn,coherent,baseline,5006,1,1,8,8,1,0,6,0.2695428133010864
func-soft-gn,coherent,baseline,5006,1,1,16,16,1,0,5,0.28898885846138
func-soft-gn,coherent,baseline,5006,1,1,32,32,1,0,6,0.0183445755392313
func-soft-gn,coherent,baseline,5006,1,1,64,64,1,0,6,0.0034872672986239195
func-soft-gn,coherent,baseline,5006,1,1,128,128,1,0,5,0.0016513533191755414
func-soft-gn,coherent,baseline,5006,1,1,256,256,1,0,1,0.0015610186383128166
func-soft-gn,coherent,baseline,5006,1,1,512,512,1,1,0,0.001553520211018622
func-soft-gn,coherent,baseline,5006,1,1,1024,1024,1,1,0,0.001551615772768855
func-soft-gn,independent,baseline,5006,1,1,0,0,0,0,0,8.7813720703125
func-soft-gn,independent,baseline,5006,1,1,1,1,0,0,0,8.468875885009766
func-soft-gn,independent,baseline,5006,1,1,2,2,0,0,0,8.08925724029541
func-soft-gn,independent,baseline,5006,1,1,4,4,0,0,0,6.808877944946289
func-soft-gn,independent,baseline,5006,1,1,8,8,0,0,7,0.9019289612770081
func-soft-gn,independent,baseline,5006,1,1,16,16,0,0,5,0.8535405397415161
func-soft-gn,independent,baseline,5006,1,1,32,32,1,0,3,0.6674038171768188
func-soft-gn,independent,baseline,5006,1,1,64,64,1,0,4,0.09420447051525116
func-soft-gn,independent,baseline,5006,1,1,128,128,1,0,4,0.04791387915611267
func-soft-gn,independent,baseline,5006,1,1,256,256,1,0,3,0.006275623105466366
func-soft-gn,independent,baseline,5006,1,1,512,512,1,0,1,0.0016412966651841998
func-soft-gn,independent,baseline,5006,1,1,1024,1024,1,0,1,0.0015602442435920238
func-soft-gn,coherent,baseline,5006,1,2,0,0,0,0,0,7.924509525299072
func-soft-gn,coherent,baseline,5006,1,2,1,1,0,0,0,7.332907676696777
func-soft-gn,coherent,baseline,5006,1,2,2,2,0,0,0,6.62824821472168
func-soft-gn,coherent,baseline,5006,1,2,4,4,0,0,1,4.5207743644714355
func-soft-gn,coherent,baseline,5006,1,2,8,8,0,0,4,0.7529250383377075
func-soft-gn,coherent,baseline,5006,1,2,16,16,1,0,4,0.5419379472732544
func-soft-gn,coherent,baseline,5006,1,2,32,32,1,0,4,0.2787913680076599
func-soft-gn,coherent,baseline,5006,1,2,64,64,1,0,4,0.05612700432538986
func-soft-gn,coherent,baseline,5006,1,2,128,128,1,0,4,0.006548192817717791
func-soft-gn,coherent,baseline,5006,1,2,256,256,1,0,3,0.001594701549038291
func-soft-gn,coherent,baseline,5006,1,2,512,512,1,0,3,0.0014601412694901228
func-soft-gn,coherent,baseline,5006,1,2,1024,1024,1,0,3,0.0014485353603959084
func-soft-gn,independent,baseline,5006,1,2,0,0,0,0,0,8.410558700561523
func-soft-gn,independent,baseline,5006,1,2,1,1,0,0,0,7.886028289794922
func-soft-gn,independent,baseline,5006,1,2,2,2,0,0,1,7.184532642364502
func-soft-gn,independent,baseline,5006,1,2,4,4,0,0,2,4.8375163078308105
func-soft-gn,independent,baseline,5006,1,2,8,8,0,0,8,2.708486557006836
func-soft-gn,independent,baseline,5006,1,2,16,16,0,0,4,1.151680827140808
func-soft-gn,independent,baseline,5006,1,2,32,32,1,0,4,0.09116890281438828
func-soft-gn,independent,baseline,5006,1,2,64,64,1,0,4,0.037947386503219604
func-soft-gn,independent,baseline,5006,1,2,128,128,1,0,3,0.004774395376443863
func-soft-gn,independent,baseline,5006,1,2,256,256,1,0,3,0.0014409148134291172
func-soft-gn,independent,baseline,5006,1,2,512,512,1,0,3,0.0013799641747027636
func-soft-gn,independent,baseline,5006,1,2,1024,1024,1,0,3,0.0013693692162632942
repr-hard-adam,coherent,baseline,5006,1,0,0,0,0,0,0,8.935163497924805
repr-hard-adam,coherent,baseline,5006,1,0,1,1,0,0,0,8.49008560180664
repr-hard-adam,coherent,baseline,5006,1,0,2,2,0,0,0,8.283544540405273
repr-hard-adam,coherent,baseline,5006,1,0,4,4,0,0,0,8.218807220458984
repr-hard-adam,coherent,baseline,5006,1,0,8,8,0,0,0,8.425572395324707
repr-hard-adam,coherent,baseline,5006,1,0,16,16,0,0,0,8.527225494384766
repr-hard-adam,coherent,baseline,5006,1,0,32,32,0,0,0,8.758429527282715
repr-hard-adam,coherent,baseline,5006,1,0,64,64,0,0,0,9.055780410766602
repr-hard-adam,coherent,baseline,5006,1,0,128,128,0,0,0,9.187334060668945
repr-hard-adam,coherent,baseline,5006,1,0,256,256,0,0,0,9.209389686584473
repr-hard-adam,coherent,baseline,5006,1,0,512,512,0,0,0,9.171765327453613
repr-hard-adam,coherent,baseline,5006,1,0,1024,1024,0,0,0,9.085794448852539
repr-hard-adam,independent,baseline,5006,1,0,0,0,0,0,0,8.528606414794922
repr-hard-adam,independent,baseline,5006,1,0,1,1,0,0,0,8.273727416992188
repr-hard-adam,independent,baseline,5006,1,0,2,2,0,0,0,8.14978313446045
repr-hard-adam,independent,baseline,5006,1,0,4,4,0,0,0,8.086820602416992
repr-hard-adam,independent,baseline,5006,1,0,8,8,0,0,0,8.129728317260742
repr-hard-adam,independent,baseline,5006,1,0,16,16,0,0,0,8.273258209228516
repr-hard-adam,independent,baseline,5006,1,0,32,32,0,0,0,8.455850601196289
repr-hard-adam,independent,baseline,5006,1,0,64,64,0,0,1,8.545514106750488
repr-hard-adam,independent,baseline,5006,1,0,128,128,0,0,1,8.651472091674805
repr-hard-adam,independent,baseline,5006,1,0,256,256,0,0,1,8.689434051513672
repr-hard-adam,independent,baseline,5006,1,0,512,512,0,0,1,8.667169570922852
repr-hard-adam,independent,baseline,5006,1,0,1024,1024,0,0,1,8.609743118286133
repr-hard-adam,coherent,baseline,5006,1,1,0,0,0,0,0,8.592241287231445
repr-hard-adam,coherent,baseline,5006,1,1,1,1,0,0,0,8.383182525634766
repr-hard-adam,coherent,baseline,5006,1,1,2,2,0,0,0,8.199943542480469
repr-hard-adam,coherent,baseline,5006,1,1,4,4,0,0,0,7.9795989990234375
repr-hard-adam,coherent,baseline,5006,1,1,8,8,0,0,0,7.878661155700684
repr-hard-adam,coherent,baseline,5006,1,1,16,16,0,0,0,7.896341323852539
repr-hard-adam,coherent,baseline,5006,1,1,32,32,0,0,0,7.948266983032227
repr-hard-adam,coherent,baseline,5006,1,1,64,64,0,0,0,8.088029861450195
repr-hard-adam,coherent,baseline,5006,1,1,128,128,0,0,0,8.21159553527832
repr-hard-adam,coherent,baseline,5006,1,1,256,256,0,0,0,8.23750114440918
repr-hard-adam,coherent,baseline,5006,1,1,512,512,0,0,0,8.209136962890625
repr-hard-adam,coherent,baseline,5006,1,1,1024,1024,0,0,0,8.166497230529785
repr-hard-adam,independent,baseline,5006,1,1,0,0,0,0,0,8.7813720703125
repr-hard-adam,independent,baseline,5006,1,1,1,1,0,0,0,8.620132446289062
repr-hard-adam,independent,baseline,5006,1,1,2,2,0,0,0,8.482841491699219
repr-hard-adam,independent,baseline,5006,1,1,4,4,0,0,0,8.290386199951172
repr-hard-adam,independent,baseline,5006,1,1,8,8,0,0,0,8.178743362426758
repr-hard-adam,independent,baseline,5006,1,1,16,16,0,0,0,8.137849807739258
repr-hard-adam,independent,baseline,5006,1,1,32,32,0,0,0,8.186450958251953
repr-hard-adam,independent,baseline,5006,1,1,64,64,0,0,0,8.245469093322754
repr-hard-adam,independent,baseline,5006,1,1,128,128,0,0,0,8.308517456054688
repr-hard-adam,independent,baseline,5006,1,1,256,256,0,0,0,8.375890731811523
repr-hard-adam,independent,baseline,5006,1,1,512,512,0,0,0,8.361331939697266
repr-hard-adam,independent,baseline,5006,1,1,1024,1024,0,0,0,8.313220024108887
repr-hard-adam,coherent,baseline,5006,1,2,0,0,0,0,0,7.924509525299072
repr-hard-adam,coherent,baseline,5006,1,2,1,1,0,0,0,7.54238224029541
repr-hard-adam,coherent,baseline,5006,1,2,2,2,0,0,0,7.232641696929932
repr-hard-adam,coherent,baseline,5006,1,2,4,4,0,0,1,6.907976150512695
repr-hard-adam,coherent,baseline,5006,1,2,8,8,0,0,1,6.850062370300293
repr-hard-adam,coherent,baseline,5006,1,2,16,16,0,0,1,6.886198997497559
repr-hard-adam,coherent,baseline,5006,1,2,32,32,0,0,2,6.758068084716797
repr-hard-adam,coherent,baseline,5006,1,2,64,64,0,0,2,6.497274398803711
repr-hard-adam,coherent,baseline,5006,1,2,128,128,0,0,2,6.110958099365234
repr-hard-adam,coherent,baseline,5006,1,2,256,256,0,0,2,5.795121192932129
repr-hard-adam,coherent,baseline,5006,1,2,512,512,0,0,2,5.522666931152344
repr-hard-adam,coherent,baseline,5006,1,2,1024,1024,0,0,2,5.1205220222473145
repr-hard-adam,independent,baseline,5006,1,2,0,0,0,0,0,8.410558700561523
repr-hard-adam,independent,baseline,5006,1,2,1,1,0,0,0,7.730426788330078
repr-hard-adam,independent,baseline,5006,1,2,2,2,0,0,0,7.670845985412598
repr-hard-adam,independent,baseline,5006,1,2,4,4,0,0,1,7.5580902099609375
repr-hard-adam,independent,baseline,5006,1,2,8,8,0,0,1,7.657914638519287
repr-hard-adam,independent,baseline,5006,1,2,16,16,0,0,1,7.790768623352051
repr-hard-adam,independent,baseline,5006,1,2,32,32,0,0,1,7.877624988555908
repr-hard-adam,independent,baseline,5006,1,2,64,64,0,0,1,7.898043632507324
repr-hard-adam,independent,baseline,5006,1,2,128,128,0,0,1,7.845531463623047
repr-hard-adam,independent,baseline,5006,1,2,256,256,0,0,1,7.744935035705566
repr-hard-adam,independent,baseline,5006,1,2,512,512,0,0,1,7.577700614929199
repr-hard-adam,independent,baseline,5006,1,2,1024,1024,0,0,1,7.461231231689453
func-hard-gn,coherent,up-0.25,5006,1,0,0,0,0,0,0,9.038070678710938
func-hard-gn,coherent,up-0.25,5006,1,0,1,1,0,0,0,8.829545974731445
func-hard-gn,coherent,up-0.25,5006,1,0,2,2,0,0,0,8.570497512817383
func-hard-gn,coherent,up-0.25,5006,1,0,4,4,0,0,0,7.356164932250977
func-hard-gn,coherent,up-0.25,5006,1,0,8,8,0,0,2,3.6457929611206055
func-hard-gn,coherent,up-0.25,5006,1,0,16,16,0,0,1,2.2000226974487305
func-hard-gn,coherent,up-0.25,5006,1,0,32,32,1,0,2,0.0047979350201785564
func-hard-gn,coherent,up-0.25,5006,1,0,64,64,1,0,1,0.001409368123859167
func-hard-gn,coherent,up-0.25,5006,1,0,128,128,1,1,0,0.0012863941956311464
func-hard-gn,coherent,up-0.25,5006,1,0,256,256,1,1,0,0.0012832987122237682
func-hard-gn,coherent,up-0.25,5006,1,0,512,512,1,1,0,0.0012828819453716278
func-hard-gn,coherent,up-0.25,5006,1,0,1024,1024,1,1,0,0.0012825247831642628
func-hard-gn,independent,up-0.25,5006,1,0,0,0,0,0,0,8.534563064575195
func-hard-gn,independent,up-0.25,5006,1,0,1,1,0,0,0,8.412700653076172
func-hard-gn,independent,up-0.25,5006,1,0,2,2,0,0,0,8.26357650756836
func-hard-gn,independent,up-0.25,5006,1,0,4,4,0,0,0,7.775346755981445
func-hard-gn,independent,up-0.25,5006,1,0,8,8,0,0,1,4.413323879241943
func-hard-gn,independent,up-0.25,5006,1,0,16,16,0,0,1,3.2881417274475098
func-hard-gn,independent,up-0.25,5006,1,0,32,32,1,0,3,0.11601881682872772
func-hard-gn,independent,up-0.25,5006,1,0,64,64,1,0,2,0.007929838262498379
func-hard-gn,independent,up-0.25,5006,1,0,128,128,1,1,0,0.0015448080375790596
func-hard-gn,independent,up-0.25,5006,1,0,256,256,1,1,0,0.0014646508498117328
func-hard-gn,independent,up-0.25,5006,1,0,512,512,1,1,0,0.001457925420254469
func-hard-gn,independent,up-0.25,5006,1,0,1024,1024,1,1,0,0.0014549496117979288
func-hard-gn,coherent,up-0.25,5006,1,1,0,0,0,0,0,8.638317108154297
func-hard-gn,coherent,up-0.25,5006,1,1,1,1,0,0,0,7.6708784103393555
func-hard-gn,coherent,up-0.25,5006,1,1,2,2,0,0,1,6.222298622131348
func-hard-gn,coherent,up-0.25,5006,1,1,4,4,0,0,1,3.029907703399658
func-hard-gn,coherent,up-0.25,5006,1,1,8,8,0,0,1,0.4970983564853668
func-hard-gn,coherent,up-0.25,5006,1,1,16,16,1,0,3,0.00970025546848774
func-hard-gn,coherent,up-0.25,5006,1,1,32,32,1,0,2,0.0017689294181764126
func-hard-gn,coherent,up-0.25,5006,1,1,64,64,1,0,1,0.0016320731956511736
func-hard-gn,coherent,up-0.25,5006,1,1,128,128,1,0,1,0.0016198144294321537
func-hard-gn,coherent,up-0.25,5006,1,1,256,256,1,1,0,0.0016157679492607713
func-hard-gn,coherent,up-0.25,5006,1,1,512,512,1,1,0,0.0016131495358422399
func-hard-gn,coherent,up-0.25,5006,1,1,1024,1024,1,1,0,0.0016118998173624277
func-hard-gn,independent,up-0.25,5006,1,1,0,0,0,0,0,8.862628936767578
func-hard-gn,independent,up-0.25,5006,1,1,1,1,0,0,0,8.210823059082031
func-hard-gn,independent,up-0.25,5006,1,1,2,2,0,0,0,7.017165184020996
func-hard-gn,independent,up-0.25,5006,1,1,4,4,0,0,1,5.08258056640625
func-hard-gn,independent,up-0.25,5006,1,1,8,8,0,0,0,3.92435884475708
func-hard-gn,independent,up-0.25,5006,1,1,16,16,0,0,0,3.2593653202056885
func-hard-gn,independent,up-0.25,5006,1,1,32,32,1,1,0,0.9143668413162231
func-hard-gn,independent,up-0.25,5006,1,1,64,64,1,0,3,0.08593757450580597
func-hard-gn,independent,up-0.25,5006,1,1,128,128,1,0,1,0.0025660227984189987
func-hard-gn,independent,up-0.25,5006,1,1,256,256,1,1,0,0.0015771444886922836
func-hard-gn,independent,up-0.25,5006,1,1,512,512,1,1,0,0.0015639925841242075
func-hard-gn,independent,up-0.25,5006,1,1,1024,1024,1,1,0,0.0015564344357699156
func-hard-gn,coherent,up-0.25,5006,1,2,0,0,0,0,0,7.952706813812256
func-hard-gn,coherent,up-0.25,5006,1,2,1,1,0,0,0,7.270658493041992
func-hard-gn,coherent,up-0.25,5006,1,2,2,2,0,0,0,6.649877548217773
func-hard-gn,coherent,up-0.25,5006,1,2,4,4,0,0,1,5.452247142791748
func-hard-gn,coherent,up-0.25,5006,1,2,8,8,0,0,2,3.326700210571289
func-hard-gn,coherent,up-0.25,5006,1,2,16,16,0,0,3,0.4636363089084625
func-hard-gn,coherent,up-0.25,5006,1,2,32,32,1,0,3,0.017555812373757362
func-hard-gn,coherent,up-0.25,5006,1,2,64,64,1,0,5,0.0017560726264491677
func-hard-gn,coherent,up-0.25,5006,1,2,128,128,1,0,5,0.0015085875056684017
func-hard-gn,coherent,up-0.25,5006,1,2,256,256,1,0,5,0.0014952560886740685
func-hard-gn,coherent,up-0.25,5006,1,2,512,512,1,0,5,0.0014885903801769018
func-hard-gn,coherent,up-0.25,5006,1,2,1024,1024,1,0,6,0.0014855550834909081
func-hard-gn,independent,up-0.25,5006,1,2,0,0,0,0,0,8.204168319702148
func-hard-gn,independent,up-0.25,5006,1,2,1,1,0,0,1,7.781174182891846
func-hard-gn,independent,up-0.25,5006,1,2,2,2,0,0,1,7.047264099121094
func-hard-gn,independent,up-0.25,5006,1,2,4,4,0,0,2,4.15550422668457
func-hard-gn,independent,up-0.25,5006,1,2,8,8,0,0,4,2.1413609981536865
func-hard-gn,independent,up-0.25,5006,1,2,16,16,1,0,5,0.04398438334465027
func-hard-gn,independent,up-0.25,5006,1,2,32,32,1,0,4,0.009020752273499966
func-hard-gn,independent,up-0.25,5006,1,2,64,64,1,0,5,0.00245393393561244
func-hard-gn,independent,up-0.25,5006,1,2,128,128,1,0,4,0.0014825743855908513
func-hard-gn,independent,up-0.25,5006,1,2,256,256,1,0,4,0.0014307936653494835
func-hard-gn,independent,up-0.25,5006,1,2,512,512,1,0,5,0.0014104971196502447
func-hard-gn,independent,up-0.25,5006,1,2,1024,1024,1,0,5,0.001398711814545095
func-soft-adam,coherent,up-0.25,5006,1,0,0,0,0,0,0,9.038070678710938
func-soft-adam,coherent,up-0.25,5006,1,0,1,1,0,0,0,8.810697555541992
func-soft-adam,coherent,up-0.25,5006,1,0,2,2,0,0,0,8.520885467529297
func-soft-adam,coherent,up-0.25,5006,1,0,4,4,0,0,0,7.157810688018799
func-soft-adam,coherent,up-0.25,5006,1,0,8,8,0,0,3,2.06557559967041
func-soft-adam,coherent,up-0.25,5006,1,0,16,16,0,0,5,0.3740040957927704
func-soft-adam,coherent,up-0.25,5006,1,0,32,32,1,0,4,0.15189343690872192
func-soft-adam,coherent,up-0.25,5006,1,0,64,64,1,0,1,0.009267070330679417
func-soft-adam,coherent,up-0.25,5006,1,0,128,128,1,0,2,0.00305738253518939
func-soft-adam,coherent,up-0.25,5006,1,0,256,256,1,0,2,0.0019714366644620895
func-soft-adam,coherent,up-0.25,5006,1,0,512,512,1,0,2,0.0015107291983440518
func-soft-adam,coherent,up-0.25,5006,1,0,1024,1024,1,0,2,0.0013524680398404598
func-soft-adam,independent,up-0.25,5006,1,0,0,0,0,0,0,8.534563064575195
func-soft-adam,independent,up-0.25,5006,1,0,1,1,0,0,0,8.390885353088379
func-soft-adam,independent,up-0.25,5006,1,0,2,2,0,0,0,8.367166519165039
func-soft-adam,independent,up-0.25,5006,1,0,4,4,0,0,0,8.263694763183594
func-soft-adam,independent,up-0.25,5006,1,0,8,8,0,0,0,8.099388122558594
func-soft-adam,independent,up-0.25,5006,1,0,16,16,0,0,2,3.780578374862671
func-soft-adam,independent,up-0.25,5006,1,0,32,32,1,0,3,0.630145251750946
func-soft-adam,independent,up-0.25,5006,1,0,64,64,1,0,1,0.12336858361959457
func-soft-adam,independent,up-0.25,5006,1,0,128,128,1,0,1,0.006137740798294544
func-soft-adam,independent,up-0.25,5006,1,0,256,256,1,0,1,0.002948664128780365
func-soft-adam,independent,up-0.25,5006,1,0,512,512,1,1,0,0.0016822691541165113
func-soft-adam,independent,up-0.25,5006,1,0,1024,1024,1,1,0,0.0015313068870455027
func-soft-adam,coherent,up-0.25,5006,1,1,0,0,0,0,0,8.638317108154297
func-soft-adam,coherent,up-0.25,5006,1,1,1,1,0,0,0,6.226012706756592
func-soft-adam,coherent,up-0.25,5006,1,1,2,2,0,0,0,4.023475646972656
func-soft-adam,coherent,up-0.25,5006,1,1,4,4,0,0,1,1.4113619327545166
func-soft-adam,coherent,up-0.25,5006,1,1,8,8,1,0,7,0.04580570384860039
func-soft-adam,coherent,up-0.25,5006,1,1,16,16,1,0,7,0.07011935114860535
func-soft-adam,coherent,up-0.25,5006,1,1,32,32,1,0,3,0.09063173830509186
func-soft-adam,coherent,up-0.25,5006,1,1,64,64,1,0,1,0.007663507480174303
func-soft-adam,coherent,up-0.25,5006,1,1,128,128,1,1,0,0.002659435151144862
func-soft-adam,coherent,up-0.25,5006,1,1,256,256,1,1,0,0.00205234345048666
func-soft-adam,coherent,up-0.25,5006,1,1,512,512,1,1,0,0.0018162904307246208
func-soft-adam,coherent,up-0.25,5006,1,1,1024,1024,1,1,0,0.0016803324688225985
func-soft-adam,independent,up-0.25,5006,1,1,0,0,0,0,0,8.862628936767578
func-soft-adam,independent,up-0.25,5006,1,1,1,1,0,0,0,7.7280354499816895
func-soft-adam,independent,up-0.25,5006,1,1,2,2,0,0,0,6.511390686035156
func-soft-adam,independent,up-0.25,5006,1,1,4,4,0,0,1,4.731803894042969
func-soft-adam,independent,up-0.25,5006,1,1,8,8,0,0,7,4.0025715827941895
func-soft-adam,independent,up-0.25,5006,1,1,16,16,0,0,0,3.599297285079956
func-soft-adam,independent,up-0.25,5006,1,1,32,32,0,0,0,1.8448057174682617
func-soft-adam,independent,up-0.25,5006,1,1,64,64,1,1,0,0.10640104860067368
func-soft-adam,independent,up-0.25,5006,1,1,128,128,1,1,0,0.006144614890217781
func-soft-adam,independent,up-0.25,5006,1,1,256,256,1,1,0,0.0029891710728406906
func-soft-adam,independent,up-0.25,5006,1,1,512,512,1,1,0,0.002020910382270813
func-soft-adam,independent,up-0.25,5006,1,1,1024,1024,1,1,0,0.0016830628737807274
func-soft-adam,coherent,up-0.25,5006,1,2,0,0,0,0,0,7.952706813812256
func-soft-adam,coherent,up-0.25,5006,1,2,1,1,0,0,0,6.624024868011475
func-soft-adam,coherent,up-0.25,5006,1,2,2,2,0,0,7,3.49387264251709
func-soft-adam,coherent,up-0.25,5006,1,2,4,4,1,0,11,0.3271324932575226
func-soft-adam,coherent,up-0.25,5006,1,2,8,8,1,0,9,0.04411297291517258
func-soft-adam,coherent,up-0.25,5006,1,2,16,16,0,0,2,0.8395081758499146
func-soft-adam,coherent,up-0.25,5006,1,2,32,32,1,0,5,0.05363646149635315
func-soft-adam,coherent,up-0.25,5006,1,2,64,64,1,0,5,0.01258970145136118
func-soft-adam,coherent,up-0.25,5006,1,2,128,128,1,0,5,0.005055759102106094
func-soft-adam,coherent,up-0.25,5006,1,2,256,256,1,0,5,0.0029186387546360493
func-soft-adam,coherent,up-0.25,5006,1,2,512,512,1,0,4,0.0020195473916828632
func-soft-adam,coherent,up-0.25,5006,1,2,1024,1024,1,0,4,0.001603508833795786
func-soft-adam,independent,up-0.25,5006,1,2,0,0,0,0,0,8.204168319702148
func-soft-adam,independent,up-0.25,5006,1,2,1,1,0,0,0,7.6976542472839355
func-soft-adam,independent,up-0.25,5006,1,2,2,2,0,0,1,6.905796051025391
func-soft-adam,independent,up-0.25,5006,1,2,4,4,0,0,5,4.402082443237305
func-soft-adam,independent,up-0.25,5006,1,2,8,8,0,0,7,3.564624786376953
func-soft-adam,independent,up-0.25,5006,1,2,16,16,0,0,3,2.6187973022460938
func-soft-adam,independent,up-0.25,5006,1,2,32,32,1,0,7,0.24532458186149597
func-soft-adam,independent,up-0.25,5006,1,2,64,64,1,0,5,0.06377635151147842
func-soft-adam,independent,up-0.25,5006,1,2,128,128,1,0,5,0.004964369349181652
func-soft-adam,independent,up-0.25,5006,1,2,256,256,1,0,5,0.002456332091242075
func-soft-adam,independent,up-0.25,5006,1,2,512,512,1,0,5,0.0017345368396490812
func-soft-adam,independent,up-0.25,5006,1,2,1024,1024,1,0,5,0.0015162043273448944
func-soft-gn,coherent,up-0.25,5006,1,0,0,0,0,0,0,9.038070678710938
func-soft-gn,coherent,up-0.25,5006,1,0,1,1,0,0,0,8.830928802490234
func-soft-gn,coherent,up-0.25,5006,1,0,2,2,0,0,0,8.574886322021484
func-soft-gn,coherent,up-0.25,5006,1,0,4,4,0,0,0,7.424360275268555
func-soft-gn,coherent,up-0.25,5006,1,0,8,8,0,0,3,2.7740163803100586
func-soft-gn,coherent,up-0.25,5006,1,0,16,16,1,0,4,0.05413324758410454
func-soft-gn,coherent,up-0.25,5006,1,0,32,32,1,0,2,0.015763523057103157
func-soft-gn,coherent,up-0.25,5006,1,0,64,64,1,0,2,0.0013669910840690136
func-soft-gn,coherent,up-0.25,5006,1,0,128,128,1,0,1,0.001285977428779006
func-soft-gn,coherent,up-0.25,5006,1,0,256,256,1,0,1,0.0012844892917200923
func-soft-gn,coherent,up-0.25,5006,1,0,512,512,1,0,1,0.0012831796193495393
func-soft-gn,coherent,up-0.25,5006,1,0,1024,1024,1,1,0,0.0012827033642679453
func-soft-gn,independent,up-0.25,5006,1,0,0,0,0,0,0,8.534563064575195
func-soft-gn,independent,up-0.25,5006,1,0,1,1,0,0,0,8.416666030883789
func-soft-gn,independent,up-0.25,5006,1,0,2,2,0,0,0,8.274415969848633
func-soft-gn,independent,up-0.25,5006,1,0,4,4,0,0,0,7.421056747436523
func-soft-gn,independent,up-0.25,5006,1,0,8,8,0,0,1,4.301558971405029
func-soft-gn,independent,up-0.25,5006,1,0,16,16,0,0,3,1.8057217597961426
func-soft-gn,independent,up-0.25,5006,1,0,32,32,1,0,2,0.08705057203769684
func-soft-gn,independent,up-0.25,5006,1,0,64,64,1,0,1,0.005086478777229786
func-soft-gn,independent,up-0.25,5006,1,0,128,128,1,1,0,0.0014848255086690187
func-soft-gn,independent,up-0.25,5006,1,0,256,256,1,1,0,0.0014653652906417847
func-soft-gn,independent,up-0.25,5006,1,0,512,512,1,1,0,0.001459532417356968
func-soft-gn,independent,up-0.25,5006,1,0,1024,1024,1,1,0,0.0014563780277967453
func-soft-gn,coherent,up-0.25,5006,1,1,0,0,0,0,0,8.638317108154297
func-soft-gn,coherent,up-0.25,5006,1,1,1,1,0,0,0,7.638844966888428
func-soft-gn,coherent,up-0.25,5006,1,1,2,2,0,0,0,6.167299747467041
func-soft-gn,coherent,up-0.25,5006,1,1,4,4,0,0,1,0.541013777256012
func-soft-gn,coherent,up-0.25,5006,1,1,8,8,1,0,1,0.295448899269104
func-soft-gn,coherent,up-0.25,5006,1,1,16,16,1,1,0,0.08172278851270676
func-soft-gn,coherent,up-0.25,5006,1,1,32,32,1,1,0,0.005785205401480198
func-soft-gn,coherent,up-0.25,5006,1,1,64,64,1,0,1,0.0020338459871709347
func-soft-gn,coherent,up-0.25,5006,1,1,128,128,1,0,1,0.0016222542617470026
func-soft-gn,coherent,up-0.25,5006,1,1,256,256,1,1,0,0.0016167795984074473
func-soft-gn,coherent,up-0.25,5006,1,1,512,512,1,1,0,0.0016136851627379656
func-soft-gn,coherent,up-0.25,5006,1,1,1024,1024,1,1,0,0.0016120189102366567
func-soft-gn,independent,up-0.25,5006,1,1,0,0,0,0,0,8.862628936767578
func-soft-gn,independent,up-0.25,5006,1,1,1,1,0,0,0,8.270936965942383
func-soft-gn,independent,up-0.25,5006,1,1,2,2,0,0,0,7.155409812927246
func-soft-gn,independent,up-0.25,5006,1,1,4,4,0,0,1,3.840615749359131
func-soft-gn,independent,up-0.25,5006,1,1,8,8,0,0,1,3.5354294776916504
func-soft-gn,independent,up-0.25,5006,1,1,16,16,0,0,0,3.330288887023926
func-soft-gn,independent,up-0.25,5006,1,1,32,32,0,0,0,0.8498827815055847
func-soft-gn,independent,up-0.25,5006,1,1,64,64,1,0,4,0.08987493813037872
func-soft-gn,independent,up-0.25,5006,1,1,128,128,1,0,1,0.005571318790316582
func-soft-gn,independent,up-0.25,5006,1,1,256,256,1,1,0,0.0015866064932197332
func-soft-gn,independent,up-0.25,5006,1,1,512,512,1,1,0,0.0015643496299162507
func-soft-gn,independent,up-0.25,5006,1,1,1024,1024,1,1,0,0.0015558392042294145
func-soft-gn,coherent,up-0.25,5006,1,2,0,0,0,0,0,7.952706813812256
func-soft-gn,coherent,up-0.25,5006,1,2,1,1,0,0,0,7.346875190734863
func-soft-gn,coherent,up-0.25,5006,1,2,2,2,0,0,2,6.101311683654785
func-soft-gn,coherent,up-0.25,5006,1,2,4,4,0,0,8,1.2892401218414307
func-soft-gn,coherent,up-0.25,5006,1,2,8,8,1,0,7,0.06506175547838211
func-soft-gn,coherent,up-0.25,5006,1,2,16,16,1,0,5,0.02373054251074791
func-soft-gn,coherent,up-0.25,5006,1,2,32,32,1,0,5,0.002070685150101781
func-soft-gn,coherent,up-0.25,5006,1,2,64,64,1,0,5,0.0016070789424702525
func-soft-gn,coherent,up-0.25,5006,1,2,128,128,1,0,6,0.0015039453282952309
func-soft-gn,coherent,up-0.25,5006,1,2,256,256,1,0,6,0.0014934111386537552
func-soft-gn,coherent,up-0.25,5006,1,2,512,512,1,0,7,0.0014908519806340337
func-soft-gn,coherent,up-0.25,5006,1,2,1024,1024,1,0,8,0.0014882928226143122
func-soft-gn,independent,up-0.25,5006,1,2,0,0,0,0,0,8.204168319702148
func-soft-gn,independent,up-0.25,5006,1,2,1,1,0,0,0,7.792593002319336
func-soft-gn,independent,up-0.25,5006,1,2,2,2,0,0,1,7.119178771972656
func-soft-gn,independent,up-0.25,5006,1,2,4,4,0,0,6,2.9375457763671875
func-soft-gn,independent,up-0.25,5006,1,2,8,8,0,0,8,1.212935209274292
func-soft-gn,independent,up-0.25,5006,1,2,16,16,1,0,6,0.02068556845188141
func-soft-gn,independent,up-0.25,5006,1,2,32,32,1,0,5,0.003962114918977022
func-soft-gn,independent,up-0.25,5006,1,2,64,64,1,0,5,0.0016112440498545766
func-soft-gn,independent,up-0.25,5006,1,2,128,128,1,0,5,0.0014648382784798741
func-soft-gn,independent,up-0.25,5006,1,2,256,256,1,0,6,0.0014295438304543495
func-soft-gn,independent,up-0.25,5006,1,2,512,512,1,0,5,0.0014129970222711563
func-soft-gn,independent,up-0.25,5006,1,2,1024,1024,1,0,5,0.0014005569973960519
repr-hard-adam,coherent,up-0.25,5006,1,0,0,0,0,0,0,9.038070678710938
repr-hard-adam,coherent,up-0.25,5006,1,0,1,1,0,0,0,8.929231643676758
repr-hard-adam,coherent,up-0.25,5006,1,0,2,2,0,0,0,8.881560325622559
repr-hard-adam,coherent,up-0.25,5006,1,0,4,4,0,0,0,8.818589210510254
repr-hard-adam,coherent,up-0.25,5006,1,0,8,8,0,0,0,8.78306770324707
repr-hard-adam,coherent,up-0.25,5006,1,0,16,16,0,0,0,8.743894577026367
repr-hard-adam,coherent,up-0.25,5006,1,0,32,32,0,0,0,8.671675682067871
repr-hard-adam,coherent,up-0.25,5006,1,0,64,64,0,0,0,8.610523223876953
repr-hard-adam,coherent,up-0.25,5006,1,0,128,128,0,0,0,8.549379348754883
repr-hard-adam,coherent,up-0.25,5006,1,0,256,256,0,0,0,8.49488353729248
repr-hard-adam,coherent,up-0.25,5006,1,0,512,512,0,0,0,8.50745964050293
repr-hard-adam,coherent,up-0.25,5006,1,0,1024,1024,0,0,0,8.573661804199219
repr-hard-adam,independent,up-0.25,5006,1,0,0,0,0,0,0,8.534563064575195
repr-hard-adam,independent,up-0.25,5006,1,0,1,1,0,0,0,8.465746879577637
repr-hard-adam,independent,up-0.25,5006,1,0,2,2,0,0,0,8.43661880493164
repr-hard-adam,independent,up-0.25,5006,1,0,4,4,0,0,0,8.399901390075684
repr-hard-adam,independent,up-0.25,5006,1,0,8,8,0,0,0,8.386514663696289
repr-hard-adam,independent,up-0.25,5006,1,0,16,16,0,0,0,8.366395950317383
repr-hard-adam,independent,up-0.25,5006,1,0,32,32,0,0,0,8.36080551147461
repr-hard-adam,independent,up-0.25,5006,1,0,64,64,0,0,0,8.36430835723877
repr-hard-adam,independent,up-0.25,5006,1,0,128,128,0,0,0,8.367755889892578
repr-hard-adam,independent,up-0.25,5006,1,0,256,256,0,0,0,8.376712799072266
repr-hard-adam,independent,up-0.25,5006,1,0,512,512,0,0,0,8.382742881774902
repr-hard-adam,independent,up-0.25,5006,1,0,1024,1024,0,0,0,8.38458251953125
repr-hard-adam,coherent,up-0.25,5006,1,1,0,0,0,0,0,8.638317108154297
repr-hard-adam,coherent,up-0.25,5006,1,1,1,1,0,0,0,6.226012706756592
repr-hard-adam,coherent,up-0.25,5006,1,1,2,2,0,0,0,5.376434803009033
repr-hard-adam,coherent,up-0.25,5006,1,1,4,4,0,0,0,4.702492713928223
repr-hard-adam,coherent,up-0.25,5006,1,1,8,8,0,0,1,3.946133613586426
repr-hard-adam,coherent,up-0.25,5006,1,1,16,16,0,0,1,3.041267156600952
repr-hard-adam,coherent,up-0.25,5006,1,1,32,32,0,0,1,1.66740083694458
repr-hard-adam,coherent,up-0.25,5006,1,1,64,64,0,0,1,0.7591869831085205
repr-hard-adam,coherent,up-0.25,5006,1,1,128,128,1,0,1,0.14991797506809235
repr-hard-adam,coherent,up-0.25,5006,1,1,256,256,1,0,1,0.017421003431081772
repr-hard-adam,coherent,up-0.25,5006,1,1,512,512,1,0,1,0.013188785873353481
repr-hard-adam,coherent,up-0.25,5006,1,1,1024,1024,1,0,1,0.008339215070009232
repr-hard-adam,independent,up-0.25,5006,1,1,0,0,0,0,0,8.862628936767578
repr-hard-adam,independent,up-0.25,5006,1,1,1,1,0,0,0,7.7280354499816895
repr-hard-adam,independent,up-0.25,5006,1,1,2,2,0,0,0,7.27258825302124
repr-hard-adam,independent,up-0.25,5006,1,1,4,4,0,0,0,6.795385360717773
repr-hard-adam,independent,up-0.25,5006,1,1,8,8,0,0,1,6.204669952392578
repr-hard-adam,independent,up-0.25,5006,1,1,16,16,0,0,1,5.484241962432861
repr-hard-adam,independent,up-0.25,5006,1,1,32,32,0,0,1,4.701873779296875
repr-hard-adam,independent,up-0.25,5006,1,1,64,64,0,0,1,3.946849822998047
repr-hard-adam,independent,up-0.25,5006,1,1,128,128,0,0,1,3.5246527194976807
repr-hard-adam,independent,up-0.25,5006,1,1,256,256,0,0,1,3.1971278190612793
repr-hard-adam,independent,up-0.25,5006,1,1,512,512,1,0,1,0.13744495809078217
repr-hard-adam,independent,up-0.25,5006,1,1,1024,1024,1,0,1,0.10766647756099701
repr-hard-adam,coherent,up-0.25,5006,1,2,0,0,0,0,0,7.952706813812256
repr-hard-adam,coherent,up-0.25,5006,1,2,1,1,0,0,0,7.446484565734863
repr-hard-adam,coherent,up-0.25,5006,1,2,2,2,0,0,0,7.121152400970459
repr-hard-adam,coherent,up-0.25,5006,1,2,4,4,0,0,1,6.579224586486816
repr-hard-adam,coherent,up-0.25,5006,1,2,8,8,0,0,1,6.326551914215088
repr-hard-adam,coherent,up-0.25,5006,1,2,16,16,0,0,1,6.127532958984375
repr-hard-adam,coherent,up-0.25,5006,1,2,32,32,0,0,2,6.036246299743652
repr-hard-adam,coherent,up-0.25,5006,1,2,64,64,0,0,2,6.225261211395264
repr-hard-adam,coherent,up-0.25,5006,1,2,128,128,0,0,2,6.5892229080200195
repr-hard-adam,coherent,up-0.25,5006,1,2,256,256,0,0,2,7.016576766967773
repr-hard-adam,coherent,up-0.25,5006,1,2,512,512,0,0,2,7.090943336486816
repr-hard-adam,coherent,up-0.25,5006,1,2,1024,1024,0,0,2,7.291625022888184
repr-hard-adam,independent,up-0.25,5006,1,2,0,0,0,0,0,8.204168319702148
repr-hard-adam,independent,up-0.25,5006,1,2,1,1,0,0,0,7.9821858406066895
repr-hard-adam,independent,up-0.25,5006,1,2,2,2,0,0,0,7.865180015563965
repr-hard-adam,independent,up-0.25,5006,1,2,4,4,0,0,1,7.744011878967285
repr-hard-adam,independent,up-0.25,5006,1,2,8,8,0,0,1,7.6606364250183105
repr-hard-adam,independent,up-0.25,5006,1,2,16,16,0,0,1,7.181766510009766
repr-hard-adam,independent,up-0.25,5006,1,2,32,32,0,0,1,6.4850077629089355
repr-hard-adam,independent,up-0.25,5006,1,2,64,64,0,0,1,6.3796257972717285
repr-hard-adam,independent,up-0.25,5006,1,2,128,128,0,0,2,6.704292297363281
repr-hard-adam,independent,up-0.25,5006,1,2,256,256,0,0,2,6.715298652648926
repr-hard-adam,independent,up-0.25,5006,1,2,512,512,0,0,2,6.755680084228516
repr-hard-adam,independent,up-0.25,5006,1,2,1024,1024,0,0,2,6.670363903045654
func-hard-gn,coherent,baseline,5007,0,0,0,0,0,0,0,8.139151573181152
func-hard-gn,coherent,baseline,5007,0,0,1,1,0,0,0,7.432766914367676
func-hard-gn,coherent,baseline,5007,0,0,2,2,0,0,0,6.877494812011719
func-hard-gn,coherent,baseline,5007,0,0,4,4,0,0,0,5.831099987030029
func-hard-gn,coherent,baseline,5007,0,0,8,8,0,0,0,5.444672584533691
func-hard-gn,coherent,baseline,5007,0,0,16,16,0,0,0,1.7690815925598145
func-hard-gn,coherent,baseline,5007,0,0,32,32,1,1,0,0.003549017943441868
func-hard-gn,coherent,baseline,5007,0,0,64,64,1,1,0,0.001354015665128827
func-hard-gn,coherent,baseline,5007,0,0,128,128,1,1,0,0.0013343130704015493
func-hard-gn,coherent,baseline,5007,0,0,256,256,1,1,0,0.0013249675976112485
func-hard-gn,coherent,baseline,5007,0,0,512,512,1,1,0,0.0013231222983449697
func-hard-gn,coherent,baseline,5007,0,0,1024,1024,1,1,0,0.0013222888810560107
func-hard-gn,independent,baseline,5007,0,0,0,0,0,0,0,8.504547119140625
func-hard-gn,independent,baseline,5007,0,0,1,1,0,0,0,8.122177124023438
func-hard-gn,independent,baseline,5007,0,0,2,2,0,0,0,7.337053298950195
func-hard-gn,independent,baseline,5007,0,0,4,4,0,0,0,3.963538646697998
func-hard-gn,independent,baseline,5007,0,0,8,8,0,0,0,1.6930936574935913
func-hard-gn,independent,baseline,5007,0,0,16,16,0,0,0,0.7775499820709229
func-hard-gn,independent,baseline,5007,0,0,32,32,1,1,0,0.11406823247671127
func-hard-gn,independent,baseline,5007,0,0,64,64,1,1,0,0.013608585111796856
func-hard-gn,independent,baseline,5007,0,0,128,128,1,1,0,0.0015280353836715221
func-hard-gn,independent,baseline,5007,0,0,256,256,1,1,0,0.0014563268050551414
func-hard-gn,independent,baseline,5007,0,0,512,512,1,1,0,0.0014431136660277843
func-hard-gn,independent,baseline,5007,0,0,1024,1024,1,1,0,0.0014381735818460584
func-hard-gn,coherent,baseline,5007,0,1,0,0,0,0,0,8.447578430175781
func-hard-gn,coherent,baseline,5007,0,1,1,1,0,0,0,7.807378768920898
func-hard-gn,coherent,baseline,5007,0,1,2,2,0,0,1,5.599252700805664
func-hard-gn,coherent,baseline,5007,0,1,4,4,0,0,2,2.547698736190796
func-hard-gn,coherent,baseline,5007,0,1,8,8,0,0,2,0.7440846562385559
func-hard-gn,coherent,baseline,5007,0,1,16,16,1,0,2,0.044623952358961105
func-hard-gn,coherent,baseline,5007,0,1,32,32,1,0,2,0.002591764321550727
func-hard-gn,coherent,baseline,5007,0,1,64,64,1,0,2,0.0018531548557803035
func-hard-gn,coherent,baseline,5007,0,1,128,128,1,0,2,0.0015736946370452642
func-hard-gn,coherent,baseline,5007,0,1,256,256,1,0,2,0.001546319224871695
func-hard-gn,coherent,baseline,5007,0,1,512,512,1,0,2,0.0015398918185383081
func-hard-gn,coherent,baseline,5007,0,1,1024,1024,1,0,2,0.0015368566382676363
func-hard-gn,independent,baseline,5007,0,1,0,0,0,0,0,8.24842643737793
func-hard-gn,independent,baseline,5007,0,1,1,1,0,0,0,7.771121978759766
func-hard-gn,independent,baseline,5007,0,1,2,2,0,0,0,6.891266345977783
func-hard-gn,independent,baseline,5007,0,1,4,4,0,0,1,2.5595147609710693
func-hard-gn,independent,baseline,5007,0,1,8,8,0,0,1,1.114469051361084
func-hard-gn,independent,baseline,5007,0,1,16,16,1,0,1,0.09056882560253143
func-hard-gn,independent,baseline,5007,0,1,32,32,1,0,1,0.0029722070321440697
func-hard-gn,independent,baseline,5007,0,1,64,64,1,0,1,0.0016171960160136223
func-hard-gn,independent,baseline,5007,0,1,128,128,1,1,0,0.0015335832722485065
func-hard-gn,independent,baseline,5007,0,1,256,256,1,1,0,0.0015255489852279425
func-hard-gn,independent,baseline,5007,0,1,512,512,1,1,0,0.0015185263473540545
func-hard-gn,independent,baseline,5007,0,1,1024,1024,1,1,0,0.0015138245653361082
func-hard-gn,coherent,baseline,5007,0,2,0,0,0,0,0,8.841873168945312
func-hard-gn,coherent,baseline,5007,0,2,1,1,0,0,0,7.737709045410156
func-hard-gn,coherent,baseline,5007,0,2,2,2,0,0,0,3.2856764793395996
func-hard-gn,coherent,baseline,5007,0,2,4,4,1,1,0,0.21103300154209137
func-hard-gn,coherent,baseline,5007,0,2,8,8,1,1,0,0.04362931847572327
func-hard-gn,coherent,baseline,5007,0,2,16,16,1,1,0,0.030952364206314087
func-hard-gn,coherent,baseline,5007,0,2,32,32,1,1,0,0.014870548620820045
func-hard-gn,coherent,baseline,5007,0,2,64,64,1,0,1,0.0034066718071699142
func-hard-gn,coherent,baseline,5007,0,2,128,128,1,1,0,0.0016037470195442438
func-hard-gn,coherent,baseline,5007,0,2,256,256,1,0,1,0.0014910900499671698
func-hard-gn,coherent,baseline,5007,0,2,512,512,1,0,1,0.0014885903801769018
func-hard-gn,coherent,baseline,5007,0,2,1024,1024,1,0,2,0.0014879356604069471
func-hard-gn,independent,baseline,5007,0,2,0,0,0,0,0,8.42034912109375
func-hard-gn,independent,baseline,5007,0,2,1,1,0,0,0,7.511819839477539
func-hard-gn,independent,baseline,5007,0,2,2,2,0,0,0,4.735628604888916
func-hard-gn,independent,baseline,5007,0,2,4,4,0,0,0,3.0916478633880615
func-hard-gn,independent,baseline,5007,0,2,8,8,0,0,0,2.9617156982421875
func-hard-gn,independent,baseline,5007,0,2,16,16,0,0,0,2.3886826038360596
func-hard-gn,independent,baseline,5007,0,2,32,32,1,0,1,0.061295706778764725
func-hard-gn,independent,baseline,5007,0,2,64,64,1,0,2,0.02464168518781662
func-hard-gn,independent,baseline,5007,0,2,128,128,1,0,2,0.007337626069784164
func-hard-gn,independent,baseline,5007,0,2,256,256,1,0,1,0.0014235342387109995
func-hard-gn,independent,baseline,5007,0,2,512,512,1,0,1,0.0014095467049628496
func-hard-gn,independent,baseline,5007,0,2,1024,1024,1,0,1,0.0014062728732824326
func-soft-adam,coherent,baseline,5007,0,0,0,0,0,0,0,8.139151573181152
func-soft-adam,coherent,baseline,5007,0,0,1,1,0,0,0,7.298128604888916
func-soft-adam,coherent,baseline,5007,0,0,2,2,0,0,0,5.490273475646973
func-soft-adam,coherent,baseline,5007,0,0,4,4,1,0,0,0.06141294166445732
func-soft-adam,coherent,baseline,5007,0,0,8,8,1,0,3,0.0018782844999805093
func-soft-adam,coherent,baseline,5007,0,0,16,16,1,0,2,0.0024936627596616745
func-soft-adam,coherent,baseline,5007,0,0,32,32,1,0,1,0.16434615850448608
func-soft-adam,coherent,baseline,5007,0,0,64,64,1,0,1,0.015572058036923409
func-soft-adam,coherent,baseline,5007,0,0,128,128,1,0,1,0.003677964210510254
func-soft-adam,coherent,baseline,5007,0,0,256,256,1,0,1,0.0017979633994400501
func-soft-adam,coherent,baseline,5007,0,0,512,512,1,0,1,0.0014175850665196776
func-soft-adam,coherent,baseline,5007,0,0,1024,1024,1,0,1,0.001340324990451336
func-soft-adam,independent,baseline,5007,0,0,0,0,0,0,0,8.504547119140625
func-soft-adam,independent,baseline,5007,0,0,1,1,0,0,0,7.996870040893555
func-soft-adam,independent,baseline,5007,0,0,2,2,0,0,0,6.63836145401001
func-soft-adam,independent,baseline,5007,0,0,4,4,0,0,0,2.448122501373291
func-soft-adam,independent,baseline,5007,0,0,8,8,0,0,2,1.0125465393066406
func-soft-adam,independent,baseline,5007,0,0,16,16,0,0,2,0.7371139526367188
func-soft-adam,independent,baseline,5007,0,0,32,32,0,0,0,0.6929140090942383
func-soft-adam,independent,baseline,5007,0,0,64,64,1,0,1,0.574556291103363
func-soft-adam,independent,baseline,5007,0,0,128,128,1,0,1,0.0027644457295536995
func-soft-adam,independent,baseline,5007,0,0,256,256,1,0,1,0.001712876372039318
func-soft-adam,independent,baseline,5007,0,0,512,512,1,0,1,0.00151268788613379
func-soft-adam,independent,baseline,5007,0,0,1024,1024,1,0,1,0.001445256406441331
func-soft-adam,coherent,baseline,5007,0,1,0,0,0,0,0,8.447578430175781
func-soft-adam,coherent,baseline,5007,0,1,1,1,0,0,2,7.202315330505371
func-soft-adam,coherent,baseline,5007,0,1,2,2,0,0,3,5.26661491394043
func-soft-adam,coherent,baseline,5007,0,1,4,4,0,0,5,1.1595643758773804
func-soft-adam,coherent,baseline,5007,0,1,8,8,1,0,7,0.07713604718446732
func-soft-adam,coherent,baseline,5007,0,1,16,16,0,0,6,0.6470136642456055
func-soft-adam,coherent,baseline,5007,0,1,32,32,1,0,3,0.12727509438991547
func-soft-adam,coherent,baseline,5007,0,1,64,64,1,0,3,0.028127439320087433
func-soft-adam,coherent,baseline,5007,0,1,128,128,1,0,3,0.0032181807328015566
func-soft-adam,coherent,baseline,5007,0,1,256,256,1,0,3,0.0020010622683912516
func-soft-adam,coherent,baseline,5007,0,1,512,512,1,0,3,0.0017107983585447073
func-soft-adam,coherent,baseline,5007,0,1,1024,1024,1,0,3,0.0016023784410208464
func-soft-adam,independent,baseline,5007,0,1,0,0,0,0,0,8.24842643737793
func-soft-adam,independent,baseline,5007,0,1,1,1,0,0,0,7.569283962249756
func-soft-adam,independent,baseline,5007,0,1,2,2,0,0,2,5.662336826324463
func-soft-adam,independent,baseline,5007,0,1,4,4,0,0,2,3.7127950191497803
func-soft-adam,independent,baseline,5007,0,1,8,8,0,0,1,1.9414814710617065
func-soft-adam,independent,baseline,5007,0,1,16,16,1,0,4,0.028206143528223038
func-soft-adam,independent,baseline,5007,0,1,32,32,1,0,1,0.0967399924993515
func-soft-adam,independent,baseline,5007,0,1,64,64,1,0,1,0.013921527191996574
func-soft-adam,independent,baseline,5007,0,1,128,128,1,0,1,0.004450761713087559
func-soft-adam,independent,baseline,5007,0,1,256,256,1,0,1,0.002436271868646145
func-soft-adam,independent,baseline,5007,0,1,512,512,1,0,1,0.0017513722414150834
func-soft-adam,independent,baseline,5007,0,1,1024,1024,1,0,1,0.001588928047567606
func-soft-adam,coherent,baseline,5007,0,2,0,0,0,0,0,8.841873168945312
func-soft-adam,coherent,baseline,5007,0,2,1,1,0,0,3,5.289912223815918
func-soft-adam,coherent,baseline,5007,0,2,2,2,0,0,7,0.8697541952133179
func-soft-adam,coherent,baseline,5007,0,2,4,4,1,0,8,0.0625382512807846
func-soft-adam,coherent,baseline,5007,0,2,8,8,1,0,7,0.02795165590941906
func-soft-adam,coherent,baseline,5007,0,2,16,16,1,0,4,0.021375436335802078
func-soft-adam,coherent,baseline,5007,0,2,32,32,1,0,2,0.07618825882673264
func-soft-adam,coherent,baseline,5007,0,2,64,64,1,0,2,0.00912332721054554
func-soft-adam,coherent,baseline,5007,0,2,128,128,1,0,2,0.004268938675522804
func-soft-adam,coherent,baseline,5007,0,2,256,256,1,0,2,0.002569291740655899
func-soft-adam,coherent,baseline,5007,0,2,512,512,1,0,2,0.0018576394068077207
func-soft-adam,coherent,baseline,5007,0,2,1024,1024,1,0,2,0.0015963679179549217
func-soft-adam,independent,baseline,5007,0,2,0,0,0,0,0,8.42034912109375
func-soft-adam,independent,baseline,5007,0,2,1,1,0,0,0,7.2938337326049805
func-soft-adam,independent,baseline,5007,0,2,2,2,0,0,5,4.984173774719238
func-soft-adam,independent,baseline,5007,0,2,4,4,0,0,6,2.244473457336426
func-soft-adam,independent,baseline,5007,0,2,8,8,1,0,8,0.010249070823192596
func-soft-adam,independent,baseline,5007,0,2,16,16,1,0,6,0.04424119368195534
func-soft-adam,independent,baseline,5007,0,2,32,32,1,0,2,0.08453238755464554
func-soft-adam,independent,baseline,5007,0,2,64,64,1,0,2,0.04313478618860245
func-soft-adam,independent,baseline,5007,0,2,128,128,1,0,4,0.007894184440374374
func-soft-adam,independent,baseline,5007,0,2,256,256,1,0,4,0.002716231159865856
func-soft-adam,independent,baseline,5007,0,2,512,512,1,0,3,0.0018296707421541214
func-soft-adam,independent,baseline,5007,0,2,1024,1024,1,0,1,0.0015337576624006033
func-soft-gn,coherent,baseline,5007,0,0,0,0,0,0,0,8.139151573181152
func-soft-gn,coherent,baseline,5007,0,0,1,1,0,0,0,7.465450763702393
func-soft-gn,coherent,baseline,5007,0,0,2,2,0,0,0,6.261241912841797
func-soft-gn,coherent,baseline,5007,0,0,4,4,0,0,0,1.4418330192565918
func-soft-gn,coherent,baseline,5007,0,0,8,8,1,1,0,0.2632349133491516
func-soft-gn,coherent,baseline,5007,0,0,16,16,1,1,0,0.15438616275787354
func-soft-gn,coherent,baseline,5007,0,0,32,32,1,0,1,0.006111775524914265
func-soft-gn,coherent,baseline,5007,0,0,64,64,1,1,0,0.0019494903972372413
func-soft-gn,coherent,baseline,5007,0,0,128,128,1,1,0,0.0013487775577232242
func-soft-gn,coherent,baseline,5007,0,0,256,256,1,1,0,0.0013260985724627972
func-soft-gn,coherent,baseline,5007,0,0,512,512,1,1,0,0.0013234794605523348
func-soft-gn,coherent,baseline,5007,0,0,1024,1024,1,1,0,0.0013225269503891468
func-soft-gn,independent,baseline,5007,0,0,0,0,0,0,0,8.504547119140625
func-soft-gn,independent,baseline,5007,0,0,1,1,0,0,0,8.13609790802002
func-soft-gn,independent,baseline,5007,0,0,2,2,0,0,0,7.431685447692871
func-soft-gn,independent,baseline,5007,0,0,4,4,0,0,0,2.647181749343872
func-soft-gn,independent,baseline,5007,0,0,8,8,1,1,0,0.3036426305770874
func-soft-gn,independent,baseline,5007,0,0,16,16,1,1,0,0.22493714094161987
func-soft-gn,independent,baseline,5007,0,0,32,32,1,1,0,0.1346634328365326
func-soft-gn,independent,baseline,5007,0,0,64,64,1,0,1,0.04448416456580162
func-soft-gn,independent,baseline,5007,0,0,128,128,1,1,0,0.0014884660486131907
func-soft-gn,independent,baseline,5007,0,0,256,256,1,1,0,0.0014475776115432382
func-soft-gn,independent,baseline,5007,0,0,512,512,1,1,0,0.0014422803651541471
func-soft-gn,independent,baseline,5007,0,0,1024,1024,1,1,0,0.001438947394490242
func-soft-gn,coherent,baseline,5007,0,1,0,0,0,0,0,8.447578430175781
func-soft-gn,coherent,baseline,5007,0,1,1,1,0,0,0,7.789116859436035
func-soft-gn,coherent,baseline,5007,0,1,2,2,0,0,1,5.840004920959473
func-soft-gn,coherent,baseline,5007,0,1,4,4,0,0,5,0.5349972248077393
func-soft-gn,coherent,baseline,5007,0,1,8,8,1,0,4,0.07979641109704971
func-soft-gn,coherent,baseline,5007,0,1,16,16,1,0,2,0.08498147130012512
func-soft-gn,coherent,baseline,5007,0,1,32,32,1,0,2,0.05104566738009453
func-soft-gn,coherent,baseline,5007,0,1,64,64,1,0,2,0.0022170802112668753
func-soft-gn,coherent,baseline,5007,0,1,128,128,1,0,2,0.001569945365190506
func-soft-gn,coherent,baseline,5007,0,1,256,256,1,0,2,0.0015513182152062654
func-soft-gn,coherent,baseline,5007,0,1,512,512,1,0,2,0.001541677163913846
func-soft-gn,coherent,baseline,5007,0,1,1024,1024,1,0,2,0.0015376898227259517
func-soft-gn,independent,baseline,5007,0,1,0,0,0,0,0,8.24842643737793
func-soft-gn,independent,baseline,5007,0,1,1,1,0,0,0,7.776978492736816
func-soft-gn,independent,baseline,5007,0,1,2,2,0,0,0,6.905553340911865
func-soft-gn,independent,baseline,5007,0,1,4,4,0,0,1,0.40439850091934204
func-soft-gn,independent,baseline,5007,0,1,8,8,1,0,1,0.12137144058942795
func-soft-gn,independent,baseline,5007,0,1,16,16,1,0,1,0.15167999267578125
func-soft-gn,independent,baseline,5007,0,1,32,32,1,1,0,0.004658678080886602
func-soft-gn,independent,baseline,5007,0,1,64,64,1,0,1,0.002158190356567502
func-soft-gn,independent,baseline,5007,0,1,128,128,1,0,1,0.001540070166811347
func-soft-gn,independent,baseline,5007,0,1,256,256,1,1,0,0.001527096377685666
func-soft-gn,independent,baseline,5007,0,1,512,512,1,1,0,0.0015198951587080956
func-soft-gn,independent,baseline,5007,0,1,1024,1024,1,1,0,0.0015145388897508383
func-soft-gn,coherent,baseline,5007,0,2,0,0,0,0,0,8.841873168945312
func-soft-gn,coherent,baseline,5007,0,2,1,1,0,0,0,7.778325080871582
func-soft-gn,coherent,baseline,5007,0,2,2,2,0,0,0,3.606937885284424
func-soft-gn,coherent,baseline,5007,0,2,4,4,1,1,0,0.021123958751559258
func-soft-gn,coherent,baseline,5007,0,2,8,8,1,1,0,0.04098358005285263
func-soft-gn,coherent,baseline,5007,0,2,16,16,1,1,0,0.03800453618168831
func-soft-gn,coherent,baseline,5007,0,2,32,32,1,1,0,0.019554978236556053
func-soft-gn,coherent,baseline,5007,0,2,64,64,1,0,1,0.003834560513496399
func-soft-gn,coherent,baseline,5007,0,2,128,128,1,0,1,0.0016213012859225273
func-soft-gn,coherent,baseline,5007,0,2,256,256,1,1,0,0.001498410478234291
func-soft-gn,coherent,baseline,5007,0,2,512,512,1,1,0,0.0014893640764057636
func-soft-gn,coherent,baseline,5007,0,2,1024,1024,1,0,1,0.0014881737297400832
func-soft-gn,independent,baseline,5007,0,2,0,0,0,0,0,8.42034912109375
func-soft-gn,independent,baseline,5007,0,2,1,1,0,0,0,7.554500579833984
func-soft-gn,independent,baseline,5007,0,2,2,2,0,0,0,4.855774879455566
func-soft-gn,independent,baseline,5007,0,2,4,4,0,0,0,3.0770323276519775
func-soft-gn,independent,baseline,5007,0,2,8,8,0,0,0,3.0127522945404053
func-soft-gn,independent,baseline,5007,0,2,16,16,0,0,0,2.625800848007202
func-soft-gn,independent,baseline,5007,0,2,32,32,1,0,1,0.09839420765638351
func-soft-gn,independent,baseline,5007,0,2,64,64,1,0,1,0.022441204637289047
func-soft-gn,independent,baseline,5007,0,2,128,128,1,0,1,0.0037630796432495117
func-soft-gn,independent,baseline,5007,0,2,256,256,1,0,1,0.001410975120961666
func-soft-gn,independent,baseline,5007,0,2,512,512,1,0,1,0.001407284871675074
func-soft-gn,independent,baseline,5007,0,2,1024,1024,1,0,2,0.0014057967346161604
repr-hard-adam,coherent,baseline,5007,0,0,0,0,0,0,0,8.139151573181152
repr-hard-adam,coherent,baseline,5007,0,0,1,1,0,0,0,7.793964862823486
repr-hard-adam,coherent,baseline,5007,0,0,2,2,0,0,0,7.508736610412598
repr-hard-adam,coherent,baseline,5007,0,0,4,4,0,0,0,7.173418045043945
repr-hard-adam,coherent,baseline,5007,0,0,8,8,0,0,0,6.974090576171875
repr-hard-adam,coherent,baseline,5007,0,0,16,16,0,0,0,6.772809982299805
repr-hard-adam,coherent,baseline,5007,0,0,32,32,0,0,0,6.550445556640625
repr-hard-adam,coherent,baseline,5007,0,0,64,64,0,0,0,6.593542098999023
repr-hard-adam,coherent,baseline,5007,0,0,128,128,0,0,0,6.419171333312988
repr-hard-adam,coherent,baseline,5007,0,0,256,256,0,0,0,5.856305122375488
repr-hard-adam,coherent,baseline,5007,0,0,512,512,0,0,0,5.839554786682129
repr-hard-adam,coherent,baseline,5007,0,0,1024,1024,0,0,0,6.476272106170654
repr-hard-adam,independent,baseline,5007,0,0,0,0,0,0,0,8.504547119140625
repr-hard-adam,independent,baseline,5007,0,0,1,1,0,0,0,8.296468734741211
repr-hard-adam,independent,baseline,5007,0,0,2,2,0,0,0,8.133488655090332
repr-hard-adam,independent,baseline,5007,0,0,4,4,0,0,0,7.958133697509766
repr-hard-adam,independent,baseline,5007,0,0,8,8,0,0,0,7.797732830047607
repr-hard-adam,independent,baseline,5007,0,0,16,16,0,0,0,7.628925800323486
repr-hard-adam,independent,baseline,5007,0,0,32,32,0,0,0,7.448744773864746
repr-hard-adam,independent,baseline,5007,0,0,64,64,0,0,0,7.406551361083984
repr-hard-adam,independent,baseline,5007,0,0,128,128,0,0,0,6.868613243103027
repr-hard-adam,independent,baseline,5007,0,0,256,256,0,0,0,6.075225353240967
repr-hard-adam,independent,baseline,5007,0,0,512,512,0,0,0,6.265476226806641
repr-hard-adam,independent,baseline,5007,0,0,1024,1024,0,0,0,7.252131938934326
repr-hard-adam,coherent,baseline,5007,0,1,0,0,0,0,0,8.447578430175781
repr-hard-adam,coherent,baseline,5007,0,1,1,1,0,0,0,7.938750267028809
repr-hard-adam,coherent,baseline,5007,0,1,2,2,0,0,0,7.676682949066162
repr-hard-adam,coherent,baseline,5007,0,1,4,4,0,0,1,7.219642639160156
repr-hard-adam,coherent,baseline,5007,0,1,8,8,0,0,1,6.869993209838867
repr-hard-adam,coherent,baseline,5007,0,1,16,16,0,0,1,6.535871982574463
repr-hard-adam,coherent,baseline,5007,0,1,32,32,0,0,1,4.9255690574646
repr-hard-adam,coherent,baseline,5007,0,1,64,64,0,0,1,3.7386131286621094
repr-hard-adam,coherent,baseline,5007,0,1,128,128,0,0,1,3.329667329788208
repr-hard-adam,coherent,baseline,5007,0,1,256,256,0,0,1,3.5227670669555664
repr-hard-adam,coherent,baseline,5007,0,1,512,512,0,0,1,3.5644748210906982
repr-hard-adam,coherent,baseline,5007,0,1,1024,1024,0,0,1,3.778144598007202
repr-hard-adam,independent,baseline,5007,0,1,0,0,0,0,0,8.24842643737793
repr-hard-adam,independent,baseline,5007,0,1,1,1,0,0,0,7.945286750793457
repr-hard-adam,independent,baseline,5007,0,1,2,2,0,0,0,7.585117340087891
repr-hard-adam,independent,baseline,5007,0,1,4,4,0,0,2,6.440534591674805
repr-hard-adam,independent,baseline,5007,0,1,8,8,0,0,2,4.922363758087158
repr-hard-adam,independent,baseline,5007,0,1,16,16,0,0,2,4.245114803314209
repr-hard-adam,independent,baseline,5007,0,1,32,32,0,0,2,3.9511916637420654
repr-hard-adam,independent,baseline,5007,0,1,64,64,1,0,2,0.04788089543581009
repr-hard-adam,independent,baseline,5007,0,1,128,128,1,0,1,0.01271047256886959
repr-hard-adam,independent,baseline,5007,0,1,256,256,1,0,1,0.007398831658065319
repr-hard-adam,independent,baseline,5007,0,1,512,512,1,0,1,0.006793836131691933
repr-hard-adam,independent,baseline,5007,0,1,1024,1024,1,0,1,0.0037215868942439556
repr-hard-adam,coherent,baseline,5007,0,2,0,0,0,0,0,8.841873168945312
repr-hard-adam,coherent,baseline,5007,0,2,1,1,0,0,0,7.8268303871154785
repr-hard-adam,coherent,baseline,5007,0,2,2,2,0,0,0,7.3233642578125
repr-hard-adam,coherent,baseline,5007,0,2,4,4,0,0,1,6.267961025238037
repr-hard-adam,coherent,baseline,5007,0,2,8,8,0,0,2,5.583166599273682
repr-hard-adam,coherent,baseline,5007,0,2,16,16,0,0,2,5.881700038909912
repr-hard-adam,coherent,baseline,5007,0,2,32,32,0,0,2,5.906093120574951
repr-hard-adam,coherent,baseline,5007,0,2,64,64,0,0,2,6.475367069244385
repr-hard-adam,coherent,baseline,5007,0,2,128,128,0,0,0,7.093788146972656
repr-hard-adam,coherent,baseline,5007,0,2,256,256,0,0,0,7.002533912658691
repr-hard-adam,coherent,baseline,5007,0,2,512,512,0,0,0,7.15830135345459
repr-hard-adam,coherent,baseline,5007,0,2,1024,1024,0,0,1,7.571165084838867
repr-hard-adam,independent,baseline,5007,0,2,0,0,0,0,0,8.42034912109375
repr-hard-adam,independent,baseline,5007,0,2,1,1,0,0,0,7.997224807739258
repr-hard-adam,independent,baseline,5007,0,2,2,2,0,0,0,7.7235002517700195
repr-hard-adam,independent,baseline,5007,0,2,4,4,0,0,0,7.435525894165039
repr-hard-adam,independent,baseline,5007,0,2,8,8,0,0,0,7.343362808227539
repr-hard-adam,independent,baseline,5007,0,2,16,16,0,0,0,7.188434600830078
repr-hard-adam,independent,baseline,5007,0,2,32,32,0,0,0,7.106054782867432
repr-hard-adam,independent,baseline,5007,0,2,64,64,0,0,0,6.896072864532471
repr-hard-adam,independent,baseline,5007,0,2,128,128,0,0,0,6.706797122955322
repr-hard-adam,independent,baseline,5007,0,2,256,256,0,0,0,6.604473114013672
repr-hard-adam,independent,baseline,5007,0,2,512,512,0,0,0,6.779356002807617
repr-hard-adam,independent,baseline,5007,0,2,1024,1024,0,0,0,7.033987998962402
func-hard-gn,coherent,up-0.25,5007,0,0,0,0,0,0,0,8.18735122680664
func-hard-gn,coherent,up-0.25,5007,0,0,1,1,0,0,0,7.841645240783691
func-hard-gn,coherent,up-0.25,5007,0,0,2,2,0,0,0,7.413637638092041
func-hard-gn,coherent,up-0.25,5007,0,0,4,4,0,0,0,1.9350910186767578
func-hard-gn,coherent,up-0.25,5007,0,0,8,8,1,1,0,0.08281679451465607
func-hard-gn,coherent,up-0.25,5007,0,0,16,16,1,1,0,0.008608249947428703
func-hard-gn,coherent,up-0.25,5007,0,0,32,32,1,1,0,0.003592359134927392
func-hard-gn,coherent,up-0.25,5007,0,0,64,64,1,1,0,0.0015802407870069146
func-hard-gn,coherent,up-0.25,5007,0,0,128,128,1,1,0,0.0014485353603959084
func-hard-gn,coherent,up-0.25,5007,0,0,256,256,1,1,0,0.001412347424775362
func-hard-gn,coherent,up-0.25,5007,0,0,512,512,1,1,0,0.001408776268362999
func-hard-gn,coherent,up-0.25,5007,0,0,1024,1024,1,1,0,0.0014071096666157246
func-hard-gn,independent,up-0.25,5007,0,0,0,0,0,0,0,8.593421936035156
func-hard-gn,independent,up-0.25,5007,0,0,1,1,0,0,0,6.867478370666504
func-hard-gn,independent,up-0.25,5007,0,0,2,2,0,0,0,3.249241828918457
func-hard-gn,independent,up-0.25,5007,0,0,4,4,0,0,0,3.1422646045684814
func-hard-gn,independent,up-0.25,5007,0,0,8,8,0,0,0,3.1007068157196045
func-hard-gn,independent,up-0.25,5007,0,0,16,16,0,0,0,3.016554117202759
func-hard-gn,independent,up-0.25,5007,0,0,32,32,1,1,0,0.04454222694039345
func-hard-gn,independent,up-0.25,5007,0,0,64,64,1,1,0,0.014543815515935421
func-hard-gn,independent,up-0.25,5007,0,0,128,128,1,1,0,0.0020958688110113144
func-hard-gn,independent,up-0.25,5007,0,0,256,256,1,0,1,0.0015627434477210045
func-hard-gn,independent,up-0.25,5007,0,0,512,512,1,0,1,0.0015110245440155268
func-hard-gn,independent,up-0.25,5007,0,0,1024,1024,1,0,1,0.0015007281908765435
func-hard-gn,coherent,up-0.25,5007,0,1,0,0,0,0,0,8.334335327148438
func-hard-gn,coherent,up-0.25,5007,0,1,1,1,0,0,0,7.954033851623535
func-hard-gn,coherent,up-0.25,5007,0,1,2,2,0,0,0,7.729386329650879
func-hard-gn,coherent,up-0.25,5007,0,1,4,4,0,0,0,6.6438093185424805
func-hard-gn,coherent,up-0.25,5007,0,1,8,8,0,0,1,4.237818717956543
func-hard-gn,coherent,up-0.25,5007,0,1,16,16,0,0,1,2.2627861499786377
func-hard-gn,coherent,up-0.25,5007,0,1,32,32,1,0,3,0.04708770662546158
func-hard-gn,coherent,up-0.25,5007,0,1,64,64,1,0,4,0.013789428398013115
func-hard-gn,coherent,up-0.25,5007,0,1,128,128,1,1,0,0.0016059490153566003
func-hard-gn,coherent,up-0.25,5007,0,1,256,256,1,1,0,0.0015753608895465732
func-hard-gn,coherent,up-0.25,5007,0,1,512,512,1,1,0,0.0015729209408164024
func-hard-gn,coherent,up-0.25,5007,0,1,1024,1024,1,0,1,0.0015723854303359985
func-hard-gn,independent,up-0.25,5007,0,1,0,0,0,0,0,8.27749252319336
func-hard-gn,independent,up-0.25,5007,0,1,1,1,0,0,0,8.031866073608398
func-hard-gn,independent,up-0.25,5007,0,1,2,2,0,0,0,7.780681610107422
func-hard-gn,independent,up-0.25,5007,0,1,4,4,0,0,0,7.154870986938477
func-hard-gn,independent,up-0.25,5007,0,1,8,8,0,0,1,3.353396415710449
func-hard-gn,independent,up-0.25,5007,0,1,16,16,1,1,0,0.6291494369506836
func-hard-gn,independent,up-0.25,5007,0,1,32,32,1,0,1,0.033362600952386856
func-hard-gn,independent,up-0.25,5007,0,1,64,64,1,1,0,0.002350415103137493
func-hard-gn,independent,up-0.25,5007,0,1,128,128,1,1,0,0.0015530437231063843
func-hard-gn,independent,up-0.25,5007,0,1,256,256,1,1,0,0.0015475091058760881
func-hard-gn,independent,up-0.25,5007,0,1,512,512,1,1,0,0.0015464378520846367
func-hard-gn,independent,up-0.25,5007,0,1,1024,1024,1,1,0,0.0015453069936484098
func-hard-gn,coherent,up-0.25,5007,0,2,0,0,0,0,0,8.850528717041016
func-hard-gn,coherent,up-0.25,5007,0,2,1,1,0,0,0,8.122485160827637
func-hard-gn,coherent,up-0.25,5007,0,2,2,2,0,0,0,6.816246032714844
func-hard-gn,coherent,up-0.25,5007,0,2,4,4,0,0,1,3.1499903202056885
func-hard-gn,coherent,up-0.25,5007,0,2,8,8,0,0,0,1.4735124111175537
func-hard-gn,coherent,up-0.25,5007,0,2,16,16,1,1,0,0.023990528658032417
func-hard-gn,coherent,up-0.25,5007,0,2,32,32,1,1,0,0.002495494671165943
func-hard-gn,coherent,up-0.25,5007,0,2,64,64,1,1,0,0.0015472713857889175
func-hard-gn,coherent,up-0.25,5007,0,2,128,128,1,1,0,0.0015172767452895641
func-hard-gn,coherent,up-0.25,5007,0,2,256,256,1,1,0,0.00151305110193789
func-hard-gn,coherent,up-0.25,5007,0,2,512,512,1,1,0,0.001511027687229216
func-hard-gn,coherent,up-0.25,5007,0,2,1024,1024,1,1,0,0.0015097183641046286
func-hard-gn,independent,up-0.25,5007,0,2,0,0,0,0,0,8.392818450927734
func-hard-gn,independent,up-0.25,5007,0,2,1,1,0,0,0,7.491266250610352
func-hard-gn,independent,up-0.25,5007,0,2,2,2,0,0,0,6.3589067459106445
func-hard-gn,independent,up-0.25,5007,0,2,4,4,0,0,1,4.839480400085449
func-hard-gn,independent,up-0.25,5007,0,2,8,8,0,0,2,3.962362051010132
func-hard-gn,independent,up-0.25,5007,0,2,16,16,0,0,0,3.498652219772339
func-hard-gn,independent,up-0.25,5007,0,2,32,32,1,1,0,0.05864255130290985
func-hard-gn,independent,up-0.25,5007,0,2,64,64,1,1,0,0.02926715649664402
func-hard-gn,independent,up-0.25,5007,0,2,128,128,1,1,0,0.011440079659223557
func-hard-gn,independent,up-0.25,5007,0,2,256,256,1,0,2,0.0015607805689796805
func-hard-gn,independent,up-0.25,5007,0,2,512,512,1,0,2,0.0015303099062293768
func-hard-gn,independent,up-0.25,5007,0,2,1024,1024,1,0,2,0.0015166215598583221
func-soft-adam,coherent,up-0.25,5007,0,0,0,0,0,0,0,8.18735122680664
func-soft-adam,coherent,up-0.25,5007,0,0,1,1,0,0,0,7.851162910461426
func-soft-adam,coherent,up-0.25,5007,0,0,2,2,0,0,0,7.362438201904297
func-soft-adam,coherent,up-0.25,5007,0,0,4,4,0,0,0,1.796133041381836
func-soft-adam,coherent,up-0.25,5007,0,0,8,8,1,0,1,0.0023401975631713867
func-soft-adam,coherent,up-0.25,5007,0,0,16,16,1,1,0,0.02551475539803505
func-soft-adam,coherent,up-0.25,5007,0,0,32,32,1,1,0,0.07497872412204742
func-soft-adam,coherent,up-0.25,5007,0,0,64,64,1,1,0,0.07473491132259369
func-soft-adam,coherent,up-0.25,5007,0,0,128,128,1,1,0,0.005423840135335922
func-soft-adam,coherent,up-0.25,5007,0,0,256,256,1,1,0,0.0024062020238488913
func-soft-adam,coherent,up-0.25,5007,0,0,512,512,1,1,0,0.001889350125566125
func-soft-adam,coherent,up-0.25,5007,0,0,1024,1024,1,1,0,0.0016513533191755414
func-soft-adam,independent,up-0.25,5007,0,0,0,0,0,0,0,8.593421936035156
func-soft-adam,independent,up-0.25,5007,0,0,1,1,0,0,0,3.9466428756713867
func-soft-adam,independent,up-0.25,5007,0,0,2,2,0,0,0,3.165111780166626
func-soft-adam,independent,up-0.25,5007,0,0,4,4,0,0,0,3.1138250827789307
func-soft-adam,independent,up-0.25,5007,0,0,8,8,0,0,1,3.20402455329895
func-soft-adam,independent,up-0.25,5007,0,0,16,16,0,0,1,3.034355401992798
func-soft-adam,independent,up-0.25,5007,0,0,32,32,0,0,2,2.1814069747924805
func-soft-adam,independent,up-0.25,5007,0,0,64,64,1,0,2,0.02909420058131218
func-soft-adam,independent,up-0.25,5007,0,0,128,128,1,0,2,0.0048808930441737175
func-soft-adam,independent,up-0.25,5007,0,0,256,256,1,0,2,0.0026660156436264515
func-soft-adam,independent,up-0.25,5007,0,0,512,512,1,0,2,0.001931290957145393
func-soft-adam,independent,up-0.25,5007,0,0,1024,1024,1,0,3,0.001689317636191845
func-soft-adam,coherent,up-0.25,5007,0,1,0,0,0,0,0,8.334335327148438
func-soft-adam,coherent,up-0.25,5007,0,1,1,1,0,0,0,7.710911750793457
func-soft-adam,coherent,up-0.25,5007,0,1,2,2,0,0,0,6.747543811798096
func-soft-adam,coherent,up-0.25,5007,0,1,4,4,0,0,3,1.80693519115448
func-soft-adam,coherent,up-0.25,5007,0,1,8,8,1,0,2,0.0706433579325676
func-soft-adam,coherent,up-0.25,5007,0,1,16,16,1,1,0,0.14500969648361206
func-soft-adam,coherent,up-0.25,5007,0,1,32,32,1,0,1,0.04347902536392212
func-soft-adam,coherent,up-0.25,5007,0,1,64,64,1,0,2,0.005712371319532394
func-soft-adam,coherent,up-0.25,5007,0,1,128,128,1,0,2,0.0026822034269571304
func-soft-adam,coherent,up-0.25,5007,0,1,256,256,1,0,1,0.0018994539277628064
func-soft-adam,coherent,up-0.25,5007,0,1,512,512,1,1,0,0.0016422485932707787
func-soft-adam,coherent,up-0.25,5007,0,1,1024,1024,1,0,1,0.0015926188789308071
func-soft-adam,independent,up-0.25,5007,0,1,0,0,0,0,0,8.27749252319336
func-soft-adam,independent,up-0.25,5007,0,1,1,1,0,0,0,7.937856674194336
func-soft-adam,independent,up-0.25,5007,0,1,2,2,0,0,0,7.612699508666992
func-soft-adam,independent,up-0.25,5007,0,1,4,4,0,0,0,6.911954879760742
func-soft-adam,independent,up-0.25,5007,0,1,8,8,0,0,4,4.740320205688477
func-soft-adam,independent,up-0.25,5007,0,1,16,16,1,0,7,0.16987553238868713
func-soft-adam,independent,up-0.25,5007,0,1,32,32,1,1,0,0.1272840052843094
func-soft-adam,independent,up-0.25,5007,0,1,64,64,1,1,0,0.02442307025194168
func-soft-adam,independent,up-0.25,5007,0,1,128,128,1,1,0,0.003783420892432332
func-soft-adam,independent,up-0.25,5007,0,1,256,256,1,1,0,0.0022797242272645235
func-soft-adam,independent,up-0.25,5007,0,1,512,512,1,1,0,0.001842523692175746
func-soft-adam,independent,up-0.25,5007,0,1,1024,1024,1,1,0,0.0016421298496425152
func-soft-adam,coherent,up-0.25,5007,0,2,0,0,0,0,0,8.850528717041016
func-soft-adam,coherent,up-0.25,5007,0,2,1,1,0,0,0,7.314146995544434
func-soft-adam,coherent,up-0.25,5007,0,2,2,2,0,0,0,4.78092622756958
func-soft-adam,coherent,up-0.25,5007,0,2,4,4,1,0,5,0.18685674667358398
func-soft-adam,coherent,up-0.25,5007,0,2,8,8,0,0,3,0.8560144901275635
func-soft-adam,coherent,up-0.25,5007,0,2,16,16,1,0,2,0.03918503597378731
func-soft-adam,coherent,up-0.25,5007,0,2,32,32,1,0,1,0.02504502609372139
func-soft-adam,coherent,up-0.25,5007,0,2,64,64,1,1,0,0.005883070174604654
func-soft-adam,coherent,up-0.25,5007,0,2,128,128,1,0,1,0.002801467664539814
func-soft-adam,coherent,up-0.25,5007,0,2,256,256,1,0,1,0.0021884911693632603
func-soft-adam,coherent,up-0.25,5007,0,2,512,512,1,1,0,0.0017848167335614562
func-soft-adam,coherent,up-0.25,5007,0,2,1024,1024,1,1,0,0.001619397895410657
func-soft-adam,independent,up-0.25,5007,0,2,0,0,0,0,0,8.392818450927734
func-soft-adam,independent,up-0.25,5007,0,2,1,1,0,0,0,7.274101257324219
func-soft-adam,independent,up-0.25,5007,0,2,2,2,0,0,0,5.13267183303833
func-soft-adam,independent,up-0.25,5007,0,2,4,4,0,0,5,3.1447319984436035
func-soft-adam,independent,up-0.25,5007,0,2,8,8,0,0,1,3.6923859119415283
func-soft-adam,independent,up-0.25,5007,0,2,16,16,0,0,1,2.818978786468506
func-soft-adam,independent,up-0.25,5007,0,2,32,32,1,0,2,0.22593876719474792
func-soft-adam,independent,up-0.25,5007,0,2,64,64,1,0,1,0.04400505870580673
func-soft-adam,independent,up-0.25,5007,0,2,128,128,1,0,1,0.009001589380204678
func-soft-adam,independent,up-0.25,5007,0,2,256,256,1,0,2,0.0035398618783801794
func-soft-adam,independent,up-0.25,5007,0,2,512,512,1,0,2,0.0021627978421747684
func-soft-adam,independent,up-0.25,5007,0,2,1024,1024,1,0,2,0.0018061073496937752
func-soft-gn,coherent,up-0.25,5007,0,0,0,0,0,0,0,8.18735122680664
func-soft-gn,coherent,up-0.25,5007,0,0,1,1,0,0,0,7.846741676330566
func-soft-gn,coherent,up-0.25,5007,0,0,2,2,0,0,0,7.43038272857666
func-soft-gn,coherent,up-0.25,5007,0,0,4,4,0,0,0,2.090414524078369
func-soft-gn,coherent,up-0.25,5007,0,0,8,8,1,1,0,0.04575686529278755
func-soft-gn,coherent,up-0.25,5007,0,0,16,16,1,1,0,0.055891674011945724
func-soft-gn,coherent,up-0.25,5007,0,0,32,32,1,1,0,0.0585942342877388
func-soft-gn,coherent,up-0.25,5007,0,0,64,64,1,0,1,0.0037686743307858706
func-soft-gn,coherent,up-0.25,5007,0,0,128,128,1,1,0,0.001523704151622951
func-soft-gn,coherent,up-0.25,5007,0,0,256,256,1,1,0,0.0014184184838086367
func-soft-gn,coherent,up-0.25,5007,0,0,512,512,1,1,0,0.0014101453125476837
func-soft-gn,coherent,up-0.25,5007,0,0,1024,1024,1,1,0,0.0014080025721341372
func-soft-gn,independent,up-0.25,5007,0,0,0,0,0,0,0,8.593421936035156
func-soft-gn,independent,up-0.25,5007,0,0,1,1,0,0,0,6.982369422912598
func-soft-gn,independent,up-0.25,5007,0,0,2,2,0,0,0,3.20449161529541
func-soft-gn,independent,up-0.25,5007,0,0,4,4,0,0,0,3.1290876865386963
func-soft-gn,independent,up-0.25,5007,0,0,8,8,0,0,0,3.0349111557006836
func-soft-gn,independent,up-0.25,5007,0,0,16,16,0,0,0,2.952984094619751
func-soft-gn,independent,up-0.25,5007,0,0,32,32,1,1,0,0.08093785494565964
func-soft-gn,independent,up-0.25,5007,0,0,64,64,1,1,0,0.013659748248755932
func-soft-gn,independent,up-0.25,5007,0,0,128,128,1,1,0,0.002491225255653262
func-soft-gn,independent,up-0.25,5007,0,0,256,256,1,1,0,0.0015369143802672625
func-soft-gn,independent,up-0.25,5007,0,0,512,512,1,1,0,0.0015072156675159931
func-soft-gn,independent,up-0.25,5007,0,0,1024,1024,1,1,0,0.0014987047761678696
func-soft-gn,coherent,up-0.25,5007,0,1,0,0,0,0,0,8.334335327148438
func-soft-gn,coherent,up-0.25,5007,0,1,1,1,0,0,0,7.961971282958984
func-soft-gn,coherent,up-0.25,5007,0,1,2,2,0,0,0,7.502589225769043
func-soft-gn,coherent,up-0.25,5007,0,1,4,4,0,0,0,6.336313724517822
func-soft-gn,coherent,up-0.25,5007,0,1,8,8,0,0,2,1.0005738735198975
func-soft-gn,coherent,up-0.25,5007,0,1,16,16,1,0,2,0.3799552917480469
func-soft-gn,coherent,up-0.25,5007,0,1,32,32,1,0,1,0.0131062101572752
func-soft-gn,coherent,up-0.25,5007,0,1,64,64,1,0,1,0.005695006810128689
func-soft-gn,coherent,up-0.25,5007,0,1,128,128,1,1,0,0.0015808953903615475
func-soft-gn,coherent,up-0.25,5007,0,1,256,256,1,1,0,0.0015749443555250764
func-soft-gn,coherent,up-0.25,5007,0,1,512,512,1,0,1,0.0015728615690022707
func-soft-gn,coherent,up-0.25,5007,0,1,1024,1024,1,0,1,0.0015721473610028625
func-soft-gn,independent,up-0.25,5007,0,1,0,0,0,0,0,8.27749252319336
func-soft-gn,independent,up-0.25,5007,0,1,1,1,0,0,0,8.037692070007324
func-soft-gn,independent,up-0.25,5007,0,1,2,2,0,0,0,7.790585517883301
func-soft-gn,independent,up-0.25,5007,0,1,4,4,0,0,0,7.160060405731201
func-soft-gn,independent,up-0.25,5007,0,1,8,8,0,0,1,3.1108062267303467
func-soft-gn,independent,up-0.25,5007,0,1,16,16,1,0,1,0.19315047562122345
func-soft-gn,independent,up-0.25,5007,0,1,32,32,1,1,0,0.007986574433743954
func-soft-gn,independent,up-0.25,5007,0,1,64,64,1,1,0,0.003804171923547983
func-soft-gn,independent,up-0.25,5007,0,1,128,128,1,1,0,0.0015516749117523432
func-soft-gn,independent,up-0.25,5007,0,1,256,256,1,1,0,0.001548937289044261
func-soft-gn,independent,up-0.25,5007,0,1,512,512,1,1,0,0.0015472114318981767
func-soft-gn,independent,up-0.25,5007,0,1,1024,1024,1,1,0,0.0015458426205441356
func-soft-gn,coherent,up-0.25,5007,0,2,0,0,0,0,0,8.850528717041016
func-soft-gn,coherent,up-0.25,5007,0,2,1,1,0,0,0,8.162357330322266
func-soft-gn,coherent,up-0.25,5007,0,2,2,2,0,0,0,7.041019439697266
func-soft-gn,coherent,up-0.25,5007,0,2,4,4,0,0,2,1.750811219215393
func-soft-gn,coherent,up-0.25,5007,0,2,8,8,1,0,3,0.24490559101104736
func-soft-gn,coherent,up-0.25,5007,0,2,16,16,1,0,1,0.06901517510414124
func-soft-gn,coherent,up-0.25,5007,0,2,32,32,1,0,1,0.023267395794391632
func-soft-gn,coherent,up-0.25,5007,0,2,64,64,1,1,0,0.009613334201276302
func-soft-gn,coherent,up-0.25,5007,0,2,128,128,1,0,1,0.0021667752880603075
func-soft-gn,coherent,up-0.25,5007,0,2,256,256,1,0,1,0.001535130781121552
func-soft-gn,coherent,up-0.25,5007,0,2,512,512,1,1,0,0.0015183479990810156
func-soft-gn,coherent,up-0.25,5007,0,2,1024,1024,1,1,0,0.001513170194812119
func-soft-gn,independent,up-0.25,5007,0,2,0,0,0,0,0,8.392818450927734
func-soft-gn,independent,up-0.25,5007,0,2,1,1,0,0,0,7.511046409606934
func-soft-gn,independent,up-0.25,5007,0,2,2,2,0,0,1,4.708192348480225
func-soft-gn,independent,up-0.25,5007,0,2,4,4,0,0,0,4.385494232177734
func-soft-gn,independent,up-0.25,5007,0,2,8,8,0,0,0,4.220921993255615
func-soft-gn,independent,up-0.25,5007,0,2,16,16,0,0,0,3.8653976917266846
func-soft-gn,independent,up-0.25,5007,0,2,32,32,1,0,1,0.04970517009496689
func-soft-gn,independent,up-0.25,5007,0,2,64,64,1,0,1,0.04412060230970383
func-soft-gn,independent,up-0.25,5007,0,2,128,128,1,1,0,0.002844381146132946
func-soft-gn,independent,up-0.25,5007,0,2,256,256,1,0,1,0.001700325170531869
func-soft-gn,independent,up-0.25,5007,0,2,512,512,1,0,2,0.0015376897063106298
func-soft-gn,independent,up-0.25,5007,0,2,1024,1024,1,0,2,0.0015195377636700869
repr-hard-adam,coherent,up-0.25,5007,0,0,0,0,0,0,0,8.18735122680664
repr-hard-adam,coherent,up-0.25,5007,0,0,1,1,0,0,0,7.977610111236572
repr-hard-adam,coherent,up-0.25,5007,0,0,2,2,0,0,0,7.800807952880859
repr-hard-adam,coherent,up-0.25,5007,0,0,4,4,0,0,0,7.414703369140625
repr-hard-adam,coherent,up-0.25,5007,0,0,8,8,0,0,0,6.680606842041016
repr-hard-adam,coherent,up-0.25,5007,0,0,16,16,0,0,0,2.283738136291504
repr-hard-adam,coherent,up-0.25,5007,0,0,32,32,1,1,0,0.004234406165778637
repr-hard-adam,coherent,up-0.25,5007,0,0,64,64,1,1,0,0.008891278877854347
repr-hard-adam,coherent,up-0.25,5007,0,0,128,128,1,1,0,0.0037374503444880247
repr-hard-adam,coherent,up-0.25,5007,0,0,256,256,1,1,0,0.0039841365069150925
repr-hard-adam,coherent,up-0.25,5007,0,0,512,512,1,1,0,0.0026217661798000336
repr-hard-adam,coherent,up-0.25,5007,0,0,1024,1024,1,1,0,0.002257517771795392
repr-hard-adam,independent,up-0.25,5007,0,0,0,0,0,0,0,8.593421936035156
repr-hard-adam,independent,up-0.25,5007,0,0,1,1,0,0,0,6.904051780700684
repr-hard-adam,independent,up-0.25,5007,0,0,2,2,0,0,0,4.326703071594238
repr-hard-adam,independent,up-0.25,5007,0,0,4,4,0,0,0,3.029820680618286
repr-hard-adam,independent,up-0.25,5007,0,0,8,8,0,0,0,2.9399359226226807
repr-hard-adam,independent,up-0.25,5007,0,0,16,16,0,0,0,2.8170320987701416
repr-hard-adam,independent,up-0.25,5007,0,0,32,32,0,0,0,2.7235915660858154
repr-hard-adam,independent,up-0.25,5007,0,0,64,64,0,0,0,2.675786256790161
repr-hard-adam,independent,up-0.25,5007,0,0,128,128,0,0,0,2.621157169342041
repr-hard-adam,independent,up-0.25,5007,0,0,256,256,0,0,1,2.579925775527954
repr-hard-adam,independent,up-0.25,5007,0,0,512,512,0,0,1,2.58888840675354
repr-hard-adam,independent,up-0.25,5007,0,0,1024,1024,0,0,3,2.567678213119507
repr-hard-adam,coherent,up-0.25,5007,0,1,0,0,0,0,0,8.334335327148438
repr-hard-adam,coherent,up-0.25,5007,0,1,1,1,0,0,0,8.049238204956055
repr-hard-adam,coherent,up-0.25,5007,0,1,2,2,0,0,0,7.945278167724609
repr-hard-adam,coherent,up-0.25,5007,0,1,4,4,0,0,0,7.829845905303955
repr-hard-adam,coherent,up-0.25,5007,0,1,8,8,0,0,0,7.5854692459106445
repr-hard-adam,coherent,up-0.25,5007,0,1,16,16,0,0,1,4.264923572540283
repr-hard-adam,coherent,up-0.25,5007,0,1,32,32,0,0,0,4.051115036010742
repr-hard-adam,coherent,up-0.25,5007,0,1,64,64,0,0,0,3.9404044151306152
repr-hard-adam,coherent,up-0.25,5007,0,1,128,128,0,0,0,3.802046298980713
repr-hard-adam,coherent,up-0.25,5007,0,1,256,256,0,0,1,1.6446956396102905
repr-hard-adam,coherent,up-0.25,5007,0,1,512,512,1,0,2,0.06303124129772186
repr-hard-adam,coherent,up-0.25,5007,0,1,1024,1024,1,0,3,0.061130180954933167
repr-hard-adam,independent,up-0.25,5007,0,1,0,0,0,0,0,8.27749252319336
repr-hard-adam,independent,up-0.25,5007,0,1,1,1,0,0,0,8.104522705078125
repr-hard-adam,independent,up-0.25,5007,0,1,2,2,0,0,0,8.030248641967773
repr-hard-adam,independent,up-0.25,5007,0,1,4,4,0,0,0,7.946407318115234
repr-hard-adam,independent,up-0.25,5007,0,1,8,8,0,0,0,7.860197067260742
repr-hard-adam,independent,up-0.25,5007,0,1,16,16,0,0,0,7.755466938018799
repr-hard-adam,independent,up-0.25,5007,0,1,32,32,0,0,0,5.584675312042236
repr-hard-adam,independent,up-0.25,5007,0,1,64,64,0,0,0,4.002384662628174
repr-hard-adam,independent,up-0.25,5007,0,1,128,128,0,0,0,3.9448134899139404
repr-hard-adam,independent,up-0.25,5007,0,1,256,256,0,0,1,3.934805154800415
repr-hard-adam,independent,up-0.25,5007,0,1,512,512,0,0,1,3.9591047763824463
repr-hard-adam,independent,up-0.25,5007,0,1,1024,1024,0,0,3,4.077907085418701
repr-hard-adam,coherent,up-0.25,5007,0,2,0,0,0,0,0,8.850528717041016
repr-hard-adam,coherent,up-0.25,5007,0,2,1,1,0,0,0,8.202558517456055
repr-hard-adam,coherent,up-0.25,5007,0,2,2,2,0,0,0,7.782767295837402
repr-hard-adam,coherent,up-0.25,5007,0,2,4,4,0,0,0,7.251717567443848
repr-hard-adam,coherent,up-0.25,5007,0,2,8,8,0,0,0,6.984917640686035
repr-hard-adam,coherent,up-0.25,5007,0,2,16,16,0,0,0,6.743168830871582
repr-hard-adam,coherent,up-0.25,5007,0,2,32,32,0,0,0,6.658493518829346
repr-hard-adam,coherent,up-0.25,5007,0,2,64,64,0,0,0,6.713893890380859
repr-hard-adam,coherent,up-0.25,5007,0,2,128,128,0,0,0,6.80156135559082
repr-hard-adam,coherent,up-0.25,5007,0,2,256,256,0,0,1,6.78150749206543
repr-hard-adam,coherent,up-0.25,5007,0,2,512,512,0,0,1,6.9442667961120605
repr-hard-adam,coherent,up-0.25,5007,0,2,1024,1024,0,0,4,6.628873825073242
repr-hard-adam,independent,up-0.25,5007,0,2,0,0,0,0,0,8.392818450927734
repr-hard-adam,independent,up-0.25,5007,0,2,1,1,0,0,0,7.967912673950195
repr-hard-adam,independent,up-0.25,5007,0,2,2,2,0,0,0,7.690480709075928
repr-hard-adam,independent,up-0.25,5007,0,2,4,4,0,0,0,7.3831682205200195
repr-hard-adam,independent,up-0.25,5007,0,2,8,8,0,0,0,7.204063415527344
repr-hard-adam,independent,up-0.25,5007,0,2,16,16,0,0,0,6.98386812210083
repr-hard-adam,independent,up-0.25,5007,0,2,32,32,0,0,0,6.879465103149414
repr-hard-adam,independent,up-0.25,5007,0,2,64,64,0,0,0,7.1174092292785645
repr-hard-adam,independent,up-0.25,5007,0,2,128,128,0,0,0,7.080533504486084
repr-hard-adam,independent,up-0.25,5007,0,2,256,256,0,0,1,7.020927429199219
repr-hard-adam,independent,up-0.25,5007,0,2,512,512,0,0,1,6.989756107330322
repr-hard-adam,independent,up-0.25,5007,0,2,1024,1024,0,0,2,7.065812110900879
func-hard-gn,coherent,baseline,5007,1,0,0,0,0,0,0,7.902475357055664
func-hard-gn,coherent,baseline,5007,1,0,1,1,0,0,0,7.5256757736206055
func-hard-gn,coherent,baseline,5007,1,0,2,2,0,0,0,7.1169209480285645
func-hard-gn,coherent,baseline,5007,1,0,4,4,0,0,0,6.137809753417969
func-hard-gn,coherent,baseline,5007,1,0,8,8,0,0,0,3.3712940216064453
func-hard-gn,coherent,baseline,5007,1,0,16,16,0,0,1,1.4097754955291748
func-hard-gn,coherent,baseline,5007,1,0,32,32,1,1,0,0.6015141010284424
func-hard-gn,coherent,baseline,5007,1,0,64,64,1,1,0,0.11567796766757965
func-hard-gn,coherent,baseline,5007,1,0,128,128,1,0,1,0.020440086722373962
func-hard-gn,coherent,baseline,5007,1,0,256,256,1,1,0,0.0025912271812558174
func-hard-gn,coherent,baseline,5007,1,0,512,512,1,1,0,0.002067393157631159
func-hard-gn,coherent,baseline,5007,1,0,1024,1024,1,1,0,0.002033845754340291
func-hard-gn,independent,baseline,5007,1,0,0,0,0,0,0,7.8574419021606445
func-hard-gn,independent,baseline,5007,1,0,1,1,0,0,0,7.513375282287598
func-hard-gn,independent,baseline,5007,1,0,2,2,0,0,0,7.091496467590332
func-hard-gn,independent,baseline,5007,1,0,4,4,0,0,0,5.721912384033203
func-hard-gn,independent,baseline,5007,1,0,8,8,0,0,0,3.736226797103882
func-hard-gn,independent,baseline,5007,1,0,16,16,0,0,0,2.806184768676758
func-hard-gn,independent,baseline,5007,1,0,32,32,0,0,0,1.9224141836166382
func-hard-gn,independent,baseline,5007,1,0,64,64,0,0,0,0.9592524170875549
func-hard-gn,independent,baseline,5007,1,0,128,128,1,0,1,0.03382604941725731
func-hard-gn,independent,baseline,5007,1,0,256,256,1,1,0,0.002988936845213175
func-hard-gn,independent,baseline,5007,1,0,512,512,1,1,0,0.0021175879519432783
func-hard-gn,independent,baseline,5007,1,0,1024,1024,1,1,0,0.0021077143028378487
func-hard-gn,coherent,baseline,5007,1,1,0,0,0,0,0,8.683942794799805
func-hard-gn,coherent,baseline,5007,1,1,1,1,0,0,0,8.22904109954834
func-hard-gn,coherent,baseline,5007,1,1,2,2,0,0,0,7.664969444274902
func-hard-gn,coherent,baseline,5007,1,1,4,4,0,0,0,5.961671829223633
func-hard-gn,coherent,baseline,5007,1,1,8,8,0,0,1,2.7756667137145996
func-hard-gn,coherent,baseline,5007,1,1,16,16,0,0,0,2.3428826332092285
func-hard-gn,coherent,baseline,5007,1,1,32,32,0,0,0,1.3877713680267334
func-hard-gn,coherent,baseline,5007,1,1,64,64,1,0,2,0.22652320563793182
func-hard-gn,coherent,baseline,5007,1,1,128,128,1,0,1,0.04071274399757385
func-hard-gn,coherent,baseline,5007,1,1,256,256,1,0,1,0.002507016994059086
func-hard-gn,coherent,baseline,5007,1,1,512,512,1,0,1,0.0021857554093003273
func-hard-gn,coherent,baseline,5007,1,1,1024,1024,1,0,1,0.0021165248472243547
func-hard-gn,independent,baseline,5007,1,1,0,0,0,0,0,8.42271614074707
func-hard-gn,independent,baseline,5007,1,1,1,1,0,0,0,8.089518547058105
func-hard-gn,independent,baseline,5007,1,1,2,2,0,0,0,7.689892768859863
func-hard-gn,independent,baseline,5007,1,1,4,4,0,0,0,6.490564346313477
func-hard-gn,independent,baseline,5007,1,1,8,8,0,0,2,4.384496688842773
func-hard-gn,independent,baseline,5007,1,1,16,16,0,0,0,3.9060614109039307
func-hard-gn,independent,baseline,5007,1,1,32,32,0,0,1,2.152374267578125
func-hard-gn,independent,baseline,5007,1,1,64,64,0,0,0,1.3505128622055054
func-hard-gn,independent,baseline,5007,1,1,128,128,1,0,2,0.18689462542533875
func-hard-gn,independent,baseline,5007,1,1,256,256,1,0,2,0.0059296125546097755
func-hard-gn,independent,baseline,5007,1,1,512,512,1,1,0,0.0029247021302580833
func-hard-gn,independent,baseline,5007,1,1,1024,1024,1,0,1,0.002801069524139166
func-hard-gn,coherent,baseline,5007,1,2,0,0,0,0,0,7.823437213897705
func-hard-gn,coherent,baseline,5007,1,2,1,1,0,0,0,7.54909610748291
func-hard-gn,coherent,baseline,5007,1,2,2,2,0,0,0,7.195331573486328
func-hard-gn,coherent,baseline,5007,1,2,4,4,0,0,0,6.024724006652832
func-hard-gn,coherent,baseline,5007,1,2,8,8,0,0,3,2.7761595249176025
func-hard-gn,coherent,baseline,5007,1,2,16,16,0,0,2,1.6397755146026611
func-hard-gn,coherent,baseline,5007,1,2,32,32,0,0,1,1.0738465785980225
func-hard-gn,coherent,baseline,5007,1,2,64,64,1,1,0,0.2704458236694336
func-hard-gn,coherent,baseline,5007,1,2,128,128,1,0,1,0.01579790934920311
func-hard-gn,coherent,baseline,5007,1,2,256,256,1,0,2,0.003132676240056753
func-hard-gn,coherent,baseline,5007,1,2,512,512,1,0,2,0.002817470347508788
func-hard-gn,coherent,baseline,5007,1,2,1024,1024,1,0,2,0.0027807988226413727
func-hard-gn,independent,baseline,5007,1,2,0,0,0,0,0,8.28886604309082
func-hard-gn,independent,baseline,5007,1,2,1,1,0,0,0,8.077136039733887
func-hard-gn,independent,baseline,5007,1,2,2,2,0,0,0,7.852052688598633
func-hard-gn,independent,baseline,5007,1,2,4,4,0,0,0,7.321455955505371
func-hard-gn,independent,baseline,5007,1,2,8,8,0,0,1,5.288646221160889
func-hard-gn,independent,baseline,5007,1,2,16,16,0,0,3,3.2044153213500977
func-hard-gn,independent,baseline,5007,1,2,32,32,0,0,1,2.0343382358551025
func-hard-gn,independent,baseline,5007,1,2,64,64,0,0,1,1.3091646432876587
func-hard-gn,independent,baseline,5007,1,2,128,128,1,0,4,0.22876004874706268
func-hard-gn,independent,baseline,5007,1,2,256,256,1,0,1,0.00785088911652565
func-hard-gn,independent,baseline,5007,1,2,512,512,1,0,1,0.0031121233478188515
func-hard-gn,independent,baseline,5007,1,2,1024,1024,1,0,1,0.002876371145248413
func-soft-adam,coherent,baseline,5007,1,0,0,0,0,0,0,7.902475357055664
func-soft-adam,coherent,baseline,5007,1,0,1,1,0,0,0,7.659913063049316
func-soft-adam,coherent,baseline,5007,1,0,2,2,0,0,0,7.4003190994262695
func-soft-adam,coherent,baseline,5007,1,0,4,4,0,0,0,6.819581031799316
func-soft-adam,coherent,baseline,5007,1,0,8,8,0,0,0,5.308789253234863
func-soft-adam,coherent,baseline,5007,1,0,16,16,0,0,2,1.1068733930587769
func-soft-adam,coherent,baseline,5007,1,0,32,32,1,0,1,0.5053122043609619
func-soft-adam,coherent,baseline,5007,1,0,64,64,1,0,1,0.2929725646972656
func-soft-adam,coherent,baseline,5007,1,0,128,128,1,1,0,0.11167298257350922
func-soft-adam,coherent,baseline,5007,1,0,256,256,1,1,0,0.08784165978431702
func-soft-adam,coherent,baseline,5007,1,0,512,512,1,1,0,0.0026420573703944683
func-soft-adam,coherent,baseline,5007,1,0,1024,1024,1,1,0,0.002279480919241905
func-soft-adam,independent,baseline,5007,1,0,0,0,0,0,0,7.8574419021606445
func-soft-adam,independent,baseline,5007,1,0,1,1,0,0,0,7.623994827270508
func-soft-adam,independent,baseline,5007,1,0,2,2,0,0,0,7.354311943054199
func-soft-adam,independent,baseline,5007,1,0,4,4,0,0,0,6.6562652587890625
func-soft-adam,independent,baseline,5007,1,0,8,8,0,0,1,4.091437816619873
func-soft-adam,independent,baseline,5007,1,0,16,16,0,0,2,2.841007709503174
func-soft-adam,independent,baseline,5007,1,0,32,32,0,0,2,1.9119501113891602
func-soft-adam,independent,baseline,5007,1,0,64,64,0,0,0,1.0867950916290283
func-soft-adam,independent,baseline,5007,1,0,128,128,0,0,0,0.847642719745636
func-soft-adam,independent,baseline,5007,1,0,256,256,1,1,0,0.22800171375274658
func-soft-adam,independent,baseline,5007,1,0,512,512,1,1,0,0.007856424897909164
func-soft-adam,independent,baseline,5007,1,0,1024,1024,1,1,0,0.002683038357645273
func-soft-adam,coherent,baseline,5007,1,1,0,0,0,0,0,8.683942794799805
func-soft-adam,coherent,baseline,5007,1,1,1,1,0,0,0,8.340989112854004
func-soft-adam,coherent,baseline,5007,1,1,2,2,0,0,0,7.954820156097412
func-soft-adam,coherent,baseline,5007,1,1,4,4,0,0,0,6.977474212646484
func-soft-adam,coherent,baseline,5007,1,1,8,8,0,0,0,4.063384056091309
func-soft-adam,coherent,baseline,5007,1,1,16,16,1,0,7,0.2456395924091339
func-soft-adam,coherent,baseline,5007,1,1,32,32,0,0,2,0.5974119901657104
func-soft-adam,coherent,baseline,5007,1,1,64,64,1,0,2,0.36739224195480347
func-soft-adam,coherent,baseline,5007,1,1,128,128,1,0,2,0.3067595362663269
func-soft-adam,coherent,baseline,5007,1,1,256,256,1,1,0,0.1078805923461914
func-soft-adam,coherent,baseline,5007,1,1,512,512,1,1,0,0.1446893811225891
func-soft-adam,coherent,baseline,5007,1,1,1024,1024,1,0,3,0.003690756857395172
func-soft-adam,independent,baseline,5007,1,1,0,0,0,0,0,8.42271614074707
func-soft-adam,independent,baseline,5007,1,1,1,1,0,0,0,8.172574043273926
func-soft-adam,independent,baseline,5007,1,1,2,2,0,0,0,7.900729179382324
func-soft-adam,independent,baseline,5007,1,1,4,4,0,0,0,7.246483325958252
func-soft-adam,independent,baseline,5007,1,1,8,8,0,0,0,5.293696880340576
func-soft-adam,independent,baseline,5007,1,1,16,16,0,0,7,2.516664743423462
func-soft-adam,independent,baseline,5007,1,1,32,32,0,0,0,1.9253172874450684
func-soft-adam,independent,baseline,5007,1,1,64,64,0,0,1,0.9934802055358887
func-soft-adam,independent,baseline,5007,1,1,128,128,1,0,1,0.6868100166320801
func-soft-adam,independent,baseline,5007,1,1,256,256,1,0,2,0.09914102405309677
func-soft-adam,independent,baseline,5007,1,1,512,512,1,0,3,0.04170959070324898
func-soft-adam,independent,baseline,5007,1,1,1024,1024,1,0,4,0.0038762397598475218
func-soft-adam,coherent,baseline,5007,1,2,0,0,0,0,0,7.823437213897705
func-soft-adam,coherent,baseline,5007,1,2,1,1,0,0,0,7.652894020080566
func-soft-adam,coherent,baseline,5007,1,2,2,2,0,0,0,7.4630656242370605
func-soft-adam,coherent,baseline,5007,1,2,4,4,0,0,0,7.004273414611816
func-soft-adam,coherent,baseline,5007,1,2,8,8,0,0,0,5.649430274963379
func-soft-adam,coherent,baseline,5007,1,2,16,16,0,0,3,1.2550277709960938
func-soft-adam,coherent,baseline,5007,1,2,32,32,1,0,3,0.09565604478120804
func-soft-adam,coherent,baseline,5007,1,2,64,64,1,0,3,0.26043301820755005
func-soft-adam,coherent,baseline,5007,1,2,128,128,1,0,3,0.225613534450531
func-soft-adam,coherent,baseline,5007,1,2,256,256,1,0,3,0.1451880931854248
func-soft-adam,coherent,baseline,5007,1,2,512,512,1,0,1,0.0038750688545405865
func-soft-adam,coherent,baseline,5007,1,2,1024,1024,1,0,1,0.003193037584424019
func-soft-adam,independent,baseline,5007,1,2,0,0,0,0,0,8.28886604309082
func-soft-adam,independent,baseline,5007,1,2,1,1,0,0,0,8.154623031616211
func-soft-adam,independent,baseline,5007,1,2,2,2,0,0,0,8.017616271972656
func-soft-adam,independent,baseline,5007,1,2,4,4,0,0,0,7.732741355895996
func-soft-adam,independent,baseline,5007,1,2,8,8,0,0,0,7.096709251403809
func-soft-adam,independent,baseline,5007,1,2,16,16,0,0,1,5.309915542602539
func-soft-adam,independent,baseline,5007,1,2,32,32,0,0,3,2.040283203125
func-soft-adam,independent,baseline,5007,1,2,64,64,0,0,3,1.046288251876831
func-soft-adam,independent,baseline,5007,1,2,128,128,1,0,3,0.9014015793800354
func-soft-adam,independent,baseline,5007,1,2,256,256,0,0,2,0.49490782618522644
func-soft-adam,independent,baseline,5007,1,2,512,512,1,0,2,0.008490423671901226
func-soft-adam,independent,baseline,5007,1,2,1024,1024,1,0,2,0.005176302045583725
func-soft-gn,coherent,baseline,5007,1,0,0,0,0,0,0,7.902475357055664
func-soft-gn,coherent,baseline,5007,1,0,1,1,0,0,0,7.544342041015625
func-soft-gn,coherent,baseline,5007,1,0,2,2,0,0,0,7.157055854797363
func-soft-gn,coherent,baseline,5007,1,0,4,4,0,0,0,6.237222671508789
func-soft-gn,coherent,baseline,5007,1,0,8,8,0,0,1,2.658273220062256
func-soft-gn,coherent,baseline,5007,1,0,16,16,1,0,2,0.26354876160621643
func-soft-gn,coherent,baseline,5007,1,0,32,32,1,0,1,0.23498418927192688
func-soft-gn,coherent,baseline,5007,1,0,64,64,1,0,1,0.10458949208259583
func-soft-gn,coherent,baseline,5007,1,0,128,128,1,0,2,0.033942341804504395
func-soft-gn,coherent,baseline,5007,1,0,256,256,1,1,0,0.002671457827091217
func-soft-gn,coherent,baseline,5007,1,0,512,512,1,1,0,0.002071675844490528
func-soft-gn,coherent,baseline,5007,1,0,1024,1024,1,1,0,0.002037176862359047
func-soft-gn,independent,baseline,5007,1,0,0,0,0,0,0,7.8574419021606445
func-soft-gn,independent,baseline,5007,1,0,1,1,0,0,0,7.531271934509277
func-soft-gn,independent,baseline,5007,1,0,2,2,0,0,0,7.144447326660156
func-soft-gn,independent,baseline,5007,1,0,4,4,0,0,0,6.006363391876221
func-soft-gn,independent,baseline,5007,1,0,8,8,0,0,2,3.347568988800049
func-soft-gn,independent,baseline,5007,1,0,16,16,0,0,0,2.488050937652588
func-soft-gn,independent,baseline,5007,1,0,32,32,0,0,1,1.2885791063308716
func-soft-gn,independent,baseline,5007,1,0,64,64,1,0,1,0.3266574442386627
func-soft-gn,independent,baseline,5007,1,0,128,128,1,1,0,0.029385533183813095
func-soft-gn,independent,baseline,5007,1,0,256,256,1,1,0,0.007659489288926125
func-soft-gn,independent,baseline,5007,1,0,512,512,1,1,0,0.002174982102587819
func-soft-gn,independent,baseline,5007,1,0,1024,1024,1,1,0,0.0021124728955328465
func-soft-gn,coherent,baseline,5007,1,1,0,0,0,0,0,8.683942794799805
func-soft-gn,coherent,baseline,5007,1,1,1,1,0,0,0,8.243435859680176
func-soft-gn,coherent,baseline,5007,1,1,2,2,0,0,0,7.70084810256958
func-soft-gn,coherent,baseline,5007,1,1,4,4,0,0,0,6.0804524421691895
func-soft-gn,coherent,baseline,5007,1,1,8,8,0,0,6,0.9520277976989746
func-soft-gn,coherent,baseline,5007,1,1,16,16,0,0,4,0.8115333914756775
func-soft-gn,coherent,baseline,5007,1,1,32,32,0,0,1,0.6156210899353027
func-soft-gn,coherent,baseline,5007,1,1,64,64,1,0,1,0.27312153577804565
func-soft-gn,coherent,baseline,5007,1,1,128,128,1,0,1,0.048721008002758026
func-soft-gn,coherent,baseline,5007,1,1,256,256,1,0,1,0.0025844774208962917
func-soft-gn,coherent,baseline,5007,1,1,512,512,1,1,0,0.002197412308305502
func-soft-gn,coherent,baseline,5007,1,1,1024,1024,1,1,0,0.0021321082022041082
func-soft-gn,independent,baseline,5007,1,1,0,0,0,0,0,8.42271614074707
func-soft-gn,independent,baseline,5007,1,1,1,1,0,0,0,8.10336685180664
func-soft-gn,independent,baseline,5007,1,1,2,2,0,0,0,7.723776817321777
func-soft-gn,independent,baseline,5007,1,1,4,4,0,0,0,6.5988311767578125
func-soft-gn,independent,baseline,5007,1,1,8,8,0,0,6,2.863919258117676
func-soft-gn,independent,baseline,5007,1,1,16,16,0,0,4,2.548262119293213
func-soft-gn,independent,baseline,5007,1,1,32,32,0,0,4,1.1499003171920776
func-soft-gn,independent,baseline,5007,1,1,64,64,1,0,3,0.2841763496398926
func-soft-gn,independent,baseline,5007,1,1,128,128,1,0,3,0.06412141025066376
func-soft-gn,independent,baseline,5007,1,1,256,256,1,0,3,0.0053501552902162075
func-soft-gn,independent,baseline,5007,1,1,512,512,1,0,1,0.002955404343083501
func-soft-gn,independent,baseline,5007,1,1,1024,1024,1,1,0,0.0028329710476100445
func-soft-gn,coherent,baseline,5007,1,2,0,0,0,0,0,7.823437213897705
func-soft-gn,coherent,baseline,5007,1,2,1,1,0,0,0,7.556357383728027
func-soft-gn,coherent,baseline,5007,1,2,2,2,0,0,0,7.215122222900391
func-soft-gn,coherent,baseline,5007,1,2,4,4,0,0,0,6.099578857421875
func-soft-gn,coherent,baseline,5007,1,2,8,8,0,0,3,1.204726219177246
func-soft-gn,coherent,baseline,5007,1,2,16,16,1,0,3,0.2599804699420929
func-soft-gn,coherent,baseline,5007,1,2,32,32,1,0,1,0.21228231489658356
func-soft-gn,coherent,baseline,5007,1,2,64,64,1,0,1,0.029699359089136124
func-soft-gn,coherent,baseline,5007,1,2,128,128,1,1,0,0.003958331886678934
func-soft-gn,coherent,baseline,5007,1,2,256,256,1,1,0,0.0030222702771425247
func-soft-gn,coherent,baseline,5007,1,2,512,512,1,0,1,0.0027778269723057747
func-soft-gn,coherent,baseline,5007,1,2,1024,1024,1,0,1,0.0027542889583855867
func-soft-gn,independent,baseline,5007,1,2,0,0,0,0,0,8.28886604309082
func-soft-gn,independent,baseline,5007,1,2,1,1,0,0,0,8.077286720275879
func-soft-gn,independent,baseline,5007,1,2,2,2,0,0,0,7.852239608764648
func-soft-gn,independent,baseline,5007,1,2,4,4,0,0,0,7.322446823120117
func-soft-gn,independent,baseline,5007,1,2,8,8,0,0,1,5.329438209533691
func-soft-gn,independent,baseline,5007,1,2,16,16,0,0,3,1.665668249130249
func-soft-gn,independent,baseline,5007,1,2,32,32,0,0,3,0.9662106037139893
func-soft-gn,independent,baseline,5007,1,2,64,64,1,0,3,0.20136293768882751
func-soft-gn,independent,baseline,5007,1,2,128,128,1,0,2,0.05776254087686539
func-soft-gn,independent,baseline,5007,1,2,256,256,1,0,1,0.004096180200576782
func-soft-gn,independent,baseline,5007,1,2,512,512,1,0,1,0.003167056944221258
func-soft-gn,independent,baseline,5007,1,2,1024,1024,1,0,1,0.0030572451651096344
repr-hard-adam,coherent,baseline,5007,1,0,0,0,0,0,0,7.902475357055664
repr-hard-adam,coherent,baseline,5007,1,0,1,1,0,0,0,7.659913063049316
repr-hard-adam,coherent,baseline,5007,1,0,2,2,0,0,0,7.400318145751953
repr-hard-adam,coherent,baseline,5007,1,0,4,4,0,0,0,7.303593635559082
repr-hard-adam,coherent,baseline,5007,1,0,8,8,0,0,0,7.4443864822387695
repr-hard-adam,coherent,baseline,5007,1,0,16,16,0,0,0,7.559683799743652
repr-hard-adam,coherent,baseline,5007,1,0,32,32,0,0,0,7.527329921722412
repr-hard-adam,coherent,baseline,5007,1,0,64,64,0,0,0,7.38723087310791
repr-hard-adam,coherent,baseline,5007,1,0,128,128,0,0,0,7.311184883117676
repr-hard-adam,coherent,baseline,5007,1,0,256,256,0,0,0,7.138155937194824
repr-hard-adam,coherent,baseline,5007,1,0,512,512,0,0,0,7.003081321716309
repr-hard-adam,coherent,baseline,5007,1,0,1024,1024,0,0,0,7.05561637878418
repr-hard-adam,independent,baseline,5007,1,0,0,0,0,0,0,7.8574419021606445
repr-hard-adam,independent,baseline,5007,1,0,1,1,0,0,0,7.623994827270508
repr-hard-adam,independent,baseline,5007,1,0,2,2,0,0,0,7.354311943054199
repr-hard-adam,independent,baseline,5007,1,0,4,4,0,0,0,7.238668441772461
repr-hard-adam,independent,baseline,5007,1,0,8,8,0,0,0,7.381868839263916
repr-hard-adam,independent,baseline,5007,1,0,16,16,0,0,0,7.525564670562744
repr-hard-adam,independent,baseline,5007,1,0,32,32,0,0,0,7.509163856506348
repr-hard-adam,independent,baseline,5007,1,0,64,64,0,0,0,7.403647422790527
repr-hard-adam,independent,baseline,5007,1,0,128,128,0,0,0,7.18680477142334
repr-hard-adam,independent,baseline,5007,1,0,256,256,0,0,0,7.071106910705566
repr-hard-adam,independent,baseline,5007,1,0,512,512,0,0,0,6.869839668273926
repr-hard-adam,independent,baseline,5007,1,0,1024,1024,0,0,0,6.781591415405273
repr-hard-adam,coherent,baseline,5007,1,1,0,0,0,0,0,8.683942794799805
repr-hard-adam,coherent,baseline,5007,1,1,1,1,0,0,0,8.340989112854004
repr-hard-adam,coherent,baseline,5007,1,1,2,2,0,0,0,8.189460754394531
repr-hard-adam,coherent,baseline,5007,1,1,4,4,0,0,0,7.90848445892334
repr-hard-adam,coherent,baseline,5007,1,1,8,8,0,0,0,7.923437118530273
repr-hard-adam,coherent,baseline,5007,1,1,16,16,0,0,0,8.048892974853516
repr-hard-adam,coherent,baseline,5007,1,1,32,32,0,0,0,8.170899391174316
repr-hard-adam,coherent,baseline,5007,1,1,64,64,0,0,0,8.267660140991211
repr-hard-adam,coherent,baseline,5007,1,1,128,128,0,0,0,8.530193328857422
repr-hard-adam,coherent,baseline,5007,1,1,256,256,0,0,0,8.700272560119629
repr-hard-adam,coherent,baseline,5007,1,1,512,512,0,0,0,8.832258224487305
repr-hard-adam,coherent,baseline,5007,1,1,1024,1024,0,0,0,8.80360221862793
repr-hard-adam,independent,baseline,5007,1,1,0,0,0,0,0,8.42271614074707
repr-hard-adam,independent,baseline,5007,1,1,1,1,0,0,0,8.172574043273926
repr-hard-adam,independent,baseline,5007,1,1,2,2,0,0,0,8.066717147827148
repr-hard-adam,independent,baseline,5007,1,1,4,4,0,0,0,7.857858657836914
repr-hard-adam,independent,baseline,5007,1,1,8,8,0,0,0,7.856528282165527
repr-hard-adam,independent,baseline,5007,1,1,16,16,0,0,0,8.008583068847656
repr-hard-adam,independent,baseline,5007,1,1,32,32,0,0,0,8.028254508972168
repr-hard-adam,independent,baseline,5007,1,1,64,64,0,0,0,8.10879135131836
repr-hard-adam,independent,baseline,5007,1,1,128,128,0,0,0,8.293694496154785
repr-hard-adam,independent,baseline,5007,1,1,256,256,0,0,0,8.417543411254883
repr-hard-adam,independent,baseline,5007,1,1,512,512,0,0,0,8.51268196105957
repr-hard-adam,independent,baseline,5007,1,1,1024,1024,0,0,0,8.513786315917969
repr-hard-adam,coherent,baseline,5007,1,2,0,0,0,0,0,7.823437213897705
repr-hard-adam,coherent,baseline,5007,1,2,1,1,0,0,0,7.652894020080566
repr-hard-adam,coherent,baseline,5007,1,2,2,2,0,0,0,7.609504699707031
repr-hard-adam,coherent,baseline,5007,1,2,4,4,0,0,0,7.590654373168945
repr-hard-adam,coherent,baseline,5007,1,2,8,8,0,0,0,7.65634298324585
repr-hard-adam,coherent,baseline,5007,1,2,16,16,0,0,0,7.635320663452148
repr-hard-adam,coherent,baseline,5007,1,2,32,32,0,0,0,7.674221038818359
repr-hard-adam,coherent,baseline,5007,1,2,64,64,0,0,0,7.644656181335449
repr-hard-adam,coherent,baseline,5007,1,2,128,128,0,0,0,7.689670562744141
repr-hard-adam,coherent,baseline,5007,1,2,256,256,0,0,0,7.744917869567871
repr-hard-adam,coherent,baseline,5007,1,2,512,512,0,0,0,7.764187812805176
repr-hard-adam,coherent,baseline,5007,1,2,1024,1024,0,0,0,7.818061828613281
repr-hard-adam,independent,baseline,5007,1,2,0,0,0,0,0,8.28886604309082
repr-hard-adam,independent,baseline,5007,1,2,1,1,0,0,0,8.154623031616211
repr-hard-adam,independent,baseline,5007,1,2,2,2,0,0,0,8.122507095336914
repr-hard-adam,independent,baseline,5007,1,2,4,4,0,0,0,8.109612464904785
repr-hard-adam,independent,baseline,5007,1,2,8,8,0,0,0,8.159144401550293
repr-hard-adam,independent,baseline,5007,1,2,16,16,0,0,0,8.145983695983887
repr-hard-adam,independent,baseline,5007,1,2,32,32,0,0,0,8.18426513671875
repr-hard-adam,independent,baseline,5007,1,2,64,64,0,0,0,8.1702880859375
repr-hard-adam,independent,baseline,5007,1,2,128,128,0,0,0,8.148855209350586
repr-hard-adam,independent,baseline,5007,1,2,256,256,0,0,0,8.190683364868164
repr-hard-adam,independent,baseline,5007,1,2,512,512,0,0,0,8.223588943481445
repr-hard-adam,independent,baseline,5007,1,2,1024,1024,0,0,0,8.276734352111816
func-hard-gn,coherent,up-0.25,5007,1,0,0,0,0,0,0,9.111063003540039
func-hard-gn,coherent,up-0.25,5007,1,0,1,1,0,0,0,7.766837120056152
func-hard-gn,coherent,up-0.25,5007,1,0,2,2,0,0,0,4.677409648895264
func-hard-gn,coherent,up-0.25,5007,1,0,4,4,1,0,1,0.03587128221988678
func-hard-gn,coherent,up-0.25,5007,1,0,8,8,1,1,0,0.003192242933437228
func-hard-gn,coherent,up-0.25,5007,1,0,16,16,1,1,0,0.0014054428320378065
func-hard-gn,coherent,up-0.25,5007,1,0,32,32,1,1,0,0.0013743131421506405
func-hard-gn,coherent,up-0.25,5007,1,0,64,64,1,1,0,0.0013623490231111646
func-hard-gn,coherent,up-0.25,5007,1,0,128,128,1,1,0,0.0013567537534981966
func-hard-gn,coherent,up-0.25,5007,1,0,256,256,1,1,0,0.0013535990146920085
func-hard-gn,coherent,up-0.25,5007,1,0,512,512,1,1,0,0.0013513965532183647
func-hard-gn,coherent,up-0.25,5007,1,0,1024,1024,1,1,0,0.0013495513703674078
func-hard-gn,independent,up-0.25,5007,1,0,0,0,0,0,0,8.950719833374023
func-hard-gn,independent,up-0.25,5007,1,0,1,1,0,0,0,8.260152816772461
func-hard-gn,independent,up-0.25,5007,1,0,2,2,0,0,0,7.303411960601807
func-hard-gn,independent,up-0.25,5007,1,0,4,4,0,0,0,4.482607841491699
func-hard-gn,independent,up-0.25,5007,1,0,8,8,0,0,0,3.6442434787750244
func-hard-gn,independent,up-0.25,5007,1,0,16,16,0,0,0,3.5491297245025635
func-hard-gn,independent,up-0.25,5007,1,0,32,32,1,1,0,0.03184598684310913
func-hard-gn,independent,up-0.25,5007,1,0,64,64,1,1,0,0.0036876630038022995
func-hard-gn,independent,up-0.25,5007,1,0,128,128,1,1,0,0.0015232802834361792
func-hard-gn,independent,up-0.25,5007,1,0,256,256,1,0,1,0.0014843554235994816
func-hard-gn,independent,up-0.25,5007,1,0,512,512,1,0,1,0.001482927007600665
func-hard-gn,independent,up-0.25,5007,1,0,1024,1024,1,0,1,0.0014825104735791683
func-hard-gn,coherent,up-0.25,5007,1,1,0,0,0,0,0,8.680854797363281
func-hard-gn,coherent,up-0.25,5007,1,1,1,1,0,0,0,8.237466812133789
func-hard-gn,coherent,up-0.25,5007,1,1,2,2,0,0,0,7.898077011108398
func-hard-gn,coherent,up-0.25,5007,1,1,4,4,0,0,0,4.969448089599609
func-hard-gn,coherent,up-0.25,5007,1,1,8,8,1,1,0,0.11738254129886627
func-hard-gn,coherent,up-0.25,5007,1,1,16,16,1,0,1,0.006200950592756271
func-hard-gn,coherent,up-0.25,5007,1,1,32,32,1,1,0,0.0018155074212700129
func-hard-gn,coherent,up-0.25,5007,1,1,64,64,1,1,0,0.0016312400111928582
func-hard-gn,coherent,up-0.25,5007,1,1,128,128,1,1,0,0.001625408185645938
func-hard-gn,coherent,up-0.25,5007,1,1,256,256,1,1,0,0.0016230279579758644
func-hard-gn,coherent,up-0.25,5007,1,1,512,512,1,1,0,0.0016212427290156484
func-hard-gn,coherent,up-0.25,5007,1,1,1024,1024,1,1,0,0.0016200524987652898
func-hard-gn,independent,up-0.25,5007,1,1,0,0,0,0,0,8.81295394897461
func-hard-gn,independent,up-0.25,5007,1,1,1,1,0,0,0,8.239290237426758
func-hard-gn,independent,up-0.25,5007,1,1,2,2,0,0,0,5.192798614501953
func-hard-gn,independent,up-0.25,5007,1,1,4,4,0,0,1,4.328114032745361
func-hard-gn,independent,up-0.25,5007,1,1,8,8,0,0,0,4.2188005447387695
func-hard-gn,independent,up-0.25,5007,1,1,16,16,0,0,1,0.598487138748169
func-hard-gn,independent,up-0.25,5007,1,1,32,32,1,0,1,0.012359479442238808
func-hard-gn,independent,up-0.25,5007,1,1,64,64,1,0,1,0.0029713392723351717
func-hard-gn,independent,up-0.25,5007,1,1,128,128,1,1,0,0.0016304652672261
func-hard-gn,independent,up-0.25,5007,1,1,256,256,1,1,0,0.0015997590962797403
func-hard-gn,independent,up-0.25,5007,1,1,512,512,1,1,0,0.0015881548170000315
func-hard-gn,independent,up-0.25,5007,1,1,1024,1024,1,0,2,0.0015829181065782905
func-hard-gn,coherent,up-0.25,5007,1,2,0,0,0,0,0,8.067706108093262
func-hard-gn,coherent,up-0.25,5007,1,2,1,1,0,0,0,7.499715805053711
func-hard-gn,coherent,up-0.25,5007,1,2,2,2,0,0,0,4.004530906677246
func-hard-gn,coherent,up-0.25,5007,1,2,4,4,0,0,0,3.9501867294311523
func-hard-gn,coherent,up-0.25,5007,1,2,8,8,0,0,0,3.6091434955596924
func-hard-gn,coherent,up-0.25,5007,1,2,16,16,1,0,1,0.032580237835645676
func-hard-gn,coherent,up-0.25,5007,1,2,32,32,1,0,1,0.004612095188349485
func-hard-gn,coherent,up-0.25,5007,1,2,64,64,1,0,1,0.0016839003656059504
func-hard-gn,coherent,up-0.25,5007,1,2,128,128,1,0,1,0.0015474499668926
func-hard-gn,coherent,up-0.25,5007,1,2,256,256,1,0,1,0.0015458430862054229
func-hard-gn,coherent,up-0.25,5007,1,2,512,512,1,0,1,0.0015447123441845179
func-hard-gn,coherent,up-0.25,5007,1,2,1024,1024,1,0,1,0.0015441172290593386
func-hard-gn,independent,up-0.25,5007,1,2,0,0,0,0,0,8.414247512817383
func-hard-gn,independent,up-0.25,5007,1,2,1,1,0,0,0,8.214658737182617
func-hard-gn,independent,up-0.25,5007,1,2,2,2,0,0,0,7.900896072387695
func-hard-gn,independent,up-0.25,5007,1,2,4,4,0,0,1,4.498349666595459
func-hard-gn,independent,up-0.25,5007,1,2,8,8,0,0,1,3.377680540084839
func-hard-gn,independent,up-0.25,5007,1,2,16,16,1,0,1,0.40417054295539856
func-hard-gn,independent,up-0.25,5007,1,2,32,32,1,0,1,0.0104985935613513
func-hard-gn,independent,up-0.25,5007,1,2,64,64,1,0,2,0.0018702233210206032
func-hard-gn,independent,up-0.25,5007,1,2,128,128,1,0,2,0.0014875760534778237
func-hard-gn,independent,up-0.25,5007,1,2,256,256,1,0,1,0.001472101197578013
func-hard-gn,independent,up-0.25,5007,1,2,512,512,1,0,1,0.0014665063936263323
func-hard-gn,independent,up-0.25,5007,1,2,1024,1024,1,0,1,0.0014637684216722846
func-soft-adam,coherent,up-0.25,5007,1,0,0,0,0,0,0,9.111063003540039
func-soft-adam,coherent,up-0.25,5007,1,0,1,1,0,0,0,6.766193389892578
func-soft-adam,coherent,up-0.25,5007,1,0,2,2,0,0,0,2.399195671081543
func-soft-adam,coherent,up-0.25,5007,1,0,4,4,1,0,6,0.0147177092730999
func-soft-adam,coherent,up-0.25,5007,1,0,8,8,1,0,4,0.012619398534297943
func-soft-adam,coherent,up-0.25,5007,1,0,16,16,1,1,0,0.15991508960723877
func-soft-adam,coherent,up-0.25,5007,1,0,32,32,1,1,0,0.005777173675596714
func-soft-adam,coherent,up-0.25,5007,1,0,64,64,1,1,0,0.002697981894016266
func-soft-adam,coherent,up-0.25,5007,1,0,128,128,1,1,0,0.0025531877763569355
func-soft-adam,coherent,up-0.25,5007,1,0,256,256,1,1,0,0.0020270796958357096
func-soft-adam,coherent,up-0.25,5007,1,0,512,512,1,1,0,0.001607902580872178
func-soft-adam,coherent,up-0.25,5007,1,0,1024,1024,1,1,0,0.0014195481780916452
func-soft-adam,independent,up-0.25,5007,1,0,0,0,0,0,0,8.950719833374023
func-soft-adam,independent,up-0.25,5007,1,0,1,1,0,0,0,7.9442138671875
func-soft-adam,independent,up-0.25,5007,1,0,2,2,0,0,0,5.284643173217773
func-soft-adam,independent,up-0.25,5007,1,0,4,4,0,0,6,3.927333354949951
func-soft-adam,independent,up-0.25,5007,1,0,8,8,0,0,0,3.7765936851501465
func-soft-adam,independent,up-0.25,5007,1,0,16,16,0,0,0,3.57605242729187
func-soft-adam,independent,up-0.25,5007,1,0,32,32,0,0,0,2.4594595432281494
func-soft-adam,independent,up-0.25,5007,1,0,64,64,1,1,0,0.019018441438674927
func-soft-adam,independent,up-0.25,5007,1,0,128,128,1,1,0,0.003982154652476311
func-soft-adam,independent,up-0.25,5007,1,0,256,256,1,1,0,0.0023794868029654026
func-soft-adam,independent,up-0.25,5007,1,0,512,512,1,1,0,0.0017809976125136018
func-soft-adam,independent,up-0.25,5007,1,0,1024,1024,1,1,0,0.001577671617269516
func-soft-adam,coherent,up-0.25,5007,1,1,0,0,0,0,0,8.680854797363281
func-soft-adam,coherent,up-0.25,5007,1,1,1,1,0,0,0,8.088106155395508
func-soft-adam,coherent,up-0.25,5007,1,1,2,2,0,0,0,6.992013931274414
func-soft-adam,coherent,up-0.25,5007,1,1,4,4,0,0,2,2.064382553100586
func-soft-adam,coherent,up-0.25,5007,1,1,8,8,1,0,1,0.00486331433057785
func-soft-adam,coherent,up-0.25,5007,1,1,16,16,1,1,0,0.01734640821814537
func-soft-adam,coherent,up-0.25,5007,1,1,32,32,1,1,0,0.006657137535512447
func-soft-adam,coherent,up-0.25,5007,1,1,64,64,1,0,1,0.0043060132302343845
func-soft-adam,coherent,up-0.25,5007,1,1,128,128,1,0,1,0.002674071118235588
func-soft-adam,coherent,up-0.25,5007,1,1,256,256,1,0,1,0.0021442119032144547
func-soft-adam,coherent,up-0.25,5007,1,1,512,512,1,0,1,0.0018413341604173183
func-soft-adam,coherent,up-0.25,5007,1,1,1024,1024,1,0,1,0.001682414673268795
func-soft-adam,independent,up-0.25,5007,1,1,0,0,0,0,0,8.81295394897461
func-soft-adam,independent,up-0.25,5007,1,1,1,1,0,0,0,7.953343391418457
func-soft-adam,independent,up-0.25,5007,1,1,2,2,0,0,0,5.234506607055664
func-soft-adam,independent,up-0.25,5007,1,1,4,4,0,0,4,4.168811321258545
func-soft-adam,independent,up-0.25,5007,1,1,8,8,0,0,1,3.2871623039245605
func-soft-adam,independent,up-0.25,5007,1,1,16,16,0,0,0,3.2351434230804443
func-soft-adam,independent,up-0.25,5007,1,1,32,32,0,0,0,2.477019786834717
func-soft-adam,independent,up-0.25,5007,1,1,64,64,1,0,2,0.0451120063662529
func-soft-adam,independent,up-0.25,5007,1,1,128,128,1,0,1,0.010667475871741772
func-soft-adam,independent,up-0.25,5007,1,1,256,256,1,0,1,0.00432438962161541
func-soft-adam,independent,up-0.25,5007,1,1,512,512,1,0,1,0.0024284226819872856
func-soft-adam,independent,up-0.25,5007,1,1,1024,1024,1,0,1,0.0018610861152410507
func-soft-adam,coherent,up-0.25,5007,1,2,0,0,0,0,0,8.067706108093262
func-soft-adam,coherent,up-0.25,5007,1,2,1,1,0,0,0,5.402017593383789
func-soft-adam,coherent,up-0.25,5007,1,2,2,2,0,0,0,3.8008742332458496
func-soft-adam,coherent,up-0.25,5007,1,2,4,4,0,0,0,3.4968066215515137
func-soft-adam,coherent,up-0.25,5007,1,2,8,8,0,0,2,2.284458875656128
func-soft-adam,coherent,up-0.25,5007,1,2,16,16,1,0,2,0.027409248054027557
func-soft-adam,coherent,up-0.25,5007,1,2,32,32,1,0,3,0.08892541378736496
func-soft-adam,coherent,up-0.25,5007,1,2,64,64,1,0,1,0.014188205823302269
func-soft-adam,coherent,up-0.25,5007,1,2,128,128,1,0,1,0.0034300037659704685
func-soft-adam,coherent,up-0.25,5007,1,2,256,256,1,0,1,0.0021549430675804615
func-soft-adam,coherent,up-0.25,5007,1,2,512,512,1,0,1,0.001743821892887354
func-soft-adam,coherent,up-0.25,5007,1,2,1024,1024,1,0,1,0.001599760027602315
func-soft-adam,independent,up-0.25,5007,1,2,0,0,0,0,0,8.414247512817383
func-soft-adam,independent,up-0.25,5007,1,2,1,1,0,0,0,8.185832977294922
func-soft-adam,independent,up-0.25,5007,1,2,2,2,0,0,1,7.816258907318115
func-soft-adam,independent,up-0.25,5007,1,2,4,4,0,0,1,6.273922920227051
func-soft-adam,independent,up-0.25,5007,1,2,8,8,0,0,2,3.5233047008514404
func-soft-adam,independent,up-0.25,5007,1,2,16,16,0,0,1,2.813706159591675
func-soft-adam,independent,up-0.25,5007,1,2,32,32,1,0,1,0.265006422996521
func-soft-adam,independent,up-0.25,5007,1,2,64,64,1,0,1,0.0247481781989336
func-soft-adam,independent,up-0.25,5007,1,2,128,128,1,0,3,0.009469939395785332
func-soft-adam,independent,up-0.25,5007,1,2,256,256,1,0,3,0.004279946908354759
func-soft-adam,independent,up-0.25,5007,1,2,512,512,1,0,2,0.002441100310534239
func-soft-adam,independent,up-0.25,5007,1,2,1024,1024,1,0,2,0.0018440124113112688
func-soft-gn,coherent,up-0.25,5007,1,0,0,0,0,0,0,9.111063003540039
func-soft-gn,coherent,up-0.25,5007,1,0,1,1,0,0,0,7.875739574432373
func-soft-gn,coherent,up-0.25,5007,1,0,2,2,0,0,0,5.221414089202881
func-soft-gn,coherent,up-0.25,5007,1,0,4,4,1,0,1,0.01094223652034998
func-soft-gn,coherent,up-0.25,5007,1,0,8,8,1,0,1,0.0022948100231587887
func-soft-gn,coherent,up-0.25,5007,1,0,16,16,1,1,0,0.0013862771447747946
func-soft-gn,coherent,up-0.25,5007,1,0,32,32,1,1,0,0.001369015546515584
func-soft-gn,coherent,up-0.25,5007,1,0,64,64,1,1,0,0.0013605633284896612
func-soft-gn,coherent,up-0.25,5007,1,0,128,128,1,1,0,0.001356456195935607
func-soft-gn,coherent,up-0.25,5007,1,0,256,256,1,1,0,0.0013535990146920085
func-soft-gn,coherent,up-0.25,5007,1,0,512,512,1,1,0,0.001351337181404233
func-soft-gn,coherent,up-0.25,5007,1,0,1024,1024,1,1,0,0.0013496704632416368
func-soft-gn,independent,up-0.25,5007,1,0,0,0,0,0,0,8.950719833374023
func-soft-gn,independent,up-0.25,5007,1,0,1,1,0,0,0,8.27087688446045
func-soft-gn,independent,up-0.25,5007,1,0,2,2,0,0,0,5.631463050842285
func-soft-gn,independent,up-0.25,5007,1,0,4,4,0,0,0,3.6870570182800293
func-soft-gn,independent,up-0.25,5007,1,0,8,8,0,0,0,3.648797035217285
func-soft-gn,independent,up-0.25,5007,1,0,16,16,0,0,0,3.5108189582824707
func-soft-gn,independent,up-0.25,5007,1,0,32,32,1,1,0,0.012442260980606079
func-soft-gn,independent,up-0.25,5007,1,0,64,64,1,1,0,0.0019909481052309275
func-soft-gn,independent,up-0.25,5007,1,0,128,128,1,1,0,0.0014932227786630392
func-soft-gn,independent,up-0.25,5007,1,0,256,256,1,0,1,0.0014839982613921165
func-soft-gn,independent,up-0.25,5007,1,0,512,512,1,0,1,0.0014831650769338012
func-soft-gn,independent,up-0.25,5007,1,0,1024,1024,1,0,1,0.0014825699618086219
func-soft-gn,coherent,up-0.25,5007,1,1,0,0,0,0,0,8.680854797363281
func-soft-gn,coherent,up-0.25,5007,1,1,1,1,0,0,0,8.239297866821289
func-soft-gn,coherent,up-0.25,5007,1,1,2,2,0,0,0,7.454507827758789
func-soft-gn,coherent,up-0.25,5007,1,1,4,4,0,0,0,2.5393829345703125
func-soft-gn,coherent,up-0.25,5007,1,1,8,8,1,0,1,0.018095744773745537
func-soft-gn,coherent,up-0.25,5007,1,1,16,16,1,1,0,0.001747272675856948
func-soft-gn,coherent,up-0.25,5007,1,1,32,32,1,1,0,0.0016508771805092692
func-soft-gn,coherent,up-0.25,5007,1,1,64,64,1,1,0,0.001630228478461504
func-soft-gn,coherent,up-0.25,5007,1,1,128,128,1,1,0,0.0016261818818747997
func-soft-gn,coherent,up-0.25,5007,1,1,256,256,1,1,0,0.001622968353331089
func-soft-gn,coherent,up-0.25,5007,1,1,512,512,1,1,0,0.0016208260785788298
func-soft-gn,coherent,up-0.25,5007,1,1,1024,1024,1,1,0,0.0016196954529732466
func-soft-gn,independent,up-0.25,5007,1,1,0,0,0,0,0,8.81295394897461
func-soft-gn,independent,up-0.25,5007,1,1,1,1,0,0,0,8.256548881530762
func-soft-gn,independent,up-0.25,5007,1,1,2,2,0,0,1,5.364191055297852
func-soft-gn,independent,up-0.25,5007,1,1,4,4,0,0,0,4.408149242401123
func-soft-gn,independent,up-0.25,5007,1,1,8,8,0,0,0,4.246840953826904
func-soft-gn,independent,up-0.25,5007,1,1,16,16,1,0,1,0.2274225950241089
func-soft-gn,independent,up-0.25,5007,1,1,32,32,1,0,1,0.0028411024250090122
func-soft-gn,independent,up-0.25,5007,1,1,64,64,1,1,0,0.0016540902433916926
func-soft-gn,independent,up-0.25,5007,1,1,128,128,1,0,1,0.0015997590962797403
func-soft-gn,independent,up-0.25,5007,1,1,256,256,1,0,1,0.001589464140124619
func-soft-gn,independent,up-0.25,5007,1,1,512,512,1,0,1,0.0015842868015170097
func-soft-gn,independent,up-0.25,5007,1,1,1024,1024,1,0,2,0.0015825014561414719
func-soft-gn,coherent,up-0.25,5007,1,2,0,0,0,0,0,8.067706108093262
func-soft-gn,coherent,up-0.25,5007,1,2,1,1,0,0,0,7.502629280090332
func-soft-gn,coherent,up-0.25,5007,1,2,2,2,0,0,0,4.127889156341553
func-soft-gn,coherent,up-0.25,5007,1,2,4,4,0,0,0,3.9964287281036377
func-soft-gn,coherent,up-0.25,5007,1,2,8,8,0,0,0,3.877073049545288
func-soft-gn,coherent,up-0.25,5007,1,2,16,16,1,0,1,0.020504582673311234
func-soft-gn,coherent,up-0.25,5007,1,2,32,32,1,0,1,0.009160778485238552
func-soft-gn,coherent,up-0.25,5007,1,2,64,64,1,0,2,0.0016412355471402407
func-soft-gn,coherent,up-0.25,5007,1,2,128,128,1,0,1,0.0015501875896006823
func-soft-gn,coherent,up-0.25,5007,1,2,256,256,1,0,1,0.0015461407601833344
func-soft-gn,coherent,up-0.25,5007,1,2,512,512,1,0,1,0.0015448314370587468
func-soft-gn,coherent,up-0.25,5007,1,2,1024,1024,1,0,1,0.0015442362055182457
func-soft-gn,independent,up-0.25,5007,1,2,0,0,0,0,0,8.414247512817383
func-soft-gn,independent,up-0.25,5007,1,2,1,1,0,0,0,8.218198776245117
func-soft-gn,independent,up-0.25,5007,1,2,2,2,0,0,0,7.911816120147705
func-soft-gn,independent,up-0.25,5007,1,2,4,4,0,0,1,4.839212894439697
func-soft-gn,independent,up-0.25,5007,1,2,8,8,0,0,2,3.343191623687744
func-soft-gn,independent,up-0.25,5007,1,2,16,16,0,0,2,1.867757797241211
func-soft-gn,independent,up-0.25,5007,1,2,32,32,1,0,1,0.10353787243366241
func-soft-gn,independent,up-0.25,5007,1,2,64,64,1,0,4,0.013577328994870186
func-soft-gn,independent,up-0.25,5007,1,2,128,128,1,0,3,0.0015181078342720866
func-soft-gn,independent,up-0.25,5007,1,2,256,256,1,0,2,0.0014821598306298256
func-soft-gn,independent,up-0.25,5007,1,2,512,512,1,0,2,0.0014711488038301468
func-soft-gn,independent,up-0.25,5007,1,2,1024,1024,1,0,2,0.0014648993965238333
repr-hard-adam,coherent,up-0.25,5007,1,0,0,0,0,0,0,9.111063003540039
repr-hard-adam,coherent,up-0.25,5007,1,0,1,1,0,0,0,6.766193389892578
repr-hard-adam,coherent,up-0.25,5007,1,0,2,2,0,0,0,6.321733474731445
repr-hard-adam,coherent,up-0.25,5007,1,0,4,4,0,0,0,4.840221405029297
repr-hard-adam,coherent,up-0.25,5007,1,0,8,8,1,1,0,0.25999242067337036
repr-hard-adam,coherent,up-0.25,5007,1,0,16,16,1,1,0,0.005248998757451773
repr-hard-adam,coherent,up-0.25,5007,1,0,32,32,1,1,0,0.002917021978646517
repr-hard-adam,coherent,up-0.25,5007,1,0,64,64,1,1,0,0.0024196032900363207
repr-hard-adam,coherent,up-0.25,5007,1,0,128,128,1,1,0,0.0023496176581829786
repr-hard-adam,coherent,up-0.25,5007,1,0,256,256,1,1,0,0.0020885448902845383
repr-hard-adam,coherent,up-0.25,5007,1,0,512,512,1,1,0,0.001806996762752533
repr-hard-adam,coherent,up-0.25,5007,1,0,1024,1024,1,1,0,0.00155631301458925
repr-hard-adam,independent,up-0.25,5007,1,0,0,0,0,0,0,8.950719833374023
repr-hard-adam,independent,up-0.25,5007,1,0,1,1,0,0,0,8.61724853515625
repr-hard-adam,independent,up-0.25,5007,1,0,2,2,0,0,0,8.129439353942871
repr-hard-adam,independent,up-0.25,5007,1,0,4,4,0,0,0,6.43632698059082
repr-hard-adam,independent,up-0.25,5007,1,0,8,8,0,0,0,3.7867467403411865
repr-hard-adam,independent,up-0.25,5007,1,0,16,16,0,0,0,3.9971718788146973
repr-hard-adam,independent,up-0.25,5007,1,0,32,32,0,0,0,3.5652520656585693
repr-hard-adam,independent,up-0.25,5007,1,0,64,64,0,0,0,3.3495140075683594
repr-hard-adam,independent,up-0.25,5007,1,0,128,128,0,0,0,3.491692304611206
repr-hard-adam,independent,up-0.25,5007,1,0,256,256,0,0,0,3.1390342712402344
repr-hard-adam,independent,up-0.25,5007,1,0,512,512,0,0,0,3.149031639099121
repr-hard-adam,independent,up-0.25,5007,1,0,1024,1024,0,0,1,3.2600722312927246
repr-hard-adam,coherent,up-0.25,5007,1,1,0,0,0,0,0,8.680854797363281
repr-hard-adam,coherent,up-0.25,5007,1,1,1,1,0,0,0,8.088106155395508
repr-hard-adam,coherent,up-0.25,5007,1,1,2,2,0,0,0,7.886512756347656
repr-hard-adam,coherent,up-0.25,5007,1,1,4,4,0,0,0,7.402608871459961
repr-hard-adam,coherent,up-0.25,5007,1,1,8,8,0,0,0,6.314929008483887
repr-hard-adam,coherent,up-0.25,5007,1,1,16,16,0,0,0,3.826456069946289
repr-hard-adam,coherent,up-0.25,5007,1,1,32,32,1,1,0,0.37842410802841187
repr-hard-adam,coherent,up-0.25,5007,1,1,64,64,1,1,0,0.027782859280705452
repr-hard-adam,coherent,up-0.25,5007,1,1,128,128,1,1,0,0.00957835279405117
repr-hard-adam,coherent,up-0.25,5007,1,1,256,256,1,1,0,0.006785093806684017
repr-hard-adam,coherent,up-0.25,5007,1,1,512,512,1,1,0,0.0033152711112052202
repr-hard-adam,coherent,up-0.25,5007,1,1,1024,1024,1,1,0,0.0022987904958426952
repr-hard-adam,independent,up-0.25,5007,1,1,0,0,0,0,0,8.81295394897461
repr-hard-adam,independent,up-0.25,5007,1,1,1,1,0,0,0,7.953343391418457
repr-hard-adam,independent,up-0.25,5007,1,1,2,2,0,0,0,7.327812671661377
repr-hard-adam,independent,up-0.25,5007,1,1,4,4,0,0,2,4.412999629974365
repr-hard-adam,independent,up-0.25,5007,1,1,8,8,0,0,1,4.363668441772461
repr-hard-adam,independent,up-0.25,5007,1,1,16,16,0,0,0,4.319676876068115
repr-hard-adam,independent,up-0.25,5007,1,1,32,32,0,0,0,4.238178730010986
repr-hard-adam,independent,up-0.25,5007,1,1,64,64,0,0,0,4.114550590515137
repr-hard-adam,independent,up-0.25,5007,1,1,128,128,0,0,1,3.9212138652801514
repr-hard-adam,independent,up-0.25,5007,1,1,256,256,1,0,1,0.06820039451122284
repr-hard-adam,independent,up-0.25,5007,1,1,512,512,1,0,1,0.02082853391766548
repr-hard-adam,independent,up-0.25,5007,1,1,1024,1024,1,0,1,0.01321198046207428
repr-hard-adam,coherent,up-0.25,5007,1,2,0,0,0,0,0,8.067706108093262
repr-hard-adam,coherent,up-0.25,5007,1,2,1,1,0,0,0,5.402017593383789
repr-hard-adam,coherent,up-0.25,5007,1,2,2,2,0,0,0,3.940480947494507
repr-hard-adam,coherent,up-0.25,5007,1,2,4,4,0,0,0,3.9183685779571533
repr-hard-adam,coherent,up-0.25,5007,1,2,8,8,0,0,0,3.8387463092803955
repr-hard-adam,coherent,up-0.25,5007,1,2,16,16,0,0,0,3.578425884246826
repr-hard-adam,coherent,up-0.25,5007,1,2,32,32,0,0,0,2.9943323135375977
repr-hard-adam,coherent,up-0.25,5007,1,2,64,64,0,0,0,0.6266078948974609
repr-hard-adam,coherent,up-0.25,5007,1,2,128,128,1,1,0,0.019570516422390938
repr-hard-adam,coherent,up-0.25,5007,1,2,256,256,1,1,0,0.0040052663534879684
repr-hard-adam,coherent,up-0.25,5007,1,2,512,512,1,0,2,0.007909663021564484
repr-hard-adam,coherent,up-0.25,5007,1,2,1024,1024,0,0,3,2.5605525970458984
repr-hard-adam,independent,up-0.25,5007,1,2,0,0,0,0,0,8.414247512817383
repr-hard-adam,independent,up-0.25,5007,1,2,1,1,0,0,0,8.302921295166016
repr-hard-adam,independent,up-0.25,5007,1,2,2,2,0,0,0,8.216768264770508
repr-hard-adam,independent,up-0.25,5007,1,2,4,4,0,0,0,8.059087753295898
repr-hard-adam,independent,up-0.25,5007,1,2,8,8,0,0,0,7.481146812438965
repr-hard-adam,independent,up-0.25,5007,1,2,16,16,0,0,0,5.238729476928711
repr-hard-adam,independent,up-0.25,5007,1,2,32,32,0,0,0,4.023863792419434
repr-hard-adam,independent,up-0.25,5007,1,2,64,64,0,0,0,3.362112522125244
repr-hard-adam,independent,up-0.25,5007,1,2,128,128,1,1,0,0.7336034774780273
repr-hard-adam,independent,up-0.25,5007,1,2,256,256,0,0,0,1.000603437423706
repr-hard-adam,independent,up-0.25,5007,1,2,512,512,0,0,1,3.5765810012817383
repr-hard-adam,independent,up-0.25,5007,1,2,1024,1024,0,0,0,3.9946885108947754
