phase,world_seed,step,role,task,metric,initializations,value
confirmation,146011,0,atomic_only,atomic,accuracy,1,0.0
confirmation,146011,0,atomic_only,atomic,answer_accuracy,1,0.0
confirmation,146011,0,atomic_only,atomic,answer_probability,1,0.007000629844023859
confirmation,146011,0,atomic_only,composition,accuracy,1,0.0
confirmation,146011,0,atomic_only,composition,answer_accuracy,1,0.0
confirmation,146011,0,atomic_only,composition,answer_probability,1,0.007097030758748225
confirmation,146011,0,composition_used,atomic,accuracy,1,0.0
confirmation,146011,0,composition_used,atomic,answer_accuracy,1,0.0
confirmation,146011,0,composition_used,atomic,answer_probability,1,0.007000629844023859
confirmation,146011,0,composition_used,composition,accuracy,1,0.0
confirmation,146011,0,composition_used,composition,answer_accuracy,1,0.0
confirmation,146011,0,composition_used,composition,answer_probability,1,0.007097030758748225
confirmation,146011,0,matching_repetition,atomic,accuracy,1,0.0
confirmation,146011,0,matching_repetition,atomic,answer_accuracy,1,0.0
confirmation,146011,0,matching_repetition,atomic,answer_probability,1,0.007000629844023859
confirmation,146011,0,matching_repetition,composition,accuracy,1,0.0
confirmation,146011,0,matching_repetition,composition,answer_accuracy,1,0.0
confirmation,146011,0,matching_repetition,composition,answer_probability,1,0.007097030758748225
confirmation,146011,0,other_repetition,atomic,accuracy,1,0.0
confirmation,146011,0,other_repetition,atomic,answer_accuracy,1,0.0
confirmation,146011,0,other_repetition,atomic,answer_probability,1,0.007000629844023859
confirmation,146011,0,other_repetition,composition,accuracy,1,0.0
confirmation,146011,0,other_repetition,composition,answer_accuracy,1,0.0
confirmation,146011,0,other_repetition,composition,answer_probability,1,0.007097030758748225
confirmation,146011,100,atomic_only,atomic,accuracy,1,0.0
confirmation,146011,100,atomic_only,atomic,answer_accuracy,1,0.0
confirmation,146011,100,atomic_only,atomic,answer_probability,1,0.006929736976436873
confirmation,146011,100,atomic_only,composition,accuracy,1,0.0
confirmation,146011,100,atomic_only,composition,answer_accuracy,1,0.0
confirmation,146011,100,atomic_only,composition,answer_probability,1,0.0070158378391953595
confirmation,146011,100,composition_used,atomic,accuracy,1,0.0
confirmation,146011,100,composition_used,atomic,answer_accuracy,1,0.0
confirmation,146011,100,composition_used,atomic,answer_probability,1,0.006974826786998784
confirmation,146011,100,composition_used,composition,accuracy,1,0.0
confirmation,146011,100,composition_used,composition,answer_accuracy,1,0.0
confirmation,146011,100,composition_used,composition,answer_probability,1,0.0070806062984337965
confirmation,146011,100,matching_repetition,atomic,accuracy,1,0.0
confirmation,146011,100,matching_repetition,atomic,answer_accuracy,1,0.0
confirmation,146011,100,matching_repetition,atomic,answer_probability,1,0.006981909922524586
confirmation,146011,100,matching_repetition,composition,accuracy,1,0.0
confirmation,146011,100,matching_repetition,composition,answer_accuracy,1,0.0
confirmation,146011,100,matching_repetition,composition,answer_probability,1,0.006982461910870865
confirmation,146011,100,other_repetition,atomic,accuracy,1,0.0
confirmation,146011,100,other_repetition,atomic,answer_accuracy,1,0.0
confirmation,146011,100,other_repetition,atomic,answer_probability,1,0.006901903529151662
confirmation,146011,100,other_repetition,composition,accuracy,1,0.0
confirmation,146011,100,other_repetition,composition,answer_accuracy,1,0.0
confirmation,146011,100,other_repetition,composition,answer_probability,1,0.0069333880344132496
confirmation,146011,250,atomic_only,atomic,accuracy,1,0.0
confirmation,146011,250,atomic_only,atomic,answer_accuracy,1,0.0
confirmation,146011,250,atomic_only,atomic,answer_probability,1,0.006615230725222002
confirmation,146011,250,atomic_only,composition,accuracy,1,0.0
confirmation,146011,250,atomic_only,composition,answer_accuracy,1,0.0
confirmation,146011,250,atomic_only,composition,answer_probability,1,0.006667788093351428
confirmation,146011,250,composition_used,atomic,accuracy,1,0.0
confirmation,146011,250,composition_used,atomic,answer_accuracy,1,0.0
confirmation,146011,250,composition_used,atomic,answer_probability,1,0.006794188315860164
confirmation,146011,250,composition_used,composition,accuracy,1,0.0
confirmation,146011,250,composition_used,composition,answer_accuracy,1,0.0
confirmation,146011,250,composition_used,composition,answer_probability,1,0.006886714484881379
confirmation,146011,250,matching_repetition,atomic,accuracy,1,0.0
confirmation,146011,250,matching_repetition,atomic,answer_accuracy,1,0.0
confirmation,146011,250,matching_repetition,atomic,answer_probability,1,0.007052001704581595
confirmation,146011,250,matching_repetition,composition,accuracy,1,0.0
confirmation,146011,250,matching_repetition,composition,answer_accuracy,1,0.0
confirmation,146011,250,matching_repetition,composition,answer_probability,1,0.006730972717321629
confirmation,146011,250,other_repetition,atomic,accuracy,1,0.0
confirmation,146011,250,other_repetition,atomic,answer_accuracy,1,0.0
confirmation,146011,250,other_repetition,atomic,answer_probability,1,0.006731978216489125
confirmation,146011,250,other_repetition,composition,accuracy,1,0.0
confirmation,146011,250,other_repetition,composition,answer_accuracy,1,0.0
confirmation,146011,250,other_repetition,composition,answer_probability,1,0.006571991932833006
confirmation,146011,500,atomic_only,atomic,accuracy,1,0.017578125
confirmation,146011,500,atomic_only,atomic,answer_accuracy,1,0.017578125
confirmation,146011,500,atomic_only,atomic,answer_probability,1,0.007585760750436545
confirmation,146011,500,atomic_only,composition,accuracy,1,0.00847457627118644
confirmation,146011,500,atomic_only,composition,answer_accuracy,1,0.00847457627118644
confirmation,146011,500,atomic_only,composition,answer_probability,1,0.007393540713712348
confirmation,146011,500,composition_used,atomic,accuracy,1,0.025390625
confirmation,146011,500,composition_used,atomic,answer_accuracy,1,0.025390625
confirmation,146011,500,composition_used,atomic,answer_probability,1,0.009033586369633813
confirmation,146011,500,composition_used,composition,accuracy,1,0.03389830508474576
confirmation,146011,500,composition_used,composition,answer_accuracy,1,0.03389830508474576
confirmation,146011,500,composition_used,composition,answer_probability,1,0.009578463418610014
confirmation,146011,500,matching_repetition,atomic,accuracy,1,0.123046875
confirmation,146011,500,matching_repetition,atomic,answer_accuracy,1,0.123046875
confirmation,146011,500,matching_repetition,atomic,answer_probability,1,0.011655500984044533
confirmation,146011,500,matching_repetition,composition,accuracy,1,0.0
confirmation,146011,500,matching_repetition,composition,answer_accuracy,1,0.0
confirmation,146011,500,matching_repetition,composition,answer_probability,1,0.006385300494406162
confirmation,146011,500,other_repetition,atomic,accuracy,1,0.0078125
confirmation,146011,500,other_repetition,atomic,answer_accuracy,1,0.0078125
confirmation,146011,500,other_repetition,atomic,answer_probability,1,0.00753545837112189
confirmation,146011,500,other_repetition,composition,accuracy,1,0.0
confirmation,146011,500,other_repetition,composition,answer_accuracy,1,0.0
confirmation,146011,500,other_repetition,composition,answer_probability,1,0.00591084518019069
confirmation,146011,1000,atomic_only,atomic,accuracy,1,0.017578125
confirmation,146011,1000,atomic_only,atomic,answer_accuracy,1,0.017578125
confirmation,146011,1000,atomic_only,atomic,answer_probability,1,0.008804717625332463
confirmation,146011,1000,atomic_only,composition,accuracy,1,0.01694915254237288
confirmation,146011,1000,atomic_only,composition,answer_accuracy,1,0.01694915254237288
confirmation,146011,1000,atomic_only,composition,answer_probability,1,0.007881918127519167
confirmation,146011,1000,composition_used,atomic,accuracy,1,0.05859375
confirmation,146011,1000,composition_used,atomic,answer_accuracy,1,0.05859375
confirmation,146011,1000,composition_used,atomic,answer_probability,1,0.015488402216385684
confirmation,146011,1000,composition_used,composition,accuracy,1,0.025423728813559324
confirmation,146011,1000,composition_used,composition,answer_accuracy,1,0.025423728813559324
confirmation,146011,1000,composition_used,composition,answer_probability,1,0.014430015788982776
confirmation,146011,1000,matching_repetition,atomic,accuracy,1,0.64453125
confirmation,146011,1000,matching_repetition,atomic,answer_accuracy,1,0.64453125
confirmation,146011,1000,matching_repetition,atomic,answer_probability,1,0.04802673864214775
confirmation,146011,1000,matching_repetition,composition,accuracy,1,0.028853914447134785
confirmation,146011,1000,matching_repetition,composition,answer_accuracy,1,0.028853914447134785
confirmation,146011,1000,matching_repetition,composition,answer_probability,1,0.011528506511939238
confirmation,146011,1000,other_repetition,atomic,accuracy,1,0.017578125
confirmation,146011,1000,other_repetition,atomic,answer_accuracy,1,0.017578125
confirmation,146011,1000,other_repetition,atomic,answer_probability,1,0.009508628175812803
confirmation,146011,1000,other_repetition,composition,accuracy,1,0.00847457627118644
confirmation,146011,1000,other_repetition,composition,answer_accuracy,1,0.00847457627118644
confirmation,146011,1000,other_repetition,composition,answer_probability,1,0.007587509154619686
confirmation,146011,2000,atomic_only,atomic,accuracy,1,0.052734375
confirmation,146011,2000,atomic_only,atomic,answer_accuracy,1,0.052734375
confirmation,146011,2000,atomic_only,atomic,answer_probability,1,0.017525588219927786
confirmation,146011,2000,atomic_only,composition,accuracy,1,0.0
confirmation,146011,2000,atomic_only,composition,answer_accuracy,1,0.0
confirmation,146011,2000,atomic_only,composition,answer_probability,1,0.007898936122198521
confirmation,146011,2000,composition_used,atomic,accuracy,1,0.25
confirmation,146011,2000,composition_used,atomic,answer_accuracy,1,0.25
confirmation,146011,2000,composition_used,atomic,answer_probability,1,0.05331438220741206
confirmation,146011,2000,composition_used,composition,accuracy,1,0.04580306698950767
confirmation,146011,2000,composition_used,composition,answer_accuracy,1,0.04580306698950767
confirmation,146011,2000,composition_used,composition,answer_probability,1,0.023535320228677492
confirmation,146011,2000,matching_repetition,atomic,accuracy,1,0.984375
confirmation,146011,2000,matching_repetition,atomic,answer_accuracy,1,0.984375
confirmation,146011,2000,matching_repetition,atomic,answer_probability,1,0.5530605147278036
confirmation,146011,2000,matching_repetition,composition,accuracy,1,0.028853914447134785
confirmation,146011,2000,matching_repetition,composition,answer_accuracy,1,0.028853914447134785
confirmation,146011,2000,matching_repetition,composition,answer_probability,1,0.019892202411643068
confirmation,146011,2000,other_repetition,atomic,accuracy,1,0.107421875
confirmation,146011,2000,other_repetition,atomic,answer_accuracy,1,0.107421875
confirmation,146011,2000,other_repetition,atomic,answer_probability,1,0.03784403354219673
confirmation,146011,2000,other_repetition,composition,accuracy,1,0.0
confirmation,146011,2000,other_repetition,composition,answer_accuracy,1,0.0
confirmation,146011,2000,other_repetition,composition,answer_probability,1,0.00542854663885578
confirmation,146011,4000,atomic_only,atomic,accuracy,1,0.349609375
confirmation,146011,4000,atomic_only,atomic,answer_accuracy,1,0.349609375
confirmation,146011,4000,atomic_only,atomic,answer_probability,1,0.16645015762753562
confirmation,146011,4000,atomic_only,composition,accuracy,1,0.00847457627118644
confirmation,146011,4000,atomic_only,composition,answer_accuracy,1,0.00847457627118644
confirmation,146011,4000,atomic_only,composition,answer_probability,1,0.009241503301846336
confirmation,146011,4000,composition_used,atomic,accuracy,1,0.94140625
confirmation,146011,4000,composition_used,atomic,answer_accuracy,1,0.94140625
confirmation,146011,4000,composition_used,atomic,answer_probability,1,0.6369523565045409
confirmation,146011,4000,composition_used,composition,accuracy,1,0.2951977401129943
confirmation,146011,4000,composition_used,composition,answer_accuracy,1,0.2951977401129943
confirmation,146011,4000,composition_used,composition,answer_probability,1,0.1641115396169539
confirmation,146011,4000,matching_repetition,atomic,accuracy,1,1.0
confirmation,146011,4000,matching_repetition,atomic,answer_accuracy,1,1.0
confirmation,146011,4000,matching_repetition,atomic,answer_probability,1,0.9839585103881949
confirmation,146011,4000,matching_repetition,composition,accuracy,1,0.13397901533494755
confirmation,146011,4000,matching_repetition,composition,answer_accuracy,1,0.13397901533494755
confirmation,146011,4000,matching_repetition,composition,answer_probability,1,0.08894397372169639
confirmation,146011,4000,other_repetition,atomic,accuracy,1,0.984375
confirmation,146011,4000,other_repetition,atomic,answer_accuracy,1,0.984375
confirmation,146011,4000,other_repetition,atomic,answer_probability,1,0.838404895673977
confirmation,146011,4000,other_repetition,composition,accuracy,1,0.0
confirmation,146011,4000,other_repetition,composition,answer_accuracy,1,0.0
confirmation,146011,4000,other_repetition,composition,answer_probability,1,0.01171726799603933
confirmation,146011,8000,atomic_only,atomic,accuracy,1,1.0
confirmation,146011,8000,atomic_only,atomic,answer_accuracy,1,1.0
confirmation,146011,8000,atomic_only,atomic,answer_probability,1,0.9853835572580392
confirmation,146011,8000,atomic_only,composition,accuracy,1,0.0
confirmation,146011,8000,atomic_only,composition,answer_accuracy,1,0.0
confirmation,146011,8000,atomic_only,composition,answer_probability,1,0.006008246113029154
confirmation,146011,8000,composition_used,atomic,accuracy,1,1.0
confirmation,146011,8000,composition_used,atomic,answer_accuracy,1,1.0
confirmation,146011,8000,composition_used,atomic,answer_probability,1,0.9967916801011237
confirmation,146011,8000,composition_used,composition,accuracy,1,0.8317191283292978
confirmation,146011,8000,composition_used,composition,answer_accuracy,1,0.8317191283292978
confirmation,146011,8000,composition_used,composition,answer_probability,1,0.762679119920511
confirmation,146011,8000,matching_repetition,atomic,accuracy,1,1.0
confirmation,146011,8000,matching_repetition,atomic,answer_accuracy,1,1.0
confirmation,146011,8000,matching_repetition,atomic,answer_probability,1,0.9995621887086987
confirmation,146011,8000,matching_repetition,composition,accuracy,1,0.1781678773204197
confirmation,146011,8000,matching_repetition,composition,answer_accuracy,1,0.1781678773204197
confirmation,146011,8000,matching_repetition,composition,answer_probability,1,0.15530600321770865
confirmation,146011,8000,other_repetition,atomic,accuracy,1,1.0
confirmation,146011,8000,other_repetition,atomic,answer_accuracy,1,1.0
confirmation,146011,8000,other_repetition,atomic,answer_probability,1,0.9969201875729488
confirmation,146011,8000,other_repetition,composition,accuracy,1,0.0
confirmation,146011,8000,other_repetition,composition,answer_accuracy,1,0.0
confirmation,146011,8000,other_repetition,composition,answer_probability,1,0.020617681445292867
confirmation,146011,12000,atomic_only,atomic,accuracy,1,1.0
confirmation,146011,12000,atomic_only,atomic,answer_accuracy,1,1.0
confirmation,146011,12000,atomic_only,atomic,answer_probability,1,0.9979636463219197
confirmation,146011,12000,atomic_only,composition,accuracy,1,0.00847457627118644
confirmation,146011,12000,atomic_only,composition,answer_accuracy,1,0.00847457627118644
confirmation,146011,12000,atomic_only,composition,answer_probability,1,0.012326816656519461
confirmation,146011,12000,composition_used,atomic,accuracy,1,1.0
confirmation,146011,12000,composition_used,atomic,answer_accuracy,1,1.0
confirmation,146011,12000,composition_used,atomic,answer_probability,1,0.9996999251120604
confirmation,146011,12000,composition_used,composition,accuracy,1,0.9439063761097659
confirmation,146011,12000,composition_used,composition,answer_accuracy,1,0.9439063761097659
confirmation,146011,12000,composition_used,composition,answer_probability,1,0.9002057157387511
confirmation,146011,12000,matching_repetition,atomic,accuracy,1,1.0
confirmation,146011,12000,matching_repetition,atomic,answer_accuracy,1,1.0
confirmation,146011,12000,matching_repetition,atomic,answer_probability,1,0.9999064804395902
confirmation,146011,12000,matching_repetition,composition,accuracy,1,0.15778853914447133
confirmation,146011,12000,matching_repetition,composition,answer_accuracy,1,0.15778853914447133
confirmation,146011,12000,matching_repetition,composition,answer_probability,1,0.1405463221379418
confirmation,146011,12000,other_repetition,atomic,accuracy,1,1.0
confirmation,146011,12000,other_repetition,atomic,answer_accuracy,1,1.0
confirmation,146011,12000,other_repetition,atomic,answer_probability,1,0.9993085455930568
confirmation,146011,12000,other_repetition,composition,accuracy,1,0.025423728813559324
confirmation,146011,12000,other_repetition,composition,answer_accuracy,1,0.025423728813559324
confirmation,146011,12000,other_repetition,composition,answer_probability,1,0.02947408222715321
confirmation,146011,16000,atomic_only,atomic,accuracy,1,1.0
confirmation,146011,16000,atomic_only,atomic,answer_accuracy,1,1.0
confirmation,146011,16000,atomic_only,atomic,answer_probability,1,0.999181020577516
confirmation,146011,16000,atomic_only,composition,accuracy,1,0.00847457627118644
confirmation,146011,16000,atomic_only,composition,answer_accuracy,1,0.00847457627118644
confirmation,146011,16000,atomic_only,composition,answer_probability,1,0.007892885017253092
confirmation,146011,16000,composition_used,atomic,accuracy,1,1.0
confirmation,146011,16000,composition_used,atomic,answer_accuracy,1,1.0
confirmation,146011,16000,composition_used,atomic,answer_probability,1,0.9998757966311551
confirmation,146011,16000,composition_used,composition,accuracy,1,0.9677158999192897
confirmation,146011,16000,composition_used,composition,answer_accuracy,1,0.9677158999192897
confirmation,146011,16000,composition_used,composition,answer_probability,1,0.9444281272617817
confirmation,146011,16000,matching_repetition,atomic,accuracy,1,1.0
confirmation,146011,16000,matching_repetition,atomic,answer_accuracy,1,1.0
confirmation,146011,16000,matching_repetition,atomic,answer_probability,1,0.9999205549626888
confirmation,146011,16000,matching_repetition,composition,accuracy,1,0.18845843422114608
confirmation,146011,16000,matching_repetition,composition,answer_accuracy,1,0.18845843422114608
confirmation,146011,16000,matching_repetition,composition,answer_probability,1,0.14261121506345498
confirmation,146011,16000,other_repetition,atomic,accuracy,1,1.0
confirmation,146011,16000,other_repetition,atomic,answer_accuracy,1,1.0
confirmation,146011,16000,other_repetition,atomic,answer_probability,1,0.9988914623801988
confirmation,146011,16000,other_repetition,composition,accuracy,1,0.020379338175948343
confirmation,146011,16000,other_repetition,composition,answer_accuracy,1,0.020379338175948343
confirmation,146011,16000,other_repetition,composition,answer_probability,1,0.018384874138068604
confirmation,146011,24000,atomic_only,atomic,accuracy,1,1.0
confirmation,146011,24000,atomic_only,atomic,answer_accuracy,1,1.0
confirmation,146011,24000,atomic_only,atomic,answer_probability,1,0.9995963835315785
confirmation,146011,24000,atomic_only,composition,accuracy,1,0.025423728813559324
confirmation,146011,24000,atomic_only,composition,answer_accuracy,1,0.025423728813559324
confirmation,146011,24000,atomic_only,composition,answer_probability,1,0.019655315078097826
confirmation,146011,24000,composition_used,atomic,accuracy,1,1.0
confirmation,146011,24000,composition_used,atomic,answer_accuracy,1,1.0
confirmation,146011,24000,composition_used,atomic,answer_probability,1,0.9999608504224085
confirmation,146011,24000,composition_used,composition,accuracy,1,0.9642857142857143
confirmation,146011,24000,composition_used,composition,answer_accuracy,1,0.9642857142857143
confirmation,146011,24000,composition_used,composition,answer_probability,1,0.9583586300551061
confirmation,146011,24000,matching_repetition,atomic,accuracy,1,1.0
confirmation,146011,24000,matching_repetition,atomic,answer_accuracy,1,1.0
confirmation,146011,24000,matching_repetition,atomic,answer_probability,1,0.9999792140718293
confirmation,146011,24000,matching_repetition,composition,accuracy,1,0.1662631154156578
confirmation,146011,24000,matching_repetition,composition,answer_accuracy,1,0.1662631154156578
confirmation,146011,24000,matching_repetition,composition,answer_probability,1,0.14994156325054392
confirmation,146011,24000,other_repetition,atomic,accuracy,1,1.0
confirmation,146011,24000,other_repetition,atomic,answer_accuracy,1,1.0
confirmation,146011,24000,other_repetition,atomic,answer_probability,1,0.9997528119711299
confirmation,146011,24000,other_repetition,composition,accuracy,1,0.020379338175948343
confirmation,146011,24000,other_repetition,composition,answer_accuracy,1,0.020379338175948343
confirmation,146011,24000,other_repetition,composition,answer_probability,1,0.026330569612399643
confirmation,146011,32000,atomic_only,atomic,accuracy,1,1.0
confirmation,146011,32000,atomic_only,atomic,answer_accuracy,1,1.0
confirmation,146011,32000,atomic_only,atomic,answer_probability,1,0.9998860158666611
confirmation,146011,32000,atomic_only,composition,accuracy,1,0.01694915254237288
confirmation,146011,32000,atomic_only,composition,answer_accuracy,1,0.01694915254237288
confirmation,146011,32000,atomic_only,composition,answer_probability,1,0.023996815952834424
confirmation,146011,32000,composition_used,atomic,accuracy,1,1.0
confirmation,146011,32000,composition_used,atomic,answer_accuracy,1,1.0
confirmation,146011,32000,composition_used,atomic,answer_probability,1,0.9999886223241768
confirmation,146011,32000,composition_used,composition,accuracy,1,1.0
confirmation,146011,32000,composition_used,composition,answer_accuracy,1,1.0
confirmation,146011,32000,composition_used,composition,answer_probability,1,0.9918452053101485
confirmation,146011,32000,matching_repetition,atomic,accuracy,1,1.0
confirmation,146011,32000,matching_repetition,atomic,answer_accuracy,1,1.0
confirmation,146011,32000,matching_repetition,atomic,answer_probability,1,0.9999857208897467
confirmation,146011,32000,matching_repetition,composition,accuracy,1,0.15435835351089588
confirmation,146011,32000,matching_repetition,composition,answer_accuracy,1,0.15435835351089588
confirmation,146011,32000,matching_repetition,composition,answer_probability,1,0.16583112330369434
confirmation,146011,32000,other_repetition,atomic,accuracy,1,1.0
confirmation,146011,32000,other_repetition,atomic,answer_accuracy,1,1.0
confirmation,146011,32000,other_repetition,atomic,answer_probability,1,0.9998894030799794
confirmation,146011,32000,other_repetition,composition,accuracy,1,0.04923325262308313
confirmation,146011,32000,other_repetition,composition,answer_accuracy,1,0.04923325262308313
confirmation,146011,32000,other_repetition,composition,answer_probability,1,0.059709708043289664
confirmation,146011,40000,atomic_only,atomic,accuracy,1,1.0
confirmation,146011,40000,atomic_only,atomic,answer_accuracy,1,1.0
confirmation,146011,40000,atomic_only,atomic,answer_probability,1,0.9999460303204768
confirmation,146011,40000,atomic_only,composition,accuracy,1,0.01694915254237288
confirmation,146011,40000,atomic_only,composition,answer_accuracy,1,0.01694915254237288
confirmation,146011,40000,atomic_only,composition,answer_probability,1,0.02028476054391039
confirmation,146011,40000,composition_used,atomic,accuracy,1,1.0
confirmation,146011,40000,composition_used,atomic,answer_accuracy,1,1.0
confirmation,146011,40000,composition_used,atomic,answer_probability,1,0.9999836071023627
confirmation,146011,40000,composition_used,composition,accuracy,1,0.9880952380952381
confirmation,146011,40000,composition_used,composition,answer_accuracy,1,0.9880952380952381
confirmation,146011,40000,composition_used,composition,answer_probability,1,0.9871118096106457
confirmation,146011,40000,matching_repetition,atomic,accuracy,1,1.0
confirmation,146011,40000,matching_repetition,atomic,answer_accuracy,1,1.0
confirmation,146011,40000,matching_repetition,atomic,answer_probability,1,0.9999867897489394
confirmation,146011,40000,matching_repetition,composition,accuracy,1,0.22397094430992737
confirmation,146011,40000,matching_repetition,composition,answer_accuracy,1,0.22397094430992737
confirmation,146011,40000,matching_repetition,composition,answer_probability,1,0.18938130250482937
confirmation,146011,40000,other_repetition,atomic,accuracy,1,1.0
confirmation,146011,40000,other_repetition,atomic,answer_accuracy,1,1.0
confirmation,146011,40000,other_repetition,atomic,answer_probability,1,0.9999315964630351
confirmation,146011,40000,other_repetition,composition,accuracy,1,0.025423728813559324
confirmation,146011,40000,other_repetition,composition,answer_accuracy,1,0.025423728813559324
confirmation,146011,40000,other_repetition,composition,answer_probability,1,0.03621773584905326
confirmation,146011,48000,atomic_only,atomic,accuracy,1,1.0
confirmation,146011,48000,atomic_only,atomic,answer_accuracy,1,1.0
confirmation,146011,48000,atomic_only,atomic,answer_probability,1,0.9999102505087596
confirmation,146011,48000,atomic_only,composition,accuracy,1,0.023809523809523808
confirmation,146011,48000,atomic_only,composition,answer_accuracy,1,0.023809523809523808
confirmation,146011,48000,atomic_only,composition,answer_probability,1,0.0214432516862237
confirmation,146011,48000,composition_used,atomic,accuracy,1,1.0
confirmation,146011,48000,composition_used,atomic,answer_accuracy,1,1.0
confirmation,146011,48000,composition_used,atomic,answer_probability,1,0.999990140456229
confirmation,146011,48000,composition_used,composition,accuracy,1,1.0
confirmation,146011,48000,composition_used,composition,answer_accuracy,1,1.0
confirmation,146011,48000,composition_used,composition,answer_probability,1,0.9936874945231031
confirmation,146011,48000,matching_repetition,atomic,accuracy,1,1.0
confirmation,146011,48000,matching_repetition,atomic,answer_accuracy,1,1.0
confirmation,146011,48000,matching_repetition,atomic,answer_probability,1,0.9999885135884603
confirmation,146011,48000,matching_repetition,composition,accuracy,1,0.1781678773204197
confirmation,146011,48000,matching_repetition,composition,answer_accuracy,1,0.1781678773204197
confirmation,146011,48000,matching_repetition,composition,answer_probability,1,0.1619228177429109
confirmation,146011,48000,other_repetition,atomic,accuracy,1,1.0
confirmation,146011,48000,other_repetition,atomic,answer_accuracy,1,1.0
confirmation,146011,48000,other_repetition,atomic,answer_probability,1,0.9998878756017986
confirmation,146011,48000,other_repetition,composition,accuracy,1,0.054277643260694106
confirmation,146011,48000,other_repetition,composition,answer_accuracy,1,0.054277643260694106
confirmation,146011,48000,other_repetition,composition,answer_probability,1,0.04854008351011227
confirmation,146011,56000,atomic_only,atomic,accuracy,1,1.0
confirmation,146011,56000,atomic_only,atomic,answer_accuracy,1,1.0
confirmation,146011,56000,atomic_only,atomic,answer_probability,1,0.9998897772956981
confirmation,146011,56000,atomic_only,composition,accuracy,1,0.040758676351896686
confirmation,146011,56000,atomic_only,composition,answer_accuracy,1,0.040758676351896686
confirmation,146011,56000,atomic_only,composition,answer_probability,1,0.043203513065258825
confirmation,146011,56000,composition_used,atomic,accuracy,1,1.0
confirmation,146011,56000,composition_used,atomic,answer_accuracy,1,1.0
confirmation,146011,56000,composition_used,atomic,answer_probability,1,0.9999839062347231
confirmation,146011,56000,composition_used,composition,accuracy,1,1.0
confirmation,146011,56000,composition_used,composition,answer_accuracy,1,1.0
confirmation,146011,56000,composition_used,composition,answer_probability,1,0.9926239523392186
confirmation,146011,56000,matching_repetition,atomic,accuracy,1,1.0
confirmation,146011,56000,matching_repetition,atomic,answer_accuracy,1,1.0
confirmation,146011,56000,matching_repetition,atomic,answer_probability,1,0.9999942147333113
confirmation,146011,56000,matching_repetition,composition,accuracy,1,0.14588377723970944
confirmation,146011,56000,matching_repetition,composition,answer_accuracy,1,0.14588377723970944
confirmation,146011,56000,matching_repetition,composition,answer_probability,1,0.1483723449791435
confirmation,146011,56000,other_repetition,atomic,accuracy,1,1.0
confirmation,146011,56000,other_repetition,atomic,answer_accuracy,1,1.0
confirmation,146011,56000,other_repetition,atomic,answer_probability,1,0.9999494711132152
confirmation,146011,56000,other_repetition,composition,accuracy,1,0.054277643260694106
confirmation,146011,56000,other_repetition,composition,answer_accuracy,1,0.054277643260694106
confirmation,146011,56000,other_repetition,composition,answer_probability,1,0.05040352121240814
confirmation,146011,64000,atomic_only,atomic,accuracy,1,1.0
confirmation,146011,64000,atomic_only,atomic,answer_accuracy,1,1.0
confirmation,146011,64000,atomic_only,atomic,answer_probability,1,0.9999565346340336
confirmation,146011,64000,atomic_only,composition,accuracy,1,0.028853914447134785
confirmation,146011,64000,atomic_only,composition,answer_accuracy,1,0.028853914447134785
confirmation,146011,64000,atomic_only,composition,answer_probability,1,0.031232757736234316
confirmation,146011,64000,composition_used,atomic,accuracy,1,1.0
confirmation,146011,64000,composition_used,atomic,answer_accuracy,1,1.0
confirmation,146011,64000,composition_used,atomic,answer_probability,1,0.9999926934796199
confirmation,146011,64000,composition_used,composition,accuracy,1,0.9880952380952381
confirmation,146011,64000,composition_used,composition,answer_accuracy,1,0.9880952380952381
confirmation,146011,64000,composition_used,composition,answer_probability,1,0.9879647040636346
confirmation,146011,64000,matching_repetition,atomic,accuracy,1,1.0
confirmation,146011,64000,matching_repetition,atomic,answer_accuracy,1,1.0
confirmation,146011,64000,matching_repetition,atomic,answer_probability,1,0.9999820847699089
confirmation,146011,64000,matching_repetition,composition,accuracy,1,0.2189265536723164
confirmation,146011,64000,matching_repetition,composition,answer_accuracy,1,0.2189265536723164
confirmation,146011,64000,matching_repetition,composition,answer_probability,1,0.18939276729004195
confirmation,146011,64000,other_repetition,atomic,accuracy,1,1.0
confirmation,146011,64000,other_repetition,atomic,answer_accuracy,1,1.0
confirmation,146011,64000,other_repetition,atomic,answer_probability,1,0.9999448274040481
confirmation,146011,64000,other_repetition,composition,accuracy,1,0.0423728813559322
confirmation,146011,64000,other_repetition,composition,answer_accuracy,1,0.0423728813559322
confirmation,146011,64000,other_repetition,composition,answer_probability,1,0.03562302766975852
confirmation,146011,80000,atomic_only,atomic,accuracy,1,1.0
confirmation,146011,80000,atomic_only,atomic,answer_accuracy,1,1.0
confirmation,146011,80000,atomic_only,atomic,answer_probability,1,0.9999770840867623
confirmation,146011,80000,atomic_only,composition,accuracy,1,0.04923325262308313
confirmation,146011,80000,atomic_only,composition,answer_accuracy,1,0.04923325262308313
confirmation,146011,80000,atomic_only,composition,answer_probability,1,0.05376053062870706
confirmation,146011,80000,composition_used,atomic,accuracy,1,1.0
confirmation,146011,80000,composition_used,atomic,answer_accuracy,1,1.0
confirmation,146011,80000,composition_used,atomic,answer_probability,1,0.9993293551968225
confirmation,146011,80000,composition_used,composition,accuracy,1,1.0
confirmation,146011,80000,composition_used,composition,answer_accuracy,1,1.0
confirmation,146011,80000,composition_used,composition,answer_probability,1,0.9993689037761375
confirmation,146011,80000,matching_repetition,atomic,accuracy,1,1.0
confirmation,146011,80000,matching_repetition,atomic,answer_accuracy,1,1.0
confirmation,146011,80000,matching_repetition,atomic,answer_probability,1,0.9999955143577739
confirmation,146011,80000,matching_repetition,composition,accuracy,1,0.19007263922518158
confirmation,146011,80000,matching_repetition,composition,answer_accuracy,1,0.19007263922518158
confirmation,146011,80000,matching_repetition,composition,answer_probability,1,0.1965887695275057
confirmation,146011,80000,other_repetition,atomic,accuracy,1,1.0
confirmation,146011,80000,other_repetition,atomic,answer_accuracy,1,1.0
confirmation,146011,80000,other_repetition,atomic,answer_probability,1,0.9999647596850352
confirmation,146011,80000,other_repetition,composition,accuracy,1,0.06961259079903148
confirmation,146011,80000,other_repetition,composition,answer_accuracy,1,0.06961259079903148
confirmation,146011,80000,other_repetition,composition,answer_probability,1,0.052875585892265695
confirmation,146011,96000,atomic_only,atomic,accuracy,1,0.998046875
confirmation,146011,96000,atomic_only,atomic,answer_accuracy,1,0.998046875
confirmation,146011,96000,atomic_only,atomic,answer_probability,1,0.9983362510646392
confirmation,146011,96000,atomic_only,composition,accuracy,1,0.0423728813559322
confirmation,146011,96000,atomic_only,composition,answer_accuracy,1,0.0423728813559322
confirmation,146011,96000,atomic_only,composition,answer_probability,1,0.03924061076815965
confirmation,146011,96000,composition_used,atomic,accuracy,1,1.0
confirmation,146011,96000,composition_used,atomic,answer_accuracy,1,1.0
confirmation,146011,96000,composition_used,atomic,answer_probability,1,0.9999917887275218
confirmation,146011,96000,composition_used,composition,accuracy,1,1.0
confirmation,146011,96000,composition_used,composition,answer_accuracy,1,1.0
confirmation,146011,96000,composition_used,composition,answer_probability,1,0.9986886149840075
confirmation,146011,96000,matching_repetition,atomic,accuracy,1,1.0
confirmation,146011,96000,matching_repetition,atomic,answer_accuracy,1,1.0
confirmation,146011,96000,matching_repetition,atomic,answer_probability,1,0.9999688369694704
confirmation,146011,96000,matching_repetition,composition,accuracy,1,0.20036319612590797
confirmation,146011,96000,matching_repetition,composition,answer_accuracy,1,0.20036319612590797
confirmation,146011,96000,matching_repetition,composition,answer_probability,1,0.1913571531963351
confirmation,146011,96000,other_repetition,atomic,accuracy,1,1.0
confirmation,146011,96000,other_repetition,atomic,answer_accuracy,1,1.0
confirmation,146011,96000,other_repetition,atomic,answer_probability,1,0.9999617258948719
confirmation,146011,96000,other_repetition,composition,accuracy,1,0.08656174334140436
confirmation,146011,96000,other_repetition,composition,answer_accuracy,1,0.08656174334140436
confirmation,146011,96000,other_repetition,composition,answer_probability,1,0.06370271156488659
confirmation,146011,112000,atomic_only,atomic,accuracy,1,1.0
confirmation,146011,112000,atomic_only,atomic,answer_accuracy,1,1.0
confirmation,146011,112000,atomic_only,atomic,answer_probability,1,0.9999756933837903
confirmation,146011,112000,atomic_only,composition,accuracy,1,0.03732849071832123
confirmation,146011,112000,atomic_only,composition,answer_accuracy,1,0.03732849071832123
confirmation,146011,112000,atomic_only,composition,answer_probability,1,0.02805803288381853
confirmation,146011,112000,composition_used,atomic,accuracy,1,1.0
confirmation,146011,112000,composition_used,atomic,answer_accuracy,1,1.0
confirmation,146011,112000,composition_used,atomic,answer_probability,1,0.9999946634409006
confirmation,146011,112000,composition_used,composition,accuracy,1,1.0
confirmation,146011,112000,composition_used,composition,answer_accuracy,1,1.0
confirmation,146011,112000,composition_used,composition,answer_probability,1,0.9998853562902272
confirmation,146011,112000,matching_repetition,atomic,accuracy,1,1.0
confirmation,146011,112000,matching_repetition,atomic,answer_accuracy,1,1.0
confirmation,146011,112000,matching_repetition,atomic,answer_probability,1,0.999772178123298
confirmation,146011,112000,matching_repetition,composition,accuracy,1,0.24273607748184017
confirmation,146011,112000,matching_repetition,composition,answer_accuracy,1,0.24273607748184017
confirmation,146011,112000,matching_repetition,composition,answer_probability,1,0.20761764835186372
confirmation,146011,112000,other_repetition,atomic,accuracy,1,1.0
confirmation,146011,112000,other_repetition,atomic,answer_accuracy,1,1.0
confirmation,146011,112000,other_repetition,atomic,answer_probability,1,0.9999464896994062
confirmation,146011,112000,other_repetition,composition,accuracy,1,0.09160613397901533
confirmation,146011,112000,other_repetition,composition,answer_accuracy,1,0.09160613397901533
confirmation,146011,112000,other_repetition,composition,answer_probability,1,0.07007567097235431
confirmation,146011,128000,atomic_only,atomic,accuracy,1,1.0
confirmation,146011,128000,atomic_only,atomic,answer_accuracy,1,1.0
confirmation,146011,128000,atomic_only,atomic,answer_probability,1,0.9999772870856116
confirmation,146011,128000,atomic_only,composition,accuracy,1,0.028853914447134785
confirmation,146011,128000,atomic_only,composition,answer_accuracy,1,0.028853914447134785
confirmation,146011,128000,atomic_only,composition,answer_probability,1,0.03000171741414361
confirmation,146011,128000,composition_used,atomic,accuracy,1,1.0
confirmation,146011,128000,composition_used,atomic,answer_accuracy,1,1.0
confirmation,146011,128000,composition_used,atomic,answer_probability,1,0.9999864500785285
confirmation,146011,128000,composition_used,composition,accuracy,1,1.0
confirmation,146011,128000,composition_used,composition,answer_accuracy,1,1.0
confirmation,146011,128000,composition_used,composition,answer_probability,1,0.9998984383623144
confirmation,146011,128000,matching_repetition,atomic,accuracy,1,1.0
confirmation,146011,128000,matching_repetition,atomic,answer_accuracy,1,1.0
confirmation,146011,128000,matching_repetition,atomic,answer_probability,1,0.9999949409681036
confirmation,146011,128000,matching_repetition,composition,accuracy,1,0.2919693301049233
confirmation,146011,128000,matching_repetition,composition,answer_accuracy,1,0.2919693301049233
confirmation,146011,128000,matching_repetition,composition,answer_probability,1,0.23802891201463794
confirmation,146011,128000,other_repetition,atomic,accuracy,1,1.0
confirmation,146011,128000,other_repetition,atomic,answer_accuracy,1,1.0
confirmation,146011,128000,other_repetition,atomic,answer_probability,1,0.9991300664440396
confirmation,146011,128000,other_repetition,composition,accuracy,1,0.09503631961259079
confirmation,146011,128000,other_repetition,composition,answer_accuracy,1,0.09503631961259079
confirmation,146011,128000,other_repetition,composition,answer_probability,1,0.07532605744382817
confirmation,146012,0,atomic_only,atomic,accuracy,1,0.0
confirmation,146012,0,atomic_only,atomic,answer_accuracy,1,0.0
confirmation,146012,0,atomic_only,atomic,answer_probability,1,0.0067545583105153885
confirmation,146012,0,atomic_only,composition,accuracy,1,0.0
confirmation,146012,0,atomic_only,composition,answer_accuracy,1,0.0
confirmation,146012,0,atomic_only,composition,answer_probability,1,0.006857487391466424
confirmation,146012,0,composition_used,atomic,accuracy,1,0.0
confirmation,146012,0,composition_used,atomic,answer_accuracy,1,0.0
confirmation,146012,0,composition_used,atomic,answer_probability,1,0.0067545583105153885
confirmation,146012,0,composition_used,composition,accuracy,1,0.0
confirmation,146012,0,composition_used,composition,answer_accuracy,1,0.0
confirmation,146012,0,composition_used,composition,answer_probability,1,0.006857487391466424
confirmation,146012,0,matching_repetition,atomic,accuracy,1,0.0
confirmation,146012,0,matching_repetition,atomic,answer_accuracy,1,0.0
confirmation,146012,0,matching_repetition,atomic,answer_probability,1,0.0067545583105153885
confirmation,146012,0,matching_repetition,composition,accuracy,1,0.0
confirmation,146012,0,matching_repetition,composition,answer_accuracy,1,0.0
confirmation,146012,0,matching_repetition,composition,answer_probability,1,0.006857487391466424
confirmation,146012,0,other_repetition,atomic,accuracy,1,0.0
confirmation,146012,0,other_repetition,atomic,answer_accuracy,1,0.0
confirmation,146012,0,other_repetition,atomic,answer_probability,1,0.0067545583105153885
confirmation,146012,0,other_repetition,composition,accuracy,1,0.0
confirmation,146012,0,other_repetition,composition,answer_accuracy,1,0.0
confirmation,146012,0,other_repetition,composition,answer_probability,1,0.006857487391466424
confirmation,146012,100,atomic_only,atomic,accuracy,1,0.0
confirmation,146012,100,atomic_only,atomic,answer_accuracy,1,0.0
confirmation,146012,100,atomic_only,atomic,answer_probability,1,0.006710621478121027
confirmation,146012,100,atomic_only,composition,accuracy,1,0.0
confirmation,146012,100,atomic_only,composition,answer_accuracy,1,0.0
confirmation,146012,100,atomic_only,composition,answer_probability,1,0.006888881913470328
confirmation,146012,100,composition_used,atomic,accuracy,1,0.0
confirmation,146012,100,composition_used,atomic,answer_accuracy,1,0.0
confirmation,146012,100,composition_used,atomic,answer_probability,1,0.0067760417671402645
confirmation,146012,100,composition_used,composition,accuracy,1,0.0
confirmation,146012,100,composition_used,composition,answer_accuracy,1,0.0
confirmation,146012,100,composition_used,composition,answer_probability,1,0.006971254870061406
confirmation,146012,100,matching_repetition,atomic,accuracy,1,0.0
confirmation,146012,100,matching_repetition,atomic,answer_accuracy,1,0.0
confirmation,146012,100,matching_repetition,atomic,answer_probability,1,0.006810402478236157
confirmation,146012,100,matching_repetition,composition,accuracy,1,0.0
confirmation,146012,100,matching_repetition,composition,answer_accuracy,1,0.0
confirmation,146012,100,matching_repetition,composition,answer_probability,1,0.0069219669541730824
confirmation,146012,100,other_repetition,atomic,accuracy,1,0.0
confirmation,146012,100,other_repetition,atomic,answer_accuracy,1,0.0
confirmation,146012,100,other_repetition,atomic,answer_probability,1,0.006700639929193377
confirmation,146012,100,other_repetition,composition,accuracy,1,0.0
confirmation,146012,100,other_repetition,composition,answer_accuracy,1,0.0
confirmation,146012,100,other_repetition,composition,answer_probability,1,0.0068730615848155464
confirmation,146012,250,atomic_only,atomic,accuracy,1,0.0
confirmation,146012,250,atomic_only,atomic,answer_accuracy,1,0.0
confirmation,146012,250,atomic_only,atomic,answer_probability,1,0.0065074182581980455
confirmation,146012,250,atomic_only,composition,accuracy,1,0.0
confirmation,146012,250,atomic_only,composition,answer_accuracy,1,0.0
confirmation,146012,250,atomic_only,composition,answer_probability,1,0.006603991226728905
confirmation,146012,250,composition_used,atomic,accuracy,1,0.0
confirmation,146012,250,composition_used,atomic,answer_accuracy,1,0.0
confirmation,146012,250,composition_used,atomic,answer_probability,1,0.006773032740178487
confirmation,146012,250,composition_used,composition,accuracy,1,0.0
confirmation,146012,250,composition_used,composition,answer_accuracy,1,0.0
confirmation,146012,250,composition_used,composition,answer_probability,1,0.006863068043212367
confirmation,146012,250,matching_repetition,atomic,accuracy,1,0.0
confirmation,146012,250,matching_repetition,atomic,answer_accuracy,1,0.0
confirmation,146012,250,matching_repetition,atomic,answer_probability,1,0.007149593169321775
confirmation,146012,250,matching_repetition,composition,accuracy,1,0.0
confirmation,146012,250,matching_repetition,composition,answer_accuracy,1,0.0
confirmation,146012,250,matching_repetition,composition,answer_probability,1,0.006683051937904555
confirmation,146012,250,other_repetition,atomic,accuracy,1,0.0
confirmation,146012,250,other_repetition,atomic,answer_accuracy,1,0.0
confirmation,146012,250,other_repetition,atomic,answer_probability,1,0.00664576871787007
confirmation,146012,250,other_repetition,composition,accuracy,1,0.0
confirmation,146012,250,other_repetition,composition,answer_accuracy,1,0.0
confirmation,146012,250,other_repetition,composition,answer_probability,1,0.006536480649968302
confirmation,146012,500,atomic_only,atomic,accuracy,1,0.009765625
confirmation,146012,500,atomic_only,atomic,answer_accuracy,1,0.009765625
confirmation,146012,500,atomic_only,atomic,answer_probability,1,0.007449960019853647
confirmation,146012,500,atomic_only,composition,accuracy,1,0.0
confirmation,146012,500,atomic_only,composition,answer_accuracy,1,0.0
confirmation,146012,500,atomic_only,composition,answer_probability,1,0.00731794976849511
confirmation,146012,500,composition_used,atomic,accuracy,1,0.03125
confirmation,146012,500,composition_used,atomic,answer_accuracy,1,0.03125
confirmation,146012,500,composition_used,atomic,answer_probability,1,0.009027688862918248
confirmation,146012,500,composition_used,composition,accuracy,1,0.02795248078266946
confirmation,146012,500,composition_used,composition,answer_accuracy,1,0.02795248078266946
confirmation,146012,500,composition_used,composition,answer_probability,1,0.009383676691492074
confirmation,146012,500,matching_repetition,atomic,accuracy,1,0.095703125
confirmation,146012,500,matching_repetition,atomic,answer_accuracy,1,0.095703125
confirmation,146012,500,matching_repetition,atomic,answer_probability,1,0.011388843246169083
confirmation,146012,500,matching_repetition,composition,accuracy,1,0.0
confirmation,146012,500,matching_repetition,composition,answer_accuracy,1,0.0
confirmation,146012,500,matching_repetition,composition,answer_probability,1,0.006348467444582064
confirmation,146012,500,other_repetition,atomic,accuracy,1,0.01171875
confirmation,146012,500,other_repetition,atomic,answer_accuracy,1,0.01171875
confirmation,146012,500,other_repetition,atomic,answer_probability,1,0.007344494181558612
confirmation,146012,500,other_repetition,composition,accuracy,1,0.0
confirmation,146012,500,other_repetition,composition,answer_accuracy,1,0.0
confirmation,146012,500,other_repetition,composition,answer_probability,1,0.005816724706822741
confirmation,146012,1000,atomic_only,atomic,accuracy,1,0.015625
confirmation,146012,1000,atomic_only,atomic,answer_accuracy,1,0.015625
confirmation,146012,1000,atomic_only,atomic,answer_probability,1,0.008604254045316955
confirmation,146012,1000,atomic_only,composition,accuracy,1,0.0
confirmation,146012,1000,atomic_only,composition,answer_accuracy,1,0.0
confirmation,146012,1000,atomic_only,composition,answer_probability,1,0.0075376399282358585
confirmation,146012,1000,composition_used,atomic,accuracy,1,0.056640625
confirmation,146012,1000,composition_used,atomic,answer_accuracy,1,0.056640625
confirmation,146012,1000,composition_used,atomic,answer_probability,1,0.015605462140367956
confirmation,146012,1000,composition_used,composition,accuracy,1,0.02830188679245283
confirmation,146012,1000,composition_used,composition,answer_accuracy,1,0.02830188679245283
confirmation,146012,1000,composition_used,composition,answer_probability,1,0.014029220806631179
confirmation,146012,1000,matching_repetition,atomic,accuracy,1,0.625
confirmation,146012,1000,matching_repetition,atomic,answer_accuracy,1,0.625
confirmation,146012,1000,matching_repetition,atomic,answer_probability,1,0.05051503080496737
confirmation,146012,1000,matching_repetition,composition,accuracy,1,0.0186932215234102
confirmation,146012,1000,matching_repetition,composition,answer_accuracy,1,0.0186932215234102
confirmation,146012,1000,matching_repetition,composition,answer_probability,1,0.011169220016747916
confirmation,146012,1000,other_repetition,atomic,accuracy,1,0.015625
confirmation,146012,1000,other_repetition,atomic,answer_accuracy,1,0.015625
confirmation,146012,1000,other_repetition,atomic,answer_probability,1,0.009325973250127868
confirmation,146012,1000,other_repetition,composition,accuracy,1,0.0
confirmation,146012,1000,other_repetition,composition,answer_accuracy,1,0.0
confirmation,146012,1000,other_repetition,composition,answer_probability,1,0.007329667366062774
confirmation,146012,2000,atomic_only,atomic,accuracy,1,0.033203125
confirmation,146012,2000,atomic_only,atomic,answer_accuracy,1,0.033203125
confirmation,146012,2000,atomic_only,atomic,answer_probability,1,0.016424242890727296
confirmation,146012,2000,atomic_only,composition,accuracy,1,0.009259259259259259
confirmation,146012,2000,atomic_only,composition,answer_accuracy,1,0.009259259259259259
confirmation,146012,2000,atomic_only,composition,answer_probability,1,0.008538405053224814
confirmation,146012,2000,composition_used,atomic,accuracy,1,0.259765625
confirmation,146012,2000,composition_used,atomic,answer_accuracy,1,0.259765625
confirmation,146012,2000,composition_used,atomic,answer_probability,1,0.05961644057862692
confirmation,146012,2000,composition_used,composition,accuracy,1,0.09329140461215932
confirmation,146012,2000,composition_used,composition,answer_accuracy,1,0.09329140461215932
confirmation,146012,2000,composition_used,composition,answer_probability,1,0.028371309315852522
confirmation,146012,2000,matching_repetition,atomic,accuracy,1,0.986328125
confirmation,146012,2000,matching_repetition,atomic,answer_accuracy,1,0.986328125
confirmation,146012,2000,matching_repetition,atomic,answer_probability,1,0.565130483877343
confirmation,146012,2000,matching_repetition,composition,accuracy,1,0.07512229210342418
confirmation,146012,2000,matching_repetition,composition,answer_accuracy,1,0.07512229210342418
confirmation,146012,2000,matching_repetition,composition,answer_probability,1,0.026475655108049882
confirmation,146012,2000,other_repetition,atomic,accuracy,1,0.076171875
confirmation,146012,2000,other_repetition,atomic,answer_accuracy,1,0.076171875
confirmation,146012,2000,other_repetition,atomic,answer_probability,1,0.03352157458534813
confirmation,146012,2000,other_repetition,composition,accuracy,1,0.009433962264150943
confirmation,146012,2000,other_repetition,composition,answer_accuracy,1,0.009433962264150943
confirmation,146012,2000,other_repetition,composition,answer_probability,1,0.008706729199669798
confirmation,146012,4000,atomic_only,atomic,accuracy,1,0.33984375
confirmation,146012,4000,atomic_only,atomic,answer_accuracy,1,0.33984375
confirmation,146012,4000,atomic_only,atomic,answer_probability,1,0.1609804464781784
confirmation,146012,4000,atomic_only,composition,accuracy,1,0.009259259259259259
confirmation,146012,4000,atomic_only,composition,answer_accuracy,1,0.009259259259259259
confirmation,146012,4000,atomic_only,composition,answer_probability,1,0.012739988594766546
confirmation,146012,4000,composition_used,atomic,accuracy,1,0.94921875
confirmation,146012,4000,composition_used,atomic,answer_accuracy,1,0.94921875
confirmation,146012,4000,composition_used,atomic,answer_probability,1,0.6787598406472144
confirmation,146012,4000,composition_used,composition,accuracy,1,0.3644304682040531
confirmation,146012,4000,composition_used,composition,answer_accuracy,1,0.3644304682040531
confirmation,146012,4000,composition_used,composition,answer_probability,1,0.2095386966000262
confirmation,146012,4000,matching_repetition,atomic,accuracy,1,1.0
confirmation,146012,4000,matching_repetition,atomic,answer_accuracy,1,1.0
confirmation,146012,4000,matching_repetition,atomic,answer_probability,1,0.9827366523156514
confirmation,146012,4000,matching_repetition,composition,accuracy,1,0.15915443745632424
confirmation,146012,4000,matching_repetition,composition,answer_accuracy,1,0.15915443745632424
confirmation,146012,4000,matching_repetition,composition,answer_probability,1,0.10257369328406579
confirmation,146012,4000,other_repetition,atomic,accuracy,1,0.986328125
confirmation,146012,4000,other_repetition,atomic,answer_accuracy,1,0.986328125
confirmation,146012,4000,other_repetition,atomic,answer_probability,1,0.8265115619202676
confirmation,146012,4000,other_repetition,composition,accuracy,1,0.03756114605171209
confirmation,146012,4000,other_repetition,composition,answer_accuracy,1,0.03756114605171209
confirmation,146012,4000,other_repetition,composition,answer_probability,1,0.016744849448890625
confirmation,146012,8000,atomic_only,atomic,accuracy,1,0.998046875
confirmation,146012,8000,atomic_only,atomic,answer_accuracy,1,0.998046875
confirmation,146012,8000,atomic_only,atomic,answer_probability,1,0.9803457421002075
confirmation,146012,8000,atomic_only,composition,accuracy,1,0.009433962264150943
confirmation,146012,8000,atomic_only,composition,answer_accuracy,1,0.009433962264150943
confirmation,146012,8000,atomic_only,composition,answer_probability,1,0.015081169200220734
confirmation,146012,8000,composition_used,atomic,accuracy,1,1.0
confirmation,146012,8000,composition_used,atomic,answer_accuracy,1,1.0
confirmation,146012,8000,composition_used,atomic,answer_probability,1,0.9969006812008712
confirmation,146012,8000,composition_used,composition,accuracy,1,0.8880153738644305
confirmation,146012,8000,composition_used,composition,answer_accuracy,1,0.8880153738644305
confirmation,146012,8000,composition_used,composition,answer_probability,1,0.8040899030768875
confirmation,146012,8000,matching_repetition,atomic,accuracy,1,1.0
confirmation,146012,8000,matching_repetition,atomic,answer_accuracy,1,1.0
confirmation,146012,8000,matching_repetition,atomic,answer_probability,1,0.9994878076310361
confirmation,146012,8000,matching_repetition,composition,accuracy,1,0.2148846960167715
confirmation,146012,8000,matching_repetition,composition,answer_accuracy,1,0.2148846960167715
confirmation,146012,8000,matching_repetition,composition,answer_probability,1,0.15206862540005925
confirmation,146012,8000,other_repetition,atomic,accuracy,1,1.0
confirmation,146012,8000,other_repetition,atomic,answer_accuracy,1,1.0
confirmation,146012,8000,other_repetition,atomic,answer_probability,1,0.9952130784566068
confirmation,146012,8000,other_repetition,composition,accuracy,1,0.03773584905660377
confirmation,146012,8000,other_repetition,composition,answer_accuracy,1,0.03773584905660377
confirmation,146012,8000,other_repetition,composition,answer_probability,1,0.030338384022626147
confirmation,146012,12000,atomic_only,atomic,accuracy,1,1.0
confirmation,146012,12000,atomic_only,atomic,answer_accuracy,1,1.0
confirmation,146012,12000,atomic_only,atomic,answer_probability,1,0.9976350334722585
confirmation,146012,12000,atomic_only,composition,accuracy,1,0.009433962264150943
confirmation,146012,12000,atomic_only,composition,answer_accuracy,1,0.009433962264150943
confirmation,146012,12000,atomic_only,composition,answer_probability,1,0.01704558844533189
confirmation,146012,12000,composition_used,atomic,accuracy,1,1.0
confirmation,146012,12000,composition_used,atomic,answer_accuracy,1,1.0
confirmation,146012,12000,composition_used,atomic,answer_probability,1,0.9996777536054476
confirmation,146012,12000,composition_used,composition,accuracy,1,0.9439203354297694
confirmation,146012,12000,composition_used,composition,answer_accuracy,1,0.9439203354297694
confirmation,146012,12000,composition_used,composition,answer_probability,1,0.9227884406932958
confirmation,146012,12000,matching_repetition,atomic,accuracy,1,1.0
confirmation,146012,12000,matching_repetition,atomic,answer_accuracy,1,1.0
confirmation,146012,12000,matching_repetition,atomic,answer_probability,1,0.9999123859747088
confirmation,146012,12000,matching_repetition,composition,accuracy,1,0.1970649895178197
confirmation,146012,12000,matching_repetition,composition,answer_accuracy,1,0.1970649895178197
confirmation,146012,12000,matching_repetition,composition,answer_probability,1,0.15493086245656879
confirmation,146012,12000,other_repetition,atomic,accuracy,1,1.0
confirmation,146012,12000,other_repetition,atomic,answer_accuracy,1,1.0
confirmation,146012,12000,other_repetition,atomic,answer_probability,1,0.9993169929160449
confirmation,146012,12000,other_repetition,composition,accuracy,1,0.009433962264150943
confirmation,146012,12000,other_repetition,composition,answer_accuracy,1,0.009433962264150943
confirmation,146012,12000,other_repetition,composition,answer_probability,1,0.026874602775848338
confirmation,146012,16000,atomic_only,atomic,accuracy,1,1.0
confirmation,146012,16000,atomic_only,atomic,answer_accuracy,1,1.0
confirmation,146012,16000,atomic_only,atomic,answer_probability,1,0.9986301528391099
confirmation,146012,16000,atomic_only,composition,accuracy,1,0.009259259259259259
confirmation,146012,16000,atomic_only,composition,answer_accuracy,1,0.009259259259259259
confirmation,146012,16000,atomic_only,composition,answer_probability,1,0.013950942610574045
confirmation,146012,16000,composition_used,atomic,accuracy,1,1.0
confirmation,146012,16000,composition_used,atomic,answer_accuracy,1,1.0
confirmation,146012,16000,composition_used,atomic,answer_probability,1,0.9999071502411533
confirmation,146012,16000,composition_used,composition,accuracy,1,0.9439203354297694
confirmation,146012,16000,composition_used,composition,answer_accuracy,1,0.9439203354297694
confirmation,146012,16000,composition_used,composition,answer_probability,1,0.938016464281821
confirmation,146012,16000,matching_repetition,atomic,accuracy,1,1.0
confirmation,146012,16000,matching_repetition,atomic,answer_accuracy,1,1.0
confirmation,146012,16000,matching_repetition,atomic,answer_probability,1,0.9999326917145732
confirmation,146012,16000,matching_repetition,composition,accuracy,1,0.22536687631027252
confirmation,146012,16000,matching_repetition,composition,answer_accuracy,1,0.22536687631027252
confirmation,146012,16000,matching_repetition,composition,answer_probability,1,0.1857005716769751
confirmation,146012,16000,other_repetition,atomic,accuracy,1,1.0
confirmation,146012,16000,other_repetition,atomic,answer_accuracy,1,1.0
confirmation,146012,16000,other_repetition,atomic,answer_probability,1,0.9993721507094291
confirmation,146012,16000,other_repetition,composition,accuracy,1,0.0373864430468204
confirmation,146012,16000,other_repetition,composition,answer_accuracy,1,0.0373864430468204
confirmation,146012,16000,other_repetition,composition,answer_probability,1,0.030468475240318253
confirmation,146012,24000,atomic_only,atomic,accuracy,1,1.0
confirmation,146012,24000,atomic_only,atomic,answer_accuracy,1,1.0
confirmation,146012,24000,atomic_only,atomic,answer_probability,1,0.9994988474594529
confirmation,146012,24000,atomic_only,composition,accuracy,1,0.0
confirmation,146012,24000,atomic_only,composition,answer_accuracy,1,0.0
confirmation,146012,24000,atomic_only,composition,answer_probability,1,0.011545126368203098
confirmation,146012,24000,composition_used,atomic,accuracy,1,1.0
confirmation,146012,24000,composition_used,atomic,answer_accuracy,1,1.0
confirmation,146012,24000,composition_used,atomic,answer_probability,1,0.9999670621137806
confirmation,146012,24000,composition_used,composition,accuracy,1,0.9905660377358491
confirmation,146012,24000,composition_used,composition,answer_accuracy,1,0.9905660377358491
confirmation,146012,24000,composition_used,composition,answer_probability,1,0.9778720776531247
confirmation,146012,24000,matching_repetition,atomic,accuracy,1,1.0
confirmation,146012,24000,matching_repetition,atomic,answer_accuracy,1,1.0
confirmation,146012,24000,matching_repetition,atomic,answer_probability,1,0.9999809958430802
confirmation,146012,24000,matching_repetition,composition,accuracy,1,0.1970649895178197
confirmation,146012,24000,matching_repetition,composition,answer_accuracy,1,0.1970649895178197
confirmation,146012,24000,matching_repetition,composition,answer_probability,1,0.1967188302367328
confirmation,146012,24000,other_repetition,atomic,accuracy,1,1.0
confirmation,146012,24000,other_repetition,atomic,answer_accuracy,1,1.0
confirmation,146012,24000,other_repetition,atomic,answer_probability,1,0.9998187636445647
confirmation,146012,24000,other_repetition,composition,accuracy,1,0.02830188679245283
confirmation,146012,24000,other_repetition,composition,answer_accuracy,1,0.02830188679245283
confirmation,146012,24000,other_repetition,composition,answer_probability,1,0.026190051726426928
confirmation,146012,32000,atomic_only,atomic,accuracy,1,1.0
confirmation,146012,32000,atomic_only,atomic,answer_accuracy,1,1.0
confirmation,146012,32000,atomic_only,atomic,answer_probability,1,0.999886218091645
confirmation,146012,32000,atomic_only,composition,accuracy,1,0.02830188679245283
confirmation,146012,32000,atomic_only,composition,answer_accuracy,1,0.02830188679245283
confirmation,146012,32000,atomic_only,composition,answer_probability,1,0.03279573824907778
confirmation,146012,32000,composition_used,atomic,accuracy,1,1.0
confirmation,146012,32000,composition_used,atomic,answer_accuracy,1,1.0
confirmation,146012,32000,composition_used,atomic,answer_probability,1,0.999988009984234
confirmation,146012,32000,composition_used,composition,accuracy,1,0.9718728162124388
confirmation,146012,32000,composition_used,composition,answer_accuracy,1,0.9718728162124388
confirmation,146012,32000,composition_used,composition,answer_probability,1,0.9702784293615487
confirmation,146012,32000,matching_repetition,atomic,accuracy,1,1.0
confirmation,146012,32000,matching_repetition,atomic,answer_accuracy,1,1.0
confirmation,146012,32000,matching_repetition,atomic,answer_probability,1,0.9999866720827857
confirmation,146012,32000,matching_repetition,composition,accuracy,1,0.1783717679944095
confirmation,146012,32000,matching_repetition,composition,answer_accuracy,1,0.1783717679944095
confirmation,146012,32000,matching_repetition,composition,answer_probability,1,0.16395426243440178
confirmation,146012,32000,other_repetition,atomic,accuracy,1,1.0
confirmation,146012,32000,other_repetition,atomic,answer_accuracy,1,1.0
confirmation,146012,32000,other_repetition,atomic,answer_probability,1,0.999603858414015
confirmation,146012,32000,other_repetition,composition,accuracy,1,0.02795248078266946
confirmation,146012,32000,other_repetition,composition,answer_accuracy,1,0.02795248078266946
confirmation,146012,32000,other_repetition,composition,answer_probability,1,0.034820191162389255
confirmation,146012,40000,atomic_only,atomic,accuracy,1,1.0
confirmation,146012,40000,atomic_only,atomic,answer_accuracy,1,1.0
confirmation,146012,40000,atomic_only,atomic,answer_probability,1,0.9999248438404551
confirmation,146012,40000,atomic_only,composition,accuracy,1,0.04682040531097135
confirmation,146012,40000,atomic_only,composition,answer_accuracy,1,0.04682040531097135
confirmation,146012,40000,atomic_only,composition,answer_probability,1,0.03112956852899653
confirmation,146012,40000,composition_used,atomic,accuracy,1,1.0
confirmation,146012,40000,composition_used,atomic,answer_accuracy,1,1.0
confirmation,146012,40000,composition_used,atomic,answer_probability,1,0.9999839640678612
confirmation,146012,40000,composition_used,composition,accuracy,1,0.9905660377358491
confirmation,146012,40000,composition_used,composition,answer_accuracy,1,0.9905660377358491
confirmation,146012,40000,composition_used,composition,answer_probability,1,0.9840333365424598
confirmation,146012,40000,matching_repetition,atomic,accuracy,1,1.0
confirmation,146012,40000,matching_repetition,atomic,answer_accuracy,1,1.0
confirmation,146012,40000,matching_repetition,atomic,answer_probability,1,0.9999903197553787
confirmation,146012,40000,matching_repetition,composition,accuracy,1,0.13137665967854648
confirmation,146012,40000,matching_repetition,composition,answer_accuracy,1,0.13137665967854648
confirmation,146012,40000,matching_repetition,composition,answer_probability,1,0.12486267644152346
confirmation,146012,40000,other_repetition,atomic,accuracy,1,1.0
confirmation,146012,40000,other_repetition,atomic,answer_accuracy,1,1.0
confirmation,146012,40000,other_repetition,atomic,answer_probability,1,0.9998292680753492
confirmation,146012,40000,other_repetition,composition,accuracy,1,0.03756114605171209
confirmation,146012,40000,other_repetition,composition,answer_accuracy,1,0.03756114605171209
confirmation,146012,40000,other_repetition,composition,answer_probability,1,0.03582662426938009
confirmation,146012,48000,atomic_only,atomic,accuracy,1,1.0
confirmation,146012,48000,atomic_only,atomic,answer_accuracy,1,1.0
confirmation,146012,48000,atomic_only,atomic,answer_probability,1,0.999725210544339
confirmation,146012,48000,atomic_only,composition,accuracy,1,0.018518518518518517
confirmation,146012,48000,atomic_only,composition,answer_accuracy,1,0.018518518518518517
confirmation,146012,48000,atomic_only,composition,answer_probability,1,0.025392380559997183
confirmation,146012,48000,composition_used,atomic,accuracy,1,1.0
confirmation,146012,48000,composition_used,atomic,answer_accuracy,1,1.0
confirmation,146012,48000,composition_used,atomic,answer_probability,1,0.9999864251595081
confirmation,146012,48000,composition_used,composition,accuracy,1,0.9627882599580713
confirmation,146012,48000,composition_used,composition,answer_accuracy,1,0.9627882599580713
confirmation,146012,48000,composition_used,composition,answer_probability,1,0.9691596730810301
confirmation,146012,48000,matching_repetition,atomic,accuracy,1,1.0
confirmation,146012,48000,matching_repetition,atomic,answer_accuracy,1,1.0
confirmation,146012,48000,matching_repetition,atomic,answer_probability,1,0.9999903841051156
confirmation,146012,48000,matching_repetition,composition,accuracy,1,0.10307477288609364
confirmation,146012,48000,matching_repetition,composition,answer_accuracy,1,0.10307477288609364
confirmation,146012,48000,matching_repetition,composition,answer_probability,1,0.12679295486623926
confirmation,146012,48000,other_repetition,atomic,accuracy,1,1.0
confirmation,146012,48000,other_repetition,atomic,answer_accuracy,1,1.0
confirmation,146012,48000,other_repetition,atomic,answer_probability,1,0.9995907851967505
confirmation,146012,48000,other_repetition,composition,accuracy,1,0.03721174004192872
confirmation,146012,48000,other_repetition,composition,answer_accuracy,1,0.03721174004192872
confirmation,146012,48000,other_repetition,composition,answer_probability,1,0.04733761536903153
confirmation,146012,56000,atomic_only,atomic,accuracy,1,1.0
confirmation,146012,56000,atomic_only,atomic,answer_accuracy,1,1.0
confirmation,146012,56000,atomic_only,atomic,answer_probability,1,0.99992980964086
confirmation,146012,56000,atomic_only,composition,accuracy,1,0.04664570230607966
confirmation,146012,56000,atomic_only,composition,answer_accuracy,1,0.04664570230607966
confirmation,146012,56000,atomic_only,composition,answer_probability,1,0.046249983123287826
confirmation,146012,56000,composition_used,atomic,accuracy,1,1.0
confirmation,146012,56000,composition_used,atomic,answer_accuracy,1,1.0
confirmation,146012,56000,composition_used,atomic,answer_probability,1,0.9999922012329344
confirmation,146012,56000,composition_used,composition,accuracy,1,1.0
confirmation,146012,56000,composition_used,composition,answer_accuracy,1,1.0
confirmation,146012,56000,composition_used,composition,answer_probability,1,0.992955390587112
confirmation,146012,56000,matching_repetition,atomic,accuracy,1,1.0
confirmation,146012,56000,matching_repetition,atomic,answer_accuracy,1,1.0
confirmation,146012,56000,matching_repetition,atomic,answer_probability,1,0.9999892810399658
confirmation,146012,56000,matching_repetition,composition,accuracy,1,0.15915443745632424
confirmation,146012,56000,matching_repetition,composition,answer_accuracy,1,0.15915443745632424
confirmation,146012,56000,matching_repetition,composition,answer_probability,1,0.16325425592163412
confirmation,146012,56000,other_repetition,atomic,accuracy,1,1.0
confirmation,146012,56000,other_repetition,atomic,answer_accuracy,1,1.0
confirmation,146012,56000,other_repetition,atomic,answer_probability,1,0.9995919147298786
confirmation,146012,56000,other_repetition,composition,accuracy,1,0.06568832983927324
confirmation,146012,56000,other_repetition,composition,answer_accuracy,1,0.06568832983927324
confirmation,146012,56000,other_repetition,composition,answer_probability,1,0.052599916119860375
confirmation,146012,64000,atomic_only,atomic,accuracy,1,1.0
confirmation,146012,64000,atomic_only,atomic,answer_accuracy,1,1.0
confirmation,146012,64000,atomic_only,atomic,answer_probability,1,0.9998865921282105
confirmation,146012,64000,atomic_only,composition,accuracy,1,0.05607966457023061
confirmation,146012,64000,atomic_only,composition,answer_accuracy,1,0.05607966457023061
confirmation,146012,64000,atomic_only,composition,answer_probability,1,0.05428517003966499
confirmation,146012,64000,composition_used,atomic,accuracy,1,1.0
confirmation,146012,64000,composition_used,atomic,answer_accuracy,1,1.0
confirmation,146012,64000,composition_used,atomic,answer_probability,1,0.999991151809573
confirmation,146012,64000,composition_used,composition,accuracy,1,0.9905660377358491
confirmation,146012,64000,composition_used,composition,answer_accuracy,1,0.9905660377358491
confirmation,146012,64000,composition_used,composition,answer_probability,1,0.9867738898276519
confirmation,146012,64000,matching_repetition,atomic,accuracy,1,1.0
confirmation,146012,64000,matching_repetition,atomic,answer_accuracy,1,1.0
confirmation,146012,64000,matching_repetition,atomic,answer_probability,1,0.99998792664805
confirmation,146012,64000,matching_repetition,composition,accuracy,1,0.2148846960167715
confirmation,146012,64000,matching_repetition,composition,answer_accuracy,1,0.2148846960167715
confirmation,146012,64000,matching_repetition,composition,answer_probability,1,0.19711387390631835
confirmation,146012,64000,other_repetition,atomic,accuracy,1,1.0
confirmation,146012,64000,other_repetition,atomic,answer_accuracy,1,1.0
confirmation,146012,64000,other_repetition,atomic,answer_probability,1,0.9998958506855883
confirmation,146012,64000,other_repetition,composition,accuracy,1,0.06586303284416492
confirmation,146012,64000,other_repetition,composition,answer_accuracy,1,0.06586303284416492
confirmation,146012,64000,other_repetition,composition,answer_probability,1,0.0698688805489126
confirmation,146012,80000,atomic_only,atomic,accuracy,1,1.0
confirmation,146012,80000,atomic_only,atomic,answer_accuracy,1,1.0
confirmation,146012,80000,atomic_only,atomic,answer_probability,1,0.9999598397860656
confirmation,146012,80000,atomic_only,composition,accuracy,1,0.0747728860936408
confirmation,146012,80000,atomic_only,composition,answer_accuracy,1,0.0747728860936408
confirmation,146012,80000,atomic_only,composition,answer_probability,1,0.0570565602444726
confirmation,146012,80000,composition_used,atomic,accuracy,1,1.0
confirmation,146012,80000,composition_used,atomic,answer_accuracy,1,1.0
confirmation,146012,80000,composition_used,atomic,answer_probability,1,0.9999924084534735
confirmation,146012,80000,composition_used,composition,accuracy,1,0.9905660377358491
confirmation,146012,80000,composition_used,composition,answer_accuracy,1,0.9905660377358491
confirmation,146012,80000,composition_used,composition,answer_probability,1,0.9858449971207006
confirmation,146012,80000,matching_repetition,atomic,accuracy,1,1.0
confirmation,146012,80000,matching_repetition,atomic,answer_accuracy,1,1.0
confirmation,146012,80000,matching_repetition,atomic,answer_probability,1,0.9999950745503492
confirmation,146012,80000,matching_repetition,composition,accuracy,1,0.20632424877707894
confirmation,146012,80000,matching_repetition,composition,answer_accuracy,1,0.20632424877707894
confirmation,146012,80000,matching_repetition,composition,answer_probability,1,0.17715438588242707
confirmation,146012,80000,other_repetition,atomic,accuracy,1,1.0
confirmation,146012,80000,other_repetition,atomic,answer_accuracy,1,1.0
confirmation,146012,80000,other_repetition,atomic,answer_probability,1,0.9999585086997727
confirmation,146012,80000,other_repetition,composition,accuracy,1,0.05590496156533892
confirmation,146012,80000,other_repetition,composition,answer_accuracy,1,0.05590496156533892
confirmation,146012,80000,other_repetition,composition,answer_probability,1,0.05550124100668433
confirmation,146012,96000,atomic_only,atomic,accuracy,1,1.0
confirmation,146012,96000,atomic_only,atomic,answer_accuracy,1,1.0
confirmation,146012,96000,atomic_only,atomic,answer_probability,1,0.9998611581599647
confirmation,146012,96000,atomic_only,composition,accuracy,1,0.07512229210342418
confirmation,146012,96000,atomic_only,composition,answer_accuracy,1,0.07512229210342418
confirmation,146012,96000,atomic_only,composition,answer_probability,1,0.05289742170121969
confirmation,146012,96000,composition_used,atomic,accuracy,1,1.0
confirmation,146012,96000,composition_used,atomic,answer_accuracy,1,1.0
confirmation,146012,96000,composition_used,atomic,answer_probability,1,0.999968731360976
confirmation,146012,96000,composition_used,composition,accuracy,1,0.9905660377358491
confirmation,146012,96000,composition_used,composition,answer_accuracy,1,0.9905660377358491
confirmation,146012,96000,composition_used,composition,answer_probability,1,0.9893724344737704
confirmation,146012,96000,matching_repetition,atomic,accuracy,1,1.0
confirmation,146012,96000,matching_repetition,atomic,answer_accuracy,1,1.0
confirmation,146012,96000,matching_repetition,atomic,answer_probability,1,0.9999946342364237
confirmation,146012,96000,matching_repetition,composition,accuracy,1,0.2522711390635919
confirmation,146012,96000,matching_repetition,composition,answer_accuracy,1,0.2522711390635919
confirmation,146012,96000,matching_repetition,composition,answer_probability,1,0.23215848078220416
confirmation,146012,96000,other_repetition,atomic,accuracy,1,1.0
confirmation,146012,96000,other_repetition,atomic,answer_accuracy,1,1.0
confirmation,146012,96000,other_repetition,atomic,answer_probability,1,0.9999610413132827
confirmation,146012,96000,other_repetition,composition,accuracy,1,0.05590496156533892
confirmation,146012,96000,other_repetition,composition,answer_accuracy,1,0.05590496156533892
confirmation,146012,96000,other_repetition,composition,answer_probability,1,0.06065747470973313
confirmation,146012,112000,atomic_only,atomic,accuracy,1,1.0
confirmation,146012,112000,atomic_only,atomic,answer_accuracy,1,1.0
confirmation,146012,112000,atomic_only,atomic,answer_probability,1,0.9999429603032621
confirmation,146012,112000,atomic_only,composition,accuracy,1,0.04682040531097135
confirmation,146012,112000,atomic_only,composition,answer_accuracy,1,0.04682040531097135
confirmation,146012,112000,atomic_only,composition,answer_probability,1,0.04076602229531026
confirmation,146012,112000,composition_used,atomic,accuracy,1,1.0
confirmation,146012,112000,composition_used,atomic,answer_accuracy,1,1.0
confirmation,146012,112000,composition_used,atomic,answer_probability,1,0.9999938104172805
confirmation,146012,112000,composition_used,composition,accuracy,1,0.9905660377358491
confirmation,146012,112000,composition_used,composition,answer_accuracy,1,0.9905660377358491
confirmation,146012,112000,composition_used,composition,answer_probability,1,0.9904908809737354
confirmation,146012,112000,matching_repetition,atomic,accuracy,1,1.0
confirmation,146012,112000,matching_repetition,atomic,answer_accuracy,1,1.0
confirmation,146012,112000,matching_repetition,atomic,answer_probability,1,0.9999965018530184
confirmation,146012,112000,matching_repetition,composition,accuracy,1,0.20562543675751221
confirmation,146012,112000,matching_repetition,composition,answer_accuracy,1,0.20562543675751221
confirmation,146012,112000,matching_repetition,composition,answer_probability,1,0.19960308399892535
confirmation,146012,112000,other_repetition,atomic,accuracy,1,1.0
confirmation,146012,112000,other_repetition,atomic,answer_accuracy,1,1.0
confirmation,146012,112000,other_repetition,atomic,answer_probability,1,0.9999779048110674
confirmation,146012,112000,other_repetition,composition,accuracy,1,0.0747728860936408
confirmation,146012,112000,other_repetition,composition,answer_accuracy,1,0.0747728860936408
confirmation,146012,112000,other_repetition,composition,answer_probability,1,0.06993235852534611
confirmation,146012,128000,atomic_only,atomic,accuracy,1,1.0
confirmation,146012,128000,atomic_only,atomic,answer_accuracy,1,1.0
confirmation,146012,128000,atomic_only,atomic,answer_probability,1,0.999960460763216
confirmation,146012,128000,atomic_only,composition,accuracy,1,0.028127183787561145
confirmation,146012,128000,atomic_only,composition,answer_accuracy,1,0.028127183787561145
confirmation,146012,128000,atomic_only,composition,answer_probability,1,0.035903784332774545
confirmation,146012,128000,composition_used,atomic,accuracy,1,1.0
confirmation,146012,128000,composition_used,atomic,answer_accuracy,1,1.0
confirmation,146012,128000,composition_used,atomic,answer_probability,1,0.9999952790451797
confirmation,146012,128000,composition_used,composition,accuracy,1,1.0
confirmation,146012,128000,composition_used,composition,answer_accuracy,1,1.0
confirmation,146012,128000,composition_used,composition,answer_probability,1,0.9979055357909099
confirmation,146012,128000,matching_repetition,atomic,accuracy,1,1.0
confirmation,146012,128000,matching_repetition,atomic,answer_accuracy,1,1.0
confirmation,146012,128000,matching_repetition,atomic,answer_probability,1,0.9999857318541929
confirmation,146012,128000,matching_repetition,composition,accuracy,1,0.2620545073375262
confirmation,146012,128000,matching_repetition,composition,answer_accuracy,1,0.2620545073375262
confirmation,146012,128000,matching_repetition,composition,answer_probability,1,0.23635753265353393
confirmation,146012,128000,other_repetition,atomic,accuracy,1,0.998046875
confirmation,146012,128000,other_repetition,atomic,answer_accuracy,1,0.998046875
confirmation,146012,128000,other_repetition,atomic,answer_probability,1,0.9985138083086399
confirmation,146012,128000,other_repetition,composition,accuracy,1,0.028127183787561145
confirmation,146012,128000,other_repetition,composition,answer_accuracy,1,0.028127183787561145
confirmation,146012,128000,other_repetition,composition,answer_probability,1,0.05486319310197906
confirmation,146013,0,atomic_only,atomic,accuracy,1,0.0
confirmation,146013,0,atomic_only,atomic,answer_accuracy,1,0.00390625
confirmation,146013,0,atomic_only,atomic,answer_probability,1,0.006930533238294127
confirmation,146013,0,atomic_only,composition,accuracy,1,0.0
confirmation,146013,0,atomic_only,composition,answer_accuracy,1,0.01
confirmation,146013,0,atomic_only,composition,answer_probability,1,0.0067103128011036855
confirmation,146013,0,composition_used,atomic,accuracy,1,0.0
confirmation,146013,0,composition_used,atomic,answer_accuracy,1,0.00390625
confirmation,146013,0,composition_used,atomic,answer_probability,1,0.006930533238294127
confirmation,146013,0,composition_used,composition,accuracy,1,0.0
confirmation,146013,0,composition_used,composition,answer_accuracy,1,0.01
confirmation,146013,0,composition_used,composition,answer_probability,1,0.0067103128011036855
confirmation,146013,0,matching_repetition,atomic,accuracy,1,0.0
confirmation,146013,0,matching_repetition,atomic,answer_accuracy,1,0.00390625
confirmation,146013,0,matching_repetition,atomic,answer_probability,1,0.006930533238294127
confirmation,146013,0,matching_repetition,composition,accuracy,1,0.0
confirmation,146013,0,matching_repetition,composition,answer_accuracy,1,0.01
confirmation,146013,0,matching_repetition,composition,answer_probability,1,0.0067103128011036855
confirmation,146013,0,other_repetition,atomic,accuracy,1,0.0
confirmation,146013,0,other_repetition,atomic,answer_accuracy,1,0.00390625
confirmation,146013,0,other_repetition,atomic,answer_probability,1,0.006930533238294127
confirmation,146013,0,other_repetition,composition,accuracy,1,0.0
confirmation,146013,0,other_repetition,composition,answer_accuracy,1,0.01
confirmation,146013,0,other_repetition,composition,answer_probability,1,0.0067103128011036855
confirmation,146013,100,atomic_only,atomic,accuracy,1,0.0
confirmation,146013,100,atomic_only,atomic,answer_accuracy,1,0.0
confirmation,146013,100,atomic_only,atomic,answer_probability,1,0.0068690684074945215
confirmation,146013,100,atomic_only,composition,accuracy,1,0.0
confirmation,146013,100,atomic_only,composition,answer_accuracy,1,0.0
confirmation,146013,100,atomic_only,composition,answer_probability,1,0.006719272230355367
confirmation,146013,100,composition_used,atomic,accuracy,1,0.0
confirmation,146013,100,composition_used,atomic,answer_accuracy,1,0.0
confirmation,146013,100,composition_used,atomic,answer_probability,1,0.006916785322272977
confirmation,146013,100,composition_used,composition,accuracy,1,0.0
confirmation,146013,100,composition_used,composition,answer_accuracy,1,0.0
confirmation,146013,100,composition_used,composition,answer_probability,1,0.00678680576292765
confirmation,146013,100,matching_repetition,atomic,accuracy,1,0.0
confirmation,146013,100,matching_repetition,atomic,answer_accuracy,1,0.0
confirmation,146013,100,matching_repetition,atomic,answer_probability,1,0.006936715257230993
confirmation,146013,100,matching_repetition,composition,accuracy,1,0.0
confirmation,146013,100,matching_repetition,composition,answer_accuracy,1,0.0
confirmation,146013,100,matching_repetition,composition,answer_probability,1,0.006762726383952129
confirmation,146013,100,other_repetition,atomic,accuracy,1,0.0
confirmation,146013,100,other_repetition,atomic,answer_accuracy,1,0.0
confirmation,146013,100,other_repetition,atomic,answer_probability,1,0.006850683168974536
confirmation,146013,100,other_repetition,composition,accuracy,1,0.0
confirmation,146013,100,other_repetition,composition,answer_accuracy,1,0.0
confirmation,146013,100,other_repetition,composition,answer_probability,1,0.006715201148886516
confirmation,146013,250,atomic_only,atomic,accuracy,1,0.0
confirmation,146013,250,atomic_only,atomic,answer_accuracy,1,0.0
confirmation,146013,250,atomic_only,atomic,answer_probability,1,0.006596981646187033
confirmation,146013,250,atomic_only,composition,accuracy,1,0.0
confirmation,146013,250,atomic_only,composition,answer_accuracy,1,0.0
confirmation,146013,250,atomic_only,composition,answer_probability,1,0.00638508628770389
confirmation,146013,250,composition_used,atomic,accuracy,1,0.0
confirmation,146013,250,composition_used,atomic,answer_accuracy,1,0.0
confirmation,146013,250,composition_used,atomic,answer_probability,1,0.006801772064444169
confirmation,146013,250,composition_used,composition,accuracy,1,0.0
confirmation,146013,250,composition_used,composition,answer_accuracy,1,0.0
confirmation,146013,250,composition_used,composition,answer_probability,1,0.006600279768834507
confirmation,146013,250,matching_repetition,atomic,accuracy,1,0.0
confirmation,146013,250,matching_repetition,atomic,answer_accuracy,1,0.0
confirmation,146013,250,matching_repetition,atomic,answer_probability,1,0.007168886746199794
confirmation,146013,250,matching_repetition,composition,accuracy,1,0.0
confirmation,146013,250,matching_repetition,composition,answer_accuracy,1,0.0
confirmation,146013,250,matching_repetition,composition,answer_probability,1,0.006545916909366038
confirmation,146013,250,other_repetition,atomic,accuracy,1,0.0
confirmation,146013,250,other_repetition,atomic,answer_accuracy,1,0.0
confirmation,146013,250,other_repetition,atomic,answer_probability,1,0.0067781819276214895
confirmation,146013,250,other_repetition,composition,accuracy,1,0.0
confirmation,146013,250,other_repetition,composition,answer_accuracy,1,0.0
confirmation,146013,250,other_repetition,composition,answer_probability,1,0.006394205837288362
confirmation,146013,500,atomic_only,atomic,accuracy,1,0.00390625
confirmation,146013,500,atomic_only,atomic,answer_accuracy,1,0.00390625
confirmation,146013,500,atomic_only,atomic,answer_probability,1,0.007504826675547554
confirmation,146013,500,atomic_only,composition,accuracy,1,0.0
confirmation,146013,500,atomic_only,composition,answer_accuracy,1,0.0
confirmation,146013,500,atomic_only,composition,answer_probability,1,0.006354010958800687
confirmation,146013,500,composition_used,atomic,accuracy,1,0.029296875
confirmation,146013,500,composition_used,atomic,answer_accuracy,1,0.029296875
confirmation,146013,500,composition_used,atomic,answer_probability,1,0.009065252598649477
confirmation,146013,500,composition_used,composition,accuracy,1,0.0
confirmation,146013,500,composition_used,composition,answer_accuracy,1,0.0
confirmation,146013,500,composition_used,composition,answer_probability,1,0.008472534374240505
confirmation,146013,500,matching_repetition,atomic,accuracy,1,0.095703125
confirmation,146013,500,matching_repetition,atomic,answer_accuracy,1,0.095703125
confirmation,146013,500,matching_repetition,atomic,answer_probability,1,0.011685401993862036
confirmation,146013,500,matching_repetition,composition,accuracy,1,0.0
confirmation,146013,500,matching_repetition,composition,answer_accuracy,1,0.0
confirmation,146013,500,matching_repetition,composition,answer_probability,1,0.006061311403492746
confirmation,146013,500,other_repetition,atomic,accuracy,1,0.009765625
confirmation,146013,500,other_repetition,atomic,answer_accuracy,1,0.009765625
confirmation,146013,500,other_repetition,atomic,answer_probability,1,0.0075061343600410484
confirmation,146013,500,other_repetition,composition,accuracy,1,0.0
confirmation,146013,500,other_repetition,composition,answer_accuracy,1,0.0
confirmation,146013,500,other_repetition,composition,answer_probability,1,0.0055023688030436625
confirmation,146013,1000,atomic_only,atomic,accuracy,1,0.00390625
confirmation,146013,1000,atomic_only,atomic,answer_accuracy,1,0.00390625
confirmation,146013,1000,atomic_only,atomic,answer_probability,1,0.00841419166786579
confirmation,146013,1000,atomic_only,composition,accuracy,1,0.0
confirmation,146013,1000,atomic_only,composition,answer_accuracy,1,0.0
confirmation,146013,1000,atomic_only,composition,answer_probability,1,0.005801083879946354
confirmation,146013,1000,composition_used,atomic,accuracy,1,0.05078125
confirmation,146013,1000,composition_used,atomic,answer_accuracy,1,0.05078125
confirmation,146013,1000,composition_used,atomic,answer_probability,1,0.01488757848613361
confirmation,146013,1000,composition_used,composition,accuracy,1,0.01
confirmation,146013,1000,composition_used,composition,answer_accuracy,1,0.01
confirmation,146013,1000,composition_used,composition,answer_probability,1,0.012459170914120982
confirmation,146013,1000,matching_repetition,atomic,accuracy,1,0.578125
confirmation,146013,1000,matching_repetition,atomic,answer_accuracy,1,0.578125
confirmation,146013,1000,matching_repetition,atomic,answer_probability,1,0.051067183288119294
confirmation,146013,1000,matching_repetition,composition,accuracy,1,0.0
confirmation,146013,1000,matching_repetition,composition,answer_accuracy,1,0.0
confirmation,146013,1000,matching_repetition,composition,answer_probability,1,0.009358976847253434
confirmation,146013,1000,other_repetition,atomic,accuracy,1,0.0234375
confirmation,146013,1000,other_repetition,atomic,answer_accuracy,1,0.0234375
confirmation,146013,1000,other_repetition,atomic,answer_probability,1,0.009357949058102819
confirmation,146013,1000,other_repetition,composition,accuracy,1,0.0
confirmation,146013,1000,other_repetition,composition,answer_accuracy,1,0.0
confirmation,146013,1000,other_repetition,composition,answer_probability,1,0.0057653013079102524
confirmation,146013,2000,atomic_only,atomic,accuracy,1,0.037109375
confirmation,146013,2000,atomic_only,atomic,answer_accuracy,1,0.037109375
confirmation,146013,2000,atomic_only,atomic,answer_probability,1,0.016754188193983582
confirmation,146013,2000,atomic_only,composition,accuracy,1,0.0
confirmation,146013,2000,atomic_only,composition,answer_accuracy,1,0.0
confirmation,146013,2000,atomic_only,composition,answer_probability,1,0.004345171319961604
confirmation,146013,2000,composition_used,atomic,accuracy,1,0.2421875
confirmation,146013,2000,composition_used,atomic,answer_accuracy,1,0.2421875
confirmation,146013,2000,composition_used,atomic,answer_probability,1,0.05621898618914895
confirmation,146013,2000,composition_used,composition,accuracy,1,0.07488372093023256
confirmation,146013,2000,composition_used,composition,answer_accuracy,1,0.07488372093023256
confirmation,146013,2000,composition_used,composition,answer_probability,1,0.024734637121847612
confirmation,146013,2000,matching_repetition,atomic,accuracy,1,0.9921875
confirmation,146013,2000,matching_repetition,atomic,answer_accuracy,1,0.9921875
confirmation,146013,2000,matching_repetition,atomic,answer_probability,1,0.5668282585245479
confirmation,146013,2000,matching_repetition,composition,accuracy,1,0.05
confirmation,146013,2000,matching_repetition,composition,answer_accuracy,1,0.05
confirmation,146013,2000,matching_repetition,composition,answer_probability,1,0.023155264250654378
confirmation,146013,2000,other_repetition,atomic,accuracy,1,0.08203125
confirmation,146013,2000,other_repetition,atomic,answer_accuracy,1,0.08203125
confirmation,146013,2000,other_repetition,atomic,answer_probability,1,0.03847937233316239
confirmation,146013,2000,other_repetition,composition,accuracy,1,0.0
confirmation,146013,2000,other_repetition,composition,answer_accuracy,1,0.0
confirmation,146013,2000,other_repetition,composition,answer_probability,1,0.0049600802139992736
confirmation,146013,4000,atomic_only,atomic,accuracy,1,0.35546875
confirmation,146013,4000,atomic_only,atomic,answer_accuracy,1,0.35546875
confirmation,146013,4000,atomic_only,atomic,answer_probability,1,0.18434181586601386
confirmation,146013,4000,atomic_only,composition,accuracy,1,0.0
confirmation,146013,4000,atomic_only,composition,answer_accuracy,1,0.0
confirmation,146013,4000,atomic_only,composition,answer_probability,1,0.0028820572194858266
confirmation,146013,4000,composition_used,atomic,accuracy,1,0.94140625
confirmation,146013,4000,composition_used,atomic,answer_accuracy,1,0.94140625
confirmation,146013,4000,composition_used,atomic,answer_probability,1,0.6620692720794606
confirmation,146013,4000,composition_used,composition,accuracy,1,0.346046511627907
confirmation,146013,4000,composition_used,composition,answer_accuracy,1,0.346046511627907
confirmation,146013,4000,composition_used,composition,answer_probability,1,0.21372678834661962
confirmation,146013,4000,matching_repetition,atomic,accuracy,1,1.0
confirmation,146013,4000,matching_repetition,atomic,answer_accuracy,1,1.0
confirmation,146013,4000,matching_repetition,atomic,answer_probability,1,0.9837155927222442
confirmation,146013,4000,matching_repetition,composition,accuracy,1,0.1613953488372093
confirmation,146013,4000,matching_repetition,composition,answer_accuracy,1,0.1613953488372093
confirmation,146013,4000,matching_repetition,composition,answer_probability,1,0.10266318567669826
confirmation,146013,4000,other_repetition,atomic,accuracy,1,0.990234375
confirmation,146013,4000,other_repetition,atomic,answer_accuracy,1,0.990234375
confirmation,146013,4000,other_repetition,atomic,answer_probability,1,0.8414214228223705
confirmation,146013,4000,other_repetition,composition,accuracy,1,0.0
confirmation,146013,4000,other_repetition,composition,answer_accuracy,1,0.0
confirmation,146013,4000,other_repetition,composition,answer_probability,1,0.007396907923297617
confirmation,146013,8000,atomic_only,atomic,accuracy,1,0.998046875
confirmation,146013,8000,atomic_only,atomic,answer_accuracy,1,0.998046875
confirmation,146013,8000,atomic_only,atomic,answer_probability,1,0.9832424277695845
confirmation,146013,8000,atomic_only,composition,accuracy,1,0.01
confirmation,146013,8000,atomic_only,composition,answer_accuracy,1,0.01
confirmation,146013,8000,atomic_only,composition,answer_probability,1,0.0032237600576209427
confirmation,146013,8000,composition_used,atomic,accuracy,1,1.0
confirmation,146013,8000,composition_used,atomic,answer_accuracy,1,1.0
confirmation,146013,8000,composition_used,atomic,answer_probability,1,0.9968759726427443
confirmation,146013,8000,composition_used,composition,accuracy,1,0.8586046511627907
confirmation,146013,8000,composition_used,composition,answer_accuracy,1,0.8586046511627907
confirmation,146013,8000,composition_used,composition,answer_probability,1,0.8215799608760033
confirmation,146013,8000,matching_repetition,atomic,accuracy,1,1.0
confirmation,146013,8000,matching_repetition,atomic,answer_accuracy,1,1.0
confirmation,146013,8000,matching_repetition,atomic,answer_probability,1,0.9996136812648948
confirmation,146013,8000,matching_repetition,composition,accuracy,1,0.25465116279069766
confirmation,146013,8000,matching_repetition,composition,answer_accuracy,1,0.25465116279069766
confirmation,146013,8000,matching_repetition,composition,answer_probability,1,0.19477800121235972
confirmation,146013,8000,other_repetition,atomic,accuracy,1,1.0
confirmation,146013,8000,other_repetition,atomic,answer_accuracy,1,1.0
confirmation,146013,8000,other_repetition,atomic,answer_probability,1,0.9975472242471088
confirmation,146013,8000,other_repetition,composition,accuracy,1,0.011627906976744186
confirmation,146013,8000,other_repetition,composition,answer_accuracy,1,0.011627906976744186
confirmation,146013,8000,other_repetition,composition,answer_probability,1,0.011734703766186134
confirmation,146013,12000,atomic_only,atomic,accuracy,1,1.0
confirmation,146013,12000,atomic_only,atomic,answer_accuracy,1,1.0
confirmation,146013,12000,atomic_only,atomic,answer_probability,1,0.9979840017309708
confirmation,146013,12000,atomic_only,composition,accuracy,1,0.01
confirmation,146013,12000,atomic_only,composition,answer_accuracy,1,0.01
confirmation,146013,12000,atomic_only,composition,answer_probability,1,0.012542273233057849
confirmation,146013,12000,composition_used,atomic,accuracy,1,1.0
confirmation,146013,12000,composition_used,atomic,answer_accuracy,1,1.0
confirmation,146013,12000,composition_used,atomic,answer_probability,1,0.9997061755873884
confirmation,146013,12000,composition_used,composition,accuracy,1,0.9367441860465117
confirmation,146013,12000,composition_used,composition,answer_accuracy,1,0.9367441860465117
confirmation,146013,12000,composition_used,composition,answer_probability,1,0.9088950100851009
confirmation,146013,12000,matching_repetition,atomic,accuracy,1,1.0
confirmation,146013,12000,matching_repetition,atomic,answer_accuracy,1,1.0
confirmation,146013,12000,matching_repetition,atomic,answer_probability,1,0.9999048453176269
confirmation,146013,12000,matching_repetition,composition,accuracy,1,0.19627906976744186
confirmation,146013,12000,matching_repetition,composition,answer_accuracy,1,0.19627906976744186
confirmation,146013,12000,matching_repetition,composition,answer_probability,1,0.15101421581218355
confirmation,146013,12000,other_repetition,atomic,accuracy,1,1.0
confirmation,146013,12000,other_repetition,atomic,answer_accuracy,1,1.0
confirmation,146013,12000,other_repetition,atomic,answer_probability,1,0.9993662066922769
confirmation,146013,12000,other_repetition,composition,accuracy,1,0.01
confirmation,146013,12000,other_repetition,composition,answer_accuracy,1,0.01
confirmation,146013,12000,other_repetition,composition,answer_probability,1,0.025506946553264152
confirmation,146013,16000,atomic_only,atomic,accuracy,1,1.0
confirmation,146013,16000,atomic_only,atomic,answer_accuracy,1,1.0
confirmation,146013,16000,atomic_only,atomic,answer_probability,1,0.9994181203544019
confirmation,146013,16000,atomic_only,composition,accuracy,1,0.021627906976744188
confirmation,146013,16000,atomic_only,composition,answer_accuracy,1,0.021627906976744188
confirmation,146013,16000,atomic_only,composition,answer_probability,1,0.014934947141362617
confirmation,146013,16000,composition_used,atomic,accuracy,1,0.99609375
confirmation,146013,16000,composition_used,atomic,answer_accuracy,1,0.99609375
confirmation,146013,16000,composition_used,atomic,answer_probability,1,0.9969770366671751
confirmation,146013,16000,composition_used,composition,accuracy,1,0.9683720930232558
confirmation,146013,16000,composition_used,composition,answer_accuracy,1,0.9683720930232558
confirmation,146013,16000,composition_used,composition,answer_probability,1,0.9582994677712264
confirmation,146013,16000,matching_repetition,atomic,accuracy,1,1.0
confirmation,146013,16000,matching_repetition,atomic,answer_accuracy,1,1.0
confirmation,146013,16000,matching_repetition,atomic,answer_probability,1,0.9999476361989387
confirmation,146013,16000,matching_repetition,composition,accuracy,1,0.17813953488372092
confirmation,146013,16000,matching_repetition,composition,answer_accuracy,1,0.17813953488372092
confirmation,146013,16000,matching_repetition,composition,answer_probability,1,0.15062764314369867
confirmation,146013,16000,other_repetition,atomic,accuracy,1,1.0
confirmation,146013,16000,other_repetition,atomic,answer_accuracy,1,1.0
confirmation,146013,16000,other_repetition,atomic,answer_probability,1,0.9989376321015194
confirmation,146013,16000,other_repetition,composition,accuracy,1,0.01
confirmation,146013,16000,other_repetition,composition,answer_accuracy,1,0.01
confirmation,146013,16000,other_repetition,composition,answer_probability,1,0.014604900169499026
confirmation,146013,24000,atomic_only,atomic,accuracy,1,1.0
confirmation,146013,24000,atomic_only,atomic,answer_accuracy,1,1.0
confirmation,146013,24000,atomic_only,atomic,answer_probability,1,0.9997304903208
confirmation,146013,24000,atomic_only,composition,accuracy,1,0.021627906976744188
confirmation,146013,24000,atomic_only,composition,answer_accuracy,1,0.021627906976744188
confirmation,146013,24000,atomic_only,composition,answer_probability,1,0.018095642830162482
confirmation,146013,24000,composition_used,atomic,accuracy,1,1.0
confirmation,146013,24000,composition_used,atomic,answer_accuracy,1,1.0
confirmation,146013,24000,composition_used,atomic,answer_probability,1,0.9999753753817283
confirmation,146013,24000,composition_used,composition,accuracy,1,0.97
confirmation,146013,24000,composition_used,composition,answer_accuracy,1,0.97
confirmation,146013,24000,composition_used,composition,answer_probability,1,0.9645754870652543
confirmation,146013,24000,matching_repetition,atomic,accuracy,1,1.0
confirmation,146013,24000,matching_repetition,atomic,answer_accuracy,1,1.0
confirmation,146013,24000,matching_repetition,atomic,answer_probability,1,0.9999788129835121
confirmation,146013,24000,matching_repetition,composition,accuracy,1,0.2246511627906977
confirmation,146013,24000,matching_repetition,composition,answer_accuracy,1,0.2246511627906977
confirmation,146013,24000,matching_repetition,composition,answer_probability,1,0.19070168336383608
confirmation,146013,24000,other_repetition,atomic,accuracy,1,1.0
confirmation,146013,24000,other_repetition,atomic,answer_accuracy,1,1.0
confirmation,146013,24000,other_repetition,atomic,answer_probability,1,0.9998187733349552
confirmation,146013,24000,other_repetition,composition,accuracy,1,0.021627906976744188
confirmation,146013,24000,other_repetition,composition,answer_accuracy,1,0.021627906976744188
confirmation,146013,24000,other_repetition,composition,answer_probability,1,0.031923834468644274
confirmation,146013,32000,atomic_only,atomic,accuracy,1,1.0
confirmation,146013,32000,atomic_only,atomic,answer_accuracy,1,1.0
confirmation,146013,32000,atomic_only,atomic,answer_probability,1,0.9998430413723134
confirmation,146013,32000,atomic_only,composition,accuracy,1,0.0
confirmation,146013,32000,atomic_only,composition,answer_accuracy,1,0.0
confirmation,146013,32000,atomic_only,composition,answer_probability,1,0.0033504861175076422
confirmation,146013,32000,composition_used,atomic,accuracy,1,1.0
confirmation,146013,32000,composition_used,atomic,answer_accuracy,1,1.0
confirmation,146013,32000,composition_used,atomic,answer_probability,1,0.9999722064847003
confirmation,146013,32000,composition_used,composition,accuracy,1,0.98
confirmation,146013,32000,composition_used,composition,answer_accuracy,1,0.98
confirmation,146013,32000,composition_used,composition,answer_probability,1,0.9687468260050531
confirmation,146013,32000,matching_repetition,atomic,accuracy,1,1.0
confirmation,146013,32000,matching_repetition,atomic,answer_accuracy,1,1.0
confirmation,146013,32000,matching_repetition,atomic,answer_probability,1,0.9999839178822594
confirmation,146013,32000,matching_repetition,composition,accuracy,1,0.1713953488372093
confirmation,146013,32000,matching_repetition,composition,answer_accuracy,1,0.1713953488372093
confirmation,146013,32000,matching_repetition,composition,answer_probability,1,0.13710330528923914
confirmation,146013,32000,other_repetition,atomic,accuracy,1,1.0
confirmation,146013,32000,other_repetition,atomic,answer_accuracy,1,1.0
confirmation,146013,32000,other_repetition,atomic,answer_probability,1,0.9997304480326904
confirmation,146013,32000,other_repetition,composition,accuracy,1,0.01
confirmation,146013,32000,other_repetition,composition,answer_accuracy,1,0.01
confirmation,146013,32000,other_repetition,composition,answer_probability,1,0.0176016324326494
confirmation,146013,40000,atomic_only,atomic,accuracy,1,1.0
confirmation,146013,40000,atomic_only,atomic,answer_accuracy,1,1.0
confirmation,146013,40000,atomic_only,atomic,answer_probability,1,0.9999434515192457
confirmation,146013,40000,atomic_only,composition,accuracy,1,0.021627906976744188
confirmation,146013,40000,atomic_only,composition,answer_accuracy,1,0.021627906976744188
confirmation,146013,40000,atomic_only,composition,answer_probability,1,0.015489734539955502
confirmation,146013,40000,composition_used,atomic,accuracy,1,1.0
confirmation,146013,40000,composition_used,atomic,answer_accuracy,1,1.0
confirmation,146013,40000,composition_used,atomic,answer_probability,1,0.9999901326004903
confirmation,146013,40000,composition_used,composition,accuracy,1,0.99
confirmation,146013,40000,composition_used,composition,answer_accuracy,1,0.99
confirmation,146013,40000,composition_used,composition,answer_probability,1,0.9781601652765416
confirmation,146013,40000,matching_repetition,atomic,accuracy,1,1.0
confirmation,146013,40000,matching_repetition,atomic,answer_accuracy,1,1.0
confirmation,146013,40000,matching_repetition,atomic,answer_probability,1,0.9999904020091686
confirmation,146013,40000,matching_repetition,composition,accuracy,1,0.12651162790697673
confirmation,146013,40000,matching_repetition,composition,answer_accuracy,1,0.12651162790697673
confirmation,146013,40000,matching_repetition,composition,answer_probability,1,0.1414721475069882
confirmation,146013,40000,other_repetition,atomic,accuracy,1,1.0
confirmation,146013,40000,other_repetition,atomic,answer_accuracy,1,1.0
confirmation,146013,40000,other_repetition,atomic,answer_probability,1,0.9997091591511346
confirmation,146013,40000,other_repetition,composition,accuracy,1,0.04
confirmation,146013,40000,other_repetition,composition,answer_accuracy,1,0.04
confirmation,146013,40000,other_repetition,composition,answer_probability,1,0.04146498626427875
confirmation,146013,48000,atomic_only,atomic,accuracy,1,1.0
confirmation,146013,48000,atomic_only,atomic,answer_accuracy,1,1.0
confirmation,146013,48000,atomic_only,atomic,answer_probability,1,0.999888788145618
confirmation,146013,48000,atomic_only,composition,accuracy,1,0.02
confirmation,146013,48000,atomic_only,composition,answer_accuracy,1,0.02
confirmation,146013,48000,atomic_only,composition,answer_probability,1,0.018730096456188644
confirmation,146013,48000,composition_used,atomic,accuracy,1,1.0
confirmation,146013,48000,composition_used,atomic,answer_accuracy,1,1.0
confirmation,146013,48000,composition_used,atomic,answer_probability,1,0.999989037580596
confirmation,146013,48000,composition_used,composition,accuracy,1,0.99
confirmation,146013,48000,composition_used,composition,answer_accuracy,1,0.99
confirmation,146013,48000,composition_used,composition,answer_probability,1,0.9874497471770833
confirmation,146013,48000,matching_repetition,atomic,accuracy,1,1.0
confirmation,146013,48000,matching_repetition,atomic,answer_accuracy,1,1.0
confirmation,146013,48000,matching_repetition,atomic,answer_probability,1,0.9999934392146177
confirmation,146013,48000,matching_repetition,composition,accuracy,1,0.1330232558139535
confirmation,146013,48000,matching_repetition,composition,answer_accuracy,1,0.1330232558139535
confirmation,146013,48000,matching_repetition,composition,answer_probability,1,0.14422068925226667
confirmation,146013,48000,other_repetition,atomic,accuracy,1,1.0
confirmation,146013,48000,other_repetition,atomic,answer_accuracy,1,1.0
confirmation,146013,48000,other_repetition,atomic,answer_probability,1,0.9999429133695061
confirmation,146013,48000,other_repetition,composition,accuracy,1,0.03162790697674418
confirmation,146013,48000,other_repetition,composition,answer_accuracy,1,0.03162790697674418
confirmation,146013,48000,other_repetition,composition,answer_probability,1,0.0220607564224114
confirmation,146013,56000,atomic_only,atomic,accuracy,1,1.0
confirmation,146013,56000,atomic_only,atomic,answer_accuracy,1,1.0
confirmation,146013,56000,atomic_only,atomic,answer_probability,1,0.9999613743694251
confirmation,146013,56000,atomic_only,composition,accuracy,1,0.04488372093023256
confirmation,146013,56000,atomic_only,composition,answer_accuracy,1,0.04488372093023256
confirmation,146013,56000,atomic_only,composition,answer_probability,1,0.030388114211124098
confirmation,146013,56000,composition_used,atomic,accuracy,1,1.0
confirmation,146013,56000,composition_used,atomic,answer_accuracy,1,1.0
confirmation,146013,56000,composition_used,atomic,answer_probability,1,0.9999941139496277
confirmation,146013,56000,composition_used,composition,accuracy,1,0.99
confirmation,146013,56000,composition_used,composition,answer_accuracy,1,0.99
confirmation,146013,56000,composition_used,composition,answer_probability,1,0.9856040431063016
confirmation,146013,56000,matching_repetition,atomic,accuracy,1,1.0
confirmation,146013,56000,matching_repetition,atomic,answer_accuracy,1,1.0
confirmation,146013,56000,matching_repetition,atomic,answer_probability,1,0.9999948184110365
confirmation,146013,56000,matching_repetition,composition,accuracy,1,0.19627906976744186
confirmation,146013,56000,matching_repetition,composition,answer_accuracy,1,0.19627906976744186
confirmation,146013,56000,matching_repetition,composition,answer_probability,1,0.19366986343503706
confirmation,146013,56000,other_repetition,atomic,accuracy,1,1.0
confirmation,146013,56000,other_repetition,atomic,answer_accuracy,1,1.0
confirmation,146013,56000,other_repetition,atomic,answer_probability,1,0.999947116598669
confirmation,146013,56000,other_repetition,composition,accuracy,1,0.02
confirmation,146013,56000,other_repetition,composition,answer_accuracy,1,0.02
confirmation,146013,56000,other_repetition,composition,answer_probability,1,0.02801861222104394
confirmation,146013,64000,atomic_only,atomic,accuracy,1,0.998046875
confirmation,146013,64000,atomic_only,atomic,answer_accuracy,1,0.998046875
confirmation,146013,64000,atomic_only,atomic,answer_probability,1,0.9984876985648847
confirmation,146013,64000,atomic_only,composition,accuracy,1,0.05325581395348837
confirmation,146013,64000,atomic_only,composition,answer_accuracy,1,0.05325581395348837
confirmation,146013,64000,atomic_only,composition,answer_probability,1,0.040441903353372666
confirmation,146013,64000,composition_used,atomic,accuracy,1,1.0
confirmation,146013,64000,composition_used,atomic,answer_accuracy,1,1.0
confirmation,146013,64000,composition_used,atomic,answer_probability,1,0.9999835755658413
confirmation,146013,64000,composition_used,composition,accuracy,1,1.0
confirmation,146013,64000,composition_used,composition,answer_accuracy,1,1.0
confirmation,146013,64000,composition_used,composition,answer_probability,1,0.996714832603665
confirmation,146013,64000,matching_repetition,atomic,accuracy,1,1.0
confirmation,146013,64000,matching_repetition,atomic,answer_accuracy,1,1.0
confirmation,146013,64000,matching_repetition,atomic,answer_probability,1,0.9999945158166093
confirmation,146013,64000,matching_repetition,composition,accuracy,1,0.20302325581395347
confirmation,146013,64000,matching_repetition,composition,answer_accuracy,1,0.20302325581395347
confirmation,146013,64000,matching_repetition,composition,answer_probability,1,0.15197234017048258
confirmation,146013,64000,other_repetition,atomic,accuracy,1,1.0
confirmation,146013,64000,other_repetition,atomic,answer_accuracy,1,1.0
confirmation,146013,64000,other_repetition,atomic,answer_probability,1,0.9999642175069301
confirmation,146013,64000,other_repetition,composition,accuracy,1,0.08488372093023255
confirmation,146013,64000,other_repetition,composition,answer_accuracy,1,0.08488372093023255
confirmation,146013,64000,other_repetition,composition,answer_probability,1,0.05677145246887347
confirmation,146013,80000,atomic_only,atomic,accuracy,1,0.998046875
confirmation,146013,80000,atomic_only,atomic,answer_accuracy,1,0.998046875
confirmation,146013,80000,atomic_only,atomic,answer_probability,1,0.9979343237470542
confirmation,146013,80000,atomic_only,composition,accuracy,1,0.04
confirmation,146013,80000,atomic_only,composition,answer_accuracy,1,0.04
confirmation,146013,80000,atomic_only,composition,answer_probability,1,0.028811502634053004
confirmation,146013,80000,composition_used,atomic,accuracy,1,1.0
confirmation,146013,80000,composition_used,atomic,answer_accuracy,1,1.0
confirmation,146013,80000,composition_used,atomic,answer_probability,1,0.999990971997724
confirmation,146013,80000,composition_used,composition,accuracy,1,0.97
confirmation,146013,80000,composition_used,composition,answer_accuracy,1,0.97
confirmation,146013,80000,composition_used,composition,answer_probability,1,0.9728793141212683
confirmation,146013,80000,matching_repetition,atomic,accuracy,1,1.0
confirmation,146013,80000,matching_repetition,atomic,answer_accuracy,1,1.0
confirmation,146013,80000,matching_repetition,atomic,answer_probability,1,0.99999349194213
confirmation,146013,80000,matching_repetition,composition,accuracy,1,0.18976744186046512
confirmation,146013,80000,matching_repetition,composition,answer_accuracy,1,0.18976744186046512
confirmation,146013,80000,matching_repetition,composition,answer_probability,1,0.16875676200851544
confirmation,146013,80000,other_repetition,atomic,accuracy,1,1.0
confirmation,146013,80000,other_repetition,atomic,answer_accuracy,1,1.0
confirmation,146013,80000,other_repetition,atomic,answer_probability,1,0.9999380382300974
confirmation,146013,80000,other_repetition,composition,accuracy,1,0.06651162790697675
confirmation,146013,80000,other_repetition,composition,answer_accuracy,1,0.06651162790697675
confirmation,146013,80000,other_repetition,composition,answer_probability,1,0.0432538253410371
confirmation,146013,96000,atomic_only,atomic,accuracy,1,1.0
confirmation,146013,96000,atomic_only,atomic,answer_accuracy,1,1.0
confirmation,146013,96000,atomic_only,atomic,answer_probability,1,0.9999760229658546
confirmation,146013,96000,atomic_only,composition,accuracy,1,0.05162790697674419
confirmation,146013,96000,atomic_only,composition,answer_accuracy,1,0.05162790697674419
confirmation,146013,96000,atomic_only,composition,answer_probability,1,0.04324685874898158
confirmation,146013,96000,composition_used,atomic,accuracy,1,1.0
confirmation,146013,96000,composition_used,atomic,answer_accuracy,1,1.0
confirmation,146013,96000,composition_used,atomic,answer_probability,1,0.9999835779162822
confirmation,146013,96000,composition_used,composition,accuracy,1,1.0
confirmation,146013,96000,composition_used,composition,answer_accuracy,1,1.0
confirmation,146013,96000,composition_used,composition,answer_probability,1,0.9985178027814665
confirmation,146013,96000,matching_repetition,atomic,accuracy,1,1.0
confirmation,146013,96000,matching_repetition,atomic,answer_accuracy,1,1.0
confirmation,146013,96000,matching_repetition,atomic,answer_probability,1,0.9999955010976767
confirmation,146013,96000,matching_repetition,composition,accuracy,1,0.1697674418604651
confirmation,146013,96000,matching_repetition,composition,answer_accuracy,1,0.1697674418604651
confirmation,146013,96000,matching_repetition,composition,answer_probability,1,0.16424955492511933
confirmation,146013,96000,other_repetition,atomic,accuracy,1,1.0
confirmation,146013,96000,other_repetition,atomic,answer_accuracy,1,1.0
confirmation,146013,96000,other_repetition,atomic,answer_probability,1,0.9999653600434992
confirmation,146013,96000,other_repetition,composition,accuracy,1,0.06162790697674419
confirmation,146013,96000,other_repetition,composition,answer_accuracy,1,0.06162790697674419
confirmation,146013,96000,other_repetition,composition,answer_probability,1,0.0587697411574641
confirmation,146013,112000,atomic_only,atomic,accuracy,1,1.0
confirmation,146013,112000,atomic_only,atomic,answer_accuracy,1,1.0
confirmation,146013,112000,atomic_only,atomic,answer_probability,1,0.999952182488204
confirmation,146013,112000,atomic_only,composition,accuracy,1,0.04488372093023256
confirmation,146013,112000,atomic_only,composition,answer_accuracy,1,0.04488372093023256
confirmation,146013,112000,atomic_only,composition,answer_probability,1,0.04319359698068674
confirmation,146013,112000,composition_used,atomic,accuracy,1,1.0
confirmation,146013,112000,composition_used,atomic,answer_accuracy,1,1.0
confirmation,146013,112000,composition_used,atomic,answer_probability,1,0.9999941587851315
confirmation,146013,112000,composition_used,composition,accuracy,1,1.0
confirmation,146013,112000,composition_used,composition,answer_accuracy,1,1.0
confirmation,146013,112000,composition_used,composition,answer_probability,1,0.9962218147850083
confirmation,146013,112000,matching_repetition,atomic,accuracy,1,1.0
confirmation,146013,112000,matching_repetition,atomic,answer_accuracy,1,1.0
confirmation,146013,112000,matching_repetition,atomic,answer_probability,1,0.9999938945120894
confirmation,146013,112000,matching_repetition,composition,accuracy,1,0.2727906976744186
confirmation,146013,112000,matching_repetition,composition,answer_accuracy,1,0.2727906976744186
confirmation,146013,112000,matching_repetition,composition,answer_probability,1,0.2176594491888117
confirmation,146013,112000,other_repetition,atomic,accuracy,1,1.0
confirmation,146013,112000,other_repetition,atomic,answer_accuracy,1,1.0
confirmation,146013,112000,other_repetition,atomic,answer_probability,1,0.9999459452202475
confirmation,146013,112000,other_repetition,composition,accuracy,1,0.08325581395348837
confirmation,146013,112000,other_repetition,composition,answer_accuracy,1,0.08325581395348837
confirmation,146013,112000,other_repetition,composition,answer_probability,1,0.06671227977604749
confirmation,146013,128000,atomic_only,atomic,accuracy,1,1.0
confirmation,146013,128000,atomic_only,atomic,answer_accuracy,1,1.0
confirmation,146013,128000,atomic_only,atomic,answer_probability,1,0.9999402687078849
confirmation,146013,128000,atomic_only,composition,accuracy,1,0.033255813953488374
confirmation,146013,128000,atomic_only,composition,answer_accuracy,1,0.033255813953488374
confirmation,146013,128000,atomic_only,composition,answer_probability,1,0.03573788370758879
confirmation,146013,128000,composition_used,atomic,accuracy,1,1.0
confirmation,146013,128000,composition_used,atomic,answer_accuracy,1,1.0
confirmation,146013,128000,composition_used,atomic,answer_probability,1,0.9999928852148594
confirmation,146013,128000,composition_used,composition,accuracy,1,1.0
confirmation,146013,128000,composition_used,composition,answer_accuracy,1,1.0
confirmation,146013,128000,composition_used,composition,answer_probability,1,0.9981936789137718
confirmation,146013,128000,matching_repetition,atomic,accuracy,1,1.0
confirmation,146013,128000,matching_repetition,atomic,answer_accuracy,1,1.0
confirmation,146013,128000,matching_repetition,atomic,answer_probability,1,0.9999957956117982
confirmation,146013,128000,matching_repetition,composition,accuracy,1,0.19627906976744186
confirmation,146013,128000,matching_repetition,composition,answer_accuracy,1,0.19627906976744186
confirmation,146013,128000,matching_repetition,composition,answer_probability,1,0.18350988919733274
confirmation,146013,128000,other_repetition,atomic,accuracy,1,1.0
confirmation,146013,128000,other_repetition,atomic,answer_accuracy,1,1.0
confirmation,146013,128000,other_repetition,atomic,answer_probability,1,0.9999605151533535
confirmation,146013,128000,other_repetition,composition,accuracy,1,0.08651162790697675
confirmation,146013,128000,other_repetition,composition,answer_accuracy,1,0.08651162790697675
confirmation,146013,128000,other_repetition,composition,answer_probability,1,0.07460727672662407
