width,world,seed,condition,chain,organization_role,control_arm,control_family,population,paired_people,requested_control_queries,default_queries,control_queries,default_target_minus_control,other_target_minus_control,default_minus_other_contrast
768,0,1,neither,company,neither,random_remove,actual,all,True,128,128,128,0.0078125,0.0,0.0078125
768,0,1,neither,company,neither,random_remove,actual,ordinary,True,64,64,64,0.0,0.0,0.0
768,0,1,neither,company,neither,random_remove,actual,old_exception,True,64,64,64,0.015625,0.0,0.015625
768,0,1,neither,company,neither,random_remove,other_chain_default,all,True,128,128,128,0.0078125,0.0,0.0078125
768,0,1,neither,company,neither,random_remove,other_chain_default,ordinary,True,64,64,64,0.0,0.0,0.0
768,0,1,neither,company,neither,random_remove,other_chain_default,old_exception,True,64,64,64,0.015625,0.0,0.015625
768,0,1,neither,company,neither,random_remove,attribute_3,all,True,128,128,128,0.0078125,0.0,0.0078125
768,0,1,neither,company,neither,random_remove,attribute_3,ordinary,True,64,64,64,0.0,0.0,0.0
768,0,1,neither,company,neither,random_remove,attribute_3,old_exception,True,64,64,64,0.015625,0.0,0.015625
768,0,1,neither,company,neither,random_remove,attribute_4,all,True,128,128,128,0.0078125,-0.0078125,0.015625
768,0,1,neither,company,neither,random_remove,attribute_4,ordinary,True,64,64,64,0.0,0.0,0.0
768,0,1,neither,company,neither,random_remove,attribute_4,old_exception,True,64,64,64,0.015625,-0.015625,0.03125
768,0,1,neither,company,neither,random_remove,attribute_5,all,True,128,128,128,0.0078125,0.0,0.0078125
768,0,1,neither,company,neither,random_remove,attribute_5,ordinary,True,64,64,64,0.0,0.0,0.0
768,0,1,neither,company,neither,random_remove,attribute_5,old_exception,True,64,64,64,0.015625,0.0,0.015625
768,0,1,neither,company,neither,random_remove,attribute_6,all,True,128,128,128,0.0078125,0.0,0.0078125
768,0,1,neither,company,neither,random_remove,attribute_6,ordinary,True,64,64,64,0.0,0.0,0.0
768,0,1,neither,company,neither,random_remove,attribute_6,old_exception,True,64,64,64,0.015625,0.0,0.015625
768,0,1,neither,company,neither,random_remove,membership,all,True,128,128,128,0.0078125,0.0,0.0078125
768,0,1,neither,company,neither,random_remove,membership,ordinary,True,64,64,64,0.0,0.0,0.0
768,0,1,neither,company,neither,random_remove,membership,old_exception,True,64,64,64,0.015625,0.0,0.015625
768,0,1,neither,company,neither,random_remove,other_chain_actual,all,True,128,128,128,0.0078125,0.0,0.0078125
768,0,1,neither,company,neither,random_remove,other_chain_actual,ordinary,True,64,64,64,0.0,0.0,0.0
768,0,1,neither,company,neither,random_remove,other_chain_actual,old_exception,True,64,64,64,0.015625,0.0,0.015625
768,0,1,neither,company,neither,random_remove,group_root,all,False,64,128,64,0.0078125,0.0,0.0078125
768,0,1,neither,company,neither,complement_remove,actual,all,True,128,128,128,0.0,0.0,0.0
768,0,1,neither,company,neither,complement_remove,actual,ordinary,True,64,64,64,0.0,0.0,0.0
768,0,1,neither,company,neither,complement_remove,actual,old_exception,True,64,64,64,0.0,0.0,0.0
768,0,1,neither,company,neither,complement_remove,other_chain_default,all,True,128,128,128,0.0,0.0,0.0
768,0,1,neither,company,neither,complement_remove,other_chain_default,ordinary,True,64,64,64,0.0,0.0,0.0
768,0,1,neither,company,neither,complement_remove,other_chain_default,old_exception,True,64,64,64,0.0,0.0,0.0
768,0,1,neither,company,neither,complement_remove,attribute_3,all,True,128,128,128,0.0,0.0,0.0
768,0,1,neither,company,neither,complement_remove,attribute_3,ordinary,True,64,64,64,0.0,0.0,0.0
768,0,1,neither,company,neither,complement_remove,attribute_3,old_exception,True,64,64,64,0.0,0.0,0.0
768,0,1,neither,company,neither,complement_remove,attribute_4,all,True,128,128,128,0.0,0.0,0.0
768,0,1,neither,company,neither,complement_remove,attribute_4,ordinary,True,64,64,64,0.0,0.0,0.0
768,0,1,neither,company,neither,complement_remove,attribute_4,old_exception,True,64,64,64,0.0,0.0,0.0
768,0,1,neither,company,neither,complement_remove,attribute_5,all,True,128,128,128,0.0,0.0,0.0
768,0,1,neither,company,neither,complement_remove,attribute_5,ordinary,True,64,64,64,0.0,0.0,0.0
768,0,1,neither,company,neither,complement_remove,attribute_5,old_exception,True,64,64,64,0.0,0.0,0.0
768,0,1,neither,company,neither,complement_remove,attribute_6,all,True,128,128,128,0.0,0.0,0.0
768,0,1,neither,company,neither,complement_remove,attribute_6,ordinary,True,64,64,64,0.0,0.0,0.0
768,0,1,neither,company,neither,complement_remove,attribute_6,old_exception,True,64,64,64,0.0,0.0,0.0
768,0,1,neither,company,neither,complement_remove,membership,all,True,128,128,128,0.0,0.0078125,-0.0078125
768,0,1,neither,company,neither,complement_remove,membership,ordinary,True,64,64,64,0.0,0.015625,-0.015625
768,0,1,neither,company,neither,complement_remove,membership,old_exception,True,64,64,64,0.0,0.0,0.0
768,0,1,neither,company,neither,complement_remove,other_chain_actual,all,True,128,128,128,0.0,0.0,0.0
768,0,1,neither,company,neither,complement_remove,other_chain_actual,ordinary,True,64,64,64,0.0,0.0,0.0
768,0,1,neither,company,neither,complement_remove,other_chain_actual,old_exception,True,64,64,64,0.0,0.0,0.0
768,0,1,neither,company,neither,complement_remove,group_root,all,False,64,128,64,0.0,0.0,0.0
768,0,1,neither,project,neither,random_remove,actual,all,True,128,128,128,0.0,0.0,0.0
768,0,1,neither,project,neither,random_remove,actual,ordinary,True,64,64,64,0.0,0.0,0.0
768,0,1,neither,project,neither,random_remove,actual,old_exception,True,64,64,64,0.0,0.0,0.0
768,0,1,neither,project,neither,random_remove,other_chain_default,all,True,128,128,128,0.0,0.0,0.0
768,0,1,neither,project,neither,random_remove,other_chain_default,ordinary,True,64,64,64,0.0,0.0,0.0
768,0,1,neither,project,neither,random_remove,other_chain_default,old_exception,True,64,64,64,0.0,0.0,0.0
768,0,1,neither,project,neither,random_remove,attribute_3,all,True,128,128,128,0.0,0.0,0.0
768,0,1,neither,project,neither,random_remove,attribute_3,ordinary,True,64,64,64,0.0,0.0,0.0
768,0,1,neither,project,neither,random_remove,attribute_3,old_exception,True,64,64,64,0.0,0.0,0.0
768,0,1,neither,project,neither,random_remove,attribute_4,all,True,128,128,128,0.0,0.0,0.0
768,0,1,neither,project,neither,random_remove,attribute_4,ordinary,True,64,64,64,0.0,0.0,0.0
768,0,1,neither,project,neither,random_remove,attribute_4,old_exception,True,64,64,64,0.0,0.0,0.0
768,0,1,neither,project,neither,random_remove,attribute_5,all,True,128,128,128,0.0,0.0,0.0
768,0,1,neither,project,neither,random_remove,attribute_5,ordinary,True,64,64,64,0.0,0.0,0.0
768,0,1,neither,project,neither,random_remove,attribute_5,old_exception,True,64,64,64,0.0,0.0,0.0
768,0,1,neither,project,neither,random_remove,attribute_6,all,True,128,128,128,0.0,0.0,0.0
768,0,1,neither,project,neither,random_remove,attribute_6,ordinary,True,64,64,64,0.0,0.0,0.0
768,0,1,neither,project,neither,random_remove,attribute_6,old_exception,True,64,64,64,0.0,0.0,0.0
768,0,1,neither,project,neither,random_remove,membership,all,True,128,128,128,0.0,0.0,0.0
768,0,1,neither,project,neither,random_remove,membership,ordinary,True,64,64,64,0.0,0.0,0.0
768,0,1,neither,project,neither,random_remove,membership,old_exception,True,64,64,64,0.0,0.0,0.0
768,0,1,neither,project,neither,random_remove,other_chain_actual,all,True,128,128,128,0.0,0.0,0.0
768,0,1,neither,project,neither,random_remove,other_chain_actual,ordinary,True,64,64,64,0.0,0.0,0.0
768,0,1,neither,project,neither,random_remove,other_chain_actual,old_exception,True,64,64,64,0.0,0.0,0.0
768,0,1,neither,project,neither,random_remove,group_root,all,False,64,128,64,0.0,0.0,0.0
768,0,1,neither,project,neither,complement_remove,actual,all,True,128,128,128,0.0,0.0,0.0
768,0,1,neither,project,neither,complement_remove,actual,ordinary,True,64,64,64,0.0,0.0,0.0
768,0,1,neither,project,neither,complement_remove,actual,old_exception,True,64,64,64,0.0,0.0,0.0
768,0,1,neither,project,neither,complement_remove,other_chain_default,all,True,128,128,128,0.0,0.0,0.0
768,0,1,neither,project,neither,complement_remove,other_chain_default,ordinary,True,64,64,64,0.0,0.0,0.0
768,0,1,neither,project,neither,complement_remove,other_chain_default,old_exception,True,64,64,64,0.0,0.0,0.0
768,0,1,neither,project,neither,complement_remove,attribute_3,all,True,128,128,128,0.0,0.0078125,-0.0078125
768,0,1,neither,project,neither,complement_remove,attribute_3,ordinary,True,64,64,64,0.0,0.015625,-0.015625
768,0,1,neither,project,neither,complement_remove,attribute_3,old_exception,True,64,64,64,0.0,0.0,0.0
768,0,1,neither,project,neither,complement_remove,attribute_4,all,True,128,128,128,0.0,0.0,0.0
768,0,1,neither,project,neither,complement_remove,attribute_4,ordinary,True,64,64,64,0.0,0.0,0.0
768,0,1,neither,project,neither,complement_remove,attribute_4,old_exception,True,64,64,64,0.0,0.0,0.0
768,0,1,neither,project,neither,complement_remove,attribute_5,all,True,128,128,128,0.0,0.0,0.0
768,0,1,neither,project,neither,complement_remove,attribute_5,ordinary,True,64,64,64,0.0,0.0,0.0
768,0,1,neither,project,neither,complement_remove,attribute_5,old_exception,True,64,64,64,0.0,0.0,0.0
768,0,1,neither,project,neither,complement_remove,attribute_6,all,True,128,128,128,0.0,0.0,0.0
768,0,1,neither,project,neither,complement_remove,attribute_6,ordinary,True,64,64,64,0.0,0.0,0.0
768,0,1,neither,project,neither,complement_remove,attribute_6,old_exception,True,64,64,64,0.0,0.0,0.0
768,0,1,neither,project,neither,complement_remove,membership,all,True,128,128,128,0.0,0.0,0.0
768,0,1,neither,project,neither,complement_remove,membership,ordinary,True,64,64,64,0.0,0.0,0.0
768,0,1,neither,project,neither,complement_remove,membership,old_exception,True,64,64,64,0.0,0.0,0.0
768,0,1,neither,project,neither,complement_remove,other_chain_actual,all,True,128,128,128,0.0,0.0,0.0
768,0,1,neither,project,neither,complement_remove,other_chain_actual,ordinary,True,64,64,64,0.0,0.0,0.0
768,0,1,neither,project,neither,complement_remove,other_chain_actual,old_exception,True,64,64,64,0.0,0.0,0.0
768,0,1,neither,project,neither,complement_remove,group_root,all,False,64,128,64,0.0,0.0,0.0
256,0,0,company,company,aligned,random_remove,actual,all,True,128,128,128,0.0,0.0078125,-0.0078125
256,0,0,company,company,aligned,random_remove,actual,ordinary,True,64,64,64,0.0,0.015625,-0.015625
256,0,0,company,company,aligned,random_remove,actual,old_exception,True,64,64,64,0.0,0.0,0.0
256,0,0,company,company,aligned,random_remove,other_chain_default,all,True,128,128,128,0.0,-0.09375,0.09375
256,0,0,company,company,aligned,random_remove,other_chain_default,ordinary,True,64,64,64,0.0,-0.140625,0.140625
256,0,0,company,company,aligned,random_remove,other_chain_default,old_exception,True,64,64,64,0.0,-0.046875,0.046875
256,0,0,company,company,aligned,random_remove,attribute_3,all,True,128,128,128,0.0,0.0,0.0
256,0,0,company,company,aligned,random_remove,attribute_3,ordinary,True,64,64,64,0.0,0.0,0.0
256,0,0,company,company,aligned,random_remove,attribute_3,old_exception,True,64,64,64,0.0,0.0,0.0
256,0,0,company,company,aligned,random_remove,attribute_4,all,True,128,128,128,0.0,-0.0078125,0.0078125
256,0,0,company,company,aligned,random_remove,attribute_4,ordinary,True,64,64,64,0.0,-0.046875,0.046875
256,0,0,company,company,aligned,random_remove,attribute_4,old_exception,True,64,64,64,0.0,0.03125,-0.03125
256,0,0,company,company,aligned,random_remove,attribute_5,all,True,128,128,128,0.0,-0.1015625,0.1015625
256,0,0,company,company,aligned,random_remove,attribute_5,ordinary,True,64,64,64,0.0,-0.15625,0.15625
256,0,0,company,company,aligned,random_remove,attribute_5,old_exception,True,64,64,64,0.0,-0.046875,0.046875
256,0,0,company,company,aligned,random_remove,attribute_6,all,True,128,128,128,0.0,-0.25,0.25
256,0,0,company,company,aligned,random_remove,attribute_6,ordinary,True,64,64,64,0.0,-0.296875,0.296875
256,0,0,company,company,aligned,random_remove,attribute_6,old_exception,True,64,64,64,0.0,-0.203125,0.203125
256,0,0,company,company,aligned,random_remove,membership,all,True,128,128,128,0.0,0.0,0.0
256,0,0,company,company,aligned,random_remove,membership,ordinary,True,64,64,64,0.0,0.0,0.0
256,0,0,company,company,aligned,random_remove,membership,old_exception,True,64,64,64,0.0,0.0,0.0
256,0,0,company,company,aligned,random_remove,other_chain_actual,all,True,128,128,128,0.0,-0.171875,0.171875
256,0,0,company,company,aligned,random_remove,other_chain_actual,ordinary,True,64,64,64,0.0,-0.21875,0.21875
256,0,0,company,company,aligned,random_remove,other_chain_actual,old_exception,True,64,64,64,0.0,-0.125,0.125
256,0,0,company,company,aligned,random_remove,group_root,all,False,64,128,64,0.0,0.0,0.0
256,0,0,company,company,aligned,complement_remove,actual,all,True,128,128,128,0.0,0.0078125,-0.0078125
256,0,0,company,company,aligned,complement_remove,actual,ordinary,True,64,64,64,0.0,0.0,0.0
256,0,0,company,company,aligned,complement_remove,actual,old_exception,True,64,64,64,0.0,0.015625,-0.015625
256,0,0,company,company,aligned,complement_remove,other_chain_default,all,True,128,128,128,0.0,-0.0390625,0.0390625
256,0,0,company,company,aligned,complement_remove,other_chain_default,ordinary,True,64,64,64,0.0,-0.09375,0.09375
256,0,0,company,company,aligned,complement_remove,other_chain_default,old_exception,True,64,64,64,0.0,0.015625,-0.015625
256,0,0,company,company,aligned,complement_remove,attribute_3,all,True,128,128,128,0.0,0.0,0.0
256,0,0,company,company,aligned,complement_remove,attribute_3,ordinary,True,64,64,64,0.0,0.0,0.0
256,0,0,company,company,aligned,complement_remove,attribute_3,old_exception,True,64,64,64,0.0,0.0,0.0
256,0,0,company,company,aligned,complement_remove,attribute_4,all,True,128,128,128,0.0,0.265625,-0.265625
256,0,0,company,company,aligned,complement_remove,attribute_4,ordinary,True,64,64,64,0.0,0.140625,-0.140625
256,0,0,company,company,aligned,complement_remove,attribute_4,old_exception,True,64,64,64,0.0,0.390625,-0.390625
256,0,0,company,company,aligned,complement_remove,attribute_5,all,True,128,128,128,0.0,0.078125,-0.078125
256,0,0,company,company,aligned,complement_remove,attribute_5,ordinary,True,64,64,64,0.0,0.015625,-0.015625
256,0,0,company,company,aligned,complement_remove,attribute_5,old_exception,True,64,64,64,0.0,0.140625,-0.140625
256,0,0,company,company,aligned,complement_remove,attribute_6,all,True,128,128,128,0.0,0.046875,-0.046875
256,0,0,company,company,aligned,complement_remove,attribute_6,ordinary,True,64,64,64,0.0,-0.046875,0.046875
256,0,0,company,company,aligned,complement_remove,attribute_6,old_exception,True,64,64,64,0.0,0.140625,-0.140625
256,0,0,company,company,aligned,complement_remove,membership,all,True,128,128,128,0.0,0.0,0.0
256,0,0,company,company,aligned,complement_remove,membership,ordinary,True,64,64,64,0.0,0.0,0.0
256,0,0,company,company,aligned,complement_remove,membership,old_exception,True,64,64,64,0.0,0.0,0.0
256,0,0,company,company,aligned,complement_remove,other_chain_actual,all,True,128,128,128,0.0,0.0703125,-0.0703125
256,0,0,company,company,aligned,complement_remove,other_chain_actual,ordinary,True,64,64,64,0.0,-0.09375,0.09375
256,0,0,company,company,aligned,complement_remove,other_chain_actual,old_exception,True,64,64,64,0.0,0.234375,-0.234375
256,0,0,company,company,aligned,complement_remove,group_root,all,False,64,128,64,0.0,0.0,0.0
256,0,0,company,project,opposite,random_remove,actual,all,True,128,128,128,-0.078125,-0.203125,0.125
256,0,0,company,project,opposite,random_remove,actual,ordinary,True,64,64,64,-0.15625,-0.203125,0.046875
256,0,0,company,project,opposite,random_remove,actual,old_exception,True,64,64,64,0.0,-0.203125,0.203125
256,0,0,company,project,opposite,random_remove,other_chain_default,all,True,128,128,128,-0.078125,0.0,-0.078125
256,0,0,company,project,opposite,random_remove,other_chain_default,ordinary,True,64,64,64,-0.15625,0.0,-0.15625
256,0,0,company,project,opposite,random_remove,other_chain_default,old_exception,True,64,64,64,0.0,0.0,0.0
256,0,0,company,project,opposite,random_remove,attribute_3,all,True,128,128,128,-0.078125,0.0,-0.078125
256,0,0,company,project,opposite,random_remove,attribute_3,ordinary,True,64,64,64,-0.15625,0.0,-0.15625
256,0,0,company,project,opposite,random_remove,attribute_3,old_exception,True,64,64,64,0.0,0.0,0.0
256,0,0,company,project,opposite,random_remove,attribute_4,all,True,128,128,128,-0.078125,-0.1171875,0.0390625
256,0,0,company,project,opposite,random_remove,attribute_4,ordinary,True,64,64,64,-0.15625,-0.125,-0.03125
256,0,0,company,project,opposite,random_remove,attribute_4,old_exception,True,64,64,64,0.0,-0.109375,0.109375
256,0,0,company,project,opposite,random_remove,attribute_5,all,True,128,128,128,-0.078125,-0.1171875,0.0390625
256,0,0,company,project,opposite,random_remove,attribute_5,ordinary,True,64,64,64,-0.15625,-0.078125,-0.078125
256,0,0,company,project,opposite,random_remove,attribute_5,old_exception,True,64,64,64,0.0,-0.15625,0.15625
256,0,0,company,project,opposite,random_remove,attribute_6,all,True,128,128,128,-0.078125,-0.3046875,0.2265625
256,0,0,company,project,opposite,random_remove,attribute_6,ordinary,True,64,64,64,-0.15625,-0.296875,0.140625
256,0,0,company,project,opposite,random_remove,attribute_6,old_exception,True,64,64,64,0.0,-0.3125,0.3125
256,0,0,company,project,opposite,random_remove,membership,all,True,128,128,128,-0.078125,-0.0625,-0.015625
256,0,0,company,project,opposite,random_remove,membership,ordinary,True,64,64,64,-0.15625,-0.046875,-0.109375
256,0,0,company,project,opposite,random_remove,membership,old_exception,True,64,64,64,0.0,-0.078125,0.078125
256,0,0,company,project,opposite,random_remove,other_chain_actual,all,True,128,128,128,-0.078125,0.0,-0.078125
256,0,0,company,project,opposite,random_remove,other_chain_actual,ordinary,True,64,64,64,-0.15625,0.0,-0.15625
256,0,0,company,project,opposite,random_remove,other_chain_actual,old_exception,True,64,64,64,0.0,0.0,0.0
256,0,0,company,project,opposite,random_remove,group_root,all,False,64,128,64,-0.078125,0.0,-0.078125
256,0,0,company,project,opposite,complement_remove,actual,all,True,128,128,128,-0.0703125,-0.203125,0.1328125
256,0,0,company,project,opposite,complement_remove,actual,ordinary,True,64,64,64,-0.1875,-0.21875,0.03125
256,0,0,company,project,opposite,complement_remove,actual,old_exception,True,64,64,64,0.046875,-0.1875,0.234375
256,0,0,company,project,opposite,complement_remove,other_chain_default,all,True,128,128,128,-0.0703125,0.0,-0.0703125
256,0,0,company,project,opposite,complement_remove,other_chain_default,ordinary,True,64,64,64,-0.1875,0.0,-0.1875
256,0,0,company,project,opposite,complement_remove,other_chain_default,old_exception,True,64,64,64,0.046875,0.0,0.046875
256,0,0,company,project,opposite,complement_remove,attribute_3,all,True,128,128,128,-0.0703125,0.0,-0.0703125
256,0,0,company,project,opposite,complement_remove,attribute_3,ordinary,True,64,64,64,-0.1875,0.0,-0.1875
256,0,0,company,project,opposite,complement_remove,attribute_3,old_exception,True,64,64,64,0.046875,0.0,0.046875
256,0,0,company,project,opposite,complement_remove,attribute_4,all,True,128,128,128,-0.0703125,-0.1015625,0.03125
256,0,0,company,project,opposite,complement_remove,attribute_4,ordinary,True,64,64,64,-0.1875,-0.09375,-0.09375
256,0,0,company,project,opposite,complement_remove,attribute_4,old_exception,True,64,64,64,0.046875,-0.109375,0.15625
256,0,0,company,project,opposite,complement_remove,attribute_5,all,True,128,128,128,-0.0703125,-0.0859375,0.015625
256,0,0,company,project,opposite,complement_remove,attribute_5,ordinary,True,64,64,64,-0.1875,-0.046875,-0.140625
256,0,0,company,project,opposite,complement_remove,attribute_5,old_exception,True,64,64,64,0.046875,-0.125,0.171875
256,0,0,company,project,opposite,complement_remove,attribute_6,all,True,128,128,128,-0.0703125,-0.1484375,0.078125
256,0,0,company,project,opposite,complement_remove,attribute_6,ordinary,True,64,64,64,-0.1875,-0.15625,-0.03125
256,0,0,company,project,opposite,complement_remove,attribute_6,old_exception,True,64,64,64,0.046875,-0.140625,0.1875
256,0,0,company,project,opposite,complement_remove,membership,all,True,128,128,128,-0.0703125,-0.046875,-0.0234375
256,0,0,company,project,opposite,complement_remove,membership,ordinary,True,64,64,64,-0.1875,-0.046875,-0.140625
256,0,0,company,project,opposite,complement_remove,membership,old_exception,True,64,64,64,0.046875,-0.046875,0.09375
256,0,0,company,project,opposite,complement_remove,other_chain_actual,all,True,128,128,128,-0.0703125,0.0078125,-0.078125
256,0,0,company,project,opposite,complement_remove,other_chain_actual,ordinary,True,64,64,64,-0.1875,0.0,-0.1875
256,0,0,company,project,opposite,complement_remove,other_chain_actual,old_exception,True,64,64,64,0.046875,0.015625,0.03125
256,0,0,company,project,opposite,complement_remove,group_root,all,False,64,128,64,-0.0703125,0.0,-0.0703125
256,0,0,project,company,opposite,random_remove,actual,all,True,128,128,128,0.0078125,-0.0234375,0.03125
256,0,0,project,company,opposite,random_remove,actual,ordinary,True,64,64,64,0.0,0.0,0.0
256,0,0,project,company,opposite,random_remove,actual,old_exception,True,64,64,64,0.015625,-0.046875,0.0625
256,0,0,project,company,opposite,random_remove,other_chain_default,all,True,128,128,128,0.0078125,-0.40625,0.4140625
256,0,0,project,company,opposite,random_remove,other_chain_default,ordinary,True,64,64,64,0.0,-0.375,0.375
256,0,0,project,company,opposite,random_remove,other_chain_default,old_exception,True,64,64,64,0.015625,-0.4375,0.453125
256,0,0,project,company,opposite,random_remove,attribute_3,all,True,128,128,128,0.0078125,0.0,0.0078125
256,0,0,project,company,opposite,random_remove,attribute_3,ordinary,True,64,64,64,0.0,0.0,0.0
256,0,0,project,company,opposite,random_remove,attribute_3,old_exception,True,64,64,64,0.015625,0.0,0.015625
256,0,0,project,company,opposite,random_remove,attribute_4,all,True,128,128,128,0.0078125,-0.0546875,0.0625
256,0,0,project,company,opposite,random_remove,attribute_4,ordinary,True,64,64,64,0.0,-0.015625,0.015625
256,0,0,project,company,opposite,random_remove,attribute_4,old_exception,True,64,64,64,0.015625,-0.09375,0.109375
256,0,0,project,company,opposite,random_remove,attribute_5,all,True,128,128,128,0.0078125,0.0,0.0078125
256,0,0,project,company,opposite,random_remove,attribute_5,ordinary,True,64,64,64,0.0,0.0,0.0
256,0,0,project,company,opposite,random_remove,attribute_5,old_exception,True,64,64,64,0.015625,0.0,0.015625
256,0,0,project,company,opposite,random_remove,attribute_6,all,True,128,128,128,0.0078125,0.0,0.0078125
256,0,0,project,company,opposite,random_remove,attribute_6,ordinary,True,64,64,64,0.0,0.0,0.0
256,0,0,project,company,opposite,random_remove,attribute_6,old_exception,True,64,64,64,0.015625,0.0,0.015625
256,0,0,project,company,opposite,random_remove,membership,all,True,128,128,128,0.0078125,-0.015625,0.0234375
256,0,0,project,company,opposite,random_remove,membership,ordinary,True,64,64,64,0.0,-0.015625,0.015625
256,0,0,project,company,opposite,random_remove,membership,old_exception,True,64,64,64,0.015625,-0.015625,0.03125
256,0,0,project,company,opposite,random_remove,other_chain_actual,all,True,128,128,128,0.0078125,-0.4140625,0.421875
256,0,0,project,company,opposite,random_remove,other_chain_actual,ordinary,True,64,64,64,0.0,-0.453125,0.453125
256,0,0,project,company,opposite,random_remove,other_chain_actual,old_exception,True,64,64,64,0.015625,-0.375,0.390625
256,0,0,project,company,opposite,random_remove,group_root,all,False,64,128,64,0.0078125,0.0,0.0078125
256,0,0,project,company,opposite,complement_remove,actual,all,True,128,128,128,0.015625,-0.0078125,0.0234375
256,0,0,project,company,opposite,complement_remove,actual,ordinary,True,64,64,64,0.0,0.0,0.0
256,0,0,project,company,opposite,complement_remove,actual,old_exception,True,64,64,64,0.03125,-0.015625,0.046875
256,0,0,project,company,opposite,complement_remove,other_chain_default,all,True,128,128,128,0.015625,-0.3828125,0.3984375
256,0,0,project,company,opposite,complement_remove,other_chain_default,ordinary,True,64,64,64,0.0,-0.34375,0.34375
256,0,0,project,company,opposite,complement_remove,other_chain_default,old_exception,True,64,64,64,0.03125,-0.421875,0.453125
256,0,0,project,company,opposite,complement_remove,attribute_3,all,True,128,128,128,0.015625,0.0078125,0.0078125
256,0,0,project,company,opposite,complement_remove,attribute_3,ordinary,True,64,64,64,0.0,0.015625,-0.015625
256,0,0,project,company,opposite,complement_remove,attribute_3,old_exception,True,64,64,64,0.03125,0.0,0.03125
256,0,0,project,company,opposite,complement_remove,attribute_4,all,True,128,128,128,0.015625,0.0,0.015625
256,0,0,project,company,opposite,complement_remove,attribute_4,ordinary,True,64,64,64,0.0,0.0,0.0
256,0,0,project,company,opposite,complement_remove,attribute_4,old_exception,True,64,64,64,0.03125,0.0,0.03125
256,0,0,project,company,opposite,complement_remove,attribute_5,all,True,128,128,128,0.015625,0.0078125,0.0078125
256,0,0,project,company,opposite,complement_remove,attribute_5,ordinary,True,64,64,64,0.0,0.015625,-0.015625
256,0,0,project,company,opposite,complement_remove,attribute_5,old_exception,True,64,64,64,0.03125,0.0,0.03125
256,0,0,project,company,opposite,complement_remove,attribute_6,all,True,128,128,128,0.015625,0.0078125,0.0078125
256,0,0,project,company,opposite,complement_remove,attribute_6,ordinary,True,64,64,64,0.0,0.0,0.0
256,0,0,project,company,opposite,complement_remove,attribute_6,old_exception,True,64,64,64,0.03125,0.015625,0.015625
256,0,0,project,company,opposite,complement_remove,membership,all,True,128,128,128,0.015625,-0.015625,0.03125
256,0,0,project,company,opposite,complement_remove,membership,ordinary,True,64,64,64,0.0,-0.015625,0.015625
256,0,0,project,company,opposite,complement_remove,membership,old_exception,True,64,64,64,0.03125,-0.015625,0.046875
256,0,0,project,company,opposite,complement_remove,other_chain_actual,all,True,128,128,128,0.015625,-0.3515625,0.3671875
256,0,0,project,company,opposite,complement_remove,other_chain_actual,ordinary,True,64,64,64,0.0,-0.34375,0.34375
256,0,0,project,company,opposite,complement_remove,other_chain_actual,old_exception,True,64,64,64,0.03125,-0.359375,0.390625
256,0,0,project,company,opposite,complement_remove,group_root,all,False,64,128,64,0.015625,0.0,0.015625
256,0,0,project,project,aligned,random_remove,actual,all,True,128,128,128,-0.3671875,-0.34375,-0.0234375
256,0,0,project,project,aligned,random_remove,actual,ordinary,True,64,64,64,-0.546875,-0.5,-0.046875
256,0,0,project,project,aligned,random_remove,actual,old_exception,True,64,64,64,-0.1875,-0.1875,0.0
256,0,0,project,project,aligned,random_remove,other_chain_default,all,True,128,128,128,-0.3671875,0.0078125,-0.375
256,0,0,project,project,aligned,random_remove,other_chain_default,ordinary,True,64,64,64,-0.546875,0.0,-0.546875
256,0,0,project,project,aligned,random_remove,other_chain_default,old_exception,True,64,64,64,-0.1875,0.015625,-0.203125
256,0,0,project,project,aligned,random_remove,attribute_3,all,True,128,128,128,-0.3671875,-0.015625,-0.3515625
256,0,0,project,project,aligned,random_remove,attribute_3,ordinary,True,64,64,64,-0.546875,0.0,-0.546875
256,0,0,project,project,aligned,random_remove,attribute_3,old_exception,True,64,64,64,-0.1875,-0.03125,-0.15625
256,0,0,project,project,aligned,random_remove,attribute_4,all,True,128,128,128,-0.3671875,-0.015625,-0.3515625
256,0,0,project,project,aligned,random_remove,attribute_4,ordinary,True,64,64,64,-0.546875,0.015625,-0.5625
256,0,0,project,project,aligned,random_remove,attribute_4,old_exception,True,64,64,64,-0.1875,-0.046875,-0.140625
256,0,0,project,project,aligned,random_remove,attribute_5,all,True,128,128,128,-0.3671875,-0.015625,-0.3515625
256,0,0,project,project,aligned,random_remove,attribute_5,ordinary,True,64,64,64,-0.546875,-0.03125,-0.515625
256,0,0,project,project,aligned,random_remove,attribute_5,old_exception,True,64,64,64,-0.1875,0.0,-0.1875
256,0,0,project,project,aligned,random_remove,attribute_6,all,True,128,128,128,-0.3671875,0.0,-0.3671875
256,0,0,project,project,aligned,random_remove,attribute_6,ordinary,True,64,64,64,-0.546875,0.0,-0.546875
256,0,0,project,project,aligned,random_remove,attribute_6,old_exception,True,64,64,64,-0.1875,0.0,-0.1875
256,0,0,project,project,aligned,random_remove,membership,all,True,128,128,128,-0.3671875,-0.25,-0.1171875
256,0,0,project,project,aligned,random_remove,membership,ordinary,True,64,64,64,-0.546875,-0.296875,-0.25
256,0,0,project,project,aligned,random_remove,membership,old_exception,True,64,64,64,-0.1875,-0.203125,0.015625
256,0,0,project,project,aligned,random_remove,other_chain_actual,all,True,128,128,128,-0.3671875,-0.0078125,-0.359375
256,0,0,project,project,aligned,random_remove,other_chain_actual,ordinary,True,64,64,64,-0.546875,0.0,-0.546875
256,0,0,project,project,aligned,random_remove,other_chain_actual,old_exception,True,64,64,64,-0.1875,-0.015625,-0.171875
256,0,0,project,project,aligned,random_remove,group_root,all,False,64,128,64,-0.3671875,0.0,-0.3671875
256,0,0,project,project,aligned,complement_remove,actual,all,True,128,128,128,-0.3359375,-0.34375,0.0078125
256,0,0,project,project,aligned,complement_remove,actual,ordinary,True,64,64,64,-0.484375,-0.515625,0.03125
256,0,0,project,project,aligned,complement_remove,actual,old_exception,True,64,64,64,-0.1875,-0.171875,-0.015625
256,0,0,project,project,aligned,complement_remove,other_chain_default,all,True,128,128,128,-0.3359375,0.0078125,-0.34375
256,0,0,project,project,aligned,complement_remove,other_chain_default,ordinary,True,64,64,64,-0.484375,0.0,-0.484375
256,0,0,project,project,aligned,complement_remove,other_chain_default,old_exception,True,64,64,64,-0.1875,0.015625,-0.203125
256,0,0,project,project,aligned,complement_remove,attribute_3,all,True,128,128,128,-0.3359375,0.0390625,-0.375
256,0,0,project,project,aligned,complement_remove,attribute_3,ordinary,True,64,64,64,-0.484375,0.0625,-0.546875
256,0,0,project,project,aligned,complement_remove,attribute_3,old_exception,True,64,64,64,-0.1875,0.015625,-0.203125
256,0,0,project,project,aligned,complement_remove,attribute_4,all,True,128,128,128,-0.3359375,0.0,-0.3359375
256,0,0,project,project,aligned,complement_remove,attribute_4,ordinary,True,64,64,64,-0.484375,0.03125,-0.515625
256,0,0,project,project,aligned,complement_remove,attribute_4,old_exception,True,64,64,64,-0.1875,-0.03125,-0.15625
256,0,0,project,project,aligned,complement_remove,attribute_5,all,True,128,128,128,-0.3359375,-0.015625,-0.3203125
256,0,0,project,project,aligned,complement_remove,attribute_5,ordinary,True,64,64,64,-0.484375,-0.03125,-0.453125
256,0,0,project,project,aligned,complement_remove,attribute_5,old_exception,True,64,64,64,-0.1875,0.0,-0.1875
256,0,0,project,project,aligned,complement_remove,attribute_6,all,True,128,128,128,-0.3359375,0.03125,-0.3671875
256,0,0,project,project,aligned,complement_remove,attribute_6,ordinary,True,64,64,64,-0.484375,0.03125,-0.515625
256,0,0,project,project,aligned,complement_remove,attribute_6,old_exception,True,64,64,64,-0.1875,0.03125,-0.21875
256,0,0,project,project,aligned,complement_remove,membership,all,True,128,128,128,-0.3359375,-0.265625,-0.0703125
256,0,0,project,project,aligned,complement_remove,membership,ordinary,True,64,64,64,-0.484375,-0.3125,-0.171875
256,0,0,project,project,aligned,complement_remove,membership,old_exception,True,64,64,64,-0.1875,-0.21875,0.03125
256,0,0,project,project,aligned,complement_remove,other_chain_actual,all,True,128,128,128,-0.3359375,0.0078125,-0.34375
256,0,0,project,project,aligned,complement_remove,other_chain_actual,ordinary,True,64,64,64,-0.484375,0.0,-0.484375
256,0,0,project,project,aligned,complement_remove,other_chain_actual,old_exception,True,64,64,64,-0.1875,0.015625,-0.203125
256,0,0,project,project,aligned,complement_remove,group_root,all,False,64,128,64,-0.3359375,0.0,-0.3359375
256,0,0,neither,company,neither,random_remove,actual,all,True,128,128,128,-0.0234375,-0.0078125,-0.015625
256,0,0,neither,company,neither,random_remove,actual,ordinary,True,64,64,64,0.0,0.0,0.0
256,0,0,neither,company,neither,random_remove,actual,old_exception,True,64,64,64,-0.046875,-0.015625,-0.03125
256,0,0,neither,company,neither,random_remove,other_chain_default,all,True,128,128,128,-0.0234375,-0.265625,0.2421875
256,0,0,neither,company,neither,random_remove,other_chain_default,ordinary,True,64,64,64,0.0,-0.296875,0.296875
256,0,0,neither,company,neither,random_remove,other_chain_default,old_exception,True,64,64,64,-0.046875,-0.234375,0.1875
256,0,0,neither,company,neither,random_remove,attribute_3,all,True,128,128,128,-0.0234375,-0.0078125,-0.015625
256,0,0,neither,company,neither,random_remove,attribute_3,ordinary,True,64,64,64,0.0,0.0,0.0
256,0,0,neither,company,neither,random_remove,attribute_3,old_exception,True,64,64,64,-0.046875,-0.015625,-0.03125
256,0,0,neither,company,neither,random_remove,attribute_4,all,True,128,128,128,-0.0234375,-0.0625,0.0390625
256,0,0,neither,company,neither,random_remove,attribute_4,ordinary,True,64,64,64,0.0,-0.0625,0.0625
256,0,0,neither,company,neither,random_remove,attribute_4,old_exception,True,64,64,64,-0.046875,-0.0625,0.015625
256,0,0,neither,company,neither,random_remove,attribute_5,all,True,128,128,128,-0.0234375,-0.0078125,-0.015625
256,0,0,neither,company,neither,random_remove,attribute_5,ordinary,True,64,64,64,0.0,0.0,0.0
256,0,0,neither,company,neither,random_remove,attribute_5,old_exception,True,64,64,64,-0.046875,-0.015625,-0.03125
256,0,0,neither,company,neither,random_remove,attribute_6,all,True,128,128,128,-0.0234375,-0.0078125,-0.015625
256,0,0,neither,company,neither,random_remove,attribute_6,ordinary,True,64,64,64,0.0,0.0,0.0
256,0,0,neither,company,neither,random_remove,attribute_6,old_exception,True,64,64,64,-0.046875,-0.015625,-0.03125
256,0,0,neither,company,neither,random_remove,membership,all,True,128,128,128,-0.0234375,0.0,-0.0234375
256,0,0,neither,company,neither,random_remove,membership,ordinary,True,64,64,64,0.0,0.0,0.0
256,0,0,neither,company,neither,random_remove,membership,old_exception,True,64,64,64,-0.046875,0.0,-0.046875
256,0,0,neither,company,neither,random_remove,other_chain_actual,all,True,128,128,128,-0.0234375,-0.296875,0.2734375
256,0,0,neither,company,neither,random_remove,other_chain_actual,ordinary,True,64,64,64,0.0,-0.296875,0.296875
256,0,0,neither,company,neither,random_remove,other_chain_actual,old_exception,True,64,64,64,-0.046875,-0.296875,0.25
256,0,0,neither,company,neither,random_remove,group_root,all,False,64,128,64,-0.0234375,0.0,-0.0234375
256,0,0,neither,company,neither,complement_remove,actual,all,True,128,128,128,-0.0234375,0.0,-0.0234375
256,0,0,neither,company,neither,complement_remove,actual,ordinary,True,64,64,64,0.0,0.0,0.0
256,0,0,neither,company,neither,complement_remove,actual,old_exception,True,64,64,64,-0.046875,0.0,-0.046875
256,0,0,neither,company,neither,complement_remove,other_chain_default,all,True,128,128,128,-0.0234375,-0.28125,0.2578125
256,0,0,neither,company,neither,complement_remove,other_chain_default,ordinary,True,64,64,64,0.0,-0.328125,0.328125
256,0,0,neither,company,neither,complement_remove,other_chain_default,old_exception,True,64,64,64,-0.046875,-0.234375,0.1875
256,0,0,neither,company,neither,complement_remove,attribute_3,all,True,128,128,128,-0.0234375,-0.015625,-0.0078125
256,0,0,neither,company,neither,complement_remove,attribute_3,ordinary,True,64,64,64,0.0,0.0,0.0
256,0,0,neither,company,neither,complement_remove,attribute_3,old_exception,True,64,64,64,-0.046875,-0.03125,-0.015625
256,0,0,neither,company,neither,complement_remove,attribute_4,all,True,128,128,128,-0.0234375,-0.046875,0.0234375
256,0,0,neither,company,neither,complement_remove,attribute_4,ordinary,True,64,64,64,0.0,-0.0625,0.0625
256,0,0,neither,company,neither,complement_remove,attribute_4,old_exception,True,64,64,64,-0.046875,-0.03125,-0.015625
256,0,0,neither,company,neither,complement_remove,attribute_5,all,True,128,128,128,-0.0234375,0.0,-0.0234375
256,0,0,neither,company,neither,complement_remove,attribute_5,ordinary,True,64,64,64,0.0,0.0,0.0
256,0,0,neither,company,neither,complement_remove,attribute_5,old_exception,True,64,64,64,-0.046875,0.0,-0.046875
256,0,0,neither,company,neither,complement_remove,attribute_6,all,True,128,128,128,-0.0234375,-0.0078125,-0.015625
256,0,0,neither,company,neither,complement_remove,attribute_6,ordinary,True,64,64,64,0.0,0.0,0.0
256,0,0,neither,company,neither,complement_remove,attribute_6,old_exception,True,64,64,64,-0.046875,-0.015625,-0.03125
256,0,0,neither,company,neither,complement_remove,membership,all,True,128,128,128,-0.0234375,0.0,-0.0234375
256,0,0,neither,company,neither,complement_remove,membership,ordinary,True,64,64,64,0.0,0.0,0.0
256,0,0,neither,company,neither,complement_remove,membership,old_exception,True,64,64,64,-0.046875,0.0,-0.046875
256,0,0,neither,company,neither,complement_remove,other_chain_actual,all,True,128,128,128,-0.0234375,-0.2421875,0.21875
256,0,0,neither,company,neither,complement_remove,other_chain_actual,ordinary,True,64,64,64,0.0,-0.234375,0.234375
256,0,0,neither,company,neither,complement_remove,other_chain_actual,old_exception,True,64,64,64,-0.046875,-0.25,0.203125
256,0,0,neither,company,neither,complement_remove,group_root,all,False,64,128,64,-0.0234375,0.0,-0.0234375
256,0,0,neither,project,neither,random_remove,actual,all,True,128,128,128,-0.3515625,-0.4296875,0.078125
256,0,0,neither,project,neither,random_remove,actual,ordinary,True,64,64,64,-0.5625,-0.421875,-0.140625
256,0,0,neither,project,neither,random_remove,actual,old_exception,True,64,64,64,-0.140625,-0.4375,0.296875
256,0,0,neither,project,neither,random_remove,other_chain_default,all,True,128,128,128,-0.3515625,0.0,-0.3515625
256,0,0,neither,project,neither,random_remove,other_chain_default,ordinary,True,64,64,64,-0.5625,0.0,-0.5625
256,0,0,neither,project,neither,random_remove,other_chain_default,old_exception,True,64,64,64,-0.140625,0.0,-0.140625
256,0,0,neither,project,neither,random_remove,attribute_3,all,True,128,128,128,-0.3515625,-0.0078125,-0.34375
256,0,0,neither,project,neither,random_remove,attribute_3,ordinary,True,64,64,64,-0.5625,-0.015625,-0.546875
256,0,0,neither,project,neither,random_remove,attribute_3,old_exception,True,64,64,64,-0.140625,0.0,-0.140625
256,0,0,neither,project,neither,random_remove,attribute_4,all,True,128,128,128,-0.3515625,-0.0234375,-0.328125
256,0,0,neither,project,neither,random_remove,attribute_4,ordinary,True,64,64,64,-0.5625,0.0,-0.5625
256,0,0,neither,project,neither,random_remove,attribute_4,old_exception,True,64,64,64,-0.140625,-0.046875,-0.09375
256,0,0,neither,project,neither,random_remove,attribute_5,all,True,128,128,128,-0.3515625,-0.0078125,-0.34375
256,0,0,neither,project,neither,random_remove,attribute_5,ordinary,True,64,64,64,-0.5625,-0.015625,-0.546875
256,0,0,neither,project,neither,random_remove,attribute_5,old_exception,True,64,64,64,-0.140625,0.0,-0.140625
256,0,0,neither,project,neither,random_remove,attribute_6,all,True,128,128,128,-0.3515625,-0.0078125,-0.34375
256,0,0,neither,project,neither,random_remove,attribute_6,ordinary,True,64,64,64,-0.5625,0.0,-0.5625
256,0,0,neither,project,neither,random_remove,attribute_6,old_exception,True,64,64,64,-0.140625,-0.015625,-0.125
256,0,0,neither,project,neither,random_remove,membership,all,True,128,128,128,-0.3515625,-0.3359375,-0.015625
256,0,0,neither,project,neither,random_remove,membership,ordinary,True,64,64,64,-0.5625,-0.40625,-0.15625
256,0,0,neither,project,neither,random_remove,membership,old_exception,True,64,64,64,-0.140625,-0.265625,0.125
256,0,0,neither,project,neither,random_remove,other_chain_actual,all,True,128,128,128,-0.3515625,0.0,-0.3515625
256,0,0,neither,project,neither,random_remove,other_chain_actual,ordinary,True,64,64,64,-0.5625,0.0,-0.5625
256,0,0,neither,project,neither,random_remove,other_chain_actual,old_exception,True,64,64,64,-0.140625,0.0,-0.140625
256,0,0,neither,project,neither,random_remove,group_root,all,False,64,128,64,-0.3515625,0.0,-0.3515625
256,0,0,neither,project,neither,complement_remove,actual,all,True,128,128,128,-0.3046875,-0.46875,0.1640625
256,0,0,neither,project,neither,complement_remove,actual,ordinary,True,64,64,64,-0.5625,-0.46875,-0.09375
256,0,0,neither,project,neither,complement_remove,actual,old_exception,True,64,64,64,-0.046875,-0.46875,0.421875
256,0,0,neither,project,neither,complement_remove,other_chain_default,all,True,128,128,128,-0.3046875,0.0,-0.3046875
256,0,0,neither,project,neither,complement_remove,other_chain_default,ordinary,True,64,64,64,-0.5625,0.0,-0.5625
256,0,0,neither,project,neither,complement_remove,other_chain_default,old_exception,True,64,64,64,-0.046875,0.0,-0.046875
256,0,0,neither,project,neither,complement_remove,attribute_3,all,True,128,128,128,-0.3046875,-0.0078125,-0.296875
256,0,0,neither,project,neither,complement_remove,attribute_3,ordinary,True,64,64,64,-0.5625,-0.015625,-0.546875
256,0,0,neither,project,neither,complement_remove,attribute_3,old_exception,True,64,64,64,-0.046875,0.0,-0.046875
256,0,0,neither,project,neither,complement_remove,attribute_4,all,True,128,128,128,-0.3046875,-0.015625,-0.2890625
256,0,0,neither,project,neither,complement_remove,attribute_4,ordinary,True,64,64,64,-0.5625,0.0,-0.5625
256,0,0,neither,project,neither,complement_remove,attribute_4,old_exception,True,64,64,64,-0.046875,-0.03125,-0.015625
256,0,0,neither,project,neither,complement_remove,attribute_5,all,True,128,128,128,-0.3046875,-0.0078125,-0.296875
256,0,0,neither,project,neither,complement_remove,attribute_5,ordinary,True,64,64,64,-0.5625,-0.015625,-0.546875
256,0,0,neither,project,neither,complement_remove,attribute_5,old_exception,True,64,64,64,-0.046875,0.0,-0.046875
256,0,0,neither,project,neither,complement_remove,attribute_6,all,True,128,128,128,-0.3046875,-0.0078125,-0.296875
256,0,0,neither,project,neither,complement_remove,attribute_6,ordinary,True,64,64,64,-0.5625,0.0,-0.5625
256,0,0,neither,project,neither,complement_remove,attribute_6,old_exception,True,64,64,64,-0.046875,-0.015625,-0.03125
256,0,0,neither,project,neither,complement_remove,membership,all,True,128,128,128,-0.3046875,-0.3359375,0.03125
256,0,0,neither,project,neither,complement_remove,membership,ordinary,True,64,64,64,-0.5625,-0.40625,-0.15625
256,0,0,neither,project,neither,complement_remove,membership,old_exception,True,64,64,64,-0.046875,-0.265625,0.21875
256,0,0,neither,project,neither,complement_remove,other_chain_actual,all,True,128,128,128,-0.3046875,0.0,-0.3046875
256,0,0,neither,project,neither,complement_remove,other_chain_actual,ordinary,True,64,64,64,-0.5625,0.0,-0.5625
256,0,0,neither,project,neither,complement_remove,other_chain_actual,old_exception,True,64,64,64,-0.046875,0.0,-0.046875
256,0,0,neither,project,neither,complement_remove,group_root,all,False,64,128,64,-0.3046875,0.0,-0.3046875
256,0,1,company,company,aligned,random_remove,actual,all,True,128,128,128,-0.015625,0.0,-0.015625
256,0,1,company,company,aligned,random_remove,actual,ordinary,True,64,64,64,0.0,0.0,0.0
256,0,1,company,company,aligned,random_remove,actual,old_exception,True,64,64,64,-0.03125,0.0,-0.03125
256,0,1,company,company,aligned,random_remove,other_chain_default,all,True,128,128,128,-0.015625,0.0,-0.015625
256,0,1,company,company,aligned,random_remove,other_chain_default,ordinary,True,64,64,64,0.0,0.0,0.0
256,0,1,company,company,aligned,random_remove,other_chain_default,old_exception,True,64,64,64,-0.03125,0.0,-0.03125
256,0,1,company,company,aligned,random_remove,attribute_3,all,True,128,128,128,-0.015625,0.0078125,-0.0234375
256,0,1,company,company,aligned,random_remove,attribute_3,ordinary,True,64,64,64,0.0,0.0,0.0
256,0,1,company,company,aligned,random_remove,attribute_3,old_exception,True,64,64,64,-0.03125,0.015625,-0.046875
256,0,1,company,company,aligned,random_remove,attribute_4,all,True,128,128,128,-0.015625,-0.046875,0.03125
256,0,1,company,company,aligned,random_remove,attribute_4,ordinary,True,64,64,64,0.0,-0.03125,0.03125
256,0,1,company,company,aligned,random_remove,attribute_4,old_exception,True,64,64,64,-0.03125,-0.0625,0.03125
256,0,1,company,company,aligned,random_remove,attribute_5,all,True,128,128,128,-0.015625,-0.0546875,0.0390625
256,0,1,company,company,aligned,random_remove,attribute_5,ordinary,True,64,64,64,0.0,-0.109375,0.109375
256,0,1,company,company,aligned,random_remove,attribute_5,old_exception,True,64,64,64,-0.03125,0.0,-0.03125
256,0,1,company,company,aligned,random_remove,attribute_6,all,True,128,128,128,-0.015625,0.015625,-0.03125
256,0,1,company,company,aligned,random_remove,attribute_6,ordinary,True,64,64,64,0.0,0.015625,-0.015625
256,0,1,company,company,aligned,random_remove,attribute_6,old_exception,True,64,64,64,-0.03125,0.015625,-0.046875
256,0,1,company,company,aligned,random_remove,membership,all,True,128,128,128,-0.015625,-0.0234375,0.0078125
256,0,1,company,company,aligned,random_remove,membership,ordinary,True,64,64,64,0.0,-0.015625,0.015625
256,0,1,company,company,aligned,random_remove,membership,old_exception,True,64,64,64,-0.03125,-0.03125,0.0
256,0,1,company,company,aligned,random_remove,other_chain_actual,all,True,128,128,128,-0.015625,-0.09375,0.078125
256,0,1,company,company,aligned,random_remove,other_chain_actual,ordinary,True,64,64,64,0.0,-0.078125,0.078125
256,0,1,company,company,aligned,random_remove,other_chain_actual,old_exception,True,64,64,64,-0.03125,-0.109375,0.078125
256,0,1,company,company,aligned,random_remove,group_root,all,False,64,128,64,-0.015625,0.0,-0.015625
256,0,1,company,company,aligned,complement_remove,actual,all,True,128,128,128,-0.0078125,0.0,-0.0078125
256,0,1,company,company,aligned,complement_remove,actual,ordinary,True,64,64,64,0.0,0.0,0.0
256,0,1,company,company,aligned,complement_remove,actual,old_exception,True,64,64,64,-0.015625,0.0,-0.015625
256,0,1,company,company,aligned,complement_remove,other_chain_default,all,True,128,128,128,-0.0078125,0.0,-0.0078125
256,0,1,company,company,aligned,complement_remove,other_chain_default,ordinary,True,64,64,64,0.0,0.0,0.0
256,0,1,company,company,aligned,complement_remove,other_chain_default,old_exception,True,64,64,64,-0.015625,0.0,-0.015625
256,0,1,company,company,aligned,complement_remove,attribute_3,all,True,128,128,128,-0.0078125,-0.015625,0.0078125
256,0,1,company,company,aligned,complement_remove,attribute_3,ordinary,True,64,64,64,0.0,0.015625,-0.015625
256,0,1,company,company,aligned,complement_remove,attribute_3,old_exception,True,64,64,64,-0.015625,-0.046875,0.03125
256,0,1,company,company,aligned,complement_remove,attribute_4,all,True,128,128,128,-0.0078125,0.0,-0.0078125
256,0,1,company,company,aligned,complement_remove,attribute_4,ordinary,True,64,64,64,0.0,0.03125,-0.03125
256,0,1,company,company,aligned,complement_remove,attribute_4,old_exception,True,64,64,64,-0.015625,-0.03125,0.015625
256,0,1,company,company,aligned,complement_remove,attribute_5,all,True,128,128,128,-0.0078125,-0.0546875,0.046875
256,0,1,company,company,aligned,complement_remove,attribute_5,ordinary,True,64,64,64,0.0,-0.109375,0.109375
256,0,1,company,company,aligned,complement_remove,attribute_5,old_exception,True,64,64,64,-0.015625,0.0,-0.015625
256,0,1,company,company,aligned,complement_remove,attribute_6,all,True,128,128,128,-0.0078125,0.046875,-0.0546875
256,0,1,company,company,aligned,complement_remove,attribute_6,ordinary,True,64,64,64,0.0,0.0625,-0.0625
256,0,1,company,company,aligned,complement_remove,attribute_6,old_exception,True,64,64,64,-0.015625,0.03125,-0.046875
256,0,1,company,company,aligned,complement_remove,membership,all,True,128,128,128,-0.0078125,0.0078125,-0.015625
256,0,1,company,company,aligned,complement_remove,membership,ordinary,True,64,64,64,0.0,0.0,0.0
256,0,1,company,company,aligned,complement_remove,membership,old_exception,True,64,64,64,-0.015625,0.015625,-0.03125
256,0,1,company,company,aligned,complement_remove,other_chain_actual,all,True,128,128,128,-0.0078125,-0.0859375,0.078125
256,0,1,company,company,aligned,complement_remove,other_chain_actual,ordinary,True,64,64,64,0.0,-0.0625,0.0625
256,0,1,company,company,aligned,complement_remove,other_chain_actual,old_exception,True,64,64,64,-0.015625,-0.109375,0.09375
256,0,1,company,company,aligned,complement_remove,group_root,all,False,64,128,64,-0.0078125,0.0,-0.0078125
256,0,1,company,project,opposite,random_remove,actual,all,True,128,128,128,0.0,-0.09375,0.09375
256,0,1,company,project,opposite,random_remove,actual,ordinary,True,64,64,64,0.0,-0.0625,0.0625
256,0,1,company,project,opposite,random_remove,actual,old_exception,True,64,64,64,0.0,-0.125,0.125
256,0,1,company,project,opposite,random_remove,other_chain_default,all,True,128,128,128,0.0,0.0,0.0
256,0,1,company,project,opposite,random_remove,other_chain_default,ordinary,True,64,64,64,0.0,0.0,0.0
256,0,1,company,project,opposite,random_remove,other_chain_default,old_exception,True,64,64,64,0.0,0.0,0.0
256,0,1,company,project,opposite,random_remove,attribute_3,all,True,128,128,128,0.0,0.0,0.0
256,0,1,company,project,opposite,random_remove,attribute_3,ordinary,True,64,64,64,0.0,0.0,0.0
256,0,1,company,project,opposite,random_remove,attribute_3,old_exception,True,64,64,64,0.0,0.0,0.0
256,0,1,company,project,opposite,random_remove,attribute_4,all,True,128,128,128,0.0,-0.015625,0.015625
256,0,1,company,project,opposite,random_remove,attribute_4,ordinary,True,64,64,64,0.0,-0.015625,0.015625
256,0,1,company,project,opposite,random_remove,attribute_4,old_exception,True,64,64,64,0.0,-0.015625,0.015625
256,0,1,company,project,opposite,random_remove,attribute_5,all,True,128,128,128,0.0,0.0390625,-0.0390625
256,0,1,company,project,opposite,random_remove,attribute_5,ordinary,True,64,64,64,0.0,0.03125,-0.03125
256,0,1,company,project,opposite,random_remove,attribute_5,old_exception,True,64,64,64,0.0,0.046875,-0.046875
256,0,1,company,project,opposite,random_remove,attribute_6,all,True,128,128,128,0.0,0.0234375,-0.0234375
256,0,1,company,project,opposite,random_remove,attribute_6,ordinary,True,64,64,64,0.0,0.015625,-0.015625
256,0,1,company,project,opposite,random_remove,attribute_6,old_exception,True,64,64,64,0.0,0.03125,-0.03125
256,0,1,company,project,opposite,random_remove,membership,all,True,128,128,128,0.0,0.015625,-0.015625
256,0,1,company,project,opposite,random_remove,membership,ordinary,True,64,64,64,0.0,0.03125,-0.03125
256,0,1,company,project,opposite,random_remove,membership,old_exception,True,64,64,64,0.0,0.0,0.0
256,0,1,company,project,opposite,random_remove,other_chain_actual,all,True,128,128,128,0.0,0.0,0.0
256,0,1,company,project,opposite,random_remove,other_chain_actual,ordinary,True,64,64,64,0.0,0.0,0.0
256,0,1,company,project,opposite,random_remove,other_chain_actual,old_exception,True,64,64,64,0.0,0.0,0.0
256,0,1,company,project,opposite,random_remove,group_root,all,False,64,128,64,0.0,0.0,0.0
256,0,1,company,project,opposite,complement_remove,actual,all,True,128,128,128,0.0078125,-0.109375,0.1171875
256,0,1,company,project,opposite,complement_remove,actual,ordinary,True,64,64,64,0.0,-0.0625,0.0625
256,0,1,company,project,opposite,complement_remove,actual,old_exception,True,64,64,64,0.015625,-0.15625,0.171875
256,0,1,company,project,opposite,complement_remove,other_chain_default,all,True,128,128,128,0.0078125,0.0,0.0078125
256,0,1,company,project,opposite,complement_remove,other_chain_default,ordinary,True,64,64,64,0.0,0.0,0.0
256,0,1,company,project,opposite,complement_remove,other_chain_default,old_exception,True,64,64,64,0.015625,0.0,0.015625
256,0,1,company,project,opposite,complement_remove,attribute_3,all,True,128,128,128,0.0078125,0.015625,-0.0078125
256,0,1,company,project,opposite,complement_remove,attribute_3,ordinary,True,64,64,64,0.0,0.0,0.0
256,0,1,company,project,opposite,complement_remove,attribute_3,old_exception,True,64,64,64,0.015625,0.03125,-0.015625
256,0,1,company,project,opposite,complement_remove,attribute_4,all,True,128,128,128,0.0078125,0.0546875,-0.046875
256,0,1,company,project,opposite,complement_remove,attribute_4,ordinary,True,64,64,64,0.0,0.03125,-0.03125
256,0,1,company,project,opposite,complement_remove,attribute_4,old_exception,True,64,64,64,0.015625,0.078125,-0.0625
256,0,1,company,project,opposite,complement_remove,attribute_5,all,True,128,128,128,0.0078125,0.0234375,-0.015625
256,0,1,company,project,opposite,complement_remove,attribute_5,ordinary,True,64,64,64,0.0,0.015625,-0.015625
256,0,1,company,project,opposite,complement_remove,attribute_5,old_exception,True,64,64,64,0.015625,0.03125,-0.015625
256,0,1,company,project,opposite,complement_remove,attribute_6,all,True,128,128,128,0.0078125,0.046875,-0.0390625
256,0,1,company,project,opposite,complement_remove,attribute_6,ordinary,True,64,64,64,0.0,0.03125,-0.03125
256,0,1,company,project,opposite,complement_remove,attribute_6,old_exception,True,64,64,64,0.015625,0.0625,-0.046875
256,0,1,company,project,opposite,complement_remove,membership,all,True,128,128,128,0.0078125,0.0078125,0.0
256,0,1,company,project,opposite,complement_remove,membership,ordinary,True,64,64,64,0.0,0.03125,-0.03125
256,0,1,company,project,opposite,complement_remove,membership,old_exception,True,64,64,64,0.015625,-0.015625,0.03125
256,0,1,company,project,opposite,complement_remove,other_chain_actual,all,True,128,128,128,0.0078125,0.0078125,0.0
256,0,1,company,project,opposite,complement_remove,other_chain_actual,ordinary,True,64,64,64,0.0,0.0,0.0
256,0,1,company,project,opposite,complement_remove,other_chain_actual,old_exception,True,64,64,64,0.015625,0.015625,0.0
256,0,1,company,project,opposite,complement_remove,group_root,all,False,64,128,64,0.0078125,0.0,0.0078125
256,0,1,project,company,opposite,random_remove,actual,all,True,128,128,128,0.0,0.0,0.0
256,0,1,project,company,opposite,random_remove,actual,ordinary,True,64,64,64,0.0,0.0,0.0
256,0,1,project,company,opposite,random_remove,actual,old_exception,True,64,64,64,0.0,0.0,0.0
256,0,1,project,company,opposite,random_remove,other_chain_default,all,True,128,128,128,0.0,0.0,0.0
256,0,1,project,company,opposite,random_remove,other_chain_default,ordinary,True,64,64,64,0.0,0.0,0.0
256,0,1,project,company,opposite,random_remove,other_chain_default,old_exception,True,64,64,64,0.0,0.0,0.0
256,0,1,project,company,opposite,random_remove,attribute_3,all,True,128,128,128,0.0,0.0,0.0
256,0,1,project,company,opposite,random_remove,attribute_3,ordinary,True,64,64,64,0.0,0.0,0.0
256,0,1,project,company,opposite,random_remove,attribute_3,old_exception,True,64,64,64,0.0,0.0,0.0
256,0,1,project,company,opposite,random_remove,attribute_4,all,True,128,128,128,0.0,0.0,0.0
256,0,1,project,company,opposite,random_remove,attribute_4,ordinary,True,64,64,64,0.0,0.0,0.0
256,0,1,project,company,opposite,random_remove,attribute_4,old_exception,True,64,64,64,0.0,0.0,0.0
256,0,1,project,company,opposite,random_remove,attribute_5,all,True,128,128,128,0.0,0.0,0.0
256,0,1,project,company,opposite,random_remove,attribute_5,ordinary,True,64,64,64,0.0,0.0,0.0
256,0,1,project,company,opposite,random_remove,attribute_5,old_exception,True,64,64,64,0.0,0.0,0.0
256,0,1,project,company,opposite,random_remove,attribute_6,all,True,128,128,128,0.0,0.0,0.0
256,0,1,project,company,opposite,random_remove,attribute_6,ordinary,True,64,64,64,0.0,0.0,0.0
256,0,1,project,company,opposite,random_remove,attribute_6,old_exception,True,64,64,64,0.0,0.0,0.0
256,0,1,project,company,opposite,random_remove,membership,all,True,128,128,128,0.0,0.0,0.0
256,0,1,project,company,opposite,random_remove,membership,ordinary,True,64,64,64,0.0,0.0,0.0
256,0,1,project,company,opposite,random_remove,membership,old_exception,True,64,64,64,0.0,0.0,0.0
256,0,1,project,company,opposite,random_remove,other_chain_actual,all,True,128,128,128,0.0,0.0,0.0
256,0,1,project,company,opposite,random_remove,other_chain_actual,ordinary,True,64,64,64,0.0,0.0,0.0
256,0,1,project,company,opposite,random_remove,other_chain_actual,old_exception,True,64,64,64,0.0,0.0,0.0
256,0,1,project,company,opposite,random_remove,group_root,all,False,64,128,64,0.0,0.0,0.0
256,0,1,project,company,opposite,complement_remove,actual,all,True,128,128,128,0.0,0.0,0.0
256,0,1,project,company,opposite,complement_remove,actual,ordinary,True,64,64,64,0.015625,0.0,0.015625
256,0,1,project,company,opposite,complement_remove,actual,old_exception,True,64,64,64,-0.015625,0.0,-0.015625
256,0,1,project,company,opposite,complement_remove,other_chain_default,all,True,128,128,128,0.0,0.0,0.0
256,0,1,project,company,opposite,complement_remove,other_chain_default,ordinary,True,64,64,64,0.015625,0.0,0.015625
256,0,1,project,company,opposite,complement_remove,other_chain_default,old_exception,True,64,64,64,-0.015625,0.0,-0.015625
256,0,1,project,company,opposite,complement_remove,attribute_3,all,True,128,128,128,0.0,0.0,0.0
256,0,1,project,company,opposite,complement_remove,attribute_3,ordinary,True,64,64,64,0.015625,0.0,0.015625
256,0,1,project,company,opposite,complement_remove,attribute_3,old_exception,True,64,64,64,-0.015625,0.0,-0.015625
256,0,1,project,company,opposite,complement_remove,attribute_4,all,True,128,128,128,0.0,0.0,0.0
256,0,1,project,company,opposite,complement_remove,attribute_4,ordinary,True,64,64,64,0.015625,0.0,0.015625
256,0,1,project,company,opposite,complement_remove,attribute_4,old_exception,True,64,64,64,-0.015625,0.0,-0.015625
256,0,1,project,company,opposite,complement_remove,attribute_5,all,True,128,128,128,0.0,0.0,0.0
256,0,1,project,company,opposite,complement_remove,attribute_5,ordinary,True,64,64,64,0.015625,0.0,0.015625
256,0,1,project,company,opposite,complement_remove,attribute_5,old_exception,True,64,64,64,-0.015625,0.0,-0.015625
256,0,1,project,company,opposite,complement_remove,attribute_6,all,True,128,128,128,0.0,0.0,0.0
256,0,1,project,company,opposite,complement_remove,attribute_6,ordinary,True,64,64,64,0.015625,0.0,0.015625
256,0,1,project,company,opposite,complement_remove,attribute_6,old_exception,True,64,64,64,-0.015625,0.0,-0.015625
256,0,1,project,company,opposite,complement_remove,membership,all,True,128,128,128,0.0,0.0,0.0
256,0,1,project,company,opposite,complement_remove,membership,ordinary,True,64,64,64,0.015625,0.0,0.015625
256,0,1,project,company,opposite,complement_remove,membership,old_exception,True,64,64,64,-0.015625,0.0,-0.015625
256,0,1,project,company,opposite,complement_remove,other_chain_actual,all,True,128,128,128,0.0,0.0,0.0
256,0,1,project,company,opposite,complement_remove,other_chain_actual,ordinary,True,64,64,64,0.015625,0.0,0.015625
256,0,1,project,company,opposite,complement_remove,other_chain_actual,old_exception,True,64,64,64,-0.015625,0.0,-0.015625
256,0,1,project,company,opposite,complement_remove,group_root,all,False,64,128,64,0.0,0.0,0.0
256,0,1,project,project,aligned,random_remove,actual,all,True,128,128,128,0.0,0.0,0.0
256,0,1,project,project,aligned,random_remove,actual,ordinary,True,64,64,64,0.0,0.0,0.0
256,0,1,project,project,aligned,random_remove,actual,old_exception,True,64,64,64,0.0,0.0,0.0
256,0,1,project,project,aligned,random_remove,other_chain_default,all,True,128,128,128,0.0,-0.015625,0.015625
256,0,1,project,project,aligned,random_remove,other_chain_default,ordinary,True,64,64,64,0.0,-0.015625,0.015625
256,0,1,project,project,aligned,random_remove,other_chain_default,old_exception,True,64,64,64,0.0,-0.015625,0.015625
256,0,1,project,project,aligned,random_remove,attribute_3,all,True,128,128,128,0.0,0.0,0.0
256,0,1,project,project,aligned,random_remove,attribute_3,ordinary,True,64,64,64,0.0,0.0,0.0
256,0,1,project,project,aligned,random_remove,attribute_3,old_exception,True,64,64,64,0.0,0.0,0.0
256,0,1,project,project,aligned,random_remove,attribute_4,all,True,128,128,128,0.0,0.0,0.0
256,0,1,project,project,aligned,random_remove,attribute_4,ordinary,True,64,64,64,0.0,0.0,0.0
256,0,1,project,project,aligned,random_remove,attribute_4,old_exception,True,64,64,64,0.0,0.0,0.0
256,0,1,project,project,aligned,random_remove,attribute_5,all,True,128,128,128,0.0,0.0078125,-0.0078125
256,0,1,project,project,aligned,random_remove,attribute_5,ordinary,True,64,64,64,0.0,0.0,0.0
256,0,1,project,project,aligned,random_remove,attribute_5,old_exception,True,64,64,64,0.0,0.015625,-0.015625
256,0,1,project,project,aligned,random_remove,attribute_6,all,True,128,128,128,0.0,0.0,0.0
256,0,1,project,project,aligned,random_remove,attribute_6,ordinary,True,64,64,64,0.0,0.0,0.0
256,0,1,project,project,aligned,random_remove,attribute_6,old_exception,True,64,64,64,0.0,0.0,0.0
256,0,1,project,project,aligned,random_remove,membership,all,True,128,128,128,0.0,0.0,0.0
256,0,1,project,project,aligned,random_remove,membership,ordinary,True,64,64,64,0.0,0.0,0.0
256,0,1,project,project,aligned,random_remove,membership,old_exception,True,64,64,64,0.0,0.0,0.0
256,0,1,project,project,aligned,random_remove,other_chain_actual,all,True,128,128,128,0.0,0.0,0.0
256,0,1,project,project,aligned,random_remove,other_chain_actual,ordinary,True,64,64,64,0.0,0.0,0.0
256,0,1,project,project,aligned,random_remove,other_chain_actual,old_exception,True,64,64,64,0.0,0.0,0.0
256,0,1,project,project,aligned,random_remove,group_root,all,False,64,128,64,0.0,0.0,0.0
256,0,1,project,project,aligned,complement_remove,actual,all,True,128,128,128,-0.015625,0.0,-0.015625
256,0,1,project,project,aligned,complement_remove,actual,ordinary,True,64,64,64,0.0,0.0,0.0
256,0,1,project,project,aligned,complement_remove,actual,old_exception,True,64,64,64,-0.03125,0.0,-0.03125
256,0,1,project,project,aligned,complement_remove,other_chain_default,all,True,128,128,128,-0.015625,-0.0078125,-0.0078125
256,0,1,project,project,aligned,complement_remove,other_chain_default,ordinary,True,64,64,64,0.0,0.0,0.0
256,0,1,project,project,aligned,complement_remove,other_chain_default,old_exception,True,64,64,64,-0.03125,-0.015625,-0.015625
256,0,1,project,project,aligned,complement_remove,attribute_3,all,True,128,128,128,-0.015625,0.0,-0.015625
256,0,1,project,project,aligned,complement_remove,attribute_3,ordinary,True,64,64,64,0.0,0.0,0.0
256,0,1,project,project,aligned,complement_remove,attribute_3,old_exception,True,64,64,64,-0.03125,0.0,-0.03125
256,0,1,project,project,aligned,complement_remove,attribute_4,all,True,128,128,128,-0.015625,0.0,-0.015625
256,0,1,project,project,aligned,complement_remove,attribute_4,ordinary,True,64,64,64,0.0,0.0,0.0
256,0,1,project,project,aligned,complement_remove,attribute_4,old_exception,True,64,64,64,-0.03125,0.0,-0.03125
256,0,1,project,project,aligned,complement_remove,attribute_5,all,True,128,128,128,-0.015625,0.0078125,-0.0234375
256,0,1,project,project,aligned,complement_remove,attribute_5,ordinary,True,64,64,64,0.0,0.0,0.0
256,0,1,project,project,aligned,complement_remove,attribute_5,old_exception,True,64,64,64,-0.03125,0.015625,-0.046875
256,0,1,project,project,aligned,complement_remove,attribute_6,all,True,128,128,128,-0.015625,0.0,-0.015625
256,0,1,project,project,aligned,complement_remove,attribute_6,ordinary,True,64,64,64,0.0,0.0,0.0
256,0,1,project,project,aligned,complement_remove,attribute_6,old_exception,True,64,64,64,-0.03125,0.0,-0.03125
256,0,1,project,project,aligned,complement_remove,membership,all,True,128,128,128,-0.015625,0.0,-0.015625
256,0,1,project,project,aligned,complement_remove,membership,ordinary,True,64,64,64,0.0,0.0,0.0
256,0,1,project,project,aligned,complement_remove,membership,old_exception,True,64,64,64,-0.03125,0.0,-0.03125
256,0,1,project,project,aligned,complement_remove,other_chain_actual,all,True,128,128,128,-0.015625,0.0,-0.015625
256,0,1,project,project,aligned,complement_remove,other_chain_actual,ordinary,True,64,64,64,0.0,0.0,0.0
256,0,1,project,project,aligned,complement_remove,other_chain_actual,old_exception,True,64,64,64,-0.03125,0.0,-0.03125
256,0,1,project,project,aligned,complement_remove,group_root,all,False,64,128,64,-0.015625,0.0,-0.015625
256,0,1,neither,company,neither,random_remove,actual,all,True,128,128,128,0.0,0.0,0.0
256,0,1,neither,company,neither,random_remove,actual,ordinary,True,64,64,64,0.0,0.0,0.0
256,0,1,neither,company,neither,random_remove,actual,old_exception,True,64,64,64,0.0,0.0,0.0
256,0,1,neither,company,neither,random_remove,other_chain_default,all,True,128,128,128,0.0,0.0,0.0
256,0,1,neither,company,neither,random_remove,other_chain_default,ordinary,True,64,64,64,0.0,0.0,0.0
256,0,1,neither,company,neither,random_remove,other_chain_default,old_exception,True,64,64,64,0.0,0.0,0.0
256,0,1,neither,company,neither,random_remove,attribute_3,all,True,128,128,128,0.0,0.0,0.0
256,0,1,neither,company,neither,random_remove,attribute_3,ordinary,True,64,64,64,0.0,0.0,0.0
256,0,1,neither,company,neither,random_remove,attribute_3,old_exception,True,64,64,64,0.0,0.0,0.0
256,0,1,neither,company,neither,random_remove,attribute_4,all,True,128,128,128,0.0,0.0,0.0
256,0,1,neither,company,neither,random_remove,attribute_4,ordinary,True,64,64,64,0.0,0.0,0.0
256,0,1,neither,company,neither,random_remove,attribute_4,old_exception,True,64,64,64,0.0,0.0,0.0
256,0,1,neither,company,neither,random_remove,attribute_5,all,True,128,128,128,0.0,0.0,0.0
256,0,1,neither,company,neither,random_remove,attribute_5,ordinary,True,64,64,64,0.0,0.0,0.0
256,0,1,neither,company,neither,random_remove,attribute_5,old_exception,True,64,64,64,0.0,0.0,0.0
256,0,1,neither,company,neither,random_remove,attribute_6,all,True,128,128,128,0.0,0.0078125,-0.0078125
256,0,1,neither,company,neither,random_remove,attribute_6,ordinary,True,64,64,64,0.0,0.015625,-0.015625
256,0,1,neither,company,neither,random_remove,attribute_6,old_exception,True,64,64,64,0.0,0.0,0.0
256,0,1,neither,company,neither,random_remove,membership,all,True,128,128,128,0.0,0.0,0.0
256,0,1,neither,company,neither,random_remove,membership,ordinary,True,64,64,64,0.0,0.0,0.0
256,0,1,neither,company,neither,random_remove,membership,old_exception,True,64,64,64,0.0,0.0,0.0
256,0,1,neither,company,neither,random_remove,other_chain_actual,all,True,128,128,128,0.0,0.0,0.0
256,0,1,neither,company,neither,random_remove,other_chain_actual,ordinary,True,64,64,64,0.0,0.015625,-0.015625
256,0,1,neither,company,neither,random_remove,other_chain_actual,old_exception,True,64,64,64,0.0,-0.015625,0.015625
256,0,1,neither,company,neither,random_remove,group_root,all,False,64,128,64,0.0,0.0,0.0
256,0,1,neither,company,neither,complement_remove,actual,all,True,128,128,128,0.0,0.0,0.0
256,0,1,neither,company,neither,complement_remove,actual,ordinary,True,64,64,64,0.0,0.0,0.0
256,0,1,neither,company,neither,complement_remove,actual,old_exception,True,64,64,64,0.0,0.0,0.0
256,0,1,neither,company,neither,complement_remove,other_chain_default,all,True,128,128,128,0.0,0.0,0.0
256,0,1,neither,company,neither,complement_remove,other_chain_default,ordinary,True,64,64,64,0.0,0.0,0.0
256,0,1,neither,company,neither,complement_remove,other_chain_default,old_exception,True,64,64,64,0.0,0.0,0.0
256,0,1,neither,company,neither,complement_remove,attribute_3,all,True,128,128,128,0.0,0.0,0.0
256,0,1,neither,company,neither,complement_remove,attribute_3,ordinary,True,64,64,64,0.0,0.0,0.0
256,0,1,neither,company,neither,complement_remove,attribute_3,old_exception,True,64,64,64,0.0,0.0,0.0
256,0,1,neither,company,neither,complement_remove,attribute_4,all,True,128,128,128,0.0,0.0,0.0
256,0,1,neither,company,neither,complement_remove,attribute_4,ordinary,True,64,64,64,0.0,0.0,0.0
256,0,1,neither,company,neither,complement_remove,attribute_4,old_exception,True,64,64,64,0.0,0.0,0.0
256,0,1,neither,company,neither,complement_remove,attribute_5,all,True,128,128,128,0.0,0.0,0.0
256,0,1,neither,company,neither,complement_remove,attribute_5,ordinary,True,64,64,64,0.0,0.0,0.0
256,0,1,neither,company,neither,complement_remove,attribute_5,old_exception,True,64,64,64,0.0,0.0,0.0
256,0,1,neither,company,neither,complement_remove,attribute_6,all,True,128,128,128,0.0,0.0078125,-0.0078125
256,0,1,neither,company,neither,complement_remove,attribute_6,ordinary,True,64,64,64,0.0,0.015625,-0.015625
256,0,1,neither,company,neither,complement_remove,attribute_6,old_exception,True,64,64,64,0.0,0.0,0.0
256,0,1,neither,company,neither,complement_remove,membership,all,True,128,128,128,0.0,0.0,0.0
256,0,1,neither,company,neither,complement_remove,membership,ordinary,True,64,64,64,0.0,0.0,0.0
256,0,1,neither,company,neither,complement_remove,membership,old_exception,True,64,64,64,0.0,0.0,0.0
256,0,1,neither,company,neither,complement_remove,other_chain_actual,all,True,128,128,128,0.0,0.0234375,-0.0234375
256,0,1,neither,company,neither,complement_remove,other_chain_actual,ordinary,True,64,64,64,0.0,0.03125,-0.03125
256,0,1,neither,company,neither,complement_remove,other_chain_actual,old_exception,True,64,64,64,0.0,0.015625,-0.015625
256,0,1,neither,company,neither,complement_remove,group_root,all,False,64,128,64,0.0,0.0,0.0
256,0,1,neither,project,neither,random_remove,actual,all,True,128,128,128,0.0,0.0,0.0
256,0,1,neither,project,neither,random_remove,actual,ordinary,True,64,64,64,0.0,0.0,0.0
256,0,1,neither,project,neither,random_remove,actual,old_exception,True,64,64,64,0.0,0.0,0.0
256,0,1,neither,project,neither,random_remove,other_chain_default,all,True,128,128,128,0.0,0.0,0.0
256,0,1,neither,project,neither,random_remove,other_chain_default,ordinary,True,64,64,64,0.0,0.0,0.0
256,0,1,neither,project,neither,random_remove,other_chain_default,old_exception,True,64,64,64,0.0,0.0,0.0
256,0,1,neither,project,neither,random_remove,attribute_3,all,True,128,128,128,0.0,0.0,0.0
256,0,1,neither,project,neither,random_remove,attribute_3,ordinary,True,64,64,64,0.0,0.0,0.0
256,0,1,neither,project,neither,random_remove,attribute_3,old_exception,True,64,64,64,0.0,0.0,0.0
256,0,1,neither,project,neither,random_remove,attribute_4,all,True,128,128,128,0.0,0.0,0.0
256,0,1,neither,project,neither,random_remove,attribute_4,ordinary,True,64,64,64,0.0,0.0,0.0
256,0,1,neither,project,neither,random_remove,attribute_4,old_exception,True,64,64,64,0.0,0.0,0.0
256,0,1,neither,project,neither,random_remove,attribute_5,all,True,128,128,128,0.0,0.0,0.0
256,0,1,neither,project,neither,random_remove,attribute_5,ordinary,True,64,64,64,0.0,0.0,0.0
256,0,1,neither,project,neither,random_remove,attribute_5,old_exception,True,64,64,64,0.0,0.0,0.0
256,0,1,neither,project,neither,random_remove,attribute_6,all,True,128,128,128,0.0,0.0,0.0
256,0,1,neither,project,neither,random_remove,attribute_6,ordinary,True,64,64,64,0.0,0.0,0.0
256,0,1,neither,project,neither,random_remove,attribute_6,old_exception,True,64,64,64,0.0,0.0,0.0
256,0,1,neither,project,neither,random_remove,membership,all,True,128,128,128,0.0,0.0,0.0
256,0,1,neither,project,neither,random_remove,membership,ordinary,True,64,64,64,0.0,0.0,0.0
256,0,1,neither,project,neither,random_remove,membership,old_exception,True,64,64,64,0.0,0.0,0.0
256,0,1,neither,project,neither,random_remove,other_chain_actual,all,True,128,128,128,0.0,0.0,0.0
256,0,1,neither,project,neither,random_remove,other_chain_actual,ordinary,True,64,64,64,0.0,0.0,0.0
256,0,1,neither,project,neither,random_remove,other_chain_actual,old_exception,True,64,64,64,0.0,0.0,0.0
256,0,1,neither,project,neither,random_remove,group_root,all,False,64,128,64,0.0,0.0,0.0
256,0,1,neither,project,neither,complement_remove,actual,all,True,128,128,128,0.0,0.0,0.0
256,0,1,neither,project,neither,complement_remove,actual,ordinary,True,64,64,64,0.0,0.0,0.0
256,0,1,neither,project,neither,complement_remove,actual,old_exception,True,64,64,64,0.0,0.0,0.0
256,0,1,neither,project,neither,complement_remove,other_chain_default,all,True,128,128,128,0.0,0.0,0.0
256,0,1,neither,project,neither,complement_remove,other_chain_default,ordinary,True,64,64,64,0.0,0.0,0.0
256,0,1,neither,project,neither,complement_remove,other_chain_default,old_exception,True,64,64,64,0.0,0.0,0.0
256,0,1,neither,project,neither,complement_remove,attribute_3,all,True,128,128,128,0.0,0.0,0.0
256,0,1,neither,project,neither,complement_remove,attribute_3,ordinary,True,64,64,64,0.0,0.0,0.0
256,0,1,neither,project,neither,complement_remove,attribute_3,old_exception,True,64,64,64,0.0,0.0,0.0
256,0,1,neither,project,neither,complement_remove,attribute_4,all,True,128,128,128,0.0,0.0,0.0
256,0,1,neither,project,neither,complement_remove,attribute_4,ordinary,True,64,64,64,0.0,0.0,0.0
256,0,1,neither,project,neither,complement_remove,attribute_4,old_exception,True,64,64,64,0.0,0.0,0.0
256,0,1,neither,project,neither,complement_remove,attribute_5,all,True,128,128,128,0.0,0.0,0.0
256,0,1,neither,project,neither,complement_remove,attribute_5,ordinary,True,64,64,64,0.0,0.0,0.0
256,0,1,neither,project,neither,complement_remove,attribute_5,old_exception,True,64,64,64,0.0,0.0,0.0
256,0,1,neither,project,neither,complement_remove,attribute_6,all,True,128,128,128,0.0,0.0,0.0
256,0,1,neither,project,neither,complement_remove,attribute_6,ordinary,True,64,64,64,0.0,0.0,0.0
256,0,1,neither,project,neither,complement_remove,attribute_6,old_exception,True,64,64,64,0.0,0.0,0.0
256,0,1,neither,project,neither,complement_remove,membership,all,True,128,128,128,0.0,0.0,0.0
256,0,1,neither,project,neither,complement_remove,membership,ordinary,True,64,64,64,0.0,0.0,0.0
256,0,1,neither,project,neither,complement_remove,membership,old_exception,True,64,64,64,0.0,0.0,0.0
256,0,1,neither,project,neither,complement_remove,other_chain_actual,all,True,128,128,128,0.0,0.0,0.0
256,0,1,neither,project,neither,complement_remove,other_chain_actual,ordinary,True,64,64,64,0.0,0.0,0.0
256,0,1,neither,project,neither,complement_remove,other_chain_actual,old_exception,True,64,64,64,0.0,0.0,0.0
256,0,1,neither,project,neither,complement_remove,group_root,all,False,64,128,64,0.0,0.0,0.0
256,1,0,company,company,aligned,random_remove,actual,all,True,128,128,128,0.015625,0.0,0.015625
256,1,0,company,company,aligned,random_remove,actual,ordinary,True,64,64,64,0.0,0.0,0.0
256,1,0,company,company,aligned,random_remove,actual,old_exception,True,64,64,64,0.03125,0.0,0.03125
256,1,0,company,company,aligned,random_remove,other_chain_default,all,True,128,128,128,0.015625,0.0,0.015625
256,1,0,company,company,aligned,random_remove,other_chain_default,ordinary,True,64,64,64,0.0,0.0,0.0
256,1,0,company,company,aligned,random_remove,other_chain_default,old_exception,True,64,64,64,0.03125,0.0,0.03125
256,1,0,company,company,aligned,random_remove,attribute_3,all,True,128,128,128,0.015625,0.0,0.015625
256,1,0,company,company,aligned,random_remove,attribute_3,ordinary,True,64,64,64,0.0,0.0,0.0
256,1,0,company,company,aligned,random_remove,attribute_3,old_exception,True,64,64,64,0.03125,0.0,0.03125
256,1,0,company,company,aligned,random_remove,attribute_4,all,True,128,128,128,0.015625,0.0,0.015625
256,1,0,company,company,aligned,random_remove,attribute_4,ordinary,True,64,64,64,0.0,0.0,0.0
256,1,0,company,company,aligned,random_remove,attribute_4,old_exception,True,64,64,64,0.03125,0.0,0.03125
256,1,0,company,company,aligned,random_remove,attribute_5,all,True,128,128,128,0.015625,-0.0234375,0.0390625
256,1,0,company,company,aligned,random_remove,attribute_5,ordinary,True,64,64,64,0.0,-0.03125,0.03125
256,1,0,company,company,aligned,random_remove,attribute_5,old_exception,True,64,64,64,0.03125,-0.015625,0.046875
256,1,0,company,company,aligned,random_remove,attribute_6,all,True,128,128,128,0.015625,-0.046875,0.0625
256,1,0,company,company,aligned,random_remove,attribute_6,ordinary,True,64,64,64,0.0,-0.046875,0.046875
256,1,0,company,company,aligned,random_remove,attribute_6,old_exception,True,64,64,64,0.03125,-0.046875,0.078125
256,1,0,company,company,aligned,random_remove,membership,all,True,128,128,128,0.015625,0.0,0.015625
256,1,0,company,company,aligned,random_remove,membership,ordinary,True,64,64,64,0.0,0.0,0.0
256,1,0,company,company,aligned,random_remove,membership,old_exception,True,64,64,64,0.03125,0.0,0.03125
256,1,0,company,company,aligned,random_remove,other_chain_actual,all,True,128,128,128,0.015625,-0.0390625,0.0546875
256,1,0,company,company,aligned,random_remove,other_chain_actual,ordinary,True,64,64,64,0.0,-0.015625,0.015625
256,1,0,company,company,aligned,random_remove,other_chain_actual,old_exception,True,64,64,64,0.03125,-0.0625,0.09375
256,1,0,company,company,aligned,random_remove,group_root,all,False,64,128,64,0.015625,0.0,0.015625
256,1,0,company,company,aligned,complement_remove,actual,all,True,128,128,128,0.015625,0.0,0.015625
256,1,0,company,company,aligned,complement_remove,actual,ordinary,True,64,64,64,0.0,0.0,0.0
256,1,0,company,company,aligned,complement_remove,actual,old_exception,True,64,64,64,0.03125,0.0,0.03125
256,1,0,company,company,aligned,complement_remove,other_chain_default,all,True,128,128,128,0.015625,0.0,0.015625
256,1,0,company,company,aligned,complement_remove,other_chain_default,ordinary,True,64,64,64,0.0,0.0,0.0
256,1,0,company,company,aligned,complement_remove,other_chain_default,old_exception,True,64,64,64,0.03125,0.0,0.03125
256,1,0,company,company,aligned,complement_remove,attribute_3,all,True,128,128,128,0.015625,0.0,0.015625
256,1,0,company,company,aligned,complement_remove,attribute_3,ordinary,True,64,64,64,0.0,0.0,0.0
256,1,0,company,company,aligned,complement_remove,attribute_3,old_exception,True,64,64,64,0.03125,0.0,0.03125
256,1,0,company,company,aligned,complement_remove,attribute_4,all,True,128,128,128,0.015625,0.0,0.015625
256,1,0,company,company,aligned,complement_remove,attribute_4,ordinary,True,64,64,64,0.0,0.0,0.0
256,1,0,company,company,aligned,complement_remove,attribute_4,old_exception,True,64,64,64,0.03125,0.0,0.03125
256,1,0,company,company,aligned,complement_remove,attribute_5,all,True,128,128,128,0.015625,-0.0078125,0.0234375
256,1,0,company,company,aligned,complement_remove,attribute_5,ordinary,True,64,64,64,0.0,-0.015625,0.015625
256,1,0,company,company,aligned,complement_remove,attribute_5,old_exception,True,64,64,64,0.03125,0.0,0.03125
256,1,0,company,company,aligned,complement_remove,attribute_6,all,True,128,128,128,0.015625,-0.0546875,0.0703125
256,1,0,company,company,aligned,complement_remove,attribute_6,ordinary,True,64,64,64,0.0,-0.046875,0.046875
256,1,0,company,company,aligned,complement_remove,attribute_6,old_exception,True,64,64,64,0.03125,-0.0625,0.09375
256,1,0,company,company,aligned,complement_remove,membership,all,True,128,128,128,0.015625,-0.0078125,0.0234375
256,1,0,company,company,aligned,complement_remove,membership,ordinary,True,64,64,64,0.0,0.0,0.0
256,1,0,company,company,aligned,complement_remove,membership,old_exception,True,64,64,64,0.03125,-0.015625,0.046875
256,1,0,company,company,aligned,complement_remove,other_chain_actual,all,True,128,128,128,0.015625,-0.015625,0.03125
256,1,0,company,company,aligned,complement_remove,other_chain_actual,ordinary,True,64,64,64,0.0,-0.03125,0.03125
256,1,0,company,company,aligned,complement_remove,other_chain_actual,old_exception,True,64,64,64,0.03125,0.0,0.03125
256,1,0,company,company,aligned,complement_remove,group_root,all,False,64,128,64,0.015625,0.0,0.015625
256,1,0,company,project,opposite,random_remove,actual,all,True,128,128,128,-0.03125,0.0,-0.03125
256,1,0,company,project,opposite,random_remove,actual,ordinary,True,64,64,64,0.0,0.0,0.0
256,1,0,company,project,opposite,random_remove,actual,old_exception,True,64,64,64,-0.0625,0.0,-0.0625
256,1,0,company,project,opposite,random_remove,other_chain_default,all,True,128,128,128,-0.03125,0.0,-0.03125
256,1,0,company,project,opposite,random_remove,other_chain_default,ordinary,True,64,64,64,0.0,0.0,0.0
256,1,0,company,project,opposite,random_remove,other_chain_default,old_exception,True,64,64,64,-0.0625,0.0,-0.0625
256,1,0,company,project,opposite,random_remove,attribute_3,all,True,128,128,128,-0.03125,0.0,-0.03125
256,1,0,company,project,opposite,random_remove,attribute_3,ordinary,True,64,64,64,0.0,0.0,0.0
256,1,0,company,project,opposite,random_remove,attribute_3,old_exception,True,64,64,64,-0.0625,0.0,-0.0625
256,1,0,company,project,opposite,random_remove,attribute_4,all,True,128,128,128,-0.03125,0.0,-0.03125
256,1,0,company,project,opposite,random_remove,attribute_4,ordinary,True,64,64,64,0.0,0.0,0.0
256,1,0,company,project,opposite,random_remove,attribute_4,old_exception,True,64,64,64,-0.0625,0.0,-0.0625
256,1,0,company,project,opposite,random_remove,attribute_5,all,True,128,128,128,-0.03125,-0.015625,-0.015625
256,1,0,company,project,opposite,random_remove,attribute_5,ordinary,True,64,64,64,0.0,-0.015625,0.015625
256,1,0,company,project,opposite,random_remove,attribute_5,old_exception,True,64,64,64,-0.0625,-0.015625,-0.046875
256,1,0,company,project,opposite,random_remove,attribute_6,all,True,128,128,128,-0.03125,-0.078125,0.046875
256,1,0,company,project,opposite,random_remove,attribute_6,ordinary,True,64,64,64,0.0,-0.03125,0.03125
256,1,0,company,project,opposite,random_remove,attribute_6,old_exception,True,64,64,64,-0.0625,-0.125,0.0625
256,1,0,company,project,opposite,random_remove,membership,all,True,128,128,128,-0.03125,-0.2109375,0.1796875
256,1,0,company,project,opposite,random_remove,membership,ordinary,True,64,64,64,0.0,-0.15625,0.15625
256,1,0,company,project,opposite,random_remove,membership,old_exception,True,64,64,64,-0.0625,-0.265625,0.203125
256,1,0,company,project,opposite,random_remove,other_chain_actual,all,True,128,128,128,-0.03125,-0.0234375,-0.0078125
256,1,0,company,project,opposite,random_remove,other_chain_actual,ordinary,True,64,64,64,0.0,0.0,0.0
256,1,0,company,project,opposite,random_remove,other_chain_actual,old_exception,True,64,64,64,-0.0625,-0.046875,-0.015625
256,1,0,company,project,opposite,random_remove,group_root,all,False,64,128,64,-0.03125,0.0,-0.03125
256,1,0,company,project,opposite,complement_remove,actual,all,True,128,128,128,-0.03125,-0.015625,-0.015625
256,1,0,company,project,opposite,complement_remove,actual,ordinary,True,64,64,64,0.0,-0.03125,0.03125
256,1,0,company,project,opposite,complement_remove,actual,old_exception,True,64,64,64,-0.0625,0.0,-0.0625
256,1,0,company,project,opposite,complement_remove,other_chain_default,all,True,128,128,128,-0.03125,0.0,-0.03125
256,1,0,company,project,opposite,complement_remove,other_chain_default,ordinary,True,64,64,64,0.0,0.0,0.0
256,1,0,company,project,opposite,complement_remove,other_chain_default,old_exception,True,64,64,64,-0.0625,0.0,-0.0625
256,1,0,company,project,opposite,complement_remove,attribute_3,all,True,128,128,128,-0.03125,0.0,-0.03125
256,1,0,company,project,opposite,complement_remove,attribute_3,ordinary,True,64,64,64,0.0,0.0,0.0
256,1,0,company,project,opposite,complement_remove,attribute_3,old_exception,True,64,64,64,-0.0625,0.0,-0.0625
256,1,0,company,project,opposite,complement_remove,attribute_4,all,True,128,128,128,-0.03125,0.0,-0.03125
256,1,0,company,project,opposite,complement_remove,attribute_4,ordinary,True,64,64,64,0.0,0.0,0.0
256,1,0,company,project,opposite,complement_remove,attribute_4,old_exception,True,64,64,64,-0.0625,0.0,-0.0625
256,1,0,company,project,opposite,complement_remove,attribute_5,all,True,128,128,128,-0.03125,0.0,-0.03125
256,1,0,company,project,opposite,complement_remove,attribute_5,ordinary,True,64,64,64,0.0,-0.015625,0.015625
256,1,0,company,project,opposite,complement_remove,attribute_5,old_exception,True,64,64,64,-0.0625,0.015625,-0.078125
256,1,0,company,project,opposite,complement_remove,attribute_6,all,True,128,128,128,-0.03125,-0.0390625,0.0078125
256,1,0,company,project,opposite,complement_remove,attribute_6,ordinary,True,64,64,64,0.0,0.0,0.0
256,1,0,company,project,opposite,complement_remove,attribute_6,old_exception,True,64,64,64,-0.0625,-0.078125,0.015625
256,1,0,company,project,opposite,complement_remove,membership,all,True,128,128,128,-0.03125,-0.15625,0.125
256,1,0,company,project,opposite,complement_remove,membership,ordinary,True,64,64,64,0.0,-0.140625,0.140625
256,1,0,company,project,opposite,complement_remove,membership,old_exception,True,64,64,64,-0.0625,-0.171875,0.109375
256,1,0,company,project,opposite,complement_remove,other_chain_actual,all,True,128,128,128,-0.03125,-0.0234375,-0.0078125
256,1,0,company,project,opposite,complement_remove,other_chain_actual,ordinary,True,64,64,64,0.0,0.0,0.0
256,1,0,company,project,opposite,complement_remove,other_chain_actual,old_exception,True,64,64,64,-0.0625,-0.046875,-0.015625
256,1,0,company,project,opposite,complement_remove,group_root,all,False,64,128,64,-0.03125,0.0,-0.03125
256,1,0,project,company,opposite,random_remove,actual,all,True,128,128,128,-0.0078125,0.0078125,-0.015625
256,1,0,project,company,opposite,random_remove,actual,ordinary,True,64,64,64,0.0,0.0,0.0
256,1,0,project,company,opposite,random_remove,actual,old_exception,True,64,64,64,-0.015625,0.015625,-0.03125
256,1,0,project,company,opposite,random_remove,other_chain_default,all,True,128,128,128,-0.0078125,-0.3046875,0.296875
256,1,0,project,company,opposite,random_remove,other_chain_default,ordinary,True,64,64,64,0.0,-0.328125,0.328125
256,1,0,project,company,opposite,random_remove,other_chain_default,old_exception,True,64,64,64,-0.015625,-0.28125,0.265625
256,1,0,project,company,opposite,random_remove,attribute_3,all,True,128,128,128,-0.0078125,0.0,-0.0078125
256,1,0,project,company,opposite,random_remove,attribute_3,ordinary,True,64,64,64,0.0,0.0,0.0
256,1,0,project,company,opposite,random_remove,attribute_3,old_exception,True,64,64,64,-0.015625,0.0,-0.015625
256,1,0,project,company,opposite,random_remove,attribute_4,all,True,128,128,128,-0.0078125,-0.0234375,0.015625
256,1,0,project,company,opposite,random_remove,attribute_4,ordinary,True,64,64,64,0.0,-0.03125,0.03125
256,1,0,project,company,opposite,random_remove,attribute_4,old_exception,True,64,64,64,-0.015625,-0.015625,0.0
256,1,0,project,company,opposite,random_remove,attribute_5,all,True,128,128,128,-0.0078125,-0.0234375,0.015625
256,1,0,project,company,opposite,random_remove,attribute_5,ordinary,True,64,64,64,0.0,0.0,0.0
256,1,0,project,company,opposite,random_remove,attribute_5,old_exception,True,64,64,64,-0.015625,-0.046875,0.03125
256,1,0,project,company,opposite,random_remove,attribute_6,all,True,128,128,128,-0.0078125,-0.0078125,0.0
256,1,0,project,company,opposite,random_remove,attribute_6,ordinary,True,64,64,64,0.0,-0.015625,0.015625
256,1,0,project,company,opposite,random_remove,attribute_6,old_exception,True,64,64,64,-0.015625,0.0,-0.015625
256,1,0,project,company,opposite,random_remove,membership,all,True,128,128,128,-0.0078125,0.0,-0.0078125
256,1,0,project,company,opposite,random_remove,membership,ordinary,True,64,64,64,0.0,0.0,0.0
256,1,0,project,company,opposite,random_remove,membership,old_exception,True,64,64,64,-0.015625,0.0,-0.015625
256,1,0,project,company,opposite,random_remove,other_chain_actual,all,True,128,128,128,-0.0078125,-0.1640625,0.15625
256,1,0,project,company,opposite,random_remove,other_chain_actual,ordinary,True,64,64,64,0.0,-0.140625,0.140625
256,1,0,project,company,opposite,random_remove,other_chain_actual,old_exception,True,64,64,64,-0.015625,-0.1875,0.171875
256,1,0,project,company,opposite,random_remove,group_root,all,False,64,128,64,-0.0078125,0.0,-0.0078125
256,1,0,project,company,opposite,complement_remove,actual,all,True,128,128,128,-0.0078125,0.0,-0.0078125
256,1,0,project,company,opposite,complement_remove,actual,ordinary,True,64,64,64,0.0,0.0,0.0
256,1,0,project,company,opposite,complement_remove,actual,old_exception,True,64,64,64,-0.015625,0.0,-0.015625
256,1,0,project,company,opposite,complement_remove,other_chain_default,all,True,128,128,128,-0.0078125,-0.3046875,0.296875
256,1,0,project,company,opposite,complement_remove,other_chain_default,ordinary,True,64,64,64,0.0,-0.328125,0.328125
256,1,0,project,company,opposite,complement_remove,other_chain_default,old_exception,True,64,64,64,-0.015625,-0.28125,0.265625
256,1,0,project,company,opposite,complement_remove,attribute_3,all,True,128,128,128,-0.0078125,0.0,-0.0078125
256,1,0,project,company,opposite,complement_remove,attribute_3,ordinary,True,64,64,64,0.0,0.0,0.0
256,1,0,project,company,opposite,complement_remove,attribute_3,old_exception,True,64,64,64,-0.015625,0.0,-0.015625
256,1,0,project,company,opposite,complement_remove,attribute_4,all,True,128,128,128,-0.0078125,0.0390625,-0.046875
256,1,0,project,company,opposite,complement_remove,attribute_4,ordinary,True,64,64,64,0.0,0.046875,-0.046875
256,1,0,project,company,opposite,complement_remove,attribute_4,old_exception,True,64,64,64,-0.015625,0.03125,-0.046875
256,1,0,project,company,opposite,complement_remove,attribute_5,all,True,128,128,128,-0.0078125,-0.0234375,0.015625
256,1,0,project,company,opposite,complement_remove,attribute_5,ordinary,True,64,64,64,0.0,0.0,0.0
256,1,0,project,company,opposite,complement_remove,attribute_5,old_exception,True,64,64,64,-0.015625,-0.046875,0.03125
256,1,0,project,company,opposite,complement_remove,attribute_6,all,True,128,128,128,-0.0078125,-0.0078125,0.0
256,1,0,project,company,opposite,complement_remove,attribute_6,ordinary,True,64,64,64,0.0,-0.015625,0.015625
256,1,0,project,company,opposite,complement_remove,attribute_6,old_exception,True,64,64,64,-0.015625,0.0,-0.015625
256,1,0,project,company,opposite,complement_remove,membership,all,True,128,128,128,-0.0078125,0.0,-0.0078125
256,1,0,project,company,opposite,complement_remove,membership,ordinary,True,64,64,64,0.0,0.0,0.0
256,1,0,project,company,opposite,complement_remove,membership,old_exception,True,64,64,64,-0.015625,0.0,-0.015625
256,1,0,project,company,opposite,complement_remove,other_chain_actual,all,True,128,128,128,-0.0078125,-0.125,0.1171875
256,1,0,project,company,opposite,complement_remove,other_chain_actual,ordinary,True,64,64,64,0.0,-0.125,0.125
256,1,0,project,company,opposite,complement_remove,other_chain_actual,old_exception,True,64,64,64,-0.015625,-0.125,0.109375
256,1,0,project,company,opposite,complement_remove,group_root,all,False,64,128,64,-0.0078125,0.0,-0.0078125
256,1,0,project,project,aligned,random_remove,actual,all,True,128,128,128,-0.515625,-0.1953125,-0.3203125
256,1,0,project,project,aligned,random_remove,actual,ordinary,True,64,64,64,-0.625,-0.359375,-0.265625
256,1,0,project,project,aligned,random_remove,actual,old_exception,True,64,64,64,-0.40625,-0.03125,-0.375
256,1,0,project,project,aligned,random_remove,other_chain_default,all,True,128,128,128,-0.515625,0.0,-0.515625
256,1,0,project,project,aligned,random_remove,other_chain_default,ordinary,True,64,64,64,-0.625,0.0,-0.625
256,1,0,project,project,aligned,random_remove,other_chain_default,old_exception,True,64,64,64,-0.40625,0.0,-0.40625
256,1,0,project,project,aligned,random_remove,attribute_3,all,True,128,128,128,-0.515625,0.0,-0.515625
256,1,0,project,project,aligned,random_remove,attribute_3,ordinary,True,64,64,64,-0.625,0.0,-0.625
256,1,0,project,project,aligned,random_remove,attribute_3,old_exception,True,64,64,64,-0.40625,0.0,-0.40625
256,1,0,project,project,aligned,random_remove,attribute_4,all,True,128,128,128,-0.515625,0.015625,-0.53125
256,1,0,project,project,aligned,random_remove,attribute_4,ordinary,True,64,64,64,-0.625,0.03125,-0.65625
256,1,0,project,project,aligned,random_remove,attribute_4,old_exception,True,64,64,64,-0.40625,0.0,-0.40625
256,1,0,project,project,aligned,random_remove,attribute_5,all,True,128,128,128,-0.515625,0.0,-0.515625
256,1,0,project,project,aligned,random_remove,attribute_5,ordinary,True,64,64,64,-0.625,0.0,-0.625
256,1,0,project,project,aligned,random_remove,attribute_5,old_exception,True,64,64,64,-0.40625,0.0,-0.40625
256,1,0,project,project,aligned,random_remove,attribute_6,all,True,128,128,128,-0.515625,0.0,-0.515625
256,1,0,project,project,aligned,random_remove,attribute_6,ordinary,True,64,64,64,-0.625,0.0,-0.625
256,1,0,project,project,aligned,random_remove,attribute_6,old_exception,True,64,64,64,-0.40625,0.0,-0.40625
256,1,0,project,project,aligned,random_remove,membership,all,True,128,128,128,-0.515625,-0.6328125,0.1171875
256,1,0,project,project,aligned,random_remove,membership,ordinary,True,64,64,64,-0.625,-0.65625,0.03125
256,1,0,project,project,aligned,random_remove,membership,old_exception,True,64,64,64,-0.40625,-0.609375,0.203125
256,1,0,project,project,aligned,random_remove,other_chain_actual,all,True,128,128,128,-0.515625,0.0,-0.515625
256,1,0,project,project,aligned,random_remove,other_chain_actual,ordinary,True,64,64,64,-0.625,0.0,-0.625
256,1,0,project,project,aligned,random_remove,other_chain_actual,old_exception,True,64,64,64,-0.40625,0.0,-0.40625
256,1,0,project,project,aligned,random_remove,group_root,all,False,64,128,64,-0.515625,0.0,-0.515625
256,1,0,project,project,aligned,complement_remove,actual,all,True,128,128,128,-0.4921875,-0.1953125,-0.296875
256,1,0,project,project,aligned,complement_remove,actual,ordinary,True,64,64,64,-0.625,-0.359375,-0.265625
256,1,0,project,project,aligned,complement_remove,actual,old_exception,True,64,64,64,-0.359375,-0.03125,-0.328125
256,1,0,project,project,aligned,complement_remove,other_chain_default,all,True,128,128,128,-0.4921875,0.0,-0.4921875
256,1,0,project,project,aligned,complement_remove,other_chain_default,ordinary,True,64,64,64,-0.625,0.0,-0.625
256,1,0,project,project,aligned,complement_remove,other_chain_default,old_exception,True,64,64,64,-0.359375,0.0,-0.359375
256,1,0,project,project,aligned,complement_remove,attribute_3,all,True,128,128,128,-0.4921875,0.0,-0.4921875
256,1,0,project,project,aligned,complement_remove,attribute_3,ordinary,True,64,64,64,-0.625,0.0,-0.625
256,1,0,project,project,aligned,complement_remove,attribute_3,old_exception,True,64,64,64,-0.359375,0.0,-0.359375
256,1,0,project,project,aligned,complement_remove,attribute_4,all,True,128,128,128,-0.4921875,0.0234375,-0.515625
256,1,0,project,project,aligned,complement_remove,attribute_4,ordinary,True,64,64,64,-0.625,0.03125,-0.65625
256,1,0,project,project,aligned,complement_remove,attribute_4,old_exception,True,64,64,64,-0.359375,0.015625,-0.375
256,1,0,project,project,aligned,complement_remove,attribute_5,all,True,128,128,128,-0.4921875,0.0,-0.4921875
256,1,0,project,project,aligned,complement_remove,attribute_5,ordinary,True,64,64,64,-0.625,0.0,-0.625
256,1,0,project,project,aligned,complement_remove,attribute_5,old_exception,True,64,64,64,-0.359375,0.0,-0.359375
256,1,0,project,project,aligned,complement_remove,attribute_6,all,True,128,128,128,-0.4921875,0.0,-0.4921875
256,1,0,project,project,aligned,complement_remove,attribute_6,ordinary,True,64,64,64,-0.625,0.0,-0.625
256,1,0,project,project,aligned,complement_remove,attribute_6,old_exception,True,64,64,64,-0.359375,0.0,-0.359375
256,1,0,project,project,aligned,complement_remove,membership,all,True,128,128,128,-0.4921875,-0.609375,0.1171875
256,1,0,project,project,aligned,complement_remove,membership,ordinary,True,64,64,64,-0.625,-0.640625,0.015625
256,1,0,project,project,aligned,complement_remove,membership,old_exception,True,64,64,64,-0.359375,-0.578125,0.21875
256,1,0,project,project,aligned,complement_remove,other_chain_actual,all,True,128,128,128,-0.4921875,0.0,-0.4921875
256,1,0,project,project,aligned,complement_remove,other_chain_actual,ordinary,True,64,64,64,-0.625,0.0,-0.625
256,1,0,project,project,aligned,complement_remove,other_chain_actual,old_exception,True,64,64,64,-0.359375,0.0,-0.359375
256,1,0,project,project,aligned,complement_remove,group_root,all,False,64,128,64,-0.4921875,0.0,-0.4921875
256,1,0,neither,company,neither,random_remove,actual,all,True,128,128,128,0.0078125,0.0,0.0078125
256,1,0,neither,company,neither,random_remove,actual,ordinary,True,64,64,64,0.0,0.0,0.0
256,1,0,neither,company,neither,random_remove,actual,old_exception,True,64,64,64,0.015625,0.0,0.015625
256,1,0,neither,company,neither,random_remove,other_chain_default,all,True,128,128,128,0.0078125,0.0078125,0.0
256,1,0,neither,company,neither,random_remove,other_chain_default,ordinary,True,64,64,64,0.0,0.0,0.0
256,1,0,neither,company,neither,random_remove,other_chain_default,old_exception,True,64,64,64,0.015625,0.015625,0.0
256,1,0,neither,company,neither,random_remove,attribute_3,all,True,128,128,128,0.0078125,0.0,0.0078125
256,1,0,neither,company,neither,random_remove,attribute_3,ordinary,True,64,64,64,0.0,0.0,0.0
256,1,0,neither,company,neither,random_remove,attribute_3,old_exception,True,64,64,64,0.015625,0.0,0.015625
256,1,0,neither,company,neither,random_remove,attribute_4,all,True,128,128,128,0.0078125,-0.0078125,0.015625
256,1,0,neither,company,neither,random_remove,attribute_4,ordinary,True,64,64,64,0.0,0.0,0.0
256,1,0,neither,company,neither,random_remove,attribute_4,old_exception,True,64,64,64,0.015625,-0.015625,0.03125
256,1,0,neither,company,neither,random_remove,attribute_5,all,True,128,128,128,0.0078125,0.0,0.0078125
256,1,0,neither,company,neither,random_remove,attribute_5,ordinary,True,64,64,64,0.0,0.0,0.0
256,1,0,neither,company,neither,random_remove,attribute_5,old_exception,True,64,64,64,0.015625,0.0,0.015625
256,1,0,neither,company,neither,random_remove,attribute_6,all,True,128,128,128,0.0078125,0.0,0.0078125
256,1,0,neither,company,neither,random_remove,attribute_6,ordinary,True,64,64,64,0.0,0.0,0.0
256,1,0,neither,company,neither,random_remove,attribute_6,old_exception,True,64,64,64,0.015625,0.0,0.015625
256,1,0,neither,company,neither,random_remove,membership,all,True,128,128,128,0.0078125,0.0,0.0078125
256,1,0,neither,company,neither,random_remove,membership,ordinary,True,64,64,64,0.0,0.0,0.0
256,1,0,neither,company,neither,random_remove,membership,old_exception,True,64,64,64,0.015625,0.0,0.015625
256,1,0,neither,company,neither,random_remove,other_chain_actual,all,True,128,128,128,0.0078125,0.0,0.0078125
256,1,0,neither,company,neither,random_remove,other_chain_actual,ordinary,True,64,64,64,0.0,0.0,0.0
256,1,0,neither,company,neither,random_remove,other_chain_actual,old_exception,True,64,64,64,0.015625,0.0,0.015625
256,1,0,neither,company,neither,random_remove,group_root,all,False,64,128,64,0.0078125,0.0,0.0078125
256,1,0,neither,company,neither,complement_remove,actual,all,True,128,128,128,0.015625,0.0,0.015625
256,1,0,neither,company,neither,complement_remove,actual,ordinary,True,64,64,64,0.015625,0.0,0.015625
256,1,0,neither,company,neither,complement_remove,actual,old_exception,True,64,64,64,0.015625,0.0,0.015625
256,1,0,neither,company,neither,complement_remove,other_chain_default,all,True,128,128,128,0.015625,0.0078125,0.0078125
256,1,0,neither,company,neither,complement_remove,other_chain_default,ordinary,True,64,64,64,0.015625,0.0,0.015625
256,1,0,neither,company,neither,complement_remove,other_chain_default,old_exception,True,64,64,64,0.015625,0.015625,0.0
256,1,0,neither,company,neither,complement_remove,attribute_3,all,True,128,128,128,0.015625,0.0,0.015625
256,1,0,neither,company,neither,complement_remove,attribute_3,ordinary,True,64,64,64,0.015625,0.0,0.015625
256,1,0,neither,company,neither,complement_remove,attribute_3,old_exception,True,64,64,64,0.015625,0.0,0.015625
256,1,0,neither,company,neither,complement_remove,attribute_4,all,True,128,128,128,0.015625,0.0,0.015625
256,1,0,neither,company,neither,complement_remove,attribute_4,ordinary,True,64,64,64,0.015625,0.0,0.015625
256,1,0,neither,company,neither,complement_remove,attribute_4,old_exception,True,64,64,64,0.015625,0.0,0.015625
256,1,0,neither,company,neither,complement_remove,attribute_5,all,True,128,128,128,0.015625,0.0,0.015625
256,1,0,neither,company,neither,complement_remove,attribute_5,ordinary,True,64,64,64,0.015625,0.0,0.015625
256,1,0,neither,company,neither,complement_remove,attribute_5,old_exception,True,64,64,64,0.015625,0.0,0.015625
256,1,0,neither,company,neither,complement_remove,attribute_6,all,True,128,128,128,0.015625,0.0,0.015625
256,1,0,neither,company,neither,complement_remove,attribute_6,ordinary,True,64,64,64,0.015625,0.0,0.015625
256,1,0,neither,company,neither,complement_remove,attribute_6,old_exception,True,64,64,64,0.015625,0.0,0.015625
256,1,0,neither,company,neither,complement_remove,membership,all,True,128,128,128,0.015625,0.0,0.015625
256,1,0,neither,company,neither,complement_remove,membership,ordinary,True,64,64,64,0.015625,0.0,0.015625
256,1,0,neither,company,neither,complement_remove,membership,old_exception,True,64,64,64,0.015625,0.0,0.015625
256,1,0,neither,company,neither,complement_remove,other_chain_actual,all,True,128,128,128,0.015625,0.0,0.015625
256,1,0,neither,company,neither,complement_remove,other_chain_actual,ordinary,True,64,64,64,0.015625,0.0,0.015625
256,1,0,neither,company,neither,complement_remove,other_chain_actual,old_exception,True,64,64,64,0.015625,0.0,0.015625
256,1,0,neither,company,neither,complement_remove,group_root,all,False,64,128,64,0.015625,0.0,0.015625
256,1,0,neither,project,neither,random_remove,actual,all,True,128,128,128,-0.0078125,0.0,-0.0078125
256,1,0,neither,project,neither,random_remove,actual,ordinary,True,64,64,64,-0.015625,0.0,-0.015625
256,1,0,neither,project,neither,random_remove,actual,old_exception,True,64,64,64,0.0,0.0,0.0
256,1,0,neither,project,neither,random_remove,other_chain_default,all,True,128,128,128,-0.0078125,0.0,-0.0078125
256,1,0,neither,project,neither,random_remove,other_chain_default,ordinary,True,64,64,64,-0.015625,0.0,-0.015625
256,1,0,neither,project,neither,random_remove,other_chain_default,old_exception,True,64,64,64,0.0,0.0,0.0
256,1,0,neither,project,neither,random_remove,attribute_3,all,True,128,128,128,-0.0078125,0.0,-0.0078125
256,1,0,neither,project,neither,random_remove,attribute_3,ordinary,True,64,64,64,-0.015625,0.0,-0.015625
256,1,0,neither,project,neither,random_remove,attribute_3,old_exception,True,64,64,64,0.0,0.0,0.0
256,1,0,neither,project,neither,random_remove,attribute_4,all,True,128,128,128,-0.0078125,0.0,-0.0078125
256,1,0,neither,project,neither,random_remove,attribute_4,ordinary,True,64,64,64,-0.015625,0.0,-0.015625
256,1,0,neither,project,neither,random_remove,attribute_4,old_exception,True,64,64,64,0.0,0.0,0.0
256,1,0,neither,project,neither,random_remove,attribute_5,all,True,128,128,128,-0.0078125,0.0,-0.0078125
256,1,0,neither,project,neither,random_remove,attribute_5,ordinary,True,64,64,64,-0.015625,0.0,-0.015625
256,1,0,neither,project,neither,random_remove,attribute_5,old_exception,True,64,64,64,0.0,0.0,0.0
256,1,0,neither,project,neither,random_remove,attribute_6,all,True,128,128,128,-0.0078125,0.0,-0.0078125
256,1,0,neither,project,neither,random_remove,attribute_6,ordinary,True,64,64,64,-0.015625,0.0,-0.015625
256,1,0,neither,project,neither,random_remove,attribute_6,old_exception,True,64,64,64,0.0,0.0,0.0
256,1,0,neither,project,neither,random_remove,membership,all,True,128,128,128,-0.0078125,0.0,-0.0078125
256,1,0,neither,project,neither,random_remove,membership,ordinary,True,64,64,64,-0.015625,0.0,-0.015625
256,1,0,neither,project,neither,random_remove,membership,old_exception,True,64,64,64,0.0,0.0,0.0
256,1,0,neither,project,neither,random_remove,other_chain_actual,all,True,128,128,128,-0.0078125,0.0,-0.0078125
256,1,0,neither,project,neither,random_remove,other_chain_actual,ordinary,True,64,64,64,-0.015625,0.0,-0.015625
256,1,0,neither,project,neither,random_remove,other_chain_actual,old_exception,True,64,64,64,0.0,0.0,0.0
256,1,0,neither,project,neither,random_remove,group_root,all,False,64,128,64,-0.0078125,0.0,-0.0078125
256,1,0,neither,project,neither,complement_remove,actual,all,True,128,128,128,-0.0078125,0.0,-0.0078125
256,1,0,neither,project,neither,complement_remove,actual,ordinary,True,64,64,64,-0.015625,0.0,-0.015625
256,1,0,neither,project,neither,complement_remove,actual,old_exception,True,64,64,64,0.0,0.0,0.0
256,1,0,neither,project,neither,complement_remove,other_chain_default,all,True,128,128,128,-0.0078125,0.0,-0.0078125
256,1,0,neither,project,neither,complement_remove,other_chain_default,ordinary,True,64,64,64,-0.015625,0.0,-0.015625
256,1,0,neither,project,neither,complement_remove,other_chain_default,old_exception,True,64,64,64,0.0,0.0,0.0
256,1,0,neither,project,neither,complement_remove,attribute_3,all,True,128,128,128,-0.0078125,0.0,-0.0078125
256,1,0,neither,project,neither,complement_remove,attribute_3,ordinary,True,64,64,64,-0.015625,0.0,-0.015625
256,1,0,neither,project,neither,complement_remove,attribute_3,old_exception,True,64,64,64,0.0,0.0,0.0
256,1,0,neither,project,neither,complement_remove,attribute_4,all,True,128,128,128,-0.0078125,0.0078125,-0.015625
256,1,0,neither,project,neither,complement_remove,attribute_4,ordinary,True,64,64,64,-0.015625,0.0,-0.015625
256,1,0,neither,project,neither,complement_remove,attribute_4,old_exception,True,64,64,64,0.0,0.015625,-0.015625
256,1,0,neither,project,neither,complement_remove,attribute_5,all,True,128,128,128,-0.0078125,0.0,-0.0078125
256,1,0,neither,project,neither,complement_remove,attribute_5,ordinary,True,64,64,64,-0.015625,0.0,-0.015625
256,1,0,neither,project,neither,complement_remove,attribute_5,old_exception,True,64,64,64,0.0,0.0,0.0
256,1,0,neither,project,neither,complement_remove,attribute_6,all,True,128,128,128,-0.0078125,0.0,-0.0078125
256,1,0,neither,project,neither,complement_remove,attribute_6,ordinary,True,64,64,64,-0.015625,0.0,-0.015625
256,1,0,neither,project,neither,complement_remove,attribute_6,old_exception,True,64,64,64,0.0,0.0,0.0
256,1,0,neither,project,neither,complement_remove,membership,all,True,128,128,128,-0.0078125,0.0,-0.0078125
256,1,0,neither,project,neither,complement_remove,membership,ordinary,True,64,64,64,-0.015625,0.0,-0.015625
256,1,0,neither,project,neither,complement_remove,membership,old_exception,True,64,64,64,0.0,0.0,0.0
256,1,0,neither,project,neither,complement_remove,other_chain_actual,all,True,128,128,128,-0.0078125,0.0,-0.0078125
256,1,0,neither,project,neither,complement_remove,other_chain_actual,ordinary,True,64,64,64,-0.015625,0.0,-0.015625
256,1,0,neither,project,neither,complement_remove,other_chain_actual,old_exception,True,64,64,64,0.0,0.0,0.0
256,1,0,neither,project,neither,complement_remove,group_root,all,False,64,128,64,-0.0078125,0.0,-0.0078125
256,1,1,company,company,aligned,random_remove,actual,all,True,128,128,128,-0.28125,-0.2890625,0.0078125
256,1,1,company,company,aligned,random_remove,actual,ordinary,True,64,64,64,-0.328125,-0.484375,0.15625
256,1,1,company,company,aligned,random_remove,actual,old_exception,True,64,64,64,-0.234375,-0.09375,-0.140625
256,1,1,company,company,aligned,random_remove,other_chain_default,all,True,128,128,128,-0.28125,-0.0078125,-0.2734375
256,1,1,company,company,aligned,random_remove,other_chain_default,ordinary,True,64,64,64,-0.328125,0.0,-0.328125
256,1,1,company,company,aligned,random_remove,other_chain_default,old_exception,True,64,64,64,-0.234375,-0.015625,-0.21875
256,1,1,company,company,aligned,random_remove,attribute_3,all,True,128,128,128,-0.28125,0.0,-0.28125
256,1,1,company,company,aligned,random_remove,attribute_3,ordinary,True,64,64,64,-0.328125,0.0,-0.328125
256,1,1,company,company,aligned,random_remove,attribute_3,old_exception,True,64,64,64,-0.234375,0.0,-0.234375
256,1,1,company,company,aligned,random_remove,attribute_4,all,True,128,128,128,-0.28125,-0.140625,-0.140625
256,1,1,company,company,aligned,random_remove,attribute_4,ordinary,True,64,64,64,-0.328125,-0.140625,-0.1875
256,1,1,company,company,aligned,random_remove,attribute_4,old_exception,True,64,64,64,-0.234375,-0.140625,-0.09375
256,1,1,company,company,aligned,random_remove,attribute_5,all,True,128,128,128,-0.28125,-0.046875,-0.234375
256,1,1,company,company,aligned,random_remove,attribute_5,ordinary,True,64,64,64,-0.328125,-0.015625,-0.3125
256,1,1,company,company,aligned,random_remove,attribute_5,old_exception,True,64,64,64,-0.234375,-0.078125,-0.15625
256,1,1,company,company,aligned,random_remove,attribute_6,all,True,128,128,128,-0.28125,-0.046875,-0.234375
256,1,1,company,company,aligned,random_remove,attribute_6,ordinary,True,64,64,64,-0.328125,-0.03125,-0.296875
256,1,1,company,company,aligned,random_remove,attribute_6,old_exception,True,64,64,64,-0.234375,-0.0625,-0.171875
256,1,1,company,company,aligned,random_remove,membership,all,True,128,128,128,-0.28125,-0.6484375,0.3671875
256,1,1,company,company,aligned,random_remove,membership,ordinary,True,64,64,64,-0.328125,-0.6875,0.359375
256,1,1,company,company,aligned,random_remove,membership,old_exception,True,64,64,64,-0.234375,-0.609375,0.375
256,1,1,company,company,aligned,random_remove,other_chain_actual,all,True,128,128,128,-0.28125,-0.0390625,-0.2421875
256,1,1,company,company,aligned,random_remove,other_chain_actual,ordinary,True,64,64,64,-0.328125,-0.03125,-0.296875
256,1,1,company,company,aligned,random_remove,other_chain_actual,old_exception,True,64,64,64,-0.234375,-0.046875,-0.1875
256,1,1,company,company,aligned,random_remove,group_root,all,False,64,128,64,-0.28125,0.0,-0.28125
256,1,1,company,company,aligned,complement_remove,actual,all,True,128,128,128,-0.2578125,-0.28125,0.0234375
256,1,1,company,company,aligned,complement_remove,actual,ordinary,True,64,64,64,-0.34375,-0.484375,0.140625
256,1,1,company,company,aligned,complement_remove,actual,old_exception,True,64,64,64,-0.171875,-0.078125,-0.09375
256,1,1,company,company,aligned,complement_remove,other_chain_default,all,True,128,128,128,-0.2578125,-0.015625,-0.2421875
256,1,1,company,company,aligned,complement_remove,other_chain_default,ordinary,True,64,64,64,-0.34375,-0.015625,-0.328125
256,1,1,company,company,aligned,complement_remove,other_chain_default,old_exception,True,64,64,64,-0.171875,-0.015625,-0.15625
256,1,1,company,company,aligned,complement_remove,attribute_3,all,True,128,128,128,-0.2578125,0.0,-0.2578125
256,1,1,company,company,aligned,complement_remove,attribute_3,ordinary,True,64,64,64,-0.34375,0.0,-0.34375
256,1,1,company,company,aligned,complement_remove,attribute_3,old_exception,True,64,64,64,-0.171875,0.0,-0.171875
256,1,1,company,company,aligned,complement_remove,attribute_4,all,True,128,128,128,-0.2578125,-0.125,-0.1328125
256,1,1,company,company,aligned,complement_remove,attribute_4,ordinary,True,64,64,64,-0.34375,-0.140625,-0.203125
256,1,1,company,company,aligned,complement_remove,attribute_4,old_exception,True,64,64,64,-0.171875,-0.109375,-0.0625
256,1,1,company,company,aligned,complement_remove,attribute_5,all,True,128,128,128,-0.2578125,-0.046875,-0.2109375
256,1,1,company,company,aligned,complement_remove,attribute_5,ordinary,True,64,64,64,-0.34375,-0.015625,-0.328125
256,1,1,company,company,aligned,complement_remove,attribute_5,old_exception,True,64,64,64,-0.171875,-0.078125,-0.09375
256,1,1,company,company,aligned,complement_remove,attribute_6,all,True,128,128,128,-0.2578125,-0.046875,-0.2109375
256,1,1,company,company,aligned,complement_remove,attribute_6,ordinary,True,64,64,64,-0.34375,-0.03125,-0.3125
256,1,1,company,company,aligned,complement_remove,attribute_6,old_exception,True,64,64,64,-0.171875,-0.0625,-0.109375
256,1,1,company,company,aligned,complement_remove,membership,all,True,128,128,128,-0.2578125,-0.6328125,0.375
256,1,1,company,company,aligned,complement_remove,membership,ordinary,True,64,64,64,-0.34375,-0.703125,0.359375
256,1,1,company,company,aligned,complement_remove,membership,old_exception,True,64,64,64,-0.171875,-0.5625,0.390625
256,1,1,company,company,aligned,complement_remove,other_chain_actual,all,True,128,128,128,-0.2578125,-0.0078125,-0.25
256,1,1,company,company,aligned,complement_remove,other_chain_actual,ordinary,True,64,64,64,-0.34375,-0.015625,-0.328125
256,1,1,company,company,aligned,complement_remove,other_chain_actual,old_exception,True,64,64,64,-0.171875,0.0,-0.171875
256,1,1,company,company,aligned,complement_remove,group_root,all,False,64,128,64,-0.2578125,0.0,-0.2578125
256,1,1,company,project,opposite,random_remove,actual,all,True,128,128,128,-0.0234375,-0.03125,0.0078125
256,1,1,company,project,opposite,random_remove,actual,ordinary,True,64,64,64,0.0,0.0,0.0
256,1,1,company,project,opposite,random_remove,actual,old_exception,True,64,64,64,-0.046875,-0.0625,0.015625
256,1,1,company,project,opposite,random_remove,other_chain_default,all,True,128,128,128,-0.0234375,-0.1171875,0.09375
256,1,1,company,project,opposite,random_remove,other_chain_default,ordinary,True,64,64,64,0.0,-0.09375,0.09375
256,1,1,company,project,opposite,random_remove,other_chain_default,old_exception,True,64,64,64,-0.046875,-0.140625,0.09375
256,1,1,company,project,opposite,random_remove,attribute_3,all,True,128,128,128,-0.0234375,0.0,-0.0234375
256,1,1,company,project,opposite,random_remove,attribute_3,ordinary,True,64,64,64,0.0,0.0,0.0
256,1,1,company,project,opposite,random_remove,attribute_3,old_exception,True,64,64,64,-0.046875,0.0,-0.046875
256,1,1,company,project,opposite,random_remove,attribute_4,all,True,128,128,128,-0.0234375,-0.140625,0.1171875
256,1,1,company,project,opposite,random_remove,attribute_4,ordinary,True,64,64,64,0.0,-0.125,0.125
256,1,1,company,project,opposite,random_remove,attribute_4,old_exception,True,64,64,64,-0.046875,-0.15625,0.109375
256,1,1,company,project,opposite,random_remove,attribute_5,all,True,128,128,128,-0.0234375,-0.0546875,0.03125
256,1,1,company,project,opposite,random_remove,attribute_5,ordinary,True,64,64,64,0.0,-0.0625,0.0625
256,1,1,company,project,opposite,random_remove,attribute_5,old_exception,True,64,64,64,-0.046875,-0.046875,0.0
256,1,1,company,project,opposite,random_remove,attribute_6,all,True,128,128,128,-0.0234375,-0.015625,-0.0078125
256,1,1,company,project,opposite,random_remove,attribute_6,ordinary,True,64,64,64,0.0,-0.015625,0.015625
256,1,1,company,project,opposite,random_remove,attribute_6,old_exception,True,64,64,64,-0.046875,-0.015625,-0.03125
256,1,1,company,project,opposite,random_remove,membership,all,True,128,128,128,-0.0234375,0.0,-0.0234375
256,1,1,company,project,opposite,random_remove,membership,ordinary,True,64,64,64,0.0,0.0,0.0
256,1,1,company,project,opposite,random_remove,membership,old_exception,True,64,64,64,-0.046875,0.0,-0.046875
256,1,1,company,project,opposite,random_remove,other_chain_actual,all,True,128,128,128,-0.0234375,-0.28125,0.2578125
256,1,1,company,project,opposite,random_remove,other_chain_actual,ordinary,True,64,64,64,0.0,-0.265625,0.265625
256,1,1,company,project,opposite,random_remove,other_chain_actual,old_exception,True,64,64,64,-0.046875,-0.296875,0.25
256,1,1,company,project,opposite,random_remove,group_root,all,False,64,128,64,-0.0234375,0.0,-0.0234375
256,1,1,company,project,opposite,complement_remove,actual,all,True,128,128,128,-0.0234375,-0.015625,-0.0078125
256,1,1,company,project,opposite,complement_remove,actual,ordinary,True,64,64,64,0.0,0.0,0.0
256,1,1,company,project,opposite,complement_remove,actual,old_exception,True,64,64,64,-0.046875,-0.03125,-0.015625
256,1,1,company,project,opposite,complement_remove,other_chain_default,all,True,128,128,128,-0.0234375,-0.109375,0.0859375
256,1,1,company,project,opposite,complement_remove,other_chain_default,ordinary,True,64,64,64,0.0,-0.09375,0.09375
256,1,1,company,project,opposite,complement_remove,other_chain_default,old_exception,True,64,64,64,-0.046875,-0.125,0.078125
256,1,1,company,project,opposite,complement_remove,attribute_3,all,True,128,128,128,-0.0234375,0.0,-0.0234375
256,1,1,company,project,opposite,complement_remove,attribute_3,ordinary,True,64,64,64,0.0,0.0,0.0
256,1,1,company,project,opposite,complement_remove,attribute_3,old_exception,True,64,64,64,-0.046875,0.0,-0.046875
256,1,1,company,project,opposite,complement_remove,attribute_4,all,True,128,128,128,-0.0234375,-0.15625,0.1328125
256,1,1,company,project,opposite,complement_remove,attribute_4,ordinary,True,64,64,64,0.0,-0.140625,0.140625
256,1,1,company,project,opposite,complement_remove,attribute_4,old_exception,True,64,64,64,-0.046875,-0.171875,0.125
256,1,1,company,project,opposite,complement_remove,attribute_5,all,True,128,128,128,-0.0234375,-0.0546875,0.03125
256,1,1,company,project,opposite,complement_remove,attribute_5,ordinary,True,64,64,64,0.0,-0.0625,0.0625
256,1,1,company,project,opposite,complement_remove,attribute_5,old_exception,True,64,64,64,-0.046875,-0.046875,0.0
256,1,1,company,project,opposite,complement_remove,attribute_6,all,True,128,128,128,-0.0234375,-0.015625,-0.0078125
256,1,1,company,project,opposite,complement_remove,attribute_6,ordinary,True,64,64,64,0.0,-0.015625,0.015625
256,1,1,company,project,opposite,complement_remove,attribute_6,old_exception,True,64,64,64,-0.046875,-0.015625,-0.03125
256,1,1,company,project,opposite,complement_remove,membership,all,True,128,128,128,-0.0234375,0.0,-0.0234375
256,1,1,company,project,opposite,complement_remove,membership,ordinary,True,64,64,64,0.0,0.0,0.0
256,1,1,company,project,opposite,complement_remove,membership,old_exception,True,64,64,64,-0.046875,0.0,-0.046875
256,1,1,company,project,opposite,complement_remove,other_chain_actual,all,True,128,128,128,-0.0234375,-0.2890625,0.265625
256,1,1,company,project,opposite,complement_remove,other_chain_actual,ordinary,True,64,64,64,0.0,-0.265625,0.265625
256,1,1,company,project,opposite,complement_remove,other_chain_actual,old_exception,True,64,64,64,-0.046875,-0.3125,0.265625
256,1,1,company,project,opposite,complement_remove,group_root,all,False,64,128,64,-0.0234375,0.0,-0.0234375
256,1,1,project,company,opposite,random_remove,actual,all,True,128,128,128,0.0,0.0,0.0
256,1,1,project,company,opposite,random_remove,actual,ordinary,True,64,64,64,0.0,0.0,0.0
256,1,1,project,company,opposite,random_remove,actual,old_exception,True,64,64,64,0.0,0.0,0.0
256,1,1,project,company,opposite,random_remove,other_chain_default,all,True,128,128,128,0.0,-0.0078125,0.0078125
256,1,1,project,company,opposite,random_remove,other_chain_default,ordinary,True,64,64,64,0.0,0.0,0.0
256,1,1,project,company,opposite,random_remove,other_chain_default,old_exception,True,64,64,64,0.0,-0.015625,0.015625
256,1,1,project,company,opposite,random_remove,attribute_3,all,True,128,128,128,0.0,0.0,0.0
256,1,1,project,company,opposite,random_remove,attribute_3,ordinary,True,64,64,64,0.0,0.0,0.0
256,1,1,project,company,opposite,random_remove,attribute_3,old_exception,True,64,64,64,0.0,0.0,0.0
256,1,1,project,company,opposite,random_remove,attribute_4,all,True,128,128,128,0.0,-0.0078125,0.0078125
256,1,1,project,company,opposite,random_remove,attribute_4,ordinary,True,64,64,64,0.0,-0.015625,0.015625
256,1,1,project,company,opposite,random_remove,attribute_4,old_exception,True,64,64,64,0.0,0.0,0.0
256,1,1,project,company,opposite,random_remove,attribute_5,all,True,128,128,128,0.0,-0.0078125,0.0078125
256,1,1,project,company,opposite,random_remove,attribute_5,ordinary,True,64,64,64,0.0,0.0,0.0
256,1,1,project,company,opposite,random_remove,attribute_5,old_exception,True,64,64,64,0.0,-0.015625,0.015625
256,1,1,project,company,opposite,random_remove,attribute_6,all,True,128,128,128,0.0,0.0,0.0
256,1,1,project,company,opposite,random_remove,attribute_6,ordinary,True,64,64,64,0.0,0.0,0.0
256,1,1,project,company,opposite,random_remove,attribute_6,old_exception,True,64,64,64,0.0,0.0,0.0
256,1,1,project,company,opposite,random_remove,membership,all,True,128,128,128,0.0,0.0,0.0
256,1,1,project,company,opposite,random_remove,membership,ordinary,True,64,64,64,0.0,0.0,0.0
256,1,1,project,company,opposite,random_remove,membership,old_exception,True,64,64,64,0.0,0.0,0.0
256,1,1,project,company,opposite,random_remove,other_chain_actual,all,True,128,128,128,0.0,-0.0546875,0.0546875
256,1,1,project,company,opposite,random_remove,other_chain_actual,ordinary,True,64,64,64,0.0,-0.03125,0.03125
256,1,1,project,company,opposite,random_remove,other_chain_actual,old_exception,True,64,64,64,0.0,-0.078125,0.078125
256,1,1,project,company,opposite,random_remove,group_root,all,False,64,128,64,0.0,0.0,0.0
256,1,1,project,company,opposite,complement_remove,actual,all,True,128,128,128,0.0,0.0,0.0
256,1,1,project,company,opposite,complement_remove,actual,ordinary,True,64,64,64,0.0,0.0,0.0
256,1,1,project,company,opposite,complement_remove,actual,old_exception,True,64,64,64,0.0,0.0,0.0
256,1,1,project,company,opposite,complement_remove,other_chain_default,all,True,128,128,128,0.0,-0.015625,0.015625
256,1,1,project,company,opposite,complement_remove,other_chain_default,ordinary,True,64,64,64,0.0,-0.015625,0.015625
256,1,1,project,company,opposite,complement_remove,other_chain_default,old_exception,True,64,64,64,0.0,-0.015625,0.015625
256,1,1,project,company,opposite,complement_remove,attribute_3,all,True,128,128,128,0.0,0.0,0.0
256,1,1,project,company,opposite,complement_remove,attribute_3,ordinary,True,64,64,64,0.0,0.0,0.0
256,1,1,project,company,opposite,complement_remove,attribute_3,old_exception,True,64,64,64,0.0,0.0,0.0
256,1,1,project,company,opposite,complement_remove,attribute_4,all,True,128,128,128,0.0,0.3359375,-0.3359375
256,1,1,project,company,opposite,complement_remove,attribute_4,ordinary,True,64,64,64,0.0,0.296875,-0.296875
256,1,1,project,company,opposite,complement_remove,attribute_4,old_exception,True,64,64,64,0.0,0.375,-0.375
256,1,1,project,company,opposite,complement_remove,attribute_5,all,True,128,128,128,0.0,0.0,0.0
256,1,1,project,company,opposite,complement_remove,attribute_5,ordinary,True,64,64,64,0.0,0.0,0.0
256,1,1,project,company,opposite,complement_remove,attribute_5,old_exception,True,64,64,64,0.0,0.0,0.0
256,1,1,project,company,opposite,complement_remove,attribute_6,all,True,128,128,128,0.0,0.0234375,-0.0234375
256,1,1,project,company,opposite,complement_remove,attribute_6,ordinary,True,64,64,64,0.0,0.046875,-0.046875
256,1,1,project,company,opposite,complement_remove,attribute_6,old_exception,True,64,64,64,0.0,0.0,0.0
256,1,1,project,company,opposite,complement_remove,membership,all,True,128,128,128,0.0,0.0,0.0
256,1,1,project,company,opposite,complement_remove,membership,ordinary,True,64,64,64,0.0,0.0,0.0
256,1,1,project,company,opposite,complement_remove,membership,old_exception,True,64,64,64,0.0,0.0,0.0
256,1,1,project,company,opposite,complement_remove,other_chain_actual,all,True,128,128,128,0.0,-0.0625,0.0625
256,1,1,project,company,opposite,complement_remove,other_chain_actual,ordinary,True,64,64,64,0.0,-0.046875,0.046875
256,1,1,project,company,opposite,complement_remove,other_chain_actual,old_exception,True,64,64,64,0.0,-0.078125,0.078125
256,1,1,project,company,opposite,complement_remove,group_root,all,False,64,128,64,0.0,0.0,0.0
256,1,1,project,project,aligned,random_remove,actual,all,True,128,128,128,-0.2421875,-0.0703125,-0.171875
256,1,1,project,project,aligned,random_remove,actual,ordinary,True,64,64,64,-0.203125,-0.125,-0.078125
256,1,1,project,project,aligned,random_remove,actual,old_exception,True,64,64,64,-0.28125,-0.015625,-0.265625
256,1,1,project,project,aligned,random_remove,other_chain_default,all,True,128,128,128,-0.2421875,0.0,-0.2421875
256,1,1,project,project,aligned,random_remove,other_chain_default,ordinary,True,64,64,64,-0.203125,0.0,-0.203125
256,1,1,project,project,aligned,random_remove,other_chain_default,old_exception,True,64,64,64,-0.28125,0.0,-0.28125
256,1,1,project,project,aligned,random_remove,attribute_3,all,True,128,128,128,-0.2421875,0.0,-0.2421875
256,1,1,project,project,aligned,random_remove,attribute_3,ordinary,True,64,64,64,-0.203125,0.0,-0.203125
256,1,1,project,project,aligned,random_remove,attribute_3,old_exception,True,64,64,64,-0.28125,0.0,-0.28125
256,1,1,project,project,aligned,random_remove,attribute_4,all,True,128,128,128,-0.2421875,-0.0859375,-0.15625
256,1,1,project,project,aligned,random_remove,attribute_4,ordinary,True,64,64,64,-0.203125,-0.078125,-0.125
256,1,1,project,project,aligned,random_remove,attribute_4,old_exception,True,64,64,64,-0.28125,-0.09375,-0.1875
256,1,1,project,project,aligned,random_remove,attribute_5,all,True,128,128,128,-0.2421875,-0.015625,-0.2265625
256,1,1,project,project,aligned,random_remove,attribute_5,ordinary,True,64,64,64,-0.203125,0.0,-0.203125
256,1,1,project,project,aligned,random_remove,attribute_5,old_exception,True,64,64,64,-0.28125,-0.03125,-0.25
256,1,1,project,project,aligned,random_remove,attribute_6,all,True,128,128,128,-0.2421875,0.0,-0.2421875
256,1,1,project,project,aligned,random_remove,attribute_6,ordinary,True,64,64,64,-0.203125,0.0,-0.203125
256,1,1,project,project,aligned,random_remove,attribute_6,old_exception,True,64,64,64,-0.28125,0.0,-0.28125
256,1,1,project,project,aligned,random_remove,membership,all,True,128,128,128,-0.2421875,-0.046875,-0.1953125
256,1,1,project,project,aligned,random_remove,membership,ordinary,True,64,64,64,-0.203125,-0.046875,-0.15625
256,1,1,project,project,aligned,random_remove,membership,old_exception,True,64,64,64,-0.28125,-0.046875,-0.234375
256,1,1,project,project,aligned,random_remove,other_chain_actual,all,True,128,128,128,-0.2421875,0.0,-0.2421875
256,1,1,project,project,aligned,random_remove,other_chain_actual,ordinary,True,64,64,64,-0.203125,0.0,-0.203125
256,1,1,project,project,aligned,random_remove,other_chain_actual,old_exception,True,64,64,64,-0.28125,0.0,-0.28125
256,1,1,project,project,aligned,random_remove,group_root,all,False,64,128,64,-0.2421875,0.0,-0.2421875
256,1,1,project,project,aligned,complement_remove,actual,all,True,128,128,128,-0.1796875,-0.078125,-0.1015625
256,1,1,project,project,aligned,complement_remove,actual,ordinary,True,64,64,64,-0.21875,-0.140625,-0.078125
256,1,1,project,project,aligned,complement_remove,actual,old_exception,True,64,64,64,-0.140625,-0.015625,-0.125
256,1,1,project,project,aligned,complement_remove,other_chain_default,all,True,128,128,128,-0.1796875,0.0,-0.1796875
256,1,1,project,project,aligned,complement_remove,other_chain_default,ordinary,True,64,64,64,-0.21875,0.0,-0.21875
256,1,1,project,project,aligned,complement_remove,other_chain_default,old_exception,True,64,64,64,-0.140625,0.0,-0.140625
256,1,1,project,project,aligned,complement_remove,attribute_3,all,True,128,128,128,-0.1796875,0.0,-0.1796875
256,1,1,project,project,aligned,complement_remove,attribute_3,ordinary,True,64,64,64,-0.21875,0.0,-0.21875
256,1,1,project,project,aligned,complement_remove,attribute_3,old_exception,True,64,64,64,-0.140625,0.0,-0.140625
256,1,1,project,project,aligned,complement_remove,attribute_4,all,True,128,128,128,-0.1796875,0.171875,-0.3515625
256,1,1,project,project,aligned,complement_remove,attribute_4,ordinary,True,64,64,64,-0.21875,0.1875,-0.40625
256,1,1,project,project,aligned,complement_remove,attribute_4,old_exception,True,64,64,64,-0.140625,0.15625,-0.296875
256,1,1,project,project,aligned,complement_remove,attribute_5,all,True,128,128,128,-0.1796875,-0.015625,-0.1640625
256,1,1,project,project,aligned,complement_remove,attribute_5,ordinary,True,64,64,64,-0.21875,0.0,-0.21875
256,1,1,project,project,aligned,complement_remove,attribute_5,old_exception,True,64,64,64,-0.140625,-0.03125,-0.109375
256,1,1,project,project,aligned,complement_remove,attribute_6,all,True,128,128,128,-0.1796875,0.0,-0.1796875
256,1,1,project,project,aligned,complement_remove,attribute_6,ordinary,True,64,64,64,-0.21875,0.0,-0.21875
256,1,1,project,project,aligned,complement_remove,attribute_6,old_exception,True,64,64,64,-0.140625,0.0,-0.140625
256,1,1,project,project,aligned,complement_remove,membership,all,True,128,128,128,-0.1796875,-0.0234375,-0.15625
256,1,1,project,project,aligned,complement_remove,membership,ordinary,True,64,64,64,-0.21875,-0.03125,-0.1875
256,1,1,project,project,aligned,complement_remove,membership,old_exception,True,64,64,64,-0.140625,-0.015625,-0.125
256,1,1,project,project,aligned,complement_remove,other_chain_actual,all,True,128,128,128,-0.1796875,0.015625,-0.1953125
256,1,1,project,project,aligned,complement_remove,other_chain_actual,ordinary,True,64,64,64,-0.21875,0.0,-0.21875
256,1,1,project,project,aligned,complement_remove,other_chain_actual,old_exception,True,64,64,64,-0.140625,0.03125,-0.171875
256,1,1,project,project,aligned,complement_remove,group_root,all,False,64,128,64,-0.1796875,0.0,-0.1796875
256,1,1,neither,company,neither,random_remove,actual,all,True,128,128,128,-0.03125,-0.234375,0.203125
256,1,1,neither,company,neither,random_remove,actual,ordinary,True,64,64,64,-0.078125,-0.328125,0.25
256,1,1,neither,company,neither,random_remove,actual,old_exception,True,64,64,64,0.015625,-0.140625,0.15625
256,1,1,neither,company,neither,random_remove,other_chain_default,all,True,128,128,128,-0.03125,0.0,-0.03125
256,1,1,neither,company,neither,random_remove,other_chain_default,ordinary,True,64,64,64,-0.078125,0.0,-0.078125
256,1,1,neither,company,neither,random_remove,other_chain_default,old_exception,True,64,64,64,0.015625,0.0,0.015625
256,1,1,neither,company,neither,random_remove,attribute_3,all,True,128,128,128,-0.03125,0.0,-0.03125
256,1,1,neither,company,neither,random_remove,attribute_3,ordinary,True,64,64,64,-0.078125,0.0,-0.078125
256,1,1,neither,company,neither,random_remove,attribute_3,old_exception,True,64,64,64,0.015625,0.0,0.015625
256,1,1,neither,company,neither,random_remove,attribute_4,all,True,128,128,128,-0.03125,-0.0078125,-0.0234375
256,1,1,neither,company,neither,random_remove,attribute_4,ordinary,True,64,64,64,-0.078125,-0.03125,-0.046875
256,1,1,neither,company,neither,random_remove,attribute_4,old_exception,True,64,64,64,0.015625,0.015625,0.0
256,1,1,neither,company,neither,random_remove,attribute_5,all,True,128,128,128,-0.03125,-0.0078125,-0.0234375
256,1,1,neither,company,neither,random_remove,attribute_5,ordinary,True,64,64,64,-0.078125,0.0,-0.078125
256,1,1,neither,company,neither,random_remove,attribute_5,old_exception,True,64,64,64,0.015625,-0.015625,0.03125
256,1,1,neither,company,neither,random_remove,attribute_6,all,True,128,128,128,-0.03125,-0.015625,-0.015625
256,1,1,neither,company,neither,random_remove,attribute_6,ordinary,True,64,64,64,-0.078125,-0.03125,-0.046875
256,1,1,neither,company,neither,random_remove,attribute_6,old_exception,True,64,64,64,0.015625,0.0,0.015625
256,1,1,neither,company,neither,random_remove,membership,all,True,128,128,128,-0.03125,-0.6953125,0.6640625
256,1,1,neither,company,neither,random_remove,membership,ordinary,True,64,64,64,-0.078125,-0.796875,0.71875
256,1,1,neither,company,neither,random_remove,membership,old_exception,True,64,64,64,0.015625,-0.59375,0.609375
256,1,1,neither,company,neither,random_remove,other_chain_actual,all,True,128,128,128,-0.03125,-0.0078125,-0.0234375
256,1,1,neither,company,neither,random_remove,other_chain_actual,ordinary,True,64,64,64,-0.078125,-0.015625,-0.0625
256,1,1,neither,company,neither,random_remove,other_chain_actual,old_exception,True,64,64,64,0.015625,0.0,0.015625
256,1,1,neither,company,neither,random_remove,group_root,all,False,64,128,64,-0.03125,0.0,-0.03125
256,1,1,neither,company,neither,complement_remove,actual,all,True,128,128,128,-0.0390625,-0.234375,0.1953125
256,1,1,neither,company,neither,complement_remove,actual,ordinary,True,64,64,64,-0.078125,-0.328125,0.25
256,1,1,neither,company,neither,complement_remove,actual,old_exception,True,64,64,64,0.0,-0.140625,0.140625
256,1,1,neither,company,neither,complement_remove,other_chain_default,all,True,128,128,128,-0.0390625,0.015625,-0.0546875
256,1,1,neither,company,neither,complement_remove,other_chain_default,ordinary,True,64,64,64,-0.078125,0.015625,-0.09375
256,1,1,neither,company,neither,complement_remove,other_chain_default,old_exception,True,64,64,64,0.0,0.015625,-0.015625
256,1,1,neither,company,neither,complement_remove,attribute_3,all,True,128,128,128,-0.0390625,0.0,-0.0390625
256,1,1,neither,company,neither,complement_remove,attribute_3,ordinary,True,64,64,64,-0.078125,0.0,-0.078125
256,1,1,neither,company,neither,complement_remove,attribute_3,old_exception,True,64,64,64,0.0,0.0,0.0
256,1,1,neither,company,neither,complement_remove,attribute_4,all,True,128,128,128,-0.0390625,-0.0078125,-0.03125
256,1,1,neither,company,neither,complement_remove,attribute_4,ordinary,True,64,64,64,-0.078125,-0.015625,-0.0625
256,1,1,neither,company,neither,complement_remove,attribute_4,old_exception,True,64,64,64,0.0,0.0,0.0
256,1,1,neither,company,neither,complement_remove,attribute_5,all,True,128,128,128,-0.0390625,0.0,-0.0390625
256,1,1,neither,company,neither,complement_remove,attribute_5,ordinary,True,64,64,64,-0.078125,0.015625,-0.09375
256,1,1,neither,company,neither,complement_remove,attribute_5,old_exception,True,64,64,64,0.0,-0.015625,0.015625
256,1,1,neither,company,neither,complement_remove,attribute_6,all,True,128,128,128,-0.0390625,-0.015625,-0.0234375
256,1,1,neither,company,neither,complement_remove,attribute_6,ordinary,True,64,64,64,-0.078125,-0.03125,-0.046875
256,1,1,neither,company,neither,complement_remove,attribute_6,old_exception,True,64,64,64,0.0,0.0,0.0
256,1,1,neither,company,neither,complement_remove,membership,all,True,128,128,128,-0.0390625,-0.703125,0.6640625
256,1,1,neither,company,neither,complement_remove,membership,ordinary,True,64,64,64,-0.078125,-0.8125,0.734375
256,1,1,neither,company,neither,complement_remove,membership,old_exception,True,64,64,64,0.0,-0.59375,0.59375
256,1,1,neither,company,neither,complement_remove,other_chain_actual,all,True,128,128,128,-0.0390625,0.046875,-0.0859375
256,1,1,neither,company,neither,complement_remove,other_chain_actual,ordinary,True,64,64,64,-0.078125,0.015625,-0.09375
256,1,1,neither,company,neither,complement_remove,other_chain_actual,old_exception,True,64,64,64,0.0,0.078125,-0.078125
256,1,1,neither,company,neither,complement_remove,group_root,all,False,64,128,64,-0.0390625,0.0,-0.0390625
256,1,1,neither,project,neither,random_remove,actual,all,True,128,128,128,-0.0234375,-0.0078125,-0.015625
256,1,1,neither,project,neither,random_remove,actual,ordinary,True,64,64,64,0.0,0.0,0.0
256,1,1,neither,project,neither,random_remove,actual,old_exception,True,64,64,64,-0.046875,-0.015625,-0.03125
256,1,1,neither,project,neither,random_remove,other_chain_default,all,True,128,128,128,-0.0234375,-0.015625,-0.0078125
256,1,1,neither,project,neither,random_remove,other_chain_default,ordinary,True,64,64,64,0.0,-0.015625,0.015625
256,1,1,neither,project,neither,random_remove,other_chain_default,old_exception,True,64,64,64,-0.046875,-0.015625,-0.03125
256,1,1,neither,project,neither,random_remove,attribute_3,all,True,128,128,128,-0.0234375,0.0,-0.0234375
256,1,1,neither,project,neither,random_remove,attribute_3,ordinary,True,64,64,64,0.0,0.0,0.0
256,1,1,neither,project,neither,random_remove,attribute_3,old_exception,True,64,64,64,-0.046875,0.0,-0.046875
256,1,1,neither,project,neither,random_remove,attribute_4,all,True,128,128,128,-0.0234375,-0.0234375,0.0
256,1,1,neither,project,neither,random_remove,attribute_4,ordinary,True,64,64,64,0.0,-0.03125,0.03125
256,1,1,neither,project,neither,random_remove,attribute_4,old_exception,True,64,64,64,-0.046875,-0.015625,-0.03125
256,1,1,neither,project,neither,random_remove,attribute_5,all,True,128,128,128,-0.0234375,-0.0234375,0.0
256,1,1,neither,project,neither,random_remove,attribute_5,ordinary,True,64,64,64,0.0,-0.015625,0.015625
256,1,1,neither,project,neither,random_remove,attribute_5,old_exception,True,64,64,64,-0.046875,-0.03125,-0.015625
256,1,1,neither,project,neither,random_remove,attribute_6,all,True,128,128,128,-0.0234375,-0.0078125,-0.015625
256,1,1,neither,project,neither,random_remove,attribute_6,ordinary,True,64,64,64,0.0,0.0,0.0
256,1,1,neither,project,neither,random_remove,attribute_6,old_exception,True,64,64,64,-0.046875,-0.015625,-0.03125
256,1,1,neither,project,neither,random_remove,membership,all,True,128,128,128,-0.0234375,-0.0078125,-0.015625
256,1,1,neither,project,neither,random_remove,membership,ordinary,True,64,64,64,0.0,0.0,0.0
256,1,1,neither,project,neither,random_remove,membership,old_exception,True,64,64,64,-0.046875,-0.015625,-0.03125
256,1,1,neither,project,neither,random_remove,other_chain_actual,all,True,128,128,128,-0.0234375,-0.1796875,0.15625
256,1,1,neither,project,neither,random_remove,other_chain_actual,ordinary,True,64,64,64,0.0,-0.140625,0.140625
256,1,1,neither,project,neither,random_remove,other_chain_actual,old_exception,True,64,64,64,-0.046875,-0.21875,0.171875
256,1,1,neither,project,neither,random_remove,group_root,all,False,64,128,64,-0.0234375,0.0,-0.0234375
256,1,1,neither,project,neither,complement_remove,actual,all,True,128,128,128,-0.015625,0.0,-0.015625
256,1,1,neither,project,neither,complement_remove,actual,ordinary,True,64,64,64,0.0,0.0,0.0
256,1,1,neither,project,neither,complement_remove,actual,old_exception,True,64,64,64,-0.03125,0.0,-0.03125
256,1,1,neither,project,neither,complement_remove,other_chain_default,all,True,128,128,128,-0.015625,-0.0078125,-0.0078125
256,1,1,neither,project,neither,complement_remove,other_chain_default,ordinary,True,64,64,64,0.0,0.0,0.0
256,1,1,neither,project,neither,complement_remove,other_chain_default,old_exception,True,64,64,64,-0.03125,-0.015625,-0.015625
256,1,1,neither,project,neither,complement_remove,attribute_3,all,True,128,128,128,-0.015625,0.0,-0.015625
256,1,1,neither,project,neither,complement_remove,attribute_3,ordinary,True,64,64,64,0.0,0.0,0.0
256,1,1,neither,project,neither,complement_remove,attribute_3,old_exception,True,64,64,64,-0.03125,0.0,-0.03125
256,1,1,neither,project,neither,complement_remove,attribute_4,all,True,128,128,128,-0.015625,-0.015625,0.0
256,1,1,neither,project,neither,complement_remove,attribute_4,ordinary,True,64,64,64,0.0,-0.03125,0.03125
256,1,1,neither,project,neither,complement_remove,attribute_4,old_exception,True,64,64,64,-0.03125,0.0,-0.03125
256,1,1,neither,project,neither,complement_remove,attribute_5,all,True,128,128,128,-0.015625,-0.015625,0.0
256,1,1,neither,project,neither,complement_remove,attribute_5,ordinary,True,64,64,64,0.0,0.0,0.0
256,1,1,neither,project,neither,complement_remove,attribute_5,old_exception,True,64,64,64,-0.03125,-0.03125,0.0
256,1,1,neither,project,neither,complement_remove,attribute_6,all,True,128,128,128,-0.015625,-0.0078125,-0.0078125
256,1,1,neither,project,neither,complement_remove,attribute_6,ordinary,True,64,64,64,0.0,0.0,0.0
256,1,1,neither,project,neither,complement_remove,attribute_6,old_exception,True,64,64,64,-0.03125,-0.015625,-0.015625
256,1,1,neither,project,neither,complement_remove,membership,all,True,128,128,128,-0.015625,-0.0078125,-0.0078125
256,1,1,neither,project,neither,complement_remove,membership,ordinary,True,64,64,64,0.0,0.0,0.0
256,1,1,neither,project,neither,complement_remove,membership,old_exception,True,64,64,64,-0.03125,-0.015625,-0.015625
256,1,1,neither,project,neither,complement_remove,other_chain_actual,all,True,128,128,128,-0.015625,-0.1640625,0.1484375
256,1,1,neither,project,neither,complement_remove,other_chain_actual,ordinary,True,64,64,64,0.0,-0.140625,0.140625
256,1,1,neither,project,neither,complement_remove,other_chain_actual,old_exception,True,64,64,64,-0.03125,-0.1875,0.15625
256,1,1,neither,project,neither,complement_remove,group_root,all,False,64,128,64,-0.015625,0.0,-0.015625
768,0,0,company,company,aligned,random_remove,actual,all,True,128,128,128,0.0,0.0,0.0
768,0,0,company,company,aligned,random_remove,actual,ordinary,True,64,64,64,0.0,0.0,0.0
768,0,0,company,company,aligned,random_remove,actual,old_exception,True,64,64,64,0.0,0.0,0.0
768,0,0,company,company,aligned,random_remove,other_chain_default,all,True,128,128,128,0.0,0.0,0.0
768,0,0,company,company,aligned,random_remove,other_chain_default,ordinary,True,64,64,64,0.0,0.0,0.0
768,0,0,company,company,aligned,random_remove,other_chain_default,old_exception,True,64,64,64,0.0,0.0,0.0
768,0,0,company,company,aligned,random_remove,attribute_3,all,True,128,128,128,0.0,0.0,0.0
768,0,0,company,company,aligned,random_remove,attribute_3,ordinary,True,64,64,64,0.0,0.0,0.0
768,0,0,company,company,aligned,random_remove,attribute_3,old_exception,True,64,64,64,0.0,0.0,0.0
768,0,0,company,company,aligned,random_remove,attribute_4,all,True,128,128,128,0.0,0.0,0.0
768,0,0,company,company,aligned,random_remove,attribute_4,ordinary,True,64,64,64,0.0,0.0,0.0
768,0,0,company,company,aligned,random_remove,attribute_4,old_exception,True,64,64,64,0.0,0.0,0.0
768,0,0,company,company,aligned,random_remove,attribute_5,all,True,128,128,128,0.0,0.0,0.0
768,0,0,company,company,aligned,random_remove,attribute_5,ordinary,True,64,64,64,0.0,0.0,0.0
768,0,0,company,company,aligned,random_remove,attribute_5,old_exception,True,64,64,64,0.0,0.0,0.0
768,0,0,company,company,aligned,random_remove,attribute_6,all,True,128,128,128,0.0,0.0,0.0
768,0,0,company,company,aligned,random_remove,attribute_6,ordinary,True,64,64,64,0.0,0.0,0.0
768,0,0,company,company,aligned,random_remove,attribute_6,old_exception,True,64,64,64,0.0,0.0,0.0
768,0,0,company,company,aligned,random_remove,membership,all,True,128,128,128,0.0,0.0,0.0
768,0,0,company,company,aligned,random_remove,membership,ordinary,True,64,64,64,0.0,0.0,0.0
768,0,0,company,company,aligned,random_remove,membership,old_exception,True,64,64,64,0.0,0.0,0.0
768,0,0,company,company,aligned,random_remove,other_chain_actual,all,True,128,128,128,0.0,0.0,0.0
768,0,0,company,company,aligned,random_remove,other_chain_actual,ordinary,True,64,64,64,0.0,0.0,0.0
768,0,0,company,company,aligned,random_remove,other_chain_actual,old_exception,True,64,64,64,0.0,0.0,0.0
768,0,0,company,company,aligned,random_remove,group_root,all,False,64,128,64,0.0,0.0,0.0
768,0,0,company,company,aligned,complement_remove,actual,all,True,128,128,128,0.0,0.0,0.0
768,0,0,company,company,aligned,complement_remove,actual,ordinary,True,64,64,64,0.0,0.0,0.0
768,0,0,company,company,aligned,complement_remove,actual,old_exception,True,64,64,64,0.0,0.0,0.0
768,0,0,company,company,aligned,complement_remove,other_chain_default,all,True,128,128,128,0.0,0.0,0.0
768,0,0,company,company,aligned,complement_remove,other_chain_default,ordinary,True,64,64,64,0.0,0.0,0.0
768,0,0,company,company,aligned,complement_remove,other_chain_default,old_exception,True,64,64,64,0.0,0.0,0.0
768,0,0,company,company,aligned,complement_remove,attribute_3,all,True,128,128,128,0.0,0.0,0.0
768,0,0,company,company,aligned,complement_remove,attribute_3,ordinary,True,64,64,64,0.0,0.0,0.0
768,0,0,company,company,aligned,complement_remove,attribute_3,old_exception,True,64,64,64,0.0,0.0,0.0
768,0,0,company,company,aligned,complement_remove,attribute_4,all,True,128,128,128,0.0,0.0,0.0
768,0,0,company,company,aligned,complement_remove,attribute_4,ordinary,True,64,64,64,0.0,0.0,0.0
768,0,0,company,company,aligned,complement_remove,attribute_4,old_exception,True,64,64,64,0.0,0.0,0.0
768,0,0,company,company,aligned,complement_remove,attribute_5,all,True,128,128,128,0.0,0.0,0.0
768,0,0,company,company,aligned,complement_remove,attribute_5,ordinary,True,64,64,64,0.0,0.0,0.0
768,0,0,company,company,aligned,complement_remove,attribute_5,old_exception,True,64,64,64,0.0,0.0,0.0
768,0,0,company,company,aligned,complement_remove,attribute_6,all,True,128,128,128,0.0,0.0,0.0
768,0,0,company,company,aligned,complement_remove,attribute_6,ordinary,True,64,64,64,0.0,0.0,0.0
768,0,0,company,company,aligned,complement_remove,attribute_6,old_exception,True,64,64,64,0.0,0.0,0.0
768,0,0,company,company,aligned,complement_remove,membership,all,True,128,128,128,0.0,0.0,0.0
768,0,0,company,company,aligned,complement_remove,membership,ordinary,True,64,64,64,0.0,0.0,0.0
768,0,0,company,company,aligned,complement_remove,membership,old_exception,True,64,64,64,0.0,0.0,0.0
768,0,0,company,company,aligned,complement_remove,other_chain_actual,all,True,128,128,128,0.0,0.0,0.0
768,0,0,company,company,aligned,complement_remove,other_chain_actual,ordinary,True,64,64,64,0.0,0.0,0.0
768,0,0,company,company,aligned,complement_remove,other_chain_actual,old_exception,True,64,64,64,0.0,0.0,0.0
768,0,0,company,company,aligned,complement_remove,group_root,all,False,64,128,64,0.0,0.0,0.0
768,0,0,company,project,opposite,random_remove,actual,all,True,128,128,128,0.0,0.0,0.0
768,0,0,company,project,opposite,random_remove,actual,ordinary,True,64,64,64,0.0,0.0,0.0
768,0,0,company,project,opposite,random_remove,actual,old_exception,True,64,64,64,0.0,0.0,0.0
768,0,0,company,project,opposite,random_remove,other_chain_default,all,True,128,128,128,0.0,0.0078125,-0.0078125
768,0,0,company,project,opposite,random_remove,other_chain_default,ordinary,True,64,64,64,0.0,0.0,0.0
768,0,0,company,project,opposite,random_remove,other_chain_default,old_exception,True,64,64,64,0.0,0.015625,-0.015625
768,0,0,company,project,opposite,random_remove,attribute_3,all,True,128,128,128,0.0,0.0,0.0
768,0,0,company,project,opposite,random_remove,attribute_3,ordinary,True,64,64,64,0.0,0.0,0.0
768,0,0,company,project,opposite,random_remove,attribute_3,old_exception,True,64,64,64,0.0,0.0,0.0
768,0,0,company,project,opposite,random_remove,attribute_4,all,True,128,128,128,0.0,0.0,0.0
768,0,0,company,project,opposite,random_remove,attribute_4,ordinary,True,64,64,64,0.0,0.0,0.0
768,0,0,company,project,opposite,random_remove,attribute_4,old_exception,True,64,64,64,0.0,0.0,0.0
768,0,0,company,project,opposite,random_remove,attribute_5,all,True,128,128,128,0.0,0.0,0.0
768,0,0,company,project,opposite,random_remove,attribute_5,ordinary,True,64,64,64,0.0,0.0,0.0
768,0,0,company,project,opposite,random_remove,attribute_5,old_exception,True,64,64,64,0.0,0.0,0.0
768,0,0,company,project,opposite,random_remove,attribute_6,all,True,128,128,128,0.0,0.0,0.0
768,0,0,company,project,opposite,random_remove,attribute_6,ordinary,True,64,64,64,0.0,0.0,0.0
768,0,0,company,project,opposite,random_remove,attribute_6,old_exception,True,64,64,64,0.0,0.0,0.0
768,0,0,company,project,opposite,random_remove,membership,all,True,128,128,128,0.0,0.0,0.0
768,0,0,company,project,opposite,random_remove,membership,ordinary,True,64,64,64,0.0,0.0,0.0
768,0,0,company,project,opposite,random_remove,membership,old_exception,True,64,64,64,0.0,0.0,0.0
768,0,0,company,project,opposite,random_remove,other_chain_actual,all,True,128,128,128,0.0,0.0,0.0
768,0,0,company,project,opposite,random_remove,other_chain_actual,ordinary,True,64,64,64,0.0,0.0,0.0
768,0,0,company,project,opposite,random_remove,other_chain_actual,old_exception,True,64,64,64,0.0,0.0,0.0
768,0,0,company,project,opposite,random_remove,group_root,all,False,64,128,64,0.0,0.0,0.0
768,0,0,company,project,opposite,complement_remove,actual,all,True,128,128,128,0.0,0.0,0.0
768,0,0,company,project,opposite,complement_remove,actual,ordinary,True,64,64,64,0.0,0.0,0.0
768,0,0,company,project,opposite,complement_remove,actual,old_exception,True,64,64,64,0.0,0.0,0.0
768,0,0,company,project,opposite,complement_remove,other_chain_default,all,True,128,128,128,0.0,0.0078125,-0.0078125
768,0,0,company,project,opposite,complement_remove,other_chain_default,ordinary,True,64,64,64,0.0,0.0,0.0
768,0,0,company,project,opposite,complement_remove,other_chain_default,old_exception,True,64,64,64,0.0,0.015625,-0.015625
768,0,0,company,project,opposite,complement_remove,attribute_3,all,True,128,128,128,0.0,0.0,0.0
768,0,0,company,project,opposite,complement_remove,attribute_3,ordinary,True,64,64,64,0.0,0.0,0.0
768,0,0,company,project,opposite,complement_remove,attribute_3,old_exception,True,64,64,64,0.0,0.0,0.0
768,0,0,company,project,opposite,complement_remove,attribute_4,all,True,128,128,128,0.0,0.0,0.0
768,0,0,company,project,opposite,complement_remove,attribute_4,ordinary,True,64,64,64,0.0,0.0,0.0
768,0,0,company,project,opposite,complement_remove,attribute_4,old_exception,True,64,64,64,0.0,0.0,0.0
768,0,0,company,project,opposite,complement_remove,attribute_5,all,True,128,128,128,0.0,0.0,0.0
768,0,0,company,project,opposite,complement_remove,attribute_5,ordinary,True,64,64,64,0.0,0.0,0.0
768,0,0,company,project,opposite,complement_remove,attribute_5,old_exception,True,64,64,64,0.0,0.0,0.0
768,0,0,company,project,opposite,complement_remove,attribute_6,all,True,128,128,128,0.0,0.0,0.0
768,0,0,company,project,opposite,complement_remove,attribute_6,ordinary,True,64,64,64,0.0,0.0,0.0
768,0,0,company,project,opposite,complement_remove,attribute_6,old_exception,True,64,64,64,0.0,0.0,0.0
768,0,0,company,project,opposite,complement_remove,membership,all,True,128,128,128,0.0,0.0,0.0
768,0,0,company,project,opposite,complement_remove,membership,ordinary,True,64,64,64,0.0,0.0,0.0
768,0,0,company,project,opposite,complement_remove,membership,old_exception,True,64,64,64,0.0,0.0,0.0
768,0,0,company,project,opposite,complement_remove,other_chain_actual,all,True,128,128,128,0.0,0.0,0.0
768,0,0,company,project,opposite,complement_remove,other_chain_actual,ordinary,True,64,64,64,0.0,0.0,0.0
768,0,0,company,project,opposite,complement_remove,other_chain_actual,old_exception,True,64,64,64,0.0,0.0,0.0
768,0,0,company,project,opposite,complement_remove,group_root,all,False,64,128,64,0.0,0.0,0.0
768,0,0,project,company,opposite,random_remove,actual,all,True,128,128,128,0.0078125,0.0,0.0078125
768,0,0,project,company,opposite,random_remove,actual,ordinary,True,64,64,64,0.0,0.0,0.0
768,0,0,project,company,opposite,random_remove,actual,old_exception,True,64,64,64,0.015625,0.0,0.015625
768,0,0,project,company,opposite,random_remove,other_chain_default,all,True,128,128,128,0.0078125,0.0,0.0078125
768,0,0,project,company,opposite,random_remove,other_chain_default,ordinary,True,64,64,64,0.0,0.0,0.0
768,0,0,project,company,opposite,random_remove,other_chain_default,old_exception,True,64,64,64,0.015625,0.0,0.015625
768,0,0,project,company,opposite,random_remove,attribute_3,all,True,128,128,128,0.0078125,0.0,0.0078125
768,0,0,project,company,opposite,random_remove,attribute_3,ordinary,True,64,64,64,0.0,0.0,0.0
768,0,0,project,company,opposite,random_remove,attribute_3,old_exception,True,64,64,64,0.015625,0.0,0.015625
768,0,0,project,company,opposite,random_remove,attribute_4,all,True,128,128,128,0.0078125,0.0,0.0078125
768,0,0,project,company,opposite,random_remove,attribute_4,ordinary,True,64,64,64,0.0,0.0,0.0
768,0,0,project,company,opposite,random_remove,attribute_4,old_exception,True,64,64,64,0.015625,0.0,0.015625
768,0,0,project,company,opposite,random_remove,attribute_5,all,True,128,128,128,0.0078125,0.0,0.0078125
768,0,0,project,company,opposite,random_remove,attribute_5,ordinary,True,64,64,64,0.0,0.0,0.0
768,0,0,project,company,opposite,random_remove,attribute_5,old_exception,True,64,64,64,0.015625,0.0,0.015625
768,0,0,project,company,opposite,random_remove,attribute_6,all,True,128,128,128,0.0078125,0.0,0.0078125
768,0,0,project,company,opposite,random_remove,attribute_6,ordinary,True,64,64,64,0.0,0.0,0.0
768,0,0,project,company,opposite,random_remove,attribute_6,old_exception,True,64,64,64,0.015625,0.0,0.015625
768,0,0,project,company,opposite,random_remove,membership,all,True,128,128,128,0.0078125,0.0,0.0078125
768,0,0,project,company,opposite,random_remove,membership,ordinary,True,64,64,64,0.0,0.0,0.0
768,0,0,project,company,opposite,random_remove,membership,old_exception,True,64,64,64,0.015625,0.0,0.015625
768,0,0,project,company,opposite,random_remove,other_chain_actual,all,True,128,128,128,0.0078125,0.0,0.0078125
768,0,0,project,company,opposite,random_remove,other_chain_actual,ordinary,True,64,64,64,0.0,0.0,0.0
768,0,0,project,company,opposite,random_remove,other_chain_actual,old_exception,True,64,64,64,0.015625,0.0,0.015625
768,0,0,project,company,opposite,random_remove,group_root,all,False,64,128,64,0.0078125,0.0,0.0078125
768,0,0,project,company,opposite,complement_remove,actual,all,True,128,128,128,0.0078125,0.0,0.0078125
768,0,0,project,company,opposite,complement_remove,actual,ordinary,True,64,64,64,0.0,0.0,0.0
768,0,0,project,company,opposite,complement_remove,actual,old_exception,True,64,64,64,0.015625,0.0,0.015625
768,0,0,project,company,opposite,complement_remove,other_chain_default,all,True,128,128,128,0.0078125,0.0,0.0078125
768,0,0,project,company,opposite,complement_remove,other_chain_default,ordinary,True,64,64,64,0.0,0.0,0.0
768,0,0,project,company,opposite,complement_remove,other_chain_default,old_exception,True,64,64,64,0.015625,0.0,0.015625
768,0,0,project,company,opposite,complement_remove,attribute_3,all,True,128,128,128,0.0078125,0.0,0.0078125
768,0,0,project,company,opposite,complement_remove,attribute_3,ordinary,True,64,64,64,0.0,0.0,0.0
768,0,0,project,company,opposite,complement_remove,attribute_3,old_exception,True,64,64,64,0.015625,0.0,0.015625
768,0,0,project,company,opposite,complement_remove,attribute_4,all,True,128,128,128,0.0078125,0.0,0.0078125
768,0,0,project,company,opposite,complement_remove,attribute_4,ordinary,True,64,64,64,0.0,0.0,0.0
768,0,0,project,company,opposite,complement_remove,attribute_4,old_exception,True,64,64,64,0.015625,0.0,0.015625
768,0,0,project,company,opposite,complement_remove,attribute_5,all,True,128,128,128,0.0078125,0.0,0.0078125
768,0,0,project,company,opposite,complement_remove,attribute_5,ordinary,True,64,64,64,0.0,0.0,0.0
768,0,0,project,company,opposite,complement_remove,attribute_5,old_exception,True,64,64,64,0.015625,0.0,0.015625
768,0,0,project,company,opposite,complement_remove,attribute_6,all,True,128,128,128,0.0078125,0.0,0.0078125
768,0,0,project,company,opposite,complement_remove,attribute_6,ordinary,True,64,64,64,0.0,0.0,0.0
768,0,0,project,company,opposite,complement_remove,attribute_6,old_exception,True,64,64,64,0.015625,0.0,0.015625
768,0,0,project,company,opposite,complement_remove,membership,all,True,128,128,128,0.0078125,0.0,0.0078125
768,0,0,project,company,opposite,complement_remove,membership,ordinary,True,64,64,64,0.0,0.0,0.0
768,0,0,project,company,opposite,complement_remove,membership,old_exception,True,64,64,64,0.015625,0.0,0.015625
768,0,0,project,company,opposite,complement_remove,other_chain_actual,all,True,128,128,128,0.0078125,0.0,0.0078125
768,0,0,project,company,opposite,complement_remove,other_chain_actual,ordinary,True,64,64,64,0.0,0.0,0.0
768,0,0,project,company,opposite,complement_remove,other_chain_actual,old_exception,True,64,64,64,0.015625,0.0,0.015625
768,0,0,project,company,opposite,complement_remove,group_root,all,False,64,128,64,0.0078125,0.0,0.0078125
768,0,0,project,project,aligned,random_remove,actual,all,True,128,128,128,0.0,0.0,0.0
768,0,0,project,project,aligned,random_remove,actual,ordinary,True,64,64,64,0.0,0.0,0.0
768,0,0,project,project,aligned,random_remove,actual,old_exception,True,64,64,64,0.0,0.0,0.0
768,0,0,project,project,aligned,random_remove,other_chain_default,all,True,128,128,128,0.0,0.0,0.0
768,0,0,project,project,aligned,random_remove,other_chain_default,ordinary,True,64,64,64,0.0,0.0,0.0
768,0,0,project,project,aligned,random_remove,other_chain_default,old_exception,True,64,64,64,0.0,0.0,0.0
768,0,0,project,project,aligned,random_remove,attribute_3,all,True,128,128,128,0.0,0.0,0.0
768,0,0,project,project,aligned,random_remove,attribute_3,ordinary,True,64,64,64,0.0,0.0,0.0
768,0,0,project,project,aligned,random_remove,attribute_3,old_exception,True,64,64,64,0.0,0.0,0.0
768,0,0,project,project,aligned,random_remove,attribute_4,all,True,128,128,128,0.0,0.0,0.0
768,0,0,project,project,aligned,random_remove,attribute_4,ordinary,True,64,64,64,0.0,0.0,0.0
768,0,0,project,project,aligned,random_remove,attribute_4,old_exception,True,64,64,64,0.0,0.0,0.0
768,0,0,project,project,aligned,random_remove,attribute_5,all,True,128,128,128,0.0,0.0,0.0
768,0,0,project,project,aligned,random_remove,attribute_5,ordinary,True,64,64,64,0.0,0.0,0.0
768,0,0,project,project,aligned,random_remove,attribute_5,old_exception,True,64,64,64,0.0,0.0,0.0
768,0,0,project,project,aligned,random_remove,attribute_6,all,True,128,128,128,0.0,0.0,0.0
768,0,0,project,project,aligned,random_remove,attribute_6,ordinary,True,64,64,64,0.0,0.0,0.0
768,0,0,project,project,aligned,random_remove,attribute_6,old_exception,True,64,64,64,0.0,0.0,0.0
768,0,0,project,project,aligned,random_remove,membership,all,True,128,128,128,0.0,0.0,0.0
768,0,0,project,project,aligned,random_remove,membership,ordinary,True,64,64,64,0.0,0.0,0.0
768,0,0,project,project,aligned,random_remove,membership,old_exception,True,64,64,64,0.0,0.0,0.0
768,0,0,project,project,aligned,random_remove,other_chain_actual,all,True,128,128,128,0.0,0.0,0.0
768,0,0,project,project,aligned,random_remove,other_chain_actual,ordinary,True,64,64,64,0.0,0.0,0.0
768,0,0,project,project,aligned,random_remove,other_chain_actual,old_exception,True,64,64,64,0.0,0.0,0.0
768,0,0,project,project,aligned,random_remove,group_root,all,False,64,128,64,0.0,0.0,0.0
768,0,0,project,project,aligned,complement_remove,actual,all,True,128,128,128,0.0078125,0.0,0.0078125
768,0,0,project,project,aligned,complement_remove,actual,ordinary,True,64,64,64,0.0,0.0,0.0
768,0,0,project,project,aligned,complement_remove,actual,old_exception,True,64,64,64,0.015625,0.0,0.015625
768,0,0,project,project,aligned,complement_remove,other_chain_default,all,True,128,128,128,0.0078125,0.0,0.0078125
768,0,0,project,project,aligned,complement_remove,other_chain_default,ordinary,True,64,64,64,0.0,0.0,0.0
768,0,0,project,project,aligned,complement_remove,other_chain_default,old_exception,True,64,64,64,0.015625,0.0,0.015625
768,0,0,project,project,aligned,complement_remove,attribute_3,all,True,128,128,128,0.0078125,0.0,0.0078125
768,0,0,project,project,aligned,complement_remove,attribute_3,ordinary,True,64,64,64,0.0,0.0,0.0
768,0,0,project,project,aligned,complement_remove,attribute_3,old_exception,True,64,64,64,0.015625,0.0,0.015625
768,0,0,project,project,aligned,complement_remove,attribute_4,all,True,128,128,128,0.0078125,0.0,0.0078125
768,0,0,project,project,aligned,complement_remove,attribute_4,ordinary,True,64,64,64,0.0,0.0,0.0
768,0,0,project,project,aligned,complement_remove,attribute_4,old_exception,True,64,64,64,0.015625,0.0,0.015625
768,0,0,project,project,aligned,complement_remove,attribute_5,all,True,128,128,128,0.0078125,0.0,0.0078125
768,0,0,project,project,aligned,complement_remove,attribute_5,ordinary,True,64,64,64,0.0,0.0,0.0
768,0,0,project,project,aligned,complement_remove,attribute_5,old_exception,True,64,64,64,0.015625,0.0,0.015625
768,0,0,project,project,aligned,complement_remove,attribute_6,all,True,128,128,128,0.0078125,0.0,0.0078125
768,0,0,project,project,aligned,complement_remove,attribute_6,ordinary,True,64,64,64,0.0,0.0,0.0
768,0,0,project,project,aligned,complement_remove,attribute_6,old_exception,True,64,64,64,0.015625,0.0,0.015625
768,0,0,project,project,aligned,complement_remove,membership,all,True,128,128,128,0.0078125,0.0,0.0078125
768,0,0,project,project,aligned,complement_remove,membership,ordinary,True,64,64,64,0.0,0.0,0.0
768,0,0,project,project,aligned,complement_remove,membership,old_exception,True,64,64,64,0.015625,0.0,0.015625
768,0,0,project,project,aligned,complement_remove,other_chain_actual,all,True,128,128,128,0.0078125,0.0,0.0078125
768,0,0,project,project,aligned,complement_remove,other_chain_actual,ordinary,True,64,64,64,0.0,0.0,0.0
768,0,0,project,project,aligned,complement_remove,other_chain_actual,old_exception,True,64,64,64,0.015625,0.0,0.015625
768,0,0,project,project,aligned,complement_remove,group_root,all,False,64,128,64,0.0078125,0.0,0.0078125
768,0,0,neither,company,neither,random_remove,actual,all,True,128,128,128,-0.0078125,0.0,-0.0078125
768,0,0,neither,company,neither,random_remove,actual,ordinary,True,64,64,64,0.0,0.0,0.0
768,0,0,neither,company,neither,random_remove,actual,old_exception,True,64,64,64,-0.015625,0.0,-0.015625
768,0,0,neither,company,neither,random_remove,other_chain_default,all,True,128,128,128,-0.0078125,0.0,-0.0078125
768,0,0,neither,company,neither,random_remove,other_chain_default,ordinary,True,64,64,64,0.0,0.0,0.0
768,0,0,neither,company,neither,random_remove,other_chain_default,old_exception,True,64,64,64,-0.015625,0.0,-0.015625
768,0,0,neither,company,neither,random_remove,attribute_3,all,True,128,128,128,-0.0078125,0.0,-0.0078125
768,0,0,neither,company,neither,random_remove,attribute_3,ordinary,True,64,64,64,0.0,0.0,0.0
768,0,0,neither,company,neither,random_remove,attribute_3,old_exception,True,64,64,64,-0.015625,0.0,-0.015625
768,0,0,neither,company,neither,random_remove,attribute_4,all,True,128,128,128,-0.0078125,0.0,-0.0078125
768,0,0,neither,company,neither,random_remove,attribute_4,ordinary,True,64,64,64,0.0,0.0,0.0
768,0,0,neither,company,neither,random_remove,attribute_4,old_exception,True,64,64,64,-0.015625,0.0,-0.015625
768,0,0,neither,company,neither,random_remove,attribute_5,all,True,128,128,128,-0.0078125,0.0,-0.0078125
768,0,0,neither,company,neither,random_remove,attribute_5,ordinary,True,64,64,64,0.0,0.0,0.0
768,0,0,neither,company,neither,random_remove,attribute_5,old_exception,True,64,64,64,-0.015625,0.0,-0.015625
768,0,0,neither,company,neither,random_remove,attribute_6,all,True,128,128,128,-0.0078125,0.0,-0.0078125
768,0,0,neither,company,neither,random_remove,attribute_6,ordinary,True,64,64,64,0.0,0.0,0.0
768,0,0,neither,company,neither,random_remove,attribute_6,old_exception,True,64,64,64,-0.015625,0.0,-0.015625
768,0,0,neither,company,neither,random_remove,membership,all,True,128,128,128,-0.0078125,0.0,-0.0078125
768,0,0,neither,company,neither,random_remove,membership,ordinary,True,64,64,64,0.0,0.0,0.0
768,0,0,neither,company,neither,random_remove,membership,old_exception,True,64,64,64,-0.015625,0.0,-0.015625
768,0,0,neither,company,neither,random_remove,other_chain_actual,all,True,128,128,128,-0.0078125,0.0,-0.0078125
768,0,0,neither,company,neither,random_remove,other_chain_actual,ordinary,True,64,64,64,0.0,0.0,0.0
768,0,0,neither,company,neither,random_remove,other_chain_actual,old_exception,True,64,64,64,-0.015625,0.0,-0.015625
768,0,0,neither,company,neither,random_remove,group_root,all,False,64,128,64,-0.0078125,0.0,-0.0078125
768,0,0,neither,company,neither,complement_remove,actual,all,True,128,128,128,-0.0078125,0.0,-0.0078125
768,0,0,neither,company,neither,complement_remove,actual,ordinary,True,64,64,64,0.0,0.0,0.0
768,0,0,neither,company,neither,complement_remove,actual,old_exception,True,64,64,64,-0.015625,0.0,-0.015625
768,0,0,neither,company,neither,complement_remove,other_chain_default,all,True,128,128,128,-0.0078125,0.0,-0.0078125
768,0,0,neither,company,neither,complement_remove,other_chain_default,ordinary,True,64,64,64,0.0,0.0,0.0
768,0,0,neither,company,neither,complement_remove,other_chain_default,old_exception,True,64,64,64,-0.015625,0.0,-0.015625
768,0,0,neither,company,neither,complement_remove,attribute_3,all,True,128,128,128,-0.0078125,0.0,-0.0078125
768,0,0,neither,company,neither,complement_remove,attribute_3,ordinary,True,64,64,64,0.0,0.0,0.0
768,0,0,neither,company,neither,complement_remove,attribute_3,old_exception,True,64,64,64,-0.015625,0.0,-0.015625
768,0,0,neither,company,neither,complement_remove,attribute_4,all,True,128,128,128,-0.0078125,0.0,-0.0078125
768,0,0,neither,company,neither,complement_remove,attribute_4,ordinary,True,64,64,64,0.0,0.0,0.0
768,0,0,neither,company,neither,complement_remove,attribute_4,old_exception,True,64,64,64,-0.015625,0.0,-0.015625
768,0,0,neither,company,neither,complement_remove,attribute_5,all,True,128,128,128,-0.0078125,0.0,-0.0078125
768,0,0,neither,company,neither,complement_remove,attribute_5,ordinary,True,64,64,64,0.0,0.0,0.0
768,0,0,neither,company,neither,complement_remove,attribute_5,old_exception,True,64,64,64,-0.015625,0.0,-0.015625
768,0,0,neither,company,neither,complement_remove,attribute_6,all,True,128,128,128,-0.0078125,0.0,-0.0078125
768,0,0,neither,company,neither,complement_remove,attribute_6,ordinary,True,64,64,64,0.0,0.0,0.0
768,0,0,neither,company,neither,complement_remove,attribute_6,old_exception,True,64,64,64,-0.015625,0.0,-0.015625
768,0,0,neither,company,neither,complement_remove,membership,all,True,128,128,128,-0.0078125,0.0,-0.0078125
768,0,0,neither,company,neither,complement_remove,membership,ordinary,True,64,64,64,0.0,0.0,0.0
768,0,0,neither,company,neither,complement_remove,membership,old_exception,True,64,64,64,-0.015625,0.0,-0.015625
768,0,0,neither,company,neither,complement_remove,other_chain_actual,all,True,128,128,128,-0.0078125,0.0,-0.0078125
768,0,0,neither,company,neither,complement_remove,other_chain_actual,ordinary,True,64,64,64,0.0,0.0,0.0
768,0,0,neither,company,neither,complement_remove,other_chain_actual,old_exception,True,64,64,64,-0.015625,0.0,-0.015625
768,0,0,neither,company,neither,complement_remove,group_root,all,False,64,128,64,-0.0078125,0.0,-0.0078125
768,0,0,neither,project,neither,random_remove,actual,all,True,128,128,128,-0.0078125,0.0,-0.0078125
768,0,0,neither,project,neither,random_remove,actual,ordinary,True,64,64,64,0.0,0.0,0.0
768,0,0,neither,project,neither,random_remove,actual,old_exception,True,64,64,64,-0.015625,0.0,-0.015625
768,0,0,neither,project,neither,random_remove,other_chain_default,all,True,128,128,128,-0.0078125,0.0,-0.0078125
768,0,0,neither,project,neither,random_remove,other_chain_default,ordinary,True,64,64,64,0.0,0.0,0.0
768,0,0,neither,project,neither,random_remove,other_chain_default,old_exception,True,64,64,64,-0.015625,0.0,-0.015625
768,0,0,neither,project,neither,random_remove,attribute_3,all,True,128,128,128,-0.0078125,0.0,-0.0078125
768,0,0,neither,project,neither,random_remove,attribute_3,ordinary,True,64,64,64,0.0,0.0,0.0
768,0,0,neither,project,neither,random_remove,attribute_3,old_exception,True,64,64,64,-0.015625,0.0,-0.015625
768,0,0,neither,project,neither,random_remove,attribute_4,all,True,128,128,128,-0.0078125,0.0,-0.0078125
768,0,0,neither,project,neither,random_remove,attribute_4,ordinary,True,64,64,64,0.0,0.0,0.0
768,0,0,neither,project,neither,random_remove,attribute_4,old_exception,True,64,64,64,-0.015625,0.0,-0.015625
768,0,0,neither,project,neither,random_remove,attribute_5,all,True,128,128,128,-0.0078125,0.0,-0.0078125
768,0,0,neither,project,neither,random_remove,attribute_5,ordinary,True,64,64,64,0.0,0.0,0.0
768,0,0,neither,project,neither,random_remove,attribute_5,old_exception,True,64,64,64,-0.015625,0.0,-0.015625
768,0,0,neither,project,neither,random_remove,attribute_6,all,True,128,128,128,-0.0078125,0.0,-0.0078125
768,0,0,neither,project,neither,random_remove,attribute_6,ordinary,True,64,64,64,0.0,0.0,0.0
768,0,0,neither,project,neither,random_remove,attribute_6,old_exception,True,64,64,64,-0.015625,0.0,-0.015625
768,0,0,neither,project,neither,random_remove,membership,all,True,128,128,128,-0.0078125,0.0,-0.0078125
768,0,0,neither,project,neither,random_remove,membership,ordinary,True,64,64,64,0.0,0.0,0.0
768,0,0,neither,project,neither,random_remove,membership,old_exception,True,64,64,64,-0.015625,0.0,-0.015625
768,0,0,neither,project,neither,random_remove,other_chain_actual,all,True,128,128,128,-0.0078125,0.0,-0.0078125
768,0,0,neither,project,neither,random_remove,other_chain_actual,ordinary,True,64,64,64,0.0,0.0,0.0
768,0,0,neither,project,neither,random_remove,other_chain_actual,old_exception,True,64,64,64,-0.015625,0.0,-0.015625
768,0,0,neither,project,neither,random_remove,group_root,all,False,64,128,64,-0.0078125,0.0,-0.0078125
768,0,0,neither,project,neither,complement_remove,actual,all,True,128,128,128,-0.0078125,0.0,-0.0078125
768,0,0,neither,project,neither,complement_remove,actual,ordinary,True,64,64,64,0.0,0.0,0.0
768,0,0,neither,project,neither,complement_remove,actual,old_exception,True,64,64,64,-0.015625,0.0,-0.015625
768,0,0,neither,project,neither,complement_remove,other_chain_default,all,True,128,128,128,-0.0078125,0.0,-0.0078125
768,0,0,neither,project,neither,complement_remove,other_chain_default,ordinary,True,64,64,64,0.0,0.0,0.0
768,0,0,neither,project,neither,complement_remove,other_chain_default,old_exception,True,64,64,64,-0.015625,0.0,-0.015625
768,0,0,neither,project,neither,complement_remove,attribute_3,all,True,128,128,128,-0.0078125,0.0,-0.0078125
768,0,0,neither,project,neither,complement_remove,attribute_3,ordinary,True,64,64,64,0.0,0.0,0.0
768,0,0,neither,project,neither,complement_remove,attribute_3,old_exception,True,64,64,64,-0.015625,0.0,-0.015625
768,0,0,neither,project,neither,complement_remove,attribute_4,all,True,128,128,128,-0.0078125,0.0,-0.0078125
768,0,0,neither,project,neither,complement_remove,attribute_4,ordinary,True,64,64,64,0.0,0.0,0.0
768,0,0,neither,project,neither,complement_remove,attribute_4,old_exception,True,64,64,64,-0.015625,0.0,-0.015625
768,0,0,neither,project,neither,complement_remove,attribute_5,all,True,128,128,128,-0.0078125,0.0,-0.0078125
768,0,0,neither,project,neither,complement_remove,attribute_5,ordinary,True,64,64,64,0.0,0.0,0.0
768,0,0,neither,project,neither,complement_remove,attribute_5,old_exception,True,64,64,64,-0.015625,0.0,-0.015625
768,0,0,neither,project,neither,complement_remove,attribute_6,all,True,128,128,128,-0.0078125,0.0,-0.0078125
768,0,0,neither,project,neither,complement_remove,attribute_6,ordinary,True,64,64,64,0.0,0.0,0.0
768,0,0,neither,project,neither,complement_remove,attribute_6,old_exception,True,64,64,64,-0.015625,0.0,-0.015625
768,0,0,neither,project,neither,complement_remove,membership,all,True,128,128,128,-0.0078125,0.0,-0.0078125
768,0,0,neither,project,neither,complement_remove,membership,ordinary,True,64,64,64,0.0,0.0,0.0
768,0,0,neither,project,neither,complement_remove,membership,old_exception,True,64,64,64,-0.015625,0.0,-0.015625
768,0,0,neither,project,neither,complement_remove,other_chain_actual,all,True,128,128,128,-0.0078125,0.0,-0.0078125
768,0,0,neither,project,neither,complement_remove,other_chain_actual,ordinary,True,64,64,64,0.0,0.0,0.0
768,0,0,neither,project,neither,complement_remove,other_chain_actual,old_exception,True,64,64,64,-0.015625,0.0,-0.015625
768,0,0,neither,project,neither,complement_remove,group_root,all,False,64,128,64,-0.0078125,0.0,-0.0078125
768,0,1,company,company,aligned,random_remove,actual,all,True,128,128,128,0.0,0.0,0.0
768,0,1,company,company,aligned,random_remove,actual,ordinary,True,64,64,64,0.0,0.0,0.0
768,0,1,company,company,aligned,random_remove,actual,old_exception,True,64,64,64,0.0,0.0,0.0
768,0,1,company,company,aligned,random_remove,other_chain_default,all,True,128,128,128,0.0,0.0,0.0
768,0,1,company,company,aligned,random_remove,other_chain_default,ordinary,True,64,64,64,0.0,0.0,0.0
768,0,1,company,company,aligned,random_remove,other_chain_default,old_exception,True,64,64,64,0.0,0.0,0.0
768,0,1,company,company,aligned,random_remove,attribute_3,all,True,128,128,128,0.0,0.0,0.0
768,0,1,company,company,aligned,random_remove,attribute_3,ordinary,True,64,64,64,0.0,0.0,0.0
768,0,1,company,company,aligned,random_remove,attribute_3,old_exception,True,64,64,64,0.0,0.0,0.0
768,0,1,company,company,aligned,random_remove,attribute_4,all,True,128,128,128,0.0,0.0,0.0
768,0,1,company,company,aligned,random_remove,attribute_4,ordinary,True,64,64,64,0.0,0.0,0.0
768,0,1,company,company,aligned,random_remove,attribute_4,old_exception,True,64,64,64,0.0,0.0,0.0
768,0,1,company,company,aligned,random_remove,attribute_5,all,True,128,128,128,0.0,-0.0078125,0.0078125
768,0,1,company,company,aligned,random_remove,attribute_5,ordinary,True,64,64,64,0.0,-0.015625,0.015625
768,0,1,company,company,aligned,random_remove,attribute_5,old_exception,True,64,64,64,0.0,0.0,0.0
768,0,1,company,company,aligned,random_remove,attribute_6,all,True,128,128,128,0.0,0.0,0.0
768,0,1,company,company,aligned,random_remove,attribute_6,ordinary,True,64,64,64,0.0,0.0,0.0
768,0,1,company,company,aligned,random_remove,attribute_6,old_exception,True,64,64,64,0.0,0.0,0.0
768,0,1,company,company,aligned,random_remove,membership,all,True,128,128,128,0.0,0.0,0.0
768,0,1,company,company,aligned,random_remove,membership,ordinary,True,64,64,64,0.0,0.0,0.0
768,0,1,company,company,aligned,random_remove,membership,old_exception,True,64,64,64,0.0,0.0,0.0
768,0,1,company,company,aligned,random_remove,other_chain_actual,all,True,128,128,128,0.0,0.0,0.0
768,0,1,company,company,aligned,random_remove,other_chain_actual,ordinary,True,64,64,64,0.0,0.0,0.0
768,0,1,company,company,aligned,random_remove,other_chain_actual,old_exception,True,64,64,64,0.0,0.0,0.0
768,0,1,company,company,aligned,random_remove,group_root,all,False,64,128,64,0.0,0.0,0.0
768,0,1,company,company,aligned,complement_remove,actual,all,True,128,128,128,0.0,0.0,0.0
768,0,1,company,company,aligned,complement_remove,actual,ordinary,True,64,64,64,0.0,0.0,0.0
768,0,1,company,company,aligned,complement_remove,actual,old_exception,True,64,64,64,0.0,0.0,0.0
768,0,1,company,company,aligned,complement_remove,other_chain_default,all,True,128,128,128,0.0,0.0,0.0
768,0,1,company,company,aligned,complement_remove,other_chain_default,ordinary,True,64,64,64,0.0,0.0,0.0
768,0,1,company,company,aligned,complement_remove,other_chain_default,old_exception,True,64,64,64,0.0,0.0,0.0
768,0,1,company,company,aligned,complement_remove,attribute_3,all,True,128,128,128,0.0,0.0,0.0
768,0,1,company,company,aligned,complement_remove,attribute_3,ordinary,True,64,64,64,0.0,0.0,0.0
768,0,1,company,company,aligned,complement_remove,attribute_3,old_exception,True,64,64,64,0.0,0.0,0.0
768,0,1,company,company,aligned,complement_remove,attribute_4,all,True,128,128,128,0.0,0.0,0.0
768,0,1,company,company,aligned,complement_remove,attribute_4,ordinary,True,64,64,64,0.0,0.0,0.0
768,0,1,company,company,aligned,complement_remove,attribute_4,old_exception,True,64,64,64,0.0,0.0,0.0
768,0,1,company,company,aligned,complement_remove,attribute_5,all,True,128,128,128,0.0,-0.0078125,0.0078125
768,0,1,company,company,aligned,complement_remove,attribute_5,ordinary,True,64,64,64,0.0,-0.015625,0.015625
768,0,1,company,company,aligned,complement_remove,attribute_5,old_exception,True,64,64,64,0.0,0.0,0.0
768,0,1,company,company,aligned,complement_remove,attribute_6,all,True,128,128,128,0.0,0.0,0.0
768,0,1,company,company,aligned,complement_remove,attribute_6,ordinary,True,64,64,64,0.0,0.0,0.0
768,0,1,company,company,aligned,complement_remove,attribute_6,old_exception,True,64,64,64,0.0,0.0,0.0
768,0,1,company,company,aligned,complement_remove,membership,all,True,128,128,128,0.0,0.0,0.0
768,0,1,company,company,aligned,complement_remove,membership,ordinary,True,64,64,64,0.0,0.0,0.0
768,0,1,company,company,aligned,complement_remove,membership,old_exception,True,64,64,64,0.0,0.0,0.0
768,0,1,company,company,aligned,complement_remove,other_chain_actual,all,True,128,128,128,0.0,0.0,0.0
768,0,1,company,company,aligned,complement_remove,other_chain_actual,ordinary,True,64,64,64,0.0,0.0,0.0
768,0,1,company,company,aligned,complement_remove,other_chain_actual,old_exception,True,64,64,64,0.0,0.0,0.0
768,0,1,company,company,aligned,complement_remove,group_root,all,False,64,128,64,0.0,0.0,0.0
768,0,1,company,project,opposite,random_remove,actual,all,True,128,128,128,0.0,0.0,0.0
768,0,1,company,project,opposite,random_remove,actual,ordinary,True,64,64,64,0.0,0.0,0.0
768,0,1,company,project,opposite,random_remove,actual,old_exception,True,64,64,64,0.0,0.0,0.0
768,0,1,company,project,opposite,random_remove,other_chain_default,all,True,128,128,128,0.0,0.0,0.0
768,0,1,company,project,opposite,random_remove,other_chain_default,ordinary,True,64,64,64,0.0,0.0,0.0
768,0,1,company,project,opposite,random_remove,other_chain_default,old_exception,True,64,64,64,0.0,0.0,0.0
768,0,1,company,project,opposite,random_remove,attribute_3,all,True,128,128,128,0.0,0.0,0.0
768,0,1,company,project,opposite,random_remove,attribute_3,ordinary,True,64,64,64,0.0,0.0,0.0
768,0,1,company,project,opposite,random_remove,attribute_3,old_exception,True,64,64,64,0.0,0.0,0.0
768,0,1,company,project,opposite,random_remove,attribute_4,all,True,128,128,128,0.0,0.0,0.0
768,0,1,company,project,opposite,random_remove,attribute_4,ordinary,True,64,64,64,0.0,0.0,0.0
768,0,1,company,project,opposite,random_remove,attribute_4,old_exception,True,64,64,64,0.0,0.0,0.0
768,0,1,company,project,opposite,random_remove,attribute_5,all,True,128,128,128,0.0,0.0,0.0
768,0,1,company,project,opposite,random_remove,attribute_5,ordinary,True,64,64,64,0.0,0.0,0.0
768,0,1,company,project,opposite,random_remove,attribute_5,old_exception,True,64,64,64,0.0,0.0,0.0
768,0,1,company,project,opposite,random_remove,attribute_6,all,True,128,128,128,0.0,0.0,0.0
768,0,1,company,project,opposite,random_remove,attribute_6,ordinary,True,64,64,64,0.0,0.0,0.0
768,0,1,company,project,opposite,random_remove,attribute_6,old_exception,True,64,64,64,0.0,0.0,0.0
768,0,1,company,project,opposite,random_remove,membership,all,True,128,128,128,0.0,0.0,0.0
768,0,1,company,project,opposite,random_remove,membership,ordinary,True,64,64,64,0.0,0.0,0.0
768,0,1,company,project,opposite,random_remove,membership,old_exception,True,64,64,64,0.0,0.0,0.0
768,0,1,company,project,opposite,random_remove,other_chain_actual,all,True,128,128,128,0.0,0.0,0.0
768,0,1,company,project,opposite,random_remove,other_chain_actual,ordinary,True,64,64,64,0.0,0.0,0.0
768,0,1,company,project,opposite,random_remove,other_chain_actual,old_exception,True,64,64,64,0.0,0.0,0.0
768,0,1,company,project,opposite,random_remove,group_root,all,False,64,128,64,0.0,0.0,0.0
768,0,1,company,project,opposite,complement_remove,actual,all,True,128,128,128,0.0,0.0,0.0
768,0,1,company,project,opposite,complement_remove,actual,ordinary,True,64,64,64,0.0,0.0,0.0
768,0,1,company,project,opposite,complement_remove,actual,old_exception,True,64,64,64,0.0,0.0,0.0
768,0,1,company,project,opposite,complement_remove,other_chain_default,all,True,128,128,128,0.0,0.0,0.0
768,0,1,company,project,opposite,complement_remove,other_chain_default,ordinary,True,64,64,64,0.0,0.0,0.0
768,0,1,company,project,opposite,complement_remove,other_chain_default,old_exception,True,64,64,64,0.0,0.0,0.0
768,0,1,company,project,opposite,complement_remove,attribute_3,all,True,128,128,128,0.0,0.0,0.0
768,0,1,company,project,opposite,complement_remove,attribute_3,ordinary,True,64,64,64,0.0,0.0,0.0
768,0,1,company,project,opposite,complement_remove,attribute_3,old_exception,True,64,64,64,0.0,0.0,0.0
768,0,1,company,project,opposite,complement_remove,attribute_4,all,True,128,128,128,0.0,0.0,0.0
768,0,1,company,project,opposite,complement_remove,attribute_4,ordinary,True,64,64,64,0.0,0.0,0.0
768,0,1,company,project,opposite,complement_remove,attribute_4,old_exception,True,64,64,64,0.0,0.0,0.0
768,0,1,company,project,opposite,complement_remove,attribute_5,all,True,128,128,128,0.0,0.0,0.0
768,0,1,company,project,opposite,complement_remove,attribute_5,ordinary,True,64,64,64,0.0,0.0,0.0
768,0,1,company,project,opposite,complement_remove,attribute_5,old_exception,True,64,64,64,0.0,0.0,0.0
768,0,1,company,project,opposite,complement_remove,attribute_6,all,True,128,128,128,0.0,0.0,0.0
768,0,1,company,project,opposite,complement_remove,attribute_6,ordinary,True,64,64,64,0.0,0.0,0.0
768,0,1,company,project,opposite,complement_remove,attribute_6,old_exception,True,64,64,64,0.0,0.0,0.0
768,0,1,company,project,opposite,complement_remove,membership,all,True,128,128,128,0.0,0.0,0.0
768,0,1,company,project,opposite,complement_remove,membership,ordinary,True,64,64,64,0.0,0.0,0.0
768,0,1,company,project,opposite,complement_remove,membership,old_exception,True,64,64,64,0.0,0.0,0.0
768,0,1,company,project,opposite,complement_remove,other_chain_actual,all,True,128,128,128,0.0,0.0,0.0
768,0,1,company,project,opposite,complement_remove,other_chain_actual,ordinary,True,64,64,64,0.0,0.0,0.0
768,0,1,company,project,opposite,complement_remove,other_chain_actual,old_exception,True,64,64,64,0.0,0.0,0.0
768,0,1,company,project,opposite,complement_remove,group_root,all,False,64,128,64,0.0,0.0,0.0
768,0,1,project,company,opposite,random_remove,actual,all,True,128,128,128,-0.015625,0.0,-0.015625
768,0,1,project,company,opposite,random_remove,actual,ordinary,True,64,64,64,0.0,0.0,0.0
768,0,1,project,company,opposite,random_remove,actual,old_exception,True,64,64,64,-0.03125,0.0,-0.03125
768,0,1,project,company,opposite,random_remove,other_chain_default,all,True,128,128,128,-0.015625,0.0,-0.015625
768,0,1,project,company,opposite,random_remove,other_chain_default,ordinary,True,64,64,64,0.0,0.0,0.0
768,0,1,project,company,opposite,random_remove,other_chain_default,old_exception,True,64,64,64,-0.03125,0.0,-0.03125
768,0,1,project,company,opposite,random_remove,attribute_3,all,True,128,128,128,-0.015625,0.0,-0.015625
768,0,1,project,company,opposite,random_remove,attribute_3,ordinary,True,64,64,64,0.0,0.0,0.0
768,0,1,project,company,opposite,random_remove,attribute_3,old_exception,True,64,64,64,-0.03125,0.0,-0.03125
768,0,1,project,company,opposite,random_remove,attribute_4,all,True,128,128,128,-0.015625,0.0,-0.015625
768,0,1,project,company,opposite,random_remove,attribute_4,ordinary,True,64,64,64,0.0,0.0,0.0
768,0,1,project,company,opposite,random_remove,attribute_4,old_exception,True,64,64,64,-0.03125,0.0,-0.03125
768,0,1,project,company,opposite,random_remove,attribute_5,all,True,128,128,128,-0.015625,0.0,-0.015625
768,0,1,project,company,opposite,random_remove,attribute_5,ordinary,True,64,64,64,0.0,0.0,0.0
768,0,1,project,company,opposite,random_remove,attribute_5,old_exception,True,64,64,64,-0.03125,0.0,-0.03125
768,0,1,project,company,opposite,random_remove,attribute_6,all,True,128,128,128,-0.015625,0.0,-0.015625
768,0,1,project,company,opposite,random_remove,attribute_6,ordinary,True,64,64,64,0.0,0.0,0.0
768,0,1,project,company,opposite,random_remove,attribute_6,old_exception,True,64,64,64,-0.03125,0.0,-0.03125
768,0,1,project,company,opposite,random_remove,membership,all,True,128,128,128,-0.015625,0.0,-0.015625
768,0,1,project,company,opposite,random_remove,membership,ordinary,True,64,64,64,0.0,0.0,0.0
768,0,1,project,company,opposite,random_remove,membership,old_exception,True,64,64,64,-0.03125,0.0,-0.03125
768,0,1,project,company,opposite,random_remove,other_chain_actual,all,True,128,128,128,-0.015625,0.0,-0.015625
768,0,1,project,company,opposite,random_remove,other_chain_actual,ordinary,True,64,64,64,0.0,0.0,0.0
768,0,1,project,company,opposite,random_remove,other_chain_actual,old_exception,True,64,64,64,-0.03125,0.0,-0.03125
768,0,1,project,company,opposite,random_remove,group_root,all,False,64,128,64,-0.015625,0.0,-0.015625
768,0,1,project,company,opposite,complement_remove,actual,all,True,128,128,128,-0.015625,0.0,-0.015625
768,0,1,project,company,opposite,complement_remove,actual,ordinary,True,64,64,64,0.0,0.0,0.0
768,0,1,project,company,opposite,complement_remove,actual,old_exception,True,64,64,64,-0.03125,0.0,-0.03125
768,0,1,project,company,opposite,complement_remove,other_chain_default,all,True,128,128,128,-0.015625,0.0,-0.015625
768,0,1,project,company,opposite,complement_remove,other_chain_default,ordinary,True,64,64,64,0.0,0.0,0.0
768,0,1,project,company,opposite,complement_remove,other_chain_default,old_exception,True,64,64,64,-0.03125,0.0,-0.03125
768,0,1,project,company,opposite,complement_remove,attribute_3,all,True,128,128,128,-0.015625,0.0,-0.015625
768,0,1,project,company,opposite,complement_remove,attribute_3,ordinary,True,64,64,64,0.0,0.0,0.0
768,0,1,project,company,opposite,complement_remove,attribute_3,old_exception,True,64,64,64,-0.03125,0.0,-0.03125
768,0,1,project,company,opposite,complement_remove,attribute_4,all,True,128,128,128,-0.015625,0.0,-0.015625
768,0,1,project,company,opposite,complement_remove,attribute_4,ordinary,True,64,64,64,0.0,0.0,0.0
768,0,1,project,company,opposite,complement_remove,attribute_4,old_exception,True,64,64,64,-0.03125,0.0,-0.03125
768,0,1,project,company,opposite,complement_remove,attribute_5,all,True,128,128,128,-0.015625,0.0,-0.015625
768,0,1,project,company,opposite,complement_remove,attribute_5,ordinary,True,64,64,64,0.0,0.0,0.0
768,0,1,project,company,opposite,complement_remove,attribute_5,old_exception,True,64,64,64,-0.03125,0.0,-0.03125
768,0,1,project,company,opposite,complement_remove,attribute_6,all,True,128,128,128,-0.015625,0.0,-0.015625
768,0,1,project,company,opposite,complement_remove,attribute_6,ordinary,True,64,64,64,0.0,0.0,0.0
768,0,1,project,company,opposite,complement_remove,attribute_6,old_exception,True,64,64,64,-0.03125,0.0,-0.03125
768,0,1,project,company,opposite,complement_remove,membership,all,True,128,128,128,-0.015625,0.0,-0.015625
768,0,1,project,company,opposite,complement_remove,membership,ordinary,True,64,64,64,0.0,0.0,0.0
768,0,1,project,company,opposite,complement_remove,membership,old_exception,True,64,64,64,-0.03125,0.0,-0.03125
768,0,1,project,company,opposite,complement_remove,other_chain_actual,all,True,128,128,128,-0.015625,0.0,-0.015625
768,0,1,project,company,opposite,complement_remove,other_chain_actual,ordinary,True,64,64,64,0.0,0.0,0.0
768,0,1,project,company,opposite,complement_remove,other_chain_actual,old_exception,True,64,64,64,-0.03125,0.0,-0.03125
768,0,1,project,company,opposite,complement_remove,group_root,all,False,64,128,64,-0.015625,0.0,-0.015625
768,0,1,project,project,aligned,random_remove,actual,all,True,128,128,128,-0.015625,0.0,-0.015625
768,0,1,project,project,aligned,random_remove,actual,ordinary,True,64,64,64,0.0,0.0,0.0
768,0,1,project,project,aligned,random_remove,actual,old_exception,True,64,64,64,-0.03125,0.0,-0.03125
768,0,1,project,project,aligned,random_remove,other_chain_default,all,True,128,128,128,-0.015625,0.0,-0.015625
768,0,1,project,project,aligned,random_remove,other_chain_default,ordinary,True,64,64,64,0.0,0.0,0.0
768,0,1,project,project,aligned,random_remove,other_chain_default,old_exception,True,64,64,64,-0.03125,0.0,-0.03125
768,0,1,project,project,aligned,random_remove,attribute_3,all,True,128,128,128,-0.015625,0.0,-0.015625
768,0,1,project,project,aligned,random_remove,attribute_3,ordinary,True,64,64,64,0.0,0.0,0.0
768,0,1,project,project,aligned,random_remove,attribute_3,old_exception,True,64,64,64,-0.03125,0.0,-0.03125
768,0,1,project,project,aligned,random_remove,attribute_4,all,True,128,128,128,-0.015625,0.0,-0.015625
768,0,1,project,project,aligned,random_remove,attribute_4,ordinary,True,64,64,64,0.0,0.0,0.0
768,0,1,project,project,aligned,random_remove,attribute_4,old_exception,True,64,64,64,-0.03125,0.0,-0.03125
768,0,1,project,project,aligned,random_remove,attribute_5,all,True,128,128,128,-0.015625,0.0078125,-0.0234375
768,0,1,project,project,aligned,random_remove,attribute_5,ordinary,True,64,64,64,0.0,0.0,0.0
768,0,1,project,project,aligned,random_remove,attribute_5,old_exception,True,64,64,64,-0.03125,0.015625,-0.046875
768,0,1,project,project,aligned,random_remove,attribute_6,all,True,128,128,128,-0.015625,0.0,-0.015625
768,0,1,project,project,aligned,random_remove,attribute_6,ordinary,True,64,64,64,0.0,0.0,0.0
768,0,1,project,project,aligned,random_remove,attribute_6,old_exception,True,64,64,64,-0.03125,0.0,-0.03125
768,0,1,project,project,aligned,random_remove,membership,all,True,128,128,128,-0.015625,0.0,-0.015625
768,0,1,project,project,aligned,random_remove,membership,ordinary,True,64,64,64,0.0,0.0,0.0
768,0,1,project,project,aligned,random_remove,membership,old_exception,True,64,64,64,-0.03125,0.0,-0.03125
768,0,1,project,project,aligned,random_remove,other_chain_actual,all,True,128,128,128,-0.015625,0.0,-0.015625
768,0,1,project,project,aligned,random_remove,other_chain_actual,ordinary,True,64,64,64,0.0,0.0,0.0
768,0,1,project,project,aligned,random_remove,other_chain_actual,old_exception,True,64,64,64,-0.03125,0.0,-0.03125
768,0,1,project,project,aligned,random_remove,group_root,all,False,64,128,64,-0.015625,0.0,-0.015625
768,0,1,project,project,aligned,complement_remove,actual,all,True,128,128,128,-0.0078125,0.0,-0.0078125
768,0,1,project,project,aligned,complement_remove,actual,ordinary,True,64,64,64,0.0,0.0,0.0
768,0,1,project,project,aligned,complement_remove,actual,old_exception,True,64,64,64,-0.015625,0.0,-0.015625
768,0,1,project,project,aligned,complement_remove,other_chain_default,all,True,128,128,128,-0.0078125,0.0,-0.0078125
768,0,1,project,project,aligned,complement_remove,other_chain_default,ordinary,True,64,64,64,0.0,0.0,0.0
768,0,1,project,project,aligned,complement_remove,other_chain_default,old_exception,True,64,64,64,-0.015625,0.0,-0.015625
768,0,1,project,project,aligned,complement_remove,attribute_3,all,True,128,128,128,-0.0078125,0.0,-0.0078125
768,0,1,project,project,aligned,complement_remove,attribute_3,ordinary,True,64,64,64,0.0,0.0,0.0
768,0,1,project,project,aligned,complement_remove,attribute_3,old_exception,True,64,64,64,-0.015625,0.0,-0.015625
768,0,1,project,project,aligned,complement_remove,attribute_4,all,True,128,128,128,-0.0078125,0.0,-0.0078125
768,0,1,project,project,aligned,complement_remove,attribute_4,ordinary,True,64,64,64,0.0,0.0,0.0
768,0,1,project,project,aligned,complement_remove,attribute_4,old_exception,True,64,64,64,-0.015625,0.0,-0.015625
768,0,1,project,project,aligned,complement_remove,attribute_5,all,True,128,128,128,-0.0078125,0.0078125,-0.015625
768,0,1,project,project,aligned,complement_remove,attribute_5,ordinary,True,64,64,64,0.0,0.0,0.0
768,0,1,project,project,aligned,complement_remove,attribute_5,old_exception,True,64,64,64,-0.015625,0.015625,-0.03125
768,0,1,project,project,aligned,complement_remove,attribute_6,all,True,128,128,128,-0.0078125,0.0,-0.0078125
768,0,1,project,project,aligned,complement_remove,attribute_6,ordinary,True,64,64,64,0.0,0.0,0.0
768,0,1,project,project,aligned,complement_remove,attribute_6,old_exception,True,64,64,64,-0.015625,0.0,-0.015625
768,0,1,project,project,aligned,complement_remove,membership,all,True,128,128,128,-0.0078125,0.0,-0.0078125
768,0,1,project,project,aligned,complement_remove,membership,ordinary,True,64,64,64,0.0,0.0,0.0
768,0,1,project,project,aligned,complement_remove,membership,old_exception,True,64,64,64,-0.015625,0.0,-0.015625
768,0,1,project,project,aligned,complement_remove,other_chain_actual,all,True,128,128,128,-0.0078125,0.0,-0.0078125
768,0,1,project,project,aligned,complement_remove,other_chain_actual,ordinary,True,64,64,64,0.0,0.0,0.0
768,0,1,project,project,aligned,complement_remove,other_chain_actual,old_exception,True,64,64,64,-0.015625,0.0,-0.015625
768,0,1,project,project,aligned,complement_remove,group_root,all,False,64,128,64,-0.0078125,0.0,-0.0078125
768,1,0,company,company,aligned,random_remove,actual,all,True,128,128,128,0.0,0.0,0.0
768,1,0,company,company,aligned,random_remove,actual,ordinary,True,64,64,64,0.0,0.0,0.0
768,1,0,company,company,aligned,random_remove,actual,old_exception,True,64,64,64,0.0,0.0,0.0
768,1,0,company,company,aligned,random_remove,other_chain_default,all,True,128,128,128,0.0,0.0,0.0
768,1,0,company,company,aligned,random_remove,other_chain_default,ordinary,True,64,64,64,0.0,0.0,0.0
768,1,0,company,company,aligned,random_remove,other_chain_default,old_exception,True,64,64,64,0.0,0.0,0.0
768,1,0,company,company,aligned,random_remove,attribute_3,all,True,128,128,128,0.0,0.0,0.0
768,1,0,company,company,aligned,random_remove,attribute_3,ordinary,True,64,64,64,0.0,0.0,0.0
768,1,0,company,company,aligned,random_remove,attribute_3,old_exception,True,64,64,64,0.0,0.0,0.0
768,1,0,company,company,aligned,random_remove,attribute_4,all,True,128,128,128,0.0,0.0,0.0
768,1,0,company,company,aligned,random_remove,attribute_4,ordinary,True,64,64,64,0.0,0.0,0.0
768,1,0,company,company,aligned,random_remove,attribute_4,old_exception,True,64,64,64,0.0,0.0,0.0
768,1,0,company,company,aligned,random_remove,attribute_5,all,True,128,128,128,0.0,0.0,0.0
768,1,0,company,company,aligned,random_remove,attribute_5,ordinary,True,64,64,64,0.0,0.0,0.0
768,1,0,company,company,aligned,random_remove,attribute_5,old_exception,True,64,64,64,0.0,0.0,0.0
768,1,0,company,company,aligned,random_remove,attribute_6,all,True,128,128,128,0.0,0.0,0.0
768,1,0,company,company,aligned,random_remove,attribute_6,ordinary,True,64,64,64,0.0,0.0,0.0
768,1,0,company,company,aligned,random_remove,attribute_6,old_exception,True,64,64,64,0.0,0.0,0.0
768,1,0,company,company,aligned,random_remove,membership,all,True,128,128,128,0.0,0.0,0.0
768,1,0,company,company,aligned,random_remove,membership,ordinary,True,64,64,64,0.0,0.0,0.0
768,1,0,company,company,aligned,random_remove,membership,old_exception,True,64,64,64,0.0,0.0,0.0
768,1,0,company,company,aligned,random_remove,other_chain_actual,all,True,128,128,128,0.0,0.0,0.0
768,1,0,company,company,aligned,random_remove,other_chain_actual,ordinary,True,64,64,64,0.0,0.0,0.0
768,1,0,company,company,aligned,random_remove,other_chain_actual,old_exception,True,64,64,64,0.0,0.0,0.0
768,1,0,company,company,aligned,random_remove,group_root,all,False,64,128,64,0.0,0.0,0.0
768,1,0,company,company,aligned,complement_remove,actual,all,True,128,128,128,0.0,0.0,0.0
768,1,0,company,company,aligned,complement_remove,actual,ordinary,True,64,64,64,0.0,0.0,0.0
768,1,0,company,company,aligned,complement_remove,actual,old_exception,True,64,64,64,0.0,0.0,0.0
768,1,0,company,company,aligned,complement_remove,other_chain_default,all,True,128,128,128,0.0,0.0,0.0
768,1,0,company,company,aligned,complement_remove,other_chain_default,ordinary,True,64,64,64,0.0,0.0,0.0
768,1,0,company,company,aligned,complement_remove,other_chain_default,old_exception,True,64,64,64,0.0,0.0,0.0
768,1,0,company,company,aligned,complement_remove,attribute_3,all,True,128,128,128,0.0,0.0,0.0
768,1,0,company,company,aligned,complement_remove,attribute_3,ordinary,True,64,64,64,0.0,0.0,0.0
768,1,0,company,company,aligned,complement_remove,attribute_3,old_exception,True,64,64,64,0.0,0.0,0.0
768,1,0,company,company,aligned,complement_remove,attribute_4,all,True,128,128,128,0.0,0.0,0.0
768,1,0,company,company,aligned,complement_remove,attribute_4,ordinary,True,64,64,64,0.0,0.0,0.0
768,1,0,company,company,aligned,complement_remove,attribute_4,old_exception,True,64,64,64,0.0,0.0,0.0
768,1,0,company,company,aligned,complement_remove,attribute_5,all,True,128,128,128,0.0,0.0,0.0
768,1,0,company,company,aligned,complement_remove,attribute_5,ordinary,True,64,64,64,0.0,0.0,0.0
768,1,0,company,company,aligned,complement_remove,attribute_5,old_exception,True,64,64,64,0.0,0.0,0.0
768,1,0,company,company,aligned,complement_remove,attribute_6,all,True,128,128,128,0.0,0.0,0.0
768,1,0,company,company,aligned,complement_remove,attribute_6,ordinary,True,64,64,64,0.0,0.0,0.0
768,1,0,company,company,aligned,complement_remove,attribute_6,old_exception,True,64,64,64,0.0,0.0,0.0
768,1,0,company,company,aligned,complement_remove,membership,all,True,128,128,128,0.0,0.0,0.0
768,1,0,company,company,aligned,complement_remove,membership,ordinary,True,64,64,64,0.0,0.0,0.0
768,1,0,company,company,aligned,complement_remove,membership,old_exception,True,64,64,64,0.0,0.0,0.0
768,1,0,company,company,aligned,complement_remove,other_chain_actual,all,True,128,128,128,0.0,0.0,0.0
768,1,0,company,company,aligned,complement_remove,other_chain_actual,ordinary,True,64,64,64,0.0,0.0,0.0
768,1,0,company,company,aligned,complement_remove,other_chain_actual,old_exception,True,64,64,64,0.0,0.0,0.0
768,1,0,company,company,aligned,complement_remove,group_root,all,False,64,128,64,0.0,0.0,0.0
768,1,0,company,project,opposite,random_remove,actual,all,True,128,128,128,0.0,0.0,0.0
768,1,0,company,project,opposite,random_remove,actual,ordinary,True,64,64,64,0.0,0.0,0.0
768,1,0,company,project,opposite,random_remove,actual,old_exception,True,64,64,64,0.0,0.0,0.0
768,1,0,company,project,opposite,random_remove,other_chain_default,all,True,128,128,128,0.0,0.0,0.0
768,1,0,company,project,opposite,random_remove,other_chain_default,ordinary,True,64,64,64,0.0,0.0,0.0
768,1,0,company,project,opposite,random_remove,other_chain_default,old_exception,True,64,64,64,0.0,0.0,0.0
768,1,0,company,project,opposite,random_remove,attribute_3,all,True,128,128,128,0.0,0.0,0.0
768,1,0,company,project,opposite,random_remove,attribute_3,ordinary,True,64,64,64,0.0,0.0,0.0
768,1,0,company,project,opposite,random_remove,attribute_3,old_exception,True,64,64,64,0.0,0.0,0.0
768,1,0,company,project,opposite,random_remove,attribute_4,all,True,128,128,128,0.0,0.0,0.0
768,1,0,company,project,opposite,random_remove,attribute_4,ordinary,True,64,64,64,0.0,0.0,0.0
768,1,0,company,project,opposite,random_remove,attribute_4,old_exception,True,64,64,64,0.0,0.0,0.0
768,1,0,company,project,opposite,random_remove,attribute_5,all,True,128,128,128,0.0,0.0,0.0
768,1,0,company,project,opposite,random_remove,attribute_5,ordinary,True,64,64,64,0.0,0.0,0.0
768,1,0,company,project,opposite,random_remove,attribute_5,old_exception,True,64,64,64,0.0,0.0,0.0
768,1,0,company,project,opposite,random_remove,attribute_6,all,True,128,128,128,0.0,0.0,0.0
768,1,0,company,project,opposite,random_remove,attribute_6,ordinary,True,64,64,64,0.0,0.0,0.0
768,1,0,company,project,opposite,random_remove,attribute_6,old_exception,True,64,64,64,0.0,0.0,0.0
768,1,0,company,project,opposite,random_remove,membership,all,True,128,128,128,0.0,0.0,0.0
768,1,0,company,project,opposite,random_remove,membership,ordinary,True,64,64,64,0.0,0.0,0.0
768,1,0,company,project,opposite,random_remove,membership,old_exception,True,64,64,64,0.0,0.0,0.0
768,1,0,company,project,opposite,random_remove,other_chain_actual,all,True,128,128,128,0.0,0.0,0.0
768,1,0,company,project,opposite,random_remove,other_chain_actual,ordinary,True,64,64,64,0.0,0.0,0.0
768,1,0,company,project,opposite,random_remove,other_chain_actual,old_exception,True,64,64,64,0.0,0.0,0.0
768,1,0,company,project,opposite,random_remove,group_root,all,False,64,128,64,0.0,0.0,0.0
768,1,0,company,project,opposite,complement_remove,actual,all,True,128,128,128,0.0,0.0,0.0
768,1,0,company,project,opposite,complement_remove,actual,ordinary,True,64,64,64,0.0,0.0,0.0
768,1,0,company,project,opposite,complement_remove,actual,old_exception,True,64,64,64,0.0,0.0,0.0
768,1,0,company,project,opposite,complement_remove,other_chain_default,all,True,128,128,128,0.0,0.0,0.0
768,1,0,company,project,opposite,complement_remove,other_chain_default,ordinary,True,64,64,64,0.0,0.0,0.0
768,1,0,company,project,opposite,complement_remove,other_chain_default,old_exception,True,64,64,64,0.0,0.0,0.0
768,1,0,company,project,opposite,complement_remove,attribute_3,all,True,128,128,128,0.0,0.0,0.0
768,1,0,company,project,opposite,complement_remove,attribute_3,ordinary,True,64,64,64,0.0,0.0,0.0
768,1,0,company,project,opposite,complement_remove,attribute_3,old_exception,True,64,64,64,0.0,0.0,0.0
768,1,0,company,project,opposite,complement_remove,attribute_4,all,True,128,128,128,0.0,0.0,0.0
768,1,0,company,project,opposite,complement_remove,attribute_4,ordinary,True,64,64,64,0.0,0.0,0.0
768,1,0,company,project,opposite,complement_remove,attribute_4,old_exception,True,64,64,64,0.0,0.0,0.0
768,1,0,company,project,opposite,complement_remove,attribute_5,all,True,128,128,128,0.0,0.0,0.0
768,1,0,company,project,opposite,complement_remove,attribute_5,ordinary,True,64,64,64,0.0,0.0,0.0
768,1,0,company,project,opposite,complement_remove,attribute_5,old_exception,True,64,64,64,0.0,0.0,0.0
768,1,0,company,project,opposite,complement_remove,attribute_6,all,True,128,128,128,0.0,0.0,0.0
768,1,0,company,project,opposite,complement_remove,attribute_6,ordinary,True,64,64,64,0.0,0.0,0.0
768,1,0,company,project,opposite,complement_remove,attribute_6,old_exception,True,64,64,64,0.0,0.0,0.0
768,1,0,company,project,opposite,complement_remove,membership,all,True,128,128,128,0.0,0.0,0.0
768,1,0,company,project,opposite,complement_remove,membership,ordinary,True,64,64,64,0.0,0.0,0.0
768,1,0,company,project,opposite,complement_remove,membership,old_exception,True,64,64,64,0.0,0.0,0.0
768,1,0,company,project,opposite,complement_remove,other_chain_actual,all,True,128,128,128,0.0,0.0,0.0
768,1,0,company,project,opposite,complement_remove,other_chain_actual,ordinary,True,64,64,64,0.0,0.0,0.0
768,1,0,company,project,opposite,complement_remove,other_chain_actual,old_exception,True,64,64,64,0.0,0.0,0.0
768,1,0,company,project,opposite,complement_remove,group_root,all,False,64,128,64,0.0,0.0,0.0
768,1,0,project,company,opposite,random_remove,actual,all,True,128,128,128,-0.0078125,0.0,-0.0078125
768,1,0,project,company,opposite,random_remove,actual,ordinary,True,64,64,64,0.0,0.0,0.0
768,1,0,project,company,opposite,random_remove,actual,old_exception,True,64,64,64,-0.015625,0.0,-0.015625
768,1,0,project,company,opposite,random_remove,other_chain_default,all,True,128,128,128,-0.0078125,0.0,-0.0078125
768,1,0,project,company,opposite,random_remove,other_chain_default,ordinary,True,64,64,64,0.0,0.0,0.0
768,1,0,project,company,opposite,random_remove,other_chain_default,old_exception,True,64,64,64,-0.015625,0.0,-0.015625
768,1,0,project,company,opposite,random_remove,attribute_3,all,True,128,128,128,-0.0078125,0.0,-0.0078125
768,1,0,project,company,opposite,random_remove,attribute_3,ordinary,True,64,64,64,0.0,0.0,0.0
768,1,0,project,company,opposite,random_remove,attribute_3,old_exception,True,64,64,64,-0.015625,0.0,-0.015625
768,1,0,project,company,opposite,random_remove,attribute_4,all,True,128,128,128,-0.0078125,0.0,-0.0078125
768,1,0,project,company,opposite,random_remove,attribute_4,ordinary,True,64,64,64,0.0,0.0,0.0
768,1,0,project,company,opposite,random_remove,attribute_4,old_exception,True,64,64,64,-0.015625,0.0,-0.015625
768,1,0,project,company,opposite,random_remove,attribute_5,all,True,128,128,128,-0.0078125,0.0,-0.0078125
768,1,0,project,company,opposite,random_remove,attribute_5,ordinary,True,64,64,64,0.0,0.0,0.0
768,1,0,project,company,opposite,random_remove,attribute_5,old_exception,True,64,64,64,-0.015625,0.0,-0.015625
768,1,0,project,company,opposite,random_remove,attribute_6,all,True,128,128,128,-0.0078125,0.0,-0.0078125
768,1,0,project,company,opposite,random_remove,attribute_6,ordinary,True,64,64,64,0.0,0.0,0.0
768,1,0,project,company,opposite,random_remove,attribute_6,old_exception,True,64,64,64,-0.015625,0.0,-0.015625
768,1,0,project,company,opposite,random_remove,membership,all,True,128,128,128,-0.0078125,0.0,-0.0078125
768,1,0,project,company,opposite,random_remove,membership,ordinary,True,64,64,64,0.0,0.0,0.0
768,1,0,project,company,opposite,random_remove,membership,old_exception,True,64,64,64,-0.015625,0.0,-0.015625
768,1,0,project,company,opposite,random_remove,other_chain_actual,all,True,128,128,128,-0.0078125,0.0,-0.0078125
768,1,0,project,company,opposite,random_remove,other_chain_actual,ordinary,True,64,64,64,0.0,0.0,0.0
768,1,0,project,company,opposite,random_remove,other_chain_actual,old_exception,True,64,64,64,-0.015625,0.0,-0.015625
768,1,0,project,company,opposite,random_remove,group_root,all,False,64,128,64,-0.0078125,0.0,-0.0078125
768,1,0,project,company,opposite,complement_remove,actual,all,True,128,128,128,-0.0078125,0.0,-0.0078125
768,1,0,project,company,opposite,complement_remove,actual,ordinary,True,64,64,64,0.0,0.0,0.0
768,1,0,project,company,opposite,complement_remove,actual,old_exception,True,64,64,64,-0.015625,0.0,-0.015625
768,1,0,project,company,opposite,complement_remove,other_chain_default,all,True,128,128,128,-0.0078125,0.0,-0.0078125
768,1,0,project,company,opposite,complement_remove,other_chain_default,ordinary,True,64,64,64,0.0,0.0,0.0
768,1,0,project,company,opposite,complement_remove,other_chain_default,old_exception,True,64,64,64,-0.015625,0.0,-0.015625
768,1,0,project,company,opposite,complement_remove,attribute_3,all,True,128,128,128,-0.0078125,0.0,-0.0078125
768,1,0,project,company,opposite,complement_remove,attribute_3,ordinary,True,64,64,64,0.0,0.0,0.0
768,1,0,project,company,opposite,complement_remove,attribute_3,old_exception,True,64,64,64,-0.015625,0.0,-0.015625
768,1,0,project,company,opposite,complement_remove,attribute_4,all,True,128,128,128,-0.0078125,0.0,-0.0078125
768,1,0,project,company,opposite,complement_remove,attribute_4,ordinary,True,64,64,64,0.0,0.0,0.0
768,1,0,project,company,opposite,complement_remove,attribute_4,old_exception,True,64,64,64,-0.015625,0.0,-0.015625
768,1,0,project,company,opposite,complement_remove,attribute_5,all,True,128,128,128,-0.0078125,0.0,-0.0078125
768,1,0,project,company,opposite,complement_remove,attribute_5,ordinary,True,64,64,64,0.0,0.0,0.0
768,1,0,project,company,opposite,complement_remove,attribute_5,old_exception,True,64,64,64,-0.015625,0.0,-0.015625
768,1,0,project,company,opposite,complement_remove,attribute_6,all,True,128,128,128,-0.0078125,0.0,-0.0078125
768,1,0,project,company,opposite,complement_remove,attribute_6,ordinary,True,64,64,64,0.0,0.0,0.0
768,1,0,project,company,opposite,complement_remove,attribute_6,old_exception,True,64,64,64,-0.015625,0.0,-0.015625
768,1,0,project,company,opposite,complement_remove,membership,all,True,128,128,128,-0.0078125,0.0,-0.0078125
768,1,0,project,company,opposite,complement_remove,membership,ordinary,True,64,64,64,0.0,0.0,0.0
768,1,0,project,company,opposite,complement_remove,membership,old_exception,True,64,64,64,-0.015625,0.0,-0.015625
768,1,0,project,company,opposite,complement_remove,other_chain_actual,all,True,128,128,128,-0.0078125,0.0,-0.0078125
768,1,0,project,company,opposite,complement_remove,other_chain_actual,ordinary,True,64,64,64,0.0,0.0,0.0
768,1,0,project,company,opposite,complement_remove,other_chain_actual,old_exception,True,64,64,64,-0.015625,0.0,-0.015625
768,1,0,project,company,opposite,complement_remove,group_root,all,False,64,128,64,-0.0078125,0.0,-0.0078125
768,1,0,project,project,aligned,random_remove,actual,all,True,128,128,128,0.0,0.0,0.0
768,1,0,project,project,aligned,random_remove,actual,ordinary,True,64,64,64,0.0,0.0,0.0
768,1,0,project,project,aligned,random_remove,actual,old_exception,True,64,64,64,0.0,0.0,0.0
768,1,0,project,project,aligned,random_remove,other_chain_default,all,True,128,128,128,0.0,0.0,0.0
768,1,0,project,project,aligned,random_remove,other_chain_default,ordinary,True,64,64,64,0.0,0.0,0.0
768,1,0,project,project,aligned,random_remove,other_chain_default,old_exception,True,64,64,64,0.0,0.0,0.0
768,1,0,project,project,aligned,random_remove,attribute_3,all,True,128,128,128,0.0,0.0,0.0
768,1,0,project,project,aligned,random_remove,attribute_3,ordinary,True,64,64,64,0.0,0.0,0.0
768,1,0,project,project,aligned,random_remove,attribute_3,old_exception,True,64,64,64,0.0,0.0,0.0
768,1,0,project,project,aligned,random_remove,attribute_4,all,True,128,128,128,0.0,0.0,0.0
768,1,0,project,project,aligned,random_remove,attribute_4,ordinary,True,64,64,64,0.0,0.0,0.0
768,1,0,project,project,aligned,random_remove,attribute_4,old_exception,True,64,64,64,0.0,0.0,0.0
768,1,0,project,project,aligned,random_remove,attribute_5,all,True,128,128,128,0.0,0.0,0.0
768,1,0,project,project,aligned,random_remove,attribute_5,ordinary,True,64,64,64,0.0,0.0,0.0
768,1,0,project,project,aligned,random_remove,attribute_5,old_exception,True,64,64,64,0.0,0.0,0.0
768,1,0,project,project,aligned,random_remove,attribute_6,all,True,128,128,128,0.0,0.0,0.0
768,1,0,project,project,aligned,random_remove,attribute_6,ordinary,True,64,64,64,0.0,0.0,0.0
768,1,0,project,project,aligned,random_remove,attribute_6,old_exception,True,64,64,64,0.0,0.0,0.0
768,1,0,project,project,aligned,random_remove,membership,all,True,128,128,128,0.0,0.0,0.0
768,1,0,project,project,aligned,random_remove,membership,ordinary,True,64,64,64,0.0,0.0,0.0
768,1,0,project,project,aligned,random_remove,membership,old_exception,True,64,64,64,0.0,0.0,0.0
768,1,0,project,project,aligned,random_remove,other_chain_actual,all,True,128,128,128,0.0,0.0,0.0
768,1,0,project,project,aligned,random_remove,other_chain_actual,ordinary,True,64,64,64,0.0,0.0,0.0
768,1,0,project,project,aligned,random_remove,other_chain_actual,old_exception,True,64,64,64,0.0,0.0,0.0
768,1,0,project,project,aligned,random_remove,group_root,all,False,64,128,64,0.0,0.0,0.0
768,1,0,project,project,aligned,complement_remove,actual,all,True,128,128,128,0.0,0.0,0.0
768,1,0,project,project,aligned,complement_remove,actual,ordinary,True,64,64,64,0.0,0.0,0.0
768,1,0,project,project,aligned,complement_remove,actual,old_exception,True,64,64,64,0.0,0.0,0.0
768,1,0,project,project,aligned,complement_remove,other_chain_default,all,True,128,128,128,0.0,0.0,0.0
768,1,0,project,project,aligned,complement_remove,other_chain_default,ordinary,True,64,64,64,0.0,0.0,0.0
768,1,0,project,project,aligned,complement_remove,other_chain_default,old_exception,True,64,64,64,0.0,0.0,0.0
768,1,0,project,project,aligned,complement_remove,attribute_3,all,True,128,128,128,0.0,0.0,0.0
768,1,0,project,project,aligned,complement_remove,attribute_3,ordinary,True,64,64,64,0.0,0.0,0.0
768,1,0,project,project,aligned,complement_remove,attribute_3,old_exception,True,64,64,64,0.0,0.0,0.0
768,1,0,project,project,aligned,complement_remove,attribute_4,all,True,128,128,128,0.0,0.0,0.0
768,1,0,project,project,aligned,complement_remove,attribute_4,ordinary,True,64,64,64,0.0,0.0,0.0
768,1,0,project,project,aligned,complement_remove,attribute_4,old_exception,True,64,64,64,0.0,0.0,0.0
768,1,0,project,project,aligned,complement_remove,attribute_5,all,True,128,128,128,0.0,0.0,0.0
768,1,0,project,project,aligned,complement_remove,attribute_5,ordinary,True,64,64,64,0.0,0.0,0.0
768,1,0,project,project,aligned,complement_remove,attribute_5,old_exception,True,64,64,64,0.0,0.0,0.0
768,1,0,project,project,aligned,complement_remove,attribute_6,all,True,128,128,128,0.0,0.0,0.0
768,1,0,project,project,aligned,complement_remove,attribute_6,ordinary,True,64,64,64,0.0,0.0,0.0
768,1,0,project,project,aligned,complement_remove,attribute_6,old_exception,True,64,64,64,0.0,0.0,0.0
768,1,0,project,project,aligned,complement_remove,membership,all,True,128,128,128,0.0,0.0,0.0
768,1,0,project,project,aligned,complement_remove,membership,ordinary,True,64,64,64,0.0,0.0,0.0
768,1,0,project,project,aligned,complement_remove,membership,old_exception,True,64,64,64,0.0,0.0,0.0
768,1,0,project,project,aligned,complement_remove,other_chain_actual,all,True,128,128,128,0.0,0.0,0.0
768,1,0,project,project,aligned,complement_remove,other_chain_actual,ordinary,True,64,64,64,0.0,0.0,0.0
768,1,0,project,project,aligned,complement_remove,other_chain_actual,old_exception,True,64,64,64,0.0,0.0,0.0
768,1,0,project,project,aligned,complement_remove,group_root,all,False,64,128,64,0.0,0.0,0.0
768,1,0,neither,company,neither,random_remove,actual,all,True,128,128,128,0.0,0.0,0.0
768,1,0,neither,company,neither,random_remove,actual,ordinary,True,64,64,64,0.0,0.0,0.0
768,1,0,neither,company,neither,random_remove,actual,old_exception,True,64,64,64,0.0,0.0,0.0
768,1,0,neither,company,neither,random_remove,other_chain_default,all,True,128,128,128,0.0,0.0,0.0
768,1,0,neither,company,neither,random_remove,other_chain_default,ordinary,True,64,64,64,0.0,0.0,0.0
768,1,0,neither,company,neither,random_remove,other_chain_default,old_exception,True,64,64,64,0.0,0.0,0.0
768,1,0,neither,company,neither,random_remove,attribute_3,all,True,128,128,128,0.0,0.0,0.0
768,1,0,neither,company,neither,random_remove,attribute_3,ordinary,True,64,64,64,0.0,0.0,0.0
768,1,0,neither,company,neither,random_remove,attribute_3,old_exception,True,64,64,64,0.0,0.0,0.0
768,1,0,neither,company,neither,random_remove,attribute_4,all,True,128,128,128,0.0,0.0,0.0
768,1,0,neither,company,neither,random_remove,attribute_4,ordinary,True,64,64,64,0.0,0.0,0.0
768,1,0,neither,company,neither,random_remove,attribute_4,old_exception,True,64,64,64,0.0,0.0,0.0
768,1,0,neither,company,neither,random_remove,attribute_5,all,True,128,128,128,0.0,-0.0078125,0.0078125
768,1,0,neither,company,neither,random_remove,attribute_5,ordinary,True,64,64,64,0.0,-0.015625,0.015625
768,1,0,neither,company,neither,random_remove,attribute_5,old_exception,True,64,64,64,0.0,0.0,0.0
768,1,0,neither,company,neither,random_remove,attribute_6,all,True,128,128,128,0.0,0.0,0.0
768,1,0,neither,company,neither,random_remove,attribute_6,ordinary,True,64,64,64,0.0,0.0,0.0
768,1,0,neither,company,neither,random_remove,attribute_6,old_exception,True,64,64,64,0.0,0.0,0.0
768,1,0,neither,company,neither,random_remove,membership,all,True,128,128,128,0.0,0.0,0.0
768,1,0,neither,company,neither,random_remove,membership,ordinary,True,64,64,64,0.0,0.0,0.0
768,1,0,neither,company,neither,random_remove,membership,old_exception,True,64,64,64,0.0,0.0,0.0
768,1,0,neither,company,neither,random_remove,other_chain_actual,all,True,128,128,128,0.0,0.0,0.0
768,1,0,neither,company,neither,random_remove,other_chain_actual,ordinary,True,64,64,64,0.0,0.0,0.0
768,1,0,neither,company,neither,random_remove,other_chain_actual,old_exception,True,64,64,64,0.0,0.0,0.0
768,1,0,neither,company,neither,random_remove,group_root,all,False,64,128,64,0.0,0.0,0.0
768,1,0,neither,company,neither,complement_remove,actual,all,True,128,128,128,0.0,0.0,0.0
768,1,0,neither,company,neither,complement_remove,actual,ordinary,True,64,64,64,0.0,0.0,0.0
768,1,0,neither,company,neither,complement_remove,actual,old_exception,True,64,64,64,0.0,0.0,0.0
768,1,0,neither,company,neither,complement_remove,other_chain_default,all,True,128,128,128,0.0,0.0,0.0
768,1,0,neither,company,neither,complement_remove,other_chain_default,ordinary,True,64,64,64,0.0,0.0,0.0
768,1,0,neither,company,neither,complement_remove,other_chain_default,old_exception,True,64,64,64,0.0,0.0,0.0
768,1,0,neither,company,neither,complement_remove,attribute_3,all,True,128,128,128,0.0,0.0,0.0
768,1,0,neither,company,neither,complement_remove,attribute_3,ordinary,True,64,64,64,0.0,0.0,0.0
768,1,0,neither,company,neither,complement_remove,attribute_3,old_exception,True,64,64,64,0.0,0.0,0.0
768,1,0,neither,company,neither,complement_remove,attribute_4,all,True,128,128,128,0.0,0.015625,-0.015625
768,1,0,neither,company,neither,complement_remove,attribute_4,ordinary,True,64,64,64,0.0,0.0,0.0
768,1,0,neither,company,neither,complement_remove,attribute_4,old_exception,True,64,64,64,0.0,0.03125,-0.03125
768,1,0,neither,company,neither,complement_remove,attribute_5,all,True,128,128,128,0.0,-0.0078125,0.0078125
768,1,0,neither,company,neither,complement_remove,attribute_5,ordinary,True,64,64,64,0.0,-0.015625,0.015625
768,1,0,neither,company,neither,complement_remove,attribute_5,old_exception,True,64,64,64,0.0,0.0,0.0
768,1,0,neither,company,neither,complement_remove,attribute_6,all,True,128,128,128,0.0,0.0,0.0
768,1,0,neither,company,neither,complement_remove,attribute_6,ordinary,True,64,64,64,0.0,0.0,0.0
768,1,0,neither,company,neither,complement_remove,attribute_6,old_exception,True,64,64,64,0.0,0.0,0.0
768,1,0,neither,company,neither,complement_remove,membership,all,True,128,128,128,0.0,0.0,0.0
768,1,0,neither,company,neither,complement_remove,membership,ordinary,True,64,64,64,0.0,0.0,0.0
768,1,0,neither,company,neither,complement_remove,membership,old_exception,True,64,64,64,0.0,0.0,0.0
768,1,0,neither,company,neither,complement_remove,other_chain_actual,all,True,128,128,128,0.0,0.0,0.0
768,1,0,neither,company,neither,complement_remove,other_chain_actual,ordinary,True,64,64,64,0.0,0.0,0.0
768,1,0,neither,company,neither,complement_remove,other_chain_actual,old_exception,True,64,64,64,0.0,0.0,0.0
768,1,0,neither,company,neither,complement_remove,group_root,all,False,64,128,64,0.0,0.0,0.0
768,1,0,neither,project,neither,random_remove,actual,all,True,128,128,128,0.0078125,0.0,0.0078125
768,1,0,neither,project,neither,random_remove,actual,ordinary,True,64,64,64,0.0,0.0,0.0
768,1,0,neither,project,neither,random_remove,actual,old_exception,True,64,64,64,0.015625,0.0,0.015625
768,1,0,neither,project,neither,random_remove,other_chain_default,all,True,128,128,128,0.0078125,0.0,0.0078125
768,1,0,neither,project,neither,random_remove,other_chain_default,ordinary,True,64,64,64,0.0,0.0,0.0
768,1,0,neither,project,neither,random_remove,other_chain_default,old_exception,True,64,64,64,0.015625,0.0,0.015625
768,1,0,neither,project,neither,random_remove,attribute_3,all,True,128,128,128,0.0078125,0.0,0.0078125
768,1,0,neither,project,neither,random_remove,attribute_3,ordinary,True,64,64,64,0.0,0.0,0.0
768,1,0,neither,project,neither,random_remove,attribute_3,old_exception,True,64,64,64,0.015625,0.0,0.015625
768,1,0,neither,project,neither,random_remove,attribute_4,all,True,128,128,128,0.0078125,0.0,0.0078125
768,1,0,neither,project,neither,random_remove,attribute_4,ordinary,True,64,64,64,0.0,0.0,0.0
768,1,0,neither,project,neither,random_remove,attribute_4,old_exception,True,64,64,64,0.015625,0.0,0.015625
768,1,0,neither,project,neither,random_remove,attribute_5,all,True,128,128,128,0.0078125,0.0,0.0078125
768,1,0,neither,project,neither,random_remove,attribute_5,ordinary,True,64,64,64,0.0,0.0,0.0
768,1,0,neither,project,neither,random_remove,attribute_5,old_exception,True,64,64,64,0.015625,0.0,0.015625
768,1,0,neither,project,neither,random_remove,attribute_6,all,True,128,128,128,0.0078125,-0.0078125,0.015625
768,1,0,neither,project,neither,random_remove,attribute_6,ordinary,True,64,64,64,0.0,0.0,0.0
768,1,0,neither,project,neither,random_remove,attribute_6,old_exception,True,64,64,64,0.015625,-0.015625,0.03125
768,1,0,neither,project,neither,random_remove,membership,all,True,128,128,128,0.0078125,0.0,0.0078125
768,1,0,neither,project,neither,random_remove,membership,ordinary,True,64,64,64,0.0,0.0,0.0
768,1,0,neither,project,neither,random_remove,membership,old_exception,True,64,64,64,0.015625,0.0,0.015625
768,1,0,neither,project,neither,random_remove,other_chain_actual,all,True,128,128,128,0.0078125,0.0,0.0078125
768,1,0,neither,project,neither,random_remove,other_chain_actual,ordinary,True,64,64,64,0.0,0.0,0.0
768,1,0,neither,project,neither,random_remove,other_chain_actual,old_exception,True,64,64,64,0.015625,0.0,0.015625
768,1,0,neither,project,neither,random_remove,group_root,all,False,64,128,64,0.0078125,0.0,0.0078125
768,1,0,neither,project,neither,complement_remove,actual,all,True,128,128,128,0.0078125,0.0,0.0078125
768,1,0,neither,project,neither,complement_remove,actual,ordinary,True,64,64,64,0.0,0.0,0.0
768,1,0,neither,project,neither,complement_remove,actual,old_exception,True,64,64,64,0.015625,0.0,0.015625
768,1,0,neither,project,neither,complement_remove,other_chain_default,all,True,128,128,128,0.0078125,0.0,0.0078125
768,1,0,neither,project,neither,complement_remove,other_chain_default,ordinary,True,64,64,64,0.0,0.0,0.0
768,1,0,neither,project,neither,complement_remove,other_chain_default,old_exception,True,64,64,64,0.015625,0.0,0.015625
768,1,0,neither,project,neither,complement_remove,attribute_3,all,True,128,128,128,0.0078125,0.0,0.0078125
768,1,0,neither,project,neither,complement_remove,attribute_3,ordinary,True,64,64,64,0.0,0.0,0.0
768,1,0,neither,project,neither,complement_remove,attribute_3,old_exception,True,64,64,64,0.015625,0.0,0.015625
768,1,0,neither,project,neither,complement_remove,attribute_4,all,True,128,128,128,0.0078125,0.0,0.0078125
768,1,0,neither,project,neither,complement_remove,attribute_4,ordinary,True,64,64,64,0.0,0.0,0.0
768,1,0,neither,project,neither,complement_remove,attribute_4,old_exception,True,64,64,64,0.015625,0.0,0.015625
768,1,0,neither,project,neither,complement_remove,attribute_5,all,True,128,128,128,0.0078125,0.0078125,0.0
768,1,0,neither,project,neither,complement_remove,attribute_5,ordinary,True,64,64,64,0.0,0.015625,-0.015625
768,1,0,neither,project,neither,complement_remove,attribute_5,old_exception,True,64,64,64,0.015625,0.0,0.015625
768,1,0,neither,project,neither,complement_remove,attribute_6,all,True,128,128,128,0.0078125,0.0,0.0078125
768,1,0,neither,project,neither,complement_remove,attribute_6,ordinary,True,64,64,64,0.0,0.0,0.0
768,1,0,neither,project,neither,complement_remove,attribute_6,old_exception,True,64,64,64,0.015625,0.0,0.015625
768,1,0,neither,project,neither,complement_remove,membership,all,True,128,128,128,0.0078125,0.0078125,0.0
768,1,0,neither,project,neither,complement_remove,membership,ordinary,True,64,64,64,0.0,0.0,0.0
768,1,0,neither,project,neither,complement_remove,membership,old_exception,True,64,64,64,0.015625,0.015625,0.0
768,1,0,neither,project,neither,complement_remove,other_chain_actual,all,True,128,128,128,0.0078125,0.0,0.0078125
768,1,0,neither,project,neither,complement_remove,other_chain_actual,ordinary,True,64,64,64,0.0,0.0,0.0
768,1,0,neither,project,neither,complement_remove,other_chain_actual,old_exception,True,64,64,64,0.015625,0.0,0.015625
768,1,0,neither,project,neither,complement_remove,group_root,all,False,64,128,64,0.0078125,0.0,0.0078125
768,1,1,company,company,aligned,random_remove,actual,all,True,128,128,128,0.015625,0.0,0.015625
768,1,1,company,company,aligned,random_remove,actual,ordinary,True,64,64,64,0.0,0.0,0.0
768,1,1,company,company,aligned,random_remove,actual,old_exception,True,64,64,64,0.03125,0.0,0.03125
768,1,1,company,company,aligned,random_remove,other_chain_default,all,True,128,128,128,0.015625,0.0,0.015625
768,1,1,company,company,aligned,random_remove,other_chain_default,ordinary,True,64,64,64,0.0,0.0,0.0
768,1,1,company,company,aligned,random_remove,other_chain_default,old_exception,True,64,64,64,0.03125,0.0,0.03125
768,1,1,company,company,aligned,random_remove,attribute_3,all,True,128,128,128,0.015625,0.0,0.015625
768,1,1,company,company,aligned,random_remove,attribute_3,ordinary,True,64,64,64,0.0,0.0,0.0
768,1,1,company,company,aligned,random_remove,attribute_3,old_exception,True,64,64,64,0.03125,0.0,0.03125
768,1,1,company,company,aligned,random_remove,attribute_4,all,True,128,128,128,0.015625,0.0,0.015625
768,1,1,company,company,aligned,random_remove,attribute_4,ordinary,True,64,64,64,0.0,0.0,0.0
768,1,1,company,company,aligned,random_remove,attribute_4,old_exception,True,64,64,64,0.03125,0.0,0.03125
768,1,1,company,company,aligned,random_remove,attribute_5,all,True,128,128,128,0.015625,0.0,0.015625
768,1,1,company,company,aligned,random_remove,attribute_5,ordinary,True,64,64,64,0.0,0.0,0.0
768,1,1,company,company,aligned,random_remove,attribute_5,old_exception,True,64,64,64,0.03125,0.0,0.03125
768,1,1,company,company,aligned,random_remove,attribute_6,all,True,128,128,128,0.015625,0.0,0.015625
768,1,1,company,company,aligned,random_remove,attribute_6,ordinary,True,64,64,64,0.0,0.0,0.0
768,1,1,company,company,aligned,random_remove,attribute_6,old_exception,True,64,64,64,0.03125,0.0,0.03125
768,1,1,company,company,aligned,random_remove,membership,all,True,128,128,128,0.015625,-0.0078125,0.0234375
768,1,1,company,company,aligned,random_remove,membership,ordinary,True,64,64,64,0.0,0.0,0.0
768,1,1,company,company,aligned,random_remove,membership,old_exception,True,64,64,64,0.03125,-0.015625,0.046875
768,1,1,company,company,aligned,random_remove,other_chain_actual,all,True,128,128,128,0.015625,0.0,0.015625
768,1,1,company,company,aligned,random_remove,other_chain_actual,ordinary,True,64,64,64,0.0,0.0,0.0
768,1,1,company,company,aligned,random_remove,other_chain_actual,old_exception,True,64,64,64,0.03125,0.0,0.03125
768,1,1,company,company,aligned,random_remove,group_root,all,False,64,128,64,0.015625,0.0,0.015625
768,1,1,company,company,aligned,complement_remove,actual,all,True,128,128,128,0.015625,0.0,0.015625
768,1,1,company,company,aligned,complement_remove,actual,ordinary,True,64,64,64,0.0,0.0,0.0
768,1,1,company,company,aligned,complement_remove,actual,old_exception,True,64,64,64,0.03125,0.0,0.03125
768,1,1,company,company,aligned,complement_remove,other_chain_default,all,True,128,128,128,0.015625,0.0,0.015625
768,1,1,company,company,aligned,complement_remove,other_chain_default,ordinary,True,64,64,64,0.0,0.0,0.0
768,1,1,company,company,aligned,complement_remove,other_chain_default,old_exception,True,64,64,64,0.03125,0.0,0.03125
768,1,1,company,company,aligned,complement_remove,attribute_3,all,True,128,128,128,0.015625,0.0,0.015625
768,1,1,company,company,aligned,complement_remove,attribute_3,ordinary,True,64,64,64,0.0,0.0,0.0
768,1,1,company,company,aligned,complement_remove,attribute_3,old_exception,True,64,64,64,0.03125,0.0,0.03125
768,1,1,company,company,aligned,complement_remove,attribute_4,all,True,128,128,128,0.015625,0.0,0.015625
768,1,1,company,company,aligned,complement_remove,attribute_4,ordinary,True,64,64,64,0.0,0.0,0.0
768,1,1,company,company,aligned,complement_remove,attribute_4,old_exception,True,64,64,64,0.03125,0.0,0.03125
768,1,1,company,company,aligned,complement_remove,attribute_5,all,True,128,128,128,0.015625,0.0,0.015625
768,1,1,company,company,aligned,complement_remove,attribute_5,ordinary,True,64,64,64,0.0,0.0,0.0
768,1,1,company,company,aligned,complement_remove,attribute_5,old_exception,True,64,64,64,0.03125,0.0,0.03125
768,1,1,company,company,aligned,complement_remove,attribute_6,all,True,128,128,128,0.015625,0.0,0.015625
768,1,1,company,company,aligned,complement_remove,attribute_6,ordinary,True,64,64,64,0.0,0.0,0.0
768,1,1,company,company,aligned,complement_remove,attribute_6,old_exception,True,64,64,64,0.03125,0.0,0.03125
768,1,1,company,company,aligned,complement_remove,membership,all,True,128,128,128,0.015625,0.0,0.015625
768,1,1,company,company,aligned,complement_remove,membership,ordinary,True,64,64,64,0.0,0.0,0.0
768,1,1,company,company,aligned,complement_remove,membership,old_exception,True,64,64,64,0.03125,0.0,0.03125
768,1,1,company,company,aligned,complement_remove,other_chain_actual,all,True,128,128,128,0.015625,0.0,0.015625
768,1,1,company,company,aligned,complement_remove,other_chain_actual,ordinary,True,64,64,64,0.0,0.0,0.0
768,1,1,company,company,aligned,complement_remove,other_chain_actual,old_exception,True,64,64,64,0.03125,0.0,0.03125
768,1,1,company,company,aligned,complement_remove,group_root,all,False,64,128,64,0.015625,0.0,0.015625
768,1,1,company,project,opposite,random_remove,actual,all,True,128,128,128,0.0,0.0,0.0
768,1,1,company,project,opposite,random_remove,actual,ordinary,True,64,64,64,0.0,0.0,0.0
768,1,1,company,project,opposite,random_remove,actual,old_exception,True,64,64,64,0.0,0.0,0.0
768,1,1,company,project,opposite,random_remove,other_chain_default,all,True,128,128,128,0.0,0.0,0.0
768,1,1,company,project,opposite,random_remove,other_chain_default,ordinary,True,64,64,64,0.0,0.0,0.0
768,1,1,company,project,opposite,random_remove,other_chain_default,old_exception,True,64,64,64,0.0,0.0,0.0
768,1,1,company,project,opposite,random_remove,attribute_3,all,True,128,128,128,0.0,0.0,0.0
768,1,1,company,project,opposite,random_remove,attribute_3,ordinary,True,64,64,64,0.0,0.0,0.0
768,1,1,company,project,opposite,random_remove,attribute_3,old_exception,True,64,64,64,0.0,0.0,0.0
768,1,1,company,project,opposite,random_remove,attribute_4,all,True,128,128,128,0.0,-0.0078125,0.0078125
768,1,1,company,project,opposite,random_remove,attribute_4,ordinary,True,64,64,64,0.0,-0.015625,0.015625
768,1,1,company,project,opposite,random_remove,attribute_4,old_exception,True,64,64,64,0.0,0.0,0.0
768,1,1,company,project,opposite,random_remove,attribute_5,all,True,128,128,128,0.0,0.0,0.0
768,1,1,company,project,opposite,random_remove,attribute_5,ordinary,True,64,64,64,0.0,0.0,0.0
768,1,1,company,project,opposite,random_remove,attribute_5,old_exception,True,64,64,64,0.0,0.0,0.0
768,1,1,company,project,opposite,random_remove,attribute_6,all,True,128,128,128,0.0,0.0,0.0
768,1,1,company,project,opposite,random_remove,attribute_6,ordinary,True,64,64,64,0.0,0.0,0.0
768,1,1,company,project,opposite,random_remove,attribute_6,old_exception,True,64,64,64,0.0,0.0,0.0
768,1,1,company,project,opposite,random_remove,membership,all,True,128,128,128,0.0,0.0,0.0
768,1,1,company,project,opposite,random_remove,membership,ordinary,True,64,64,64,0.0,0.0,0.0
768,1,1,company,project,opposite,random_remove,membership,old_exception,True,64,64,64,0.0,0.0,0.0
768,1,1,company,project,opposite,random_remove,other_chain_actual,all,True,128,128,128,0.0,0.0,0.0
768,1,1,company,project,opposite,random_remove,other_chain_actual,ordinary,True,64,64,64,0.0,0.0,0.0
768,1,1,company,project,opposite,random_remove,other_chain_actual,old_exception,True,64,64,64,0.0,0.0,0.0
768,1,1,company,project,opposite,random_remove,group_root,all,False,64,128,64,0.0,0.0,0.0
768,1,1,company,project,opposite,complement_remove,actual,all,True,128,128,128,0.0,0.0,0.0
768,1,1,company,project,opposite,complement_remove,actual,ordinary,True,64,64,64,0.0,0.0,0.0
768,1,1,company,project,opposite,complement_remove,actual,old_exception,True,64,64,64,0.0,0.0,0.0
768,1,1,company,project,opposite,complement_remove,other_chain_default,all,True,128,128,128,0.0,0.0,0.0
768,1,1,company,project,opposite,complement_remove,other_chain_default,ordinary,True,64,64,64,0.0,0.0,0.0
768,1,1,company,project,opposite,complement_remove,other_chain_default,old_exception,True,64,64,64,0.0,0.0,0.0
768,1,1,company,project,opposite,complement_remove,attribute_3,all,True,128,128,128,0.0,0.0,0.0
768,1,1,company,project,opposite,complement_remove,attribute_3,ordinary,True,64,64,64,0.0,0.0,0.0
768,1,1,company,project,opposite,complement_remove,attribute_3,old_exception,True,64,64,64,0.0,0.0,0.0
768,1,1,company,project,opposite,complement_remove,attribute_4,all,True,128,128,128,0.0,0.0,0.0
768,1,1,company,project,opposite,complement_remove,attribute_4,ordinary,True,64,64,64,0.0,0.0,0.0
768,1,1,company,project,opposite,complement_remove,attribute_4,old_exception,True,64,64,64,0.0,0.0,0.0
768,1,1,company,project,opposite,complement_remove,attribute_5,all,True,128,128,128,0.0,0.0,0.0
768,1,1,company,project,opposite,complement_remove,attribute_5,ordinary,True,64,64,64,0.0,0.0,0.0
768,1,1,company,project,opposite,complement_remove,attribute_5,old_exception,True,64,64,64,0.0,0.0,0.0
768,1,1,company,project,opposite,complement_remove,attribute_6,all,True,128,128,128,0.0,0.0,0.0
768,1,1,company,project,opposite,complement_remove,attribute_6,ordinary,True,64,64,64,0.0,0.0,0.0
768,1,1,company,project,opposite,complement_remove,attribute_6,old_exception,True,64,64,64,0.0,0.0,0.0
768,1,1,company,project,opposite,complement_remove,membership,all,True,128,128,128,0.0,0.0,0.0
768,1,1,company,project,opposite,complement_remove,membership,ordinary,True,64,64,64,0.0,0.0,0.0
768,1,1,company,project,opposite,complement_remove,membership,old_exception,True,64,64,64,0.0,0.0,0.0
768,1,1,company,project,opposite,complement_remove,other_chain_actual,all,True,128,128,128,0.0,0.0,0.0
768,1,1,company,project,opposite,complement_remove,other_chain_actual,ordinary,True,64,64,64,0.0,0.0,0.0
768,1,1,company,project,opposite,complement_remove,other_chain_actual,old_exception,True,64,64,64,0.0,0.0,0.0
768,1,1,company,project,opposite,complement_remove,group_root,all,False,64,128,64,0.0,0.0,0.0
768,1,1,project,company,opposite,random_remove,actual,all,True,128,128,128,0.0,0.0,0.0
768,1,1,project,company,opposite,random_remove,actual,ordinary,True,64,64,64,0.0,0.0,0.0
768,1,1,project,company,opposite,random_remove,actual,old_exception,True,64,64,64,0.0,0.0,0.0
768,1,1,project,company,opposite,random_remove,other_chain_default,all,True,128,128,128,0.0,0.0,0.0
768,1,1,project,company,opposite,random_remove,other_chain_default,ordinary,True,64,64,64,0.0,0.0,0.0
768,1,1,project,company,opposite,random_remove,other_chain_default,old_exception,True,64,64,64,0.0,0.0,0.0
768,1,1,project,company,opposite,random_remove,attribute_3,all,True,128,128,128,0.0,-0.0078125,0.0078125
768,1,1,project,company,opposite,random_remove,attribute_3,ordinary,True,64,64,64,0.0,-0.015625,0.015625
768,1,1,project,company,opposite,random_remove,attribute_3,old_exception,True,64,64,64,0.0,0.0,0.0
768,1,1,project,company,opposite,random_remove,attribute_4,all,True,128,128,128,0.0,0.0,0.0
768,1,1,project,company,opposite,random_remove,attribute_4,ordinary,True,64,64,64,0.0,0.0,0.0
768,1,1,project,company,opposite,random_remove,attribute_4,old_exception,True,64,64,64,0.0,0.0,0.0
768,1,1,project,company,opposite,random_remove,attribute_5,all,True,128,128,128,0.0,0.0078125,-0.0078125
768,1,1,project,company,opposite,random_remove,attribute_5,ordinary,True,64,64,64,0.0,0.0,0.0
768,1,1,project,company,opposite,random_remove,attribute_5,old_exception,True,64,64,64,0.0,0.015625,-0.015625
768,1,1,project,company,opposite,random_remove,attribute_6,all,True,128,128,128,0.0,0.0,0.0
768,1,1,project,company,opposite,random_remove,attribute_6,ordinary,True,64,64,64,0.0,0.0,0.0
768,1,1,project,company,opposite,random_remove,attribute_6,old_exception,True,64,64,64,0.0,0.0,0.0
768,1,1,project,company,opposite,random_remove,membership,all,True,128,128,128,0.0,0.0,0.0
768,1,1,project,company,opposite,random_remove,membership,ordinary,True,64,64,64,0.0,0.0,0.0
768,1,1,project,company,opposite,random_remove,membership,old_exception,True,64,64,64,0.0,0.0,0.0
768,1,1,project,company,opposite,random_remove,other_chain_actual,all,True,128,128,128,0.0,0.0,0.0
768,1,1,project,company,opposite,random_remove,other_chain_actual,ordinary,True,64,64,64,0.0,0.0,0.0
768,1,1,project,company,opposite,random_remove,other_chain_actual,old_exception,True,64,64,64,0.0,0.0,0.0
768,1,1,project,company,opposite,random_remove,group_root,all,False,64,128,64,0.0,0.0,0.0
768,1,1,project,company,opposite,complement_remove,actual,all,True,128,128,128,0.0,0.0,0.0
768,1,1,project,company,opposite,complement_remove,actual,ordinary,True,64,64,64,0.0,0.0,0.0
768,1,1,project,company,opposite,complement_remove,actual,old_exception,True,64,64,64,0.0,0.0,0.0
768,1,1,project,company,opposite,complement_remove,other_chain_default,all,True,128,128,128,0.0,0.0,0.0
768,1,1,project,company,opposite,complement_remove,other_chain_default,ordinary,True,64,64,64,0.0,0.0,0.0
768,1,1,project,company,opposite,complement_remove,other_chain_default,old_exception,True,64,64,64,0.0,0.0,0.0
768,1,1,project,company,opposite,complement_remove,attribute_3,all,True,128,128,128,0.0,-0.0078125,0.0078125
768,1,1,project,company,opposite,complement_remove,attribute_3,ordinary,True,64,64,64,0.0,-0.015625,0.015625
768,1,1,project,company,opposite,complement_remove,attribute_3,old_exception,True,64,64,64,0.0,0.0,0.0
768,1,1,project,company,opposite,complement_remove,attribute_4,all,True,128,128,128,0.0,0.0,0.0
768,1,1,project,company,opposite,complement_remove,attribute_4,ordinary,True,64,64,64,0.0,0.0,0.0
768,1,1,project,company,opposite,complement_remove,attribute_4,old_exception,True,64,64,64,0.0,0.0,0.0
768,1,1,project,company,opposite,complement_remove,attribute_5,all,True,128,128,128,0.0,0.0,0.0
768,1,1,project,company,opposite,complement_remove,attribute_5,ordinary,True,64,64,64,0.0,0.0,0.0
768,1,1,project,company,opposite,complement_remove,attribute_5,old_exception,True,64,64,64,0.0,0.0,0.0
768,1,1,project,company,opposite,complement_remove,attribute_6,all,True,128,128,128,0.0,0.0,0.0
768,1,1,project,company,opposite,complement_remove,attribute_6,ordinary,True,64,64,64,0.0,0.0,0.0
768,1,1,project,company,opposite,complement_remove,attribute_6,old_exception,True,64,64,64,0.0,0.0,0.0
768,1,1,project,company,opposite,complement_remove,membership,all,True,128,128,128,0.0,0.0,0.0
768,1,1,project,company,opposite,complement_remove,membership,ordinary,True,64,64,64,0.0,0.0,0.0
768,1,1,project,company,opposite,complement_remove,membership,old_exception,True,64,64,64,0.0,0.0,0.0
768,1,1,project,company,opposite,complement_remove,other_chain_actual,all,True,128,128,128,0.0,0.0,0.0
768,1,1,project,company,opposite,complement_remove,other_chain_actual,ordinary,True,64,64,64,0.0,0.0,0.0
768,1,1,project,company,opposite,complement_remove,other_chain_actual,old_exception,True,64,64,64,0.0,0.0,0.0
768,1,1,project,company,opposite,complement_remove,group_root,all,False,64,128,64,0.0,0.0,0.0
768,1,1,project,project,aligned,random_remove,actual,all,True,128,128,128,0.0,0.0,0.0
768,1,1,project,project,aligned,random_remove,actual,ordinary,True,64,64,64,0.0,0.0,0.0
768,1,1,project,project,aligned,random_remove,actual,old_exception,True,64,64,64,0.0,0.0,0.0
768,1,1,project,project,aligned,random_remove,other_chain_default,all,True,128,128,128,0.0,0.0,0.0
768,1,1,project,project,aligned,random_remove,other_chain_default,ordinary,True,64,64,64,0.0,0.0,0.0
768,1,1,project,project,aligned,random_remove,other_chain_default,old_exception,True,64,64,64,0.0,0.0,0.0
768,1,1,project,project,aligned,random_remove,attribute_3,all,True,128,128,128,0.0,0.0,0.0
768,1,1,project,project,aligned,random_remove,attribute_3,ordinary,True,64,64,64,0.0,0.0,0.0
768,1,1,project,project,aligned,random_remove,attribute_3,old_exception,True,64,64,64,0.0,0.0,0.0
768,1,1,project,project,aligned,random_remove,attribute_4,all,True,128,128,128,0.0,0.0,0.0
768,1,1,project,project,aligned,random_remove,attribute_4,ordinary,True,64,64,64,0.0,0.0,0.0
768,1,1,project,project,aligned,random_remove,attribute_4,old_exception,True,64,64,64,0.0,0.0,0.0
768,1,1,project,project,aligned,random_remove,attribute_5,all,True,128,128,128,0.0,0.0,0.0
768,1,1,project,project,aligned,random_remove,attribute_5,ordinary,True,64,64,64,0.0,0.0,0.0
768,1,1,project,project,aligned,random_remove,attribute_5,old_exception,True,64,64,64,0.0,0.0,0.0
768,1,1,project,project,aligned,random_remove,attribute_6,all,True,128,128,128,0.0,0.0078125,-0.0078125
768,1,1,project,project,aligned,random_remove,attribute_6,ordinary,True,64,64,64,0.0,0.015625,-0.015625
768,1,1,project,project,aligned,random_remove,attribute_6,old_exception,True,64,64,64,0.0,0.0,0.0
768,1,1,project,project,aligned,random_remove,membership,all,True,128,128,128,0.0,0.0,0.0
768,1,1,project,project,aligned,random_remove,membership,ordinary,True,64,64,64,0.0,0.0,0.0
768,1,1,project,project,aligned,random_remove,membership,old_exception,True,64,64,64,0.0,0.0,0.0
768,1,1,project,project,aligned,random_remove,other_chain_actual,all,True,128,128,128,0.0,0.0,0.0
768,1,1,project,project,aligned,random_remove,other_chain_actual,ordinary,True,64,64,64,0.0,0.0,0.0
768,1,1,project,project,aligned,random_remove,other_chain_actual,old_exception,True,64,64,64,0.0,0.0,0.0
768,1,1,project,project,aligned,random_remove,group_root,all,False,64,128,64,0.0,0.0,0.0
768,1,1,project,project,aligned,complement_remove,actual,all,True,128,128,128,0.0,0.0,0.0
768,1,1,project,project,aligned,complement_remove,actual,ordinary,True,64,64,64,0.0,0.0,0.0
768,1,1,project,project,aligned,complement_remove,actual,old_exception,True,64,64,64,0.0,0.0,0.0
768,1,1,project,project,aligned,complement_remove,other_chain_default,all,True,128,128,128,0.0,0.0,0.0
768,1,1,project,project,aligned,complement_remove,other_chain_default,ordinary,True,64,64,64,0.0,0.0,0.0
768,1,1,project,project,aligned,complement_remove,other_chain_default,old_exception,True,64,64,64,0.0,0.0,0.0
768,1,1,project,project,aligned,complement_remove,attribute_3,all,True,128,128,128,0.0,0.0,0.0
768,1,1,project,project,aligned,complement_remove,attribute_3,ordinary,True,64,64,64,0.0,0.0,0.0
768,1,1,project,project,aligned,complement_remove,attribute_3,old_exception,True,64,64,64,0.0,0.0,0.0
768,1,1,project,project,aligned,complement_remove,attribute_4,all,True,128,128,128,0.0,0.0,0.0
768,1,1,project,project,aligned,complement_remove,attribute_4,ordinary,True,64,64,64,0.0,0.0,0.0
768,1,1,project,project,aligned,complement_remove,attribute_4,old_exception,True,64,64,64,0.0,0.0,0.0
768,1,1,project,project,aligned,complement_remove,attribute_5,all,True,128,128,128,0.0,0.0,0.0
768,1,1,project,project,aligned,complement_remove,attribute_5,ordinary,True,64,64,64,0.0,0.0,0.0
768,1,1,project,project,aligned,complement_remove,attribute_5,old_exception,True,64,64,64,0.0,0.0,0.0
768,1,1,project,project,aligned,complement_remove,attribute_6,all,True,128,128,128,0.0,0.0078125,-0.0078125
768,1,1,project,project,aligned,complement_remove,attribute_6,ordinary,True,64,64,64,0.0,0.015625,-0.015625
768,1,1,project,project,aligned,complement_remove,attribute_6,old_exception,True,64,64,64,0.0,0.0,0.0
768,1,1,project,project,aligned,complement_remove,membership,all,True,128,128,128,0.0,0.0,0.0
768,1,1,project,project,aligned,complement_remove,membership,ordinary,True,64,64,64,0.0,0.0,0.0
768,1,1,project,project,aligned,complement_remove,membership,old_exception,True,64,64,64,0.0,0.0,0.0
768,1,1,project,project,aligned,complement_remove,other_chain_actual,all,True,128,128,128,0.0,0.0,0.0
768,1,1,project,project,aligned,complement_remove,other_chain_actual,ordinary,True,64,64,64,0.0,0.0,0.0
768,1,1,project,project,aligned,complement_remove,other_chain_actual,old_exception,True,64,64,64,0.0,0.0,0.0
768,1,1,project,project,aligned,complement_remove,group_root,all,False,64,128,64,0.0,0.0,0.0
768,1,1,neither,company,neither,random_remove,actual,all,True,128,128,128,0.0,0.0,0.0
768,1,1,neither,company,neither,random_remove,actual,ordinary,True,64,64,64,0.0,0.0,0.0
768,1,1,neither,company,neither,random_remove,actual,old_exception,True,64,64,64,0.0,0.0,0.0
768,1,1,neither,company,neither,random_remove,other_chain_default,all,True,128,128,128,0.0,0.0,0.0
768,1,1,neither,company,neither,random_remove,other_chain_default,ordinary,True,64,64,64,0.0,0.0,0.0
768,1,1,neither,company,neither,random_remove,other_chain_default,old_exception,True,64,64,64,0.0,0.0,0.0
768,1,1,neither,company,neither,random_remove,attribute_3,all,True,128,128,128,0.0,0.0,0.0
768,1,1,neither,company,neither,random_remove,attribute_3,ordinary,True,64,64,64,0.0,0.0,0.0
768,1,1,neither,company,neither,random_remove,attribute_3,old_exception,True,64,64,64,0.0,0.0,0.0
768,1,1,neither,company,neither,random_remove,attribute_4,all,True,128,128,128,0.0,0.0,0.0
768,1,1,neither,company,neither,random_remove,attribute_4,ordinary,True,64,64,64,0.0,0.0,0.0
768,1,1,neither,company,neither,random_remove,attribute_4,old_exception,True,64,64,64,0.0,0.0,0.0
768,1,1,neither,company,neither,random_remove,attribute_5,all,True,128,128,128,0.0,0.0,0.0
768,1,1,neither,company,neither,random_remove,attribute_5,ordinary,True,64,64,64,0.0,0.0,0.0
768,1,1,neither,company,neither,random_remove,attribute_5,old_exception,True,64,64,64,0.0,0.0,0.0
768,1,1,neither,company,neither,random_remove,attribute_6,all,True,128,128,128,0.0,0.0,0.0
768,1,1,neither,company,neither,random_remove,attribute_6,ordinary,True,64,64,64,0.0,0.0,0.0
768,1,1,neither,company,neither,random_remove,attribute_6,old_exception,True,64,64,64,0.0,0.0,0.0
768,1,1,neither,company,neither,random_remove,membership,all,True,128,128,128,0.0,0.0,0.0
768,1,1,neither,company,neither,random_remove,membership,ordinary,True,64,64,64,0.0,0.0,0.0
768,1,1,neither,company,neither,random_remove,membership,old_exception,True,64,64,64,0.0,0.0,0.0
768,1,1,neither,company,neither,random_remove,other_chain_actual,all,True,128,128,128,0.0,0.0,0.0
768,1,1,neither,company,neither,random_remove,other_chain_actual,ordinary,True,64,64,64,0.0,0.0,0.0
768,1,1,neither,company,neither,random_remove,other_chain_actual,old_exception,True,64,64,64,0.0,0.0,0.0
768,1,1,neither,company,neither,random_remove,group_root,all,False,64,128,64,0.0,0.0,0.0
768,1,1,neither,company,neither,complement_remove,actual,all,True,128,128,128,0.0,0.0,0.0
768,1,1,neither,company,neither,complement_remove,actual,ordinary,True,64,64,64,0.0,0.0,0.0
768,1,1,neither,company,neither,complement_remove,actual,old_exception,True,64,64,64,0.0,0.0,0.0
768,1,1,neither,company,neither,complement_remove,other_chain_default,all,True,128,128,128,0.0,0.0,0.0
768,1,1,neither,company,neither,complement_remove,other_chain_default,ordinary,True,64,64,64,0.0,0.0,0.0
768,1,1,neither,company,neither,complement_remove,other_chain_default,old_exception,True,64,64,64,0.0,0.0,0.0
768,1,1,neither,company,neither,complement_remove,attribute_3,all,True,128,128,128,0.0,0.0,0.0
768,1,1,neither,company,neither,complement_remove,attribute_3,ordinary,True,64,64,64,0.0,0.0,0.0
768,1,1,neither,company,neither,complement_remove,attribute_3,old_exception,True,64,64,64,0.0,0.0,0.0
768,1,1,neither,company,neither,complement_remove,attribute_4,all,True,128,128,128,0.0,0.0,0.0
768,1,1,neither,company,neither,complement_remove,attribute_4,ordinary,True,64,64,64,0.0,0.0,0.0
768,1,1,neither,company,neither,complement_remove,attribute_4,old_exception,True,64,64,64,0.0,0.0,0.0
768,1,1,neither,company,neither,complement_remove,attribute_5,all,True,128,128,128,0.0,0.0,0.0
768,1,1,neither,company,neither,complement_remove,attribute_5,ordinary,True,64,64,64,0.0,0.0,0.0
768,1,1,neither,company,neither,complement_remove,attribute_5,old_exception,True,64,64,64,0.0,0.0,0.0
768,1,1,neither,company,neither,complement_remove,attribute_6,all,True,128,128,128,0.0,0.0,0.0
768,1,1,neither,company,neither,complement_remove,attribute_6,ordinary,True,64,64,64,0.0,0.0,0.0
768,1,1,neither,company,neither,complement_remove,attribute_6,old_exception,True,64,64,64,0.0,0.0,0.0
768,1,1,neither,company,neither,complement_remove,membership,all,True,128,128,128,0.0,0.0,0.0
768,1,1,neither,company,neither,complement_remove,membership,ordinary,True,64,64,64,0.0,0.0,0.0
768,1,1,neither,company,neither,complement_remove,membership,old_exception,True,64,64,64,0.0,0.0,0.0
768,1,1,neither,company,neither,complement_remove,other_chain_actual,all,True,128,128,128,0.0,0.0,0.0
768,1,1,neither,company,neither,complement_remove,other_chain_actual,ordinary,True,64,64,64,0.0,0.0,0.0
768,1,1,neither,company,neither,complement_remove,other_chain_actual,old_exception,True,64,64,64,0.0,0.0,0.0
768,1,1,neither,company,neither,complement_remove,group_root,all,False,64,128,64,0.0,0.0,0.0
768,1,1,neither,project,neither,random_remove,actual,all,True,128,128,128,-0.015625,0.0,-0.015625
768,1,1,neither,project,neither,random_remove,actual,ordinary,True,64,64,64,-0.015625,0.0,-0.015625
768,1,1,neither,project,neither,random_remove,actual,old_exception,True,64,64,64,-0.015625,0.0,-0.015625
768,1,1,neither,project,neither,random_remove,other_chain_default,all,True,128,128,128,-0.015625,0.0,-0.015625
768,1,1,neither,project,neither,random_remove,other_chain_default,ordinary,True,64,64,64,-0.015625,0.0,-0.015625
768,1,1,neither,project,neither,random_remove,other_chain_default,old_exception,True,64,64,64,-0.015625,0.0,-0.015625
768,1,1,neither,project,neither,random_remove,attribute_3,all,True,128,128,128,-0.015625,0.0,-0.015625
768,1,1,neither,project,neither,random_remove,attribute_3,ordinary,True,64,64,64,-0.015625,0.0,-0.015625
768,1,1,neither,project,neither,random_remove,attribute_3,old_exception,True,64,64,64,-0.015625,0.0,-0.015625
768,1,1,neither,project,neither,random_remove,attribute_4,all,True,128,128,128,-0.015625,0.0,-0.015625
768,1,1,neither,project,neither,random_remove,attribute_4,ordinary,True,64,64,64,-0.015625,0.0,-0.015625
768,1,1,neither,project,neither,random_remove,attribute_4,old_exception,True,64,64,64,-0.015625,0.0,-0.015625
768,1,1,neither,project,neither,random_remove,attribute_5,all,True,128,128,128,-0.015625,0.0,-0.015625
768,1,1,neither,project,neither,random_remove,attribute_5,ordinary,True,64,64,64,-0.015625,0.0,-0.015625
768,1,1,neither,project,neither,random_remove,attribute_5,old_exception,True,64,64,64,-0.015625,0.0,-0.015625
768,1,1,neither,project,neither,random_remove,attribute_6,all,True,128,128,128,-0.015625,0.0,-0.015625
768,1,1,neither,project,neither,random_remove,attribute_6,ordinary,True,64,64,64,-0.015625,0.0,-0.015625
768,1,1,neither,project,neither,random_remove,attribute_6,old_exception,True,64,64,64,-0.015625,0.0,-0.015625
768,1,1,neither,project,neither,random_remove,membership,all,True,128,128,128,-0.015625,0.0078125,-0.0234375
768,1,1,neither,project,neither,random_remove,membership,ordinary,True,64,64,64,-0.015625,0.0,-0.015625
768,1,1,neither,project,neither,random_remove,membership,old_exception,True,64,64,64,-0.015625,0.015625,-0.03125
768,1,1,neither,project,neither,random_remove,other_chain_actual,all,True,128,128,128,-0.015625,0.0,-0.015625
768,1,1,neither,project,neither,random_remove,other_chain_actual,ordinary,True,64,64,64,-0.015625,0.0,-0.015625
768,1,1,neither,project,neither,random_remove,other_chain_actual,old_exception,True,64,64,64,-0.015625,0.0,-0.015625
768,1,1,neither,project,neither,random_remove,group_root,all,False,64,128,64,-0.015625,0.0,-0.015625
768,1,1,neither,project,neither,complement_remove,actual,all,True,128,128,128,-0.0078125,0.0,-0.0078125
768,1,1,neither,project,neither,complement_remove,actual,ordinary,True,64,64,64,-0.015625,0.0,-0.015625
768,1,1,neither,project,neither,complement_remove,actual,old_exception,True,64,64,64,0.0,0.0,0.0
768,1,1,neither,project,neither,complement_remove,other_chain_default,all,True,128,128,128,-0.0078125,0.0,-0.0078125
768,1,1,neither,project,neither,complement_remove,other_chain_default,ordinary,True,64,64,64,-0.015625,0.0,-0.015625
768,1,1,neither,project,neither,complement_remove,other_chain_default,old_exception,True,64,64,64,0.0,0.0,0.0
768,1,1,neither,project,neither,complement_remove,attribute_3,all,True,128,128,128,-0.0078125,0.0,-0.0078125
768,1,1,neither,project,neither,complement_remove,attribute_3,ordinary,True,64,64,64,-0.015625,0.0,-0.015625
768,1,1,neither,project,neither,complement_remove,attribute_3,old_exception,True,64,64,64,0.0,0.0,0.0
768,1,1,neither,project,neither,complement_remove,attribute_4,all,True,128,128,128,-0.0078125,0.0,-0.0078125
768,1,1,neither,project,neither,complement_remove,attribute_4,ordinary,True,64,64,64,-0.015625,0.0,-0.015625
768,1,1,neither,project,neither,complement_remove,attribute_4,old_exception,True,64,64,64,0.0,0.0,0.0
768,1,1,neither,project,neither,complement_remove,attribute_5,all,True,128,128,128,-0.0078125,0.0,-0.0078125
768,1,1,neither,project,neither,complement_remove,attribute_5,ordinary,True,64,64,64,-0.015625,0.0,-0.015625
768,1,1,neither,project,neither,complement_remove,attribute_5,old_exception,True,64,64,64,0.0,0.0,0.0
768,1,1,neither,project,neither,complement_remove,attribute_6,all,True,128,128,128,-0.0078125,0.0,-0.0078125
768,1,1,neither,project,neither,complement_remove,attribute_6,ordinary,True,64,64,64,-0.015625,0.0,-0.015625
768,1,1,neither,project,neither,complement_remove,attribute_6,old_exception,True,64,64,64,0.0,0.0,0.0
768,1,1,neither,project,neither,complement_remove,membership,all,True,128,128,128,-0.0078125,0.0234375,-0.03125
768,1,1,neither,project,neither,complement_remove,membership,ordinary,True,64,64,64,-0.015625,0.0,-0.015625
768,1,1,neither,project,neither,complement_remove,membership,old_exception,True,64,64,64,0.0,0.046875,-0.046875
768,1,1,neither,project,neither,complement_remove,other_chain_actual,all,True,128,128,128,-0.0078125,0.0,-0.0078125
768,1,1,neither,project,neither,complement_remove,other_chain_actual,ordinary,True,64,64,64,-0.015625,0.0,-0.015625
768,1,1,neither,project,neither,complement_remove,other_chain_actual,old_exception,True,64,64,64,0.0,0.0,0.0
768,1,1,neither,project,neither,complement_remove,group_root,all,False,64,128,64,-0.0078125,0.0,-0.0078125
