world,seed,condition,step,phase,chain,split,cohort,n,both_prerequisites,membership_accuracy,membership_nll,root_accuracy,root_nll,actual_accuracy,actual_nll
0,0,company,0,unrestricted,company,all,all,2048,0.0,0.0,8.54484748840332,0.0,8.631131172180176,0.0,8.639789581298828
0,0,company,0,unrestricted,company,all,original_exception,128,0.0,0.0,8.536523818969727,0.0,8.631132125854492,0.0,8.629890441894531
0,0,company,0,unrestricted,company,all,ordinary,1920,0.0,0.0,8.545401573181152,0.0,8.631131172180176,0.0,8.640450477600098
0,0,company,0,unrestricted,company,trained,all,1024,0.0,0.0,8.545620918273926,0.0,8.631131172180176,0.0,8.635771751403809
0,0,company,0,unrestricted,company,trained,original_exception,64,0.0,0.0,8.54224681854248,0.0,8.631131172180176,0.0,8.58637523651123
0,0,company,0,unrestricted,company,trained,ordinary,960,0.0,0.0,8.545845985412598,0.0,8.631132125854492,0.0,8.639065742492676
0,0,company,0,unrestricted,company,heldout,all,1024,0.0,0.0,8.544074058532715,0.0,8.631131172180176,0.0,8.643807411193848
0,0,company,0,unrestricted,company,heldout,original_exception,64,0.0,0.0,8.530801773071289,0.0,8.631132125854492,0.0,8.673405647277832
0,0,company,0,unrestricted,company,heldout,ordinary,960,0.0,0.0,8.54495906829834,0.0,8.631131172180176,0.0,8.641833305358887
0,0,company,0,unrestricted,project,all,all,2048,0.0,0.0,8.475568771362305,0.0,8.663841247558594,0.0,8.659919738769531
0,0,company,0,unrestricted,project,all,original_exception,128,0.0,0.0,8.475048065185547,0.0,8.663841247558594,0.0,8.65723991394043
0,0,company,0,unrestricted,project,all,ordinary,1920,0.0,0.0,8.475603103637695,0.0,8.663840293884277,0.0,8.6600980758667
0,0,company,0,unrestricted,project,trained,all,1024,0.0,0.0,8.475946426391602,0.0,8.663840293884277,0.0,8.659443855285645
0,0,company,0,unrestricted,project,trained,original_exception,64,0.0,0.0,8.474205017089844,0.0,8.663841247558594,0.0,8.647100448608398
0,0,company,0,unrestricted,project,trained,ordinary,960,0.0,0.0,8.476062774658203,0.0,8.663840293884277,0.0,8.66026782989502
0,0,company,0,unrestricted,project,heldout,all,1024,0.0,0.0,8.475191116333008,0.0,8.663841247558594,0.0,8.660394668579102
0,0,company,0,unrestricted,project,heldout,original_exception,64,0.0,0.0,8.475892066955566,0.0,8.663841247558594,0.0,8.667377471923828
0,0,company,0,unrestricted,project,heldout,ordinary,960,0.0,0.0,8.475144386291504,0.0,8.663840293884277,0.0,8.659930229187012
0,0,company,0,isolated,company,all,all,2048,0.0,0.0,8.54484748840332,0.0,8.631131172180176,0.0,8.639789581298828
0,0,company,0,isolated,company,all,original_exception,128,0.0,0.0,8.536523818969727,0.0,8.631132125854492,0.0,8.629890441894531
0,0,company,0,isolated,company,all,ordinary,1920,0.0,0.0,8.545401573181152,0.0,8.631131172180176,0.0,8.640450477600098
0,0,company,0,isolated,company,trained,all,1024,0.0,0.0,8.545620918273926,0.0,8.631131172180176,0.0,8.635771751403809
0,0,company,0,isolated,company,trained,original_exception,64,0.0,0.0,8.54224681854248,0.0,8.631131172180176,0.0,8.58637523651123
0,0,company,0,isolated,company,trained,ordinary,960,0.0,0.0,8.545845985412598,0.0,8.631132125854492,0.0,8.639065742492676
0,0,company,0,isolated,company,heldout,all,1024,0.0,0.0,8.544074058532715,0.0,8.631131172180176,0.0,8.643807411193848
0,0,company,0,isolated,company,heldout,original_exception,64,0.0,0.0,8.530801773071289,0.0,8.631132125854492,0.0,8.673405647277832
0,0,company,0,isolated,company,heldout,ordinary,960,0.0,0.0,8.54495906829834,0.0,8.631131172180176,0.0,8.641833305358887
0,0,company,0,isolated,project,all,all,2048,0.0,0.0,8.475568771362305,0.0,8.663841247558594,0.0,8.659919738769531
0,0,company,0,isolated,project,all,original_exception,128,0.0,0.0,8.475048065185547,0.0,8.663841247558594,0.0,8.65723991394043
0,0,company,0,isolated,project,all,ordinary,1920,0.0,0.0,8.475603103637695,0.0,8.663840293884277,0.0,8.6600980758667
0,0,company,0,isolated,project,trained,all,1024,0.0,0.0,8.475946426391602,0.0,8.663840293884277,0.0,8.659443855285645
0,0,company,0,isolated,project,trained,original_exception,64,0.0,0.0,8.474205017089844,0.0,8.663841247558594,0.0,8.647100448608398
0,0,company,0,isolated,project,trained,ordinary,960,0.0,0.0,8.476062774658203,0.0,8.663840293884277,0.0,8.66026782989502
0,0,company,0,isolated,project,heldout,all,1024,0.0,0.0,8.475191116333008,0.0,8.663841247558594,0.0,8.660394668579102
0,0,company,0,isolated,project,heldout,original_exception,64,0.0,0.0,8.475892066955566,0.0,8.663841247558594,0.0,8.667377471923828
0,0,company,0,isolated,project,heldout,ordinary,960,0.0,0.0,8.475144386291504,0.0,8.663840293884277,0.0,8.659930229187012
0,0,company,1280,unrestricted,company,all,all,2048,0.0,0.0,8.189281463623047,1.0,0.2010008990764618,0.43212890625,2.5197267532348633
0,0,company,1280,unrestricted,company,all,original_exception,128,0.0,0.0,8.207942962646484,1.0,0.2010008990764618,0.078125,4.362166881561279
0,0,company,1280,unrestricted,company,all,ordinary,1920,0.0,0.0,8.188037872314453,1.0,0.20100091397762299,0.4557291666666667,2.396897315979004
0,0,company,1280,unrestricted,company,trained,all,1024,0.0,0.0,8.222869873046875,1.0,0.2010008990764618,0.7265625,1.164231538772583
0,0,company,1280,unrestricted,company,trained,original_exception,64,0.0,0.0,8.266242980957031,1.0,0.20100091397762299,0.03125,4.699764251708984
0,0,company,1280,unrestricted,company,trained,ordinary,960,0.0,0.0,8.219979286193848,1.0,0.20100091397762299,0.7729166666666667,0.9285294413566589
0,0,company,1280,unrestricted,company,heldout,all,1024,0.0,0.0,8.155693054199219,1.0,0.20100091397762299,0.1376953125,3.8752217292785645
0,0,company,1280,unrestricted,company,heldout,original_exception,64,0.0,0.0,8.14964485168457,1.0,0.2010008990764618,0.125,4.024568557739258
0,0,company,1280,unrestricted,company,heldout,ordinary,960,0.0,0.0,8.156096458435059,1.0,0.20100091397762299,0.13854166666666667,3.865265369415283
0,0,company,1280,unrestricted,project,all,all,2048,0.0,0.0,8.316596031188965,0.96875,0.623083233833313,0.3701171875,2.935370922088623
0,0,company,1280,unrestricted,project,all,original_exception,128,0.0,0.0,8.33903980255127,0.96875,0.623083233833313,0.0234375,4.703869342803955
0,0,company,1280,unrestricted,project,all,ordinary,1920,0.0,0.0,8.315098762512207,0.96875,0.623083233833313,0.3932291666666667,2.8174707889556885
0,0,company,1280,unrestricted,project,trained,all,1024,0.0,0.0,8.335226058959961,0.96875,0.623083233833313,0.697265625,1.2662017345428467
0,0,company,1280,unrestricted,project,trained,original_exception,64,0.0,0.0,8.329421997070312,0.96875,0.623083233833313,0.0,4.940133094787598
0,0,company,1280,unrestricted,project,trained,ordinary,960,0.0,0.0,8.335612297058105,0.96875,0.6230832934379578,0.74375,1.0212730169296265
0,0,company,1280,unrestricted,project,heldout,all,1024,0.0,0.0,8.297964096069336,0.96875,0.623083233833313,0.04296875,4.60453987121582
0,0,company,1280,unrestricted,project,heldout,original_exception,64,0.0,0.0,8.348658561706543,0.96875,0.623083233833313,0.046875,4.4676055908203125
0,0,company,1280,unrestricted,project,heldout,ordinary,960,0.0,0.0,8.294585227966309,0.96875,0.623083233833313,0.042708333333333334,4.613668918609619
0,0,company,1280,isolated,company,all,all,2048,0.0029296875,0.0029296875,5.0511674880981445,1.0,0.15033283829689026,0.5,1.9905993938446045
0,0,company,1280,isolated,company,all,original_exception,128,0.0,0.0,5.070901870727539,1.0,0.15033283829689026,0.140625,3.4807443618774414
0,0,company,1280,isolated,company,all,ordinary,1920,0.003125,0.003125,5.049851417541504,1.0,0.15033283829689026,0.5239583333333333,1.891256332397461
0,0,company,1280,isolated,company,trained,all,1024,0.0009765625,0.0009765625,5.024622440338135,1.0,0.15033283829689026,0.76171875,1.0178755521774292
0,0,company,1280,isolated,company,trained,original_exception,64,0.0,0.0,4.972864627838135,1.0,0.15033283829689026,0.09375,3.6672754287719727
0,0,company,1280,isolated,company,trained,ordinary,960,0.0010416666666666667,0.0010416666666666667,5.028073310852051,1.0,0.15033283829689026,0.80625,0.8412489295005798
0,0,company,1280,isolated,company,heldout,all,1024,0.0048828125,0.0048828125,5.077711582183838,1.0,0.15033283829689026,0.23828125,2.9633231163024902
0,0,company,1280,isolated,company,heldout,original_exception,64,0.0,0.0,5.168938636779785,1.0,0.15033283829689026,0.1875,3.2942137718200684
0,0,company,1280,isolated,company,heldout,ordinary,960,0.005208333333333333,0.005208333333333333,5.071629524230957,1.0,0.15033285319805145,0.24166666666666667,2.9412639141082764
0,0,company,1280,isolated,project,all,all,2048,0.0,0.0,7.42393159866333,1.0,0.18174803256988525,0.47412109375,2.1073670387268066
0,0,company,1280,isolated,project,all,original_exception,128,0.0,0.0,7.438076496124268,1.0,0.18174801766872406,0.15625,3.459904670715332
0,0,company,1280,isolated,project,all,ordinary,1920,0.0,0.0,7.4229888916015625,1.0,0.18174801766872406,0.4953125,2.017197608947754
0,0,company,1280,isolated,project,trained,all,1024,0.0,0.0,7.479442596435547,1.0,0.18174803256988525,0.67578125,1.1887822151184082
0,0,company,1280,isolated,project,trained,original_exception,64,0.0,0.0,7.289004325866699,1.0,0.18174803256988525,0.046875,3.8666436672210693
0,0,company,1280,isolated,project,trained,ordinary,960,0.0,0.0,7.492138862609863,1.0,0.18174801766872406,0.7177083333333333,1.0102580785751343
0,0,company,1280,isolated,project,heldout,all,1024,0.0,0.0,7.368420600891113,1.0,0.18174801766872406,0.2724609375,3.025951623916626
0,0,company,1280,isolated,project,heldout,original_exception,64,0.0,0.0,7.587148666381836,1.0,0.18174803256988525,0.265625,3.053165912628174
0,0,company,1280,isolated,project,heldout,ordinary,960,0.0,0.0,7.3538384437561035,1.0,0.18174801766872406,0.27291666666666664,3.024137258529663
0,0,company,2560,unrestricted,company,all,all,2048,0.01318359375,0.01318359375,5.97696590423584,1.0,0.024904832243919373,0.77734375,0.8965097665786743
0,0,company,2560,unrestricted,company,all,original_exception,128,0.0,0.0,6.12870979309082,1.0,0.024904834106564522,0.1015625,4.287125587463379
0,0,company,2560,unrestricted,company,all,ordinary,1920,0.0140625,0.0140625,5.9668498039245605,1.0,0.024904830381274223,0.8223958333333333,0.6704686284065247
0,0,company,2560,unrestricted,company,trained,all,1024,0.0146484375,0.0146484375,5.888731479644775,1.0,0.024904832243919373,0.9326171875,0.42902496457099915
0,0,company,2560,unrestricted,company,trained,original_exception,64,0.0,0.0,5.9781060218811035,1.0,0.024904832243919373,0.0,5.118103504180908
0,0,company,2560,unrestricted,company,trained,ordinary,960,0.015625,0.015625,5.882772922515869,1.0,0.024904830381274223,0.9947916666666666,0.116419717669487
0,0,company,2560,unrestricted,company,heldout,all,1024,0.01171875,0.01171875,6.0652008056640625,1.0,0.024904832243919373,0.6220703125,1.3639945983886719
0,0,company,2560,unrestricted,company,heldout,original_exception,64,0.0,0.0,6.279313087463379,1.0,0.024904832243919373,0.203125,3.4561476707458496
0,0,company,2560,unrestricted,company,heldout,ordinary,960,0.0125,0.0125,6.050926685333252,1.0,0.024904834106564522,0.65,1.2245177030563354
0,0,company,2560,unrestricted,project,all,all,2048,0.0,0.0,9.656733512878418,1.0,0.056420303881168365,0.19189453125,3.432708263397217
0,0,company,2560,unrestricted,project,all,original_exception,128,0.0,0.0,10.071141242980957,1.0,0.05642030015587807,0.109375,4.35661506652832
0,0,company,2560,unrestricted,project,all,ordinary,1920,0.0,0.0,9.629105567932129,1.0,0.056420303881168365,0.19739583333333333,3.371114492416382
0,0,company,2560,unrestricted,project,trained,all,1024,0.0,0.0,9.553549766540527,1.0,0.056420303881168365,0.2451171875,3.0184998512268066
0,0,company,2560,unrestricted,project,trained,original_exception,64,0.0,0.0,9.63876724243164,1.0,0.056420303881168365,0.015625,5.058667182922363
0,0,company,2560,unrestricted,project,trained,ordinary,960,0.0,0.0,9.547868728637695,1.0,0.056420303881168365,0.2604166666666667,2.88248872756958
0,0,company,2560,unrestricted,project,heldout,all,1024,0.0,0.0,9.759915351867676,1.0,0.056420303881168365,0.138671875,3.846916675567627
0,0,company,2560,unrestricted,project,heldout,original_exception,64,0.0,0.0,10.50351333618164,1.0,0.05642030015587807,0.203125,3.654562473297119
0,0,company,2560,unrestricted,project,heldout,ordinary,960,0.0,0.0,9.710343360900879,1.0,0.056420303881168365,0.134375,3.8597402572631836
0,0,company,2560,isolated,company,all,all,2048,0.6806640625,0.6806640625,1.1495698690414429,1.0,0.009681686758995056,0.95703125,0.2180231809616089
0,0,company,2560,isolated,company,all,original_exception,128,0.453125,0.453125,2.1753742694854736,1.0,0.009681686758995056,0.4140625,2.5896236896514893
0,0,company,2560,isolated,company,all,ordinary,1920,0.6958333333333333,0.6958333333333333,1.081182837486267,1.0,0.009681686758995056,0.9932291666666667,0.05991648510098457
0,0,company,2560,isolated,company,trained,all,1024,0.6884765625,0.6884765625,1.0458996295928955,1.0,0.009681686758995056,0.947265625,0.2811600863933563
0,0,company,2560,isolated,company,trained,original_exception,64,0.609375,0.609375,1.3687955141067505,1.0,0.009681686758995056,0.171875,3.9563231468200684
0,0,company,2560,isolated,company,trained,ordinary,960,0.69375,0.69375,1.0243732929229736,1.0,0.009681685827672482,0.9989583333333333,0.03614921495318413
0,0,company,2560,isolated,company,heldout,all,1024,0.6728515625,0.6728515625,1.2532401084899902,1.0,0.009681686758995056,0.966796875,0.15488629043102264
0,0,company,2560,isolated,company,heldout,original_exception,64,0.296875,0.296875,2.9819529056549072,1.0,0.009681686758995056,0.65625,1.2229241132736206
0,0,company,2560,isolated,company,heldout,ordinary,960,0.6979166666666666,0.6979166666666666,1.1379926204681396,1.0,0.009681685827672482,0.9875,0.08368375897407532
0,0,company,2560,isolated,project,all,all,2048,0.68798828125,0.68798828125,0.9569679498672485,1.0,0.010953595861792564,0.94189453125,0.2668643891811371
0,0,company,2560,isolated,project,all,original_exception,128,0.4609375,0.4609375,2.1132302284240723,1.0,0.010953597724437714,0.421875,2.6635122299194336
0,0,company,2560,isolated,project,all,ordinary,1920,0.703125,0.703125,0.8798837661743164,1.0,0.010953596793115139,0.9765625,0.1070878654718399
0,0,company,2560,isolated,project,trained,all,1024,0.69140625,0.69140625,0.8630913496017456,1.0,0.010953596793115139,0.935546875,0.3214503824710846
0,0,company,2560,isolated,project,trained,original_exception,64,0.640625,0.640625,1.187659502029419,1.0,0.010953596793115139,0.109375,4.254640579223633
0,0,company,2560,isolated,project,trained,ordinary,960,0.6947916666666667,0.6947916666666667,0.8414534330368042,1.0,0.010953596793115139,0.990625,0.05923774093389511
0,0,company,2560,isolated,project,heldout,all,1024,0.6845703125,0.6845703125,1.050844430923462,1.0,0.010953596793115139,0.9482421875,0.21227838099002838
0,0,company,2560,isolated,project,heldout,original_exception,64,0.28125,0.28125,3.0388007164001465,1.0,0.010953596793115139,0.734375,1.0723841190338135
0,0,company,2560,isolated,project,heldout,ordinary,960,0.7114583333333333,0.7114583333333333,0.9183140993118286,1.0,0.010953596793115139,0.9625,0.1549379974603653
0,0,company,5120,unrestricted,company,all,all,2048,0.986328125,0.986328125,0.12594883143901825,1.0,0.0010606424184516072,0.96435546875,0.1457485854625702
0,0,company,5120,unrestricted,company,all,original_exception,128,0.9765625,0.9765625,0.158716082572937,1.0,0.0010606424184516072,0.703125,0.9279366731643677
0,0,company,5120,unrestricted,company,all,ordinary,1920,0.9869791666666666,0.9869791666666666,0.12376434355974197,1.0,0.0010606423020362854,0.9817708333333334,0.09360269457101822
0,0,company,5120,unrestricted,company,trained,all,1024,0.984375,0.984375,0.11537699401378632,1.0,0.0010606424184516072,0.9638671875,0.14079996943473816
0,0,company,5120,unrestricted,company,trained,original_exception,64,0.984375,0.984375,0.12140189111232758,1.0,0.0010606424184516072,0.5625,1.425520896911621
0,0,company,5120,unrestricted,company,trained,ordinary,960,0.984375,0.984375,0.11497533321380615,1.0,0.0010606424184516072,0.990625,0.05515191704034805
0,0,company,5120,unrestricted,company,heldout,all,1024,0.98828125,0.98828125,0.136520653963089,1.0,0.0010606424184516072,0.96484375,0.15069717168807983
0,0,company,5120,unrestricted,company,heldout,original_exception,64,0.96875,0.96875,0.19603030383586884,1.0,0.0010606424184516072,0.84375,0.4303525984287262
0,0,company,5120,unrestricted,company,heldout,ordinary,960,0.9895833333333334,0.9895833333333334,0.1325533539056778,1.0,0.0010606424184516072,0.9729166666666667,0.13205347955226898
0,0,company,5120,unrestricted,project,all,all,2048,0.94482421875,0.94482421875,0.45124396681785583,1.0,0.0010936878388747573,0.86865234375,0.7110356092453003
0,0,company,5120,unrestricted,project,all,original_exception,128,0.8828125,0.8828125,0.7191624045372009,1.0,0.0010936878388747573,0.71875,1.4255077838897705
0,0,company,5120,unrestricted,project,all,ordinary,1920,0.9489583333333333,0.9489583333333333,0.43338271975517273,1.0,0.0010936878388747573,0.8786458333333333,0.663404107093811
0,0,company,5120,unrestricted,project,trained,all,1024,0.951171875,0.951171875,0.42802923917770386,1.0,0.0010936877224594355,0.8720703125,0.6689968109130859
0,0,company,5120,unrestricted,project,trained,original_exception,64,0.90625,0.90625,0.6060097217559814,1.0,0.0010936878388747573,0.65625,1.508676528930664
0,0,company,5120,unrestricted,project,trained,ordinary,960,0.9541666666666667,0.9541666666666667,0.4161638915538788,1.0,0.0010936878388747573,0.8864583333333333,0.6130181550979614
0,0,company,5120,unrestricted,project,heldout,all,1024,0.9384765625,0.9384765625,0.4744586944580078,1.0,0.0010936877224594355,0.865234375,0.7530744075775146
0,0,company,5120,unrestricted,project,heldout,original_exception,64,0.859375,0.859375,0.8323150873184204,1.0,0.0010936877224594355,0.78125,1.342339038848877
0,0,company,5120,unrestricted,project,heldout,ordinary,960,0.94375,0.94375,0.45060160756111145,1.0,0.0010936878388747573,0.8708333333333333,0.7137900590896606
0,0,company,5120,isolated,company,all,all,2048,0.994140625,0.994140625,0.05926010385155678,1.0,0.0005642807809635997,0.9921875,0.029719283804297447
0,0,company,5120,isolated,company,all,original_exception,128,0.9765625,0.9765625,0.11410719156265259,1.0,0.0005642807809635997,0.9140625,0.3191625475883484
0,0,company,5120,isolated,company,all,ordinary,1920,0.9953125,0.9953125,0.05560363084077835,1.0,0.0005642807809635997,0.9973958333333334,0.010423067957162857
0,0,company,5120,isolated,company,trained,all,1024,0.9921875,0.9921875,0.05748390406370163,1.0,0.0005642807809635997,0.98828125,0.038616470992565155
0,0,company,5120,isolated,company,trained,original_exception,64,0.984375,0.984375,0.08864783495664597,1.0,0.0005642807809635997,0.875,0.4587039351463318
0,0,company,5120,isolated,company,trained,ordinary,960,0.9927083333333333,0.9927083333333333,0.05540630966424942,1.0,0.0005642807809635997,0.9958333333333333,0.010610640048980713
0,0,company,5120,isolated,company,heldout,all,1024,0.99609375,0.99609375,0.061036303639411926,1.0,0.0005642807809635997,0.99609375,0.020822100341320038
0,0,company,5120,isolated,company,heldout,original_exception,64,0.96875,0.96875,0.1395665407180786,1.0,0.0005642807809635997,0.953125,0.17962118983268738
0,0,company,5120,isolated,company,heldout,ordinary,960,0.9979166666666667,0.9979166666666667,0.05580095574259758,1.0,0.0005642807809635997,0.9989583333333333,0.010235496796667576
0,0,company,5120,isolated,project,all,all,2048,0.9951171875,0.9951171875,0.052805282175540924,1.0,0.0006814197404310107,0.98779296875,0.037890348583459854
0,0,company,5120,isolated,project,all,original_exception,128,0.953125,0.953125,0.21944013237953186,1.0,0.0006814197404310107,0.8984375,0.2520501911640167
0,0,company,5120,isolated,project,all,ordinary,1920,0.9979166666666667,0.9979166666666667,0.04169629141688347,1.0,0.0006814197404310107,0.99375,0.023613030090928078
0,0,company,5120,isolated,project,trained,all,1024,0.998046875,0.998046875,0.041392695158720016,1.0,0.0006814197404310107,0.984375,0.044706471264362335
0,0,company,5120,isolated,project,trained,original_exception,64,0.984375,0.984375,0.12350276112556458,1.0,0.0006814197404310107,0.828125,0.4319177269935608
0,0,company,5120,isolated,project,trained,ordinary,960,0.9989583333333333,0.9989583333333333,0.035918690264225006,1.0,0.0006814197404310107,0.9947916666666666,0.01889238879084587
0,0,company,5120,isolated,project,heldout,all,1024,0.9921875,0.9921875,0.06421786546707153,1.0,0.0006814197404310107,0.9912109375,0.031074227765202522
0,0,company,5120,isolated,project,heldout,original_exception,64,0.921875,0.921875,0.31537753343582153,1.0,0.0006814197404310107,0.96875,0.07218262553215027
0,0,company,5120,isolated,project,heldout,ordinary,960,0.996875,0.996875,0.047473885118961334,1.0,0.0006814197404310107,0.9927083333333333,0.028333667665719986
0,0,company,10240,unrestricted,company,all,all,2048,0.9453125,0.9453125,0.21018928289413452,1.0,3.206836117897183e-05,0.98681640625,0.04872697591781616
0,0,company,10240,unrestricted,company,all,original_exception,128,0.9375,0.9375,0.20342323184013367,1.0,3.206836117897183e-05,0.9296875,0.29613280296325684
0,0,company,10240,unrestricted,company,all,ordinary,1920,0.9458333333333333,0.9458333333333333,0.21064035594463348,1.0,3.206836117897183e-05,0.990625,0.03223325312137604
0,0,company,10240,unrestricted,company,trained,all,1024,0.9482421875,0.9482421875,0.1958872228860855,1.0,3.206836117897183e-05,0.9912109375,0.03994382545351982
0,0,company,10240,unrestricted,company,trained,original_exception,64,0.9375,0.9375,0.18522770702838898,1.0,3.2068364816950634e-05,0.921875,0.4075811207294464
0,0,company,10240,unrestricted,company,trained,ordinary,960,0.9489583333333333,0.9489583333333333,0.1965978592634201,1.0,3.206836117897183e-05,0.9958333333333333,0.015434672124683857
0,0,company,10240,unrestricted,company,heldout,all,1024,0.9423828125,0.9423828125,0.22449132800102234,1.0,3.206836117897183e-05,0.982421875,0.057510122656822205
0,0,company,10240,unrestricted,company,heldout,original_exception,64,0.9375,0.9375,0.22161877155303955,1.0,3.206836117897183e-05,0.9375,0.18468444049358368
0,0,company,10240,unrestricted,company,heldout,ordinary,960,0.9427083333333334,0.9427083333333334,0.22468280792236328,1.0,3.206836117897183e-05,0.9854166666666667,0.04903183877468109
0,0,company,10240,unrestricted,project,all,all,2048,0.98046875,0.98046875,0.08518373221158981,1.0,6.594540900550783e-05,0.982421875,0.06692652404308319
0,0,company,10240,unrestricted,project,all,original_exception,128,0.9453125,0.9453125,0.16041316092014313,1.0,6.594540900550783e-05,0.921875,0.24908605217933655
0,0,company,10240,unrestricted,project,all,ordinary,1920,0.9828125,0.9828125,0.08016844093799591,1.0,6.594540172955021e-05,0.9864583333333333,0.05478255823254585
0,0,company,10240,unrestricted,project,trained,all,1024,0.98046875,0.98046875,0.0814870074391365,1.0,6.594540172955021e-05,0.9814453125,0.06261076778173447
0,0,company,10240,unrestricted,project,trained,original_exception,64,0.953125,0.953125,0.14158889651298523,1.0,6.594540900550783e-05,0.890625,0.2621791958808899
0,0,company,10240,unrestricted,project,trained,ordinary,960,0.9822916666666667,0.9822916666666667,0.07748021185398102,1.0,6.594540900550783e-05,0.9875,0.04930621013045311
0,0,company,10240,unrestricted,project,heldout,all,1024,0.98046875,0.98046875,0.08888046443462372,1.0,6.594540900550783e-05,0.9833984375,0.07124227285385132
0,0,company,10240,unrestricted,project,heldout,original_exception,64,0.9375,0.9375,0.17923744022846222,1.0,6.594540172955021e-05,0.953125,0.23599287867546082
0,0,company,10240,unrestricted,project,heldout,ordinary,960,0.9833333333333333,0.9833333333333333,0.0828566625714302,1.0,6.594540900550783e-05,0.9854166666666667,0.0602589026093483
0,0,company,10240,isolated,company,all,all,2048,0.9921875,0.9921875,0.02123023197054863,1.0,9.62955818977207e-05,0.99365234375,0.019640929996967316
0,0,company,10240,isolated,company,all,original_exception,128,0.984375,0.984375,0.041100967675447464,1.0,9.629558917367831e-05,0.96875,0.08068649470806122
0,0,company,10240,isolated,company,all,ordinary,1920,0.9927083333333333,0.9927083333333333,0.019905516877770424,1.0,9.629558917367831e-05,0.9953125,0.015571227297186852
0,0,company,10240,isolated,company,trained,all,1024,0.9921875,0.9921875,0.021878516301512718,1.0,9.62955818977207e-05,0.9951171875,0.014829658903181553
0,0,company,10240,isolated,company,trained,original_exception,64,0.984375,0.984375,0.043695226311683655,1.0,9.62955818977207e-05,0.96875,0.09342008084058762
0,0,company,10240,isolated,company,trained,ordinary,960,0.9927083333333333,0.9927083333333333,0.020424067974090576,1.0,9.629558917367831e-05,0.996875,0.00959029607474804
0,0,company,10240,isolated,company,heldout,all,1024,0.9921875,0.9921875,0.02058195136487484,1.0,9.62955818977207e-05,0.9921875,0.02445220574736595
0,0,company,10240,isolated,company,heldout,original_exception,64,0.984375,0.984375,0.03850670903921127,1.0,9.62955818977207e-05,0.96875,0.06795288622379303
0,0,company,10240,isolated,company,heldout,ordinary,960,0.9927083333333333,0.9927083333333333,0.01938696764409542,1.0,9.629558917367831e-05,0.99375,0.021552156656980515
0,0,company,10240,isolated,project,all,all,2048,0.99609375,0.99609375,0.021978525444865227,1.0,0.00011801805521827191,0.9951171875,0.02488670125603676
0,0,company,10240,isolated,project,all,original_exception,128,1.0,1.0,0.02305557020008564,1.0,0.00011801805521827191,0.953125,0.27085191011428833
0,0,company,10240,isolated,project,all,ordinary,1920,0.9958333333333333,0.9958333333333333,0.021906724199652672,1.0,0.0001180180479423143,0.9979166666666667,0.008489022962749004
0,0,company,10240,isolated,project,trained,all,1024,0.998046875,0.998046875,0.016155384480953217,1.0,0.00011801805521827191,0.99609375,0.02774827927350998
0,0,company,10240,isolated,project,trained,original_exception,64,1.0,1.0,0.016739659011363983,1.0,0.00011801805521827191,0.953125,0.3352394998073578
0,0,company,10240,isolated,project,trained,ordinary,960,0.9979166666666667,0.9979166666666667,0.016116434708237648,1.0,0.0001180180479423143,0.9989583333333333,0.007248863577842712
0,0,company,10240,isolated,project,heldout,all,1024,0.994140625,0.994140625,0.027801668271422386,1.0,0.00011801805521827191,0.994140625,0.022025123238563538
0,0,company,10240,isolated,project,heldout,original_exception,64,1.0,1.0,0.029371481388807297,1.0,0.0001180180479423143,0.953125,0.20646429061889648
0,0,company,10240,isolated,project,heldout,ordinary,960,0.99375,0.99375,0.027697009965777397,1.0,0.0001180180479423143,0.996875,0.009729180485010147
0,0,company,15360,unrestricted,company,all,all,2048,0.9951171875,0.9951171875,0.023015256971120834,1.0,2.2631531464867294e-05,0.98681640625,0.0421118438243866
0,0,company,15360,unrestricted,company,all,original_exception,128,0.984375,0.984375,0.06579276919364929,1.0,2.2631531464867294e-05,0.84375,0.5056938529014587
0,0,company,15360,unrestricted,company,all,ordinary,1920,0.9958333333333333,0.9958333333333333,0.02016342431306839,1.0,2.263152964587789e-05,0.9963541666666667,0.011206379160284996
0,0,company,15360,unrestricted,company,trained,all,1024,0.99609375,0.99609375,0.019523119553923607,1.0,2.2631531464867294e-05,0.98828125,0.0380985401570797
0,0,company,15360,unrestricted,company,trained,original_exception,64,0.984375,0.984375,0.030185773968696594,1.0,2.2631531464867294e-05,0.8125,0.6056507229804993
0,0,company,15360,unrestricted,company,trained,ordinary,960,0.996875,0.996875,0.0188122745603323,1.0,2.2631533283856697e-05,1.0,0.0002617327554617077
0,0,company,15360,unrestricted,company,heldout,all,1024,0.994140625,0.994140625,0.02650739811360836,1.0,2.2631531464867294e-05,0.9853515625,0.046125151216983795
0,0,company,15360,unrestricted,company,heldout,original_exception,64,0.984375,0.984375,0.10139975696802139,1.0,2.2631531464867294e-05,0.875,0.4057370126247406
0,0,company,15360,unrestricted,company,heldout,ordinary,960,0.9947916666666666,0.9947916666666666,0.02151457406580448,1.0,2.263152964587789e-05,0.9927083333333333,0.022151028737425804
0,0,company,15360,unrestricted,project,all,all,2048,0.9921875,0.9921875,0.02989707514643669,1.0,0.00023536017397418618,0.99609375,0.012209588661789894
0,0,company,15360,unrestricted,project,all,original_exception,128,0.9765625,0.9765625,0.08090230077505112,1.0,0.0002353601885261014,0.9765625,0.04757162183523178
0,0,company,15360,unrestricted,project,all,ordinary,1920,0.9932291666666667,0.9932291666666667,0.026496728882193565,1.0,0.00023536017397418618,0.9973958333333334,0.009852119721472263
0,0,company,15360,unrestricted,project,trained,all,1024,0.9931640625,0.9931640625,0.031462691724300385,1.0,0.0002353601885261014,0.99609375,0.011603513732552528
0,0,company,15360,unrestricted,project,trained,original_exception,64,0.96875,0.96875,0.11220439523458481,1.0,0.00023536017397418618,0.96875,0.06236293911933899
0,0,company,15360,unrestricted,project,trained,ordinary,960,0.9947916666666666,0.9947916666666666,0.02607991360127926,1.0,0.00023536017397418618,0.9979166666666667,0.008219551295042038
0,0,company,15360,unrestricted,project,heldout,all,1024,0.9912109375,0.9912109375,0.028331458568572998,1.0,0.0002353601885261014,0.99609375,0.01281566359102726
0,0,company,15360,unrestricted,project,heldout,original_exception,64,0.984375,0.984375,0.04960019886493683,1.0,0.00023536020307801664,0.984375,0.03278029337525368
0,0,company,15360,unrestricted,project,heldout,ordinary,960,0.9916666666666667,0.9916666666666667,0.026913542300462723,1.0,0.00023536017397418618,0.996875,0.011484688147902489
0,0,company,15360,isolated,company,all,all,2048,0.99755859375,0.99755859375,0.009153264574706554,1.0,3.473900869721547e-05,0.99658203125,0.012550056912004948
0,0,company,15360,isolated,company,all,original_exception,128,0.984375,0.984375,0.057035692036151886,1.0,3.473900869721547e-05,0.984375,0.07207426428794861
0,0,company,15360,isolated,company,all,ordinary,1920,0.9984375,0.9984375,0.005961102899163961,1.0,3.4739012335194275e-05,0.9973958333333334,0.008581775240600109
0,0,company,15360,isolated,company,trained,all,1024,0.998046875,0.998046875,0.009988324716687202,1.0,3.4739012335194275e-05,0.9951171875,0.015729980543255806
0,0,company,15360,isolated,company,trained,original_exception,64,0.984375,0.984375,0.08787350356578827,1.0,3.473900869721547e-05,0.96875,0.13024373352527618
0,0,company,15360,isolated,company,trained,ordinary,960,0.9989583333333333,0.9989583333333333,0.004795980639755726,1.0,3.4739012335194275e-05,0.996875,0.008095729164779186
0,0,company,15360,isolated,company,heldout,all,1024,0.9970703125,0.9970703125,0.008318202570080757,1.0,3.4739012335194275e-05,0.998046875,0.00937013141810894
0,0,company,15360,isolated,company,heldout,original_exception,64,0.984375,0.984375,0.026197876781225204,1.0,3.4739012335194275e-05,1.0,0.013904803432524204
0,0,company,15360,isolated,company,heldout,ordinary,960,0.9979166666666667,0.9979166666666667,0.007126225158572197,1.0,3.4739012335194275e-05,0.9979166666666667,0.009067821316421032
0,0,company,15360,isolated,project,all,all,2048,0.99560546875,0.99560546875,0.016977697610855103,1.0,3.557413583621383e-05,0.99267578125,0.024670414626598358
0,0,company,15360,isolated,project,all,original_exception,128,0.9921875,0.9921875,0.03016391396522522,1.0,3.557413583621383e-05,0.9609375,0.12872165441513062
0,0,company,15360,isolated,project,all,ordinary,1920,0.9958333333333333,0.9958333333333333,0.016098614782094955,1.0,3.557413219823502e-05,0.9947916666666666,0.01773366518318653
0,0,company,15360,isolated,project,trained,all,1024,0.99609375,0.99609375,0.02024667337536812,1.0,3.557413583621383e-05,0.994140625,0.017497707158327103
0,0,company,15360,isolated,project,trained,original_exception,64,0.984375,0.984375,0.05321724712848663,1.0,3.557413583621383e-05,0.953125,0.08822058886289597
0,0,company,15360,isolated,project,trained,ordinary,960,0.996875,0.996875,0.018048636615276337,1.0,3.557413219823502e-05,0.996875,0.012782846577465534
0,0,company,15360,isolated,project,heldout,all,1024,0.9951171875,0.9951171875,0.013708719052374363,1.0,3.557413219823502e-05,0.9912109375,0.031843118369579315
0,0,company,15360,isolated,project,heldout,original_exception,64,1.0,1.0,0.0071105752140283585,1.0,3.557413583621383e-05,0.96875,0.16922269761562347
0,0,company,15360,isolated,project,heldout,ordinary,960,0.9947916666666666,0.9947916666666666,0.014148594811558723,1.0,3.557413219823502e-05,0.9927083333333333,0.022684482857584953
0,0,project,0,unrestricted,company,all,all,2048,0.0,0.0,8.54484748840332,0.0,8.631131172180176,0.0,8.639789581298828
0,0,project,0,unrestricted,company,all,original_exception,128,0.0,0.0,8.536523818969727,0.0,8.631132125854492,0.0,8.629890441894531
0,0,project,0,unrestricted,company,all,ordinary,1920,0.0,0.0,8.545401573181152,0.0,8.631131172180176,0.0,8.640450477600098
0,0,project,0,unrestricted,company,trained,all,1024,0.0,0.0,8.545620918273926,0.0,8.631131172180176,0.0,8.635771751403809
0,0,project,0,unrestricted,company,trained,original_exception,64,0.0,0.0,8.54224681854248,0.0,8.631131172180176,0.0,8.58637523651123
0,0,project,0,unrestricted,company,trained,ordinary,960,0.0,0.0,8.545845985412598,0.0,8.631132125854492,0.0,8.639065742492676
0,0,project,0,unrestricted,company,heldout,all,1024,0.0,0.0,8.544074058532715,0.0,8.631131172180176,0.0,8.643807411193848
0,0,project,0,unrestricted,company,heldout,original_exception,64,0.0,0.0,8.530801773071289,0.0,8.631132125854492,0.0,8.673405647277832
0,0,project,0,unrestricted,company,heldout,ordinary,960,0.0,0.0,8.54495906829834,0.0,8.631131172180176,0.0,8.641833305358887
0,0,project,0,unrestricted,project,all,all,2048,0.0,0.0,8.475568771362305,0.0,8.663841247558594,0.0,8.659919738769531
0,0,project,0,unrestricted,project,all,original_exception,128,0.0,0.0,8.475048065185547,0.0,8.663841247558594,0.0,8.65723991394043
0,0,project,0,unrestricted,project,all,ordinary,1920,0.0,0.0,8.475603103637695,0.0,8.663840293884277,0.0,8.6600980758667
0,0,project,0,unrestricted,project,trained,all,1024,0.0,0.0,8.475946426391602,0.0,8.663840293884277,0.0,8.659443855285645
0,0,project,0,unrestricted,project,trained,original_exception,64,0.0,0.0,8.474205017089844,0.0,8.663841247558594,0.0,8.647100448608398
0,0,project,0,unrestricted,project,trained,ordinary,960,0.0,0.0,8.476062774658203,0.0,8.663840293884277,0.0,8.66026782989502
0,0,project,0,unrestricted,project,heldout,all,1024,0.0,0.0,8.475191116333008,0.0,8.663841247558594,0.0,8.660394668579102
0,0,project,0,unrestricted,project,heldout,original_exception,64,0.0,0.0,8.475892066955566,0.0,8.663841247558594,0.0,8.667377471923828
0,0,project,0,unrestricted,project,heldout,ordinary,960,0.0,0.0,8.475144386291504,0.0,8.663840293884277,0.0,8.659930229187012
0,0,project,0,isolated,company,all,all,2048,0.0,0.0,8.54484748840332,0.0,8.631131172180176,0.0,8.639789581298828
0,0,project,0,isolated,company,all,original_exception,128,0.0,0.0,8.536523818969727,0.0,8.631132125854492,0.0,8.629890441894531
0,0,project,0,isolated,company,all,ordinary,1920,0.0,0.0,8.545401573181152,0.0,8.631131172180176,0.0,8.640450477600098
0,0,project,0,isolated,company,trained,all,1024,0.0,0.0,8.545620918273926,0.0,8.631131172180176,0.0,8.635771751403809
0,0,project,0,isolated,company,trained,original_exception,64,0.0,0.0,8.54224681854248,0.0,8.631131172180176,0.0,8.58637523651123
0,0,project,0,isolated,company,trained,ordinary,960,0.0,0.0,8.545845985412598,0.0,8.631132125854492,0.0,8.639065742492676
0,0,project,0,isolated,company,heldout,all,1024,0.0,0.0,8.544074058532715,0.0,8.631131172180176,0.0,8.643807411193848
0,0,project,0,isolated,company,heldout,original_exception,64,0.0,0.0,8.530801773071289,0.0,8.631132125854492,0.0,8.673405647277832
0,0,project,0,isolated,company,heldout,ordinary,960,0.0,0.0,8.54495906829834,0.0,8.631131172180176,0.0,8.641833305358887
0,0,project,0,isolated,project,all,all,2048,0.0,0.0,8.475568771362305,0.0,8.663841247558594,0.0,8.659919738769531
0,0,project,0,isolated,project,all,original_exception,128,0.0,0.0,8.475048065185547,0.0,8.663841247558594,0.0,8.65723991394043
0,0,project,0,isolated,project,all,ordinary,1920,0.0,0.0,8.475603103637695,0.0,8.663840293884277,0.0,8.6600980758667
0,0,project,0,isolated,project,trained,all,1024,0.0,0.0,8.475946426391602,0.0,8.663840293884277,0.0,8.659443855285645
0,0,project,0,isolated,project,trained,original_exception,64,0.0,0.0,8.474205017089844,0.0,8.663841247558594,0.0,8.647100448608398
0,0,project,0,isolated,project,trained,ordinary,960,0.0,0.0,8.476062774658203,0.0,8.663840293884277,0.0,8.66026782989502
0,0,project,0,isolated,project,heldout,all,1024,0.0,0.0,8.475191116333008,0.0,8.663841247558594,0.0,8.660394668579102
0,0,project,0,isolated,project,heldout,original_exception,64,0.0,0.0,8.475892066955566,0.0,8.663841247558594,0.0,8.667377471923828
0,0,project,0,isolated,project,heldout,ordinary,960,0.0,0.0,8.475144386291504,0.0,8.663840293884277,0.0,8.659930229187012
0,0,project,1280,unrestricted,company,all,all,2048,0.0,0.0,7.980007648468018,1.0,0.17688211798667908,0.5048828125,2.1407546997070312
0,0,project,1280,unrestricted,company,all,original_exception,128,0.0,0.0,7.995875835418701,1.0,0.17688211798667908,0.1328125,3.8154497146606445
0,0,project,1280,unrestricted,company,all,ordinary,1920,0.0,0.0,7.978950500488281,1.0,0.17688210308551788,0.5296875,2.0291080474853516
0,0,project,1280,unrestricted,company,trained,all,1024,0.0,0.0,8.057662010192871,1.0,0.17688211798667908,0.779296875,0.9770577549934387
0,0,project,1280,unrestricted,company,trained,original_exception,64,0.0,0.0,8.022242546081543,1.0,0.17688210308551788,0.03125,4.208600997924805
0,0,project,1280,unrestricted,company,trained,ordinary,960,0.0,0.0,8.060023307800293,1.0,0.17688210308551788,0.8291666666666667,0.7616214752197266
0,0,project,1280,unrestricted,company,heldout,all,1024,0.0,0.0,7.9023542404174805,1.0,0.17688211798667908,0.23046875,3.3044514656066895
0,0,project,1280,unrestricted,company,heldout,original_exception,64,0.0,0.0,7.969509601593018,1.0,0.17688211798667908,0.234375,3.4222981929779053
0,0,project,1280,unrestricted,company,heldout,ordinary,960,0.0,0.0,7.8978776931762695,1.0,0.17688210308551788,0.23020833333333332,3.2965948581695557
0,0,project,1280,unrestricted,project,all,all,2048,0.0,0.0,8.585235595703125,0.984375,0.36502930521965027,0.34765625,3.0147666931152344
0,0,project,1280,unrestricted,project,all,original_exception,128,0.0,0.0,8.591093063354492,0.984375,0.36502930521965027,0.0390625,4.673040866851807
0,0,project,1280,unrestricted,project,all,ordinary,1920,0.0,0.0,8.584843635559082,0.984375,0.36502930521965027,0.36822916666666666,2.904215097427368
0,0,project,1280,unrestricted,project,trained,all,1024,0.0,0.0,8.529796600341797,0.984375,0.36502930521965027,0.640625,1.3789466619491577
0,0,project,1280,unrestricted,project,trained,original_exception,64,0.0,0.0,8.53660774230957,0.984375,0.3650292754173279,0.0,4.819545745849609
0,0,project,1280,unrestricted,project,trained,ordinary,960,0.0,0.0,8.529343605041504,0.984375,0.36502930521965027,0.6833333333333333,1.149573564529419
0,0,project,1280,unrestricted,project,heldout,all,1024,0.0,0.0,8.64067268371582,0.984375,0.36502930521965027,0.0546875,4.65058708190918
0,0,project,1280,unrestricted,project,heldout,original_exception,64,0.0,0.0,8.645578384399414,0.984375,0.3650292754173279,0.078125,4.526535987854004
0,0,project,1280,unrestricted,project,heldout,ordinary,960,0.0,0.0,8.64034652709961,0.984375,0.36502930521965027,0.053125,4.658857345581055
0,0,project,1280,isolated,company,all,all,2048,0.00439453125,0.00439453125,4.956634521484375,1.0,0.1453191041946411,0.50390625,1.9780004024505615
0,0,project,1280,isolated,company,all,original_exception,128,0.0,0.0,4.985944747924805,1.0,0.1453191041946411,0.1328125,3.4401907920837402
0,0,project,1280,isolated,company,all,ordinary,1920,0.0046875,0.0046875,4.954680442810059,1.0,0.1453191190958023,0.5286458333333334,1.8805210590362549
0,0,project,1280,isolated,company,trained,all,1024,0.0029296875,0.0029296875,4.923749923706055,1.0,0.1453191041946411,0.7744140625,1.019338607788086
0,0,project,1280,isolated,company,trained,original_exception,64,0.0,0.0,4.884941577911377,1.0,0.1453191190958023,0.09375,3.6288695335388184
0,0,project,1280,isolated,company,trained,ordinary,960,0.003125,0.003125,4.926337718963623,1.0,0.1453191190958023,0.8197916666666667,0.8453699350357056
0,0,project,1280,isolated,company,heldout,all,1024,0.005859375,0.005859375,4.989518165588379,1.0,0.1453191041946411,0.2333984375,2.936662197113037
0,0,project,1280,isolated,company,heldout,original_exception,64,0.0,0.0,5.086946964263916,1.0,0.1453191190958023,0.171875,3.251512289047241
0,0,project,1280,isolated,company,heldout,ordinary,960,0.00625,0.00625,4.983023166656494,1.0,0.1453191190958023,0.2375,2.9156723022460938
0,0,project,1280,isolated,project,all,all,2048,0.0,0.0,7.631210803985596,1.0,0.19320417940616608,0.4697265625,2.1071622371673584
0,0,project,1280,isolated,project,all,original_exception,128,0.0,0.0,7.651743412017822,1.0,0.19320416450500488,0.15625,3.4254698753356934
0,0,project,1280,isolated,project,all,ordinary,1920,0.0,0.0,7.629842281341553,1.0,0.19320417940616608,0.490625,2.019275188446045
0,0,project,1280,isolated,project,trained,all,1024,0.0,0.0,7.6678466796875,1.0,0.19320416450500488,0.673828125,1.2162445783615112
0,0,project,1280,isolated,project,trained,original_exception,64,0.0,0.0,7.496301651000977,1.0,0.19320416450500488,0.0625,3.8165202140808105
0,0,project,1280,isolated,project,trained,ordinary,960,0.0,0.0,7.679283142089844,1.0,0.19320417940616608,0.7145833333333333,1.0428929328918457
0,0,project,1280,isolated,project,heldout,all,1024,0.0,0.0,7.594574928283691,1.0,0.19320417940616608,0.265625,2.998080015182495
0,0,project,1280,isolated,project,heldout,original_exception,64,0.0,0.0,7.807185173034668,1.0,0.19320417940616608,0.25,3.034419298171997
0,0,project,1280,isolated,project,heldout,ordinary,960,0.0,0.0,7.580400466918945,1.0,0.19320417940616608,0.26666666666666666,2.995657444000244
0,0,project,2560,unrestricted,company,all,all,2048,0.0107421875,0.0107421875,4.466684341430664,1.0,0.013843265362083912,0.94384765625,0.2900594472885132
0,0,project,2560,unrestricted,company,all,original_exception,128,0.0078125,0.0078125,4.855720043182373,1.0,0.013843264430761337,0.3046875,3.391944408416748
0,0,project,2560,unrestricted,company,all,ordinary,1920,0.0109375,0.0109375,4.44074821472168,1.0,0.013843265362083912,0.9864583333333333,0.08326710760593414
0,0,project,2560,unrestricted,company,trained,all,1024,0.009765625,0.009765625,4.53092098236084,1.0,0.013843265362083912,0.9404296875,0.32747527956962585
0,0,project,2560,unrestricted,company,trained,original_exception,64,0.015625,0.015625,4.762415885925293,1.0,0.013843265362083912,0.078125,4.682933807373047
0,0,project,2560,unrestricted,company,trained,ordinary,960,0.009375,0.009375,4.515488624572754,1.0,0.013843265362083912,0.9979166666666667,0.037111345678567886
0,0,project,2560,unrestricted,company,heldout,all,1024,0.01171875,0.01171875,4.402447700500488,1.0,0.013843265362083912,0.947265625,0.2526436150074005
0,0,project,2560,unrestricted,company,heldout,original_exception,64,0.0,0.0,4.949024200439453,1.0,0.013843266293406487,0.53125,2.10095477104187
0,0,project,2560,unrestricted,company,heldout,ordinary,960,0.0125,0.0125,4.36600923538208,1.0,0.013843266293406487,0.975,0.1294228732585907
0,0,project,2560,unrestricted,project,all,all,2048,0.0,0.0,10.1427001953125,1.0,0.02003936655819416,0.0458984375,6.209379196166992
0,0,project,2560,unrestricted,project,all,original_exception,128,0.0,0.0,10.386791229248047,1.0,0.02003936842083931,0.015625,7.109097003936768
0,0,project,2560,unrestricted,project,all,ordinary,1920,0.0,0.0,10.126425743103027,1.0,0.02003936842083931,0.04791666666666667,6.149397850036621
0,0,project,2560,unrestricted,project,trained,all,1024,0.0,0.0,10.057591438293457,1.0,0.02003936655819416,0.0546875,5.938570022583008
0,0,project,2560,unrestricted,project,trained,original_exception,64,0.0,0.0,10.389606475830078,1.0,0.02003936655819416,0.0,7.438765525817871
0,0,project,2560,unrestricted,project,trained,ordinary,960,0.0,0.0,10.035457611083984,1.0,0.02003936842083931,0.058333333333333334,5.83855676651001
0,0,project,2560,unrestricted,project,heldout,all,1024,0.0,0.0,10.22780704498291,1.0,0.02003936655819416,0.037109375,6.480188369750977
0,0,project,2560,unrestricted,project,heldout,original_exception,64,0.0,0.0,10.383975982666016,1.0,0.02003936655819416,0.03125,6.779428005218506
0,0,project,2560,unrestricted,project,heldout,ordinary,960,0.0,0.0,10.21739673614502,1.0,0.02003936842083931,0.0375,6.460239887237549
0,0,project,2560,isolated,company,all,all,2048,0.7060546875,0.7060546875,0.9100087881088257,1.0,0.009761919267475605,0.9580078125,0.20571795105934143
0,0,project,2560,isolated,company,all,original_exception,128,0.484375,0.484375,1.9642008543014526,1.0,0.009761919267475605,0.4375,2.461230754852295
0,0,project,2560,isolated,company,all,ordinary,1920,0.7208333333333333,0.7208333333333333,0.839729368686676,1.0,0.009761919267475605,0.9927083333333333,0.05535044148564339
0,0,project,2560,isolated,company,trained,all,1024,0.7158203125,0.7158203125,0.8210912942886353,1.0,0.009761919267475605,0.943359375,0.27957969903945923
0,0,project,2560,isolated,company,trained,original_exception,64,0.609375,0.609375,1.095569372177124,1.0,0.009761919267475605,0.15625,3.9166855812072754
0,0,project,2560,isolated,company,trained,ordinary,960,0.7229166666666667,0.7229166666666667,0.8027927875518799,1.0,0.009761919267475605,0.9958333333333333,0.037105996161699295
0,0,project,2560,isolated,company,heldout,all,1024,0.6962890625,0.6962890625,0.9989262819290161,1.0,0.00976191833615303,0.97265625,0.13185620307922363
0,0,project,2560,isolated,company,heldout,original_exception,64,0.359375,0.359375,2.8328323364257812,1.0,0.009761919267475605,0.71875,1.005775809288025
0,0,project,2560,isolated,company,heldout,ordinary,960,0.71875,0.71875,0.8766658902168274,1.0,0.009761919267475605,0.9895833333333334,0.07359489053487778
0,0,project,2560,isolated,project,all,all,2048,0.71728515625,0.71728515625,0.917141318321228,1.0,0.011189104989171028,0.95458984375,0.23871734738349915
0,0,project,2560,isolated,project,all,original_exception,128,0.46875,0.46875,2.07289457321167,1.0,0.011189104989171028,0.4140625,2.9646246433258057
0,0,project,2560,isolated,project,all,ordinary,1920,0.7338541666666667,0.7338541666666667,0.8400910496711731,1.0,0.011189104989171028,0.990625,0.05699019506573677
0,0,project,2560,isolated,project,trained,all,1024,0.7314453125,0.7314453125,0.8124522566795349,1.0,0.011189104989171028,0.9453125,0.30405038595199585
0,0,project,2560,isolated,project,trained,original_exception,64,0.65625,0.65625,1.0507371425628662,1.0,0.011189104989171028,0.125,4.4610981941223145
0,0,project,2560,isolated,project,trained,ordinary,960,0.7364583333333333,0.7364583333333333,0.7965666055679321,1.0,0.011189104989171028,1.0,0.02691384218633175
0,0,project,2560,isolated,project,heldout,all,1024,0.703125,0.703125,1.0218303203582764,1.0,0.011189104989171028,0.9638671875,0.17338430881500244
0,0,project,2560,isolated,project,heldout,original_exception,64,0.28125,0.28125,3.0950517654418945,1.0,0.011189104989171028,0.703125,1.4681509733200073
0,0,project,2560,isolated,project,heldout,ordinary,960,0.73125,0.73125,0.8836155533790588,1.0,0.011189104989171028,0.98125,0.08706654608249664
0,0,project,5120,unrestricted,company,all,all,2048,0.990234375,0.990234375,0.12132354080677032,1.0,0.0006302784895524383,0.98974609375,0.046879544854164124
0,0,project,5120,unrestricted,company,all,original_exception,128,0.953125,0.953125,0.24764715135097504,1.0,0.0006302784313447773,0.859375,0.39276862144470215
0,0,project,5120,unrestricted,company,all,ordinary,1920,0.9927083333333333,0.9927083333333333,0.1129019632935524,1.0,0.0006302783731371164,0.9984375,0.023820269852876663
0,0,project,5120,unrestricted,company,trained,all,1024,0.994140625,0.994140625,0.09902719408273697,1.0,0.0006302784313447773,0.984375,0.05237419158220291
0,0,project,5120,unrestricted,company,trained,original_exception,64,0.984375,0.984375,0.116135373711586,1.0,0.0006302784313447773,0.75,0.6287827491760254
0,0,project,5120,unrestricted,company,trained,ordinary,960,0.9947916666666666,0.9947916666666666,0.09788664430379868,1.0,0.0006302783731371164,1.0,0.013946952298283577
0,0,project,5120,unrestricted,company,heldout,all,1024,0.986328125,0.986328125,0.14361988008022308,1.0,0.0006302784895524383,0.9951171875,0.04138489067554474
0,0,project,5120,unrestricted,company,heldout,original_exception,64,0.921875,0.921875,0.3791589140892029,1.0,0.0006302784313447773,0.96875,0.15675455331802368
0,0,project,5120,unrestricted,company,heldout,ordinary,960,0.990625,0.990625,0.12791727483272552,1.0,0.0006302783731371164,0.996875,0.033693578094244
0,0,project,5120,unrestricted,project,all,all,2048,0.966796875,0.966796875,0.21022948622703552,1.0,0.003333063330501318,0.7626953125,1.1318562030792236
0,0,project,5120,unrestricted,project,all,original_exception,128,0.84375,0.84375,0.576774537563324,1.0,0.0033330630976706743,0.78125,1.1418766975402832
0,0,project,5120,unrestricted,project,all,ordinary,1920,0.975,0.975,0.18579314649105072,1.0,0.003333063330501318,0.7614583333333333,1.1311880350112915
0,0,project,5120,unrestricted,project,trained,all,1024,0.966796875,0.966796875,0.20202770829200745,1.0,0.0033330630976706743,0.818359375,0.8783395290374756
0,0,project,5120,unrestricted,project,trained,original_exception,64,0.8125,0.8125,0.5708508491516113,1.0,0.003333063330501318,0.734375,1.1624739170074463
0,0,project,5120,unrestricted,project,trained,ordinary,960,0.9770833333333333,0.9770833333333333,0.17743949592113495,1.0,0.003333063330501318,0.8239583333333333,0.8593971729278564
0,0,project,5120,unrestricted,project,heldout,all,1024,0.966796875,0.966796875,0.2184312343597412,1.0,0.003333063330501318,0.70703125,1.3853728771209717
0,0,project,5120,unrestricted,project,heldout,original_exception,64,0.875,0.875,0.5826982855796814,1.0,0.003333063330501318,0.828125,1.1212794780731201
0,0,project,5120,unrestricted,project,heldout,ordinary,960,0.9729166666666667,0.9729166666666667,0.1941467821598053,1.0,0.003333063330501318,0.6989583333333333,1.4029790163040161
0,0,project,5120,isolated,company,all,all,2048,0.9990234375,0.9990234375,0.03562933951616287,1.0,0.0005258842138573527,0.99365234375,0.02164579927921295
0,0,project,5120,isolated,company,all,original_exception,128,0.9921875,0.9921875,0.12384404987096786,1.0,0.0005258842138573527,0.921875,0.20642362534999847
0,0,project,5120,isolated,company,all,ordinary,1920,0.9994791666666667,0.9994791666666667,0.029748359695076942,1.0,0.0005258842720650136,0.9984375,0.009327279403805733
0,0,project,5120,isolated,company,trained,all,1024,1.0,1.0,0.029168900102376938,1.0,0.0005258842138573527,0.9912109375,0.025939125567674637
0,0,project,5120,isolated,company,trained,original_exception,64,1.0,1.0,0.04686883091926575,1.0,0.0005258842138573527,0.875,0.3241666555404663
0,0,project,5120,isolated,company,trained,ordinary,960,1.0,1.0,0.02798890508711338,1.0,0.0005258842138573527,0.9989583333333333,0.00605729129165411
0,0,project,5120,isolated,company,heldout,all,1024,0.998046875,0.998046875,0.04208977892994881,1.0,0.0005258842138573527,0.99609375,0.017352476716041565
0,0,project,5120,isolated,company,heldout,original_exception,64,0.984375,0.984375,0.2008192539215088,1.0,0.0005258842138573527,0.96875,0.08868058025836945
0,0,project,5120,isolated,company,heldout,ordinary,960,0.9989583333333333,0.9989583333333333,0.031507812440395355,1.0,0.0005258842138573527,0.9979166666666667,0.01259726844727993
0,0,project,5120,isolated,project,all,all,2048,0.9951171875,0.9951171875,0.04718763753771782,1.0,0.0006847969489172101,0.9921875,0.03381598740816116
0,0,project,5120,isolated,project,all,original_exception,128,0.9765625,0.9765625,0.14108356833457947,1.0,0.0006847969489172101,0.9296875,0.33478474617004395
0,0,project,5120,isolated,project,all,ordinary,1920,0.9963541666666667,0.9963541666666667,0.040927909314632416,1.0,0.0006847969489172101,0.9963541666666667,0.013751402497291565
0,0,project,5120,isolated,project,trained,all,1024,0.998046875,0.998046875,0.04152502492070198,1.0,0.0006847969489172101,0.9912109375,0.04452400654554367
0,0,project,5120,isolated,project,trained,original_exception,64,1.0,1.0,0.07300125062465668,1.0,0.0006847969489172101,0.890625,0.6002856492996216
0,0,project,5120,isolated,project,trained,ordinary,960,0.9979166666666667,0.9979166666666667,0.039426613599061966,1.0,0.0006847968907095492,0.9979166666666667,0.0074732331559062
0,0,project,5120,isolated,project,heldout,all,1024,0.9921875,0.9921875,0.05285025015473366,1.0,0.0006847969489172101,0.9931640625,0.023107968270778656
0,0,project,5120,isolated,project,heldout,original_exception,64,0.953125,0.953125,0.20916590094566345,1.0,0.0006847969489172101,0.96875,0.06928389519453049
0,0,project,5120,isolated,project,heldout,ordinary,960,0.9947916666666666,0.9947916666666666,0.042429208755493164,1.0,0.0006847969489172101,0.9947916666666666,0.020029572769999504
0,0,project,10240,unrestricted,company,all,all,2048,0.9765625,0.9765625,0.06947560608386993,1.0,5.309049811330624e-05,0.9921875,0.026541706174612045
0,0,project,10240,unrestricted,company,all,original_exception,128,0.9765625,0.9765625,0.09356728196144104,1.0,5.309049811330624e-05,0.8984375,0.28600698709487915
0,0,project,10240,unrestricted,company,all,ordinary,1920,0.9765625,0.9765625,0.06786949187517166,1.0,5.309049811330624e-05,0.9984375,0.009244021959602833
0,0,project,10240,unrestricted,company,trained,all,1024,0.974609375,0.974609375,0.07572928071022034,1.0,5.309049811330624e-05,0.9931640625,0.02093406766653061
0,0,project,10240,unrestricted,company,trained,original_exception,64,0.953125,0.953125,0.11406297981739044,1.0,5.309049811330624e-05,0.890625,0.2946281433105469
0,0,project,10240,unrestricted,company,trained,ordinary,960,0.9760416666666667,0.9760416666666667,0.07317370921373367,1.0,5.309049811330624e-05,1.0,0.002687795553356409
0,0,project,10240,unrestricted,company,heldout,all,1024,0.978515625,0.978515625,0.06322191655635834,1.0,5.3090501751285046e-05,0.9912109375,0.03214934840798378
0,0,project,10240,unrestricted,company,heldout,original_exception,64,1.0,1.0,0.07307156920433044,1.0,5.309049811330624e-05,0.90625,0.2773858308792114
0,0,project,10240,unrestricted,company,heldout,ordinary,960,0.9770833333333333,0.9770833333333333,0.06256527453660965,1.0,5.3090501751285046e-05,0.996875,0.015800246968865395
0,0,project,10240,unrestricted,project,all,all,2048,0.99072265625,0.99072265625,0.03923823684453964,1.0,0.00013542757369577885,0.95361328125,0.16652682423591614
0,0,project,10240,unrestricted,project,all,original_exception,128,0.9765625,0.9765625,0.0890803188085556,1.0,0.00013542757369577885,0.921875,0.3309146761894226
0,0,project,10240,unrestricted,project,all,ordinary,1920,0.9916666666666667,0.9916666666666667,0.03591543063521385,1.0,0.00013542757369577885,0.9557291666666666,0.15556764602661133
0,0,project,10240,unrestricted,project,trained,all,1024,0.9873046875,0.9873046875,0.04400335252285004,1.0,0.00013542757369577885,0.9599609375,0.13867419958114624
0,0,project,10240,unrestricted,project,trained,original_exception,64,0.984375,0.984375,0.07420819252729416,1.0,0.00013542757369577885,0.890625,0.5117937326431274
0,0,project,10240,unrestricted,project,trained,ordinary,960,0.9875,0.9875,0.04198969900608063,1.0,0.00013542757369577885,0.9645833333333333,0.1137995570898056
0,0,project,10240,unrestricted,project,heldout,all,1024,0.994140625,0.994140625,0.03447311744093895,1.0,0.00013542757369577885,0.947265625,0.19437947869300842
0,0,project,10240,unrestricted,project,heldout,original_exception,64,0.96875,0.96875,0.10395245999097824,1.0,0.00013542757369577885,0.953125,0.150035560131073
0,0,project,10240,unrestricted,project,heldout,ordinary,960,0.9958333333333333,0.9958333333333333,0.029841162264347076,1.0,0.00013542758824769408,0.946875,0.19733573496341705
0,0,project,10240,isolated,company,all,all,2048,0.99853515625,0.99853515625,0.005258853547275066,1.0,8.825414988677949e-05,0.99267578125,0.023703932762145996
0,0,project,10240,isolated,company,all,original_exception,128,0.984375,0.984375,0.02989061549305916,1.0,8.825414988677949e-05,0.96875,0.047925595194101334
0,0,project,10240,isolated,company,all,ordinary,1920,0.9994791666666667,0.9994791666666667,0.0036167362704873085,1.0,8.825414988677949e-05,0.9942708333333333,0.02208915539085865
0,0,project,10240,isolated,company,trained,all,1024,0.9990234375,0.9990234375,0.0043581388890743256,1.0,8.825414988677949e-05,0.9951171875,0.012494533322751522
0,0,project,10240,isolated,company,trained,original_exception,64,1.0,1.0,0.0066160219721496105,1.0,8.825414988677949e-05,0.953125,0.059339288622140884
0,0,project,10240,isolated,company,trained,ordinary,960,0.9989583333333333,0.9989583333333333,0.004207612946629524,1.0,8.825414261082187e-05,0.9979166666666667,0.00937154982239008
0,0,project,10240,isolated,company,heldout,all,1024,0.998046875,0.998046875,0.006159569136798382,1.0,8.825414988677949e-05,0.990234375,0.034913331270217896
0,0,project,10240,isolated,company,heldout,original_exception,64,0.96875,0.96875,0.05316520482301712,1.0,8.825414988677949e-05,0.984375,0.036511898040771484
0,0,project,10240,isolated,company,heldout,ordinary,960,1.0,1.0,0.003025859361514449,1.0,8.825414988677949e-05,0.990625,0.034806761890649796
0,0,project,10240,isolated,project,all,all,2048,0.99951171875,0.99951171875,0.005075077060610056,1.0,0.00010814116831170395,0.99853515625,0.007036542519927025
0,0,project,10240,isolated,project,all,original_exception,128,1.0,1.0,0.007945232093334198,1.0,0.00010814117558766156,0.9765625,0.09943963587284088
0,0,project,10240,isolated,project,all,ordinary,1920,0.9994791666666667,0.9994791666666667,0.004883733578026295,1.0,0.00010814117558766156,1.0,0.0008763359510339797
0,0,project,10240,isolated,project,trained,all,1024,1.0,1.0,0.0034778942354023457,1.0,0.00010814117558766156,0.998046875,0.006993565242737532
0,0,project,10240,isolated,project,trained,original_exception,64,1.0,1.0,0.006421031430363655,1.0,0.00010814116103574634,0.96875,0.09689249098300934
0,0,project,10240,isolated,project,trained,ordinary,960,1.0,1.0,0.0032816852908581495,1.0,0.00010814117558766156,1.0,0.0010003035422414541
0,0,project,10240,isolated,project,heldout,all,1024,0.9990234375,0.9990234375,0.0066722603514790535,1.0,0.00010814117558766156,0.9990234375,0.007079519331455231
0,0,project,10240,isolated,project,heldout,original_exception,64,1.0,1.0,0.009469431824982166,1.0,0.00010814117558766156,0.984375,0.10198678821325302
0,0,project,10240,isolated,project,heldout,ordinary,960,0.9989583333333333,0.9989583333333333,0.0064857820980250835,1.0,0.00010814117558766156,1.0,0.0007523683016188443
0,0,project,15360,unrestricted,company,all,all,2048,0.98828125,0.98828125,0.04029687121510506,1.0,2.6215897378278896e-05,0.9912109375,0.026409711688756943
0,0,project,15360,unrestricted,company,all,original_exception,128,0.9765625,0.9765625,0.10463547706604004,1.0,2.62158991972683e-05,0.9140625,0.19413307309150696
0,0,project,15360,unrestricted,company,all,ordinary,1920,0.9890625,0.9890625,0.036007627844810486,1.0,2.62158991972683e-05,0.9963541666666667,0.01522815227508545
0,0,project,15360,unrestricted,company,trained,all,1024,0.990234375,0.990234375,0.03545212745666504,1.0,2.6215901016257703e-05,0.9921875,0.0220598503947258
0,0,project,15360,unrestricted,company,trained,original_exception,64,0.984375,0.984375,0.07610143721103668,1.0,2.62158991972683e-05,0.953125,0.11534323543310165
0,0,project,15360,unrestricted,company,trained,ordinary,960,0.990625,0.990625,0.032742176204919815,1.0,2.62158991972683e-05,0.9947916666666666,0.015840958803892136
0,0,project,15360,unrestricted,company,heldout,all,1024,0.986328125,0.986328125,0.045141614973545074,1.0,2.62158991972683e-05,0.990234375,0.030759569257497787
0,0,project,15360,unrestricted,company,heldout,original_exception,64,0.96875,0.96875,0.1331695169210434,1.0,2.6215897378278896e-05,0.875,0.27292296290397644
0,0,project,15360,unrestricted,company,heldout,ordinary,960,0.9875,0.9875,0.039273086935281754,1.0,2.6215897378278896e-05,0.9979166666666667,0.014615346677601337
0,0,project,15360,unrestricted,project,all,all,2048,0.99658203125,0.99658203125,0.017697272822260857,1.0,6.393485091393813e-05,0.98388671875,0.055571381002664566
0,0,project,15360,unrestricted,project,all,original_exception,128,0.9921875,0.9921875,0.050465650856494904,1.0,6.393485818989575e-05,0.984375,0.04854419082403183
0,0,project,15360,unrestricted,project,all,ordinary,1920,0.996875,0.996875,0.01551271416246891,1.0,6.393485091393813e-05,0.9838541666666667,0.05603986233472824
0,0,project,15360,unrestricted,project,trained,all,1024,0.99609375,0.99609375,0.015861080959439278,1.0,6.393485091393813e-05,0.9921875,0.027875488623976707
0,0,project,15360,unrestricted,project,trained,original_exception,64,1.0,1.0,0.016047148033976555,1.0,6.393484363798052e-05,1.0,0.025670282542705536
0,0,project,15360,unrestricted,project,trained,ordinary,960,0.9958333333333333,0.9958333333333333,0.01584867388010025,1.0,6.393485091393813e-05,0.9916666666666667,0.02802250348031521
0,0,project,15360,unrestricted,project,heldout,all,1024,0.9970703125,0.9970703125,0.019533466547727585,1.0,6.393485091393813e-05,0.9755859375,0.08326727151870728
0,0,project,15360,unrestricted,project,heldout,original_exception,64,0.984375,0.984375,0.0848841518163681,1.0,6.393485091393813e-05,0.96875,0.07141810655593872
0,0,project,15360,unrestricted,project,heldout,ordinary,960,0.9979166666666667,0.9979166666666667,0.015176753513514996,1.0,6.393485091393813e-05,0.9760416666666667,0.08405721932649612
0,0,project,15360,isolated,company,all,all,2048,0.99755859375,0.99755859375,0.01029951497912407,1.0,2.5061221094802022e-05,0.99755859375,0.01214876864105463
0,0,project,15360,isolated,company,all,original_exception,128,0.9921875,0.9921875,0.04088100790977478,1.0,2.506121927581262e-05,0.984375,0.044078826904296875
0,0,project,15360,isolated,company,all,ordinary,1920,0.9979166666666667,0.9979166666666667,0.008260748349130154,1.0,2.506121927581262e-05,0.9984375,0.01002009678632021
0,0,project,15360,isolated,company,trained,all,1024,1.0,1.0,0.003766536945477128,1.0,2.5061221094802022e-05,1.0,0.002598654478788376
0,0,project,15360,isolated,company,trained,original_exception,64,1.0,1.0,0.005023750942200422,1.0,2.5061221094802022e-05,1.0,0.0046814498491585255
0,0,project,15360,isolated,company,trained,ordinary,960,1.0,1.0,0.003682722570374608,1.0,2.5061222913791426e-05,1.0,0.0024598012678325176
0,0,project,15360,isolated,company,heldout,all,1024,0.9951171875,0.9951171875,0.016832493245601654,1.0,2.5061221094802022e-05,0.9951171875,0.021698884665966034
0,0,project,15360,isolated,company,heldout,original_exception,64,0.984375,0.984375,0.07673827558755875,1.0,2.5061221094802022e-05,0.96875,0.08347621560096741
0,0,project,15360,isolated,company,heldout,ordinary,960,0.9958333333333333,0.9958333333333333,0.012838775292038918,1.0,2.5061221094802022e-05,0.996875,0.017580393701791763
0,0,project,15360,isolated,project,all,all,2048,0.99609375,0.99609375,0.012186761014163494,1.0,3.606390600907616e-05,0.998046875,0.008480322547256947
0,0,project,15360,isolated,project,all,original_exception,128,0.96875,0.96875,0.09061996638774872,1.0,3.606390964705497e-05,0.984375,0.04378502070903778
0,0,project,15360,isolated,project,all,ordinary,1920,0.9979166666666667,0.9979166666666667,0.00695788161829114,1.0,3.606390600907616e-05,0.9989583333333333,0.0061266738921403885
0,0,project,15360,isolated,project,trained,all,1024,0.994140625,0.994140625,0.011473003774881363,1.0,3.606390964705497e-05,0.998046875,0.004905435722321272
0,0,project,15360,isolated,project,trained,original_exception,64,0.953125,0.953125,0.0645560473203659,1.0,3.606390600907616e-05,0.984375,0.0481242761015892
0,0,project,15360,isolated,project,trained,ordinary,960,0.996875,0.996875,0.007934133522212505,1.0,3.606390600907616e-05,0.9989583333333333,0.0020241797901690006
0,0,project,15360,isolated,project,heldout,all,1024,0.998046875,0.998046875,0.012900518253445625,1.0,3.606390600907616e-05,0.998046875,0.01205520797520876
0,0,project,15360,isolated,project,heldout,original_exception,64,0.984375,0.984375,0.11668387800455093,1.0,3.606390964705497e-05,0.984375,0.039445772767066956
0,0,project,15360,isolated,project,heldout,ordinary,960,0.9989583333333333,0.9989583333333333,0.005981628317385912,1.0,3.606390600907616e-05,0.9989583333333333,0.010229170322418213
0,0,neither,0,unrestricted,company,all,all,2048,0.0,0.0,8.54484748840332,0.0,8.631131172180176,0.0,8.639789581298828
0,0,neither,0,unrestricted,company,all,original_exception,128,0.0,0.0,8.536523818969727,0.0,8.631132125854492,0.0,8.629890441894531
0,0,neither,0,unrestricted,company,all,ordinary,1920,0.0,0.0,8.545401573181152,0.0,8.631131172180176,0.0,8.640450477600098
0,0,neither,0,unrestricted,company,trained,all,1024,0.0,0.0,8.545620918273926,0.0,8.631131172180176,0.0,8.635771751403809
0,0,neither,0,unrestricted,company,trained,original_exception,64,0.0,0.0,8.54224681854248,0.0,8.631131172180176,0.0,8.58637523651123
0,0,neither,0,unrestricted,company,trained,ordinary,960,0.0,0.0,8.545845985412598,0.0,8.631132125854492,0.0,8.639065742492676
0,0,neither,0,unrestricted,company,heldout,all,1024,0.0,0.0,8.544074058532715,0.0,8.631131172180176,0.0,8.643807411193848
0,0,neither,0,unrestricted,company,heldout,original_exception,64,0.0,0.0,8.530801773071289,0.0,8.631132125854492,0.0,8.673405647277832
0,0,neither,0,unrestricted,company,heldout,ordinary,960,0.0,0.0,8.54495906829834,0.0,8.631131172180176,0.0,8.641833305358887
0,0,neither,0,unrestricted,project,all,all,2048,0.0,0.0,8.475568771362305,0.0,8.663841247558594,0.0,8.659919738769531
0,0,neither,0,unrestricted,project,all,original_exception,128,0.0,0.0,8.475048065185547,0.0,8.663841247558594,0.0,8.65723991394043
0,0,neither,0,unrestricted,project,all,ordinary,1920,0.0,0.0,8.475603103637695,0.0,8.663840293884277,0.0,8.6600980758667
0,0,neither,0,unrestricted,project,trained,all,1024,0.0,0.0,8.475946426391602,0.0,8.663840293884277,0.0,8.659443855285645
0,0,neither,0,unrestricted,project,trained,original_exception,64,0.0,0.0,8.474205017089844,0.0,8.663841247558594,0.0,8.647100448608398
0,0,neither,0,unrestricted,project,trained,ordinary,960,0.0,0.0,8.476062774658203,0.0,8.663840293884277,0.0,8.66026782989502
0,0,neither,0,unrestricted,project,heldout,all,1024,0.0,0.0,8.475191116333008,0.0,8.663841247558594,0.0,8.660394668579102
0,0,neither,0,unrestricted,project,heldout,original_exception,64,0.0,0.0,8.475892066955566,0.0,8.663841247558594,0.0,8.667377471923828
0,0,neither,0,unrestricted,project,heldout,ordinary,960,0.0,0.0,8.475144386291504,0.0,8.663840293884277,0.0,8.659930229187012
0,0,neither,0,isolated,company,all,all,2048,0.0,0.0,8.54484748840332,0.0,8.631131172180176,0.0,8.639789581298828
0,0,neither,0,isolated,company,all,original_exception,128,0.0,0.0,8.536523818969727,0.0,8.631132125854492,0.0,8.629890441894531
0,0,neither,0,isolated,company,all,ordinary,1920,0.0,0.0,8.545401573181152,0.0,8.631131172180176,0.0,8.640450477600098
0,0,neither,0,isolated,company,trained,all,1024,0.0,0.0,8.545620918273926,0.0,8.631131172180176,0.0,8.635771751403809
0,0,neither,0,isolated,company,trained,original_exception,64,0.0,0.0,8.54224681854248,0.0,8.631131172180176,0.0,8.58637523651123
0,0,neither,0,isolated,company,trained,ordinary,960,0.0,0.0,8.545845985412598,0.0,8.631132125854492,0.0,8.639065742492676
0,0,neither,0,isolated,company,heldout,all,1024,0.0,0.0,8.544074058532715,0.0,8.631131172180176,0.0,8.643807411193848
0,0,neither,0,isolated,company,heldout,original_exception,64,0.0,0.0,8.530801773071289,0.0,8.631132125854492,0.0,8.673405647277832
0,0,neither,0,isolated,company,heldout,ordinary,960,0.0,0.0,8.54495906829834,0.0,8.631131172180176,0.0,8.641833305358887
0,0,neither,0,isolated,project,all,all,2048,0.0,0.0,8.475568771362305,0.0,8.663841247558594,0.0,8.659919738769531
0,0,neither,0,isolated,project,all,original_exception,128,0.0,0.0,8.475048065185547,0.0,8.663841247558594,0.0,8.65723991394043
0,0,neither,0,isolated,project,all,ordinary,1920,0.0,0.0,8.475603103637695,0.0,8.663840293884277,0.0,8.6600980758667
0,0,neither,0,isolated,project,trained,all,1024,0.0,0.0,8.475946426391602,0.0,8.663840293884277,0.0,8.659443855285645
0,0,neither,0,isolated,project,trained,original_exception,64,0.0,0.0,8.474205017089844,0.0,8.663841247558594,0.0,8.647100448608398
0,0,neither,0,isolated,project,trained,ordinary,960,0.0,0.0,8.476062774658203,0.0,8.663840293884277,0.0,8.66026782989502
0,0,neither,0,isolated,project,heldout,all,1024,0.0,0.0,8.475191116333008,0.0,8.663841247558594,0.0,8.660394668579102
0,0,neither,0,isolated,project,heldout,original_exception,64,0.0,0.0,8.475892066955566,0.0,8.663841247558594,0.0,8.667377471923828
0,0,neither,0,isolated,project,heldout,ordinary,960,0.0,0.0,8.475144386291504,0.0,8.663840293884277,0.0,8.659930229187012
0,0,neither,1280,unrestricted,company,all,all,2048,0.0,0.0,7.562166213989258,1.0,0.580988347530365,0.46630859375,2.4708073139190674
0,0,neither,1280,unrestricted,company,all,original_exception,128,0.0,0.0,7.564231872558594,1.0,0.580988347530365,0.0625,3.895386219024658
0,0,neither,1280,unrestricted,company,all,ordinary,1920,0.0,0.0,7.562028884887695,1.0,0.5809882879257202,0.49322916666666666,2.3758351802825928
0,0,neither,1280,unrestricted,company,trained,all,1024,0.0,0.0,7.598916053771973,1.0,0.580988347530365,0.771484375,1.4819060564041138
0,0,neither,1280,unrestricted,company,trained,original_exception,64,0.0,0.0,7.577625751495361,1.0,0.580988347530365,0.03125,4.029560565948486
0,0,neither,1280,unrestricted,company,trained,ordinary,960,0.0,0.0,7.600335121154785,1.0,0.5809882879257202,0.8208333333333333,1.3120625019073486
0,0,neither,1280,unrestricted,company,heldout,all,1024,0.0,0.0,7.525416851043701,1.0,0.580988347530365,0.1611328125,3.4597084522247314
0,0,neither,1280,unrestricted,company,heldout,original_exception,64,0.0,0.0,7.550837993621826,1.0,0.5809882879257202,0.09375,3.76121187210083
0,0,neither,1280,unrestricted,company,heldout,ordinary,960,0.0,0.0,7.523722171783447,1.0,0.5809882879257202,0.165625,3.439608335494995
0,0,neither,1280,unrestricted,project,all,all,2048,0.0,0.0,7.9579010009765625,0.734375,1.8679033517837524,0.333984375,3.0002379417419434
0,0,neither,1280,unrestricted,project,all,original_exception,128,0.0,0.0,7.935093879699707,0.734375,1.867903470993042,0.015625,4.29827880859375
0,0,neither,1280,unrestricted,project,all,ordinary,1920,0.0,0.0,7.959421634674072,0.734375,1.8679033517837524,0.35520833333333335,2.9137015342712402
0,0,neither,1280,unrestricted,project,trained,all,1024,0.0,0.0,7.920984745025635,0.734375,1.867903470993042,0.623046875,1.8027255535125732
0,0,neither,1280,unrestricted,project,trained,original_exception,64,0.0,0.0,7.910830974578857,0.734375,1.867903470993042,0.0,4.434887886047363
0,0,neither,1280,unrestricted,project,trained,ordinary,960,0.0,0.0,7.921661376953125,0.734375,1.8679033517837524,0.6645833333333333,1.627247929573059
0,0,neither,1280,unrestricted,project,heldout,all,1024,0.0,0.0,7.99481725692749,0.734375,1.867903470993042,0.044921875,4.197750091552734
0,0,neither,1280,unrestricted,project,heldout,original_exception,64,0.0,0.0,7.959356307983398,0.734375,1.867903470993042,0.03125,4.161669731140137
0,0,neither,1280,unrestricted,project,heldout,ordinary,960,0.0,0.0,7.9971818923950195,0.734375,1.8679033517837524,0.04583333333333333,4.200155735015869
0,0,neither,1280,isolated,company,all,all,2048,0.00244140625,0.00244140625,4.9988508224487305,1.0,0.1396678388118744,0.50830078125,1.962228536605835
0,0,neither,1280,isolated,company,all,original_exception,128,0.0,0.0,5.024874210357666,1.0,0.1396678239107132,0.1484375,3.426095962524414
0,0,neither,1280,isolated,company,all,ordinary,1920,0.0026041666666666665,0.0026041666666666665,4.997115612030029,1.0,0.1396678239107132,0.5322916666666667,1.8646373748779297
0,0,neither,1280,isolated,company,trained,all,1024,0.001953125,0.001953125,4.967358589172363,1.0,0.1396678388118744,0.775390625,1.0052807331085205
0,0,neither,1280,isolated,company,trained,original_exception,64,0.0,0.0,4.927215576171875,1.0,0.1396678388118744,0.078125,3.638761281967163
0,0,neither,1280,isolated,company,trained,ordinary,960,0.0020833333333333333,0.0020833333333333333,4.970034599304199,1.0,0.1396678239107132,0.821875,0.829715371131897
0,0,neither,1280,isolated,company,heldout,all,1024,0.0029296875,0.0029296875,5.0303425788879395,1.0,0.1396678388118744,0.2412109375,2.9191761016845703
0,0,neither,1280,isolated,company,heldout,original_exception,64,0.0,0.0,5.122532844543457,1.0,0.1396678388118744,0.21875,3.213430404663086
0,0,neither,1280,isolated,company,heldout,ordinary,960,0.003125,0.003125,5.024196147918701,1.0,0.1396678239107132,0.24270833333333333,2.8995590209960938
0,0,neither,1280,isolated,project,all,all,2048,0.0,0.0,7.619098663330078,1.0,0.17968948185443878,0.47021484375,2.0960309505462646
0,0,neither,1280,isolated,project,all,original_exception,128,0.0,0.0,7.628739833831787,1.0,0.17968948185443878,0.15625,3.4013609886169434
0,0,neither,1280,isolated,project,all,ordinary,1920,0.0,0.0,7.618455410003662,1.0,0.17968948185443878,0.49114583333333334,2.0090088844299316
0,0,neither,1280,isolated,project,trained,all,1024,0.0,0.0,7.650030136108398,1.0,0.17968948185443878,0.6689453125,1.205612301826477
0,0,neither,1280,isolated,project,trained,original_exception,64,0.0,0.0,7.465144157409668,1.0,0.17968948185443878,0.0625,3.783008098602295
0,0,neither,1280,isolated,project,trained,ordinary,960,0.0,0.0,7.662355899810791,1.0,0.17968948185443878,0.709375,1.0337859392166138
0,0,neither,1280,isolated,project,heldout,all,1024,0.0,0.0,7.5881667137146,1.0,0.17968948185443878,0.271484375,2.986449718475342
0,0,neither,1280,isolated,project,heldout,original_exception,64,0.0,0.0,7.7923359870910645,1.0,0.17968948185443878,0.25,3.019713878631592
0,0,neither,1280,isolated,project,heldout,ordinary,960,0.0,0.0,7.574555397033691,1.0,0.17968948185443878,0.27291666666666664,2.984232187271118
0,0,neither,2560,unrestricted,company,all,all,2048,0.31689453125,0.31689453125,3.4805047512054443,1.0,0.02238188311457634,0.9130859375,0.4827079176902771
0,0,neither,2560,unrestricted,company,all,original_exception,128,0.21875,0.21875,4.077176094055176,1.0,0.02238188311457634,0.1484375,3.728843927383423
0,0,neither,2560,unrestricted,company,all,ordinary,1920,0.3234375,0.3234375,3.4407267570495605,1.0,0.02238188125193119,0.9640625,0.26629889011383057
0,0,neither,2560,unrestricted,company,trained,all,1024,0.3115234375,0.3115234375,3.485306739807129,1.0,0.02238188311457634,0.9375,0.3783714175224304
0,0,neither,2560,unrestricted,company,trained,original_exception,64,0.28125,0.28125,3.8342103958129883,1.0,0.02238188311457634,0.015625,4.362072467803955
0,0,neither,2560,unrestricted,company,trained,ordinary,960,0.31354166666666666,0.31354166666666666,3.4620468616485596,1.0,0.02238188125193119,0.9989583333333333,0.11279137432575226
0,0,neither,2560,unrestricted,company,heldout,all,1024,0.322265625,0.322265625,3.4757022857666016,1.0,0.02238188311457634,0.888671875,0.5870444774627686
0,0,neither,2560,unrestricted,company,heldout,original_exception,64,0.15625,0.15625,4.320141792297363,1.0,0.02238188311457634,0.28125,3.0956153869628906
0,0,neither,2560,unrestricted,company,heldout,ordinary,960,0.3333333333333333,0.3333333333333333,3.4194064140319824,1.0,0.02238188125193119,0.9291666666666667,0.41980642080307007
0,0,neither,2560,unrestricted,project,all,all,2048,0.07275390625,0.07275390625,4.2394585609436035,1.0,0.059556744992733,0.107421875,3.84727144241333
0,0,neither,2560,unrestricted,project,all,original_exception,128,0.0703125,0.0703125,4.462149620056152,1.0,0.0595567487180233,0.0234375,4.683966159820557
0,0,neither,2560,unrestricted,project,all,ordinary,1920,0.07291666666666667,0.07291666666666667,4.224612236022949,1.0,0.059556744992733,0.11302083333333333,3.7914915084838867
0,0,neither,2560,unrestricted,project,trained,all,1024,0.0908203125,0.0908203125,4.006540298461914,1.0,0.059556744992733,0.126953125,3.6693167686462402
0,0,neither,2560,unrestricted,project,trained,original_exception,64,0.0625,0.0625,4.075005531311035,1.0,0.0595567412674427,0.015625,4.615792274475098
0,0,neither,2560,unrestricted,project,trained,ordinary,960,0.09270833333333334,0.09270833333333334,4.001976490020752,1.0,0.059556744992733,0.134375,3.606218099594116
0,0,neither,2560,unrestricted,project,heldout,all,1024,0.0546875,0.0546875,4.472375869750977,1.0,0.059556744992733,0.087890625,4.025225639343262
0,0,neither,2560,unrestricted,project,heldout,original_exception,64,0.078125,0.078125,4.849294185638428,1.0,0.059556744992733,0.03125,4.752140998840332
0,0,neither,2560,unrestricted,project,heldout,ordinary,960,0.053125,0.053125,4.447248458862305,1.0,0.059556744992733,0.09166666666666666,3.9767649173736572
0,0,neither,2560,isolated,company,all,all,2048,0.75341796875,0.75341796875,0.8691851496696472,1.0,0.009307312779128551,0.94921875,0.24888116121292114
0,0,neither,2560,isolated,company,all,original_exception,128,0.5390625,0.5390625,1.776087760925293,1.0,0.009307311847805977,0.359375,2.810213565826416
0,0,neither,2560,isolated,company,all,ordinary,1920,0.7677083333333333,0.7677083333333333,0.8087249994277954,1.0,0.009307312779128551,0.9885416666666667,0.07812568545341492
0,0,neither,2560,isolated,company,trained,all,1024,0.759765625,0.759765625,0.7999624609947205,1.0,0.009307313710451126,0.9384765625,0.29736101627349854
0,0,neither,2560,isolated,company,trained,original_exception,64,0.71875,0.71875,1.0494940280914307,1.0,0.009307313710451126,0.140625,3.915734052658081
0,0,neither,2560,isolated,company,trained,ordinary,960,0.7625,0.7625,0.7833269834518433,1.0,0.009307312779128551,0.9916666666666667,0.05613618716597557
0,0,neither,2560,isolated,company,heldout,all,1024,0.7470703125,0.7470703125,0.938407838344574,1.0,0.009307312779128551,0.9599609375,0.20040130615234375
0,0,neither,2560,isolated,company,heldout,original_exception,64,0.359375,0.359375,2.5026814937591553,1.0,0.009307313710451126,0.578125,1.7046935558319092
0,0,neither,2560,isolated,company,heldout,ordinary,960,0.7729166666666667,0.7729166666666667,0.8341229557991028,1.0,0.009307312779128551,0.9854166666666667,0.10011516511440277
0,0,neither,2560,isolated,project,all,all,2048,0.71484375,0.71484375,0.949593186378479,1.0,0.010009344667196274,0.95263671875,0.23061133921146393
0,0,neither,2560,isolated,project,all,original_exception,128,0.4453125,0.4453125,2.012821912765503,1.0,0.010009344667196274,0.3984375,2.7054855823516846
0,0,neither,2560,isolated,project,all,ordinary,1920,0.7328125,0.7328125,0.8787113428115845,1.0,0.010009345598518848,0.9895833333333334,0.06561972200870514
0,0,neither,2560,isolated,project,trained,all,1024,0.72265625,0.72265625,0.8503512144088745,1.0,0.010009344667196274,0.9453125,0.2921871542930603
0,0,neither,2560,isolated,project,trained,original_exception,64,0.625,0.625,1.1500091552734375,1.0,0.010009344667196274,0.125,4.219234943389893
0,0,neither,2560,isolated,project,trained,ordinary,960,0.7291666666666666,0.7291666666666666,0.8303740620613098,1.0,0.010009344667196274,1.0,0.030383937060832977
0,0,neither,2560,isolated,project,heldout,all,1024,0.70703125,0.70703125,1.0488351583480835,1.0,0.010009344667196274,0.9599609375,0.16903553903102875
0,0,neither,2560,isolated,project,heldout,original_exception,64,0.265625,0.265625,2.8756349086761475,1.0,0.010009344667196274,0.671875,1.1917359828948975
0,0,neither,2560,isolated,project,heldout,ordinary,960,0.7364583333333333,0.7364583333333333,0.9270485639572144,1.0,0.010009345598518848,0.9791666666666666,0.1008555069565773
0,0,neither,5120,unrestricted,company,all,all,2048,0.9853515625,0.9853515625,0.13829746842384338,1.0,0.0008860721136443317,0.9814453125,0.05957873538136482
0,0,neither,5120,unrestricted,company,all,original_exception,128,0.9453125,0.9453125,0.3388667404651642,1.0,0.0008860720554366708,0.765625,0.6471416354179382
0,0,neither,5120,unrestricted,company,all,ordinary,1920,0.9880208333333333,0.9880208333333333,0.12492618709802628,1.0,0.0008860721718519926,0.9958333333333333,0.02040787786245346
0,0,neither,5120,unrestricted,company,trained,all,1024,0.9892578125,0.9892578125,0.1263500452041626,1.0,0.0008860720554366708,0.9716796875,0.08452210575342178
0,0,neither,5120,unrestricted,company,trained,original_exception,64,0.984375,0.984375,0.20909824967384338,1.0,0.0008860721718519926,0.59375,1.0996054410934448
0,0,neither,5120,unrestricted,company,trained,ordinary,960,0.9895833333333334,0.9895833333333334,0.12083350867033005,1.0,0.0008860721718519926,0.996875,0.016849882900714874
0,0,neither,5120,unrestricted,company,heldout,all,1024,0.9814453125,0.9814453125,0.15024489164352417,1.0,0.0008860721718519926,0.9912109375,0.03463536500930786
0,0,neither,5120,unrestricted,company,heldout,original_exception,64,0.90625,0.90625,0.468635231256485,1.0,0.0008860721136443317,0.9375,0.19467774033546448
0,0,neither,5120,unrestricted,company,heldout,ordinary,960,0.9864583333333333,0.9864583333333333,0.1290188580751419,1.0,0.0008860721136443317,0.9947916666666666,0.023965870961546898
0,0,neither,5120,unrestricted,project,all,all,2048,0.99072265625,0.99072265625,0.13249585032463074,1.0,0.0010025316150858998,0.9833984375,0.060107022523880005
0,0,neither,5120,unrestricted,project,all,original_exception,128,0.96875,0.96875,0.3046688139438629,1.0,0.0010025316150858998,0.859375,0.4211689233779907
0,0,neither,5120,unrestricted,project,all,ordinary,1920,0.9921875,0.9921875,0.12101766467094421,1.0,0.0010025316150858998,0.9916666666666667,0.036036230623722076
0,0,neither,5120,unrestricted,project,trained,all,1024,0.9892578125,0.9892578125,0.12610261142253876,1.0,0.0010025316150858998,0.9794921875,0.06646592915058136
0,0,neither,5120,unrestricted,project,trained,original_exception,64,0.984375,0.984375,0.2400183081626892,1.0,0.0010025316150858998,0.796875,0.5968760251998901
0,0,neither,5120,unrestricted,project,trained,ordinary,960,0.9895833333333334,0.9895833333333334,0.1185082271695137,1.0,0.0010025316150858998,0.9916666666666667,0.031105266883969307
0,0,neither,5120,unrestricted,project,heldout,all,1024,0.9921875,0.9921875,0.1388891041278839,1.0,0.0010025316150858998,0.9873046875,0.05374811217188835
0,0,neither,5120,unrestricted,project,heldout,original_exception,64,0.953125,0.953125,0.36931926012039185,1.0,0.0010025317315012217,0.921875,0.2454618513584137
0,0,neither,5120,unrestricted,project,heldout,ordinary,960,0.9947916666666666,0.9947916666666666,0.12352708727121353,1.0,0.0010025316150858998,0.9916666666666667,0.040967199951410294
0,0,neither,5120,isolated,company,all,all,2048,0.99658203125,0.99658203125,0.036865055561065674,1.0,0.0005148859927430749,0.98974609375,0.031238988041877747
0,0,neither,5120,isolated,company,all,original_exception,128,0.9765625,0.9765625,0.08805769681930542,1.0,0.0005148859927430749,0.9140625,0.21385332942008972
0,0,neither,5120,isolated,company,all,ordinary,1920,0.9979166666666667,0.9979166666666667,0.03345221281051636,1.0,0.0005148859927430749,0.9947916666666666,0.01906469650566578
0,0,neither,5120,isolated,company,trained,all,1024,0.99609375,0.99609375,0.033721424639225006,1.0,0.0005148859927430749,0.98828125,0.0334349200129509
0,0,neither,5120,isolated,company,trained,original_exception,64,1.0,1.0,0.04948711022734642,1.0,0.0005148859927430749,0.859375,0.3349013924598694
0,0,neither,5120,isolated,company,trained,ordinary,960,0.9958333333333333,0.9958333333333333,0.03267038241028786,1.0,0.0005148859927430749,0.996875,0.013337158598005772
0,0,neither,5120,isolated,company,heldout,all,1024,0.9970703125,0.9970703125,0.04000868275761604,1.0,0.0005148859927430749,0.9912109375,0.029043054208159447
0,0,neither,5120,isolated,company,heldout,original_exception,64,0.953125,0.953125,0.12662827968597412,1.0,0.0005148859927430749,0.96875,0.09280531853437424
0,0,neither,5120,isolated,company,heldout,ordinary,960,1.0,1.0,0.03423404321074486,1.0,0.0005148860509507358,0.9927083333333333,0.024792233482003212
0,0,neither,5120,isolated,project,all,all,2048,0.984375,0.984375,0.06527329981327057,1.0,0.0005235588178038597,0.98486328125,0.055156998336315155
0,0,neither,5120,isolated,project,all,original_exception,128,0.9296875,0.9296875,0.20386040210723877,1.0,0.0005235588178038597,0.890625,0.44667893648147583
0,0,neither,5120,isolated,project,all,ordinary,1920,0.9880208333333333,0.9880208333333333,0.056034162640571594,1.0,0.0005235588178038597,0.9911458333333333,0.029055539518594742
0,0,neither,5120,isolated,project,trained,all,1024,0.9853515625,0.9853515625,0.0630207508802414,1.0,0.0005235588178038597,0.9853515625,0.06207448989152908
0,0,neither,5120,isolated,project,trained,original_exception,64,0.953125,0.953125,0.1558111011981964,1.0,0.0005235588178038597,0.8125,0.8168981075286865
0,0,neither,5120,isolated,project,trained,ordinary,960,0.9875,0.9875,0.05683473125100136,1.0,0.0005235587595961988,0.996875,0.011752920225262642
0,0,neither,5120,isolated,project,heldout,all,1024,0.9833984375,0.9833984375,0.06752584874629974,1.0,0.0005235588178038597,0.984375,0.04823950678110123
0,0,neither,5120,isolated,project,heldout,original_exception,64,0.90625,0.90625,0.2519097328186035,1.0,0.0005235588178038597,0.96875,0.07645978778600693
0,0,neither,5120,isolated,project,heldout,ordinary,960,0.9885416666666667,0.9885416666666667,0.05523359030485153,1.0,0.0005235588178038597,0.9854166666666667,0.04635815694928169
0,0,neither,10240,unrestricted,company,all,all,2048,0.99951171875,0.99951171875,0.010928511619567871,1.0,4.306477785576135e-05,0.99755859375,0.008563552051782608
0,0,neither,10240,unrestricted,company,all,original_exception,128,1.0,1.0,0.029653703793883324,1.0,4.306477421778254e-05,0.9609375,0.11590522527694702
0,0,neither,10240,unrestricted,company,all,ordinary,1920,0.9994791666666667,0.9994791666666667,0.009680165909230709,1.0,4.306477421778254e-05,1.0,0.001407440984621644
0,0,neither,10240,unrestricted,company,trained,all,1024,1.0,1.0,0.00823378749191761,1.0,4.306477421778254e-05,0.9951171875,0.013789016753435135
0,0,neither,10240,unrestricted,company,trained,original_exception,64,1.0,1.0,0.019317202270030975,1.0,4.306477421778254e-05,0.921875,0.20815330743789673
0,0,neither,10240,unrestricted,company,trained,ordinary,960,1.0,1.0,0.00749489339068532,1.0,4.306477421778254e-05,1.0,0.0008313967264257371
0,0,neither,10240,unrestricted,company,heldout,all,1024,0.9990234375,0.9990234375,0.013623235747218132,1.0,4.306477785576135e-05,1.0,0.003338087582960725
0,0,neither,10240,unrestricted,company,heldout,original_exception,64,1.0,1.0,0.039990201592445374,1.0,4.306477421778254e-05,1.0,0.023657120764255524
0,0,neither,10240,unrestricted,company,heldout,ordinary,960,0.9989583333333333,0.9989583333333333,0.011865438893437386,1.0,4.306477421778254e-05,1.0,0.00198348518460989
0,0,neither,10240,unrestricted,project,all,all,2048,0.99658203125,0.99658203125,0.015699364244937897,1.0,5.909312312724069e-05,0.9912109375,0.025617439299821854
0,0,neither,10240,unrestricted,project,all,original_exception,128,0.9921875,0.9921875,0.05157099664211273,1.0,5.909311948926188e-05,0.9375,0.18503126502037048
0,0,neither,10240,unrestricted,project,all,ordinary,1920,0.996875,0.996875,0.013307920657098293,1.0,5.909311948926188e-05,0.9947916666666666,0.014989852905273438
0,0,neither,10240,unrestricted,project,trained,all,1024,0.998046875,0.998046875,0.012359482236206532,1.0,5.909312312724069e-05,0.990234375,0.02641957625746727
0,0,neither,10240,unrestricted,project,trained,original_exception,64,1.0,1.0,0.027573268860578537,1.0,5.909312312724069e-05,0.875,0.3329399526119232
0,0,neither,10240,unrestricted,project,trained,ordinary,960,0.9979166666666667,0.9979166666666667,0.011345230974256992,1.0,5.909312312724069e-05,0.9979166666666667,0.005984882358461618
0,0,neither,10240,unrestricted,project,heldout,all,1024,0.9951171875,0.9951171875,0.019039243459701538,1.0,5.909312312724069e-05,0.9921875,0.024815304204821587
0,0,neither,10240,unrestricted,project,heldout,original_exception,64,0.984375,0.984375,0.07556872814893723,1.0,5.909312312724069e-05,1.0,0.03712255507707596
0,0,neither,10240,unrestricted,project,heldout,ordinary,960,0.9958333333333333,0.9958333333333333,0.015270610339939594,1.0,5.909312312724069e-05,0.9916666666666667,0.023994823917746544
0,0,neither,10240,isolated,company,all,all,2048,0.9892578125,0.9892578125,0.04199390485882759,1.0,5.2254388720029965e-05,0.99853515625,0.009314646944403648
0,0,neither,10240,isolated,company,all,original_exception,128,0.9609375,0.9609375,0.14922934770584106,1.0,5.225438508205116e-05,0.9765625,0.1129920482635498
0,0,neither,10240,isolated,company,all,ordinary,1920,0.9911458333333333,0.9911458333333333,0.03484487533569336,1.0,5.2254388720029965e-05,1.0,0.0024028210900723934
0,0,neither,10240,isolated,company,trained,all,1024,0.9912109375,0.9912109375,0.034818314015865326,1.0,5.225438508205116e-05,0.998046875,0.009017601609230042
0,0,neither,10240,isolated,company,trained,original_exception,64,0.984375,0.984375,0.05370299518108368,1.0,5.225438508205116e-05,0.96875,0.12386015802621841
0,0,neither,10240,isolated,company,trained,ordinary,960,0.9916666666666667,0.9916666666666667,0.03355933353304863,1.0,5.2254388720029965e-05,1.0,0.0013614307390525937
0,0,neither,10240,isolated,company,heldout,all,1024,0.9873046875,0.9873046875,0.049169495701789856,1.0,5.225438508205116e-05,0.9990234375,0.00961169321089983
0,0,neither,10240,isolated,company,heldout,original_exception,64,0.9375,0.9375,0.24475574493408203,1.0,5.2254388720029965e-05,0.984375,0.10212390869855881
0,0,neither,10240,isolated,company,heldout,ordinary,960,0.990625,0.990625,0.03613041341304779,1.0,5.2254388720029965e-05,1.0,0.0034442117903381586
0,0,neither,10240,isolated,project,all,all,2048,0.99658203125,0.99658203125,0.016513492912054062,1.0,6.376592500600964e-05,0.99560546875,0.023257937282323837
0,0,neither,10240,isolated,project,all,original_exception,128,0.9609375,0.9609375,0.11339157819747925,1.0,6.376592500600964e-05,0.96875,0.22017556428909302
0,0,neither,10240,isolated,project,all,ordinary,1920,0.9989583333333333,0.9989583333333333,0.010054954327642918,1.0,6.376592500600964e-05,0.9973958333333334,0.010130093432962894
0,0,neither,10240,isolated,project,trained,all,1024,0.9970703125,0.9970703125,0.016694338992238045,1.0,6.376592500600964e-05,0.99609375,0.021104061976075172
0,0,neither,10240,isolated,project,trained,original_exception,64,0.96875,0.96875,0.0663476511836052,1.0,6.376592500600964e-05,0.96875,0.28979992866516113
0,0,neither,10240,isolated,project,trained,ordinary,960,0.9989583333333333,0.9989583333333333,0.013384115882217884,1.0,6.376592500600964e-05,0.9979166666666667,0.0031910042744129896
0,0,neither,10240,isolated,project,heldout,all,1024,0.99609375,0.99609375,0.01633264869451523,1.0,6.376592500600964e-05,0.9951171875,0.025411807000637054
0,0,neither,10240,isolated,project,heldout,original_exception,64,0.953125,0.953125,0.1604354977607727,1.0,6.376592500600964e-05,0.96875,0.15055125951766968
0,0,neither,10240,isolated,project,heldout,ordinary,960,0.9989583333333333,0.9989583333333333,0.0067257932387292385,1.0,6.376592500600964e-05,0.996875,0.017069177702069283
0,0,neither,15360,unrestricted,company,all,all,2048,0.998046875,0.998046875,0.00729181244969368,1.0,3.262182144680992e-05,0.998046875,0.013183999806642532
0,0,neither,15360,unrestricted,company,all,original_exception,128,0.9765625,0.9765625,0.0769016444683075,1.0,3.262182144680992e-05,0.984375,0.11659573018550873
0,0,neither,15360,unrestricted,company,all,ordinary,1920,0.9994791666666667,0.9994791666666667,0.0026511563919484615,1.0,3.2621825084788725e-05,0.9989583333333333,0.006289885379374027
0,0,neither,15360,unrestricted,company,trained,all,1024,1.0,1.0,0.002192155923694372,1.0,3.262182144680992e-05,0.9970703125,0.020498154684901237
0,0,neither,15360,unrestricted,company,trained,original_exception,64,1.0,1.0,0.00826182495802641,1.0,3.262182144680992e-05,0.96875,0.22320064902305603
0,0,neither,15360,unrestricted,company,trained,ordinary,960,1.0,1.0,0.0017875112826004624,1.0,3.2621825084788725e-05,0.9989583333333333,0.0069846538826823235
0,0,neither,15360,unrestricted,company,heldout,all,1024,0.99609375,0.99609375,0.0123914685100317,1.0,3.2621825084788725e-05,0.9990234375,0.005869845859706402
0,0,neither,15360,unrestricted,company,heldout,original_exception,64,0.953125,0.953125,0.1455414742231369,1.0,3.262182144680992e-05,1.0,0.009990790858864784
0,0,neither,15360,unrestricted,company,heldout,ordinary,960,0.9989583333333333,0.9989583333333333,0.003514801152050495,1.0,3.2621825084788725e-05,0.9989583333333333,0.005595116410404444
0,0,neither,15360,unrestricted,project,all,all,2048,0.99951171875,0.99951171875,0.004921395797282457,1.0,6.482791650341824e-05,0.99609375,0.017996327951550484
0,0,neither,15360,unrestricted,project,all,original_exception,128,0.9921875,0.9921875,0.042776379734277725,1.0,6.482791650341824e-05,0.9765625,0.03921864181756973
0,0,neither,15360,unrestricted,project,all,ordinary,1920,1.0,1.0,0.002397730480879545,1.0,6.482791650341824e-05,0.9973958333333334,0.01658150553703308
0,0,neither,15360,unrestricted,project,trained,all,1024,1.0,1.0,0.0028103943914175034,1.0,6.482791650341824e-05,0.994140625,0.0214703232049942
0,0,neither,15360,unrestricted,project,trained,original_exception,64,1.0,1.0,0.012193825095891953,1.0,6.482792377937585e-05,0.953125,0.061881162226200104
0,0,neither,15360,unrestricted,project,trained,ordinary,960,1.0,1.0,0.0021848322357982397,1.0,6.482791650341824e-05,0.996875,0.018776269629597664
0,0,neither,15360,unrestricted,project,heldout,all,1024,0.9990234375,0.9990234375,0.007032398600131273,1.0,6.482791650341824e-05,0.998046875,0.014522328041493893
0,0,neither,15360,unrestricted,project,heldout,original_exception,64,0.984375,0.984375,0.0733589380979538,1.0,6.482791650341824e-05,1.0,0.01655612140893936
0,0,neither,15360,unrestricted,project,heldout,ordinary,960,1.0,1.0,0.0026106287259608507,1.0,6.482791650341824e-05,0.9979166666666667,0.014386743307113647
0,0,neither,15360,isolated,company,all,all,2048,0.9990234375,0.9990234375,0.004655300173908472,1.0,5.409582445281558e-05,0.998046875,0.005901832599192858
0,0,neither,15360,isolated,company,all,original_exception,128,0.984375,0.984375,0.045083582401275635,1.0,5.409582445281558e-05,0.9921875,0.032744020223617554
0,0,neither,15360,isolated,company,all,ordinary,1920,1.0,1.0,0.0019600815139710903,1.0,5.409582445281558e-05,0.9984375,0.004112353548407555
0,0,neither,15360,isolated,company,trained,all,1024,1.0,1.0,0.0017456216737627983,1.0,5.409582445281558e-05,0.998046875,0.00639384426176548
0,0,neither,15360,isolated,company,trained,original_exception,64,1.0,1.0,0.0019053342984989285,1.0,5.4095828090794384e-05,0.984375,0.06080577149987221
0,0,neither,15360,isolated,company,trained,ordinary,960,1.0,1.0,0.001734974212013185,1.0,5.409582081483677e-05,0.9989583333333333,0.0027663828805088997
0,0,neither,15360,isolated,company,heldout,all,1024,0.998046875,0.998046875,0.007564978674054146,1.0,5.409582445281558e-05,0.998046875,0.005409820005297661
0,0,neither,15360,isolated,company,heldout,original_exception,64,0.96875,0.96875,0.08826182037591934,1.0,5.4095828090794384e-05,1.0,0.004682268016040325
0,0,neither,15360,isolated,company,heldout,ordinary,960,1.0,1.0,0.002185189165174961,1.0,5.409582445281558e-05,0.9979166666666667,0.005458323284983635
0,0,neither,15360,isolated,project,all,all,2048,0.99267578125,0.99267578125,0.02171463891863823,1.0,3.560664117685519e-05,0.998046875,0.005110043566673994
0,0,neither,15360,isolated,project,all,original_exception,128,0.984375,0.984375,0.06271932274103165,1.0,3.5606644814834e-05,0.9765625,0.05720512568950653
0,0,neither,15360,isolated,project,all,ordinary,1920,0.9932291666666667,0.9932291666666667,0.018980996683239937,1.0,3.560664117685519e-05,0.9994791666666667,0.0016370380762964487
0,0,neither,15360,isolated,project,trained,all,1024,0.9921875,0.9921875,0.01916239969432354,1.0,3.5606644814834e-05,0.998046875,0.005861527752131224
0,0,neither,15360,isolated,project,trained,original_exception,64,1.0,1.0,0.013101035729050636,1.0,3.5606644814834e-05,0.96875,0.08681080490350723
0,0,neither,15360,isolated,project,trained,ordinary,960,0.9916666666666667,0.9916666666666667,0.0195664893835783,1.0,3.560664117685519e-05,1.0,0.0004649088077712804
0,0,neither,15360,isolated,project,heldout,all,1024,0.9931640625,0.9931640625,0.024266880005598068,1.0,3.5606644814834e-05,0.998046875,0.0043585593812167645
0,0,neither,15360,isolated,project,heldout,original_exception,64,0.96875,0.96875,0.1123376116156578,1.0,3.5606644814834e-05,0.984375,0.02759944275021553
0,0,neither,15360,isolated,project,heldout,ordinary,960,0.9947916666666666,0.9947916666666666,0.018395500257611275,1.0,3.560664117685519e-05,0.9989583333333333,0.002809167141094804
0,1,company,0,unrestricted,company,all,all,2048,0.0,0.0,8.567546844482422,0.0,8.503297805786133,0.0,8.487998962402344
0,1,company,0,unrestricted,company,all,original_exception,128,0.0,0.0,8.57470989227295,0.0,8.50329875946045,0.0,8.511241912841797
0,1,company,0,unrestricted,company,all,ordinary,1920,0.0,0.0,8.567069053649902,0.0,8.503297805786133,0.0,8.4864501953125
0,1,company,0,unrestricted,company,trained,all,1024,0.0,0.0,8.563824653625488,0.0,8.503297805786133,0.0,8.486696243286133
0,1,company,0,unrestricted,company,trained,original_exception,64,0.0,0.0,8.57352066040039,0.0,8.503297805786133,0.0,8.491155624389648
0,1,company,0,unrestricted,company,trained,ordinary,960,0.0,0.0,8.563178062438965,0.0,8.50329875946045,0.0,8.48639965057373
0,1,company,0,unrestricted,company,heldout,all,1024,0.0,0.0,8.571269989013672,0.0,8.503297805786133,0.0,8.489301681518555
0,1,company,0,unrestricted,company,heldout,original_exception,64,0.0,0.0,8.575900077819824,0.0,8.503297805786133,0.0,8.531328201293945
0,1,company,0,unrestricted,company,heldout,ordinary,960,0.0,0.0,8.570961952209473,0.0,8.503297805786133,0.0,8.486499786376953
0,1,company,0,unrestricted,project,all,all,2048,0.0,0.0,8.609415054321289,0.0,8.461750030517578,0.0,8.498872756958008
0,1,company,0,unrestricted,project,all,original_exception,128,0.0,0.0,8.600004196166992,0.0,8.461750030517578,0.0,8.529443740844727
0,1,company,0,unrestricted,project,all,ordinary,1920,0.0,0.0,8.610041618347168,0.0,8.461750030517578,0.0,8.496834754943848
0,1,company,0,unrestricted,project,trained,all,1024,0.0,0.0,8.610580444335938,0.0,8.461750984191895,0.0,8.500724792480469
0,1,company,0,unrestricted,project,trained,original_exception,64,0.0,0.0,8.596446990966797,0.0,8.461750030517578,0.0,8.536341667175293
0,1,company,0,unrestricted,project,trained,ordinary,960,0.0,0.0,8.611522674560547,0.0,8.461750030517578,0.0,8.498350143432617
0,1,company,0,unrestricted,project,heldout,all,1024,0.0,0.0,8.608247756958008,0.0,8.461750030517578,0.0,8.497020721435547
0,1,company,0,unrestricted,project,heldout,original_exception,64,0.0,0.0,8.603561401367188,0.0,8.461750984191895,0.0,8.52254581451416
0,1,company,0,unrestricted,project,heldout,ordinary,960,0.0,0.0,8.608561515808105,0.0,8.461750030517578,0.0,8.495319366455078
0,1,company,0,isolated,company,all,all,2048,0.0,0.0,8.567546844482422,0.0,8.503297805786133,0.0,8.487998962402344
0,1,company,0,isolated,company,all,original_exception,128,0.0,0.0,8.57470989227295,0.0,8.50329875946045,0.0,8.511241912841797
0,1,company,0,isolated,company,all,ordinary,1920,0.0,0.0,8.567069053649902,0.0,8.503297805786133,0.0,8.4864501953125
0,1,company,0,isolated,company,trained,all,1024,0.0,0.0,8.563824653625488,0.0,8.503297805786133,0.0,8.486696243286133
0,1,company,0,isolated,company,trained,original_exception,64,0.0,0.0,8.57352066040039,0.0,8.503297805786133,0.0,8.491155624389648
0,1,company,0,isolated,company,trained,ordinary,960,0.0,0.0,8.563178062438965,0.0,8.50329875946045,0.0,8.48639965057373
0,1,company,0,isolated,company,heldout,all,1024,0.0,0.0,8.571269989013672,0.0,8.503297805786133,0.0,8.489301681518555
0,1,company,0,isolated,company,heldout,original_exception,64,0.0,0.0,8.575900077819824,0.0,8.503297805786133,0.0,8.531328201293945
0,1,company,0,isolated,company,heldout,ordinary,960,0.0,0.0,8.570961952209473,0.0,8.503297805786133,0.0,8.486499786376953
0,1,company,0,isolated,project,all,all,2048,0.0,0.0,8.609415054321289,0.0,8.461750030517578,0.0,8.498872756958008
0,1,company,0,isolated,project,all,original_exception,128,0.0,0.0,8.600004196166992,0.0,8.461750030517578,0.0,8.529443740844727
0,1,company,0,isolated,project,all,ordinary,1920,0.0,0.0,8.610041618347168,0.0,8.461750030517578,0.0,8.496834754943848
0,1,company,0,isolated,project,trained,all,1024,0.0,0.0,8.610580444335938,0.0,8.461750984191895,0.0,8.500724792480469
0,1,company,0,isolated,project,trained,original_exception,64,0.0,0.0,8.596446990966797,0.0,8.461750030517578,0.0,8.536341667175293
0,1,company,0,isolated,project,trained,ordinary,960,0.0,0.0,8.611522674560547,0.0,8.461750030517578,0.0,8.498350143432617
0,1,company,0,isolated,project,heldout,all,1024,0.0,0.0,8.608247756958008,0.0,8.461750030517578,0.0,8.497020721435547
0,1,company,0,isolated,project,heldout,original_exception,64,0.0,0.0,8.603561401367188,0.0,8.461750984191895,0.0,8.52254581451416
0,1,company,0,isolated,project,heldout,ordinary,960,0.0,0.0,8.608561515808105,0.0,8.461750030517578,0.0,8.495319366455078
0,1,company,1280,unrestricted,company,all,all,2048,0.0,0.0,8.281749725341797,1.0,0.24938002228736877,0.46826171875,2.427192211151123
0,1,company,1280,unrestricted,company,all,original_exception,128,0.0,0.0,8.257782936096191,1.0,0.24938003718852997,0.09375,4.2758469581604
0,1,company,1280,unrestricted,company,all,ordinary,1920,0.0,0.0,8.283347129821777,1.0,0.24938002228736877,0.49322916666666666,2.303948402404785
0,1,company,1280,unrestricted,company,trained,all,1024,0.0,0.0,8.334844589233398,1.0,0.24938002228736877,0.744140625,1.1272330284118652
0,1,company,1280,unrestricted,company,trained,original_exception,64,0.0,0.0,8.297698974609375,1.0,0.24938002228736877,0.046875,4.525208473205566
0,1,company,1280,unrestricted,company,trained,ordinary,960,0.0,0.0,8.337321281433105,1.0,0.24938002228736877,0.790625,0.9007014036178589
0,1,company,1280,unrestricted,company,heldout,all,1024,0.0,0.0,8.228653907775879,1.0,0.24938002228736877,0.1923828125,3.72715163230896
0,1,company,1280,unrestricted,company,heldout,original_exception,64,0.0,0.0,8.217866897583008,1.0,0.24938002228736877,0.140625,4.026485443115234
0,1,company,1280,unrestricted,company,heldout,ordinary,960,0.0,0.0,8.229373931884766,1.0,0.24938002228736877,0.19583333333333333,3.70719575881958
0,1,company,1280,unrestricted,project,all,all,2048,0.0,0.0,8.364001274108887,1.0,0.5290427207946777,0.37158203125,2.924088954925537
0,1,company,1280,unrestricted,project,all,original_exception,128,0.0,0.0,8.362883567810059,1.0,0.5290427207946777,0.046875,4.571489334106445
0,1,company,1280,unrestricted,project,all,ordinary,1920,0.0,0.0,8.364075660705566,1.0,0.5290427803993225,0.3932291666666667,2.8142623901367188
0,1,company,1280,unrestricted,project,trained,all,1024,0.0,0.0,8.40815544128418,1.0,0.5290427207946777,0.6875,1.2536699771881104
0,1,company,1280,unrestricted,project,trained,original_exception,64,0.0,0.0,8.325408935546875,1.0,0.5290427207946777,0.0,4.925144195556641
0,1,company,1280,unrestricted,project,trained,ordinary,960,0.0,0.0,8.413671493530273,1.0,0.5290427803993225,0.7333333333333333,1.008905053138733
0,1,company,1280,unrestricted,project,heldout,all,1024,0.0,0.0,8.319847106933594,1.0,0.5290427207946777,0.0556640625,4.594508171081543
0,1,company,1280,unrestricted,project,heldout,original_exception,64,0.0,0.0,8.400360107421875,1.0,0.5290427207946777,0.09375,4.21783447265625
0,1,company,1280,unrestricted,project,heldout,ordinary,960,0.0,0.0,8.31447982788086,1.0,0.5290427803993225,0.053125,4.619619846343994
0,1,company,1280,isolated,company,all,all,2048,0.0,0.0,6.162484645843506,1.0,0.1524336040019989,0.5,2.0060536861419678
0,1,company,1280,isolated,company,all,original_exception,128,0.0,0.0,6.102747917175293,1.0,0.1524336040019989,0.1484375,3.29412841796875
0,1,company,1280,isolated,company,all,ordinary,1920,0.0,0.0,6.166467189788818,1.0,0.1524336040019989,0.5234375,1.9201819896697998
0,1,company,1280,isolated,company,trained,all,1024,0.0,0.0,6.153337001800537,1.0,0.1524336040019989,0.7451171875,1.080376148223877
0,1,company,1280,isolated,company,trained,original_exception,64,0.0,0.0,6.0890984535217285,1.0,0.1524336040019989,0.078125,3.551621198654175
0,1,company,1280,isolated,company,trained,ordinary,960,0.0,0.0,6.157618999481201,1.0,0.1524336189031601,0.7895833333333333,0.9156265258789062
0,1,company,1280,isolated,company,heldout,all,1024,0.0,0.0,6.171632289886475,1.0,0.1524336189031601,0.2548828125,2.9317312240600586
0,1,company,1280,isolated,company,heldout,original_exception,64,0.0,0.0,6.116397380828857,1.0,0.1524336040019989,0.21875,3.0366361141204834
0,1,company,1280,isolated,company,heldout,ordinary,960,0.0,0.0,6.175314426422119,1.0,0.1524336189031601,0.25729166666666664,2.9247374534606934
0,1,company,1280,isolated,project,all,all,2048,0.0048828125,0.0048828125,5.066071033477783,1.0,0.22343134880065918,0.49169921875,2.0307867527008057
0,1,company,1280,isolated,project,all,original_exception,128,0.0,0.0,5.013367652893066,1.0,0.22343134880065918,0.1484375,3.3194046020507812
0,1,company,1280,isolated,project,all,ordinary,1920,0.005208333333333333,0.005208333333333333,5.069584369659424,1.0,0.22343136370182037,0.5145833333333333,1.9448789358139038
0,1,company,1280,isolated,project,trained,all,1024,0.0048828125,0.0048828125,5.097426414489746,1.0,0.22343134880065918,0.7275390625,1.113802194595337
0,1,company,1280,isolated,project,trained,original_exception,64,0.0,0.0,4.935327529907227,1.0,0.22343134880065918,0.0,3.8800742626190186
0,1,company,1280,isolated,project,trained,ordinary,960,0.005208333333333333,0.005208333333333333,5.108233451843262,1.0,0.22343134880065918,0.7760416666666666,0.9293841123580933
0,1,company,1280,isolated,project,heldout,all,1024,0.0048828125,0.0048828125,5.034714698791504,1.0,0.22343134880065918,0.255859375,2.9477710723876953
0,1,company,1280,isolated,project,heldout,original_exception,64,0.0,0.0,5.09140682220459,1.0,0.22343134880065918,0.296875,2.758735418319702
0,1,company,1280,isolated,project,heldout,ordinary,960,0.005208333333333333,0.005208333333333333,5.030935287475586,1.0,0.22343134880065918,0.253125,2.9603734016418457
0,1,company,2560,unrestricted,company,all,all,2048,0.0,0.0,9.815370559692383,1.0,0.024219300597906113,0.61572265625,1.401650309562683
0,1,company,2560,unrestricted,company,all,original_exception,128,0.0,0.0,9.696523666381836,1.0,0.024219298735260963,0.109375,3.6185221672058105
0,1,company,2560,unrestricted,company,all,ordinary,1920,0.0,0.0,9.823293685913086,1.0,0.024219298735260963,0.6494791666666667,1.2538586854934692
0,1,company,2560,unrestricted,company,trained,all,1024,0.0,0.0,9.911567687988281,1.0,0.024219298735260963,0.8486328125,0.6494046449661255
0,1,company,2560,unrestricted,company,trained,original_exception,64,0.0,0.0,9.788436889648438,1.0,0.024219298735260963,0.0,4.312803268432617
0,1,company,2560,unrestricted,company,trained,ordinary,960,0.0,0.0,9.91977596282959,1.0,0.024219300597906113,0.9052083333333333,0.40517812967300415
0,1,company,2560,unrestricted,company,heldout,all,1024,0.0,0.0,9.7191743850708,1.0,0.024219300597906113,0.3828125,2.153895854949951
0,1,company,2560,unrestricted,company,heldout,original_exception,64,0.0,0.0,9.604608535766602,1.0,0.024219300597906113,0.21875,2.924241542816162
0,1,company,2560,unrestricted,company,heldout,ordinary,960,0.0,0.0,9.726811408996582,1.0,0.024219298735260963,0.39375,2.102539539337158
0,1,company,2560,unrestricted,project,all,all,2048,0.18603515625,0.18603515625,3.6333107948303223,1.0,0.033841848373413086,0.3994140625,2.1399612426757812
0,1,company,2560,unrestricted,project,all,original_exception,128,0.078125,0.078125,4.585181713104248,1.0,0.03384184464812279,0.203125,3.3821840286254883
0,1,company,2560,unrestricted,project,all,ordinary,1920,0.19322916666666667,0.19322916666666667,3.569852590560913,1.0,0.033841848373413086,0.4125,2.0571463108062744
0,1,company,2560,unrestricted,project,trained,all,1024,0.2119140625,0.2119140625,3.3766846656799316,1.0,0.03384184464812279,0.4931640625,1.6348772048950195
0,1,company,2560,unrestricted,project,trained,original_exception,64,0.140625,0.140625,3.6210060119628906,1.0,0.03384184464812279,0.078125,4.025970458984375
0,1,company,2560,unrestricted,project,trained,ordinary,960,0.21666666666666667,0.21666666666666667,3.36039662361145,1.0,0.033841848373413086,0.5208333333333334,1.475471019744873
0,1,company,2560,unrestricted,project,heldout,all,1024,0.16015625,0.16015625,3.889937162399292,1.0,0.033841848373413086,0.3056640625,2.645045042037964
0,1,company,2560,unrestricted,project,heldout,original_exception,64,0.015625,0.015625,5.5493574142456055,1.0,0.033841848373413086,0.328125,2.7383978366851807
0,1,company,2560,unrestricted,project,heldout,ordinary,960,0.16979166666666667,0.16979166666666667,3.779309034347534,1.0,0.03384184464812279,0.30416666666666664,2.6388213634490967
0,1,company,2560,isolated,company,all,all,2048,0.16552734375,0.16552734375,3.694643020629883,1.0,0.010433953255414963,0.94384765625,0.27394863963127136
0,1,company,2560,isolated,company,all,original_exception,128,0.15625,0.15625,3.896698474884033,1.0,0.010433953255414963,0.3984375,2.935922622680664
0,1,company,2560,isolated,company,all,ordinary,1920,0.16614583333333333,0.16614583333333333,3.6811726093292236,1.0,0.010433954186737537,0.9802083333333333,0.09648369252681732
0,1,company,2560,isolated,company,trained,all,1024,0.169921875,0.169921875,3.632774591445923,1.0,0.010433953255414963,0.94140625,0.32659170031547546
0,1,company,2560,isolated,company,trained,original_exception,64,0.1875,0.1875,3.3353872299194336,1.0,0.010433953255414963,0.078125,4.754637241363525
0,1,company,2560,isolated,company,trained,ordinary,960,0.16875,0.16875,3.6526002883911133,1.0,0.010433954186737537,0.9989583333333333,0.031388670206069946
0,1,company,2560,isolated,company,heldout,all,1024,0.1611328125,0.1611328125,3.7565112113952637,1.0,0.010433953255414963,0.9462890625,0.22130557894706726
0,1,company,2560,isolated,company,heldout,original_exception,64,0.125,0.125,4.458009719848633,1.0,0.010433953255414963,0.71875,1.1172083616256714
0,1,company,2560,isolated,company,heldout,ordinary,960,0.16354166666666667,0.16354166666666667,3.709744691848755,1.0,0.010433954186737537,0.9614583333333333,0.1615787148475647
0,1,company,2560,isolated,project,all,all,2048,0.56103515625,0.56103515625,1.4628390073776245,1.0,0.010975886136293411,0.95556640625,0.23795171082019806
0,1,company,2560,isolated,project,all,original_exception,128,0.34375,0.34375,2.693530559539795,1.0,0.010975886136293411,0.40625,2.870227813720703
0,1,company,2560,isolated,project,all,ordinary,1920,0.5755208333333334,0.5755208333333334,1.3807928562164307,1.0,0.010975887067615986,0.9921875,0.06246662139892578
0,1,company,2560,isolated,project,trained,all,1024,0.5751953125,0.5751953125,1.385472297668457,1.0,0.010975887067615986,0.9423828125,0.32310259342193604
0,1,company,2560,isolated,project,trained,original_exception,64,0.53125,0.53125,1.6619828939437866,1.0,0.010975887067615986,0.09375,4.730738639831543
0,1,company,2560,isolated,project,trained,ordinary,960,0.578125,0.578125,1.367038369178772,1.0,0.010975886136293411,0.9989583333333333,0.029260190203785896
0,1,company,2560,isolated,project,heldout,all,1024,0.546875,0.546875,1.540205478668213,1.0,0.010975887067615986,0.96875,0.15280085802078247
0,1,company,2560,isolated,project,heldout,original_exception,64,0.15625,0.15625,3.7250783443450928,1.0,0.010975886136293411,0.71875,1.0097177028656006
0,1,company,2560,isolated,project,heldout,ordinary,960,0.5729166666666666,0.5729166666666666,1.3945473432540894,1.0,0.010975887067615986,0.9854166666666667,0.09567305445671082
0,1,company,5120,unrestricted,company,all,all,2048,0.03662109375,0.03662109375,6.253317356109619,1.0,0.0023203054443001747,0.986328125,0.06526599079370499
0,1,company,5120,unrestricted,company,all,original_exception,128,0.0390625,0.0390625,7.261050224304199,1.0,0.0023203054443001747,0.8984375,0.3937305808067322
0,1,company,5120,unrestricted,company,all,ordinary,1920,0.036458333333333336,0.036458333333333336,6.1861348152160645,1.0,0.0023203049786388874,0.9921875,0.04336835443973541
0,1,company,5120,unrestricted,company,trained,all,1024,0.0341796875,0.0341796875,6.423554420471191,1.0,0.002320305211469531,0.986328125,0.05843934416770935
0,1,company,5120,unrestricted,company,trained,original_exception,64,0.0625,0.0625,6.74803352355957,1.0,0.002320305211469531,0.8125,0.6521402597427368
0,1,company,5120,unrestricted,company,trained,ordinary,960,0.03229166666666667,0.03229166666666667,6.401922225952148,1.0,0.0023203054443001747,0.9979166666666667,0.01885928399860859
0,1,company,5120,unrestricted,company,heldout,all,1024,0.0390625,0.0390625,6.083080291748047,1.0,0.0023203054443001747,0.986328125,0.07209263741970062
0,1,company,5120,unrestricted,company,heldout,original_exception,64,0.015625,0.015625,7.774066925048828,1.0,0.002320305211469531,0.984375,0.13532087206840515
0,1,company,5120,unrestricted,company,heldout,ordinary,960,0.040625,0.040625,5.970347881317139,1.0,0.002320305211469531,0.9864583333333333,0.06787743419408798
0,1,company,5120,unrestricted,project,all,all,2048,0.80615234375,0.80615234375,1.131611704826355,1.0,0.002400025725364685,0.65966796875,1.2565569877624512
0,1,company,5120,unrestricted,project,all,original_exception,128,0.7578125,0.7578125,1.5638753175735474,1.0,0.002400025725364685,0.375,2.371267080307007
0,1,company,5120,unrestricted,project,all,ordinary,1920,0.809375,0.809375,1.1027942895889282,1.0,0.002400025725364685,0.6786458333333333,1.1822431087493896
0,1,company,5120,unrestricted,project,trained,all,1024,0.8251953125,0.8251953125,1.0261461734771729,1.0,0.002400025725364685,0.7275390625,0.9400819540023804
0,1,company,5120,unrestricted,project,trained,original_exception,64,0.8125,0.8125,1.2322559356689453,1.0,0.002400025725364685,0.25,2.497380495071411
0,1,company,5120,unrestricted,project,trained,ordinary,960,0.8260416666666667,0.8260416666666667,1.0124056339263916,1.0,0.002400025725364685,0.759375,0.8362619876861572
0,1,company,5120,unrestricted,project,heldout,all,1024,0.787109375,0.787109375,1.2370773553848267,1.0,0.002400025725364685,0.591796875,1.5730321407318115
0,1,company,5120,unrestricted,project,heldout,original_exception,64,0.703125,0.703125,1.8954946994781494,1.0,0.002400025725364685,0.5,2.2451539039611816
0,1,company,5120,unrestricted,project,heldout,ordinary,960,0.7927083333333333,0.7927083333333333,1.1931828260421753,1.0,0.002400025725364685,0.5979166666666667,1.5282241106033325
0,1,company,5120,isolated,company,all,all,2048,0.75,0.75,1.0419806241989136,1.0,0.0008368733106181026,0.994140625,0.026791535317897797
0,1,company,5120,isolated,company,all,original_exception,128,0.75,0.75,1.0320966243743896,1.0,0.0008368733106181026,0.9609375,0.1539222002029419
0,1,company,5120,isolated,company,all,ordinary,1920,0.75,0.75,1.0426394939422607,1.0,0.0008368733106181026,0.9963541666666667,0.018316157162189484
0,1,company,5120,isolated,company,trained,all,1024,0.765625,0.765625,0.9786635041236877,1.0,0.0008368733106181026,0.994140625,0.02437843382358551
0,1,company,5120,isolated,company,trained,original_exception,64,0.765625,0.765625,0.9724472761154175,1.0,0.0008368733106181026,0.9375,0.24383194744586945
0,1,company,5120,isolated,company,trained,ordinary,960,0.765625,0.765625,0.9790780544281006,1.0,0.0008368733106181026,0.9979166666666667,0.00974819902330637
0,1,company,5120,isolated,company,heldout,all,1024,0.734375,0.734375,1.105297565460205,1.0,0.0008368733106181026,0.994140625,0.029204638674855232
0,1,company,5120,isolated,company,heldout,original_exception,64,0.734375,0.734375,1.0917457342147827,1.0,0.0008368733106181026,0.984375,0.06401242315769196
0,1,company,5120,isolated,company,heldout,ordinary,960,0.734375,0.734375,1.106201171875,1.0,0.0008368733106181026,0.9947916666666666,0.02688411809504032
0,1,company,5120,isolated,project,all,all,2048,0.9619140625,0.9619140625,0.239930659532547,1.0,0.0008606537594459951,0.9794921875,0.07439720630645752
0,1,company,5120,isolated,project,all,original_exception,128,0.9453125,0.9453125,0.3271190822124481,1.0,0.0008606537594459951,0.7265625,0.8651921153068542
0,1,company,5120,isolated,project,all,ordinary,1920,0.9630208333333333,0.9630208333333333,0.23411807417869568,1.0,0.0008606537012383342,0.9963541666666667,0.021677546203136444
0,1,company,5120,isolated,project,trained,all,1024,0.9677734375,0.9677734375,0.23424692451953888,1.0,0.0008606537594459951,0.9677734375,0.1121731698513031
0,1,company,5120,isolated,project,trained,original_exception,64,1.0,1.0,0.21042630076408386,1.0,0.000860653817653656,0.515625,1.5955934524536133
0,1,company,5120,isolated,project,trained,ordinary,960,0.965625,0.965625,0.2358349859714508,1.0,0.0008606537594459951,0.9979166666666667,0.013278480619192123
0,1,company,5120,isolated,project,heldout,all,1024,0.9560546875,0.9560546875,0.24561437964439392,1.0,0.0008606537594459951,0.9912109375,0.03662124276161194
0,1,company,5120,isolated,project,heldout,original_exception,64,0.890625,0.890625,0.4438118636608124,1.0,0.0008606537594459951,0.9375,0.13479077816009521
0,1,company,5120,isolated,project,heldout,ordinary,960,0.9604166666666667,0.9604166666666667,0.23240120708942413,1.0,0.0008606537594459951,0.9947916666666666,0.030076606199145317
0,1,company,10240,unrestricted,company,all,all,2048,0.26220703125,0.26220703125,5.005577087402344,1.0,0.000300214858725667,0.98974609375,0.033909063786268234
0,1,company,10240,unrestricted,company,all,original_exception,128,0.09375,0.09375,7.514430999755859,1.0,0.000300214858725667,0.953125,0.1482904851436615
0,1,company,10240,unrestricted,company,all,ordinary,1920,0.2734375,0.2734375,4.838319778442383,1.0,0.00030021488782949746,0.9921875,0.026283632963895798
0,1,company,10240,unrestricted,company,trained,all,1024,0.2646484375,0.2646484375,5.235595703125,1.0,0.000300214858725667,0.9951171875,0.023031184449791908
0,1,company,10240,unrestricted,company,trained,original_exception,64,0.15625,0.15625,6.203333854675293,1.0,0.000300214858725667,0.921875,0.261450856924057
0,1,company,10240,unrestricted,company,trained,ordinary,960,0.271875,0.271875,5.171079635620117,1.0,0.00030021482962183654,1.0,0.007136540487408638
0,1,company,10240,unrestricted,company,heldout,all,1024,0.259765625,0.259765625,4.7755584716796875,1.0,0.000300214858725667,0.984375,0.04478693753480911
0,1,company,10240,unrestricted,company,heldout,original_exception,64,0.03125,0.03125,8.825529098510742,1.0,0.000300214858725667,0.984375,0.0351300947368145
0,1,company,10240,unrestricted,company,heldout,ordinary,960,0.275,0.275,4.505560398101807,1.0,0.00030021482962183654,0.984375,0.045430731028318405
0,1,company,10240,unrestricted,project,all,all,2048,0.603515625,0.603515625,2.663717746734619,1.0,6.734979979228228e-05,0.73974609375,1.0289180278778076
0,1,company,10240,unrestricted,project,all,original_exception,128,0.6328125,0.6328125,2.3308520317077637,1.0,6.73498070682399e-05,0.484375,2.190213680267334
0,1,company,10240,unrestricted,project,all,ordinary,1920,0.6015625,0.6015625,2.6859090328216553,1.0,6.734979979228228e-05,0.7567708333333333,0.9514984488487244
0,1,company,10240,unrestricted,project,trained,all,1024,0.642578125,0.642578125,2.493861675262451,1.0,6.73498070682399e-05,0.794921875,0.7860012054443359
0,1,company,10240,unrestricted,project,trained,original_exception,64,0.734375,0.734375,1.7271498441696167,1.0,6.734979979228228e-05,0.453125,2.135721206665039
0,1,company,10240,unrestricted,project,trained,ordinary,960,0.6364583333333333,0.6364583333333333,2.544975757598877,1.0,6.734979979228228e-05,0.8177083333333334,0.6960198879241943
0,1,company,10240,unrestricted,project,heldout,all,1024,0.564453125,0.564453125,2.833573818206787,1.0,6.73498070682399e-05,0.6845703125,1.2718350887298584
0,1,company,10240,unrestricted,project,heldout,original_exception,64,0.53125,0.53125,2.934554100036621,1.0,6.734979979228228e-05,0.515625,2.2447056770324707
0,1,company,10240,unrestricted,project,heldout,ordinary,960,0.5666666666666667,0.5666666666666667,2.8268418312072754,1.0,6.734979979228228e-05,0.6958333333333333,1.206977128982544
0,1,company,10240,isolated,company,all,all,2048,0.98876953125,0.98876953125,0.05299866944551468,1.0,5.841383972438052e-05,0.9990234375,0.007069961167871952
0,1,company,10240,isolated,company,all,original_exception,128,0.9765625,0.9765625,0.10716836154460907,1.0,5.841383972438052e-05,0.9921875,0.05190280079841614
0,1,company,10240,isolated,company,all,ordinary,1920,0.9895833333333334,0.9895833333333334,0.04938735440373421,1.0,5.841383972438052e-05,0.9994791666666667,0.0040811048820614815
0,1,company,10240,isolated,company,trained,all,1024,0.990234375,0.990234375,0.043599583208560944,1.0,5.841383972438052e-05,0.9990234375,0.008280649781227112
0,1,company,10240,isolated,company,trained,original_exception,64,0.984375,0.984375,0.04267750680446625,1.0,5.841383972438052e-05,0.984375,0.09147243201732635
0,1,company,10240,isolated,company,trained,ordinary,960,0.990625,0.990625,0.043661054223775864,1.0,5.841383972438052e-05,1.0,0.0027345302514731884
0,1,company,10240,isolated,company,heldout,all,1024,0.9873046875,0.9873046875,0.06239774823188782,1.0,5.841383972438052e-05,0.9990234375,0.005859272554516792
0,1,company,10240,isolated,company,heldout,original_exception,64,0.96875,0.96875,0.1716592162847519,1.0,5.841384336235933e-05,1.0,0.012333176098763943
0,1,company,10240,isolated,company,heldout,ordinary,960,0.9885416666666667,0.9885416666666667,0.05511365085840225,1.0,5.841383972438052e-05,0.9989583333333333,0.005427679046988487
0,1,company,10240,isolated,project,all,all,2048,0.998046875,0.998046875,0.008880911394953728,1.0,0.000266751681920141,0.99560546875,0.018998488783836365
0,1,company,10240,isolated,project,all,original_exception,128,0.9921875,0.9921875,0.03422718495130539,1.0,0.0002667517401278019,0.9375,0.24188750982284546
0,1,company,10240,isolated,project,all,ordinary,1920,0.9984375,0.9984375,0.007191160228103399,1.0,0.00026675171102397144,0.9994791666666667,0.004139220342040062
0,1,company,10240,isolated,project,trained,all,1024,0.998046875,0.998046875,0.006969827227294445,1.0,0.00026675171102397144,0.994140625,0.02475619688630104
0,1,company,10240,isolated,project,trained,original_exception,64,1.0,1.0,0.005958660505712032,1.0,0.00026675171102397144,0.90625,0.3803406357765198
0,1,company,10240,isolated,project,trained,ordinary,960,0.9979166666666667,0.9979166666666667,0.007037237752228975,1.0,0.00026675171102397144,1.0,0.001050568069331348
0,1,company,10240,isolated,project,heldout,all,1024,0.998046875,0.998046875,0.010791998356580734,1.0,0.00026675171102397144,0.9970703125,0.013240783475339413
0,1,company,10240,isolated,project,heldout,original_exception,64,0.984375,0.984375,0.06249571591615677,1.0,0.00026675171102397144,0.96875,0.10343445092439651
0,1,company,10240,isolated,project,heldout,ordinary,960,0.9989583333333333,0.9989583333333333,0.007345082238316536,1.0,0.00026675171102397144,0.9989583333333333,0.0072278729639947414
0,1,company,15360,unrestricted,company,all,all,2048,0.8876953125,0.8876953125,0.39225536584854126,1.0,3.900939191225916e-05,0.99267578125,0.025138378143310547
0,1,company,15360,unrestricted,company,all,original_exception,128,0.8671875,0.8671875,0.4550626277923584,1.0,3.900939191225916e-05,0.96875,0.13387320935726166
0,1,company,15360,unrestricted,company,all,ordinary,1920,0.8890625,0.8890625,0.38806822896003723,1.0,3.900939555023797e-05,0.9942708333333333,0.017889391630887985
0,1,company,15360,unrestricted,company,trained,all,1024,0.9052734375,0.9052734375,0.32338911294937134,1.0,3.900939191225916e-05,0.9921875,0.01761043630540371
0,1,company,15360,unrestricted,company,trained,original_exception,64,0.875,0.875,0.48249977827072144,1.0,3.9009399188216776e-05,0.953125,0.08279787003993988
0,1,company,15360,unrestricted,company,trained,ordinary,960,0.9072916666666667,0.9072916666666667,0.31278175115585327,1.0,3.900939555023797e-05,0.9947916666666666,0.013264606706798077
0,1,company,15360,unrestricted,company,heldout,all,1024,0.8701171875,0.8701171875,0.4611216187477112,1.0,3.900939191225916e-05,0.9931640625,0.03266632556915283
0,1,company,15360,unrestricted,company,heldout,original_exception,64,0.859375,0.859375,0.42762553691864014,1.0,3.900939555023797e-05,0.984375,0.18494853377342224
0,1,company,15360,unrestricted,company,heldout,ordinary,960,0.8708333333333333,0.8708333333333333,0.4633546769618988,1.0,3.900939191225916e-05,0.99375,0.02251417376101017
0,1,company,15360,unrestricted,project,all,all,2048,0.9462890625,0.9462890625,0.28922516107559204,1.0,7.929979619802907e-05,0.9345703125,0.2515600323677063
0,1,company,15360,unrestricted,project,all,original_exception,128,0.9296875,0.9296875,0.5678520202636719,1.0,7.929979619802907e-05,0.8125,0.5858818292617798
0,1,company,15360,unrestricted,project,all,ordinary,1920,0.9473958333333333,0.9473958333333333,0.2706500291824341,1.0,7.929979619802907e-05,0.9427083333333334,0.22927190363407135
0,1,company,15360,unrestricted,project,trained,all,1024,0.9443359375,0.9443359375,0.2989802956581116,1.0,7.929978892207146e-05,0.9560546875,0.18166357278823853
0,1,company,15360,unrestricted,project,trained,original_exception,64,0.96875,0.96875,0.2649114429950714,1.0,7.929979619802907e-05,0.78125,0.7670321464538574
0,1,company,15360,unrestricted,project,trained,ordinary,960,0.9427083333333334,0.9427083333333334,0.30125153064727783,1.0,7.929978892207146e-05,0.9677083333333333,0.14263901114463806
0,1,company,15360,unrestricted,project,heldout,all,1024,0.9482421875,0.9482421875,0.2794700264930725,1.0,7.929978892207146e-05,0.9130859375,0.3214564919471741
0,1,company,15360,unrestricted,project,heldout,original_exception,64,0.890625,0.890625,0.8707926869392395,1.0,7.929978892207146e-05,0.84375,0.40473151206970215
0,1,company,15360,unrestricted,project,heldout,ordinary,960,0.9520833333333333,0.9520833333333333,0.24004854261875153,1.0,7.929978892207146e-05,0.9177083333333333,0.31590479612350464
0,1,company,15360,isolated,company,all,all,2048,0.99267578125,0.99267578125,0.00943806767463684,1.0,6.150118133518845e-05,0.9990234375,0.003980599343776703
0,1,company,15360,isolated,company,all,original_exception,128,0.984375,0.984375,0.03889206796884537,1.0,6.150118133518845e-05,0.9921875,0.01767749711871147
0,1,company,15360,isolated,company,all,ordinary,1920,0.9932291666666667,0.9932291666666667,0.007474467623978853,1.0,6.150118133518845e-05,0.9994791666666667,0.003067472716793418
0,1,company,15360,isolated,company,trained,all,1024,0.994140625,0.994140625,0.008697375655174255,1.0,6.150118133518845e-05,0.9990234375,0.003685805480927229
0,1,company,15360,isolated,company,trained,original_exception,64,0.984375,0.984375,0.030023599043488503,1.0,6.150118133518845e-05,0.984375,0.024598177522420883
0,1,company,15360,isolated,company,trained,ordinary,960,0.9947916666666666,0.9947916666666666,0.007275627460330725,1.0,6.150118133518845e-05,1.0,0.002291647018864751
0,1,company,15360,isolated,company,heldout,all,1024,0.9912109375,0.9912109375,0.010178759694099426,1.0,6.150118133518845e-05,0.9990234375,0.004275393672287464
0,1,company,15360,isolated,company,heldout,original_exception,64,0.984375,0.984375,0.04776053875684738,1.0,6.150118133518845e-05,1.0,0.010756813921034336
0,1,company,15360,isolated,company,heldout,ordinary,960,0.9916666666666667,0.9916666666666667,0.007673307787626982,1.0,6.150118133518845e-05,0.9989583333333333,0.0038432986475527287
0,1,company,15360,isolated,project,all,all,2048,0.998046875,0.998046875,0.008220409974455833,1.0,6.343895802274346e-05,0.9990234375,0.005169304087758064
0,1,company,15360,isolated,project,all,original_exception,128,0.9765625,0.9765625,0.06044550612568855,1.0,6.343895074678585e-05,1.0,0.0055175465531647205
0,1,company,15360,isolated,project,all,ordinary,1920,0.9994791666666667,0.9994791666666667,0.004738736432045698,1.0,6.343895074678585e-05,0.9989583333333333,0.00514608807861805
0,1,company,15360,isolated,project,trained,all,1024,0.998046875,0.998046875,0.00925630796700716,1.0,6.343895802274346e-05,1.0,0.0018339829985052347
0,1,company,15360,isolated,project,trained,original_exception,64,0.96875,0.96875,0.09172217547893524,1.0,6.343895074678585e-05,1.0,0.008849292993545532
0,1,company,15360,isolated,project,trained,ordinary,960,1.0,1.0,0.003758583916351199,1.0,6.343895074678585e-05,1.0,0.0013662956189364195
0,1,company,15360,isolated,project,heldout,all,1024,0.998046875,0.998046875,0.007184511050581932,1.0,6.343895074678585e-05,0.998046875,0.008504627272486687
0,1,company,15360,isolated,project,heldout,original_exception,64,0.984375,0.984375,0.029168836772441864,1.0,6.343895074678585e-05,1.0,0.0021857991814613342
0,1,company,15360,isolated,project,heldout,ordinary,960,0.9989583333333333,0.9989583333333333,0.005718889180570841,1.0,6.343895074678585e-05,0.9979166666666667,0.008925882168114185
0,1,project,0,unrestricted,company,all,all,2048,0.0,0.0,8.567546844482422,0.0,8.503297805786133,0.0,8.487998962402344
0,1,project,0,unrestricted,company,all,original_exception,128,0.0,0.0,8.57470989227295,0.0,8.50329875946045,0.0,8.511241912841797
0,1,project,0,unrestricted,company,all,ordinary,1920,0.0,0.0,8.567069053649902,0.0,8.503297805786133,0.0,8.4864501953125
0,1,project,0,unrestricted,company,trained,all,1024,0.0,0.0,8.563824653625488,0.0,8.503297805786133,0.0,8.486696243286133
0,1,project,0,unrestricted,company,trained,original_exception,64,0.0,0.0,8.57352066040039,0.0,8.503297805786133,0.0,8.491155624389648
0,1,project,0,unrestricted,company,trained,ordinary,960,0.0,0.0,8.563178062438965,0.0,8.50329875946045,0.0,8.48639965057373
0,1,project,0,unrestricted,company,heldout,all,1024,0.0,0.0,8.571269989013672,0.0,8.503297805786133,0.0,8.489301681518555
0,1,project,0,unrestricted,company,heldout,original_exception,64,0.0,0.0,8.575900077819824,0.0,8.503297805786133,0.0,8.531328201293945
0,1,project,0,unrestricted,company,heldout,ordinary,960,0.0,0.0,8.570961952209473,0.0,8.503297805786133,0.0,8.486499786376953
0,1,project,0,unrestricted,project,all,all,2048,0.0,0.0,8.609415054321289,0.0,8.461750030517578,0.0,8.498872756958008
0,1,project,0,unrestricted,project,all,original_exception,128,0.0,0.0,8.600004196166992,0.0,8.461750030517578,0.0,8.529443740844727
0,1,project,0,unrestricted,project,all,ordinary,1920,0.0,0.0,8.610041618347168,0.0,8.461750030517578,0.0,8.496834754943848
0,1,project,0,unrestricted,project,trained,all,1024,0.0,0.0,8.610580444335938,0.0,8.461750984191895,0.0,8.500724792480469
0,1,project,0,unrestricted,project,trained,original_exception,64,0.0,0.0,8.596446990966797,0.0,8.461750030517578,0.0,8.536341667175293
0,1,project,0,unrestricted,project,trained,ordinary,960,0.0,0.0,8.611522674560547,0.0,8.461750030517578,0.0,8.498350143432617
0,1,project,0,unrestricted,project,heldout,all,1024,0.0,0.0,8.608247756958008,0.0,8.461750030517578,0.0,8.497020721435547
0,1,project,0,unrestricted,project,heldout,original_exception,64,0.0,0.0,8.603561401367188,0.0,8.461750984191895,0.0,8.52254581451416
0,1,project,0,unrestricted,project,heldout,ordinary,960,0.0,0.0,8.608561515808105,0.0,8.461750030517578,0.0,8.495319366455078
0,1,project,0,isolated,company,all,all,2048,0.0,0.0,8.567546844482422,0.0,8.503297805786133,0.0,8.487998962402344
0,1,project,0,isolated,company,all,original_exception,128,0.0,0.0,8.57470989227295,0.0,8.50329875946045,0.0,8.511241912841797
0,1,project,0,isolated,company,all,ordinary,1920,0.0,0.0,8.567069053649902,0.0,8.503297805786133,0.0,8.4864501953125
0,1,project,0,isolated,company,trained,all,1024,0.0,0.0,8.563824653625488,0.0,8.503297805786133,0.0,8.486696243286133
0,1,project,0,isolated,company,trained,original_exception,64,0.0,0.0,8.57352066040039,0.0,8.503297805786133,0.0,8.491155624389648
0,1,project,0,isolated,company,trained,ordinary,960,0.0,0.0,8.563178062438965,0.0,8.50329875946045,0.0,8.48639965057373
0,1,project,0,isolated,company,heldout,all,1024,0.0,0.0,8.571269989013672,0.0,8.503297805786133,0.0,8.489301681518555
0,1,project,0,isolated,company,heldout,original_exception,64,0.0,0.0,8.575900077819824,0.0,8.503297805786133,0.0,8.531328201293945
0,1,project,0,isolated,company,heldout,ordinary,960,0.0,0.0,8.570961952209473,0.0,8.503297805786133,0.0,8.486499786376953
0,1,project,0,isolated,project,all,all,2048,0.0,0.0,8.609415054321289,0.0,8.461750030517578,0.0,8.498872756958008
0,1,project,0,isolated,project,all,original_exception,128,0.0,0.0,8.600004196166992,0.0,8.461750030517578,0.0,8.529443740844727
0,1,project,0,isolated,project,all,ordinary,1920,0.0,0.0,8.610041618347168,0.0,8.461750030517578,0.0,8.496834754943848
0,1,project,0,isolated,project,trained,all,1024,0.0,0.0,8.610580444335938,0.0,8.461750984191895,0.0,8.500724792480469
0,1,project,0,isolated,project,trained,original_exception,64,0.0,0.0,8.596446990966797,0.0,8.461750030517578,0.0,8.536341667175293
0,1,project,0,isolated,project,trained,ordinary,960,0.0,0.0,8.611522674560547,0.0,8.461750030517578,0.0,8.498350143432617
0,1,project,0,isolated,project,heldout,all,1024,0.0,0.0,8.608247756958008,0.0,8.461750030517578,0.0,8.497020721435547
0,1,project,0,isolated,project,heldout,original_exception,64,0.0,0.0,8.603561401367188,0.0,8.461750984191895,0.0,8.52254581451416
0,1,project,0,isolated,project,heldout,ordinary,960,0.0,0.0,8.608561515808105,0.0,8.461750030517578,0.0,8.495319366455078
0,1,project,1280,unrestricted,company,all,all,2048,0.0,0.0,8.365970611572266,1.0,0.17426472902297974,0.5185546875,2.1635797023773193
0,1,project,1280,unrestricted,company,all,original_exception,128,0.0,0.0,8.341672897338867,1.0,0.17426472902297974,0.15625,3.926978826522827
0,1,project,1280,unrestricted,company,all,ordinary,1920,0.0,0.0,8.36759090423584,1.0,0.17426472902297974,0.5427083333333333,2.0460197925567627
0,1,project,1280,unrestricted,company,trained,all,1024,0.0,0.0,8.435590744018555,1.0,0.17426472902297974,0.7724609375,0.9586021900177002
0,1,project,1280,unrestricted,company,trained,original_exception,64,0.0,0.0,8.307133674621582,1.0,0.17426472902297974,0.046875,4.391819000244141
0,1,project,1280,unrestricted,company,trained,ordinary,960,0.0,0.0,8.444153785705566,1.0,0.17426472902297974,0.8208333333333333,0.7297210693359375
0,1,project,1280,unrestricted,company,heldout,all,1024,0.0,0.0,8.296351432800293,1.0,0.17426472902297974,0.2646484375,3.3685574531555176
0,1,project,1280,unrestricted,company,heldout,original_exception,64,0.0,0.0,8.376212120056152,1.0,0.17426472902297974,0.265625,3.4621386528015137
0,1,project,1280,unrestricted,company,heldout,ordinary,960,0.0,0.0,8.291027069091797,1.0,0.17426472902297974,0.26458333333333334,3.362318754196167
0,1,project,1280,unrestricted,project,all,all,2048,0.0,0.0,8.669078826904297,1.0,0.28204023838043213,0.34619140625,3.123843193054199
0,1,project,1280,unrestricted,project,all,original_exception,128,0.0,0.0,8.644651412963867,1.0,0.28204023838043213,0.03125,4.85129451751709
0,1,project,1280,unrestricted,project,all,ordinary,1920,0.0,0.0,8.670706748962402,1.0,0.28204023838043213,0.3671875,3.0086801052093506
0,1,project,1280,unrestricted,project,trained,all,1024,0.0,0.0,8.64399528503418,1.0,0.28204023838043213,0.65625,1.2654001712799072
0,1,project,1280,unrestricted,project,trained,original_exception,64,0.0,0.0,8.56734848022461,1.0,0.28204023838043213,0.0,5.1382598876953125
0,1,project,1280,unrestricted,project,trained,ordinary,960,0.0,0.0,8.649105072021484,1.0,0.28204023838043213,0.7,1.0072095394134521
0,1,project,1280,unrestricted,project,heldout,all,1024,0.0,0.0,8.694161415100098,1.0,0.28204023838043213,0.0361328125,4.98228645324707
0,1,project,1280,unrestricted,project,heldout,original_exception,64,0.0,0.0,8.721954345703125,1.0,0.28204023838043213,0.0625,4.564328193664551
0,1,project,1280,unrestricted,project,heldout,ordinary,960,0.0,0.0,8.692307472229004,1.0,0.28204020857810974,0.034375,5.010149955749512
0,1,project,1280,isolated,company,all,all,2048,0.0,0.0,6.1095733642578125,1.0,0.15027546882629395,0.49951171875,2.0013022422790527
0,1,project,1280,isolated,company,all,original_exception,128,0.0,0.0,6.062300682067871,1.0,0.15027546882629395,0.1484375,3.2909398078918457
0,1,project,1280,isolated,company,all,ordinary,1920,0.0,0.0,6.112724781036377,1.0,0.15027548372745514,0.5229166666666667,1.915326476097107
0,1,project,1280,isolated,company,trained,all,1024,0.0,0.0,6.106145858764648,1.0,0.15027546882629395,0.7431640625,1.0718739032745361
0,1,project,1280,isolated,company,trained,original_exception,64,0.0,0.0,6.04584264755249,1.0,0.15027546882629395,0.078125,3.5336928367614746
0,1,project,1280,isolated,company,trained,ordinary,960,0.0,0.0,6.110166549682617,1.0,0.15027548372745514,0.7875,0.9077526926994324
0,1,project,1280,isolated,company,heldout,all,1024,0.0,0.0,6.113001346588135,1.0,0.15027546882629395,0.255859375,2.9307303428649902
0,1,project,1280,isolated,company,heldout,original_exception,64,0.0,0.0,6.07875919342041,1.0,0.15027546882629395,0.21875,3.0481863021850586
0,1,project,1280,isolated,company,heldout,ordinary,960,0.0,0.0,6.115284442901611,1.0,0.15027546882629395,0.25833333333333336,2.9228999614715576
0,1,project,1280,isolated,project,all,all,2048,0.00341796875,0.00341796875,5.229921340942383,1.0,0.23471993207931519,0.48779296875,2.0369091033935547
0,1,project,1280,isolated,project,all,original_exception,128,0.0,0.0,5.143894195556641,1.0,0.234719917178154,0.1484375,3.315516948699951
0,1,project,1280,isolated,project,all,ordinary,1920,0.0036458333333333334,0.0036458333333333334,5.235655784606934,1.0,0.23471993207931519,0.5104166666666666,1.9516682624816895
0,1,project,1280,isolated,project,trained,all,1024,0.001953125,0.001953125,5.282993793487549,1.0,0.23471993207931519,0.724609375,1.1232736110687256
0,1,project,1280,isolated,project,trained,original_exception,64,0.0,0.0,5.050036907196045,1.0,0.234719917178154,0.0,3.857509136199951
0,1,project,1280,isolated,project,trained,ordinary,960,0.0020833333333333333,0.0020833333333333333,5.298523902893066,1.0,0.234719917178154,0.7729166666666667,0.9409913420677185
0,1,project,1280,isolated,project,heldout,all,1024,0.0048828125,0.0048828125,5.1768479347229,1.0,0.23471993207931519,0.2509765625,2.9505441188812256
0,1,project,1280,isolated,project,heldout,original_exception,64,0.0,0.0,5.2377519607543945,1.0,0.23471993207931519,0.296875,2.773524761199951
0,1,project,1280,isolated,project,heldout,ordinary,960,0.005208333333333333,0.005208333333333333,5.172788143157959,1.0,0.234719917178154,0.24791666666666667,2.9623453617095947
0,1,project,2560,unrestricted,company,all,all,2048,0.00048828125,0.00048828125,6.086366653442383,1.0,0.014251017943024635,0.91357421875,0.3580366373062134
0,1,project,2560,unrestricted,company,all,original_exception,128,0.0,0.0,6.6166863441467285,1.0,0.014251017943024635,0.3046875,2.893221855163574
0,1,project,2560,unrestricted,company,all,ordinary,1920,0.0005208333333333333,0.0005208333333333333,6.05101203918457,1.0,0.01425101887434721,0.9541666666666667,0.18902426958084106
0,1,project,2560,unrestricted,company,trained,all,1024,0.0009765625,0.0009765625,6.130861282348633,1.0,0.014251017943024635,0.927734375,0.34767991304397583
0,1,project,2560,unrestricted,company,trained,original_exception,64,0.0,0.0,6.323551177978516,1.0,0.014251017943024635,0.046875,4.23827600479126
0,1,project,2560,unrestricted,company,trained,ordinary,960,0.0010416666666666667,0.0010416666666666667,6.118014812469482,1.0,0.014251017943024635,0.9864583333333333,0.08830683678388596
0,1,project,2560,unrestricted,company,heldout,all,1024,0.0,0.0,6.041872978210449,1.0,0.014251017943024635,0.8994140625,0.36839333176612854
0,1,project,2560,unrestricted,company,heldout,original_exception,64,0.0,0.0,6.909821033477783,1.0,0.014251017943024635,0.5625,1.5481677055358887
0,1,project,2560,unrestricted,company,heldout,ordinary,960,0.0,0.0,5.984009742736816,1.0,0.014251017943024635,0.921875,0.2897416949272156
0,1,project,2560,unrestricted,project,all,all,2048,0.00439453125,0.00439453125,7.332033157348633,1.0,0.020801937207579613,0.12109375,4.099514484405518
0,1,project,2560,unrestricted,project,all,original_exception,128,0.0078125,0.0078125,7.579835414886475,1.0,0.020801935344934464,0.015625,5.551816463470459
0,1,project,2560,unrestricted,project,all,ordinary,1920,0.004166666666666667,0.004166666666666667,7.3155131340026855,1.0,0.020801937207579613,0.128125,4.002694606781006
0,1,project,2560,unrestricted,project,trained,all,1024,0.005859375,0.005859375,7.045901298522949,1.0,0.020801937207579613,0.1396484375,3.7537941932678223
0,1,project,2560,unrestricted,project,trained,original_exception,64,0.015625,0.015625,7.014158248901367,1.0,0.020801937207579613,0.0,5.939908027648926
0,1,project,2560,unrestricted,project,trained,ordinary,960,0.005208333333333333,0.005208333333333333,7.048017501831055,1.0,0.020801935344934464,0.14895833333333333,3.608052968978882
0,1,project,2560,unrestricted,project,heldout,all,1024,0.0029296875,0.0029296875,7.618164539337158,1.0,0.020801937207579613,0.1025390625,4.445235252380371
0,1,project,2560,unrestricted,project,heldout,original_exception,64,0.0,0.0,8.145512580871582,1.0,0.020801937207579613,0.03125,5.163724899291992
0,1,project,2560,unrestricted,project,heldout,ordinary,960,0.003125,0.003125,7.5830078125,1.0,0.020801937207579613,0.10729166666666666,4.397336006164551
0,1,project,2560,isolated,company,all,all,2048,0.142578125,0.142578125,3.8311288356781006,1.0,0.012013601139187813,0.94091796875,0.28138768672943115
0,1,project,2560,isolated,company,all,original_exception,128,0.1171875,0.1171875,4.0464935302734375,1.0,0.012013601139187813,0.3984375,2.893367290496826
0,1,project,2560,isolated,company,all,ordinary,1920,0.14427083333333332,0.14427083333333332,3.8167710304260254,1.0,0.012013601139187813,0.9770833333333333,0.107255719602108
0,1,project,2560,isolated,company,trained,all,1024,0.1328125,0.1328125,3.813438892364502,1.0,0.012013601139187813,0.9384765625,0.3248872756958008
0,1,project,2560,isolated,company,trained,original_exception,64,0.125,0.125,3.5653281211853027,1.0,0.012013601139187813,0.09375,4.5260844230651855
0,1,project,2560,isolated,company,trained,ordinary,960,0.13333333333333333,0.13333333333333333,3.829979419708252,1.0,0.012013601139187813,0.9947916666666666,0.04480743035674095
0,1,project,2560,isolated,company,heldout,all,1024,0.15234375,0.15234375,3.848818778991699,1.0,0.012013601139187813,0.943359375,0.2378881722688675
0,1,project,2560,isolated,company,heldout,original_exception,64,0.109375,0.109375,4.527658462524414,1.0,0.012013601139187813,0.703125,1.260650396347046
0,1,project,2560,isolated,company,heldout,ordinary,960,0.15520833333333334,0.15520833333333334,3.803562879562378,1.0,0.012013602070510387,0.959375,0.16970400512218475
0,1,project,2560,isolated,project,all,all,2048,0.6005859375,0.6005859375,1.3172186613082886,1.0,0.013000737875699997,0.94580078125,0.2559612989425659
0,1,project,2560,isolated,project,all,original_exception,128,0.46875,0.46875,2.3498342037200928,1.0,0.013000737875699997,0.3515625,2.895796775817871
0,1,project,2560,isolated,project,all,ordinary,1920,0.609375,0.609375,1.2483775615692139,1.0,0.013000738807022572,0.9854166666666667,0.0799722820520401
0,1,project,2560,isolated,project,trained,all,1024,0.634765625,0.634765625,1.1914366483688354,1.0,0.013000737875699997,0.9375,0.33133530616760254
0,1,project,2560,isolated,project,trained,original_exception,64,0.65625,0.65625,1.4154083728790283,1.0,0.013000738807022572,0.0625,4.639657974243164
0,1,project,2560,isolated,project,trained,ordinary,960,0.6333333333333333,0.6333333333333333,1.1765053272247314,1.0,0.013000738807022572,0.9958333333333333,0.04411377012729645
0,1,project,2560,isolated,project,heldout,all,1024,0.56640625,0.56640625,1.4430005550384521,1.0,0.013000737875699997,0.9541015625,0.18058733642101288
0,1,project,2560,isolated,project,heldout,original_exception,64,0.28125,0.28125,3.284259796142578,1.0,0.013000737875699997,0.640625,1.1519352197647095
0,1,project,2560,isolated,project,heldout,ordinary,960,0.5854166666666667,0.5854166666666667,1.3202499151229858,1.0,0.013000737875699997,0.975,0.11583080887794495
0,1,project,5120,unrestricted,company,all,all,2048,0.98876953125,0.98876953125,0.09972170740365982,1.0,0.0006653240416198969,0.9833984375,0.06221543624997139
0,1,project,5120,unrestricted,company,all,original_exception,128,0.9375,0.9375,0.3239254951477051,1.0,0.0006653240416198969,0.7734375,0.6669348478317261
0,1,project,5120,unrestricted,company,all,ordinary,1920,0.9921875,0.9921875,0.08477478474378586,1.0,0.0006653240416198969,0.9973958333333334,0.021900808438658714
0,1,project,5120,unrestricted,company,trained,all,1024,0.9873046875,0.9873046875,0.09135767817497253,1.0,0.0006653240416198969,0.974609375,0.07651267945766449
0,1,project,5120,unrestricted,company,trained,original_exception,64,0.96875,0.96875,0.18945282697677612,1.0,0.0006653240416198969,0.609375,1.112922191619873
0,1,project,5120,unrestricted,company,trained,ordinary,960,0.9885416666666667,0.9885416666666667,0.08481799811124802,1.0,0.0006653240998275578,0.9989583333333333,0.007418714463710785
0,1,project,5120,unrestricted,company,heldout,all,1024,0.990234375,0.990234375,0.1080857366323471,1.0,0.0006653240416198969,0.9921875,0.04791820049285889
0,1,project,5120,unrestricted,company,heldout,original_exception,64,0.90625,0.90625,0.45839816331863403,1.0,0.0006653240416198969,0.9375,0.22094763815402985
0,1,project,5120,unrestricted,company,heldout,ordinary,960,0.9958333333333333,0.9958333333333333,0.0847315788269043,1.0,0.0006653240416198969,0.9958333333333333,0.036382902413606644
0,1,project,5120,unrestricted,project,all,all,2048,0.99365234375,0.99365234375,0.09561735391616821,1.0,0.00082303152885288,0.88623046875,0.4320026636123657
0,1,project,5120,unrestricted,project,all,original_exception,128,0.984375,0.984375,0.1463690996170044,1.0,0.00082303152885288,0.90625,0.32842200994491577
0,1,project,5120,unrestricted,project,all,ordinary,1920,0.9942708333333333,0.9942708333333333,0.09223390370607376,1.0,0.0008230314706452191,0.8848958333333333,0.43890801072120667
0,1,project,5120,unrestricted,project,trained,all,1024,0.994140625,0.994140625,0.08950057625770569,1.0,0.00082303152885288,0.9248046875,0.3015483319759369
0,1,project,5120,unrestricted,project,trained,original_exception,64,1.0,1.0,0.07920092344284058,1.0,0.0008230314706452191,0.859375,0.4476807713508606
0,1,project,5120,unrestricted,project,trained,ordinary,960,0.99375,0.99375,0.09018722176551819,1.0,0.0008230314706452191,0.9291666666666667,0.291806161403656
0,1,project,5120,unrestricted,project,heldout,all,1024,0.9931640625,0.9931640625,0.10173412412405014,1.0,0.00082303152885288,0.84765625,0.5624569654464722
0,1,project,5120,unrestricted,project,heldout,original_exception,64,0.96875,0.96875,0.2135372757911682,1.0,0.0008230314706452191,0.953125,0.20916321873664856
0,1,project,5120,unrestricted,project,heldout,ordinary,960,0.9947916666666666,0.9947916666666666,0.09428057819604874,1.0,0.0008230314706452191,0.840625,0.5860098600387573
0,1,project,5120,isolated,company,all,all,2048,0.75146484375,0.75146484375,0.9933446049690247,1.0,0.0007675597444176674,0.99267578125,0.025531863793730736
0,1,project,5120,isolated,company,all,original_exception,128,0.8203125,0.8203125,0.7860283851623535,1.0,0.0007675596862100065,0.90625,0.279167115688324
0,1,project,5120,isolated,company,all,ordinary,1920,0.746875,0.746875,1.0071656703948975,1.0,0.0007675596862100065,0.9984375,0.008622844703495502
0,1,project,5120,isolated,company,trained,all,1024,0.7578125,0.7578125,0.9615167379379272,1.0,0.0007675596862100065,0.98828125,0.03772922605276108
0,1,project,5120,isolated,company,trained,original_exception,64,0.8125,0.8125,0.7511974573135376,1.0,0.0007675596862100065,0.828125,0.5122901797294617
0,1,project,5120,isolated,company,trained,ordinary,960,0.7541666666666667,0.7541666666666667,0.9755380153656006,1.0,0.0007675596862100065,0.9989583333333333,0.0060918303206563
0,1,project,5120,isolated,company,heldout,all,1024,0.7451171875,0.7451171875,1.025172472000122,1.0,0.0007675597444176674,0.9970703125,0.013334499672055244
0,1,project,5120,isolated,company,heldout,original_exception,64,0.828125,0.828125,0.8208593726158142,1.0,0.0007675597444176674,0.984375,0.04604408144950867
0,1,project,5120,isolated,company,heldout,ordinary,960,0.7395833333333334,0.7395833333333334,1.0387933254241943,1.0,0.0007675596862100065,0.9979166666666667,0.011153860948979855
0,1,project,5120,isolated,project,all,all,2048,0.97607421875,0.97607421875,0.19992688298225403,1.0,0.0007871140842325985,0.970703125,0.09503240883350372
0,1,project,5120,isolated,project,all,original_exception,128,0.9609375,0.9609375,0.2717909812927246,1.0,0.0007871141424402595,0.71875,0.8344154953956604
0,1,project,5120,isolated,project,all,ordinary,1920,0.9770833333333333,0.9770833333333333,0.1951359212398529,1.0,0.0007871140842325985,0.9875,0.04574020951986313
0,1,project,5120,isolated,project,trained,all,1024,0.98046875,0.98046875,0.19276899099349976,1.0,0.0007871141424402595,0.9638671875,0.11209271848201752
0,1,project,5120,isolated,project,trained,original_exception,64,0.96875,0.96875,0.22623728215694427,1.0,0.0007871141424402595,0.546875,1.3115710020065308
0,1,project,5120,isolated,project,trained,ordinary,960,0.98125,0.98125,0.19053775072097778,1.0,0.0007871140842325985,0.9916666666666667,0.032127495855093
0,1,project,5120,isolated,project,heldout,all,1024,0.9716796875,0.9716796875,0.2070847600698471,1.0,0.0007871140842325985,0.9775390625,0.07797211408615112
0,1,project,5120,isolated,project,heldout,original_exception,64,0.953125,0.953125,0.31734466552734375,1.0,0.0007871141424402595,0.890625,0.3572598695755005
0,1,project,5120,isolated,project,heldout,ordinary,960,0.9729166666666667,0.9729166666666667,0.19973410665988922,1.0,0.0007871140842325985,0.9833333333333333,0.05935293063521385
0,1,project,10240,unrestricted,company,all,all,2048,0.9931640625,0.9931640625,0.027742547914385796,1.0,0.00010688928159652278,0.98779296875,0.03862089291214943
0,1,project,10240,unrestricted,company,all,original_exception,128,0.96875,0.96875,0.09448102116584778,1.0,0.00010688928887248039,0.8984375,0.30014556646347046
0,1,project,10240,unrestricted,company,all,ordinary,1920,0.9947916666666666,0.9947916666666666,0.02329331636428833,1.0,0.00010688928887248039,0.99375,0.021185914054512978
0,1,project,10240,unrestricted,company,trained,all,1024,0.994140625,0.994140625,0.02330910600721836,1.0,0.00010688928887248039,0.986328125,0.040553346276283264
0,1,project,10240,unrestricted,company,trained,original_exception,64,1.0,1.0,0.025484949350357056,1.0,0.00010688928887248039,0.859375,0.3696165382862091
0,1,project,10240,unrestricted,company,trained,ordinary,960,0.99375,0.99375,0.02316405065357685,1.0,0.00010688928887248039,0.9947916666666666,0.018615804612636566
0,1,project,10240,unrestricted,company,heldout,all,1024,0.9921875,0.9921875,0.03217598795890808,1.0,0.00010688928887248039,0.9892578125,0.036688432097435
0,1,project,10240,unrestricted,company,heldout,original_exception,64,0.9375,0.9375,0.1634770929813385,1.0,0.00010688928159652278,0.9375,0.23067454993724823
0,1,project,10240,unrestricted,company,heldout,ordinary,960,0.9958333333333333,0.9958333333333333,0.02342257834970951,1.0,0.00010688928887248039,0.9927083333333333,0.023756027221679688
0,1,project,10240,unrestricted,project,all,all,2048,0.990234375,0.990234375,0.02697005309164524,1.0,7.983652176335454e-05,0.953125,0.16997472941875458
0,1,project,10240,unrestricted,project,all,original_exception,128,0.96875,0.96875,0.07776844501495361,1.0,7.983652176335454e-05,0.953125,0.184836745262146
0,1,project,10240,unrestricted,project,all,ordinary,1920,0.9916666666666667,0.9916666666666667,0.023583494126796722,1.0,7.983651448739693e-05,0.953125,0.16898392140865326
0,1,project,10240,unrestricted,project,trained,all,1024,0.990234375,0.990234375,0.028656989336013794,1.0,7.983652176335454e-05,0.98046875,0.07557356357574463
0,1,project,10240,unrestricted,project,trained,original_exception,64,0.984375,0.984375,0.07535265386104584,1.0,7.983652176335454e-05,0.96875,0.0978362187743187
0,1,project,10240,unrestricted,project,trained,ordinary,960,0.990625,0.990625,0.025543944910168648,1.0,7.983651448739693e-05,0.98125,0.07408938556909561
0,1,project,10240,unrestricted,project,heldout,all,1024,0.990234375,0.990234375,0.025283116847276688,1.0,7.983652176335454e-05,0.92578125,0.26437586545944214
0,1,project,10240,unrestricted,project,heldout,original_exception,64,0.953125,0.953125,0.08018425107002258,1.0,7.983652176335454e-05,0.9375,0.2718372642993927
0,1,project,10240,unrestricted,project,heldout,ordinary,960,0.9927083333333333,0.9927083333333333,0.021623043343424797,1.0,7.983651448739693e-05,0.925,0.2638784646987915
0,1,project,10240,isolated,company,all,all,2048,0.9931640625,0.9931640625,0.03626719489693642,1.0,5.431829777080566e-05,0.9921875,0.03250559791922569
0,1,project,10240,isolated,company,all,original_exception,128,0.9765625,0.9765625,0.08268492668867111,1.0,5.431829777080566e-05,0.9296875,0.26317140460014343
0,1,project,10240,isolated,company,all,ordinary,1920,0.9942708333333333,0.9942708333333333,0.03317268192768097,1.0,5.431829777080566e-05,0.9963541666666667,0.017127877101302147
0,1,project,10240,isolated,company,trained,all,1024,0.9931640625,0.9931640625,0.03590916097164154,1.0,5.431829777080566e-05,0.9951171875,0.02594960480928421
0,1,project,10240,isolated,company,trained,original_exception,64,1.0,1.0,0.04534831643104553,1.0,5.431829777080566e-05,0.9375,0.3270376920700073
0,1,project,10240,isolated,company,trained,ordinary,960,0.9927083333333333,0.9927083333333333,0.035279881209135056,1.0,5.431829413282685e-05,0.9989583333333333,0.00587706733494997
0,1,project,10240,isolated,company,heldout,all,1024,0.9931640625,0.9931640625,0.03662522882223129,1.0,5.431829777080566e-05,0.9892578125,0.039061591029167175
0,1,project,10240,isolated,company,heldout,original_exception,64,0.953125,0.953125,0.12002155184745789,1.0,5.431829777080566e-05,0.921875,0.19930514693260193
0,1,project,10240,isolated,company,heldout,ordinary,960,0.9958333333333333,0.9958333333333333,0.031065477058291435,1.0,5.431829413282685e-05,0.99375,0.02837868593633175
0,1,project,10240,isolated,project,all,all,2048,0.99755859375,0.99755859375,0.010887673124670982,1.0,9.358805255033076e-05,0.99267578125,0.023374449461698532
0,1,project,10240,isolated,project,all,original_exception,128,0.9921875,0.9921875,0.02745402604341507,1.0,9.358804527437314e-05,0.953125,0.13543790578842163
0,1,project,10240,isolated,project,all,ordinary,1920,0.9979166666666667,0.9979166666666667,0.009783250279724598,1.0,9.358804527437314e-05,0.9953125,0.01590355485677719
0,1,project,10240,isolated,project,trained,all,1024,0.9990234375,0.9990234375,0.008590754121541977,1.0,9.358805255033076e-05,0.9912109375,0.023275908082723618
0,1,project,10240,isolated,project,trained,original_exception,64,1.0,1.0,0.013958118855953217,1.0,9.358804527437314e-05,0.9375,0.201509028673172
0,1,project,10240,isolated,project,trained,ordinary,960,0.9989583333333333,0.9989583333333333,0.00823292974382639,1.0,9.358804527437314e-05,0.9947916666666666,0.011393699795007706
0,1,project,10240,isolated,project,heldout,all,1024,0.99609375,0.99609375,0.013184593990445137,1.0,9.358803799841553e-05,0.994140625,0.023472994565963745
0,1,project,10240,isolated,project,heldout,original_exception,64,0.984375,0.984375,0.04094993323087692,1.0,9.358804527437314e-05,0.96875,0.06936679035425186
0,1,project,10240,isolated,project,heldout,ordinary,960,0.996875,0.996875,0.011333569884300232,1.0,9.358804527437314e-05,0.9958333333333333,0.020413408055901527
0,1,project,15360,unrestricted,company,all,all,2048,0.99951171875,0.99951171875,0.004161444026976824,1.0,1.6478585166623816e-05,0.998046875,0.007543251849710941
0,1,project,15360,unrestricted,company,all,original_exception,128,0.9921875,0.9921875,0.020761743187904358,1.0,1.6478585166623816e-05,0.9765625,0.05292113125324249
0,1,project,15360,unrestricted,company,all,ordinary,1920,1.0,1.0,0.0030547576025128365,1.0,1.647858698561322e-05,0.9994791666666667,0.004518060013651848
0,1,project,15360,unrestricted,company,trained,all,1024,1.0,1.0,0.003532122354954481,1.0,1.6478585166623816e-05,0.9970703125,0.01050045620650053
0,1,project,15360,unrestricted,company,trained,original_exception,64,1.0,1.0,0.007903826422989368,1.0,1.6478585166623816e-05,0.96875,0.07561860978603363
0,1,project,15360,unrestricted,company,trained,ordinary,960,1.0,1.0,0.003240675665438175,1.0,1.6478585166623816e-05,0.9989583333333333,0.0061592464335262775
0,1,project,15360,unrestricted,company,heldout,all,1024,0.9990234375,0.9990234375,0.004790766164660454,1.0,1.6478585166623816e-05,0.9990234375,0.004586047027260065
0,1,project,15360,unrestricted,company,heldout,original_exception,64,0.984375,0.984375,0.03361966088414192,1.0,1.6478585166623816e-05,0.984375,0.030223654583096504
0,1,project,15360,unrestricted,company,heldout,ordinary,960,1.0,1.0,0.0028688395395874977,1.0,1.6478585166623816e-05,1.0,0.0028768733609467745
0,1,project,15360,unrestricted,project,all,all,2048,0.99658203125,0.99658203125,0.014410450123250484,1.0,2.5787525373743847e-05,0.98681640625,0.03932861611247063
0,1,project,15360,unrestricted,project,all,original_exception,128,1.0,1.0,0.011010002344846725,1.0,2.5787525373743847e-05,0.984375,0.022481955587863922
0,1,project,15360,unrestricted,project,all,ordinary,1920,0.9963541666666667,0.9963541666666667,0.014637146145105362,1.0,2.5787525373743847e-05,0.9869791666666666,0.04045172408223152
0,1,project,15360,unrestricted,project,trained,all,1024,0.9951171875,0.9951171875,0.01566176302731037,1.0,2.5787525373743847e-05,0.9931640625,0.019696801900863647
0,1,project,15360,unrestricted,project,trained,original_exception,64,1.0,1.0,0.014211148954927921,1.0,2.5787525373743847e-05,0.984375,0.023016706109046936
0,1,project,15360,unrestricted,project,trained,ordinary,960,0.9947916666666666,0.9947916666666666,0.015758469700813293,1.0,2.578752719273325e-05,0.99375,0.01947547309100628
0,1,project,15360,unrestricted,project,heldout,all,1024,0.998046875,0.998046875,0.013159137219190598,1.0,2.5787525373743847e-05,0.98046875,0.058960430324077606
0,1,project,15360,unrestricted,project,heldout,original_exception,64,1.0,1.0,0.00780885387212038,1.0,2.5787525373743847e-05,0.984375,0.02194720320403576
0,1,project,15360,unrestricted,project,heldout,ordinary,960,0.9979166666666667,0.9979166666666667,0.013515821658074856,1.0,2.578752719273325e-05,0.9802083333333333,0.06142797693610191
0,1,project,15360,isolated,company,all,all,2048,1.0,1.0,0.0013888124376535416,1.0,2.475965811754577e-05,1.0,0.0005877249641343951
0,1,project,15360,isolated,company,all,original_exception,128,1.0,1.0,0.00208067218773067,1.0,2.475965811754577e-05,1.0,0.0016126293921843171
0,1,project,15360,isolated,company,all,ordinary,1920,1.0,1.0,0.0013426884543150663,1.0,2.475965811754577e-05,1.0,0.0005193979595787823
0,1,project,15360,isolated,company,trained,all,1024,1.0,1.0,0.0011122520081698895,1.0,2.475965811754577e-05,1.0,0.00032355659641325474
0,1,project,15360,isolated,company,trained,original_exception,64,1.0,1.0,0.0014131530188024044,1.0,2.475965811754577e-05,1.0,0.001694094273261726
0,1,project,15360,isolated,company,trained,ordinary,960,1.0,1.0,0.001092192018404603,1.0,2.4759656298556365e-05,1.0,0.00023218740534503013
0,1,project,15360,isolated,company,heldout,all,1024,1.0,1.0,0.0016653730999678373,1.0,2.475965811754577e-05,1.0,0.0008518933318555355
0,1,project,15360,isolated,company,heldout,original_exception,64,1.0,1.0,0.002748191589489579,1.0,2.475965811754577e-05,1.0,0.0015311642782762647
0,1,project,15360,isolated,company,heldout,ordinary,960,1.0,1.0,0.0015931850066408515,1.0,2.4759656298556365e-05,1.0,0.0008066085283644497
0,1,project,15360,isolated,project,all,all,2048,0.99951171875,0.99951171875,0.0027199576143175364,1.0,2.318394217581954e-05,0.99951171875,0.002348734298720956
0,1,project,15360,isolated,project,all,original_exception,128,1.0,1.0,0.0034476653672754765,1.0,2.318394217581954e-05,1.0,0.004713362082839012
0,1,project,15360,isolated,project,all,ordinary,1920,0.9994791666666667,0.9994791666666667,0.002671443624421954,1.0,2.3183943994808942e-05,0.9994791666666667,0.002191092586144805
0,1,project,15360,isolated,project,trained,all,1024,1.0,1.0,0.0021024730522185564,1.0,2.318394217581954e-05,1.0,0.00074232486076653
0,1,project,15360,isolated,project,trained,original_exception,64,1.0,1.0,0.0018436182290315628,1.0,2.3183943994808942e-05,1.0,0.008798973634839058
0,1,project,15360,isolated,project,trained,ordinary,960,1.0,1.0,0.002119729993864894,1.0,2.318394217581954e-05,1.0,0.0002052148774964735
0,1,project,15360,isolated,project,heldout,all,1024,0.9990234375,0.9990234375,0.00333744240924716,1.0,2.318394217581954e-05,0.9990234375,0.003955144435167313
0,1,project,15360,isolated,project,heldout,original_exception,64,1.0,1.0,0.00505171250551939,1.0,2.318394217581954e-05,1.0,0.0006277500651776791
0,1,project,15360,isolated,project,heldout,ordinary,960,0.9989583333333333,0.9989583333333333,0.0032231577206403017,1.0,2.3183940356830135e-05,0.9989583333333333,0.004176969639956951
0,1,neither,0,unrestricted,company,all,all,2048,0.0,0.0,8.567546844482422,0.0,8.503297805786133,0.0,8.487998962402344
0,1,neither,0,unrestricted,company,all,original_exception,128,0.0,0.0,8.57470989227295,0.0,8.50329875946045,0.0,8.511241912841797
0,1,neither,0,unrestricted,company,all,ordinary,1920,0.0,0.0,8.567069053649902,0.0,8.503297805786133,0.0,8.4864501953125
0,1,neither,0,unrestricted,company,trained,all,1024,0.0,0.0,8.563824653625488,0.0,8.503297805786133,0.0,8.486696243286133
0,1,neither,0,unrestricted,company,trained,original_exception,64,0.0,0.0,8.57352066040039,0.0,8.503297805786133,0.0,8.491155624389648
0,1,neither,0,unrestricted,company,trained,ordinary,960,0.0,0.0,8.563178062438965,0.0,8.50329875946045,0.0,8.48639965057373
0,1,neither,0,unrestricted,company,heldout,all,1024,0.0,0.0,8.571269989013672,0.0,8.503297805786133,0.0,8.489301681518555
0,1,neither,0,unrestricted,company,heldout,original_exception,64,0.0,0.0,8.575900077819824,0.0,8.503297805786133,0.0,8.531328201293945
0,1,neither,0,unrestricted,company,heldout,ordinary,960,0.0,0.0,8.570961952209473,0.0,8.503297805786133,0.0,8.486499786376953
0,1,neither,0,unrestricted,project,all,all,2048,0.0,0.0,8.609415054321289,0.0,8.461750030517578,0.0,8.498872756958008
0,1,neither,0,unrestricted,project,all,original_exception,128,0.0,0.0,8.600004196166992,0.0,8.461750030517578,0.0,8.529443740844727
0,1,neither,0,unrestricted,project,all,ordinary,1920,0.0,0.0,8.610041618347168,0.0,8.461750030517578,0.0,8.496834754943848
0,1,neither,0,unrestricted,project,trained,all,1024,0.0,0.0,8.610580444335938,0.0,8.461750984191895,0.0,8.500724792480469
0,1,neither,0,unrestricted,project,trained,original_exception,64,0.0,0.0,8.596446990966797,0.0,8.461750030517578,0.0,8.536341667175293
0,1,neither,0,unrestricted,project,trained,ordinary,960,0.0,0.0,8.611522674560547,0.0,8.461750030517578,0.0,8.498350143432617
0,1,neither,0,unrestricted,project,heldout,all,1024,0.0,0.0,8.608247756958008,0.0,8.461750030517578,0.0,8.497020721435547
0,1,neither,0,unrestricted,project,heldout,original_exception,64,0.0,0.0,8.603561401367188,0.0,8.461750984191895,0.0,8.52254581451416
0,1,neither,0,unrestricted,project,heldout,ordinary,960,0.0,0.0,8.608561515808105,0.0,8.461750030517578,0.0,8.495319366455078
0,1,neither,0,isolated,company,all,all,2048,0.0,0.0,8.567546844482422,0.0,8.503297805786133,0.0,8.487998962402344
0,1,neither,0,isolated,company,all,original_exception,128,0.0,0.0,8.57470989227295,0.0,8.50329875946045,0.0,8.511241912841797
0,1,neither,0,isolated,company,all,ordinary,1920,0.0,0.0,8.567069053649902,0.0,8.503297805786133,0.0,8.4864501953125
0,1,neither,0,isolated,company,trained,all,1024,0.0,0.0,8.563824653625488,0.0,8.503297805786133,0.0,8.486696243286133
0,1,neither,0,isolated,company,trained,original_exception,64,0.0,0.0,8.57352066040039,0.0,8.503297805786133,0.0,8.491155624389648
0,1,neither,0,isolated,company,trained,ordinary,960,0.0,0.0,8.563178062438965,0.0,8.50329875946045,0.0,8.48639965057373
0,1,neither,0,isolated,company,heldout,all,1024,0.0,0.0,8.571269989013672,0.0,8.503297805786133,0.0,8.489301681518555
0,1,neither,0,isolated,company,heldout,original_exception,64,0.0,0.0,8.575900077819824,0.0,8.503297805786133,0.0,8.531328201293945
0,1,neither,0,isolated,company,heldout,ordinary,960,0.0,0.0,8.570961952209473,0.0,8.503297805786133,0.0,8.486499786376953
0,1,neither,0,isolated,project,all,all,2048,0.0,0.0,8.609415054321289,0.0,8.461750030517578,0.0,8.498872756958008
0,1,neither,0,isolated,project,all,original_exception,128,0.0,0.0,8.600004196166992,0.0,8.461750030517578,0.0,8.529443740844727
0,1,neither,0,isolated,project,all,ordinary,1920,0.0,0.0,8.610041618347168,0.0,8.461750030517578,0.0,8.496834754943848
0,1,neither,0,isolated,project,trained,all,1024,0.0,0.0,8.610580444335938,0.0,8.461750984191895,0.0,8.500724792480469
0,1,neither,0,isolated,project,trained,original_exception,64,0.0,0.0,8.596446990966797,0.0,8.461750030517578,0.0,8.536341667175293
0,1,neither,0,isolated,project,trained,ordinary,960,0.0,0.0,8.611522674560547,0.0,8.461750030517578,0.0,8.498350143432617
0,1,neither,0,isolated,project,heldout,all,1024,0.0,0.0,8.608247756958008,0.0,8.461750030517578,0.0,8.497020721435547
0,1,neither,0,isolated,project,heldout,original_exception,64,0.0,0.0,8.603561401367188,0.0,8.461750984191895,0.0,8.52254581451416
0,1,neither,0,isolated,project,heldout,ordinary,960,0.0,0.0,8.608561515808105,0.0,8.461750030517578,0.0,8.495319366455078
0,1,neither,1280,unrestricted,company,all,all,2048,0.0,0.0,7.226484298706055,0.890625,2.00216007232666,0.25927734375,3.245898723602295
0,1,neither,1280,unrestricted,company,all,original_exception,128,0.0,0.0,7.253931522369385,0.890625,2.00216007232666,0.0703125,3.867985248565674
0,1,neither,1280,unrestricted,company,all,ordinary,1920,0.0,0.0,7.224654674530029,0.890625,2.002159833908081,0.271875,3.2044265270233154
0,1,neither,1280,unrestricted,company,trained,all,1024,0.0,0.0,7.24000358581543,0.890625,2.002159833908081,0.42578125,2.7481627464294434
0,1,neither,1280,unrestricted,company,trained,original_exception,64,0.0,0.0,7.272591590881348,0.890625,2.00216007232666,0.03125,3.881455898284912
0,1,neither,1280,unrestricted,company,trained,ordinary,960,0.0,0.0,7.237830638885498,0.890625,2.002159833908081,0.45208333333333334,2.67261004447937
0,1,neither,1280,unrestricted,company,heldout,all,1024,0.0,0.0,7.212965488433838,0.890625,2.00216007232666,0.0927734375,3.7436347007751465
0,1,neither,1280,unrestricted,company,heldout,original_exception,64,0.0,0.0,7.235271453857422,0.890625,2.002159833908081,0.109375,3.8545145988464355
0,1,neither,1280,unrestricted,company,heldout,ordinary,960,0.0,0.0,7.2114787101745605,0.890625,2.002159833908081,0.09166666666666666,3.7362430095672607
0,1,neither,1280,unrestricted,project,all,all,2048,0.0,0.0,6.950364112854004,0.046875,3.819610595703125,0.22607421875,3.4650425910949707
0,1,neither,1280,unrestricted,project,all,original_exception,128,0.0,0.0,6.962196350097656,0.046875,3.819610357284546,0.03125,4.2241668701171875
0,1,neither,1280,unrestricted,project,all,ordinary,1920,0.0,0.0,6.949574947357178,0.046875,3.819610595703125,0.2390625,3.4144341945648193
0,1,neither,1280,unrestricted,project,trained,all,1024,0.0,0.0,6.974584102630615,0.046875,3.819610357284546,0.4013671875,2.9039032459259033
0,1,neither,1280,unrestricted,project,trained,original_exception,64,0.0,0.0,6.962244033813477,0.046875,3.819610595703125,0.03125,4.372359275817871
0,1,neither,1280,unrestricted,project,trained,ordinary,960,0.0,0.0,6.975407123565674,0.046875,3.819610595703125,0.42604166666666665,2.8060061931610107
0,1,neither,1280,unrestricted,project,heldout,all,1024,0.0,0.0,6.926144599914551,0.046875,3.819610357284546,0.05078125,4.026181697845459
0,1,neither,1280,unrestricted,project,heldout,original_exception,64,0.0,0.0,6.962148666381836,0.046875,3.819610595703125,0.03125,4.075974464416504
0,1,neither,1280,unrestricted,project,heldout,ordinary,960,0.0,0.0,6.923743724822998,0.046875,3.819610357284546,0.052083333333333336,4.022862434387207
0,1,neither,1280,isolated,company,all,all,2048,0.0,0.0,6.259929656982422,1.0,0.14339707791805267,0.50390625,1.9829775094985962
0,1,neither,1280,isolated,company,all,original_exception,128,0.0,0.0,6.195122718811035,1.0,0.14339707791805267,0.1484375,3.2738935947418213
0,1,neither,1280,isolated,company,all,ordinary,1920,0.0,0.0,6.2642502784729,1.0,0.14339707791805267,0.5276041666666667,1.8969162702560425
0,1,neither,1280,isolated,company,trained,all,1024,0.0,0.0,6.247990608215332,1.0,0.14339709281921387,0.7451171875,1.0559505224227905
0,1,neither,1280,isolated,company,trained,original_exception,64,0.0,0.0,6.178476810455322,1.0,0.14339709281921387,0.078125,3.533804416656494
0,1,neither,1280,isolated,company,trained,ordinary,960,0.0,0.0,6.252625465393066,1.0,0.14339707791805267,0.7895833333333333,0.8907603025436401
0,1,neither,1280,isolated,company,heldout,all,1024,0.0,0.0,6.271868705749512,1.0,0.14339709281921387,0.2626953125,2.910004138946533
0,1,neither,1280,isolated,company,heldout,original_exception,64,0.0,0.0,6.211768627166748,1.0,0.14339707791805267,0.21875,3.0139827728271484
0,1,neither,1280,isolated,company,heldout,ordinary,960,0.0,0.0,6.275876045227051,1.0,0.14339707791805267,0.265625,2.9030723571777344
0,1,neither,1280,isolated,project,all,all,2048,0.00439453125,0.00439453125,5.088245391845703,1.0,0.21392586827278137,0.48681640625,2.0237317085266113
0,1,neither,1280,isolated,project,all,original_exception,128,0.0,0.0,5.035951614379883,1.0,0.21392586827278137,0.1484375,3.3218274116516113
0,1,neither,1280,isolated,project,all,ordinary,1920,0.0046875,0.0046875,5.091731548309326,1.0,0.21392586827278137,0.509375,1.9371917247772217
0,1,neither,1280,isolated,project,trained,all,1024,0.00390625,0.00390625,5.125364780426025,1.0,0.21392586827278137,0.7255859375,1.1061633825302124
0,1,neither,1280,isolated,project,trained,original_exception,64,0.0,0.0,4.952027320861816,1.0,0.21392585337162018,0.0,3.865966320037842
0,1,neither,1280,isolated,project,trained,ordinary,960,0.004166666666666667,0.004166666666666667,5.136919975280762,1.0,0.21392585337162018,0.7739583333333333,0.9221764802932739
0,1,neither,1280,isolated,project,heldout,all,1024,0.0048828125,0.0048828125,5.051126480102539,1.0,0.21392585337162018,0.248046875,2.9412999153137207
0,1,neither,1280,isolated,project,heldout,original_exception,64,0.0,0.0,5.119875431060791,1.0,0.21392585337162018,0.296875,2.7776882648468018
0,1,neither,1280,isolated,project,heldout,ordinary,960,0.005208333333333333,0.005208333333333333,5.046543598175049,1.0,0.21392586827278137,0.24479166666666666,2.952207088470459
0,1,neither,2560,unrestricted,company,all,all,2048,0.06982421875,0.06982421875,4.776316165924072,1.0,0.03535687178373337,0.6220703125,1.3872182369232178
0,1,neither,2560,unrestricted,company,all,original_exception,128,0.0546875,0.0546875,5.157349586486816,1.0,0.035356875509023666,0.15625,3.1331753730773926
0,1,neither,2560,unrestricted,company,all,ordinary,1920,0.07083333333333333,0.07083333333333333,4.750914096832275,1.0,0.03535687178373337,0.653125,1.2708210945129395
0,1,neither,2560,unrestricted,company,trained,all,1024,0.0693359375,0.0693359375,4.659904956817627,1.0,0.03535687178373337,0.791015625,0.8571609854698181
0,1,neither,2560,unrestricted,company,trained,original_exception,64,0.09375,0.09375,4.805898189544678,1.0,0.03535687178373337,0.078125,3.655139923095703
0,1,neither,2560,unrestricted,company,trained,ordinary,960,0.06770833333333333,0.06770833333333333,4.650171756744385,1.0,0.03535687178373337,0.8385416666666666,0.6706291437149048
0,1,neither,2560,unrestricted,company,heldout,all,1024,0.0703125,0.0703125,4.892727375030518,1.0,0.03535687178373337,0.453125,1.9172754287719727
0,1,neither,2560,unrestricted,company,heldout,original_exception,64,0.015625,0.015625,5.508800506591797,1.0,0.03535687178373337,0.234375,2.611210346221924
0,1,neither,2560,unrestricted,company,heldout,ordinary,960,0.07395833333333333,0.07395833333333333,4.851655960083008,1.0,0.03535687178373337,0.46770833333333334,1.8710131645202637
0,1,neither,2560,unrestricted,project,all,all,2048,0.03369140625,0.03369140625,4.384212493896484,1.0,0.03842699155211449,0.330078125,2.3909547328948975
0,1,neither,2560,unrestricted,project,all,original_exception,128,0.0390625,0.0390625,4.792566299438477,1.0,0.03842698782682419,0.125,3.823638677597046
0,1,neither,2560,unrestricted,project,all,ordinary,1920,0.03333333333333333,0.03333333333333333,4.356988430023193,1.0,0.03842699155211449,0.34375,2.2954423427581787
0,1,neither,2560,unrestricted,project,trained,all,1024,0.052734375,0.052734375,4.091165542602539,1.0,0.03842698782682419,0.5322265625,1.3367358446121216
0,1,neither,2560,unrestricted,project,trained,original_exception,64,0.0625,0.0625,4.102649211883545,1.0,0.03842698782682419,0.015625,4.4618144035339355
0,1,neither,2560,unrestricted,project,trained,ordinary,960,0.052083333333333336,0.052083333333333336,4.090400218963623,1.0,0.03842698782682419,0.5666666666666667,1.1283973455429077
0,1,neither,2560,unrestricted,project,heldout,all,1024,0.0146484375,0.0146484375,4.677258491516113,1.0,0.03842699155211449,0.1279296875,3.4451732635498047
0,1,neither,2560,unrestricted,project,heldout,original_exception,64,0.015625,0.015625,5.482483863830566,1.0,0.03842698782682419,0.234375,3.185462713241577
0,1,neither,2560,unrestricted,project,heldout,ordinary,960,0.014583333333333334,0.014583333333333334,4.623576641082764,1.0,0.03842698782682419,0.12083333333333333,3.4624874591827393
0,1,neither,2560,isolated,company,all,all,2048,0.12939453125,0.12939453125,3.7034361362457275,1.0,0.011325034312903881,0.94140625,0.2888147234916687
0,1,neither,2560,isolated,company,all,original_exception,128,0.09375,0.09375,4.117387771606445,1.0,0.011325034312903881,0.375,3.117103099822998
0,1,neither,2560,isolated,company,all,ordinary,1920,0.13177083333333334,0.13177083333333334,3.675839424133301,1.0,0.011325033381581306,0.9791666666666666,0.10026215016841888
0,1,neither,2560,isolated,company,trained,all,1024,0.134765625,0.134765625,3.6046559810638428,1.0,0.011325035244226456,0.94140625,0.34207889437675476
0,1,neither,2560,isolated,company,trained,original_exception,64,0.109375,0.109375,3.412731647491455,1.0,0.011325035244226456,0.140625,4.835812568664551
0,1,neither,2560,isolated,company,trained,ordinary,960,0.13645833333333332,0.13645833333333332,3.6174509525299072,1.0,0.011325034312903881,0.9947916666666666,0.04249665513634682
0,1,neither,2560,isolated,company,heldout,all,1024,0.1240234375,0.1240234375,3.8022165298461914,1.0,0.011325034312903881,0.94140625,0.23555050790309906
0,1,neither,2560,isolated,company,heldout,original_exception,64,0.078125,0.078125,4.822044372558594,1.0,0.011325034312903881,0.609375,1.3983935117721558
0,1,neither,2560,isolated,company,heldout,ordinary,960,0.12708333333333333,0.12708333333333333,3.7342283725738525,1.0,0.011325035244226456,0.9635416666666666,0.15802763402462006
0,1,neither,2560,isolated,project,all,all,2048,0.5908203125,0.5908203125,1.4545202255249023,1.0,0.01284487172961235,0.93798828125,0.2936399281024933
0,1,neither,2560,isolated,project,all,original_exception,128,0.4375,0.4375,2.4682552814483643,1.0,0.012844870798289776,0.34375,3.1375668048858643
0,1,neither,2560,isolated,project,all,ordinary,1920,0.6010416666666667,0.6010416666666667,1.3869378566741943,1.0,0.01284487172961235,0.9776041666666667,0.10404480248689651
0,1,neither,2560,isolated,project,trained,all,1024,0.611328125,0.611328125,1.3724480867385864,1.0,0.01284487172961235,0.93359375,0.35742756724357605
0,1,neither,2560,isolated,project,trained,original_exception,64,0.609375,0.609375,1.4406501054763794,1.0,0.01284487172961235,0.109375,4.867851734161377
0,1,neither,2560,isolated,project,trained,ordinary,960,0.6114583333333333,0.6114583333333333,1.36790132522583,1.0,0.012844870798289776,0.9885416666666667,0.0567326545715332
0,1,neither,2560,isolated,project,heldout,all,1024,0.5703125,0.5703125,1.5365921258926392,1.0,0.012844870798289776,0.9423828125,0.22985228896141052
0,1,neither,2560,isolated,project,heldout,original_exception,64,0.265625,0.265625,3.4958605766296387,1.0,0.01284487172961235,0.578125,1.4072818756103516
0,1,neither,2560,isolated,project,heldout,ordinary,960,0.590625,0.590625,1.4059741497039795,1.0,0.01284487172961235,0.9666666666666667,0.15135696530342102
0,1,neither,5120,unrestricted,company,all,all,2048,0.71630859375,0.71630859375,1.0003852844238281,1.0,0.0018577126320451498,0.87255859375,0.434028685092926
0,1,neither,5120,unrestricted,company,all,original_exception,128,0.625,0.625,1.4914989471435547,1.0,0.001857712515629828,0.6171875,1.5304415225982666
0,1,neither,5120,unrestricted,company,all,ordinary,1920,0.7223958333333333,0.7223958333333333,0.9676443934440613,1.0,0.0018577126320451498,0.8895833333333333,0.36093446612358093
0,1,neither,5120,unrestricted,company,trained,all,1024,0.7197265625,0.7197265625,0.9630469083786011,1.0,0.0018577126320451498,0.9267578125,0.26993316411972046
0,1,neither,5120,unrestricted,company,trained,original_exception,64,0.65625,0.65625,1.3904949426651,1.0,0.001857712515629828,0.578125,1.6904289722442627
0,1,neither,5120,unrestricted,company,trained,ordinary,960,0.7239583333333334,0.7239583333333334,0.9345503449440002,1.0,0.001857712515629828,0.95,0.17523345351219177
0,1,neither,5120,unrestricted,company,heldout,all,1024,0.712890625,0.712890625,1.0377235412597656,1.0,0.001857712515629828,0.818359375,0.5981241464614868
0,1,neither,5120,unrestricted,company,heldout,original_exception,64,0.59375,0.59375,1.5925029516220093,1.0,0.0018577126320451498,0.65625,1.37045419216156
0,1,neither,5120,unrestricted,company,heldout,ordinary,960,0.7208333333333333,0.7208333333333333,1.0007383823394775,1.0,0.0018577126320451498,0.8291666666666667,0.5466355085372925
0,1,neither,5120,unrestricted,project,all,all,2048,0.947265625,0.947265625,0.3848612308502197,1.0,0.002678284887224436,0.60302734375,1.4999501705169678
0,1,neither,5120,unrestricted,project,all,original_exception,128,0.8984375,0.8984375,0.5720891952514648,1.0,0.002678284654393792,0.3515625,2.4940900802612305
0,1,neither,5120,unrestricted,project,all,ordinary,1920,0.9505208333333334,0.9505208333333334,0.3723793625831604,1.0,0.002678284887224436,0.6197916666666666,1.4336740970611572
0,1,neither,5120,unrestricted,project,trained,all,1024,0.9619140625,0.9619140625,0.32569780945777893,1.0,0.002678284654393792,0.6884765625,1.0789024829864502
0,1,neither,5120,unrestricted,project,trained,original_exception,64,0.96875,0.96875,0.3589973449707031,1.0,0.002678284887224436,0.265625,2.7927937507629395
0,1,neither,5120,unrestricted,project,trained,ordinary,960,0.9614583333333333,0.9614583333333333,0.3234778344631195,1.0,0.002678284887224436,0.7166666666666667,0.9646429419517517
0,1,neither,5120,unrestricted,project,heldout,all,1024,0.9326171875,0.9326171875,0.4440246820449829,1.0,0.002678284887224436,0.517578125,1.9209977388381958
0,1,neither,5120,unrestricted,project,heldout,original_exception,64,0.828125,0.828125,0.7851811647415161,1.0,0.002678284654393792,0.4375,2.1953868865966797
0,1,neither,5120,unrestricted,project,heldout,ordinary,960,0.9395833333333333,0.9395833333333333,0.4212808907032013,1.0,0.002678284654393792,0.5229166666666667,1.9027053117752075
0,1,neither,5120,isolated,company,all,all,2048,0.9970703125,0.9970703125,0.055527523159980774,1.0,0.0006054436089470983,0.99462890625,0.02539542317390442
0,1,neither,5120,isolated,company,all,original_exception,128,0.984375,0.984375,0.13801725208759308,1.0,0.0006054436089470983,0.9453125,0.19648653268814087
0,1,neither,5120,isolated,company,all,ordinary,1920,0.9979166666666667,0.9979166666666667,0.050028204917907715,1.0,0.0006054436089470983,0.9979166666666667,0.013989349827170372
0,1,neither,5120,isolated,company,trained,all,1024,0.9970703125,0.9970703125,0.051472075283527374,1.0,0.0006054436089470983,0.994140625,0.026714185252785683
0,1,neither,5120,isolated,company,trained,original_exception,64,0.984375,0.984375,0.1260652095079422,1.0,0.0006054436089470983,0.90625,0.29316169023513794
0,1,neither,5120,isolated,company,trained,ordinary,960,0.9979166666666667,0.9979166666666667,0.04649919643998146,1.0,0.0006054436089470983,1.0,0.008951020427048206
0,1,neither,5120,isolated,company,heldout,all,1024,0.9970703125,0.9970703125,0.059582967311143875,1.0,0.0006054436089470983,0.9951171875,0.024076661095023155
0,1,neither,5120,isolated,company,heldout,original_exception,64,0.984375,0.984375,0.14996930956840515,1.0,0.0006054436089470983,0.984375,0.09981139004230499
0,1,neither,5120,isolated,company,heldout,ordinary,960,0.9979166666666667,0.9979166666666667,0.05355721339583397,1.0,0.0006054436089470983,0.9958333333333333,0.019027678295969963
0,1,neither,5120,isolated,project,all,all,2048,0.98583984375,0.98583984375,0.1280692219734192,1.0,0.0007188310846686363,0.9931640625,0.03515937551856041
0,1,neither,5120,isolated,project,all,original_exception,128,0.984375,0.984375,0.21883556246757507,1.0,0.0007188311428762972,0.90625,0.38238027691841125
0,1,neither,5120,isolated,project,all,ordinary,1920,0.9859375,0.9859375,0.12201814353466034,1.0,0.0007188311428762972,0.9989583333333333,0.012011312879621983
0,1,neither,5120,isolated,project,trained,all,1024,0.986328125,0.986328125,0.13050299882888794,1.0,0.0007188310846686363,0.990234375,0.047253187745809555
0,1,neither,5120,isolated,project,trained,original_exception,64,0.984375,0.984375,0.232681542634964,1.0,0.0007188310846686363,0.84375,0.6502078771591187
0,1,neither,5120,isolated,project,trained,ordinary,960,0.9864583333333333,0.9864583333333333,0.12369111180305481,1.0,0.0007188311428762972,1.0,0.007056203670799732
0,1,neither,5120,isolated,project,heldout,all,1024,0.9853515625,0.9853515625,0.12563547492027283,1.0,0.0007188310846686363,0.99609375,0.023065563291311264
0,1,neither,5120,isolated,project,heldout,original_exception,64,0.984375,0.984375,0.20498958230018616,1.0,0.0007188310846686363,0.96875,0.11455267667770386
0,1,neither,5120,isolated,project,heldout,ordinary,960,0.9854166666666667,0.9854166666666667,0.12034519016742706,1.0,0.0007188310846686363,0.9979166666666667,0.01696642115712166
0,1,neither,10240,unrestricted,company,all,all,2048,0.95556640625,0.95556640625,0.1596842110157013,1.0,6.902048335177824e-05,0.98388671875,0.047770123928785324
0,1,neither,10240,unrestricted,company,all,original_exception,128,0.921875,0.921875,0.33031755685806274,1.0,6.902048335177824e-05,0.875,0.3396705985069275
0,1,neither,10240,unrestricted,company,all,ordinary,1920,0.9578125,0.9578125,0.148308664560318,1.0,6.902048335177824e-05,0.9911458333333333,0.02831009030342102
0,1,neither,10240,unrestricted,company,trained,all,1024,0.9541015625,0.9541015625,0.15862378478050232,1.0,6.902049062773585e-05,0.984375,0.04695101082324982
0,1,neither,10240,unrestricted,company,trained,original_exception,64,0.953125,0.953125,0.12395559251308441,1.0,6.902048335177824e-05,0.8125,0.5020678043365479
0,1,neither,10240,unrestricted,company,trained,ordinary,960,0.9541666666666667,0.9541666666666667,0.16093501448631287,1.0,6.902048335177824e-05,0.9958333333333333,0.01660989411175251
0,1,neither,10240,unrestricted,company,heldout,all,1024,0.95703125,0.95703125,0.16074463725090027,1.0,6.902048335177824e-05,0.9833984375,0.04858923703432083
0,1,neither,10240,unrestricted,company,heldout,original_exception,64,0.890625,0.890625,0.5366795063018799,1.0,6.902048335177824e-05,0.9375,0.1772734522819519
0,1,neither,10240,unrestricted,company,heldout,ordinary,960,0.9614583333333333,0.9614583333333333,0.13568231463432312,1.0,6.902048335177824e-05,0.9864583333333333,0.04001028835773468
0,1,neither,10240,unrestricted,project,all,all,2048,0.9970703125,0.9970703125,0.026901215314865112,1.0,5.8479272411204875e-05,0.9052734375,0.3376254439353943
0,1,neither,10240,unrestricted,project,all,original_exception,128,0.9921875,0.9921875,0.04566168040037155,1.0,5.8479272411204875e-05,0.890625,0.34390732645988464
0,1,neither,10240,unrestricted,project,all,ordinary,1920,0.9973958333333334,0.9973958333333334,0.025650518015027046,1.0,5.847926877322607e-05,0.90625,0.3372066617012024
0,1,neither,10240,unrestricted,project,trained,all,1024,0.9970703125,0.9970703125,0.027127552777528763,1.0,5.8479272411204875e-05,0.9365234375,0.2457704246044159
0,1,neither,10240,unrestricted,project,trained,original_exception,64,1.0,1.0,0.04575563594698906,1.0,5.8479272411204875e-05,0.875,0.49678170680999756
0,1,neither,10240,unrestricted,project,trained,ordinary,960,0.996875,0.996875,0.025885678827762604,1.0,5.8479272411204875e-05,0.940625,0.22903631627559662
0,1,neither,10240,unrestricted,project,heldout,all,1024,0.9970703125,0.9970703125,0.026674877852201462,1.0,5.8479272411204875e-05,0.8740234375,0.4294804632663727
0,1,neither,10240,unrestricted,project,heldout,original_exception,64,0.984375,0.984375,0.04556772857904434,1.0,5.8479272411204875e-05,0.90625,0.19103297591209412
0,1,neither,10240,unrestricted,project,heldout,ordinary,960,0.9979166666666667,0.9979166666666667,0.02541535720229149,1.0,5.8479272411204875e-05,0.871875,0.4453769624233246
0,1,neither,10240,isolated,company,all,all,2048,0.99951171875,0.99951171875,0.006713113281875849,1.0,0.00010926809045486152,0.99755859375,0.01061166450381279
0,1,neither,10240,isolated,company,all,original_exception,128,1.0,1.0,0.014241330325603485,1.0,0.00010926809045486152,0.9765625,0.09409508109092712
0,1,neither,10240,isolated,company,all,ordinary,1920,0.9994791666666667,0.9994791666666667,0.0062112328596413136,1.0,0.00010926809045486152,0.9989583333333333,0.005046103615313768
0,1,neither,10240,isolated,company,trained,all,1024,1.0,1.0,0.004428875632584095,1.0,0.00010926809045486152,0.9970703125,0.012715213932096958
0,1,neither,10240,isolated,company,trained,original_exception,64,1.0,1.0,0.010355900041759014,1.0,0.00010926808317890391,0.953125,0.18371260166168213
0,1,neither,10240,isolated,company,trained,ordinary,960,1.0,1.0,0.004033741075545549,1.0,0.00010926809045486152,1.0,0.0013153892941772938
0,1,neither,10240,isolated,company,heldout,all,1024,0.9990234375,0.9990234375,0.008997350931167603,1.0,0.00010926809045486152,0.998046875,0.008508114144206047
0,1,neither,10240,isolated,company,heldout,original_exception,64,1.0,1.0,0.01812676340341568,1.0,0.00010926809045486152,1.0,0.004477550741285086
0,1,neither,10240,isolated,company,heldout,ordinary,960,0.9989583333333333,0.9989583333333333,0.00838872417807579,1.0,0.00010926809045486152,0.9979166666666667,0.008776817470788956
0,1,neither,10240,isolated,project,all,all,2048,0.98681640625,0.98681640625,0.047840557992458344,1.0,8.031740435399115e-05,0.9912109375,0.0237688347697258
0,1,neither,10240,isolated,project,all,original_exception,128,0.9609375,0.9609375,0.12172214686870575,1.0,8.031740435399115e-05,0.9609375,0.1467195600271225
0,1,neither,10240,isolated,project,all,ordinary,1920,0.9885416666666667,0.9885416666666667,0.042915116995573044,1.0,8.031739707803354e-05,0.9932291666666667,0.015572121366858482
0,1,neither,10240,isolated,project,trained,all,1024,0.9912109375,0.9912109375,0.03964650258421898,1.0,8.031740435399115e-05,0.990234375,0.02645920217037201
0,1,neither,10240,isolated,project,trained,original_exception,64,0.96875,0.96875,0.09893476217985153,1.0,8.031740435399115e-05,0.921875,0.26056092977523804
0,1,neither,10240,isolated,project,trained,ordinary,960,0.9927083333333333,0.9927083333333333,0.035693950951099396,1.0,8.031740435399115e-05,0.9947916666666666,0.010852420702576637
0,1,neither,10240,isolated,project,heldout,all,1024,0.982421875,0.982421875,0.05603460967540741,1.0,8.031740435399115e-05,0.9921875,0.02107846736907959
0,1,neither,10240,isolated,project,heldout,original_exception,64,0.953125,0.953125,0.14450953900814056,1.0,8.031740435399115e-05,1.0,0.032878175377845764
0,1,neither,10240,isolated,project,heldout,ordinary,960,0.984375,0.984375,0.05013628304004669,1.0,8.031739707803354e-05,0.9916666666666667,0.020291822031140327
0,1,neither,15360,unrestricted,company,all,all,2048,0.99609375,0.99609375,0.0180259570479393,1.0,1.6741250874474645e-05,0.994140625,0.015896819531917572
0,1,neither,15360,unrestricted,company,all,original_exception,128,0.984375,0.984375,0.052114564925432205,1.0,1.6741250874474645e-05,0.96875,0.07379503548145294
0,1,neither,15360,unrestricted,company,all,ordinary,1920,0.996875,0.996875,0.015753382816910744,1.0,1.674124905548524e-05,0.9958333333333333,0.012036937288939953
0,1,neither,15360,unrestricted,company,trained,all,1024,0.9970703125,0.9970703125,0.01602574810385704,1.0,1.6741250874474645e-05,0.9990234375,0.0062651922926306725
0,1,neither,15360,unrestricted,company,trained,original_exception,64,0.96875,0.96875,0.07410357892513275,1.0,1.6741250874474645e-05,0.984375,0.028533680364489555
0,1,neither,15360,unrestricted,company,trained,ordinary,960,0.9989583333333333,0.9989583333333333,0.01215389370918274,1.0,1.6741250874474645e-05,1.0,0.0047806259244680405
0,1,neither,15360,unrestricted,company,heldout,all,1024,0.9951171875,0.9951171875,0.02002616412937641,1.0,1.6741250874474645e-05,0.9892578125,0.025528445839881897
0,1,neither,15360,unrestricted,company,heldout,original_exception,64,1.0,1.0,0.03012555092573166,1.0,1.6741250874474645e-05,0.953125,0.11905639618635178
0,1,neither,15360,unrestricted,company,heldout,ordinary,960,0.9947916666666666,0.9947916666666666,0.019352871924638748,1.0,1.674124905548524e-05,0.9916666666666667,0.019293250516057014
0,1,neither,15360,unrestricted,project,all,all,2048,0.99072265625,0.99072265625,0.03468278795480728,1.0,0.00010280282003805041,0.98291015625,0.06460659205913544
0,1,neither,15360,unrestricted,project,all,original_exception,128,0.984375,0.984375,0.065461166203022,1.0,0.0001028028127620928,0.9609375,0.16377460956573486
0,1,neither,15360,unrestricted,project,all,ordinary,1920,0.9911458333333333,0.9911458333333333,0.03263089805841446,1.0,0.0001028028127620928,0.984375,0.05799539014697075
0,1,neither,15360,unrestricted,project,trained,all,1024,0.9931640625,0.9931640625,0.030046511441469193,1.0,0.0001028028127620928,0.990234375,0.04080600291490555
0,1,neither,15360,unrestricted,project,trained,original_exception,64,1.0,1.0,0.05053746700286865,1.0,0.00010280280548613518,0.953125,0.16432982683181763
0,1,neither,15360,unrestricted,project,trained,ordinary,960,0.9927083333333333,0.9927083333333333,0.02868044748902321,1.0,0.0001028028127620928,0.9927083333333333,0.032571084797382355
0,1,neither,15360,unrestricted,project,heldout,all,1024,0.98828125,0.98828125,0.03931906819343567,1.0,0.0001028028127620928,0.9755859375,0.08840718120336533
0,1,neither,15360,unrestricted,project,heldout,original_exception,64,0.96875,0.96875,0.08038486540317535,1.0,0.0001028028127620928,0.96875,0.1632193922996521
0,1,neither,15360,unrestricted,project,heldout,ordinary,960,0.9895833333333334,0.9895833333333334,0.03658134862780571,1.0,0.0001028028127620928,0.9760416666666667,0.08341970294713974
0,1,neither,15360,isolated,company,all,all,2048,0.99951171875,0.99951171875,0.002169487066566944,1.0,5.9166464779991657e-05,0.9990234375,0.0016723363660275936
0,1,neither,15360,isolated,company,all,original_exception,128,1.0,1.0,0.0040165577083826065,1.0,5.9166464779991657e-05,0.9921875,0.01581866294145584
0,1,neither,15360,isolated,company,all,ordinary,1920,0.9994791666666667,0.9994791666666667,0.0020463489927351475,1.0,5.9166464779991657e-05,0.9994791666666667,0.0007292481604963541
0,1,neither,15360,isolated,company,trained,all,1024,1.0,1.0,0.001452944241464138,1.0,5.9166464779991657e-05,0.9990234375,0.0020351356361061335
0,1,neither,15360,isolated,company,trained,original_exception,64,1.0,1.0,0.00249386765062809,1.0,5.9166464779991657e-05,0.984375,0.029662011191248894
0,1,neither,15360,isolated,company,trained,ordinary,960,1.0,1.0,0.001383549184538424,1.0,5.9166464779991657e-05,1.0,0.0001933438761625439
0,1,neither,15360,isolated,company,heldout,all,1024,0.9990234375,0.9990234375,0.00288602989166975,1.0,5.9166464779991657e-05,0.9990234375,0.0013095374451950192
0,1,neither,15360,isolated,company,heldout,original_exception,64,1.0,1.0,0.005539248697459698,1.0,5.9166464779991657e-05,1.0,0.0019753144588321447
0,1,neither,15360,isolated,company,heldout,ordinary,960,0.9989583333333333,0.9989583333333333,0.0027091489173471928,1.0,5.9166464779991657e-05,0.9989583333333333,0.0012651524739339948
0,1,neither,15360,isolated,project,all,all,2048,0.986328125,0.986328125,0.05802537873387337,1.0,6.818252586526796e-05,0.9970703125,0.011903621256351471
0,1,neither,15360,isolated,project,all,original_exception,128,0.9921875,0.9921875,0.04085363447666168,1.0,6.818253314122558e-05,0.984375,0.09378977864980698
0,1,neither,15360,isolated,project,all,ordinary,1920,0.9859375,0.9859375,0.05917016789317131,1.0,6.818251858931035e-05,0.9979166666666667,0.006444544531404972
0,1,neither,15360,isolated,project,trained,all,1024,0.9873046875,0.9873046875,0.05460645258426666,1.0,6.818252586526796e-05,0.9990234375,0.0029468995053321123
0,1,neither,15360,isolated,project,trained,original_exception,64,1.0,1.0,0.007569217123091221,1.0,6.818252586526796e-05,1.0,0.003194073447957635
0,1,neither,15360,isolated,project,trained,ordinary,960,0.9864583333333333,0.9864583333333333,0.057742271572351456,1.0,6.818252586526796e-05,0.9989583333333333,0.0029304209165275097
0,1,neither,15360,isolated,project,heldout,all,1024,0.9853515625,0.9853515625,0.06144431233406067,1.0,6.818253314122558e-05,0.9951171875,0.020860344171524048
0,1,neither,15360,isolated,project,heldout,original_exception,64,0.984375,0.984375,0.07413803786039352,1.0,6.818252586526796e-05,0.96875,0.1843854784965515
0,1,neither,15360,isolated,project,heldout,ordinary,960,0.9854166666666667,0.9854166666666667,0.060598064213991165,1.0,6.818252586526796e-05,0.996875,0.009958668611943722
1,0,company,0,unrestricted,company,all,all,2048,0.0,0.0,8.535825729370117,0.0,8.562699317932129,0.0,8.560041427612305
1,0,company,0,unrestricted,company,all,original_exception,128,0.0,0.0,8.540363311767578,0.0,8.562699317932129,0.0,8.558356285095215
1,0,company,0,unrestricted,company,all,ordinary,1920,0.0,0.0,8.5355224609375,0.0,8.562699317932129,0.0,8.56015396118164
1,0,company,0,unrestricted,company,trained,all,1024,0.0,0.0,8.535581588745117,0.0,8.562699317932129,0.0,8.554430961608887
1,0,company,0,unrestricted,company,trained,original_exception,64,0.0,0.0,8.539071083068848,0.0,8.562699317932129,0.0,8.484197616577148
1,0,company,0,unrestricted,company,trained,ordinary,960,0.0,0.0,8.53534984588623,0.0,8.562699317932129,0.0,8.559113502502441
1,0,company,0,unrestricted,company,heldout,all,1024,0.0,0.0,8.5360689163208,0.0,8.562699317932129,0.0,8.565652847290039
1,0,company,0,unrestricted,company,heldout,original_exception,64,0.0,0.0,8.541656494140625,0.0,8.562699317932129,0.0,8.632514953613281
1,0,company,0,unrestricted,company,heldout,ordinary,960,0.0,0.0,8.535696029663086,0.0,8.562699317932129,0.0,8.561196327209473
1,0,company,0,unrestricted,project,all,all,2048,0.0,0.0,8.521079063415527,0.0,8.554378509521484,0.0,8.53569507598877
1,0,company,0,unrestricted,project,all,original_exception,128,0.0,0.0,8.525135040283203,0.0,8.5543794631958,0.0,8.565486907958984
1,0,company,0,unrestricted,project,all,ordinary,1920,0.0,0.0,8.520809173583984,0.0,8.5543794631958,0.0,8.533708572387695
1,0,company,0,unrestricted,project,trained,all,1024,0.0,0.0,8.521657943725586,0.0,8.5543794631958,0.0,8.533912658691406
1,0,company,0,unrestricted,project,trained,original_exception,64,0.0,0.0,8.515151977539062,0.0,8.554378509521484,0.0,8.569071769714355
1,0,company,0,unrestricted,project,trained,ordinary,960,0.0,0.0,8.52209186553955,0.0,8.5543794631958,0.0,8.531569480895996
1,0,company,0,unrestricted,project,heldout,all,1024,0.0,0.0,8.520500183105469,0.0,8.554378509521484,0.0,8.537476539611816
1,0,company,0,unrestricted,project,heldout,original_exception,64,0.0,0.0,8.535118103027344,0.0,8.554378509521484,0.0,8.561903953552246
1,0,company,0,unrestricted,project,heldout,ordinary,960,0.0,0.0,8.519526481628418,0.0,8.554378509521484,0.0,8.535847663879395
1,0,company,0,isolated,company,all,all,2048,0.0,0.0,8.535825729370117,0.0,8.562699317932129,0.0,8.560041427612305
1,0,company,0,isolated,company,all,original_exception,128,0.0,0.0,8.540363311767578,0.0,8.562699317932129,0.0,8.558356285095215
1,0,company,0,isolated,company,all,ordinary,1920,0.0,0.0,8.5355224609375,0.0,8.562699317932129,0.0,8.56015396118164
1,0,company,0,isolated,company,trained,all,1024,0.0,0.0,8.535581588745117,0.0,8.562699317932129,0.0,8.554430961608887
1,0,company,0,isolated,company,trained,original_exception,64,0.0,0.0,8.539071083068848,0.0,8.562699317932129,0.0,8.484197616577148
1,0,company,0,isolated,company,trained,ordinary,960,0.0,0.0,8.53534984588623,0.0,8.562699317932129,0.0,8.559113502502441
1,0,company,0,isolated,company,heldout,all,1024,0.0,0.0,8.5360689163208,0.0,8.562699317932129,0.0,8.565652847290039
1,0,company,0,isolated,company,heldout,original_exception,64,0.0,0.0,8.541656494140625,0.0,8.562699317932129,0.0,8.632514953613281
1,0,company,0,isolated,company,heldout,ordinary,960,0.0,0.0,8.535696029663086,0.0,8.562699317932129,0.0,8.561196327209473
1,0,company,0,isolated,project,all,all,2048,0.0,0.0,8.521079063415527,0.0,8.554378509521484,0.0,8.53569507598877
1,0,company,0,isolated,project,all,original_exception,128,0.0,0.0,8.525135040283203,0.0,8.5543794631958,0.0,8.565486907958984
1,0,company,0,isolated,project,all,ordinary,1920,0.0,0.0,8.520809173583984,0.0,8.5543794631958,0.0,8.533708572387695
1,0,company,0,isolated,project,trained,all,1024,0.0,0.0,8.521657943725586,0.0,8.5543794631958,0.0,8.533912658691406
1,0,company,0,isolated,project,trained,original_exception,64,0.0,0.0,8.515151977539062,0.0,8.554378509521484,0.0,8.569071769714355
1,0,company,0,isolated,project,trained,ordinary,960,0.0,0.0,8.52209186553955,0.0,8.5543794631958,0.0,8.531569480895996
1,0,company,0,isolated,project,heldout,all,1024,0.0,0.0,8.520500183105469,0.0,8.554378509521484,0.0,8.537476539611816
1,0,company,0,isolated,project,heldout,original_exception,64,0.0,0.0,8.535118103027344,0.0,8.554378509521484,0.0,8.561903953552246
1,0,company,0,isolated,project,heldout,ordinary,960,0.0,0.0,8.519526481628418,0.0,8.554378509521484,0.0,8.535847663879395
1,0,company,1280,unrestricted,company,all,all,2048,0.0,0.0,8.370429992675781,1.0,0.2297915667295456,0.44873046875,2.462172031402588
1,0,company,1280,unrestricted,company,all,original_exception,128,0.0,0.0,8.366033554077148,1.0,0.2297915667295456,0.125,4.1457109451293945
1,0,company,1280,unrestricted,company,all,ordinary,1920,0.0,0.0,8.370723724365234,1.0,0.2297915667295456,0.4703125,2.3499362468719482
1,0,company,1280,unrestricted,company,trained,all,1024,0.0,0.0,8.355057716369629,1.0,0.2297915667295456,0.7392578125,1.1523337364196777
1,0,company,1280,unrestricted,company,trained,original_exception,64,0.0,0.0,8.306156158447266,1.0,0.2297915816307068,0.0,4.739044189453125
1,0,company,1280,unrestricted,company,trained,ordinary,960,0.0,0.0,8.358317375183105,1.0,0.2297915667295456,0.7885416666666667,0.9132198095321655
1,0,company,1280,unrestricted,company,heldout,all,1024,0.0,0.0,8.38580322265625,1.0,0.2297915667295456,0.158203125,3.772010326385498
1,0,company,1280,unrestricted,company,heldout,original_exception,64,0.0,0.0,8.425910949707031,1.0,0.2297915816307068,0.25,3.5523781776428223
1,0,company,1280,unrestricted,company,heldout,ordinary,960,0.0,0.0,8.383130073547363,1.0,0.2297915667295456,0.15208333333333332,3.786652088165283
1,0,company,1280,unrestricted,project,all,all,2048,0.0,0.0,7.968540191650391,1.0,0.5516539812088013,0.3720703125,2.892212152481079
1,0,company,1280,unrestricted,project,all,original_exception,128,0.0,0.0,7.975943088531494,1.0,0.551654040813446,0.0234375,4.561123847961426
1,0,company,1280,unrestricted,project,all,ordinary,1920,0.0,0.0,7.968047142028809,1.0,0.5516539812088013,0.3953125,2.780951499938965
1,0,company,1280,unrestricted,project,trained,all,1024,0.0,0.0,7.995104789733887,1.0,0.5516539812088013,0.69140625,1.2982828617095947
1,0,company,1280,unrestricted,project,trained,original_exception,64,0.0,0.0,7.9891228675842285,1.0,0.5516539812088013,0.0,4.747195243835449
1,0,company,1280,unrestricted,project,trained,ordinary,960,0.0,0.0,7.995503902435303,1.0,0.5516539812088013,0.7375,1.0683555603027344
1,0,company,1280,unrestricted,project,heldout,all,1024,0.0,0.0,7.941976070404053,1.0,0.5516539812088013,0.052734375,4.486141681671143
1,0,company,1280,unrestricted,project,heldout,original_exception,64,0.0,0.0,7.962762832641602,1.0,0.5516539812088013,0.046875,4.375051975250244
1,0,company,1280,unrestricted,project,heldout,ordinary,960,0.0,0.0,7.9405903816223145,1.0,0.551654040813446,0.053125,4.493547439575195
1,0,company,1280,isolated,company,all,all,2048,0.013671875,0.013671875,4.689220428466797,1.0,0.14168068766593933,0.568359375,1.8695815801620483
1,0,company,1280,isolated,company,all,original_exception,128,0.0078125,0.0078125,4.732115745544434,1.0,0.14168068766593933,0.15625,3.360666036605835
1,0,company,1280,isolated,company,all,ordinary,1920,0.0140625,0.0140625,4.686360836029053,1.0,0.14168068766593933,0.5958333333333333,1.7701759338378906
1,0,company,1280,isolated,company,trained,all,1024,0.0166015625,0.0166015625,4.655691623687744,1.0,0.14168068766593933,0.8505859375,0.8673112392425537
1,0,company,1280,isolated,company,trained,original_exception,64,0.015625,0.015625,4.643667221069336,1.0,0.14168068766593933,0.0,4.078683853149414
1,0,company,1280,isolated,company,trained,ordinary,960,0.016666666666666666,0.016666666666666666,4.656493186950684,1.0,0.14168070256710052,0.9072916666666667,0.6532197594642639
1,0,company,1280,isolated,company,heldout,all,1024,0.0107421875,0.0107421875,4.722748756408691,1.0,0.14168068766593933,0.2861328125,2.871851921081543
1,0,company,1280,isolated,company,heldout,original_exception,64,0.0,0.0,4.8205647468566895,1.0,0.14168068766593933,0.3125,2.642648458480835
1,0,company,1280,isolated,company,heldout,ordinary,960,0.011458333333333333,0.011458333333333333,4.716228008270264,1.0,0.14168068766593933,0.284375,2.887132167816162
1,0,company,1280,isolated,project,all,all,2048,0.00634765625,0.00634765625,4.913673400878906,1.0,0.1950627863407135,0.55419921875,1.9554989337921143
1,0,company,1280,isolated,project,all,original_exception,128,0.015625,0.015625,4.95301628112793,1.0,0.1950627714395523,0.1171875,3.5149850845336914
1,0,company,1280,isolated,project,all,ordinary,1920,0.005729166666666666,0.005729166666666666,4.911050796508789,1.0,0.1950627714395523,0.5833333333333334,1.85153329372406
1,0,company,1280,isolated,project,trained,all,1024,0.005859375,0.005859375,4.889162063598633,1.0,0.1950627714395523,0.8271484375,1.002366542816162
1,0,company,1280,isolated,project,trained,original_exception,64,0.015625,0.015625,4.912109375,1.0,0.1950627863407135,0.015625,3.968945264816284
1,0,company,1280,isolated,project,trained,ordinary,960,0.005208333333333333,0.005208333333333333,4.887632369995117,1.0,0.1950627714395523,0.88125,0.8045946955680847
1,0,company,1280,isolated,project,heldout,all,1024,0.0068359375,0.0068359375,4.938185214996338,1.0,0.1950627863407135,0.28125,2.9086313247680664
1,0,company,1280,isolated,project,heldout,original_exception,64,0.015625,0.015625,4.993922233581543,1.0,0.1950627863407135,0.21875,3.0610251426696777
1,0,company,1280,isolated,project,heldout,ordinary,960,0.00625,0.00625,4.934469699859619,1.0,0.1950627714395523,0.28541666666666665,2.8984718322753906
1,0,company,2560,unrestricted,company,all,all,2048,0.0009765625,0.0009765625,5.902512550354004,1.0,0.02156957797706127,0.79150390625,0.7902759909629822
1,0,company,2560,unrestricted,company,all,original_exception,128,0.0,0.0,6.4921488761901855,1.0,0.021569576114416122,0.1171875,3.803792953491211
1,0,company,2560,unrestricted,company,all,ordinary,1920,0.0010416666666666667,0.0010416666666666667,5.863203525543213,1.0,0.02156957797706127,0.8364583333333333,0.5893748998641968
1,0,company,2560,unrestricted,company,trained,all,1024,0.001953125,0.001953125,5.6342668533325195,1.0,0.02156957797706127,0.9326171875,0.4004538059234619
1,0,company,2560,unrestricted,company,trained,original_exception,64,0.0,0.0,5.7138590812683105,1.0,0.021569576114416122,0.015625,4.747489929199219
1,0,company,2560,unrestricted,company,trained,ordinary,960,0.0020833333333333333,0.0020833333333333333,5.628960609436035,1.0,0.02156957797706127,0.99375,0.1106514111161232
1,0,company,2560,unrestricted,company,heldout,all,1024,0.0,0.0,6.170759201049805,1.0,0.021569576114416122,0.650390625,1.180098295211792
1,0,company,2560,unrestricted,company,heldout,original_exception,64,0.0,0.0,7.2704386711120605,1.0,0.021569576114416122,0.21875,2.8600962162017822
1,0,company,2560,unrestricted,company,heldout,ordinary,960,0.0,0.0,6.097446918487549,1.0,0.021569576114416122,0.6791666666666667,1.0680983066558838
1,0,company,2560,unrestricted,project,all,all,2048,0.02197265625,0.02197265625,5.319878578186035,1.0,0.021194055676460266,0.40185546875,2.1664233207702637
1,0,company,2560,unrestricted,project,all,original_exception,128,0.0078125,0.0078125,6.306666374206543,1.0,0.021194055676460266,0.2109375,3.6835241317749023
1,0,company,2560,unrestricted,project,all,ordinary,1920,0.022916666666666665,0.022916666666666665,5.254092216491699,1.0,0.021194057539105415,0.41458333333333336,2.0652835369110107
1,0,company,2560,unrestricted,project,trained,all,1024,0.0224609375,0.0224609375,5.208425045013428,1.0,0.021194055676460266,0.533203125,1.4927221536636353
1,0,company,2560,unrestricted,project,trained,original_exception,64,0.015625,0.015625,6.176146984100342,1.0,0.021194055676460266,0.109375,4.040969371795654
1,0,company,2560,unrestricted,project,trained,ordinary,960,0.022916666666666665,0.022916666666666665,5.1439104080200195,1.0,0.021194053813815117,0.5614583333333333,1.3228390216827393
1,0,company,2560,unrestricted,project,heldout,all,1024,0.021484375,0.021484375,5.431331634521484,1.0,0.021194055676460266,0.2705078125,2.8401246070861816
1,0,company,2560,unrestricted,project,heldout,original_exception,64,0.0,0.0,6.437185764312744,1.0,0.021194055676460266,0.3125,3.3260791301727295
1,0,company,2560,unrestricted,project,heldout,ordinary,960,0.022916666666666665,0.022916666666666665,5.364274501800537,1.0,0.021194057539105415,0.2677083333333333,2.807727813720703
1,0,company,2560,isolated,company,all,all,2048,0.677734375,0.677734375,0.8937156200408936,1.0,0.011208370327949524,0.95263671875,0.21567001938819885
1,0,company,2560,isolated,company,all,original_exception,128,0.4609375,0.4609375,2.1256613731384277,1.0,0.011208370327949524,0.3828125,2.3901591300964355
1,0,company,2560,isolated,company,all,ordinary,1920,0.6921875,0.6921875,0.8115859627723694,1.0,0.011208370327949524,0.990625,0.07070409506559372
1,0,company,2560,isolated,company,trained,all,1024,0.6845703125,0.6845703125,0.8163630962371826,1.0,0.011208370327949524,0.943359375,0.251365602016449
1,0,company,2560,isolated,company,trained,original_exception,64,0.65625,0.65625,1.1478908061981201,1.0,0.011208370327949524,0.125,3.3482742309570312
1,0,company,2560,isolated,company,trained,ordinary,960,0.6864583333333333,0.6864583333333333,0.7942612767219543,1.0,0.011208370327949524,0.9979166666666667,0.04490501806139946
1,0,company,2560,isolated,company,heldout,all,1024,0.6708984375,0.6708984375,0.9710680842399597,1.0,0.011208370327949524,0.9619140625,0.17997446656227112
1,0,company,2560,isolated,company,heldout,original_exception,64,0.265625,0.265625,3.1034317016601562,1.0,0.011208370327949524,0.640625,1.4320440292358398
1,0,company,2560,isolated,company,heldout,ordinary,960,0.6979166666666666,0.6979166666666666,0.8289105296134949,1.0,0.011208370327949524,0.9833333333333333,0.09650316089391708
1,0,company,2560,isolated,project,all,all,2048,0.7255859375,0.7255859375,0.8581913113594055,1.0,0.012211274355649948,0.96142578125,0.19360139966011047
1,0,company,2560,isolated,project,all,original_exception,128,0.484375,0.484375,1.914597511291504,1.0,0.012211274355649948,0.4140625,2.497237205505371
1,0,company,2560,isolated,project,all,ordinary,1920,0.7416666666666667,0.7416666666666667,0.7877642512321472,1.0,0.012211274355649948,0.9979166666666667,0.040025677531957626
1,0,company,2560,isolated,project,trained,all,1024,0.720703125,0.720703125,0.7976632118225098,1.0,0.012211274355649948,0.9462890625,0.25707483291625977
1,0,company,2560,isolated,project,trained,original_exception,64,0.609375,0.609375,1.2960985898971558,1.0,0.012211274355649948,0.15625,3.680586814880371
1,0,company,2560,isolated,project,trained,ordinary,960,0.728125,0.728125,0.7644342184066772,1.0,0.012211273424327374,0.9989583333333333,0.0288406815379858
1,0,company,2560,isolated,project,heldout,all,1024,0.73046875,0.73046875,0.9187192916870117,1.0,0.012211274355649948,0.9765625,0.13012799620628357
1,0,company,2560,isolated,project,heldout,original_exception,64,0.359375,0.359375,2.5330963134765625,1.0,0.012211274355649948,0.671875,1.313887596130371
1,0,company,2560,isolated,project,heldout,ordinary,960,0.7552083333333334,0.7552083333333334,0.8110942244529724,1.0,0.012211273424327374,0.996875,0.0512106828391552
1,0,company,5120,unrestricted,company,all,all,2048,0.98486328125,0.98486328125,0.14863939583301544,1.0,0.001104369293898344,0.91259765625,0.2834707796573639
1,0,company,5120,unrestricted,company,all,original_exception,128,0.9453125,0.9453125,0.3039325475692749,1.0,0.001104369293898344,0.7265625,0.8718990683555603
1,0,company,5120,unrestricted,company,all,ordinary,1920,0.9875,0.9875,0.1382865160703659,1.0,0.001104369293898344,0.925,0.24424222111701965
1,0,company,5120,unrestricted,company,trained,all,1024,0.9892578125,0.9892578125,0.12655657529830933,1.0,0.001104369293898344,0.9306640625,0.22718849778175354
1,0,company,5120,unrestricted,company,trained,original_exception,64,1.0,1.0,0.19441218674182892,1.0,0.001104369293898344,0.609375,1.2743382453918457
1,0,company,5120,unrestricted,company,trained,ordinary,960,0.9885416666666667,0.9885416666666667,0.12203286588191986,1.0,0.001104369293898344,0.9520833333333333,0.15737852454185486
1,0,company,5120,unrestricted,company,heldout,all,1024,0.98046875,0.98046875,0.17072221636772156,1.0,0.001104369293898344,0.89453125,0.33975303173065186
1,0,company,5120,unrestricted,company,heldout,original_exception,64,0.890625,0.890625,0.4134529232978821,1.0,0.001104369293898344,0.84375,0.46945974230766296
1,0,company,5120,unrestricted,company,heldout,ordinary,960,0.9864583333333333,0.9864583333333333,0.15454015135765076,1.0,0.001104369293898344,0.8979166666666667,0.33110591769218445
1,0,company,5120,unrestricted,project,all,all,2048,0.98828125,0.98828125,0.17521238327026367,1.0,0.0010269705671817064,0.8037109375,0.9248150587081909
1,0,company,5120,unrestricted,project,all,original_exception,128,0.984375,0.984375,0.22771494090557098,1.0,0.0010269705671817064,0.71875,1.256098985671997
1,0,company,5120,unrestricted,project,all,ordinary,1920,0.9885416666666667,0.9885416666666667,0.1717122197151184,1.0,0.0010269705671817064,0.809375,0.9027295708656311
1,0,company,5120,unrestricted,project,trained,all,1024,0.99609375,0.99609375,0.13644161820411682,1.0,0.0010269704507663846,0.8603515625,0.6917141675949097
1,0,company,5120,unrestricted,project,trained,original_exception,64,1.0,1.0,0.1270943433046341,1.0,0.0010269705671817064,0.8125,0.9797982573509216
1,0,company,5120,unrestricted,project,trained,ordinary,960,0.9958333333333333,0.9958333333333333,0.13706476986408234,1.0,0.0010269705671817064,0.8635416666666667,0.6725084781646729
1,0,company,5120,unrestricted,project,heldout,all,1024,0.98046875,0.98046875,0.21398316323757172,1.0,0.0010269705671817064,0.7470703125,1.1579160690307617
1,0,company,5120,unrestricted,project,heldout,original_exception,64,0.96875,0.96875,0.32833555340766907,1.0,0.0010269704507663846,0.625,1.5323996543884277
1,0,company,5120,unrestricted,project,heldout,ordinary,960,0.98125,0.98125,0.20635966956615448,1.0,0.0010269705671817064,0.7552083333333334,1.1329504251480103
1,0,company,5120,isolated,company,all,all,2048,0.99609375,0.99609375,0.051185838878154755,1.0,0.0007477924227714539,0.98583984375,0.04782284423708916
1,0,company,5120,isolated,company,all,original_exception,128,0.9609375,0.9609375,0.1805887669324875,1.0,0.0007477924227714539,0.890625,0.26302027702331543
1,0,company,5120,isolated,company,all,ordinary,1920,0.9984375,0.9984375,0.042558979243040085,1.0,0.0007477923645637929,0.9921875,0.03347634896636009
1,0,company,5120,isolated,company,trained,all,1024,0.9970703125,0.9970703125,0.042472220957279205,1.0,0.0007477924227714539,0.98828125,0.04500450938940048
1,0,company,5120,isolated,company,trained,original_exception,64,0.96875,0.96875,0.10691305249929428,1.0,0.0007477924227714539,0.90625,0.29296571016311646
1,0,company,5120,isolated,company,trained,ordinary,960,0.9989583333333333,0.9989583333333333,0.038176167756319046,1.0,0.0007477924227714539,0.99375,0.028473762795329094
1,0,company,5120,isolated,company,heldout,all,1024,0.9951171875,0.9951171875,0.059899456799030304,1.0,0.0007477924227714539,0.9833984375,0.05064117908477783
1,0,company,5120,isolated,company,heldout,original_exception,64,0.953125,0.953125,0.2542644739151001,1.0,0.0007477924227714539,0.875,0.23307481408119202
1,0,company,5120,isolated,company,heldout,ordinary,960,0.9979166666666667,0.9979166666666667,0.04694177955389023,1.0,0.0007477924227714539,0.990625,0.03847892954945564
1,0,company,5120,isolated,project,all,all,2048,0.99755859375,0.99755859375,0.0400434173643589,1.0,0.0006641832878813148,0.9970703125,0.01647583395242691
1,0,company,5120,isolated,project,all,original_exception,128,0.9921875,0.9921875,0.09438072890043259,1.0,0.0006641832296736538,0.96875,0.09126745909452438
1,0,company,5120,isolated,project,all,ordinary,1920,0.9979166666666667,0.9979166666666667,0.03642093390226364,1.0,0.0006641832296736538,0.9989583333333333,0.01148972474038601
1,0,company,5120,isolated,project,trained,all,1024,0.99609375,0.99609375,0.042048655450344086,1.0,0.0006641832296736538,0.9951171875,0.017004430294036865
1,0,company,5120,isolated,project,trained,original_exception,64,0.984375,0.984375,0.11465619504451752,1.0,0.0006641832878813148,0.9375,0.1546168327331543
1,0,company,5120,isolated,project,trained,ordinary,960,0.996875,0.996875,0.03720815107226372,1.0,0.0006641832296736538,0.9989583333333333,0.007830268703401089
1,0,company,5120,isolated,project,heldout,all,1024,0.9990234375,0.9990234375,0.03803817927837372,1.0,0.0006641831714659929,0.9990234375,0.015947239473462105
1,0,company,5120,isolated,project,heldout,original_exception,64,1.0,1.0,0.07410525530576706,1.0,0.0006641832296736538,1.0,0.027918100357055664
1,0,company,5120,isolated,project,heldout,ordinary,960,0.9989583333333333,0.9989583333333333,0.03563370555639267,1.0,0.0006641832296736538,0.9989583333333333,0.015149182640016079
1,0,company,10240,unrestricted,company,all,all,2048,0.9501953125,0.9501953125,0.15285339951515198,1.0,8.532537322025746e-05,0.98388671875,0.04960429668426514
1,0,company,10240,unrestricted,company,all,original_exception,128,0.9453125,0.9453125,0.1440819352865219,1.0,8.532537322025746e-05,0.9140625,0.29632511734962463
1,0,company,10240,unrestricted,company,all,ordinary,1920,0.9505208333333334,0.9505208333333334,0.15343816578388214,1.0,8.532537322025746e-05,0.9885416666666667,0.03315624222159386
1,0,company,10240,unrestricted,company,trained,all,1024,0.9423828125,0.9423828125,0.17034617066383362,1.0,8.532537322025746e-05,0.9873046875,0.042267389595508575
1,0,company,10240,unrestricted,company,trained,original_exception,64,0.96875,0.96875,0.09989864379167557,1.0,8.532537322025746e-05,0.859375,0.46995460987091064
1,0,company,10240,unrestricted,company,trained,ordinary,960,0.940625,0.940625,0.17504265904426575,1.0,8.532536594429985e-05,0.9958333333333333,0.013754909858107567
1,0,company,10240,unrestricted,company,heldout,all,1024,0.9580078125,0.9580078125,0.13536062836647034,1.0,8.532537322025746e-05,0.98046875,0.0569412037730217
1,0,company,10240,unrestricted,company,heldout,original_exception,64,0.921875,0.921875,0.18826521933078766,1.0,8.532537322025746e-05,0.96875,0.12269562482833862
1,0,company,10240,unrestricted,company,heldout,ordinary,960,0.9604166666666667,0.9604166666666667,0.13183365762233734,1.0,8.532537322025746e-05,0.98125,0.052557580173015594
1,0,company,10240,unrestricted,project,all,all,2048,0.99609375,0.99609375,0.02314392291009426,1.0,5.083508585812524e-05,0.95703125,0.15326763689517975
1,0,company,10240,unrestricted,project,all,original_exception,128,0.96875,0.96875,0.08641628921031952,1.0,5.083508585812524e-05,0.890625,0.4262722432613373
1,0,company,10240,unrestricted,project,all,ordinary,1920,0.9979166666666667,0.9979166666666667,0.01892576552927494,1.0,5.083508585812524e-05,0.9614583333333333,0.13506732881069183
1,0,company,10240,unrestricted,project,trained,all,1024,0.9951171875,0.9951171875,0.02191304601728916,1.0,5.083508585812524e-05,0.9658203125,0.11658789217472076
1,0,company,10240,unrestricted,project,trained,original_exception,64,0.953125,0.953125,0.0986633226275444,1.0,5.083508585812524e-05,0.875,0.459999680519104
1,0,company,10240,unrestricted,project,trained,ordinary,960,0.9979166666666667,0.9979166666666667,0.016796361654996872,1.0,5.083508585812524e-05,0.971875,0.09369377791881561
1,0,company,10240,unrestricted,project,heldout,all,1024,0.9970703125,0.9970703125,0.02437479980289936,1.0,5.083508585812524e-05,0.9482421875,0.18994736671447754
1,0,company,10240,unrestricted,project,heldout,original_exception,64,0.984375,0.984375,0.07416924834251404,1.0,5.083508585812524e-05,0.90625,0.39254483580589294
1,0,company,10240,unrestricted,project,heldout,ordinary,960,0.9979166666666667,0.9979166666666667,0.02105516940355301,1.0,5.083508585812524e-05,0.9510416666666667,0.17644087970256805
1,0,company,10240,isolated,company,all,all,2048,0.99072265625,0.99072265625,0.03769272193312645,1.0,8.39848507894203e-05,0.998046875,0.015723228454589844
1,0,company,10240,isolated,company,all,original_exception,128,0.9609375,0.9609375,0.1712746024131775,1.0,8.39848507894203e-05,0.96875,0.2259787619113922
1,0,company,10240,isolated,company,all,ordinary,1920,0.9927083333333333,0.9927083333333333,0.02878725901246071,1.0,8.398484351346269e-05,1.0,0.001706192851997912
1,0,company,10240,isolated,company,trained,all,1024,0.994140625,0.994140625,0.026449665427207947,1.0,8.39848507894203e-05,0.9970703125,0.02203315496444702
1,0,company,10240,isolated,company,trained,original_exception,64,0.96875,0.96875,0.11797473579645157,1.0,8.39848507894203e-05,0.953125,0.33047518134117126
1,0,company,10240,isolated,company,trained,ordinary,960,0.9958333333333333,0.9958333333333333,0.020347991958260536,1.0,8.39848507894203e-05,1.0,0.00147035822737962
1,0,company,10240,isolated,company,heldout,all,1024,0.9873046875,0.9873046875,0.048935774713754654,1.0,8.39848507894203e-05,0.9990234375,0.009413296356797218
1,0,company,10240,isolated,company,heldout,original_exception,64,0.953125,0.953125,0.224574476480484,1.0,8.39848507894203e-05,0.984375,0.12148234248161316
1,0,company,10240,isolated,company,heldout,ordinary,960,0.9895833333333334,0.9895833333333334,0.03722653165459633,1.0,8.398484351346269e-05,1.0,0.001942027360200882
1,0,company,10240,isolated,project,all,all,2048,1.0,1.0,0.002813886385411024,1.0,9.665064862929285e-05,0.99951171875,0.0018973704427480698
1,0,company,10240,isolated,project,all,original_exception,128,1.0,1.0,0.005861097015440464,1.0,9.665064862929285e-05,0.9921875,0.01584080047905445
1,0,company,10240,isolated,project,all,ordinary,1920,1.0,1.0,0.0026107390876859426,1.0,9.665064862929285e-05,1.0,0.0009678083006292582
1,0,company,10240,isolated,project,trained,all,1024,1.0,1.0,0.0022515980526804924,1.0,9.665064862929285e-05,0.9990234375,0.0017573435325175524
1,0,company,10240,isolated,project,trained,original_exception,64,1.0,1.0,0.0028787562623620033,1.0,9.665064862929285e-05,0.984375,0.02204868569970131
1,0,company,10240,isolated,project,trained,ordinary,960,1.0,1.0,0.0022097874898463488,1.0,9.665065590525046e-05,1.0,0.0004045872774440795
1,0,company,10240,isolated,project,heldout,all,1024,1.0,1.0,0.003376174718141556,1.0,9.665064862929285e-05,1.0,0.002037397585809231
1,0,company,10240,isolated,project,heldout,original_exception,64,1.0,1.0,0.00884343683719635,1.0,9.665064862929285e-05,1.0,0.009632918052375317
1,0,company,10240,isolated,project,heldout,ordinary,960,1.0,1.0,0.0030116906855255365,1.0,9.665064862929285e-05,1.0,0.001531029585748911
1,0,company,15360,unrestricted,company,all,all,2048,0.994140625,0.994140625,0.022328345105051994,1.0,1.9259437976870686e-05,0.998046875,0.01735326647758484
1,0,company,15360,unrestricted,company,all,original_exception,128,0.96875,0.96875,0.10192537307739258,1.0,1.9259437976870686e-05,0.984375,0.11999905109405518
1,0,company,15360,unrestricted,company,all,ordinary,1920,0.9958333333333333,0.9958333333333333,0.01702187769114971,1.0,1.9259437976870686e-05,0.9989583333333333,0.0105102164670825
1,0,company,15360,unrestricted,company,trained,all,1024,0.994140625,0.994140625,0.021510856226086617,1.0,1.9259437976870686e-05,0.9970703125,0.016399506479501724
1,0,company,15360,unrestricted,company,trained,original_exception,64,1.0,1.0,0.009807775728404522,1.0,1.9259437976870686e-05,0.984375,0.048112645745277405
1,0,company,15360,unrestricted,company,trained,ordinary,960,0.99375,0.99375,0.022291062399744987,1.0,1.9259437976870686e-05,0.9979166666666667,0.014285295270383358
1,0,company,15360,unrestricted,company,heldout,all,1024,0.994140625,0.994140625,0.023145833984017372,1.0,1.9259437976870686e-05,0.9990234375,0.0183070320636034
1,0,company,15360,unrestricted,company,heldout,original_exception,64,0.9375,0.9375,0.19404295086860657,1.0,1.9259437976870686e-05,0.984375,0.19188544154167175
1,0,company,15360,unrestricted,company,heldout,ordinary,960,0.9979166666666667,0.9979166666666667,0.011752692982554436,1.0,1.9259436157881282e-05,1.0,0.006735136266797781
1,0,company,15360,unrestricted,project,all,all,2048,0.99951171875,0.99951171875,0.009250562638044357,1.0,1.3528233466786332e-05,0.95556640625,0.1647346019744873
1,0,company,15360,unrestricted,project,all,original_exception,128,1.0,1.0,0.02195480838418007,1.0,1.3528233466786332e-05,0.953125,0.1792302429676056
1,0,company,15360,unrestricted,project,all,ordinary,1920,0.9994791666666667,0.9994791666666667,0.008403612300753593,1.0,1.3528234376281034e-05,0.9557291666666666,0.1637682318687439
1,0,company,15360,unrestricted,project,trained,all,1024,0.9990234375,0.9990234375,0.008251349441707134,1.0,1.3528234376281034e-05,0.962890625,0.1302342265844345
1,0,company,15360,unrestricted,project,trained,original_exception,64,1.0,1.0,0.009007836692035198,1.0,1.3528233466786332e-05,0.96875,0.1958891749382019
1,0,company,15360,unrestricted,project,trained,ordinary,960,0.9989583333333333,0.9989583333333333,0.008200917392969131,1.0,1.3528234376281034e-05,0.9625,0.12585723400115967
1,0,company,15360,unrestricted,project,heldout,all,1024,1.0,1.0,0.010249773040413857,1.0,1.3528234376281034e-05,0.9482421875,0.1992349624633789
1,0,company,15360,unrestricted,project,heldout,original_exception,64,1.0,1.0,0.034901779145002365,1.0,1.3528233466786332e-05,0.9375,0.16257129609584808
1,0,company,15360,unrestricted,project,heldout,ordinary,960,1.0,1.0,0.00860630627721548,1.0,1.3528234376281034e-05,0.9489583333333333,0.20167922973632812
1,0,company,15360,isolated,company,all,all,2048,1.0,1.0,0.00025805504992604256,1.0,1.9909457478206605e-05,1.0,5.598858842859045e-05
1,0,company,15360,isolated,company,all,original_exception,128,1.0,1.0,0.0006126334192231297,1.0,1.9909457478206605e-05,1.0,0.00031599693465977907
1,0,company,15360,isolated,company,all,ordinary,1920,1.0,1.0,0.00023441646771971136,1.0,1.9909459297196008e-05,1.0,3.865470353048295e-05
1,0,company,15360,isolated,company,trained,all,1024,1.0,1.0,0.00023245078045874834,1.0,1.9909457478206605e-05,1.0,5.993634840706363e-05
1,0,company,15360,isolated,company,trained,original_exception,64,1.0,1.0,0.0004347914655227214,1.0,1.9909457478206605e-05,1.0,0.00043709203600883484
1,0,company,15360,isolated,company,trained,ordinary,960,1.0,1.0,0.00021896140242461115,1.0,1.9909459297196008e-05,1.0,3.479263614281081e-05
1,0,company,15360,isolated,company,heldout,all,1024,1.0,1.0,0.0002836593193933368,1.0,1.9909459297196008e-05,1.0,5.2040835726074874e-05
1,0,company,15360,isolated,company,heldout,original_exception,64,1.0,1.0,0.0007904754020273685,1.0,1.9909457478206605e-05,1.0,0.00019490180420689285
1,0,company,15360,isolated,company,heldout,ordinary,960,1.0,1.0,0.00024987157667055726,1.0,1.9909457478206605e-05,1.0,4.251677091815509e-05
1,0,company,15360,isolated,project,all,all,2048,1.0,1.0,0.0005204766057431698,1.0,2.4508281057933345e-05,1.0,0.00010890184785239398
1,0,company,15360,isolated,project,all,original_exception,128,1.0,1.0,0.0010132875759154558,1.0,2.4508281057933345e-05,1.0,0.0005831597372889519
1,0,company,15360,isolated,project,all,ordinary,1920,1.0,1.0,0.0004876225139014423,1.0,2.4508281057933345e-05,1.0,7.728465425316244e-05
1,0,company,15360,isolated,project,trained,all,1024,1.0,1.0,0.0004975587362423539,1.0,2.4508281057933345e-05,1.0,0.00010868610115721822
1,0,company,15360,isolated,project,trained,original_exception,64,1.0,1.0,0.0009491301607340574,1.0,2.4508281057933345e-05,1.0,0.000869310402777046
1,0,company,15360,isolated,project,trained,ordinary,960,1.0,1.0,0.00046745393774472177,1.0,2.4508281057933345e-05,1.0,5.7977809774456546e-05
1,0,company,15360,isolated,project,heldout,all,1024,1.0,1.0,0.0005433944752439857,1.0,2.4508281057933345e-05,1.0,0.00010911759454756975
1,0,company,15360,isolated,project,heldout,original_exception,64,1.0,1.0,0.0010774449910968542,1.0,2.4508281057933345e-05,1.0,0.00029700895538553596
1,0,company,15360,isolated,project,heldout,ordinary,960,1.0,1.0,0.0005077911773696542,1.0,2.4508281057933345e-05,1.0,9.659150236984715e-05
1,0,project,0,unrestricted,company,all,all,2048,0.0,0.0,8.535825729370117,0.0,8.562699317932129,0.0,8.560041427612305
1,0,project,0,unrestricted,company,all,original_exception,128,0.0,0.0,8.540363311767578,0.0,8.562699317932129,0.0,8.558356285095215
1,0,project,0,unrestricted,company,all,ordinary,1920,0.0,0.0,8.5355224609375,0.0,8.562699317932129,0.0,8.56015396118164
1,0,project,0,unrestricted,company,trained,all,1024,0.0,0.0,8.535581588745117,0.0,8.562699317932129,0.0,8.554430961608887
1,0,project,0,unrestricted,company,trained,original_exception,64,0.0,0.0,8.539071083068848,0.0,8.562699317932129,0.0,8.484197616577148
1,0,project,0,unrestricted,company,trained,ordinary,960,0.0,0.0,8.53534984588623,0.0,8.562699317932129,0.0,8.559113502502441
1,0,project,0,unrestricted,company,heldout,all,1024,0.0,0.0,8.5360689163208,0.0,8.562699317932129,0.0,8.565652847290039
1,0,project,0,unrestricted,company,heldout,original_exception,64,0.0,0.0,8.541656494140625,0.0,8.562699317932129,0.0,8.632514953613281
1,0,project,0,unrestricted,company,heldout,ordinary,960,0.0,0.0,8.535696029663086,0.0,8.562699317932129,0.0,8.561196327209473
1,0,project,0,unrestricted,project,all,all,2048,0.0,0.0,8.521079063415527,0.0,8.554378509521484,0.0,8.53569507598877
1,0,project,0,unrestricted,project,all,original_exception,128,0.0,0.0,8.525135040283203,0.0,8.5543794631958,0.0,8.565486907958984
1,0,project,0,unrestricted,project,all,ordinary,1920,0.0,0.0,8.520809173583984,0.0,8.5543794631958,0.0,8.533708572387695
1,0,project,0,unrestricted,project,trained,all,1024,0.0,0.0,8.521657943725586,0.0,8.5543794631958,0.0,8.533912658691406
1,0,project,0,unrestricted,project,trained,original_exception,64,0.0,0.0,8.515151977539062,0.0,8.554378509521484,0.0,8.569071769714355
1,0,project,0,unrestricted,project,trained,ordinary,960,0.0,0.0,8.52209186553955,0.0,8.5543794631958,0.0,8.531569480895996
1,0,project,0,unrestricted,project,heldout,all,1024,0.0,0.0,8.520500183105469,0.0,8.554378509521484,0.0,8.537476539611816
1,0,project,0,unrestricted,project,heldout,original_exception,64,0.0,0.0,8.535118103027344,0.0,8.554378509521484,0.0,8.561903953552246
1,0,project,0,unrestricted,project,heldout,ordinary,960,0.0,0.0,8.519526481628418,0.0,8.554378509521484,0.0,8.535847663879395
1,0,project,0,isolated,company,all,all,2048,0.0,0.0,8.535825729370117,0.0,8.562699317932129,0.0,8.560041427612305
1,0,project,0,isolated,company,all,original_exception,128,0.0,0.0,8.540363311767578,0.0,8.562699317932129,0.0,8.558356285095215
1,0,project,0,isolated,company,all,ordinary,1920,0.0,0.0,8.5355224609375,0.0,8.562699317932129,0.0,8.56015396118164
1,0,project,0,isolated,company,trained,all,1024,0.0,0.0,8.535581588745117,0.0,8.562699317932129,0.0,8.554430961608887
1,0,project,0,isolated,company,trained,original_exception,64,0.0,0.0,8.539071083068848,0.0,8.562699317932129,0.0,8.484197616577148
1,0,project,0,isolated,company,trained,ordinary,960,0.0,0.0,8.53534984588623,0.0,8.562699317932129,0.0,8.559113502502441
1,0,project,0,isolated,company,heldout,all,1024,0.0,0.0,8.5360689163208,0.0,8.562699317932129,0.0,8.565652847290039
1,0,project,0,isolated,company,heldout,original_exception,64,0.0,0.0,8.541656494140625,0.0,8.562699317932129,0.0,8.632514953613281
1,0,project,0,isolated,company,heldout,ordinary,960,0.0,0.0,8.535696029663086,0.0,8.562699317932129,0.0,8.561196327209473
1,0,project,0,isolated,project,all,all,2048,0.0,0.0,8.521079063415527,0.0,8.554378509521484,0.0,8.53569507598877
1,0,project,0,isolated,project,all,original_exception,128,0.0,0.0,8.525135040283203,0.0,8.5543794631958,0.0,8.565486907958984
1,0,project,0,isolated,project,all,ordinary,1920,0.0,0.0,8.520809173583984,0.0,8.5543794631958,0.0,8.533708572387695
1,0,project,0,isolated,project,trained,all,1024,0.0,0.0,8.521657943725586,0.0,8.5543794631958,0.0,8.533912658691406
1,0,project,0,isolated,project,trained,original_exception,64,0.0,0.0,8.515151977539062,0.0,8.554378509521484,0.0,8.569071769714355
1,0,project,0,isolated,project,trained,ordinary,960,0.0,0.0,8.52209186553955,0.0,8.5543794631958,0.0,8.531569480895996
1,0,project,0,isolated,project,heldout,all,1024,0.0,0.0,8.520500183105469,0.0,8.554378509521484,0.0,8.537476539611816
1,0,project,0,isolated,project,heldout,original_exception,64,0.0,0.0,8.535118103027344,0.0,8.554378509521484,0.0,8.561903953552246
1,0,project,0,isolated,project,heldout,ordinary,960,0.0,0.0,8.519526481628418,0.0,8.554378509521484,0.0,8.535847663879395
1,0,project,1280,unrestricted,company,all,all,2048,0.0,0.0,8.325121879577637,1.0,0.1781124770641327,0.49560546875,2.278181552886963
1,0,project,1280,unrestricted,company,all,original_exception,128,0.0,0.0,8.31197738647461,1.0,0.1781124770641327,0.140625,3.9628472328186035
1,0,project,1280,unrestricted,company,all,ordinary,1920,0.0,0.0,8.325998306274414,1.0,0.1781124770641327,0.5192708333333333,2.1658706665039062
1,0,project,1280,unrestricted,company,trained,all,1024,0.0,0.0,8.346671104431152,1.0,0.1781124621629715,0.7939453125,0.9707815647125244
1,0,project,1280,unrestricted,company,trained,original_exception,64,0.0,0.0,8.226680755615234,1.0,0.1781124770641327,0.0,4.656588554382324
1,0,project,1280,unrestricted,company,trained,ordinary,960,0.0,0.0,8.354670524597168,1.0,0.1781124770641327,0.846875,0.7250611186027527
1,0,project,1280,unrestricted,company,heldout,all,1024,0.0,0.0,8.303571701049805,1.0,0.1781124770641327,0.197265625,3.5855817794799805
1,0,project,1280,unrestricted,company,heldout,original_exception,64,0.0,0.0,8.397272109985352,1.0,0.1781124621629715,0.28125,3.269105911254883
1,0,project,1280,unrestricted,company,heldout,ordinary,960,0.0,0.0,8.29732608795166,1.0,0.1781124770641327,0.19166666666666668,3.606680154800415
1,0,project,1280,unrestricted,project,all,all,2048,0.0,0.0,8.833507537841797,1.0,0.25964635610580444,0.35546875,3.043712615966797
1,0,project,1280,unrestricted,project,all,original_exception,128,0.0,0.0,8.845001220703125,1.0,0.25964632630348206,0.0234375,4.988428592681885
1,0,project,1280,unrestricted,project,all,ordinary,1920,0.0,0.0,8.832741737365723,1.0,0.25964632630348206,0.3776041666666667,2.91406512260437
1,0,project,1280,unrestricted,project,trained,all,1024,0.0,0.0,8.785882949829102,1.0,0.25964629650115967,0.6650390625,1.2072898149490356
1,0,project,1280,unrestricted,project,trained,original_exception,64,0.0,0.0,8.77730655670166,1.0,0.25964632630348206,0.0,5.202960968017578
1,0,project,1280,unrestricted,project,trained,ordinary,960,0.0,0.0,8.786456108093262,1.0,0.25964632630348206,0.709375,0.9409116506576538
1,0,project,1280,unrestricted,project,heldout,all,1024,0.0,0.0,8.881131172180176,1.0,0.25964635610580444,0.0458984375,4.880135536193848
1,0,project,1280,unrestricted,project,heldout,original_exception,64,0.0,0.0,8.912696838378906,1.0,0.25964632630348206,0.046875,4.77389669418335
1,0,project,1280,unrestricted,project,heldout,ordinary,960,0.0,0.0,8.879026412963867,1.0,0.25964632630348206,0.04583333333333333,4.887217998504639
1,0,project,1280,isolated,company,all,all,2048,0.01708984375,0.01708984375,4.652544975280762,1.0,0.14132808148860931,0.5625,1.8900558948516846
1,0,project,1280,isolated,company,all,original_exception,128,0.0078125,0.0078125,4.696342468261719,1.0,0.1413280963897705,0.1640625,3.3769922256469727
1,0,project,1280,isolated,company,all,ordinary,1920,0.017708333333333333,0.017708333333333333,4.649625301361084,1.0,0.1413280963897705,0.5890625,1.7909265756607056
1,0,project,1280,isolated,company,trained,all,1024,0.021484375,0.021484375,4.616781234741211,1.0,0.1413280963897705,0.8466796875,0.8969545960426331
1,0,project,1280,isolated,company,trained,original_exception,64,0.015625,0.015625,4.608090400695801,1.0,0.1413280963897705,0.015625,4.097384452819824
1,0,project,1280,isolated,company,trained,ordinary,960,0.021875,0.021875,4.617360591888428,1.0,0.14132808148860931,0.9020833333333333,0.6835926175117493
1,0,project,1280,isolated,company,heldout,all,1024,0.0126953125,0.0126953125,4.6883087158203125,1.0,0.1413280963897705,0.2783203125,2.8831570148468018
1,0,project,1280,isolated,company,heldout,original_exception,64,0.0,0.0,4.784594535827637,1.0,0.1413280963897705,0.3125,2.6566004753112793
1,0,project,1280,isolated,company,heldout,ordinary,960,0.013541666666666667,0.013541666666666667,4.681889057159424,1.0,0.14132808148860931,0.2760416666666667,2.8982608318328857
1,0,project,1280,isolated,project,all,all,2048,0.00830078125,0.00830078125,4.889308929443359,1.0,0.21791645884513855,0.546875,1.973229169845581
1,0,project,1280,isolated,project,all,original_exception,128,0.015625,0.015625,4.933039665222168,1.0,0.21791645884513855,0.1171875,3.495604991912842
1,0,project,1280,isolated,project,all,ordinary,1920,0.0078125,0.0078125,4.8863935470581055,1.0,0.21791645884513855,0.5755208333333334,1.8717373609542847
1,0,project,1280,isolated,project,trained,all,1024,0.0078125,0.0078125,4.863601207733154,1.0,0.21791647374629974,0.818359375,1.037289023399353
1,0,project,1280,isolated,project,trained,original_exception,64,0.015625,0.015625,4.8990702629089355,1.0,0.21791647374629974,0.015625,3.948631763458252
1,0,project,1280,isolated,project,trained,ordinary,960,0.007291666666666667,0.007291666666666667,4.861236572265625,1.0,0.21791647374629974,0.871875,0.8431995511054993
1,0,project,1280,isolated,project,heldout,all,1024,0.0087890625,0.0087890625,4.915017604827881,1.0,0.21791647374629974,0.275390625,2.9091691970825195
1,0,project,1280,isolated,project,heldout,original_exception,64,0.015625,0.015625,4.967008590698242,1.0,0.21791645884513855,0.21875,3.0425782203674316
1,0,project,1280,isolated,project,heldout,ordinary,960,0.008333333333333333,0.008333333333333333,4.911551475524902,1.0,0.21791645884513855,0.2791666666666667,2.900275230407715
1,0,project,2560,unrestricted,company,all,all,2048,0.14111328125,0.14111328125,2.797905683517456,1.0,0.01234724186360836,0.94677734375,0.26588767766952515
1,0,project,2560,unrestricted,company,all,original_exception,128,0.125,0.125,3.692803144454956,1.0,0.01234724186360836,0.328125,3.0945167541503906
1,0,project,2560,unrestricted,company,all,ordinary,1920,0.1421875,0.1421875,2.738245725631714,1.0,0.01234724186360836,0.9880208333333333,0.0773124024271965
1,0,project,2560,unrestricted,company,trained,all,1024,0.1201171875,0.1201171875,2.829794406890869,1.0,0.01234724186360836,0.9443359375,0.31052130460739136
1,0,project,2560,unrestricted,company,trained,original_exception,64,0.140625,0.140625,3.292149305343628,1.0,0.01234724186360836,0.109375,4.473409652709961
1,0,project,2560,unrestricted,company,trained,ordinary,960,0.11875,0.11875,2.798970937728882,1.0,0.01234724186360836,1.0,0.03299541026353836
1,0,project,2560,unrestricted,company,heldout,all,1024,0.162109375,0.162109375,2.7660164833068848,1.0,0.01234724186360836,0.94921875,0.22125405073165894
1,0,project,2560,unrestricted,company,heldout,original_exception,64,0.109375,0.109375,4.093457221984863,1.0,0.01234724186360836,0.546875,1.7156236171722412
1,0,project,2560,unrestricted,company,heldout,ordinary,960,0.165625,0.165625,2.677520751953125,1.0,0.01234724186360836,0.9760416666666667,0.12162940949201584
1,0,project,2560,unrestricted,project,all,all,2048,0.0,0.0,9.790078163146973,1.0,0.01920858956873417,0.15673828125,4.145917892456055
1,0,project,2560,unrestricted,project,all,original_exception,128,0.0,0.0,9.932350158691406,1.0,0.019208591431379318,0.0625,5.394632339477539
1,0,project,2560,unrestricted,project,all,ordinary,1920,0.0,0.0,9.780592918395996,1.0,0.01920858956873417,0.16302083333333334,4.0626702308654785
1,0,project,2560,unrestricted,project,trained,all,1024,0.0,0.0,9.537505149841309,1.0,0.01920858956873417,0.21875,3.444782018661499
1,0,project,2560,unrestricted,project,trained,original_exception,64,0.0,0.0,9.797677040100098,1.0,0.01920858956873417,0.046875,5.585466384887695
1,0,project,2560,unrestricted,project,trained,ordinary,960,0.0,0.0,9.520160675048828,1.0,0.01920858956873417,0.23020833333333332,3.302069664001465
1,0,project,2560,unrestricted,project,heldout,all,1024,0.0,0.0,10.042648315429688,1.0,0.019208591431379318,0.0947265625,4.8470540046691895
1,0,project,2560,unrestricted,project,heldout,original_exception,64,0.0,0.0,10.067022323608398,1.0,0.01920858956873417,0.078125,5.203798770904541
1,0,project,2560,unrestricted,project,heldout,ordinary,960,0.0,0.0,10.041024208068848,1.0,0.01920858956873417,0.09583333333333334,4.823270797729492
1,0,project,2560,isolated,company,all,all,2048,0.68408203125,0.68408203125,0.9235677719116211,1.0,0.01096908189356327,0.95654296875,0.2045026272535324
1,0,project,2560,isolated,company,all,original_exception,128,0.3984375,0.3984375,2.2643871307373047,1.0,0.01096908189356327,0.4296875,2.2896671295166016
1,0,project,2560,isolated,company,all,ordinary,1920,0.703125,0.703125,0.8341798782348633,1.0,0.010969082824885845,0.9916666666666667,0.06549166887998581
1,0,project,2560,isolated,company,trained,all,1024,0.6796875,0.6796875,0.8328016996383667,1.0,0.01096908189356327,0.947265625,0.25814172625541687
1,0,project,2560,isolated,company,trained,original_exception,64,0.546875,0.546875,1.1530194282531738,1.0,0.01096908189356327,0.1875,3.513014078140259
1,0,project,2560,isolated,company,trained,ordinary,960,0.6885416666666667,0.6885416666666667,0.8114538788795471,1.0,0.010969082824885845,0.9979166666666667,0.04115024581551552
1,0,project,2560,isolated,company,heldout,all,1024,0.6884765625,0.6884765625,1.014333963394165,1.0,0.01096908189356327,0.9658203125,0.15086351335048676
1,0,project,2560,isolated,company,heldout,original_exception,64,0.25,0.25,3.3757553100585938,1.0,0.01096908189356327,0.671875,1.0663197040557861
1,0,project,2560,isolated,company,heldout,ordinary,960,0.7177083333333333,0.7177083333333333,0.8569058775901794,1.0,0.010969082824885845,0.9854166666666667,0.089833103120327
1,0,project,2560,isolated,project,all,all,2048,0.77734375,0.77734375,0.7863856554031372,1.0,0.012991352006793022,0.95849609375,0.21543733775615692
1,0,project,2560,isolated,project,all,original_exception,128,0.5,0.5,1.757153034210205,1.0,0.012991352938115597,0.40625,2.5918445587158203
1,0,project,2560,isolated,project,all,ordinary,1920,0.7958333333333333,0.7958333333333333,0.7216678857803345,1.0,0.012991352006793022,0.9953125,0.057010192424058914
1,0,project,2560,isolated,project,trained,all,1024,0.78125,0.78125,0.7323809862136841,1.0,0.012991352006793022,0.9482421875,0.2596368193626404
1,0,project,2560,isolated,project,trained,original_exception,64,0.65625,0.65625,1.136958360671997,1.0,0.012991352006793022,0.1875,3.6430397033691406
1,0,project,2560,isolated,project,trained,ordinary,960,0.7895833333333333,0.7895833333333333,0.7054091095924377,1.0,0.012991352938115597,0.9989583333333333,0.03407660871744156
1,0,project,2560,isolated,project,heldout,all,1024,0.7734375,0.7734375,0.8403904438018799,1.0,0.012991352006793022,0.96875,0.17123787105083466
1,0,project,2560,isolated,project,heldout,original_exception,64,0.34375,0.34375,2.377347946166992,1.0,0.012991352006793022,0.625,1.5406494140625
1,0,project,2560,isolated,project,heldout,ordinary,960,0.8020833333333334,0.8020833333333334,0.7379266023635864,1.0,0.012991352006793022,0.9916666666666667,0.07994378358125687
1,0,project,5120,unrestricted,company,all,all,2048,0.994140625,0.994140625,0.0849388986825943,1.0,0.0007012602291069925,0.9814453125,0.06925985217094421
1,0,project,5120,unrestricted,company,all,original_exception,128,0.96875,0.96875,0.2253533899784088,1.0,0.0007012602873146534,0.890625,0.40696871280670166
1,0,project,5120,unrestricted,company,all,ordinary,1920,0.9958333333333333,0.9958333333333333,0.07557793706655502,1.0,0.0007012601708993316,0.9875,0.04674592986702919
1,0,project,5120,unrestricted,company,trained,all,1024,0.99609375,0.99609375,0.0678485780954361,1.0,0.0007012602291069925,0.9833984375,0.06558151543140411
1,0,project,5120,unrestricted,company,trained,original_exception,64,1.0,1.0,0.07671788334846497,1.0,0.0007012602291069925,0.8125,0.6628776788711548
1,0,project,5120,unrestricted,company,trained,ordinary,960,0.9958333333333333,0.9958333333333333,0.06725728511810303,1.0,0.0007012601708993316,0.9947916666666666,0.025761766359210014
1,0,project,5120,unrestricted,company,heldout,all,1024,0.9921875,0.9921875,0.1020292192697525,1.0,0.0007012602291069925,0.9794921875,0.07293820381164551
1,0,project,5120,unrestricted,company,heldout,original_exception,64,0.9375,0.9375,0.3739888668060303,1.0,0.0007012602291069925,0.96875,0.15105979144573212
1,0,project,5120,unrestricted,company,heldout,ordinary,960,0.9958333333333333,0.9958333333333333,0.08389857411384583,1.0,0.0007012601708993316,0.9802083333333333,0.06773009151220322
1,0,project,5120,unrestricted,project,all,all,2048,0.95361328125,0.95361328125,0.22217223048210144,1.0,0.000898813595995307,0.94580078125,0.22133277356624603
1,0,project,5120,unrestricted,project,all,original_exception,128,0.9375,0.9375,0.32439863681793213,1.0,0.0008988136542029679,0.8515625,0.47707587480545044
1,0,project,5120,unrestricted,project,all,ordinary,1920,0.9546875,0.9546875,0.21535712480545044,1.0,0.0008988136542029679,0.9520833333333333,0.2042832374572754
1,0,project,5120,unrestricted,project,trained,all,1024,0.9560546875,0.9560546875,0.2085331678390503,1.0,0.000898813595995307,0.966796875,0.13837574422359467
1,0,project,5120,unrestricted,project,trained,original_exception,64,1.0,1.0,0.15098309516906738,1.0,0.000898813595995307,0.8125,0.6031016111373901
1,0,project,5120,unrestricted,project,trained,ordinary,960,0.953125,0.953125,0.21236982941627502,1.0,0.0008988136542029679,0.9770833333333333,0.1073940098285675
1,0,project,5120,unrestricted,project,heldout,all,1024,0.951171875,0.951171875,0.2358112782239914,1.0,0.000898813595995307,0.9248046875,0.3042898178100586
1,0,project,5120,unrestricted,project,heldout,original_exception,64,0.875,0.875,0.4978141486644745,1.0,0.000898813595995307,0.890625,0.3510500490665436
1,0,project,5120,unrestricted,project,heldout,ordinary,960,0.95625,0.95625,0.21834442019462585,1.0,0.0008988136542029679,0.9270833333333334,0.3011724352836609
1,0,project,5120,isolated,company,all,all,2048,0.9892578125,0.9892578125,0.07292912900447845,1.0,0.0006946741486899555,0.99267578125,0.03930770978331566
1,0,project,5120,isolated,company,all,original_exception,128,0.96875,0.96875,0.23096388578414917,1.0,0.0006946742068976164,0.921875,0.37213265895843506
1,0,project,5120,isolated,company,all,ordinary,1920,0.990625,0.990625,0.06239348277449608,1.0,0.0006946741486899555,0.9973958333333334,0.017119379714131355
1,0,project,5120,isolated,company,trained,all,1024,0.9912109375,0.9912109375,0.058552198112010956,1.0,0.0006946741486899555,0.9921875,0.04599175229668617
1,0,project,5120,isolated,company,trained,original_exception,64,0.984375,0.984375,0.15529781579971313,1.0,0.0006946742068976164,0.875,0.6568912267684937
1,0,project,5120,isolated,company,trained,ordinary,960,0.9916666666666667,0.9916666666666667,0.05210248753428459,1.0,0.0006946741486899555,1.0,0.005265124142169952
1,0,project,5120,isolated,company,heldout,all,1024,0.9873046875,0.9873046875,0.08730607479810715,1.0,0.0006946740904822946,0.9931640625,0.032623663544654846
1,0,project,5120,isolated,company,heldout,original_exception,64,0.953125,0.953125,0.3066299557685852,1.0,0.0006946741486899555,0.96875,0.08737409114837646
1,0,project,5120,isolated,company,heldout,ordinary,960,0.9895833333333334,0.9895833333333334,0.07268448173999786,1.0,0.0006946741486899555,0.9947916666666666,0.02897363342344761
1,0,project,5120,isolated,project,all,all,2048,0.99462890625,0.99462890625,0.05735081434249878,1.0,0.0007339241565205157,0.99365234375,0.02447665110230446
1,0,project,5120,isolated,project,all,original_exception,128,0.953125,0.953125,0.2434902936220169,1.0,0.0007339242147281766,0.9453125,0.16922105848789215
1,0,project,5120,isolated,project,all,ordinary,1920,0.9973958333333334,0.9973958333333334,0.04494151100516319,1.0,0.0007339241565205157,0.996875,0.01482702512294054
1,0,project,5120,isolated,project,trained,all,1024,0.9970703125,0.9970703125,0.053787026554346085,1.0,0.0007339241565205157,0.994140625,0.02266567572951317
1,0,project,5120,isolated,project,trained,original_exception,64,0.984375,0.984375,0.19425423443317413,1.0,0.0007339241565205157,0.9375,0.18009716272354126
1,0,project,5120,isolated,project,trained,ordinary,960,0.9979166666666667,0.9979166666666667,0.04442254826426506,1.0,0.0007339241565205157,0.9979166666666667,0.01217024214565754
1,0,project,5120,isolated,project,heldout,all,1024,0.9921875,0.9921875,0.06091460585594177,1.0,0.0007339242147281766,0.9931640625,0.026287628337740898
1,0,project,5120,isolated,project,heldout,original_exception,64,0.921875,0.921875,0.2927263379096985,1.0,0.0007339241565205157,0.953125,0.15834493935108185
1,0,project,5120,isolated,project,heldout,ordinary,960,0.996875,0.996875,0.04546048119664192,1.0,0.0007339241565205157,0.9958333333333333,0.017483806237578392
1,0,project,10240,unrestricted,company,all,all,2048,0.98095703125,0.98095703125,0.09494286775588989,1.0,4.917194746667519e-05,0.99267578125,0.020247051492333412
1,0,project,10240,unrestricted,company,all,original_exception,128,0.953125,0.953125,0.16997557878494263,1.0,4.9171943828696385e-05,0.90625,0.2415257841348648
1,0,project,10240,unrestricted,company,all,ordinary,1920,0.9828125,0.9828125,0.08994068950414658,1.0,4.917194746667519e-05,0.9984375,0.005495136138051748
1,0,project,10240,unrestricted,company,trained,all,1024,0.98046875,0.98046875,0.08586335182189941,1.0,4.917194746667519e-05,0.9873046875,0.03212327882647514
1,0,project,10240,unrestricted,company,trained,original_exception,64,1.0,1.0,0.03673837333917618,1.0,4.9171943828696385e-05,0.8125,0.44841286540031433
1,0,project,10240,unrestricted,company,trained,ordinary,960,0.9791666666666666,0.9791666666666666,0.08913835138082504,1.0,4.917194746667519e-05,0.9989583333333333,0.004370640031993389
1,0,project,10240,unrestricted,company,heldout,all,1024,0.9814453125,0.9814453125,0.10402239114046097,1.0,4.9171943828696385e-05,0.998046875,0.008370822295546532
1,0,project,10240,unrestricted,company,heldout,original_exception,64,0.90625,0.90625,0.3032127618789673,1.0,4.9171943828696385e-05,1.0,0.03463869169354439
1,0,project,10240,unrestricted,company,heldout,ordinary,960,0.9864583333333333,0.9864583333333333,0.0907430350780487,1.0,4.917194746667519e-05,0.9979166666666667,0.006619631312787533
1,0,project,10240,unrestricted,project,all,all,2048,1.0,1.0,0.007326087914407253,1.0,5.074945875094272e-05,0.9931640625,0.0256817489862442
1,0,project,10240,unrestricted,project,all,original_exception,128,1.0,1.0,0.01406170055270195,1.0,5.074946238892153e-05,0.9921875,0.04716939479112625
1,0,project,10240,unrestricted,project,all,ordinary,1920,1.0,1.0,0.006877047009766102,1.0,5.074945875094272e-05,0.9932291666666667,0.024249238893389702
1,0,project,10240,unrestricted,project,trained,all,1024,1.0,1.0,0.007748981937766075,1.0,5.0749455112963915e-05,0.9990234375,0.00950870756059885
1,0,project,10240,unrestricted,project,trained,original_exception,64,1.0,1.0,0.0162510946393013,1.0,5.0749455112963915e-05,1.0,0.02616005763411522
1,0,project,10240,unrestricted,project,trained,ordinary,960,1.0,1.0,0.0071821738965809345,1.0,5.074945875094272e-05,0.9989583333333333,0.00839861761778593
1,0,project,10240,unrestricted,project,heldout,all,1024,1.0,1.0,0.006903193425387144,1.0,5.0749455112963915e-05,0.9873046875,0.04185478761792183
1,0,project,10240,unrestricted,project,heldout,original_exception,64,1.0,1.0,0.0118723064661026,1.0,5.074945875094272e-05,0.984375,0.06817872822284698
1,0,project,10240,unrestricted,project,heldout,ordinary,960,1.0,1.0,0.0065719191916286945,1.0,5.074945875094272e-05,0.9875,0.0400998592376709
1,0,project,10240,isolated,company,all,all,2048,0.9931640625,0.9931640625,0.02533964067697525,1.0,6.508213118650019e-05,0.98828125,0.04574546590447426
1,0,project,10240,isolated,company,all,original_exception,128,0.9453125,0.9453125,0.16064569354057312,1.0,6.508212391054258e-05,0.890625,0.43847042322158813
1,0,project,10240,isolated,company,all,ordinary,1920,0.9963541666666667,0.9963541666666667,0.016319239512085915,1.0,6.508213118650019e-05,0.9947916666666666,0.01956380158662796
1,0,project,10240,isolated,company,trained,all,1024,0.994140625,0.994140625,0.019786426797509193,1.0,6.508213118650019e-05,0.9892578125,0.05089356750249863
1,0,project,10240,isolated,company,trained,original_exception,64,0.953125,0.953125,0.11769887804985046,1.0,6.508213118650019e-05,0.875,0.6153957843780518
1,0,project,10240,isolated,company,trained,ordinary,960,0.996875,0.996875,0.013258930295705795,1.0,6.508213118650019e-05,0.996875,0.01326008327305317
1,0,project,10240,isolated,company,heldout,all,1024,0.9921875,0.9921875,0.030892860144376755,1.0,6.508212391054258e-05,0.9873046875,0.04059736430644989
1,0,project,10240,isolated,company,heldout,original_exception,64,0.9375,0.9375,0.20359249413013458,1.0,6.508212391054258e-05,0.90625,0.2615450620651245
1,0,project,10240,isolated,company,heldout,ordinary,960,0.9958333333333333,0.9958333333333333,0.019379548728466034,1.0,6.508212391054258e-05,0.9927083333333333,0.0258675217628479
1,0,project,10240,isolated,project,all,all,2048,1.0,1.0,0.0024668416008353233,1.0,6.660813960479572e-05,1.0,0.0009961673058569431
1,0,project,10240,isolated,project,all,original_exception,128,1.0,1.0,0.003543763654306531,1.0,6.660813960479572e-05,1.0,0.005332644097507
1,0,project,10240,isolated,project,all,ordinary,1920,1.0,1.0,0.002395046642050147,1.0,6.660814688075334e-05,1.0,0.0007070688880048692
1,0,project,10240,isolated,project,trained,all,1024,1.0,1.0,0.0019518490880727768,1.0,6.660814688075334e-05,1.0,0.00090861099306494
1,0,project,10240,isolated,project,trained,original_exception,64,1.0,1.0,0.0016471598064526916,1.0,6.660813960479572e-05,1.0,0.007281256373971701
1,0,project,10240,isolated,project,trained,ordinary,960,1.0,1.0,0.001972161466255784,1.0,6.660813960479572e-05,1.0,0.00048376788618043065
1,0,project,10240,isolated,project,heldout,all,1024,1.0,1.0,0.0029818343464285135,1.0,6.660813232883811e-05,1.0,0.0010837237350642681
1,0,project,10240,isolated,project,heldout,original_exception,64,1.0,1.0,0.005440367851406336,1.0,6.660813960479572e-05,1.0,0.0033840308897197247
1,0,project,10240,isolated,project,heldout,ordinary,960,1.0,1.0,0.0028179320506751537,1.0,6.660814688075334e-05,1.0,0.0009303698898293078
1,0,project,15360,unrestricted,company,all,all,2048,0.9970703125,0.9970703125,0.016091305762529373,1.0,1.5275272744474933e-05,0.99658203125,0.01428285799920559
1,0,project,15360,unrestricted,company,all,original_exception,128,0.984375,0.984375,0.10890806466341019,1.0,1.5275272744474933e-05,0.9609375,0.161357581615448
1,0,project,15360,unrestricted,company,all,ordinary,1920,0.9979166666666667,0.9979166666666667,0.00990352127701044,1.0,1.527527092548553e-05,0.9989583333333333,0.0044778757728636265
1,0,project,15360,unrestricted,company,trained,all,1024,0.998046875,0.998046875,0.010897383093833923,1.0,1.5275272744474933e-05,0.9970703125,0.010481849312782288
1,0,project,15360,unrestricted,company,trained,original_exception,64,1.0,1.0,0.02311600372195244,1.0,1.5275272744474933e-05,0.96875,0.10085512697696686
1,0,project,15360,unrestricted,company,trained,ordinary,960,0.9979166666666667,0.9979166666666667,0.010082808323204517,1.0,1.527527092548553e-05,0.9989583333333333,0.004456964787095785
1,0,project,15360,unrestricted,company,heldout,all,1024,0.99609375,0.99609375,0.021285226568579674,1.0,1.5275272744474933e-05,0.99609375,0.018083864822983742
1,0,project,15360,unrestricted,company,heldout,original_exception,64,0.96875,0.96875,0.19470012187957764,1.0,1.5275272744474933e-05,0.953125,0.22186000645160675
1,0,project,15360,unrestricted,company,heldout,ordinary,960,0.9979166666666667,0.9979166666666667,0.00972423329949379,1.0,1.527527092548553e-05,0.9989583333333333,0.004498787224292755
1,0,project,15360,unrestricted,project,all,all,2048,0.990234375,0.990234375,0.038364216685295105,1.0,2.2060081391828135e-05,0.99462890625,0.026461955159902573
1,0,project,15360,unrestricted,project,all,original_exception,128,0.9921875,0.9921875,0.05990315228700638,1.0,2.2060081391828135e-05,0.9765625,0.04393262788653374
1,0,project,15360,unrestricted,project,all,ordinary,1920,0.9901041666666667,0.9901041666666667,0.036928288638591766,1.0,2.2060083210817538e-05,0.9958333333333333,0.025297245010733604
1,0,project,15360,unrestricted,project,trained,all,1024,0.9892578125,0.9892578125,0.04435376450419426,1.0,2.2060083210817538e-05,0.9990234375,0.0101800337433815
1,0,project,15360,unrestricted,project,trained,original_exception,64,0.984375,0.984375,0.1048094630241394,1.0,2.2060085029806942e-05,1.0,0.016971290111541748
1,0,project,15360,unrestricted,project,trained,ordinary,960,0.9895833333333334,0.9895833333333334,0.04032338410615921,1.0,2.2060083210817538e-05,0.9989583333333333,0.009727283380925655
1,0,project,15360,unrestricted,project,heldout,all,1024,0.9912109375,0.9912109375,0.03237466514110565,1.0,2.2060081391828135e-05,0.990234375,0.042743876576423645
1,0,project,15360,unrestricted,project,heldout,original_exception,64,1.0,1.0,0.014996825717389584,1.0,2.2060083210817538e-05,0.953125,0.07089396566152573
1,0,project,15360,unrestricted,project,heldout,ordinary,960,0.990625,0.990625,0.03353318199515343,1.0,2.2060083210817538e-05,0.9927083333333333,0.04086720198392868
1,0,project,15360,isolated,company,all,all,2048,0.99951171875,0.99951171875,0.002205717610195279,1.0,5.0724775064736605e-05,0.99951171875,0.00189924705773592
1,0,project,15360,isolated,company,all,original_exception,128,1.0,1.0,0.0025899794418364763,1.0,5.0724775064736605e-05,1.0,0.005444192793220282
1,0,project,15360,isolated,company,all,ordinary,1920,0.9994791666666667,0.9994791666666667,0.002180099720135331,1.0,5.0724775064736605e-05,0.9994791666666667,0.0016629172023385763
1,0,project,15360,isolated,company,trained,all,1024,1.0,1.0,0.0007339920848608017,1.0,5.0724775064736605e-05,1.0,0.0008509100880473852
1,0,project,15360,isolated,company,trained,original_exception,64,1.0,1.0,0.0012040139408782125,1.0,5.0724775064736605e-05,1.0,0.010035575367510319
1,0,project,15360,isolated,company,trained,ordinary,960,1.0,1.0,0.0007026573293842375,1.0,5.07247714267578e-05,1.0,0.00023859906650613993
1,0,project,15360,isolated,company,heldout,all,1024,0.9990234375,0.9990234375,0.003677442204207182,1.0,5.0724775064736605e-05,0.9990234375,0.0029475833289325237
1,0,project,15360,isolated,company,heldout,original_exception,64,1.0,1.0,0.003975945059210062,1.0,5.0724775064736605e-05,1.0,0.0008528097532689571
1,0,project,15360,isolated,company,heldout,ordinary,960,0.9989583333333333,0.9989583333333333,0.0036575424019247293,1.0,5.072477870271541e-05,0.9989583333333333,0.0030872346833348274
1,0,project,15360,isolated,project,all,all,2048,0.9990234375,0.9990234375,0.006286792457103729,1.0,4.494972017710097e-05,0.99755859375,0.00964345782995224
1,0,project,15360,isolated,project,all,original_exception,128,1.0,1.0,0.012230338528752327,1.0,4.494972017710097e-05,0.9765625,0.10038657486438751
1,0,project,15360,isolated,project,all,ordinary,1920,0.9989583333333333,0.9989583333333333,0.0058905561454594135,1.0,4.4949716539122164e-05,0.9989583333333333,0.0035939174704253674
1,0,project,15360,isolated,project,trained,all,1024,1.0,1.0,0.004026418551802635,1.0,4.494972017710097e-05,0.9990234375,0.0062132421880960464
1,0,project,15360,isolated,project,trained,original_exception,64,1.0,1.0,0.010726484470069408,1.0,4.494972017710097e-05,0.984375,0.08798494935035706
1,0,project,15360,isolated,project,trained,ordinary,960,1.0,1.0,0.003579747164621949,1.0,4.4949716539122164e-05,1.0,0.0007617950323037803
1,0,project,15360,isolated,project,heldout,all,1024,0.998046875,0.998046875,0.008547166362404823,1.0,4.4949716539122164e-05,0.99609375,0.013073674403131008
1,0,project,15360,isolated,project,heldout,original_exception,64,1.0,1.0,0.013734192587435246,1.0,4.4949716539122164e-05,0.96875,0.11278821527957916
1,0,project,15360,isolated,project,heldout,ordinary,960,0.9979166666666667,0.9979166666666667,0.008201364427804947,1.0,4.4949716539122164e-05,0.9979166666666667,0.0064260391518473625
1,0,neither,0,unrestricted,company,all,all,2048,0.0,0.0,8.535825729370117,0.0,8.562699317932129,0.0,8.560041427612305
1,0,neither,0,unrestricted,company,all,original_exception,128,0.0,0.0,8.540363311767578,0.0,8.562699317932129,0.0,8.558356285095215
1,0,neither,0,unrestricted,company,all,ordinary,1920,0.0,0.0,8.5355224609375,0.0,8.562699317932129,0.0,8.56015396118164
1,0,neither,0,unrestricted,company,trained,all,1024,0.0,0.0,8.535581588745117,0.0,8.562699317932129,0.0,8.554430961608887
1,0,neither,0,unrestricted,company,trained,original_exception,64,0.0,0.0,8.539071083068848,0.0,8.562699317932129,0.0,8.484197616577148
1,0,neither,0,unrestricted,company,trained,ordinary,960,0.0,0.0,8.53534984588623,0.0,8.562699317932129,0.0,8.559113502502441
1,0,neither,0,unrestricted,company,heldout,all,1024,0.0,0.0,8.5360689163208,0.0,8.562699317932129,0.0,8.565652847290039
1,0,neither,0,unrestricted,company,heldout,original_exception,64,0.0,0.0,8.541656494140625,0.0,8.562699317932129,0.0,8.632514953613281
1,0,neither,0,unrestricted,company,heldout,ordinary,960,0.0,0.0,8.535696029663086,0.0,8.562699317932129,0.0,8.561196327209473
1,0,neither,0,unrestricted,project,all,all,2048,0.0,0.0,8.521079063415527,0.0,8.554378509521484,0.0,8.53569507598877
1,0,neither,0,unrestricted,project,all,original_exception,128,0.0,0.0,8.525135040283203,0.0,8.5543794631958,0.0,8.565486907958984
1,0,neither,0,unrestricted,project,all,ordinary,1920,0.0,0.0,8.520809173583984,0.0,8.5543794631958,0.0,8.533708572387695
1,0,neither,0,unrestricted,project,trained,all,1024,0.0,0.0,8.521657943725586,0.0,8.5543794631958,0.0,8.533912658691406
1,0,neither,0,unrestricted,project,trained,original_exception,64,0.0,0.0,8.515151977539062,0.0,8.554378509521484,0.0,8.569071769714355
1,0,neither,0,unrestricted,project,trained,ordinary,960,0.0,0.0,8.52209186553955,0.0,8.5543794631958,0.0,8.531569480895996
1,0,neither,0,unrestricted,project,heldout,all,1024,0.0,0.0,8.520500183105469,0.0,8.554378509521484,0.0,8.537476539611816
1,0,neither,0,unrestricted,project,heldout,original_exception,64,0.0,0.0,8.535118103027344,0.0,8.554378509521484,0.0,8.561903953552246
1,0,neither,0,unrestricted,project,heldout,ordinary,960,0.0,0.0,8.519526481628418,0.0,8.554378509521484,0.0,8.535847663879395
1,0,neither,0,isolated,company,all,all,2048,0.0,0.0,8.535825729370117,0.0,8.562699317932129,0.0,8.560041427612305
1,0,neither,0,isolated,company,all,original_exception,128,0.0,0.0,8.540363311767578,0.0,8.562699317932129,0.0,8.558356285095215
1,0,neither,0,isolated,company,all,ordinary,1920,0.0,0.0,8.5355224609375,0.0,8.562699317932129,0.0,8.56015396118164
1,0,neither,0,isolated,company,trained,all,1024,0.0,0.0,8.535581588745117,0.0,8.562699317932129,0.0,8.554430961608887
1,0,neither,0,isolated,company,trained,original_exception,64,0.0,0.0,8.539071083068848,0.0,8.562699317932129,0.0,8.484197616577148
1,0,neither,0,isolated,company,trained,ordinary,960,0.0,0.0,8.53534984588623,0.0,8.562699317932129,0.0,8.559113502502441
1,0,neither,0,isolated,company,heldout,all,1024,0.0,0.0,8.5360689163208,0.0,8.562699317932129,0.0,8.565652847290039
1,0,neither,0,isolated,company,heldout,original_exception,64,0.0,0.0,8.541656494140625,0.0,8.562699317932129,0.0,8.632514953613281
1,0,neither,0,isolated,company,heldout,ordinary,960,0.0,0.0,8.535696029663086,0.0,8.562699317932129,0.0,8.561196327209473
1,0,neither,0,isolated,project,all,all,2048,0.0,0.0,8.521079063415527,0.0,8.554378509521484,0.0,8.53569507598877
1,0,neither,0,isolated,project,all,original_exception,128,0.0,0.0,8.525135040283203,0.0,8.5543794631958,0.0,8.565486907958984
1,0,neither,0,isolated,project,all,ordinary,1920,0.0,0.0,8.520809173583984,0.0,8.5543794631958,0.0,8.533708572387695
1,0,neither,0,isolated,project,trained,all,1024,0.0,0.0,8.521657943725586,0.0,8.5543794631958,0.0,8.533912658691406
1,0,neither,0,isolated,project,trained,original_exception,64,0.0,0.0,8.515151977539062,0.0,8.554378509521484,0.0,8.569071769714355
1,0,neither,0,isolated,project,trained,ordinary,960,0.0,0.0,8.52209186553955,0.0,8.5543794631958,0.0,8.531569480895996
1,0,neither,0,isolated,project,heldout,all,1024,0.0,0.0,8.520500183105469,0.0,8.554378509521484,0.0,8.537476539611816
1,0,neither,0,isolated,project,heldout,original_exception,64,0.0,0.0,8.535118103027344,0.0,8.554378509521484,0.0,8.561903953552246
1,0,neither,0,isolated,project,heldout,ordinary,960,0.0,0.0,8.519526481628418,0.0,8.554378509521484,0.0,8.535847663879395
1,0,neither,1280,unrestricted,company,all,all,2048,0.0,0.0,6.833621501922607,1.0,0.7052925825119019,0.4462890625,2.513908863067627
1,0,neither,1280,unrestricted,company,all,original_exception,128,0.0,0.0,6.840270042419434,1.0,0.7052925229072571,0.125,3.5763158798217773
1,0,neither,1280,unrestricted,company,all,ordinary,1920,0.0,0.0,6.8331780433654785,1.0,0.7052925825119019,0.46770833333333334,2.4430816173553467
1,0,neither,1280,unrestricted,company,trained,all,1024,0.0,0.0,6.876365661621094,1.0,0.7052925825119019,0.74609375,1.6319019794464111
1,0,neither,1280,unrestricted,company,trained,original_exception,64,0.0,0.0,6.820861339569092,1.0,0.7052925825119019,0.0,3.9617419242858887
1,0,neither,1280,unrestricted,company,trained,ordinary,960,0.0,0.0,6.88006591796875,1.0,0.7052925825119019,0.7958333333333333,1.4765793085098267
1,0,neither,1280,unrestricted,company,heldout,all,1024,0.0,0.0,6.790877342224121,1.0,0.7052925825119019,0.146484375,3.3959157466888428
1,0,neither,1280,unrestricted,company,heldout,original_exception,64,0.0,0.0,6.859679222106934,1.0,0.7052925825119019,0.25,3.190889835357666
1,0,neither,1280,unrestricted,company,heldout,ordinary,960,0.0,0.0,6.786290645599365,1.0,0.7052926421165466,0.13958333333333334,3.4095840454101562
1,0,neither,1280,unrestricted,project,all,all,2048,0.0,0.0,6.441925525665283,0.578125,1.8524911403656006,0.328125,3.3808035850524902
1,0,neither,1280,unrestricted,project,all,original_exception,128,0.0,0.0,6.468295574188232,0.578125,1.8524911403656006,0.0234375,4.642600059509277
1,0,neither,1280,unrestricted,project,all,ordinary,1920,0.0,0.0,6.440167427062988,0.578125,1.8524912595748901,0.3484375,3.2966837882995605
1,0,neither,1280,unrestricted,project,trained,all,1024,0.0,0.0,6.469797134399414,0.578125,1.8524911403656006,0.6025390625,2.2683053016662598
1,0,neither,1280,unrestricted,project,trained,original_exception,64,0.0,0.0,6.482029914855957,0.578125,1.8524912595748901,0.0,4.682925224304199
1,0,neither,1280,unrestricted,project,trained,ordinary,960,0.0,0.0,6.46898078918457,0.578125,1.8524911403656006,0.6427083333333333,2.107330799102783
1,0,neither,1280,unrestricted,project,heldout,all,1024,0.0,0.0,6.414053916931152,0.578125,1.8524911403656006,0.0537109375,4.493302345275879
1,0,neither,1280,unrestricted,project,heldout,original_exception,64,0.0,0.0,6.454561710357666,0.578125,1.8524911403656006,0.046875,4.6022748947143555
1,0,neither,1280,unrestricted,project,heldout,ordinary,960,0.0,0.0,6.411353588104248,0.578125,1.8524911403656006,0.05416666666666667,4.486037254333496
1,0,neither,1280,isolated,company,all,all,2048,0.015625,0.015625,4.651741981506348,1.0,0.13198865950107574,0.5673828125,1.8547735214233398
1,0,neither,1280,isolated,company,all,original_exception,128,0.0078125,0.0078125,4.699082374572754,1.0,0.13198864459991455,0.1484375,3.359309434890747
1,0,neither,1280,isolated,company,all,ordinary,1920,0.016145833333333335,0.016145833333333335,4.648585796356201,1.0,0.13198865950107574,0.5953125,1.7544710636138916
1,0,neither,1280,isolated,company,trained,all,1024,0.017578125,0.017578125,4.6113810539245605,1.0,0.13198865950107574,0.849609375,0.8612708449363708
1,0,neither,1280,isolated,company,trained,original_exception,64,0.015625,0.015625,4.603116989135742,1.0,0.13198865950107574,0.0,4.049426078796387
1,0,neither,1280,isolated,company,trained,ordinary,960,0.017708333333333333,0.017708333333333333,4.611932277679443,1.0,0.13198865950107574,0.90625,0.6487271785736084
1,0,neither,1280,isolated,company,heldout,all,1024,0.013671875,0.013671875,4.692103385925293,1.0,0.13198864459991455,0.28515625,2.848276138305664
1,0,neither,1280,isolated,company,heldout,original_exception,64,0.0,0.0,4.795047760009766,1.0,0.13198864459991455,0.296875,2.6691935062408447
1,0,neither,1280,isolated,company,heldout,ordinary,960,0.014583333333333334,0.014583333333333334,4.685239791870117,1.0,0.13198865950107574,0.284375,2.860215187072754
1,0,neither,1280,isolated,project,all,all,2048,0.00927734375,0.00927734375,4.872080326080322,1.0,0.2024683952331543,0.54736328125,1.9457287788391113
1,0,neither,1280,isolated,project,all,original_exception,128,0.015625,0.015625,4.921893119812012,1.0,0.2024683952331543,0.125,3.464508056640625
1,0,neither,1280,isolated,project,all,ordinary,1920,0.008854166666666666,0.008854166666666666,4.8687591552734375,1.0,0.2024683952331543,0.5755208333333334,1.8444768190383911
1,0,neither,1280,isolated,project,trained,all,1024,0.0087890625,0.0087890625,4.841816425323486,1.0,0.2024683952331543,0.8203125,1.0131193399429321
1,0,neither,1280,isolated,project,trained,original_exception,64,0.015625,0.015625,4.87565803527832,1.0,0.2024683952331543,0.015625,3.9227778911590576
1,0,neither,1280,isolated,project,trained,ordinary,960,0.008333333333333333,0.008333333333333333,4.839560031890869,1.0,0.2024683952331543,0.8739583333333333,0.8191421627998352
1,0,neither,1280,isolated,project,heldout,all,1024,0.009765625,0.009765625,4.902344703674316,1.0,0.2024683952331543,0.2744140625,2.87833833694458
1,0,neither,1280,isolated,project,heldout,original_exception,64,0.015625,0.015625,4.968128681182861,1.0,0.2024683952331543,0.234375,3.0062384605407715
1,0,neither,1280,isolated,project,heldout,ordinary,960,0.009375,0.009375,4.897959232330322,1.0,0.2024684101343155,0.27708333333333335,2.869811534881592
1,0,neither,2560,unrestricted,company,all,all,2048,0.43798828125,0.43798828125,2.548896551132202,1.0,0.029306035488843918,0.80419921875,0.784375786781311
1,0,neither,2560,unrestricted,company,all,original_exception,128,0.3125,0.3125,3.3628807067871094,1.0,0.029306035488843918,0.296875,2.7839393615722656
1,0,neither,2560,unrestricted,company,all,ordinary,1920,0.44635416666666666,0.44635416666666666,2.494631052017212,1.0,0.02930603362619877,0.8380208333333333,0.6510714888572693
1,0,neither,2560,unrestricted,company,trained,all,1024,0.494140625,0.494140625,2.2782914638519287,1.0,0.029306035488843918,0.9033203125,0.5097371935844421
1,0,neither,2560,unrestricted,company,trained,original_exception,64,0.5,0.5,2.51098895072937,1.0,0.029306035488843918,0.09375,3.6944029331207275
1,0,neither,2560,unrestricted,company,trained,ordinary,960,0.49375,0.49375,2.2627782821655273,1.0,0.02930603362619877,0.9572916666666667,0.29742613434791565
1,0,neither,2560,unrestricted,company,heldout,all,1024,0.3818359375,0.3818359375,2.8195016384124756,1.0,0.029306035488843918,0.705078125,1.0590143203735352
1,0,neither,2560,unrestricted,company,heldout,original_exception,64,0.125,0.125,4.214772701263428,1.0,0.029306035488843918,0.5,1.8734757900238037
1,0,neither,2560,unrestricted,company,heldout,ordinary,960,0.39895833333333336,0.39895833333333336,2.7264835834503174,1.0,0.02930603362619877,0.71875,1.0047168731689453
1,0,neither,2560,unrestricted,project,all,all,2048,0.22021484375,0.24609375,3.24710750579834,0.90625,0.3616391122341156,0.2216796875,3.198558807373047
1,0,neither,2560,unrestricted,project,all,original_exception,128,0.171875,0.1875,3.4634037017822266,0.90625,0.361639142036438,0.0625,4.122809410095215
1,0,neither,2560,unrestricted,project,all,ordinary,1920,0.2234375,0.25,3.2326877117156982,0.90625,0.361639142036438,0.23229166666666667,3.1369426250457764
1,0,neither,2560,unrestricted,project,trained,all,1024,0.341796875,0.3857421875,2.8789596557617188,0.90625,0.361639142036438,0.3232421875,2.635207414627075
1,0,neither,2560,unrestricted,project,trained,original_exception,64,0.3125,0.34375,2.983814239501953,0.90625,0.361639142036438,0.046875,4.340415954589844
1,0,neither,2560,unrestricted,project,trained,ordinary,960,0.34375,0.3885416666666667,2.871968984603882,0.90625,0.361639142036438,0.3416666666666667,2.521526575088501
1,0,neither,2560,unrestricted,project,heldout,all,1024,0.0986328125,0.1064453125,3.615255355834961,0.90625,0.361639142036438,0.1201171875,3.7619104385375977
1,0,neither,2560,unrestricted,project,heldout,original_exception,64,0.03125,0.03125,3.9429931640625,0.90625,0.361639142036438,0.078125,3.9052023887634277
1,0,neither,2560,unrestricted,project,heldout,ordinary,960,0.103125,0.11145833333333334,3.5934062004089355,0.90625,0.3616391122341156,0.12291666666666666,3.7523579597473145
1,0,neither,2560,isolated,company,all,all,2048,0.681640625,0.681640625,0.8308007717132568,1.0,0.010128140449523926,0.9619140625,0.17839421331882477
1,0,neither,2560,isolated,company,all,original_exception,128,0.3984375,0.3984375,2.0490384101867676,1.0,0.010128139518201351,0.515625,1.9411396980285645
1,0,neither,2560,isolated,company,all,ordinary,1920,0.7005208333333334,0.7005208333333334,0.749584972858429,1.0,0.010128139518201351,0.9916666666666667,0.06087784096598625
1,0,neither,2560,isolated,company,trained,all,1024,0.6865234375,0.6865234375,0.762753963470459,1.0,0.010128138586878777,0.953125,0.20925812423229218
1,0,neither,2560,isolated,company,trained,original_exception,64,0.53125,0.53125,1.0758706331253052,1.0,0.010128138586878777,0.296875,2.807232618331909
1,0,neither,2560,isolated,company,trained,ordinary,960,0.696875,0.696875,0.7418795824050903,1.0,0.010128139518201351,0.996875,0.036059822887182236
1,0,neither,2560,isolated,company,heldout,all,1024,0.6767578125,0.6767578125,0.8988475799560547,1.0,0.010128139518201351,0.970703125,0.14753030240535736
1,0,neither,2560,isolated,company,heldout,original_exception,64,0.265625,0.265625,3.0222065448760986,1.0,0.010128139518201351,0.734375,1.0750470161437988
1,0,neither,2560,isolated,company,heldout,ordinary,960,0.7041666666666667,0.7041666666666667,0.757290244102478,1.0,0.010128139518201351,0.9864583333333333,0.08569584786891937
1,0,neither,2560,isolated,project,all,all,2048,0.76806640625,0.76806640625,0.7922964096069336,1.0,0.012024493888020515,0.958984375,0.2094690501689911
1,0,neither,2560,isolated,project,all,original_exception,128,0.4921875,0.4921875,1.8255215883255005,1.0,0.012024493888020515,0.4375,2.5280323028564453
1,0,neither,2560,isolated,project,all,ordinary,1920,0.7864583333333334,0.7864583333333334,0.7234147191047668,1.0,0.01202449481934309,0.99375,0.05489818751811981
1,0,neither,2560,isolated,project,trained,all,1024,0.7734375,0.7734375,0.7197108268737793,1.0,0.012024495750665665,0.947265625,0.2772706151008606
1,0,neither,2560,isolated,project,trained,original_exception,64,0.65625,0.65625,1.0240745544433594,1.0,0.012024493888020515,0.1875,3.9233815670013428
1,0,neither,2560,isolated,project,trained,ordinary,960,0.78125,0.78125,0.6994199752807617,1.0,0.012024493888020515,0.9979166666666667,0.03419656306505203
1,0,neither,2560,isolated,project,heldout,all,1024,0.7626953125,0.7626953125,0.8648819327354431,1.0,0.01202449481934309,0.970703125,0.14166748523712158
1,0,neither,2560,isolated,project,heldout,original_exception,64,0.328125,0.328125,2.6269688606262207,1.0,0.01202449481934309,0.6875,1.1326826810836792
1,0,neither,2560,isolated,project,heldout,ordinary,960,0.7916666666666666,0.7916666666666666,0.7474095225334167,1.0,0.012024493888020515,0.9895833333333334,0.075599804520607
1,0,neither,5120,unrestricted,company,all,all,2048,0.94775390625,0.94775390625,0.27593570947647095,1.0,0.001778977457433939,0.9892578125,0.04836593568325043
1,0,neither,5120,unrestricted,company,all,original_exception,128,0.9140625,0.9140625,0.5076653361320496,1.0,0.0017789775738492608,0.8671875,0.37603551149368286
1,0,neither,5120,unrestricted,company,all,ordinary,1920,0.95,0.95,0.26048707962036133,1.0,0.0017789775738492608,0.9973958333333334,0.026521295309066772
1,0,neither,5120,unrestricted,company,trained,all,1024,0.9541015625,0.9541015625,0.24409377574920654,1.0,0.001778977457433939,0.986328125,0.05008731037378311
1,0,neither,5120,unrestricted,company,trained,original_exception,64,0.9375,0.9375,0.3729701638221741,1.0,0.001778977457433939,0.796875,0.5651348829269409
1,0,neither,5120,unrestricted,company,trained,ordinary,960,0.9552083333333333,0.9552083333333333,0.2355019897222519,1.0,0.001778977457433939,0.9989583333333333,0.015750804916024208
1,0,neither,5120,unrestricted,company,heldout,all,1024,0.94140625,0.94140625,0.3077777028083801,1.0,0.0017789775738492608,0.9921875,0.04664456099271774
1,0,neither,5120,unrestricted,company,heldout,original_exception,64,0.890625,0.890625,0.6423604488372803,1.0,0.001778977457433939,0.9375,0.1869361400604248
1,0,neither,5120,unrestricted,company,heldout,ordinary,960,0.9447916666666667,0.9447916666666667,0.28547218441963196,1.0,0.001778977457433939,0.9958333333333333,0.037291787564754486
1,0,neither,5120,unrestricted,project,all,all,2048,0.986328125,0.986328125,0.21620938181877136,1.0,0.005139733199030161,0.8984375,0.38511228561401367
1,0,neither,5120,unrestricted,project,all,original_exception,128,1.0,1.0,0.2593653202056885,1.0,0.005139733199030161,0.828125,0.648770809173584
1,0,neither,5120,unrestricted,project,all,ordinary,1920,0.9854166666666667,0.9854166666666667,0.21333231031894684,1.0,0.005139732733368874,0.903125,0.3675350844860077
1,0,neither,5120,unrestricted,project,trained,all,1024,0.9921875,0.9921875,0.19016042351722717,1.0,0.005139733199030161,0.9443359375,0.24057205021381378
1,0,neither,5120,unrestricted,project,trained,original_exception,64,1.0,1.0,0.20716893672943115,1.0,0.005139732733368874,0.75,0.8291821479797363
1,0,neither,5120,unrestricted,project,trained,ordinary,960,0.9916666666666667,0.9916666666666667,0.18902653455734253,1.0,0.005139732733368874,0.9572916666666667,0.20133137702941895
1,0,neither,5120,unrestricted,project,heldout,all,1024,0.98046875,0.98046875,0.24225832521915436,1.0,0.005139733199030161,0.8525390625,0.52965247631073
1,0,neither,5120,unrestricted,project,heldout,original_exception,64,1.0,1.0,0.3115617036819458,1.0,0.005139732733368874,0.90625,0.46835947036743164
1,0,neither,5120,unrestricted,project,heldout,ordinary,960,0.9791666666666666,0.9791666666666666,0.23763808608055115,1.0,0.005139733199030161,0.8489583333333334,0.5337387919425964
1,0,neither,5120,isolated,company,all,all,2048,0.990234375,0.990234375,0.06832586228847504,1.0,0.0006807976169511676,0.99267578125,0.032824911177158356
1,0,neither,5120,isolated,company,all,original_exception,128,0.96875,0.96875,0.16516126692295074,1.0,0.0006807976169511676,0.9375,0.2612670660018921
1,0,neither,5120,isolated,company,all,ordinary,1920,0.9916666666666667,0.9916666666666667,0.061870161443948746,1.0,0.0006807976751588285,0.9963541666666667,0.017595436424016953
1,0,neither,5120,isolated,company,trained,all,1024,0.98828125,0.98828125,0.07130983471870422,1.0,0.0006807976169511676,0.9931640625,0.03423002362251282
1,0,neither,5120,isolated,company,trained,original_exception,64,0.96875,0.96875,0.17753611505031586,1.0,0.0006807976751588285,0.921875,0.4255703091621399
1,0,neither,5120,isolated,company,trained,ordinary,960,0.9895833333333334,0.9895833333333334,0.06422808766365051,1.0,0.0006807976751588285,0.9979166666666667,0.008140671998262405
1,0,neither,5120,isolated,company,heldout,all,1024,0.9921875,0.9921875,0.06534187495708466,1.0,0.0006807977333664894,0.9921875,0.03141980245709419
1,0,neither,5120,isolated,company,heldout,original_exception,64,0.96875,0.96875,0.15278640389442444,1.0,0.0006807976751588285,0.953125,0.09696385264396667
1,0,neither,5120,isolated,company,heldout,ordinary,960,0.99375,0.99375,0.05951223522424698,1.0,0.0006807976751588285,0.9947916666666666,0.02705019898712635
1,0,neither,5120,isolated,project,all,all,2048,0.99658203125,0.99658203125,0.04321735352277756,1.0,0.0006639738567173481,0.99609375,0.021757880225777626
1,0,neither,5120,isolated,project,all,original_exception,128,0.984375,0.984375,0.10930027812719345,1.0,0.0006639738567173481,0.9765625,0.11134198307991028
1,0,neither,5120,isolated,project,all,ordinary,1920,0.9973958333333334,0.9973958333333334,0.0388118252158165,1.0,0.0006639737985096872,0.9973958333333334,0.01578560657799244
1,0,neither,5120,isolated,project,trained,all,1024,0.998046875,0.998046875,0.04154377430677414,1.0,0.0006639738567173481,0.994140625,0.027817416936159134
1,0,neither,5120,isolated,project,trained,original_exception,64,0.984375,0.984375,0.1149475947022438,1.0,0.0006639738567173481,0.953125,0.19367682933807373
1,0,neither,5120,isolated,project,trained,ordinary,960,0.9989583333333333,0.9989583333333333,0.03665018454194069,1.0,0.0006639737985096872,0.996875,0.016760122030973434
1,0,neither,5120,isolated,project,heldout,all,1024,0.9951171875,0.9951171875,0.04489094018936157,1.0,0.0006639738567173481,0.998046875,0.015698343515396118
1,0,neither,5120,isolated,project,heldout,original_exception,64,0.984375,0.984375,0.1036529690027237,1.0,0.0006639738567173481,1.0,0.029007134959101677
1,0,neither,5120,isolated,project,heldout,ordinary,960,0.9958333333333333,0.9958333333333333,0.040973469614982605,1.0,0.0006639737985096872,0.9979166666666667,0.014811092056334019
1,0,neither,10240,unrestricted,company,all,all,2048,0.990234375,0.990234375,0.04145074635744095,1.0,9.340912947664037e-05,0.994140625,0.020859993994235992
1,0,neither,10240,unrestricted,company,all,original_exception,128,0.9921875,0.9921875,0.06403453648090363,1.0,9.340912947664037e-05,0.9453125,0.13683190941810608
1,0,neither,10240,unrestricted,company,all,ordinary,1920,0.9901041666666667,0.9901041666666667,0.03994515910744667,1.0,9.340912220068276e-05,0.9973958333333334,0.013128533028066158
1,0,neither,10240,unrestricted,company,trained,all,1024,0.9931640625,0.9931640625,0.03309542313218117,1.0,9.340912220068276e-05,0.9970703125,0.012343861162662506
1,0,neither,10240,unrestricted,company,trained,original_exception,64,0.984375,0.984375,0.07141454517841339,1.0,9.340912947664037e-05,0.953125,0.1268395036458969
1,0,neither,10240,unrestricted,company,trained,ordinary,960,0.99375,0.99375,0.030540814623236656,1.0,9.340912947664037e-05,1.0,0.00471081817522645
1,0,neither,10240,unrestricted,company,heldout,all,1024,0.9873046875,0.9873046875,0.04980606585741043,1.0,9.340912947664037e-05,0.9912109375,0.029376130551099777
1,0,neither,10240,unrestricted,company,heldout,original_exception,64,1.0,1.0,0.056654512882232666,1.0,9.340912947664037e-05,0.9375,0.14682434499263763
1,0,neither,10240,unrestricted,company,heldout,ordinary,960,0.9864583333333333,0.9864583333333333,0.049349501729011536,1.0,9.340912947664037e-05,0.9947916666666666,0.021546248346567154
1,0,neither,10240,unrestricted,project,all,all,2048,0.982421875,0.982421875,0.0703195109963417,1.0,0.00018132373224943876,0.98388671875,0.05132099613547325
1,0,neither,10240,unrestricted,project,all,original_exception,128,0.9609375,0.9609375,0.18734332919120789,1.0,0.00018132373224943876,0.9296875,0.26055577397346497
1,0,neither,10240,unrestricted,project,all,ordinary,1920,0.9838541666666667,0.9838541666666667,0.0625179186463356,1.0,0.00018132371769752353,0.9875,0.037372007966041565
1,0,neither,10240,unrestricted,project,trained,all,1024,0.9814453125,0.9814453125,0.07626201957464218,1.0,0.00018132373224943876,0.9873046875,0.0433722585439682
1,0,neither,10240,unrestricted,project,trained,original_exception,64,0.96875,0.96875,0.2215985655784607,1.0,0.00018132373224943876,0.875,0.45017725229263306
1,0,neither,10240,unrestricted,project,trained,ordinary,960,0.9822916666666667,0.9822916666666667,0.06657291203737259,1.0,0.00018132376135326922,0.9947916666666666,0.016251925379037857
1,0,neither,10240,unrestricted,project,heldout,all,1024,0.9833984375,0.9833984375,0.06437700986862183,1.0,0.000181323746801354,0.98046875,0.0592697337269783
1,0,neither,10240,unrestricted,project,heldout,original_exception,64,0.953125,0.953125,0.15308809280395508,1.0,0.000181323746801354,0.984375,0.07093433290719986
1,0,neither,10240,unrestricted,project,heldout,ordinary,960,0.9854166666666667,0.9854166666666667,0.05846293270587921,1.0,0.00018132371769752353,0.9802083333333333,0.05849209800362587
1,0,neither,10240,isolated,company,all,all,2048,0.98779296875,0.98779296875,0.07259571552276611,1.0,7.950230792630464e-05,0.9951171875,0.011214452795684338
1,0,neither,10240,isolated,company,all,original_exception,128,1.0,1.0,0.033389508724212646,1.0,7.950230792630464e-05,0.9453125,0.12346994876861572
1,0,neither,10240,isolated,company,all,ordinary,1920,0.9869791666666666,0.9869791666666666,0.07520946115255356,1.0,7.950230792630464e-05,0.9984375,0.0037307539023458958
1,0,neither,10240,isolated,company,trained,all,1024,0.9873046875,0.9873046875,0.0747048407793045,1.0,7.950230792630464e-05,0.994140625,0.016268901526927948
1,0,neither,10240,isolated,company,trained,original_exception,64,1.0,1.0,0.037745848298072815,1.0,7.950230792630464e-05,0.921875,0.20582892000675201
1,0,neither,10240,isolated,company,trained,ordinary,960,0.9864583333333333,0.9864583333333333,0.0771687775850296,1.0,7.950230065034702e-05,0.9989583333333333,0.0036315673496574163
1,0,neither,10240,isolated,company,heldout,all,1024,0.98828125,0.98828125,0.07048658281564713,1.0,7.950230792630464e-05,0.99609375,0.0061600045301020145
1,0,neither,10240,isolated,company,heldout,original_exception,64,1.0,1.0,0.029033172875642776,1.0,7.950230065034702e-05,0.96875,0.041110966354608536
1,0,neither,10240,isolated,company,heldout,ordinary,960,0.9875,0.9875,0.07325014472007751,1.0,7.950230792630464e-05,0.9979166666666667,0.003829940687865019
1,0,neither,10240,isolated,project,all,all,2048,0.998046875,0.998046875,0.009495199657976627,1.0,6.97976429364644e-05,0.99755859375,0.012170454487204552
1,0,neither,10240,isolated,project,all,original_exception,128,0.9765625,0.9765625,0.06794366240501404,1.0,6.979765021242201e-05,0.984375,0.0938020646572113
1,0,neither,10240,isolated,project,all,ordinary,1920,0.9994791666666667,0.9994791666666667,0.005598634481430054,1.0,6.97976429364644e-05,0.9984375,0.006728347856551409
1,0,neither,10240,isolated,project,trained,all,1024,0.998046875,0.998046875,0.008575350046157837,1.0,6.979765021242201e-05,0.9970703125,0.012373330071568489
1,0,neither,10240,isolated,project,trained,original_exception,64,0.984375,0.984375,0.05865851789712906,1.0,6.979765021242201e-05,0.984375,0.11029793322086334
1,0,neither,10240,isolated,project,trained,ordinary,960,0.9989583333333333,0.9989583333333333,0.00523647153750062,1.0,6.97976429364644e-05,0.9979166666666667,0.00584502425044775
1,0,neither,10240,isolated,project,heldout,all,1024,0.998046875,0.998046875,0.010415048338472843,1.0,6.979765021242201e-05,0.998046875,0.011967577040195465
1,0,neither,10240,isolated,project,heldout,original_exception,64,0.96875,0.96875,0.07722882926464081,1.0,6.97976429364644e-05,0.984375,0.07730618119239807
1,0,neither,10240,isolated,project,heldout,ordinary,960,1.0,1.0,0.005960795562714338,1.0,6.97976429364644e-05,0.9989583333333333,0.007611670531332493
1,0,neither,15360,unrestricted,company,all,all,2048,0.99560546875,0.99560546875,0.018554283306002617,1.0,6.119809404481202e-05,0.99658203125,0.014944532886147499
1,0,neither,15360,unrestricted,company,all,original_exception,128,0.9765625,0.9765625,0.09106634557247162,1.0,6.119809404481202e-05,0.96875,0.1472174972295761
1,0,neither,15360,unrestricted,company,all,ordinary,1920,0.996875,0.996875,0.013720146380364895,1.0,6.119809404481202e-05,0.9984375,0.0061263348907232285
1,0,neither,15360,unrestricted,company,trained,all,1024,0.9951171875,0.9951171875,0.018562331795692444,1.0,6.119808676885441e-05,0.9970703125,0.013414139859378338
1,0,neither,15360,unrestricted,company,trained,original_exception,64,0.984375,0.984375,0.05357671529054642,1.0,6.119809404481202e-05,0.96875,0.14163759350776672
1,0,neither,15360,unrestricted,company,trained,ordinary,960,0.9958333333333333,0.9958333333333333,0.01622803881764412,1.0,6.119809404481202e-05,0.9989583333333333,0.004865911323577166
1,0,neither,15360,unrestricted,company,heldout,all,1024,0.99609375,0.99609375,0.01854623481631279,1.0,6.119809404481202e-05,0.99609375,0.016474924981594086
1,0,neither,15360,unrestricted,company,heldout,original_exception,64,0.96875,0.96875,0.12855596840381622,1.0,6.119809404481202e-05,0.96875,0.15279743075370789
1,0,neither,15360,unrestricted,company,heldout,ordinary,960,0.9979166666666667,0.9979166666666667,0.01121225394308567,1.0,6.119809404481202e-05,0.9979166666666667,0.007386758457869291
1,0,neither,15360,unrestricted,project,all,all,2048,0.99658203125,0.99658203125,0.016675323247909546,1.0,0.0005917617818340659,0.99267578125,0.024367228150367737
1,0,neither,15360,unrestricted,project,all,original_exception,128,1.0,1.0,0.013996454887092113,1.0,0.0005917616654187441,0.9765625,0.08769164234399796
1,0,neither,15360,unrestricted,project,all,ordinary,1920,0.9963541666666667,0.9963541666666667,0.01685391180217266,1.0,0.000591761723626405,0.99375,0.02014559879899025
1,0,neither,15360,unrestricted,project,trained,all,1024,0.99609375,0.99609375,0.021346546709537506,1.0,0.0005917617818340659,0.9970703125,0.0128866508603096
1,0,neither,15360,unrestricted,project,trained,original_exception,64,1.0,1.0,0.017053768038749695,1.0,0.0005917617818340659,0.984375,0.10695049166679382
1,0,neither,15360,unrestricted,project,trained,ordinary,960,0.9958333333333333,0.9958333333333333,0.021632730960845947,1.0,0.000591761723626405,0.9979166666666667,0.006615727674216032
1,0,neither,15360,unrestricted,project,heldout,all,1024,0.9970703125,0.9970703125,0.01200410071760416,1.0,0.000591761723626405,0.98828125,0.03584780544042587
1,0,neither,15360,unrestricted,project,heldout,original_exception,64,1.0,1.0,0.010939141735434532,1.0,0.0005917617818340659,0.96875,0.06843280792236328
1,0,neither,15360,unrestricted,project,heldout,ordinary,960,0.996875,0.996875,0.012075098231434822,1.0,0.000591761723626405,0.9895833333333334,0.03367547318339348
1,0,neither,15360,isolated,company,all,all,2048,0.99755859375,0.99755859375,0.011193368583917618,1.0,6.273920007515699e-05,0.99658203125,0.0125702740624547
1,0,neither,15360,isolated,company,all,original_exception,128,0.9765625,0.9765625,0.1040278971195221,1.0,6.273920007515699e-05,0.9609375,0.11684228479862213
1,0,neither,15360,isolated,company,all,ordinary,1920,0.9989583333333333,0.9989583333333333,0.005004401318728924,1.0,6.273920007515699e-05,0.9989583333333333,0.005618806462734938
1,0,neither,15360,isolated,company,trained,all,1024,0.99609375,0.99609375,0.015236914157867432,1.0,6.273920007515699e-05,0.99609375,0.01111635286360979
1,0,neither,15360,isolated,company,trained,original_exception,64,0.96875,0.96875,0.13904686272144318,1.0,6.273920007515699e-05,0.953125,0.09877119213342667
1,0,neither,15360,isolated,company,trained,ordinary,960,0.9979166666666667,0.9979166666666667,0.00698291789740324,1.0,6.273920007515699e-05,0.9989583333333333,0.005272697191685438
1,0,neither,15360,isolated,company,heldout,all,1024,0.9990234375,0.9990234375,0.007149824406951666,1.0,6.273920007515699e-05,0.9970703125,0.014024196192622185
1,0,neither,15360,isolated,company,heldout,original_exception,64,0.984375,0.984375,0.06900891661643982,1.0,6.273920007515699e-05,0.96875,0.1349133998155594
1,0,neither,15360,isolated,company,heldout,ordinary,960,1.0,1.0,0.003025884972885251,1.0,6.273920007515699e-05,0.9989583333333333,0.005964915733784437
1,0,neither,15360,isolated,project,all,all,2048,0.99951171875,0.99951171875,0.002470004139468074,1.0,6.621602369705215e-05,0.99853515625,0.004071683622896671
1,0,neither,15360,isolated,project,all,original_exception,128,1.0,1.0,0.009075107052922249,1.0,6.621603097300977e-05,1.0,0.007410332094877958
1,0,neither,15360,isolated,project,all,ordinary,1920,0.9994791666666667,0.9994791666666667,0.0020296641159802675,1.0,6.621602369705215e-05,0.9984375,0.0038491070736199617
1,0,neither,15360,isolated,project,trained,all,1024,1.0,1.0,0.0016771306982263923,1.0,6.621602369705215e-05,0.998046875,0.00451172050088644
1,0,neither,15360,isolated,project,trained,original_exception,64,1.0,1.0,0.010171866044402122,1.0,6.621602369705215e-05,1.0,0.010403989814221859
1,0,neither,15360,isolated,project,trained,ordinary,960,1.0,1.0,0.0011108149774372578,1.0,6.621602369705215e-05,0.9979166666666667,0.004118902143090963
1,0,neither,15360,isolated,project,heldout,all,1024,0.9990234375,0.9990234375,0.0032628774642944336,1.0,6.621603097300977e-05,0.9990234375,0.003631646977737546
1,0,neither,15360,isolated,project,heldout,original_exception,64,1.0,1.0,0.007978348061442375,1.0,6.621603097300977e-05,1.0,0.004416673444211483
1,0,neither,15360,isolated,project,heldout,ordinary,960,0.9989583333333333,0.9989583333333333,0.0029485130216926336,1.0,6.621602369705215e-05,0.9989583333333333,0.00357931200414896
1,1,company,0,unrestricted,company,all,all,2048,0.0,0.0,8.5427885055542,0.0,8.654390335083008,0.0,8.626516342163086
1,1,company,0,unrestricted,company,all,original_exception,128,0.0,0.0,8.532435417175293,0.0,8.654390335083008,0.0,8.625253677368164
1,1,company,0,unrestricted,company,all,ordinary,1920,0.0,0.0,8.543478012084961,0.0,8.654390335083008,0.0,8.62660026550293
1,1,company,0,unrestricted,company,trained,all,1024,0.0,0.0,8.544768333435059,0.0,8.654390335083008,0.0,8.628416061401367
1,1,company,0,unrestricted,company,trained,original_exception,64,0.0,0.0,8.518533706665039,0.0,8.654390335083008,0.0,8.642560958862305
1,1,company,0,unrestricted,company,trained,ordinary,960,0.0,0.0,8.546517372131348,0.0,8.654390335083008,0.0,8.627473831176758
1,1,company,0,unrestricted,company,heldout,all,1024,0.0,0.0,8.540809631347656,0.0,8.654390335083008,0.0,8.624614715576172
1,1,company,0,unrestricted,company,heldout,original_exception,64,0.0,0.0,8.546337127685547,0.0,8.654390335083008,0.0,8.607945442199707
1,1,company,0,unrestricted,company,heldout,ordinary,960,0.0,0.0,8.54043960571289,0.0,8.654390335083008,0.0,8.625726699829102
1,1,company,0,unrestricted,project,all,all,2048,0.0,0.0,8.578886032104492,0.0,8.622652053833008,0.0,8.624879837036133
1,1,company,0,unrestricted,project,all,original_exception,128,0.0,0.0,8.588142395019531,0.0,8.622652053833008,0.0,8.608966827392578
1,1,company,0,unrestricted,project,all,ordinary,1920,0.0,0.0,8.578269004821777,0.0,8.622652053833008,0.0,8.625941276550293
1,1,company,0,unrestricted,project,trained,all,1024,0.0,0.0,8.580347061157227,0.0,8.622652053833008,0.0,8.627655029296875
1,1,company,0,unrestricted,project,trained,original_exception,64,0.0,0.0,8.60090446472168,0.0,8.622652053833008,0.0,8.607507705688477
1,1,company,0,unrestricted,project,trained,ordinary,960,0.0,0.0,8.57897663116455,0.0,8.622652053833008,0.0,8.628997802734375
1,1,company,0,unrestricted,project,heldout,all,1024,0.0,0.0,8.57742691040039,0.0,8.622652053833008,0.0,8.622105598449707
1,1,company,0,unrestricted,project,heldout,original_exception,64,0.0,0.0,8.5753812789917,0.0,8.622652053833008,0.0,8.61042594909668
1,1,company,0,unrestricted,project,heldout,ordinary,960,0.0,0.0,8.577563285827637,0.0,8.622652053833008,0.0,8.622883796691895
1,1,company,0,isolated,company,all,all,2048,0.0,0.0,8.5427885055542,0.0,8.654390335083008,0.0,8.626516342163086
1,1,company,0,isolated,company,all,original_exception,128,0.0,0.0,8.532435417175293,0.0,8.654390335083008,0.0,8.625253677368164
1,1,company,0,isolated,company,all,ordinary,1920,0.0,0.0,8.543478012084961,0.0,8.654390335083008,0.0,8.62660026550293
1,1,company,0,isolated,company,trained,all,1024,0.0,0.0,8.544768333435059,0.0,8.654390335083008,0.0,8.628416061401367
1,1,company,0,isolated,company,trained,original_exception,64,0.0,0.0,8.518533706665039,0.0,8.654390335083008,0.0,8.642560958862305
1,1,company,0,isolated,company,trained,ordinary,960,0.0,0.0,8.546517372131348,0.0,8.654390335083008,0.0,8.627473831176758
1,1,company,0,isolated,company,heldout,all,1024,0.0,0.0,8.540809631347656,0.0,8.654390335083008,0.0,8.624614715576172
1,1,company,0,isolated,company,heldout,original_exception,64,0.0,0.0,8.546337127685547,0.0,8.654390335083008,0.0,8.607945442199707
1,1,company,0,isolated,company,heldout,ordinary,960,0.0,0.0,8.54043960571289,0.0,8.654390335083008,0.0,8.625726699829102
1,1,company,0,isolated,project,all,all,2048,0.0,0.0,8.578886032104492,0.0,8.622652053833008,0.0,8.624879837036133
1,1,company,0,isolated,project,all,original_exception,128,0.0,0.0,8.588142395019531,0.0,8.622652053833008,0.0,8.608966827392578
1,1,company,0,isolated,project,all,ordinary,1920,0.0,0.0,8.578269004821777,0.0,8.622652053833008,0.0,8.625941276550293
1,1,company,0,isolated,project,trained,all,1024,0.0,0.0,8.580347061157227,0.0,8.622652053833008,0.0,8.627655029296875
1,1,company,0,isolated,project,trained,original_exception,64,0.0,0.0,8.60090446472168,0.0,8.622652053833008,0.0,8.607507705688477
1,1,company,0,isolated,project,trained,ordinary,960,0.0,0.0,8.57897663116455,0.0,8.622652053833008,0.0,8.628997802734375
1,1,company,0,isolated,project,heldout,all,1024,0.0,0.0,8.57742691040039,0.0,8.622652053833008,0.0,8.622105598449707
1,1,company,0,isolated,project,heldout,original_exception,64,0.0,0.0,8.5753812789917,0.0,8.622652053833008,0.0,8.61042594909668
1,1,company,0,isolated,project,heldout,ordinary,960,0.0,0.0,8.577563285827637,0.0,8.622652053833008,0.0,8.622883796691895
1,1,company,1280,unrestricted,company,all,all,2048,0.0,0.0,8.372811317443848,1.0,0.21231621503829956,0.45166015625,2.52266263961792
1,1,company,1280,unrestricted,company,all,original_exception,128,0.0,0.0,8.352261543273926,1.0,0.21231621503829956,0.078125,4.385561466217041
1,1,company,1280,unrestricted,company,all,ordinary,1920,0.0,0.0,8.374180793762207,1.0,0.21231622993946075,0.4765625,2.3984689712524414
1,1,company,1280,unrestricted,company,trained,all,1024,0.0,0.0,8.366922378540039,1.0,0.21231621503829956,0.75390625,1.1186211109161377
1,1,company,1280,unrestricted,company,trained,original_exception,64,0.0,0.0,8.341217041015625,1.0,0.21231620013713837,0.0,4.878825664520264
1,1,company,1280,unrestricted,company,trained,ordinary,960,0.0,0.0,8.368636131286621,1.0,0.21231621503829956,0.8041666666666667,0.8679409027099609
1,1,company,1280,unrestricted,company,heldout,all,1024,0.0,0.0,8.378700256347656,1.0,0.21231621503829956,0.1494140625,3.926703691482544
1,1,company,1280,unrestricted,company,heldout,original_exception,64,0.0,0.0,8.363306999206543,1.0,0.21231621503829956,0.15625,3.8922977447509766
1,1,company,1280,unrestricted,company,heldout,ordinary,960,0.0,0.0,8.37972640991211,1.0,0.21231622993946075,0.14895833333333333,3.928997278213501
1,1,company,1280,unrestricted,project,all,all,2048,0.0,0.0,8.360563278198242,1.0,0.527283787727356,0.3671875,2.8875718116760254
1,1,company,1280,unrestricted,project,all,original_exception,128,0.0,0.0,8.336530685424805,1.0,0.527283787727356,0.0234375,4.4673357009887695
1,1,company,1280,unrestricted,project,all,ordinary,1920,0.0,0.0,8.362164497375488,1.0,0.527283787727356,0.39010416666666664,2.782254219055176
1,1,company,1280,unrestricted,project,trained,all,1024,0.0,0.0,8.382015228271484,1.0,0.527283787727356,0.6689453125,1.3735885620117188
1,1,company,1280,unrestricted,project,trained,original_exception,64,0.0,0.0,8.278279304504395,1.0,0.527283787727356,0.0,4.661692142486572
1,1,company,1280,unrestricted,project,trained,ordinary,960,0.0,0.0,8.388930320739746,1.0,0.5272837281227112,0.7135416666666666,1.154381513595581
1,1,company,1280,unrestricted,project,heldout,all,1024,0.0,0.0,8.339110374450684,1.0,0.5272837281227112,0.0654296875,4.401555061340332
1,1,company,1280,unrestricted,project,heldout,original_exception,64,0.0,0.0,8.394783020019531,1.0,0.527283787727356,0.046875,4.272979736328125
1,1,company,1280,unrestricted,project,heldout,ordinary,960,0.0,0.0,8.335399627685547,1.0,0.527283787727356,0.06666666666666667,4.410126686096191
1,1,company,1280,isolated,company,all,all,2048,0.00732421875,0.00732421875,4.8674468994140625,1.0,0.14762341976165771,0.48486328125,2.1049611568450928
1,1,company,1280,isolated,company,all,original_exception,128,0.0078125,0.0078125,4.921778678894043,1.0,0.14762341976165771,0.140625,3.488295555114746
1,1,company,1280,isolated,company,all,ordinary,1920,0.007291666666666667,0.007291666666666667,4.863824367523193,1.0,0.14762340486049652,0.5078125,2.0127387046813965
1,1,company,1280,isolated,company,trained,all,1024,0.0107421875,0.0107421875,4.8353776931762695,1.0,0.14762341976165771,0.728515625,1.0726292133331299
1,1,company,1280,isolated,company,trained,original_exception,64,0.015625,0.015625,4.894556045532227,1.0,0.14762341976165771,0.015625,3.9471969604492188
1,1,company,1280,isolated,company,trained,ordinary,960,0.010416666666666666,0.010416666666666666,4.831431865692139,1.0,0.14762340486049652,0.7760416666666666,0.8809913396835327
1,1,company,1280,isolated,company,heldout,all,1024,0.00390625,0.00390625,4.899515151977539,1.0,0.14762341976165771,0.2412109375,3.1372928619384766
1,1,company,1280,isolated,company,heldout,original_exception,64,0.0,0.0,4.949000835418701,1.0,0.14762340486049652,0.265625,3.0293939113616943
1,1,company,1280,isolated,company,heldout,ordinary,960,0.004166666666666667,0.004166666666666667,4.896215915679932,1.0,0.14762340486049652,0.23958333333333334,3.14448618888855
1,1,company,1280,isolated,project,all,all,2048,0.0,0.0,5.626683712005615,1.0,0.26603424549102783,0.53759765625,1.8983347415924072
1,1,company,1280,isolated,project,all,original_exception,128,0.0,0.0,5.675361633300781,1.0,0.26603424549102783,0.171875,3.2116005420684814
1,1,company,1280,isolated,project,all,ordinary,1920,0.0,0.0,5.623438358306885,1.0,0.26603424549102783,0.5619791666666667,1.8107836246490479
1,1,company,1280,isolated,project,trained,all,1024,0.0,0.0,5.635890960693359,1.0,0.26603424549102783,0.796875,1.0468182563781738
1,1,company,1280,isolated,project,trained,original_exception,64,0.0,0.0,5.541855812072754,1.0,0.26603424549102783,0.03125,3.640333652496338
1,1,company,1280,isolated,project,trained,ordinary,960,0.0,0.0,5.642159938812256,1.0,0.26603424549102783,0.8479166666666667,0.8739171624183655
1,1,company,1280,isolated,project,heldout,all,1024,0.0,0.0,5.617475986480713,1.0,0.26603424549102783,0.2783203125,2.7498514652252197
1,1,company,1280,isolated,project,heldout,original_exception,64,0.0,0.0,5.808867454528809,1.0,0.26603424549102783,0.3125,2.782867431640625
1,1,company,1280,isolated,project,heldout,ordinary,960,0.0,0.0,5.6047163009643555,1.0,0.26603424549102783,0.2760416666666667,2.747650146484375
1,1,company,2560,unrestricted,company,all,all,2048,0.140625,0.140625,4.114556789398193,1.0,0.023507719859480858,0.87890625,0.5341756939888
1,1,company,2560,unrestricted,company,all,original_exception,128,0.046875,0.046875,4.786667823791504,1.0,0.02350771799683571,0.3359375,2.9363012313842773
1,1,company,2560,unrestricted,company,all,ordinary,1920,0.146875,0.146875,4.069749355316162,1.0,0.023507719859480858,0.9151041666666667,0.37403398752212524
1,1,company,2560,unrestricted,company,trained,all,1024,0.154296875,0.154296875,3.8940188884735107,1.0,0.023507721722126007,0.94140625,0.3379443883895874
1,1,company,2560,unrestricted,company,trained,original_exception,64,0.078125,0.078125,3.962251901626587,1.0,0.023507719859480858,0.09375,4.344016075134277
1,1,company,2560,unrestricted,company,trained,ordinary,960,0.159375,0.159375,3.889470100402832,1.0,0.023507721722126007,0.9979166666666667,0.0708729550242424
1,1,company,2560,unrestricted,company,heldout,all,1024,0.126953125,0.126953125,4.335094451904297,1.0,0.023507719859480858,0.81640625,0.7304069995880127
1,1,company,2560,unrestricted,company,heldout,original_exception,64,0.015625,0.015625,5.611083030700684,1.0,0.023507719859480858,0.578125,1.528586506843567
1,1,company,2560,unrestricted,company,heldout,ordinary,960,0.134375,0.134375,4.250028610229492,1.0,0.023507719859480858,0.8322916666666667,0.6771950125694275
1,1,company,2560,unrestricted,project,all,all,2048,0.0,0.0,8.778194427490234,1.0,0.04105091840028763,0.10888671875,4.7069597244262695
1,1,company,2560,unrestricted,project,all,original_exception,128,0.0,0.0,9.309338569641113,1.0,0.04105092212557793,0.09375,5.026432514190674
1,1,company,2560,unrestricted,project,all,ordinary,1920,0.0,0.0,8.74278450012207,1.0,0.04105091840028763,0.10989583333333333,4.685661792755127
1,1,company,2560,unrestricted,project,trained,all,1024,0.0,0.0,8.771858215332031,1.0,0.04105091840028763,0.1123046875,4.5162835121154785
1,1,company,2560,unrestricted,project,trained,original_exception,64,0.0,0.0,8.988710403442383,1.0,0.04105092212557793,0.046875,5.176916122436523
1,1,company,2560,unrestricted,project,trained,ordinary,960,0.0,0.0,8.757401466369629,1.0,0.04105091840028763,0.11666666666666667,4.472241401672363
1,1,company,2560,unrestricted,project,heldout,all,1024,0.0,0.0,8.784530639648438,1.0,0.04105091840028763,0.10546875,4.897636413574219
1,1,company,2560,unrestricted,project,heldout,original_exception,64,0.0,0.0,9.629966735839844,1.0,0.04105091840028763,0.140625,4.875948905944824
1,1,company,2560,unrestricted,project,heldout,ordinary,960,0.0,0.0,8.728167533874512,1.0,0.04105091840028763,0.103125,4.899082660675049
1,1,company,2560,isolated,company,all,all,2048,0.5869140625,0.5869140625,1.6383715867996216,1.0,0.010457874275743961,0.95751953125,0.19595545530319214
1,1,company,2560,isolated,company,all,original_exception,128,0.3359375,0.3359375,2.5325779914855957,1.0,0.010457874275743961,0.4921875,2.1527576446533203
1,1,company,2560,isolated,company,all,ordinary,1920,0.6036458333333333,0.6036458333333333,1.5787577629089355,1.0,0.010457873344421387,0.9885416666666667,0.06550198048353195
1,1,company,2560,isolated,company,trained,all,1024,0.6201171875,0.6201171875,1.4935882091522217,1.0,0.010457874275743961,0.9501953125,0.24176497757434845
1,1,company,2560,isolated,company,trained,original_exception,64,0.484375,0.484375,1.9089783430099487,1.0,0.010457874275743961,0.265625,3.2093138694763184
1,1,company,2560,isolated,company,trained,ordinary,960,0.6291666666666667,0.6291666666666667,1.4658955335617065,1.0,0.010457874275743961,0.9958333333333333,0.043928418308496475
1,1,company,2560,isolated,company,heldout,all,1024,0.5537109375,0.5537109375,1.7831549644470215,1.0,0.010457874275743961,0.96484375,0.15014590322971344
1,1,company,2560,isolated,company,heldout,original_exception,64,0.1875,0.1875,3.156177520751953,1.0,0.010457873344421387,0.71875,1.0962014198303223
1,1,company,2560,isolated,company,heldout,ordinary,960,0.578125,0.578125,1.691620111465454,1.0,0.010457874275743961,0.98125,0.08707554638385773
1,1,company,2560,isolated,project,all,all,2048,0.76220703125,0.76220703125,0.8492282629013062,1.0,0.015417438931763172,0.95166015625,0.25616252422332764
1,1,company,2560,isolated,project,all,original_exception,128,0.6015625,0.6015625,1.7423397302627563,1.0,0.015417438931763172,0.3984375,3.052664279937744
1,1,company,2560,isolated,project,all,ordinary,1920,0.7729166666666667,0.7729166666666667,0.78968745470047,1.0,0.015417438931763172,0.9885416666666667,0.06972908228635788
1,1,company,2560,isolated,project,trained,all,1024,0.7763671875,0.7763671875,0.7768275737762451,1.0,0.015417438000440598,0.9404296875,0.3468151092529297
1,1,company,2560,isolated,project,trained,original_exception,64,0.796875,0.796875,0.9112286567687988,1.0,0.015417438931763172,0.078125,4.9476518630981445
1,1,company,2560,isolated,project,trained,ordinary,960,0.775,0.775,0.7678675055503845,1.0,0.015417438931763172,0.9979166666666667,0.04009263962507248
1,1,company,2560,isolated,project,heldout,all,1024,0.748046875,0.748046875,0.9216289520263672,1.0,0.015417438931763172,0.962890625,0.16550999879837036
1,1,company,2560,isolated,project,heldout,original_exception,64,0.40625,0.40625,2.573451042175293,1.0,0.015417438931763172,0.71875,1.1576769351959229
1,1,company,2560,isolated,project,heldout,ordinary,960,0.7708333333333334,0.7708333333333334,0.8115074634552002,1.0,0.015417438931763172,0.9791666666666666,0.09936552494764328
1,1,company,5120,unrestricted,company,all,all,2048,0.9990234375,0.9990234375,0.06359563767910004,1.0,0.0013768558856099844,0.994140625,0.02889300510287285
1,1,company,5120,unrestricted,company,all,original_exception,128,1.0,1.0,0.11123649775981903,1.0,0.0013768558856099844,1.0,0.05262204259634018
1,1,company,5120,unrestricted,company,all,ordinary,1920,0.9989583333333333,0.9989583333333333,0.060419581830501556,1.0,0.0013768560020253062,0.99375,0.027311068028211594
1,1,company,5120,unrestricted,company,trained,all,1024,1.0,1.0,0.0559353232383728,1.0,0.0013768558856099844,0.9951171875,0.02307051792740822
1,1,company,5120,unrestricted,company,trained,original_exception,64,1.0,1.0,0.08297906816005707,1.0,0.0013768560020253062,1.0,0.060405880212783813
1,1,company,5120,unrestricted,company,trained,ordinary,960,1.0,1.0,0.054132405668497086,1.0,0.0013768558856099844,0.9947916666666666,0.02058149129152298
1,1,company,5120,unrestricted,company,heldout,all,1024,0.998046875,0.998046875,0.07125595957040787,1.0,0.0013768560020253062,0.9931640625,0.03471548855304718
1,1,company,5120,unrestricted,company,heldout,original_exception,64,1.0,1.0,0.1394939422607422,1.0,0.0013768560020253062,1.0,0.044838204979896545
1,1,company,5120,unrestricted,company,heldout,ordinary,960,0.9979166666666667,0.9979166666666667,0.06670676916837692,1.0,0.0013768560020253062,0.9927083333333333,0.03404064476490021
1,1,company,5120,unrestricted,project,all,all,2048,0.984375,0.984375,0.13157910108566284,1.0,0.0013976379996165633,0.90478515625,0.36957162618637085
1,1,company,5120,unrestricted,project,all,original_exception,128,0.96875,0.96875,0.22717800736427307,1.0,0.0013976379996165633,0.7265625,0.9584200382232666
1,1,company,5120,unrestricted,project,all,ordinary,1920,0.9854166666666667,0.9854166666666667,0.12520582973957062,1.0,0.0013976379996165633,0.9166666666666666,0.33031508326530457
1,1,company,5120,unrestricted,project,trained,all,1024,0.986328125,0.986328125,0.1107429713010788,1.0,0.0013976379996165633,0.8984375,0.3774207830429077
1,1,company,5120,unrestricted,project,trained,original_exception,64,1.0,1.0,0.11811631172895432,1.0,0.0013976379996165633,0.53125,1.5966081619262695
1,1,company,5120,unrestricted,project,trained,ordinary,960,0.9854166666666667,0.9854166666666667,0.11025141179561615,1.0,0.0013976379996165633,0.9229166666666667,0.2961416244506836
1,1,company,5120,unrestricted,project,heldout,all,1024,0.982421875,0.982421875,0.1524152308702469,1.0,0.0013976378832012415,0.9111328125,0.361722469329834
1,1,company,5120,unrestricted,project,heldout,original_exception,64,0.9375,0.9375,0.33623969554901123,1.0,0.0013976378832012415,0.921875,0.3202321529388428
1,1,company,5120,unrestricted,project,heldout,ordinary,960,0.9854166666666667,0.9854166666666667,0.14016026258468628,1.0,0.0013976379996165633,0.9104166666666667,0.36448854207992554
1,1,company,5120,isolated,company,all,all,2048,0.9951171875,0.9951171875,0.049150146543979645,1.0,0.0006824164884164929,0.9931640625,0.030270347371697426
1,1,company,5120,isolated,company,all,original_exception,128,0.96875,0.96875,0.17982733249664307,1.0,0.0006824164884164929,0.9375,0.25936269760131836
1,1,company,5120,isolated,company,all,ordinary,1920,0.996875,0.996875,0.04043833538889885,1.0,0.0006824164884164929,0.996875,0.014997524209320545
1,1,company,5120,isolated,company,trained,all,1024,0.9970703125,0.9970703125,0.03629998117685318,1.0,0.0006824164884164929,0.9921875,0.03489314019680023
1,1,company,5120,isolated,company,trained,original_exception,64,0.984375,0.984375,0.0612909197807312,1.0,0.0006824164884164929,0.890625,0.46956467628479004
1,1,company,5120,isolated,company,trained,ordinary,960,0.9979166666666667,0.9979166666666667,0.03463391959667206,1.0,0.0006824164884164929,0.9989583333333333,0.0059150392189621925
1,1,company,5120,isolated,company,heldout,all,1024,0.9931640625,0.9931640625,0.06200031191110611,1.0,0.0006824164884164929,0.994140625,0.02564755454659462
1,1,company,5120,isolated,company,heldout,original_exception,64,0.953125,0.953125,0.29836374521255493,1.0,0.0006824164884164929,0.984375,0.049160707741975784
1,1,company,5120,isolated,company,heldout,ordinary,960,0.9958333333333333,0.9958333333333333,0.04624275118112564,1.0,0.000682416430208832,0.9947916666666666,0.024080008268356323
1,1,company,5120,isolated,project,all,all,2048,0.99658203125,0.99658203125,0.05775168538093567,1.0,0.0006241817027330399,0.99267578125,0.02517503872513771
1,1,company,5120,isolated,project,all,original_exception,128,0.9765625,0.9765625,0.12188847362995148,1.0,0.0006241816445253789,0.8984375,0.2876521348953247
1,1,company,5120,isolated,project,all,ordinary,1920,0.9979166666666667,0.9979166666666667,0.05347590148448944,1.0,0.0006241817027330399,0.9989583333333333,0.007676567416638136
1,1,company,5120,isolated,project,trained,all,1024,0.9970703125,0.9970703125,0.05283428728580475,1.0,0.0006241816445253789,0.98828125,0.035284411162137985
1,1,company,5120,isolated,project,trained,original_exception,64,1.0,1.0,0.08058001101016998,1.0,0.0006241817027330399,0.8125,0.5059734582901001
1,1,company,5120,isolated,project,trained,ordinary,960,0.996875,0.996875,0.05098457634449005,1.0,0.0006241816445253789,1.0,0.0039051419589668512
1,1,company,5120,isolated,project,heldout,all,1024,0.99609375,0.99609375,0.06266908347606659,1.0,0.000624181586317718,0.9970703125,0.015065670013427734
1,1,company,5120,isolated,project,heldout,original_exception,64,0.953125,0.953125,0.16319693624973297,1.0,0.0006241816445253789,0.984375,0.06933081150054932
1,1,company,5120,isolated,project,heldout,ordinary,960,0.9989583333333333,0.9989583333333333,0.05596722662448883,1.0,0.0006241817027330399,0.9979166666666667,0.011447993107140064
1,1,company,10240,unrestricted,company,all,all,2048,0.95703125,0.95703125,0.06683875620365143,1.0,0.00019603551481850445,0.98974609375,0.042100079357624054
1,1,company,10240,unrestricted,company,all,original_exception,128,0.921875,0.921875,0.17260444164276123,1.0,0.00019603552937041968,0.953125,0.14043045043945312
1,1,company,10240,unrestricted,company,all,ordinary,1920,0.959375,0.959375,0.05978770554065704,1.0,0.00019603551481850445,0.9921875,0.03554471954703331
1,1,company,10240,unrestricted,company,trained,all,1024,0.9658203125,0.9658203125,0.05406688153743744,1.0,0.00019603551481850445,0.990234375,0.028206344693899155
1,1,company,10240,unrestricted,company,trained,original_exception,64,0.9375,0.9375,0.1294519007205963,1.0,0.00019603551481850445,0.90625,0.25274017453193665
1,1,company,10240,unrestricted,company,trained,ordinary,960,0.9677083333333333,0.9677083333333333,0.04904120787978172,1.0,0.00019603551481850445,0.9958333333333333,0.013237426057457924
1,1,company,10240,unrestricted,company,heldout,all,1024,0.9482421875,0.9482421875,0.07961062341928482,1.0,0.00019603552937041968,0.9892578125,0.05599380284547806
1,1,company,10240,unrestricted,company,heldout,original_exception,64,0.90625,0.90625,0.21575693786144257,1.0,0.00019603551481850445,1.0,0.028120718896389008
1,1,company,10240,unrestricted,company,heldout,ordinary,960,0.9510416666666667,0.9510416666666667,0.07053420692682266,1.0,0.00019603551481850445,0.9885416666666667,0.05785200744867325
1,1,company,10240,unrestricted,project,all,all,2048,0.98876953125,0.98876953125,0.04392668977379799,1.0,0.0002529520425014198,0.90380859375,0.3952166438102722
1,1,company,10240,unrestricted,project,all,original_exception,128,0.9765625,0.9765625,0.12332828342914581,1.0,0.0002529520425014198,0.78125,1.0641778707504272
1,1,company,10240,unrestricted,project,all,ordinary,1920,0.9895833333333334,0.9895833333333334,0.03863324970006943,1.0,0.0002529520425014198,0.9119791666666667,0.35061919689178467
1,1,company,10240,unrestricted,project,trained,all,1024,0.9921875,0.9921875,0.03392048180103302,1.0,0.0002529520425014198,0.9052734375,0.39718660712242126
1,1,company,10240,unrestricted,project,trained,original_exception,64,0.984375,0.984375,0.040019676089286804,1.0,0.0002529520425014198,0.75,1.1907100677490234
1,1,company,10240,unrestricted,project,trained,ordinary,960,0.9927083333333333,0.9927083333333333,0.0335138663649559,1.0,0.0002529520425014198,0.915625,0.3442850410938263
1,1,company,10240,unrestricted,project,heldout,all,1024,0.9853515625,0.9853515625,0.053932905197143555,1.0,0.0002529520425014198,0.90234375,0.393246591091156
1,1,company,10240,unrestricted,project,heldout,original_exception,64,0.96875,0.96875,0.20663687586784363,1.0,0.0002529520425014198,0.8125,0.937645673751831
1,1,company,10240,unrestricted,project,heldout,ordinary,960,0.9864583333333333,0.9864583333333333,0.04375263303518295,1.0,0.0002529520425014198,0.9083333333333333,0.35695332288742065
1,1,company,10240,isolated,company,all,all,2048,0.99609375,0.99609375,0.02296193689107895,1.0,8.251908730017021e-05,0.99609375,0.015609895810484886
1,1,company,10240,isolated,company,all,original_exception,128,0.9921875,0.9921875,0.039523907005786896,1.0,8.25190800242126e-05,0.9765625,0.12512798607349396
1,1,company,10240,isolated,company,all,ordinary,1920,0.9963541666666667,0.9963541666666667,0.02185780555009842,1.0,8.251908730017021e-05,0.9973958333333334,0.008308692835271358
1,1,company,10240,isolated,company,trained,all,1024,0.99609375,0.99609375,0.031050870195031166,1.0,8.25190800242126e-05,0.9970703125,0.014545906335115433
1,1,company,10240,isolated,company,trained,original_exception,64,1.0,1.0,0.034731674939394,1.0,8.25190800242126e-05,0.984375,0.16681531071662903
1,1,company,10240,isolated,company,trained,ordinary,960,0.9958333333333333,0.9958333333333333,0.03080548718571663,1.0,8.251908730017021e-05,0.9979166666666667,0.004394614603370428
1,1,company,10240,isolated,company,heldout,all,1024,0.99609375,0.99609375,0.014873005449771881,1.0,8.25190800242126e-05,0.9951171875,0.01667388714849949
1,1,company,10240,isolated,company,heldout,original_exception,64,0.984375,0.984375,0.044316139072179794,1.0,8.25190800242126e-05,0.96875,0.08344064652919769
1,1,company,10240,isolated,company,heldout,ordinary,960,0.996875,0.996875,0.012910130433738232,1.0,8.251908730017021e-05,0.996875,0.012222771532833576
1,1,company,10240,isolated,project,all,all,2048,0.99853515625,0.99853515625,0.00935246143490076,1.0,5.724643051507883e-05,0.9951171875,0.01651611551642418
1,1,company,10240,isolated,project,all,original_exception,128,0.9921875,0.9921875,0.047951217740774155,1.0,5.724643051507883e-05,0.984375,0.0759437307715416
1,1,company,10240,isolated,project,all,ordinary,1920,0.9989583333333333,0.9989583333333333,0.006779210641980171,1.0,5.724643051507883e-05,0.9958333333333333,0.012554272077977657
1,1,company,10240,isolated,project,trained,all,1024,0.9990234375,0.9990234375,0.005597395822405815,1.0,5.724643051507883e-05,1.0,0.007080324459820986
1,1,company,10240,isolated,project,trained,original_exception,64,1.0,1.0,0.015064461156725883,1.0,5.724643051507883e-05,1.0,0.05314458906650543
1,1,company,10240,isolated,project,trained,ordinary,960,0.9989583333333333,0.9989583333333333,0.004966258071362972,1.0,5.724642687710002e-05,1.0,0.004009374417364597
1,1,company,10240,isolated,project,heldout,all,1024,0.998046875,0.998046875,0.013107525184750557,1.0,5.724643051507883e-05,0.990234375,0.02595190331339836
1,1,company,10240,isolated,project,heldout,original_exception,64,0.984375,0.984375,0.08083798736333847,1.0,5.7246434153057635e-05,0.96875,0.09874287992715836
1,1,company,10240,isolated,project,heldout,ordinary,960,0.9989583333333333,0.9989583333333333,0.00859216321259737,1.0,5.724642687710002e-05,0.9916666666666667,0.021099170669913292
1,1,company,15360,unrestricted,company,all,all,2048,0.99755859375,0.99755859375,0.012563982047140598,1.0,2.275690349051729e-05,0.9970703125,0.013481374830007553
1,1,company,15360,unrestricted,company,all,original_exception,128,0.96875,0.96875,0.08230457454919815,1.0,2.275690349051729e-05,0.96875,0.08898542076349258
1,1,company,15360,unrestricted,company,all,ordinary,1920,0.9994791666666667,0.9994791666666667,0.007914609275758266,1.0,2.275690349051729e-05,0.9989583333333333,0.008447771891951561
1,1,company,15360,unrestricted,company,trained,all,1024,0.9990234375,0.9990234375,0.007721645291894674,1.0,2.2756901671527885e-05,0.998046875,0.009822126477956772
1,1,company,15360,unrestricted,company,trained,original_exception,64,0.984375,0.984375,0.06607824563980103,1.0,2.275690349051729e-05,0.96875,0.10938116908073425
1,1,company,15360,unrestricted,company,trained,ordinary,960,1.0,1.0,0.0038312047254294157,1.0,2.2756901671527885e-05,1.0,0.00318485707975924
1,1,company,15360,unrestricted,company,heldout,all,1024,0.99609375,0.99609375,0.017406320199370384,1.0,2.2756901671527885e-05,0.99609375,0.017140623182058334
1,1,company,15360,unrestricted,company,heldout,original_exception,64,0.953125,0.953125,0.09853091090917587,1.0,2.275690349051729e-05,0.96875,0.06858967244625092
1,1,company,15360,unrestricted,company,heldout,ordinary,960,0.9989583333333333,0.9989583333333333,0.011998013593256474,1.0,2.2756901671527885e-05,0.9979166666666667,0.01371068600565195
1,1,company,15360,unrestricted,project,all,all,2048,0.99951171875,0.99951171875,0.006588086485862732,1.0,3.693484904943034e-05,0.99072265625,0.036250852048397064
1,1,company,15360,unrestricted,project,all,original_exception,128,1.0,1.0,0.03022492304444313,1.0,3.693485268740915e-05,0.9609375,0.166663259267807
1,1,company,15360,unrestricted,project,all,ordinary,1920,0.9994791666666667,0.9994791666666667,0.0050122966058552265,1.0,3.693484904943034e-05,0.9927083333333333,0.027556689456105232
1,1,company,15360,unrestricted,project,trained,all,1024,0.9990234375,0.9990234375,0.005638663191348314,1.0,3.693484904943034e-05,0.9931640625,0.027368903160095215
1,1,company,15360,unrestricted,project,trained,original_exception,64,1.0,1.0,0.011389454826712608,1.0,3.693484904943034e-05,0.984375,0.10893657058477402
1,1,company,15360,unrestricted,project,trained,ordinary,960,0.9989583333333333,0.9989583333333333,0.005255276802927256,1.0,3.6934856325387955e-05,0.99375,0.021931059658527374
1,1,company,15360,unrestricted,project,heldout,all,1024,1.0,1.0,0.007537509314715862,1.0,3.693484904943034e-05,0.98828125,0.045132800936698914
1,1,company,15360,unrestricted,project,heldout,original_exception,64,1.0,1.0,0.0490603931248188,1.0,3.693485268740915e-05,0.9375,0.22438998520374298
1,1,company,15360,unrestricted,project,heldout,ordinary,960,1.0,1.0,0.004769316874444485,1.0,3.693485268740915e-05,0.9916666666666667,0.03318231925368309
1,1,company,15360,isolated,company,all,all,2048,0.99755859375,0.99755859375,0.009072582237422466,1.0,4.185944271739572e-05,0.99853515625,0.005785745568573475
1,1,company,15360,isolated,company,all,original_exception,128,0.984375,0.984375,0.06399981677532196,1.0,4.185944271739572e-05,1.0,0.008175020106136799
1,1,company,15360,isolated,company,all,ordinary,1920,0.9984375,0.9984375,0.0054107666946947575,1.0,4.185944271739572e-05,0.9984375,0.005626461002975702
1,1,company,15360,isolated,company,trained,all,1024,0.9970703125,0.9970703125,0.009488049894571304,1.0,4.185944271739572e-05,1.0,0.0014043431729078293
1,1,company,15360,isolated,company,trained,original_exception,64,0.984375,0.984375,0.050929732620716095,1.0,4.185944271739572e-05,1.0,0.009356343187391758
1,1,company,15360,isolated,company,trained,ordinary,960,0.9979166666666667,0.9979166666666667,0.006725272163748741,1.0,4.1859439079416916e-05,1.0,0.0008742097415961325
1,1,company,15360,isolated,company,heldout,all,1024,0.998046875,0.998046875,0.008657114580273628,1.0,4.1859439079416916e-05,0.9970703125,0.01016714796423912
1,1,company,15360,isolated,company,heldout,original_exception,64,0.984375,0.984375,0.07706989347934723,1.0,4.185944271739572e-05,1.0,0.0069936965592205524
1,1,company,15360,isolated,company,heldout,ordinary,960,0.9989583333333333,0.9989583333333333,0.004096262156963348,1.0,4.185944271739572e-05,0.996875,0.010378711856901646
1,1,company,15360,isolated,project,all,all,2048,0.99951171875,0.99951171875,0.009248591028153896,1.0,0.0008473541238345206,0.99951171875,0.004096474498510361
1,1,company,15360,isolated,project,all,original_exception,128,0.9921875,0.9921875,0.054253317415714264,1.0,0.0008473541238345206,0.9921875,0.03920959681272507
1,1,company,15360,isolated,project,all,ordinary,1920,1.0,1.0,0.006248275749385357,1.0,0.0008473541820421815,1.0,0.001755600213073194
1,1,company,15360,isolated,project,trained,all,1024,1.0,1.0,0.005791744217276573,1.0,0.0008473541820421815,1.0,0.0024815956130623817
1,1,company,15360,isolated,project,trained,original_exception,64,1.0,1.0,0.0066113523207604885,1.0,0.0008473541238345206,1.0,0.022699516266584396
1,1,company,15360,isolated,project,trained,ordinary,960,1.0,1.0,0.00573710398748517,1.0,0.0008473541820421815,1.0,0.001133734011091292
1,1,company,15360,isolated,project,heldout,all,1024,0.9990234375,0.9990234375,0.01270543783903122,1.0,0.0008473541820421815,0.9990234375,0.005711354315280914
1,1,company,15360,isolated,project,heldout,original_exception,64,0.984375,0.984375,0.1018952876329422,1.0,0.0008473541238345206,0.984375,0.05571966990828514
1,1,company,15360,isolated,project,heldout,ordinary,960,1.0,1.0,0.006759448442608118,1.0,0.0008473541820421815,1.0,0.0023774660658091307
1,1,project,0,unrestricted,company,all,all,2048,0.0,0.0,8.5427885055542,0.0,8.654390335083008,0.0,8.626516342163086
1,1,project,0,unrestricted,company,all,original_exception,128,0.0,0.0,8.532435417175293,0.0,8.654390335083008,0.0,8.625253677368164
1,1,project,0,unrestricted,company,all,ordinary,1920,0.0,0.0,8.543478012084961,0.0,8.654390335083008,0.0,8.62660026550293
1,1,project,0,unrestricted,company,trained,all,1024,0.0,0.0,8.544768333435059,0.0,8.654390335083008,0.0,8.628416061401367
1,1,project,0,unrestricted,company,trained,original_exception,64,0.0,0.0,8.518533706665039,0.0,8.654390335083008,0.0,8.642560958862305
1,1,project,0,unrestricted,company,trained,ordinary,960,0.0,0.0,8.546517372131348,0.0,8.654390335083008,0.0,8.627473831176758
1,1,project,0,unrestricted,company,heldout,all,1024,0.0,0.0,8.540809631347656,0.0,8.654390335083008,0.0,8.624614715576172
1,1,project,0,unrestricted,company,heldout,original_exception,64,0.0,0.0,8.546337127685547,0.0,8.654390335083008,0.0,8.607945442199707
1,1,project,0,unrestricted,company,heldout,ordinary,960,0.0,0.0,8.54043960571289,0.0,8.654390335083008,0.0,8.625726699829102
1,1,project,0,unrestricted,project,all,all,2048,0.0,0.0,8.578886032104492,0.0,8.622652053833008,0.0,8.624879837036133
1,1,project,0,unrestricted,project,all,original_exception,128,0.0,0.0,8.588142395019531,0.0,8.622652053833008,0.0,8.608966827392578
1,1,project,0,unrestricted,project,all,ordinary,1920,0.0,0.0,8.578269004821777,0.0,8.622652053833008,0.0,8.625941276550293
1,1,project,0,unrestricted,project,trained,all,1024,0.0,0.0,8.580347061157227,0.0,8.622652053833008,0.0,8.627655029296875
1,1,project,0,unrestricted,project,trained,original_exception,64,0.0,0.0,8.60090446472168,0.0,8.622652053833008,0.0,8.607507705688477
1,1,project,0,unrestricted,project,trained,ordinary,960,0.0,0.0,8.57897663116455,0.0,8.622652053833008,0.0,8.628997802734375
1,1,project,0,unrestricted,project,heldout,all,1024,0.0,0.0,8.57742691040039,0.0,8.622652053833008,0.0,8.622105598449707
1,1,project,0,unrestricted,project,heldout,original_exception,64,0.0,0.0,8.5753812789917,0.0,8.622652053833008,0.0,8.61042594909668
1,1,project,0,unrestricted,project,heldout,ordinary,960,0.0,0.0,8.577563285827637,0.0,8.622652053833008,0.0,8.622883796691895
1,1,project,0,isolated,company,all,all,2048,0.0,0.0,8.5427885055542,0.0,8.654390335083008,0.0,8.626516342163086
1,1,project,0,isolated,company,all,original_exception,128,0.0,0.0,8.532435417175293,0.0,8.654390335083008,0.0,8.625253677368164
1,1,project,0,isolated,company,all,ordinary,1920,0.0,0.0,8.543478012084961,0.0,8.654390335083008,0.0,8.62660026550293
1,1,project,0,isolated,company,trained,all,1024,0.0,0.0,8.544768333435059,0.0,8.654390335083008,0.0,8.628416061401367
1,1,project,0,isolated,company,trained,original_exception,64,0.0,0.0,8.518533706665039,0.0,8.654390335083008,0.0,8.642560958862305
1,1,project,0,isolated,company,trained,ordinary,960,0.0,0.0,8.546517372131348,0.0,8.654390335083008,0.0,8.627473831176758
1,1,project,0,isolated,company,heldout,all,1024,0.0,0.0,8.540809631347656,0.0,8.654390335083008,0.0,8.624614715576172
1,1,project,0,isolated,company,heldout,original_exception,64,0.0,0.0,8.546337127685547,0.0,8.654390335083008,0.0,8.607945442199707
1,1,project,0,isolated,company,heldout,ordinary,960,0.0,0.0,8.54043960571289,0.0,8.654390335083008,0.0,8.625726699829102
1,1,project,0,isolated,project,all,all,2048,0.0,0.0,8.578886032104492,0.0,8.622652053833008,0.0,8.624879837036133
1,1,project,0,isolated,project,all,original_exception,128,0.0,0.0,8.588142395019531,0.0,8.622652053833008,0.0,8.608966827392578
1,1,project,0,isolated,project,all,ordinary,1920,0.0,0.0,8.578269004821777,0.0,8.622652053833008,0.0,8.625941276550293
1,1,project,0,isolated,project,trained,all,1024,0.0,0.0,8.580347061157227,0.0,8.622652053833008,0.0,8.627655029296875
1,1,project,0,isolated,project,trained,original_exception,64,0.0,0.0,8.60090446472168,0.0,8.622652053833008,0.0,8.607507705688477
1,1,project,0,isolated,project,trained,ordinary,960,0.0,0.0,8.57897663116455,0.0,8.622652053833008,0.0,8.628997802734375
1,1,project,0,isolated,project,heldout,all,1024,0.0,0.0,8.57742691040039,0.0,8.622652053833008,0.0,8.622105598449707
1,1,project,0,isolated,project,heldout,original_exception,64,0.0,0.0,8.5753812789917,0.0,8.622652053833008,0.0,8.61042594909668
1,1,project,0,isolated,project,heldout,ordinary,960,0.0,0.0,8.577563285827637,0.0,8.622652053833008,0.0,8.622883796691895
1,1,project,1280,unrestricted,company,all,all,2048,0.0,0.0,8.03756332397461,1.0,0.1701030731201172,0.51708984375,2.1422533988952637
1,1,project,1280,unrestricted,company,all,original_exception,128,0.0,0.0,7.985586166381836,1.0,0.1701030731201172,0.15625,3.7864933013916016
1,1,project,1280,unrestricted,company,all,ordinary,1920,0.0,0.0,8.04102897644043,1.0,0.1701030731201172,0.5411458333333333,2.032637357711792
1,1,project,1280,unrestricted,company,trained,all,1024,0.0,0.0,8.114431381225586,1.0,0.1701030731201172,0.787109375,0.9613809585571289
1,1,project,1280,unrestricted,company,trained,original_exception,64,0.0,0.0,7.998258113861084,1.0,0.1701030731201172,0.0,4.457886695861816
1,1,project,1280,unrestricted,company,trained,ordinary,960,0.0,0.0,8.122176170349121,1.0,0.1701030731201172,0.8395833333333333,0.7282806634902954
1,1,project,1280,unrestricted,company,heldout,all,1024,0.0,0.0,7.960696220397949,1.0,0.1701030731201172,0.2470703125,3.3231258392333984
1,1,project,1280,unrestricted,company,heldout,original_exception,64,0.0,0.0,7.972914695739746,1.0,0.1701030731201172,0.3125,3.115100145339966
1,1,project,1280,unrestricted,company,heldout,ordinary,960,0.0,0.0,7.959881782531738,1.0,0.1701030731201172,0.24270833333333333,3.336993932723999
1,1,project,1280,unrestricted,project,all,all,2048,0.0,0.0,8.778585433959961,0.984375,0.5725064277648926,0.34619140625,3.0596749782562256
1,1,project,1280,unrestricted,project,all,original_exception,128,0.0,0.0,8.763520240783691,0.984375,0.5725064277648926,0.0,4.773504734039307
1,1,project,1280,unrestricted,project,all,ordinary,1920,0.0,0.0,8.779589653015137,0.984375,0.5725064873695374,0.3692708333333333,2.9454197883605957
1,1,project,1280,unrestricted,project,trained,all,1024,0.0,0.0,8.70673942565918,0.984375,0.5725064277648926,0.654296875,1.3196029663085938
1,1,project,1280,unrestricted,project,trained,original_exception,64,0.0,0.0,8.65566635131836,0.984375,0.5725064277648926,0.0,4.854015350341797
1,1,project,1280,unrestricted,project,trained,ordinary,960,0.0,0.0,8.71014404296875,0.984375,0.5725064873695374,0.6979166666666666,1.0839754343032837
1,1,project,1280,unrestricted,project,heldout,all,1024,0.0,0.0,8.850431442260742,0.984375,0.5725064277648926,0.0380859375,4.799747467041016
1,1,project,1280,unrestricted,project,heldout,original_exception,64,0.0,0.0,8.87137222290039,0.984375,0.5725064277648926,0.0,4.692994117736816
1,1,project,1280,unrestricted,project,heldout,ordinary,960,0.0,0.0,8.849035263061523,0.984375,0.5725064873695374,0.040625,4.806863784790039
1,1,project,1280,isolated,company,all,all,2048,0.00634765625,0.00634765625,4.899172306060791,1.0,0.14820003509521484,0.4873046875,2.1023030281066895
1,1,project,1280,isolated,company,all,original_exception,128,0.0078125,0.0078125,4.9639787673950195,1.0,0.14820006489753723,0.1484375,3.4645323753356934
1,1,project,1280,isolated,company,all,ordinary,1920,0.00625,0.00625,4.8948516845703125,1.0,0.14820004999637604,0.5098958333333333,2.0114874839782715
1,1,project,1280,isolated,company,trained,all,1024,0.0078125,0.0078125,4.865172386169434,1.0,0.14820006489753723,0.734375,1.0950112342834473
1,1,project,1280,isolated,company,trained,original_exception,64,0.015625,0.015625,4.93154239654541,1.0,0.14820006489753723,0.015625,3.92383074760437
1,1,project,1280,isolated,company,trained,ordinary,960,0.007291666666666667,0.007291666666666667,4.860748291015625,1.0,0.14820006489753723,0.7822916666666667,0.9064233303070068
1,1,project,1280,isolated,company,heldout,all,1024,0.0048828125,0.0048828125,4.93317174911499,1.0,0.14820003509521484,0.240234375,3.1095943450927734
1,1,project,1280,isolated,company,heldout,original_exception,64,0.0,0.0,4.996416091918945,1.0,0.14820004999637604,0.28125,3.0052342414855957
1,1,project,1280,isolated,company,heldout,ordinary,960,0.005208333333333333,0.005208333333333333,4.928955554962158,1.0,0.14820004999637604,0.2375,3.116551637649536
1,1,project,1280,isolated,project,all,all,2048,0.0,0.0,5.819068431854248,1.0,0.3096752166748047,0.529296875,1.9110803604125977
1,1,project,1280,isolated,project,all,original_exception,128,0.0,0.0,5.877626419067383,1.0,0.3096752166748047,0.140625,3.2102103233337402
1,1,project,1280,isolated,project,all,ordinary,1920,0.0,0.0,5.815164566040039,1.0,0.3096752166748047,0.5552083333333333,1.8244717121124268
1,1,project,1280,isolated,project,trained,all,1024,0.0,0.0,5.834627628326416,1.0,0.3096752166748047,0.7841796875,1.0557712316513062
1,1,project,1280,isolated,project,trained,original_exception,64,0.0,0.0,5.736640930175781,1.0,0.3096751868724823,0.015625,3.619873523712158
1,1,project,1280,isolated,project,trained,ordinary,960,0.0,0.0,5.841160297393799,1.0,0.3096751868724823,0.8354166666666667,0.8848311305046082
1,1,project,1280,isolated,project,heldout,all,1024,0.0,0.0,5.803509712219238,1.0,0.3096752166748047,0.2744140625,2.7663893699645996
1,1,project,1280,isolated,project,heldout,original_exception,64,0.0,0.0,6.01861047744751,1.0,0.3096751570701599,0.265625,2.8005471229553223
1,1,project,1280,isolated,project,heldout,ordinary,960,0.0,0.0,5.789169788360596,1.0,0.3096752166748047,0.275,2.7641122341156006
1,1,project,2560,unrestricted,company,all,all,2048,0.640625,0.640625,1.4276175498962402,1.0,0.01190823782235384,0.95166015625,0.23202574253082275
1,1,project,2560,unrestricted,company,all,original_exception,128,0.4296875,0.4296875,2.514338970184326,1.0,0.011908236891031265,0.3984375,2.497626304626465
1,1,project,2560,unrestricted,company,all,ordinary,1920,0.6546875,0.6546875,1.355169415473938,1.0,0.011908236891031265,0.9885416666666667,0.08098569512367249
1,1,project,2560,unrestricted,company,trained,all,1024,0.64453125,0.64453125,1.3689255714416504,1.0,0.011908236891031265,0.947265625,0.2537510395050049
1,1,project,2560,unrestricted,company,trained,original_exception,64,0.578125,0.578125,1.8458905220031738,1.0,0.011908236891031265,0.203125,3.38466477394104
1,1,project,2560,unrestricted,company,trained,ordinary,960,0.6489583333333333,0.6489583333333333,1.337127923965454,1.0,0.011908236891031265,0.996875,0.04502345994114876
1,1,project,2560,unrestricted,company,heldout,all,1024,0.63671875,0.63671875,1.48630952835083,1.0,0.011908236891031265,0.9560546875,0.21030044555664062
1,1,project,2560,unrestricted,company,heldout,original_exception,64,0.28125,0.28125,3.1827874183654785,1.0,0.011908236891031265,0.59375,1.6105878353118896
1,1,project,2560,unrestricted,company,heldout,ordinary,960,0.6604166666666667,0.6604166666666667,1.3732110261917114,1.0,0.011908236891031265,0.9802083333333333,0.11694793403148651
1,1,project,2560,unrestricted,project,all,all,2048,0.00537109375,0.00537109375,7.619654655456543,1.0,0.016630876809358597,0.11767578125,4.239241600036621
1,1,project,2560,unrestricted,project,all,original_exception,128,0.0,0.0,7.870718955993652,1.0,0.016630876809358597,0.0703125,4.819676399230957
1,1,project,2560,unrestricted,project,all,ordinary,1920,0.005729166666666666,0.005729166666666666,7.602916240692139,1.0,0.016630876809358597,0.12083333333333333,4.200545787811279
1,1,project,2560,unrestricted,project,trained,all,1024,0.0048828125,0.0048828125,7.559513092041016,1.0,0.016630876809358597,0.126953125,4.028240203857422
1,1,project,2560,unrestricted,project,trained,original_exception,64,0.0,0.0,7.679930686950684,1.0,0.016630876809358597,0.046875,5.212514877319336
1,1,project,2560,unrestricted,project,trained,ordinary,960,0.005208333333333333,0.005208333333333333,7.551485061645508,1.0,0.016630876809358597,0.13229166666666667,3.9492883682250977
1,1,project,2560,unrestricted,project,heldout,all,1024,0.005859375,0.005859375,7.679795742034912,1.0,0.016630876809358597,0.1083984375,4.45024299621582
1,1,project,2560,unrestricted,project,heldout,original_exception,64,0.0,0.0,8.061508178710938,1.0,0.016630876809358597,0.09375,4.426837921142578
1,1,project,2560,unrestricted,project,heldout,ordinary,960,0.00625,0.00625,7.654348373413086,1.0,0.016630876809358597,0.109375,4.451803207397461
1,1,project,2560,isolated,company,all,all,2048,0.72265625,0.72265625,1.029481291770935,1.0,0.01050861831754446,0.96337890625,0.19123686850070953
1,1,project,2560,isolated,company,all,original_exception,128,0.5,0.5,1.9340550899505615,1.0,0.010508619248867035,0.4453125,2.5312421321868896
1,1,project,2560,isolated,company,all,ordinary,1920,0.7375,0.7375,0.9691763520240784,1.0,0.01050861831754446,0.9979166666666667,0.03523652255535126
1,1,project,2560,isolated,company,trained,all,1024,0.7236328125,0.7236328125,0.9492276906967163,1.0,0.010508619248867035,0.94921875,0.2609604001045227
1,1,project,2560,isolated,company,trained,original_exception,64,0.609375,0.609375,1.345213532447815,1.0,0.01050861831754446,0.1875,3.828742504119873
1,1,project,2560,isolated,company,trained,ordinary,960,0.73125,0.73125,0.9228286147117615,1.0,0.01050861831754446,1.0,0.023108264431357384
1,1,project,2560,isolated,company,heldout,all,1024,0.7216796875,0.7216796875,1.1097350120544434,1.0,0.010508619248867035,0.9775390625,0.12151332199573517
1,1,project,2560,isolated,company,heldout,original_exception,64,0.390625,0.390625,2.5228967666625977,1.0,0.010508619248867035,0.703125,1.2337415218353271
1,1,project,2560,isolated,company,heldout,ordinary,960,0.74375,0.74375,1.0155242681503296,1.0,0.01050861831754446,0.9958333333333333,0.04736477881669998
1,1,project,2560,isolated,project,all,all,2048,0.7900390625,0.7900390625,0.8471863269805908,1.0,0.011279745027422905,0.953125,0.22597461938858032
1,1,project,2560,isolated,project,all,original_exception,128,0.53125,0.53125,1.7972683906555176,1.0,0.011279745027422905,0.40625,2.743142604827881
1,1,project,2560,isolated,project,all,ordinary,1920,0.8072916666666666,0.8072916666666666,0.7838475704193115,1.0,0.01127974595874548,0.9895833333333334,0.05816343054175377
1,1,project,2560,isolated,project,trained,all,1024,0.7880859375,0.7880859375,0.7932853698730469,1.0,0.011279745027422905,0.9462890625,0.28590127825737
1,1,project,2560,isolated,project,trained,original_exception,64,0.640625,0.640625,1.2074952125549316,1.0,0.011279745027422905,0.171875,4.034737586975098
1,1,project,2560,isolated,project,trained,ordinary,960,0.7979166666666667,0.7979166666666667,0.76567143201828,1.0,0.01127974595874548,0.9979166666666667,0.03597886115312576
1,1,project,2560,isolated,project,heldout,all,1024,0.7919921875,0.7919921875,0.9010872840881348,1.0,0.011279745027422905,0.9599609375,0.16604793071746826
1,1,project,2560,isolated,project,heldout,original_exception,64,0.421875,0.421875,2.3870413303375244,1.0,0.011279745027422905,0.640625,1.4515469074249268
1,1,project,2560,isolated,project,heldout,ordinary,960,0.8166666666666667,0.8166666666666667,0.802023708820343,1.0,0.01127974595874548,0.98125,0.08034799993038177
1,1,project,5120,unrestricted,company,all,all,2048,0.9931640625,0.9931640625,0.07141124457120895,1.0,0.0008868894074112177,0.98681640625,0.048646390438079834
1,1,project,5120,unrestricted,company,all,original_exception,128,0.9765625,0.9765625,0.15644338726997375,1.0,0.0008868895238265395,0.8203125,0.48810142278671265
1,1,project,5120,unrestricted,company,all,ordinary,1920,0.9942708333333333,0.9942708333333333,0.06574244052171707,1.0,0.0008868894074112177,0.9979166666666667,0.019349392503499985
1,1,project,5120,unrestricted,company,trained,all,1024,0.99609375,0.99609375,0.06151232868432999,1.0,0.0008868894656188786,0.98046875,0.060103803873062134
1,1,project,5120,unrestricted,company,trained,original_exception,64,1.0,1.0,0.0857730507850647,1.0,0.0008868894656188786,0.703125,0.7856899499893188
1,1,project,5120,unrestricted,company,trained,ordinary,960,0.9958333333333333,0.9958333333333333,0.059894952923059464,1.0,0.0008868894656188786,0.9989583333333333,0.011731386184692383
1,1,project,5120,unrestricted,company,heldout,all,1024,0.990234375,0.990234375,0.08131016045808792,1.0,0.0008868895238265395,0.9931640625,0.03718898445367813
1,1,project,5120,unrestricted,company,heldout,original_exception,64,0.953125,0.953125,0.2271137237548828,1.0,0.0008868894074112177,0.9375,0.19051280617713928
1,1,project,5120,unrestricted,company,heldout,ordinary,960,0.9927083333333333,0.9927083333333333,0.07158992439508438,1.0,0.0008868894656188786,0.996875,0.026967398822307587
1,1,project,5120,unrestricted,project,all,all,2048,0.763671875,0.763671875,1.0673785209655762,1.0,0.0009728660807013512,0.85693359375,0.504685640335083
1,1,project,5120,unrestricted,project,all,original_exception,128,0.7578125,0.7578125,1.1110970973968506,1.0,0.0009728660807013512,0.9609375,0.1637081652879715
1,1,project,5120,unrestricted,project,all,ordinary,1920,0.7640625,0.7640625,1.0644639730453491,1.0,0.0009728660807013512,0.85,0.5274174809455872
1,1,project,5120,unrestricted,project,trained,all,1024,0.7490234375,0.7490234375,1.1254674196243286,1.0,0.0009728660224936903,0.9072265625,0.340353399515152
1,1,project,5120,unrestricted,project,trained,original_exception,64,0.765625,0.765625,1.0340639352798462,1.0,0.0009728660807013512,0.9375,0.20613515377044678
1,1,project,5120,unrestricted,project,trained,ordinary,960,0.7479166666666667,0.7479166666666667,1.131561040878296,1.0,0.0009728660224936903,0.9052083333333333,0.349301278591156
1,1,project,5120,unrestricted,project,heldout,all,1024,0.7783203125,0.7783203125,1.0092897415161133,1.0,0.0009728660224936903,0.806640625,0.6690179705619812
1,1,project,5120,unrestricted,project,heldout,original_exception,64,0.75,0.75,1.1881303787231445,1.0,0.0009728660807013512,0.984375,0.12128116190433502
1,1,project,5120,unrestricted,project,heldout,ordinary,960,0.7802083333333333,0.7802083333333333,0.9973670244216919,1.0,0.0009728660224936903,0.7947916666666667,0.7055337429046631
1,1,project,5120,isolated,company,all,all,2048,0.9931640625,0.9931640625,0.05348177254199982,1.0,0.0006709389854222536,0.9970703125,0.018158966675400734
1,1,project,5120,isolated,company,all,original_exception,128,0.953125,0.953125,0.2695711851119995,1.0,0.0006709389854222536,0.96875,0.13643527030944824
1,1,project,5120,isolated,company,all,ordinary,1920,0.9958333333333333,0.9958333333333333,0.039075810462236404,1.0,0.0006709389272145927,0.9989583333333333,0.010273882187902927
1,1,project,5120,isolated,company,trained,all,1024,0.9951171875,0.9951171875,0.03489363193511963,1.0,0.0006709389854222536,0.99609375,0.02043265476822853
1,1,project,5120,isolated,company,trained,original_exception,64,1.0,1.0,0.04123849794268608,1.0,0.0006709389854222536,0.9375,0.2523910403251648
1,1,project,5120,isolated,company,trained,ordinary,960,0.9947916666666666,0.9947916666666666,0.034470636397600174,1.0,0.0006709389272145927,1.0,0.004968762863427401
1,1,project,5120,isolated,company,heldout,all,1024,0.9912109375,0.9912109375,0.0720699205994606,1.0,0.0006709389854222536,0.998046875,0.015885278582572937
1,1,project,5120,isolated,company,heldout,original_exception,64,0.90625,0.90625,0.49790388345718384,1.0,0.0006709389854222536,1.0,0.020479479804635048
1,1,project,5120,isolated,company,heldout,ordinary,960,0.996875,0.996875,0.04368098825216293,1.0,0.0006709389854222536,0.9979166666666667,0.015578999184072018
1,1,project,5120,isolated,project,all,all,2048,0.99560546875,0.99560546875,0.056750595569610596,1.0,0.0007302811136469245,0.98876953125,0.03994344174861908
1,1,project,5120,isolated,project,all,original_exception,128,0.96875,0.96875,0.1317550539970398,1.0,0.0007302811136469245,0.8671875,0.4527473449707031
1,1,project,5120,isolated,project,all,ordinary,1920,0.9973958333333334,0.9973958333333334,0.051750298589468,1.0,0.0007302811136469245,0.996875,0.012423179112374783
1,1,project,5120,isolated,project,trained,all,1024,0.99609375,0.99609375,0.05118464678525925,1.0,0.0007302811136469245,0.982421875,0.0583442822098732
1,1,project,5120,isolated,project,trained,original_exception,64,0.96875,0.96875,0.10931389778852463,1.0,0.0007302811136469245,0.734375,0.8410139679908752
1,1,project,5120,isolated,project,trained,ordinary,960,0.9979166666666667,0.9979166666666667,0.047309357672929764,1.0,0.0007302811136469245,0.9989583333333333,0.006166303530335426
1,1,project,5120,isolated,project,heldout,all,1024,0.9951171875,0.9951171875,0.062316540628671646,1.0,0.0007302811136469245,0.9951171875,0.021542595699429512
1,1,project,5120,isolated,project,heldout,original_exception,64,0.96875,0.96875,0.15419618785381317,1.0,0.0007302811136469245,1.0,0.0644807368516922
1,1,project,5120,isolated,project,heldout,ordinary,960,0.996875,0.996875,0.056191228330135345,1.0,0.0007302811136469245,0.9947916666666666,0.01868005469441414
1,1,project,10240,unrestricted,company,all,all,2048,0.9970703125,0.9970703125,0.014637922868132591,1.0,7.528009155066684e-05,0.99365234375,0.025340165942907333
1,1,project,10240,unrestricted,company,all,original_exception,128,0.9921875,0.9921875,0.03373166546225548,1.0,7.528009882662445e-05,0.953125,0.17532509565353394
1,1,project,10240,unrestricted,company,all,ordinary,1920,0.9973958333333334,0.9973958333333334,0.013365006074309349,1.0,7.528009155066684e-05,0.9963541666666667,0.01534117292612791
1,1,project,10240,unrestricted,company,trained,all,1024,0.9970703125,0.9970703125,0.012629251927137375,1.0,7.528009882662445e-05,0.9931640625,0.0289984792470932
1,1,project,10240,unrestricted,company,trained,original_exception,64,0.984375,0.984375,0.03306365758180618,1.0,7.528009882662445e-05,0.921875,0.2973777651786804
1,1,project,10240,unrestricted,company,trained,ordinary,960,0.9979166666666667,0.9979166666666667,0.011266959831118584,1.0,7.528009155066684e-05,0.9979166666666667,0.011106527410447598
1,1,project,10240,unrestricted,company,heldout,all,1024,0.9970703125,0.9970703125,0.01664659194648266,1.0,7.528009155066684e-05,0.994140625,0.021681856364011765
1,1,project,10240,unrestricted,company,heldout,original_exception,64,1.0,1.0,0.03439967706799507,1.0,7.528009155066684e-05,0.984375,0.05327242240309715
1,1,project,10240,unrestricted,company,heldout,ordinary,960,0.996875,0.996875,0.015463052317500114,1.0,7.528009155066684e-05,0.9947916666666666,0.01957581751048565
1,1,project,10240,unrestricted,project,all,all,2048,0.986328125,0.986328125,0.06781396269798279,1.0,0.00010107878188136965,0.9677734375,0.13766217231750488
1,1,project,10240,unrestricted,project,all,original_exception,128,0.96875,0.96875,0.12754949927330017,1.0,0.00010107878188136965,0.984375,0.09908443689346313
1,1,project,10240,unrestricted,project,all,ordinary,1920,0.9875,0.9875,0.06383159011602402,1.0,0.00010107878188136965,0.9666666666666667,0.14023402333259583
1,1,project,10240,unrestricted,project,trained,all,1024,0.9873046875,0.9873046875,0.06733433902263641,1.0,0.00010107878188136965,0.982421875,0.07851171493530273
1,1,project,10240,unrestricted,project,trained,original_exception,64,0.984375,0.984375,0.08418998122215271,1.0,0.00010107878915732726,1.0,0.03742000460624695
1,1,project,10240,unrestricted,project,trained,ordinary,960,0.9875,0.9875,0.06621064245700836,1.0,0.00010107878188136965,0.98125,0.08125115931034088
1,1,project,10240,unrestricted,project,heldout,all,1024,0.9853515625,0.9853515625,0.06829357892274857,1.0,0.00010107878188136965,0.953125,0.19681264460086823
1,1,project,10240,unrestricted,project,heldout,original_exception,64,0.953125,0.953125,0.17090901732444763,1.0,0.00010107878188136965,0.96875,0.16074888408184052
1,1,project,10240,unrestricted,project,heldout,ordinary,960,0.9875,0.9875,0.06145254895091057,1.0,0.00010107878188136965,0.9520833333333333,0.19921688735485077
1,1,project,10240,isolated,company,all,all,2048,0.99169921875,0.99169921875,0.03566335514187813,1.0,0.0001242210273630917,0.99560546875,0.012490147724747658
1,1,project,10240,isolated,company,all,original_exception,128,0.984375,0.984375,0.06403455138206482,1.0,0.0001242210273630917,0.953125,0.13408027589321136
1,1,project,10240,isolated,company,all,ordinary,1920,0.9921875,0.9921875,0.03377194330096245,1.0,0.0001242210273630917,0.9984375,0.004384138621389866
1,1,project,10240,isolated,company,trained,all,1024,0.990234375,0.990234375,0.033484071493148804,1.0,0.0001242210273630917,0.994140625,0.017520539462566376
1,1,project,10240,isolated,company,trained,original_exception,64,0.96875,0.96875,0.10053054988384247,1.0,0.0001242210273630917,0.9375,0.21324938535690308
1,1,project,10240,isolated,company,trained,ordinary,960,0.9916666666666667,0.9916666666666667,0.029014306142926216,1.0,0.0001242210273630917,0.9979166666666667,0.004471949767321348
1,1,project,10240,isolated,company,heldout,all,1024,0.9931640625,0.9931640625,0.03784263879060745,1.0,0.0001242210273630917,0.9970703125,0.007459754589945078
1,1,project,10240,isolated,company,heldout,original_exception,64,1.0,1.0,0.027538567781448364,1.0,0.0001242210273630917,0.96875,0.054911158978939056
1,1,project,10240,isolated,company,heldout,ordinary,960,0.9927083333333333,0.9927083333333333,0.03852957859635353,1.0,0.0001242210273630917,0.9989583333333333,0.004296327009797096
1,1,project,10240,isolated,project,all,all,2048,0.99853515625,0.99853515625,0.008674737066030502,1.0,0.00014745838416274637,0.998046875,0.01000169012695551
1,1,project,10240,isolated,project,all,original_exception,128,0.9921875,0.9921875,0.01862863078713417,1.0,0.0001474583987146616,0.984375,0.09618037939071655
1,1,project,10240,isolated,project,all,ordinary,1920,0.9989583333333333,0.9989583333333333,0.008011143654584885,1.0,0.00014745838416274637,0.9989583333333333,0.00425644451752305
1,1,project,10240,isolated,project,trained,all,1024,0.998046875,0.998046875,0.010601634159684181,1.0,0.00014745838416274637,0.9970703125,0.015107637271285057
1,1,project,10240,isolated,project,trained,original_exception,64,1.0,1.0,0.01531523372977972,1.0,0.0001474583987146616,0.96875,0.19013743102550507
1,1,project,10240,isolated,project,trained,ordinary,960,0.9979166666666667,0.9979166666666667,0.010287393815815449,1.0,0.00014745838416274637,0.9989583333333333,0.003438984276726842
1,1,project,10240,isolated,project,heldout,all,1024,0.9990234375,0.9990234375,0.006747839041054249,1.0,0.00014745838416274637,0.9990234375,0.004895743913948536
1,1,project,10240,isolated,project,heldout,original_exception,64,0.984375,0.984375,0.021942030638456345,1.0,0.0001474583987146616,1.0,0.0022233249619603157
1,1,project,10240,isolated,project,heldout,ordinary,960,1.0,1.0,0.005734892562031746,1.0,0.00014745838416274637,0.9989583333333333,0.005073904991149902
1,1,project,15360,unrestricted,company,all,all,2048,1.0,1.0,0.0011839056387543678,1.0,2.2970860300119966e-05,1.0,0.0013262887950986624
1,1,project,15360,unrestricted,company,all,original_exception,128,1.0,1.0,0.002397733274847269,1.0,2.2970860300119966e-05,1.0,0.00826413556933403
1,1,project,15360,unrestricted,company,all,ordinary,1920,1.0,1.0,0.0011029837187379599,1.0,2.2970860300119966e-05,1.0,0.00086376559920609
1,1,project,15360,unrestricted,company,trained,all,1024,1.0,1.0,0.0010735283140093088,1.0,2.2970860300119966e-05,1.0,0.0016579959774389863
1,1,project,15360,unrestricted,company,trained,original_exception,64,1.0,1.0,0.0015170664992183447,1.0,2.2970860300119966e-05,1.0,0.010178852826356888
1,1,project,15360,unrestricted,company,trained,ordinary,960,1.0,1.0,0.001043959055095911,1.0,2.2970860300119966e-05,1.0,0.0010899387998506427
1,1,project,15360,unrestricted,company,heldout,all,1024,1.0,1.0,0.001294282847084105,1.0,2.2970860300119966e-05,1.0,0.0009945813799276948
1,1,project,15360,unrestricted,company,heldout,original_exception,64,1.0,1.0,0.0032784005161374807,1.0,2.2970860300119966e-05,1.0,0.006349417380988598
1,1,project,15360,unrestricted,company,heldout,ordinary,960,1.0,1.0,0.0011620084987953305,1.0,2.2970860300119966e-05,1.0,0.0006375923985615373
1,1,project,15360,unrestricted,project,all,all,2048,0.99609375,0.99609375,0.0226266011595726,1.0,2.82601140497718e-05,0.998046875,0.007415603846311569
1,1,project,15360,unrestricted,project,all,original_exception,128,0.9765625,0.9765625,0.18728430569171906,1.0,2.82601140497718e-05,1.0,0.003223427338525653
1,1,project,15360,unrestricted,project,all,ordinary,1920,0.9973958333333334,0.9973958333333334,0.01164942141622305,1.0,2.82601140497718e-05,0.9979166666666667,0.007695083040744066
1,1,project,15360,unrestricted,project,trained,all,1024,0.9970703125,0.9970703125,0.02109355293214321,1.0,2.82601140497718e-05,1.0,0.004939183592796326
1,1,project,15360,unrestricted,project,trained,original_exception,64,0.984375,0.984375,0.17541544139385223,1.0,2.8260112230782397e-05,1.0,0.005419046152383089
1,1,project,15360,unrestricted,project,trained,ordinary,960,0.9979166666666667,0.9979166666666667,0.010805427096784115,1.0,2.8260112230782397e-05,1.0,0.004907192662358284
1,1,project,15360,unrestricted,project,heldout,all,1024,0.9951171875,0.9951171875,0.02415965124964714,1.0,2.82601140497718e-05,0.99609375,0.009892025031149387
1,1,project,15360,unrestricted,project,heldout,original_exception,64,0.96875,0.96875,0.19915315508842468,1.0,2.82601140497718e-05,1.0,0.0010278078261762857
1,1,project,15360,unrestricted,project,heldout,ordinary,960,0.996875,0.996875,0.012493419460952282,1.0,2.82601140497718e-05,0.9958333333333333,0.010482972487807274
1,1,project,15360,isolated,company,all,all,2048,0.99951171875,0.99951171875,0.003621307434514165,1.0,2.195791785197798e-05,0.998046875,0.010765804909169674
1,1,project,15360,isolated,company,all,original_exception,128,0.9921875,0.9921875,0.029937274754047394,1.0,2.1957916032988578e-05,0.9921875,0.05034869909286499
1,1,project,15360,isolated,company,all,ordinary,1920,1.0,1.0,0.0018669090932235122,1.0,2.1957916032988578e-05,0.9984375,0.008126945234835148
1,1,project,15360,isolated,company,trained,all,1024,1.0,1.0,0.0018832915229722857,1.0,2.1957916032988578e-05,0.9990234375,0.00841547641903162
1,1,project,15360,isolated,company,trained,original_exception,64,1.0,1.0,0.004280500579625368,1.0,2.1957916032988578e-05,0.984375,0.0986287072300911
1,1,project,15360,isolated,company,trained,ordinary,960,1.0,1.0,0.0017234775004908442,1.0,2.195791785197798e-05,1.0,0.0024012615904212
1,1,project,15360,isolated,company,heldout,all,1024,0.9990234375,0.9990234375,0.005359323229640722,1.0,2.1957916032988578e-05,0.9970703125,0.013116131536662579
1,1,project,15360,isolated,company,heldout,original_exception,64,0.984375,0.984375,0.0555940605700016,1.0,2.1957916032988578e-05,1.0,0.002068690489977598
1,1,project,15360,isolated,company,heldout,ordinary,960,1.0,1.0,0.002010340802371502,1.0,2.1957916032988578e-05,0.996875,0.013852626085281372
1,1,project,15360,isolated,project,all,all,2048,0.99560546875,0.99560546875,0.019655641168355942,1.0,0.000496770313475281,0.9970703125,0.008953388780355453
1,1,project,15360,isolated,project,all,original_exception,128,0.9921875,0.9921875,0.05643179267644882,1.0,0.000496770313475281,0.9921875,0.03407442197203636
1,1,project,15360,isolated,project,all,ordinary,1920,0.9958333333333333,0.9958333333333333,0.01720389723777771,1.0,0.000496770313475281,0.9973958333333334,0.007278652861714363
1,1,project,15360,isolated,project,trained,all,1024,0.99609375,0.99609375,0.019915107637643814,1.0,0.000496770313475281,0.9990234375,0.004264386370778084
1,1,project,15360,isolated,project,trained,original_exception,64,1.0,1.0,0.011087814345955849,1.0,0.000496770313475281,0.984375,0.0417962372303009
1,1,project,15360,isolated,project,trained,ordinary,960,0.9958333333333333,0.9958333333333333,0.020503591746091843,1.0,0.000496770313475281,1.0,0.0017622627783566713
1,1,project,15360,isolated,project,heldout,all,1024,0.9951171875,0.9951171875,0.01939617283642292,1.0,0.000496770313475281,0.9951171875,0.013642392121255398
1,1,project,15360,isolated,project,heldout,original_exception,64,0.984375,0.984375,0.10177578032016754,1.0,0.000496770313475281,1.0,0.02635260298848152
1,1,project,15360,isolated,project,heldout,ordinary,960,0.9958333333333333,0.9958333333333333,0.013904199935495853,1.0,0.000496770313475281,0.9947916666666666,0.012795043177902699
1,1,neither,0,unrestricted,company,all,all,2048,0.0,0.0,8.5427885055542,0.0,8.654390335083008,0.0,8.626516342163086
1,1,neither,0,unrestricted,company,all,original_exception,128,0.0,0.0,8.532435417175293,0.0,8.654390335083008,0.0,8.625253677368164
1,1,neither,0,unrestricted,company,all,ordinary,1920,0.0,0.0,8.543478012084961,0.0,8.654390335083008,0.0,8.62660026550293
1,1,neither,0,unrestricted,company,trained,all,1024,0.0,0.0,8.544768333435059,0.0,8.654390335083008,0.0,8.628416061401367
1,1,neither,0,unrestricted,company,trained,original_exception,64,0.0,0.0,8.518533706665039,0.0,8.654390335083008,0.0,8.642560958862305
1,1,neither,0,unrestricted,company,trained,ordinary,960,0.0,0.0,8.546517372131348,0.0,8.654390335083008,0.0,8.627473831176758
1,1,neither,0,unrestricted,company,heldout,all,1024,0.0,0.0,8.540809631347656,0.0,8.654390335083008,0.0,8.624614715576172
1,1,neither,0,unrestricted,company,heldout,original_exception,64,0.0,0.0,8.546337127685547,0.0,8.654390335083008,0.0,8.607945442199707
1,1,neither,0,unrestricted,company,heldout,ordinary,960,0.0,0.0,8.54043960571289,0.0,8.654390335083008,0.0,8.625726699829102
1,1,neither,0,unrestricted,project,all,all,2048,0.0,0.0,8.578886032104492,0.0,8.622652053833008,0.0,8.624879837036133
1,1,neither,0,unrestricted,project,all,original_exception,128,0.0,0.0,8.588142395019531,0.0,8.622652053833008,0.0,8.608966827392578
1,1,neither,0,unrestricted,project,all,ordinary,1920,0.0,0.0,8.578269004821777,0.0,8.622652053833008,0.0,8.625941276550293
1,1,neither,0,unrestricted,project,trained,all,1024,0.0,0.0,8.580347061157227,0.0,8.622652053833008,0.0,8.627655029296875
1,1,neither,0,unrestricted,project,trained,original_exception,64,0.0,0.0,8.60090446472168,0.0,8.622652053833008,0.0,8.607507705688477
1,1,neither,0,unrestricted,project,trained,ordinary,960,0.0,0.0,8.57897663116455,0.0,8.622652053833008,0.0,8.628997802734375
1,1,neither,0,unrestricted,project,heldout,all,1024,0.0,0.0,8.57742691040039,0.0,8.622652053833008,0.0,8.622105598449707
1,1,neither,0,unrestricted,project,heldout,original_exception,64,0.0,0.0,8.5753812789917,0.0,8.622652053833008,0.0,8.61042594909668
1,1,neither,0,unrestricted,project,heldout,ordinary,960,0.0,0.0,8.577563285827637,0.0,8.622652053833008,0.0,8.622883796691895
1,1,neither,0,isolated,company,all,all,2048,0.0,0.0,8.5427885055542,0.0,8.654390335083008,0.0,8.626516342163086
1,1,neither,0,isolated,company,all,original_exception,128,0.0,0.0,8.532435417175293,0.0,8.654390335083008,0.0,8.625253677368164
1,1,neither,0,isolated,company,all,ordinary,1920,0.0,0.0,8.543478012084961,0.0,8.654390335083008,0.0,8.62660026550293
1,1,neither,0,isolated,company,trained,all,1024,0.0,0.0,8.544768333435059,0.0,8.654390335083008,0.0,8.628416061401367
1,1,neither,0,isolated,company,trained,original_exception,64,0.0,0.0,8.518533706665039,0.0,8.654390335083008,0.0,8.642560958862305
1,1,neither,0,isolated,company,trained,ordinary,960,0.0,0.0,8.546517372131348,0.0,8.654390335083008,0.0,8.627473831176758
1,1,neither,0,isolated,company,heldout,all,1024,0.0,0.0,8.540809631347656,0.0,8.654390335083008,0.0,8.624614715576172
1,1,neither,0,isolated,company,heldout,original_exception,64,0.0,0.0,8.546337127685547,0.0,8.654390335083008,0.0,8.607945442199707
1,1,neither,0,isolated,company,heldout,ordinary,960,0.0,0.0,8.54043960571289,0.0,8.654390335083008,0.0,8.625726699829102
1,1,neither,0,isolated,project,all,all,2048,0.0,0.0,8.578886032104492,0.0,8.622652053833008,0.0,8.624879837036133
1,1,neither,0,isolated,project,all,original_exception,128,0.0,0.0,8.588142395019531,0.0,8.622652053833008,0.0,8.608966827392578
1,1,neither,0,isolated,project,all,ordinary,1920,0.0,0.0,8.578269004821777,0.0,8.622652053833008,0.0,8.625941276550293
1,1,neither,0,isolated,project,trained,all,1024,0.0,0.0,8.580347061157227,0.0,8.622652053833008,0.0,8.627655029296875
1,1,neither,0,isolated,project,trained,original_exception,64,0.0,0.0,8.60090446472168,0.0,8.622652053833008,0.0,8.607507705688477
1,1,neither,0,isolated,project,trained,ordinary,960,0.0,0.0,8.57897663116455,0.0,8.622652053833008,0.0,8.628997802734375
1,1,neither,0,isolated,project,heldout,all,1024,0.0,0.0,8.57742691040039,0.0,8.622652053833008,0.0,8.622105598449707
1,1,neither,0,isolated,project,heldout,original_exception,64,0.0,0.0,8.5753812789917,0.0,8.622652053833008,0.0,8.61042594909668
1,1,neither,0,isolated,project,heldout,ordinary,960,0.0,0.0,8.577563285827637,0.0,8.622652053833008,0.0,8.622883796691895
1,1,neither,1280,unrestricted,company,all,all,2048,0.0,0.0,7.765760898590088,1.0,0.5063691139221191,0.48046875,2.314497470855713
1,1,neither,1280,unrestricted,company,all,original_exception,128,0.0,0.0,7.739743232727051,1.0,0.5063691139221191,0.125,3.6132354736328125
1,1,neither,1280,unrestricted,company,all,ordinary,1920,0.0,0.0,7.767495632171631,1.0,0.5063690543174744,0.5041666666666667,2.227915048599243
1,1,neither,1280,unrestricted,company,trained,all,1024,0.0,0.0,7.784485816955566,1.0,0.5063691139221191,0.76953125,1.3276722431182861
1,1,neither,1280,unrestricted,company,trained,original_exception,64,0.0,0.0,7.717731475830078,1.0,0.5063691139221191,0.0,4.080547332763672
1,1,neither,1280,unrestricted,company,trained,ordinary,960,0.0,0.0,7.788935661315918,1.0,0.5063691139221191,0.8208333333333333,1.144147276878357
1,1,neither,1280,unrestricted,company,heldout,all,1024,0.0,0.0,7.747036933898926,1.0,0.5063691139221191,0.19140625,3.3013224601745605
1,1,neither,1280,unrestricted,company,heldout,original_exception,64,0.0,0.0,7.761754512786865,1.0,0.5063691139221191,0.25,3.145923614501953
1,1,neither,1280,unrestricted,company,heldout,ordinary,960,0.0,0.0,7.746055603027344,1.0,0.5063690543174744,0.1875,3.3116824626922607
1,1,neither,1280,unrestricted,project,all,all,2048,0.0,0.0,7.674753189086914,0.859375,1.285714864730835,0.3505859375,2.9473190307617188
1,1,neither,1280,unrestricted,project,all,original_exception,128,0.0,0.0,7.638276100158691,0.859375,1.285714864730835,0.03125,4.248687744140625
1,1,neither,1280,unrestricted,project,all,ordinary,1920,0.0,0.0,7.67718505859375,0.859375,1.2857149839401245,0.371875,2.860560894012451
1,1,neither,1280,unrestricted,project,trained,all,1024,0.0,0.0,7.6410980224609375,0.859375,1.285714864730835,0.6416015625,1.6827459335327148
1,1,neither,1280,unrestricted,project,trained,original_exception,64,0.0,0.0,7.561633110046387,0.859375,1.285714864730835,0.015625,4.359745025634766
1,1,neither,1280,unrestricted,project,trained,ordinary,960,0.0,0.0,7.646395683288574,0.859375,1.2857149839401245,0.6833333333333333,1.504279375076294
1,1,neither,1280,unrestricted,project,heldout,all,1024,0.0,0.0,7.708408355712891,0.859375,1.285714864730835,0.0595703125,4.2118916511535645
1,1,neither,1280,unrestricted,project,heldout,original_exception,64,0.0,0.0,7.714918613433838,0.859375,1.285714864730835,0.046875,4.137629508972168
1,1,neither,1280,unrestricted,project,heldout,ordinary,960,0.0,0.0,7.707973957061768,0.859375,1.2857149839401245,0.06041666666666667,4.216843128204346
1,1,neither,1280,isolated,company,all,all,2048,0.00390625,0.00390625,5.090950965881348,1.0,0.14054211974143982,0.4853515625,2.0916194915771484
1,1,neither,1280,isolated,company,all,original_exception,128,0.0078125,0.0078125,5.170407295227051,1.0,0.14054210484027863,0.1484375,3.4722087383270264
1,1,neither,1280,isolated,company,all,ordinary,1920,0.0036458333333333334,0.0036458333333333334,5.085653781890869,1.0,0.14054210484027863,0.5078125,1.9995803833007812
1,1,neither,1280,isolated,company,trained,all,1024,0.005859375,0.005859375,5.05985164642334,1.0,0.14054211974143982,0.73046875,1.075266718864441
1,1,neither,1280,isolated,company,trained,original_exception,64,0.015625,0.015625,5.136495590209961,1.0,0.14054211974143982,0.015625,3.9452457427978516
1,1,neither,1280,isolated,company,trained,ordinary,960,0.005208333333333333,0.005208333333333333,5.054742336273193,1.0,0.14054210484027863,0.778125,0.8839347958564758
1,1,neither,1280,isolated,company,heldout,all,1024,0.001953125,0.001953125,5.1220502853393555,1.0,0.14054210484027863,0.240234375,3.1079726219177246
1,1,neither,1280,isolated,company,heldout,original_exception,64,0.0,0.0,5.204319953918457,1.0,0.14054211974143982,0.28125,2.999171733856201
1,1,neither,1280,isolated,company,heldout,ordinary,960,0.0020833333333333333,0.0020833333333333333,5.116565227508545,1.0,0.14054210484027863,0.2375,3.1152257919311523
1,1,neither,1280,isolated,project,all,all,2048,0.0,0.0,5.709047317504883,1.0,0.2673174738883972,0.52978515625,1.897737741470337
1,1,neither,1280,isolated,project,all,original_exception,128,0.0,0.0,5.780877113342285,1.0,0.2673174738883972,0.1484375,3.2009363174438477
1,1,neither,1280,isolated,project,all,ordinary,1920,0.0,0.0,5.704258918762207,1.0,0.26731744408607483,0.5552083333333333,1.8108576536178589
1,1,neither,1280,isolated,project,trained,all,1024,0.0,0.0,5.714503288269043,1.0,0.2673174738883972,0.7861328125,1.0513972043991089
1,1,neither,1280,isolated,project,trained,original_exception,64,0.0,0.0,5.659737586975098,1.0,0.2673174738883972,0.015625,3.6100831031799316
1,1,neither,1280,isolated,project,trained,ordinary,960,0.0,0.0,5.7181549072265625,1.0,0.2673174738883972,0.8375,0.8808181285858154
1,1,neither,1280,isolated,project,heldout,all,1024,0.0,0.0,5.703591346740723,1.0,0.2673174738883972,0.2734375,2.7440781593322754
1,1,neither,1280,isolated,project,heldout,original_exception,64,0.0,0.0,5.9020161628723145,1.0,0.2673174738883972,0.28125,2.7917895317077637
1,1,neither,1280,isolated,project,heldout,ordinary,960,0.0,0.0,5.690362930297852,1.0,0.26731744408607483,0.27291666666666664,2.7408974170684814
1,1,neither,2560,unrestricted,company,all,all,2048,0.0,0.0,5.256651878356934,1.0,0.028458960354328156,0.7568359375,1.1551663875579834
1,1,neither,2560,unrestricted,company,all,original_exception,128,0.0,0.0,5.752605438232422,1.0,0.028458960354328156,0.2421875,2.7134923934936523
1,1,neither,2560,unrestricted,company,all,ordinary,1920,0.0,0.0,5.223588466644287,1.0,0.028458960354328156,0.7911458333333333,1.0512778759002686
1,1,neither,2560,unrestricted,company,trained,all,1024,0.0,0.0,5.140765190124512,1.0,0.028458960354328156,0.875,0.7831404209136963
1,1,neither,2560,unrestricted,company,trained,original_exception,64,0.0,0.0,5.405491828918457,1.0,0.028458960354328156,0.09375,3.2083606719970703
1,1,neither,2560,unrestricted,company,trained,ordinary,960,0.0,0.0,5.1231160163879395,1.0,0.028458960354328156,0.9270833333333334,0.6214590668678284
1,1,neither,2560,unrestricted,company,heldout,all,1024,0.0,0.0,5.372539520263672,1.0,0.028458960354328156,0.638671875,1.527192234992981
1,1,neither,2560,unrestricted,company,heldout,original_exception,64,0.0,0.0,6.099719524383545,1.0,0.028458960354328156,0.390625,2.2186241149902344
1,1,neither,2560,unrestricted,company,heldout,ordinary,960,0.0,0.0,5.324060440063477,1.0,0.028458960354328156,0.6552083333333333,1.481096863746643
1,1,neither,2560,unrestricted,project,all,all,2048,0.24462890625,0.24462890625,3.3387770652770996,1.0,0.05770273506641388,0.13525390625,3.3559913635253906
1,1,neither,2560,unrestricted,project,all,original_exception,128,0.1328125,0.1328125,4.354081630706787,1.0,0.05770273879170418,0.1171875,3.713657855987549
1,1,neither,2560,unrestricted,project,all,ordinary,1920,0.2520833333333333,0.2520833333333333,3.271090269088745,1.0,0.05770273879170418,0.13645833333333332,3.332146644592285
1,1,neither,2560,unrestricted,project,trained,all,1024,0.2958984375,0.2958984375,3.1635303497314453,1.0,0.05770273879170418,0.1708984375,3.094388008117676
1,1,neither,2560,unrestricted,project,trained,original_exception,64,0.234375,0.234375,3.5435218811035156,1.0,0.05770273506641388,0.09375,4.055698394775391
1,1,neither,2560,unrestricted,project,trained,ordinary,960,0.3,0.3,3.138197898864746,1.0,0.05770273506641388,0.17604166666666668,3.0303008556365967
1,1,neither,2560,unrestricted,project,heldout,all,1024,0.193359375,0.193359375,3.514023780822754,1.0,0.05770273506641388,0.099609375,3.6175942420959473
1,1,neither,2560,unrestricted,project,heldout,original_exception,64,0.03125,0.03125,5.1646409034729,1.0,0.05770273506641388,0.140625,3.371617317199707
1,1,neither,2560,unrestricted,project,heldout,ordinary,960,0.20416666666666666,0.20416666666666666,3.403982639312744,1.0,0.05770273879170418,0.096875,3.6339926719665527
1,1,neither,2560,isolated,company,all,all,2048,0.52099609375,0.52099609375,1.760611653327942,1.0,0.01390349306166172,0.95654296875,0.19858841598033905
1,1,neither,2560,isolated,company,all,original_exception,128,0.3203125,0.3203125,2.5789237022399902,1.0,0.013903493992984295,0.46875,2.179340362548828
1,1,neither,2560,isolated,company,all,ordinary,1920,0.534375,0.534375,1.7060574293136597,1.0,0.013903493992984295,0.9890625,0.06653828918933868
1,1,neither,2560,isolated,company,trained,all,1024,0.568359375,0.568359375,1.6129767894744873,1.0,0.01390349306166172,0.947265625,0.24535506963729858
1,1,neither,2560,isolated,company,trained,original_exception,64,0.390625,0.390625,2.109168529510498,1.0,0.013903493992984295,0.234375,3.2892136573791504
1,1,neither,2560,isolated,company,trained,ordinary,960,0.5802083333333333,0.5802083333333333,1.5798975229263306,1.0,0.013903493992984295,0.9947916666666666,0.04243114963173866
1,1,neither,2560,isolated,company,heldout,all,1024,0.4736328125,0.4736328125,1.908246397972107,1.0,0.01390349306166172,0.9658203125,0.15182173252105713
1,1,neither,2560,isolated,company,heldout,original_exception,64,0.25,0.25,3.0486788749694824,1.0,0.01390349306166172,0.703125,1.0694663524627686
1,1,neither,2560,isolated,company,heldout,ordinary,960,0.48854166666666665,0.48854166666666665,1.8322175741195679,1.0,0.013903493992984295,0.9833333333333333,0.09064542502164841
1,1,neither,2560,isolated,project,all,all,2048,0.771484375,0.771484375,0.8016886115074158,1.0,0.012545011937618256,0.96240234375,0.200192391872406
1,1,neither,2560,isolated,project,all,original_exception,128,0.609375,0.609375,1.6668009757995605,1.0,0.012545011006295681,0.484375,2.4479284286499023
1,1,neither,2560,isolated,project,all,ordinary,1920,0.7822916666666667,0.7822916666666667,0.7440144419670105,1.0,0.012545011006295681,0.9942708333333333,0.0503433421254158
1,1,neither,2560,isolated,project,trained,all,1024,0.7646484375,0.7646484375,0.7535435557365417,1.0,0.012545011006295681,0.9482421875,0.2721686065196991
1,1,neither,2560,isolated,project,trained,original_exception,64,0.734375,0.734375,1.1007153987884521,1.0,0.012545011006295681,0.1875,3.8708527088165283
1,1,neither,2560,isolated,project,trained,ordinary,960,0.7666666666666667,0.7666666666666667,0.7303987741470337,1.0,0.012545011006295681,0.9989583333333333,0.0322563461959362
1,1,neither,2560,isolated,project,heldout,all,1024,0.7783203125,0.7783203125,0.849833607673645,1.0,0.012545011006295681,0.9765625,0.1282161921262741
1,1,neither,2560,isolated,project,heldout,original_exception,64,0.484375,0.484375,2.23288631439209,1.0,0.012545011937618256,0.78125,1.0250039100646973
1,1,neither,2560,isolated,project,heldout,ordinary,960,0.7979166666666667,0.7979166666666667,0.7576300501823425,1.0,0.012545011006295681,0.9895833333333334,0.0684303417801857
1,1,neither,5120,unrestricted,company,all,all,2048,0.9775390625,0.9775390625,0.16472101211547852,1.0,0.0016984256217256188,0.99462890625,0.02796946093440056
1,1,neither,5120,unrestricted,company,all,original_exception,128,0.9609375,0.9609375,0.29878371953964233,1.0,0.0016984257381409407,0.9921875,0.11299365013837814
1,1,neither,5120,unrestricted,company,all,ordinary,1920,0.9786458333333333,0.9786458333333333,0.1557835042476654,1.0,0.0016984256217256188,0.9947916666666666,0.02230118028819561
1,1,neither,5120,unrestricted,company,trained,all,1024,0.9736328125,0.9736328125,0.1640217900276184,1.0,0.0016984257381409407,0.994140625,0.027201782912015915
1,1,neither,5120,unrestricted,company,trained,original_exception,64,0.921875,0.921875,0.34957361221313477,1.0,0.0016984257381409407,0.984375,0.1679953932762146
1,1,neither,5120,unrestricted,company,trained,ordinary,960,0.9770833333333333,0.9770833333333333,0.15165165066719055,1.0,0.0016984256217256188,0.9947916666666666,0.017815539613366127
1,1,neither,5120,unrestricted,company,heldout,all,1024,0.9814453125,0.9814453125,0.165420264005661,1.0,0.0016984257381409407,0.9951171875,0.028737138956785202
1,1,neither,5120,unrestricted,company,heldout,original_exception,64,1.0,1.0,0.2479938417673111,1.0,0.0016984256217256188,1.0,0.05799189954996109
1,1,neither,5120,unrestricted,company,heldout,ordinary,960,0.9802083333333333,0.9802083333333333,0.15991535782814026,1.0,0.0016984256217256188,0.9947916666666666,0.026786820963025093
1,1,neither,5120,unrestricted,project,all,all,2048,0.98388671875,0.98388671875,0.18603122234344482,1.0,0.0013823817716911435,0.787109375,0.887962281703949
1,1,neither,5120,unrestricted,project,all,original_exception,128,0.921875,0.921875,0.49368834495544434,1.0,0.0013823817716911435,0.65625,1.2124125957489014
1,1,neither,5120,unrestricted,project,all,ordinary,1920,0.9880208333333333,0.9880208333333333,0.16552072763442993,1.0,0.0013823818881064653,0.7958333333333333,0.8663322329521179
1,1,neither,5120,unrestricted,project,trained,all,1024,0.9853515625,0.9853515625,0.1731722354888916,1.0,0.0013823817716911435,0.8291015625,0.6919213533401489
1,1,neither,5120,unrestricted,project,trained,original_exception,64,0.9375,0.9375,0.4152301549911499,1.0,0.0013823818881064653,0.609375,1.342797040939331
1,1,neither,5120,unrestricted,project,trained,ordinary,960,0.9885416666666667,0.9885416666666667,0.15703503787517548,1.0,0.0013823817716911435,0.84375,0.648529589176178
1,1,neither,5120,unrestricted,project,heldout,all,1024,0.982421875,0.982421875,0.19889019429683685,1.0,0.0013823817716911435,0.7451171875,1.084003210067749
1,1,neither,5120,unrestricted,project,heldout,original_exception,64,0.90625,0.90625,0.5721465349197388,1.0,0.0013823817716911435,0.703125,1.0820281505584717
1,1,neither,5120,unrestricted,project,heldout,ordinary,960,0.9875,0.9875,0.17400643229484558,1.0,0.0013823817716911435,0.7479166666666667,1.0841349363327026
1,1,neither,5120,isolated,company,all,all,2048,0.994140625,0.994140625,0.05147707834839821,1.0,0.0005138932028785348,0.9931640625,0.03115168958902359
1,1,neither,5120,isolated,company,all,original_exception,128,0.953125,0.953125,0.21985331177711487,1.0,0.0005138932610861957,0.953125,0.17944233119487762
1,1,neither,5120,isolated,company,all,ordinary,1920,0.996875,0.996875,0.040251992642879486,1.0,0.0005138932610861957,0.9958333333333333,0.021265648305416107
1,1,neither,5120,isolated,company,trained,all,1024,0.9951171875,0.9951171875,0.04464668035507202,1.0,0.0005138932610861957,0.9912109375,0.030205998569726944
1,1,neither,5120,isolated,company,trained,original_exception,64,0.984375,0.984375,0.08327966183423996,1.0,0.0005138932028785348,0.9375,0.20699667930603027
1,1,neither,5120,isolated,company,trained,ordinary,960,0.9958333333333333,0.9958333333333333,0.0420711524784565,1.0,0.0005138932610861957,0.9947916666666666,0.01841995306313038
1,1,neither,5120,isolated,company,heldout,all,1024,0.9931640625,0.9931640625,0.0583074726164341,1.0,0.0005138932028785348,0.9951171875,0.032097380608320236
1,1,neither,5120,isolated,company,heldout,original_exception,64,0.921875,0.921875,0.3564269244670868,1.0,0.0005138932028785348,0.96875,0.15188798308372498
1,1,neither,5120,isolated,company,heldout,ordinary,960,0.9979166666666667,0.9979166666666667,0.03843284398317337,1.0,0.0005138932610861957,0.996875,0.024111343547701836
1,1,neither,5120,isolated,project,all,all,2048,0.99462890625,0.99462890625,0.0703459233045578,1.0,0.000561602646484971,0.99267578125,0.03245260566473007
1,1,neither,5120,isolated,project,all,original_exception,128,0.96875,0.96875,0.15474307537078857,1.0,0.000561602646484971,0.8984375,0.411430686712265
1,1,neither,5120,isolated,project,all,ordinary,1920,0.9963541666666667,0.9963541666666667,0.06471943855285645,1.0,0.000561602646484971,0.9989583333333333,0.007187401410192251
1,1,neither,5120,isolated,project,trained,all,1024,0.9931640625,0.9931640625,0.06866130232810974,1.0,0.000561602646484971,0.9873046875,0.04909859597682953
1,1,neither,5120,isolated,project,trained,original_exception,64,0.953125,0.953125,0.17092201113700867,1.0,0.000561602646484971,0.8125,0.712193489074707
1,1,neither,5120,isolated,project,trained,ordinary,960,0.9958333333333333,0.9958333333333333,0.06184392794966698,1.0,0.000561602646484971,0.9989583333333333,0.004892271943390369
1,1,neither,5120,isolated,project,heldout,all,1024,0.99609375,0.99609375,0.07203053683042526,1.0,0.000561602646484971,0.998046875,0.015806619077920914
1,1,neither,5120,isolated,project,heldout,original_exception,64,0.984375,0.984375,0.13856416940689087,1.0,0.000561602646484971,0.984375,0.11066793650388718
1,1,neither,5120,isolated,project,heldout,ordinary,960,0.996875,0.996875,0.06759496033191681,1.0,0.000561602646484971,0.9989583333333333,0.009482529945671558
1,1,neither,10240,unrestricted,company,all,all,2048,0.98828125,0.98828125,0.038010697811841965,1.0,4.4970394810661674e-05,0.99560546875,0.015509899705648422
1,1,neither,10240,unrestricted,company,all,original_exception,128,0.9765625,0.9765625,0.07651838660240173,1.0,4.4970391172682866e-05,0.9609375,0.11375551670789719
1,1,neither,10240,unrestricted,company,all,ordinary,1920,0.9890625,0.9890625,0.03544352203607559,1.0,4.4970391172682866e-05,0.9979166666666667,0.008960191160440445
1,1,neither,10240,unrestricted,company,trained,all,1024,0.9921875,0.9921875,0.032766833901405334,1.0,4.4970394810661674e-05,0.9951171875,0.015926141291856766
1,1,neither,10240,unrestricted,company,trained,original_exception,64,1.0,1.0,0.032872892916202545,1.0,4.497038753470406e-05,0.953125,0.17788127064704895
1,1,neither,10240,unrestricted,company,trained,ordinary,960,0.9916666666666667,0.9916666666666667,0.032759763300418854,1.0,4.4970391172682866e-05,0.9979166666666667,0.005129131954163313
1,1,neither,10240,unrestricted,company,heldout,all,1024,0.984375,0.984375,0.04325456544756889,1.0,4.4970391172682866e-05,0.99609375,0.015093657188117504
1,1,neither,10240,unrestricted,company,heldout,original_exception,64,0.953125,0.953125,0.12016387283802032,1.0,4.4970391172682866e-05,0.96875,0.049629759043455124
1,1,neither,10240,unrestricted,company,heldout,ordinary,960,0.9864583333333333,0.9864583333333333,0.03812727704644203,1.0,4.4970391172682866e-05,0.9979166666666667,0.012791248969733715
1,1,neither,10240,unrestricted,project,all,all,2048,0.9970703125,0.9970703125,0.0215146541595459,1.0,8.494407666148618e-05,0.97021484375,0.10716477036476135
1,1,neither,10240,unrestricted,project,all,original_exception,128,0.9765625,0.9765625,0.11699427664279938,1.0,8.494408393744379e-05,0.9140625,0.2541247606277466
1,1,neither,10240,unrestricted,project,all,ordinary,1920,0.9984375,0.9984375,0.015149345621466637,1.0,8.494407666148618e-05,0.9739583333333334,0.09736744314432144
1,1,neither,10240,unrestricted,project,trained,all,1024,0.994140625,0.994140625,0.0290006585419178,1.0,8.494407666148618e-05,0.966796875,0.1115073561668396
1,1,neither,10240,unrestricted,project,trained,original_exception,64,0.953125,0.953125,0.1977553367614746,1.0,8.494408393744379e-05,0.859375,0.4202978014945984
1,1,neither,10240,unrestricted,project,trained,ordinary,960,0.996875,0.996875,0.017750348895788193,1.0,8.494407666148618e-05,0.9739583333333334,0.09092133492231369
1,1,neither,10240,unrestricted,project,heldout,all,1024,1.0,1.0,0.014028651639819145,1.0,8.494408393744379e-05,0.9736328125,0.1028221845626831
1,1,neither,10240,unrestricted,project,heldout,original_exception,64,1.0,1.0,0.036233238875865936,1.0,8.494406938552856e-05,0.96875,0.08795170485973358
1,1,neither,10240,unrestricted,project,heldout,ordinary,960,1.0,1.0,0.012548345141112804,1.0,8.494408393744379e-05,0.9739583333333334,0.1038135513663292
1,1,neither,10240,isolated,company,all,all,2048,0.99072265625,0.99072265625,0.02990628406405449,1.0,6.114276766311377e-05,0.99462890625,0.0199827179312706
1,1,neither,10240,isolated,company,all,original_exception,128,0.9765625,0.9765625,0.09530989825725555,1.0,6.114276766311377e-05,0.9609375,0.17171770334243774
1,1,neither,10240,isolated,company,all,ordinary,1920,0.9916666666666667,0.9916666666666667,0.025546042248606682,1.0,6.114276766311377e-05,0.996875,0.009867052547633648
1,1,neither,10240,isolated,company,trained,all,1024,0.9931640625,0.9931640625,0.02328445389866829,1.0,6.114276766311377e-05,0.994140625,0.014363812282681465
1,1,neither,10240,isolated,company,trained,original_exception,64,0.984375,0.984375,0.05178249999880791,1.0,6.114276766311377e-05,0.953125,0.13484904170036316
1,1,neither,10240,isolated,company,trained,ordinary,960,0.99375,0.99375,0.021384580060839653,1.0,6.114276766311377e-05,0.996875,0.006331463810056448
1,1,neither,10240,isolated,company,heldout,all,1024,0.98828125,0.98828125,0.03652811795473099,1.0,6.114277493907139e-05,0.9951171875,0.025601621717214584
1,1,neither,10240,isolated,company,heldout,original_exception,64,0.96875,0.96875,0.1388373076915741,1.0,6.114276766311377e-05,0.96875,0.20858636498451233
1,1,neither,10240,isolated,company,heldout,ordinary,960,0.9895833333333334,0.9895833333333334,0.02970750257372856,1.0,6.114276766311377e-05,0.996875,0.01340264081954956
1,1,neither,10240,isolated,project,all,all,2048,0.9990234375,0.9990234375,0.006386812776327133,1.0,0.0002182984899263829,0.99951171875,0.001945513766258955
1,1,neither,10240,isolated,project,all,original_exception,128,1.0,1.0,0.005575329065322876,1.0,0.00021829847537446767,1.0,0.009157446213066578
1,1,neither,10240,isolated,project,all,ordinary,1920,0.9989583333333333,0.9989583333333333,0.006440911907702684,1.0,0.0002182984899263829,0.9994791666666667,0.0014647183706983924
1,1,neither,10240,isolated,project,trained,all,1024,0.9990234375,0.9990234375,0.005563809536397457,1.0,0.0002182984899263829,1.0,0.0015064736362546682
1,1,neither,10240,isolated,project,trained,original_exception,64,1.0,1.0,0.005043014883995056,1.0,0.00021829850447829813,1.0,0.01439567469060421
1,1,neither,10240,isolated,project,trained,ordinary,960,0.9989583333333333,0.9989583333333333,0.005598529241979122,1.0,0.00021829850447829813,1.0,0.0006471936940215528
1,1,neither,10240,isolated,project,heldout,all,1024,0.9990234375,0.9990234375,0.007209815084934235,1.0,0.0002182984899263829,0.9990234375,0.0023845538962632418
1,1,neither,10240,isolated,project,heldout,original_exception,64,1.0,1.0,0.006107642315328121,1.0,0.0002182984899263829,1.0,0.003919219132512808
1,1,neither,10240,isolated,project,heldout,ordinary,960,0.9989583333333333,0.9989583333333333,0.007283294107764959,1.0,0.0002182984899263829,0.9989583333333333,0.0022822432219982147
1,1,neither,15360,unrestricted,company,all,all,2048,0.99169921875,0.99169921875,0.044970929622650146,1.0,3.204583845217712e-05,0.998046875,0.00770327914506197
1,1,neither,15360,unrestricted,company,all,original_exception,128,0.9921875,0.9921875,0.04648182541131973,1.0,3.204583845217712e-05,0.9765625,0.07311931252479553
1,1,neither,15360,unrestricted,company,all,ordinary,1920,0.9916666666666667,0.9916666666666667,0.04487020522356033,1.0,3.204583845217712e-05,0.9994791666666667,0.003342211479321122
1,1,neither,15360,unrestricted,company,trained,all,1024,0.9912109375,0.9912109375,0.042427413165569305,1.0,3.204584209015593e-05,0.9970703125,0.010011008940637112
1,1,neither,15360,unrestricted,company,trained,original_exception,64,0.984375,0.984375,0.07637180387973785,1.0,3.204583845217712e-05,0.953125,0.14350837469100952
1,1,neither,15360,unrestricted,company,trained,ordinary,960,0.9916666666666667,0.9916666666666667,0.04016445577144623,1.0,3.204583845217712e-05,1.0,0.001111184828914702
1,1,neither,15360,unrestricted,company,heldout,all,1024,0.9921875,0.9921875,0.04751444607973099,1.0,3.204583845217712e-05,0.9990234375,0.00539555074647069
1,1,neither,15360,unrestricted,company,heldout,original_exception,64,1.0,1.0,0.016591843217611313,1.0,3.204583845217712e-05,1.0,0.002730247098952532
1,1,neither,15360,unrestricted,company,heldout,ordinary,960,0.9916666666666667,0.9916666666666667,0.04957594722509384,1.0,3.204583845217712e-05,0.9989583333333333,0.005573237780481577
1,1,neither,15360,unrestricted,project,all,all,2048,0.998046875,0.998046875,0.011541995219886303,1.0,0.00022216519573703408,0.97705078125,0.07400479912757874
1,1,neither,15360,unrestricted,project,all,original_exception,128,1.0,1.0,0.0180059764534235,1.0,0.0002221652102889493,0.9453125,0.18699851632118225
1,1,neither,15360,unrestricted,project,all,ordinary,1920,0.9979166666666667,0.9979166666666667,0.011111062951385975,1.0,0.00022216519573703408,0.9791666666666666,0.0664718896150589
1,1,neither,15360,unrestricted,project,trained,all,1024,0.998046875,0.998046875,0.01081472635269165,1.0,0.00022216519573703408,0.98828125,0.0405440516769886
1,1,neither,15360,unrestricted,project,trained,original_exception,64,1.0,1.0,0.00969578605145216,1.0,0.00022216519573703408,0.9375,0.25681671500205994
1,1,neither,15360,unrestricted,project,trained,ordinary,960,0.9979166666666667,0.9979166666666667,0.010889321565628052,1.0,0.00022216519573703408,0.9916666666666667,0.026125876232981682
1,1,neither,15360,unrestricted,project,heldout,all,1024,0.998046875,0.998046875,0.012269262224435806,1.0,0.00022216519573703408,0.9658203125,0.10746554285287857
1,1,neither,15360,unrestricted,project,heldout,original_exception,64,1.0,1.0,0.026316165924072266,1.0,0.00022216519573703408,0.953125,0.11718031018972397
1,1,neither,15360,unrestricted,project,heldout,ordinary,960,0.9979166666666667,0.9979166666666667,0.011332803405821323,1.0,0.00022216519573703408,0.9666666666666667,0.10681789368391037
1,1,neither,15360,isolated,company,all,all,2048,0.9931640625,0.9931640625,0.02569171041250229,1.0,2.1755344278062694e-05,0.9970703125,0.00994357094168663
1,1,neither,15360,isolated,company,all,original_exception,128,0.96875,0.96875,0.0858369916677475,1.0,2.175534245907329e-05,0.9765625,0.08539652824401855
1,1,neither,15360,isolated,company,all,ordinary,1920,0.9947916666666666,0.9947916666666666,0.021682027727365494,1.0,2.1755344278062694e-05,0.9984375,0.004913375712931156
1,1,neither,15360,isolated,company,trained,all,1024,0.99609375,0.99609375,0.017073430120944977,1.0,2.175534245907329e-05,0.998046875,0.007805934175848961
1,1,neither,15360,isolated,company,trained,original_exception,64,0.984375,0.984375,0.024812914431095123,1.0,2.1755344278062694e-05,0.96875,0.10797979682683945
1,1,neither,15360,isolated,company,trained,ordinary,960,0.996875,0.996875,0.016557464376091957,1.0,2.175534245907329e-05,1.0,0.001127677853219211
1,1,neither,15360,isolated,company,heldout,all,1024,0.990234375,0.990234375,0.0343099981546402,1.0,2.1755344278062694e-05,0.99609375,0.012081208638846874
1,1,neither,15360,isolated,company,heldout,original_exception,64,0.953125,0.953125,0.14686106145381927,1.0,2.175534245907329e-05,0.984375,0.06281325966119766
1,1,neither,15360,isolated,company,heldout,ordinary,960,0.9927083333333333,0.9927083333333333,0.02680659294128418,1.0,2.1755346097052097e-05,0.996875,0.008699072524905205
1,1,neither,15360,isolated,project,all,all,2048,0.99853515625,0.99853515625,0.008311258628964424,1.0,5.994261664454825e-05,0.99951171875,0.0019335104152560234
1,1,neither,15360,isolated,project,all,original_exception,128,0.9765625,0.9765625,0.05673744156956673,1.0,5.9942613006569445e-05,1.0,0.007846481166779995
1,1,neither,15360,isolated,project,all,ordinary,1920,1.0,1.0,0.00508284755051136,1.0,5.9942613006569445e-05,0.9994791666666667,0.0015393124194815755
1,1,neither,15360,isolated,project,trained,all,1024,0.9990234375,0.9990234375,0.007649141363799572,1.0,5.994261664454825e-05,1.0,0.0015933281974866986
1,1,neither,15360,isolated,project,trained,original_exception,64,0.984375,0.984375,0.03455405682325363,1.0,5.9942613006569445e-05,1.0,0.010807817801833153
1,1,neither,15360,isolated,project,trained,ordinary,960,1.0,1.0,0.005855479743331671,1.0,5.9942613006569445e-05,1.0,0.0009790287585929036
1,1,neither,15360,isolated,project,heldout,all,1024,0.998046875,0.998046875,0.008973376825451851,1.0,5.9942613006569445e-05,0.9990234375,0.0022736929822713137
1,1,neither,15360,isolated,project,heldout,original_exception,64,0.96875,0.96875,0.07892081141471863,1.0,5.9942613006569445e-05,1.0,0.004885144531726837
1,1,neither,15360,isolated,project,heldout,ordinary,960,1.0,1.0,0.004310214426368475,1.0,5.9942613006569445e-05,0.9989583333333333,0.002099596196785569
