phase,world,seed,condition,step,base_accuracy,base_nll,company_trained,company_trained_nll,company_heldout,company_heldout_nll,company_membership,company_default,company_actual,company_known_heldout_n,company_known_heldout,project_trained,project_trained_nll,project_heldout,project_heldout_nll,project_membership,project_default,project_actual,project_known_heldout_n,project_known_heldout,mean_heldout
low,100,0,company,0,0.0,8.551987648010254,0.0,8.491521835327148,0.0,8.49954605102539,0.0,0.0,0.0,0,,0.0,8.516789436340332,0.0,8.512497901916504,0.0,0.0,0.0,0,,0.0
low,100,0,company,1280,0.1081031976744186,7.28485107421875,0.79296875,0.906971275806427,0.1435546875,3.829474449157715,0.0,1.0,0.447265625,0,,0.7255859375,1.0416815280914307,0.03515625,4.513431549072266,0.0,1.0,0.35400390625,0,,0.08935546875
low,100,0,company,2560,0.24224806201550386,4.430397033691406,0.9970703125,0.05404955521225929,0.408203125,2.434439182281494,0.1142578125,1.0,0.6376953125,84,0.8095238095238095,0.998046875,0.035447295755147934,0.775390625,0.8999154567718506,0.6484375,1.0,0.44384765625,627,0.886762360446571,0.591796875
low,100,0,company,5120,0.7972989341085271,1.4848732948303223,1.0,0.002188871381804347,0.919921875,0.3859744668006897,0.7099609375,1.0,0.9765625,717,0.9344490934449093,1.0,0.0038288473151624203,0.9365234375,0.2689658999443054,0.8447265625,1.0,0.6171875,894,0.941834451901566,0.92822265625
low,100,0,company,10240,0.9723231589147286,0.1382489949464798,1.0,0.0003902082680724561,0.9443359375,0.3322962522506714,0.93408203125,1.0,0.9892578125,953,0.9485834207764953,0.998046875,0.017303641885519028,0.94140625,0.3033994436264038,0.98583984375,1.0,0.92578125,1015,0.9438423645320198,0.94287109375
low,100,0,company,15360,0.9878875968992248,0.051524754613637924,1.0,0.0003515261923894286,0.955078125,0.2255219668149948,0.93896484375,1.0,0.99560546875,953,0.9601259181532005,1.0,0.0004278761043678969,0.955078125,0.25337478518486023,0.99609375,1.0,0.99365234375,1023,0.9550342130987293,0.955078125
low,100,0,project,0,0.0,8.551987648010254,0.0,8.491521835327148,0.0,8.49954605102539,0.0,0.0,0.0,0,,0.0,8.516789436340332,0.0,8.512497901916504,0.0,0.0,0.0,0,,0.0
low,100,0,project,1280,0.11434108527131782,7.761714935302734,0.8291015625,0.7315232753753662,0.2314453125,3.487598419189453,0.0,1.0,0.51025390625,0,,0.7001953125,0.9839621782302856,0.033203125,4.826416015625,0.0,1.0,0.3427734375,0,,0.13232421875
low,100,0,project,2560,0.1434108527131783,6.646117210388184,0.9921875,0.04360652714967728,0.931640625,0.36649227142333984,0.0185546875,1.0,0.93994140625,19,1.0,0.9990234375,0.0162428617477417,0.9140625,0.3330094814300537,0.00439453125,1.0,0.12158203125,8,0.875,0.9228515625
low,100,0,project,5120,0.7537548449612403,1.58458411693573,1.0,0.00226951134391129,0.9443359375,0.25470423698425293,0.99072265625,1.0,0.98681640625,1010,0.9465346534653465,0.9990234375,0.005119189620018005,0.9599609375,0.11537621915340424,0.95849609375,1.0,0.47509765625,989,0.967644084934277,0.9521484375
low,100,0,project,10240,0.9562136627906976,0.2159980684518814,1.0,0.0020561106503009796,0.9365234375,0.35460036993026733,0.9873046875,1.0,0.998046875,1011,0.9376854599406528,1.0,0.0007464223890565336,0.9814453125,0.0730811357498169,0.9892578125,1.0,0.9541015625,1012,0.9822134387351779,0.958984375
low,100,0,project,15360,0.9883115310077519,0.05245388671755791,0.99609375,0.01786232180893421,0.9462890625,0.3513920307159424,0.99658203125,1.0,0.998046875,1019,0.9479882237487733,1.0,0.0008588130585849285,0.982421875,0.06011718884110451,0.99951171875,1.0,0.99072265625,1024,0.982421875,0.96435546875
low,100,0,neither,0,0.0,8.551987648010254,0.0,8.491521835327148,0.0,8.49954605102539,0.0,0.0,0.0,0,,0.0,8.516789436340332,0.0,8.512497901916504,0.0,0.0,0.0,0,,0.0
low,100,0,neither,1280,0.013141957364341086,7.129796504974365,0.0537109375,3.4726572036743164,0.04296875,3.501901149749756,0.0,0.0625,0.04052734375,0,,0.05859375,3.4727725982666016,0.03515625,3.506592035293579,0.00048828125,0.046875,0.056640625,0,,0.0390625
low,100,0,neither,2560,0.13154069767441862,5.825964450836182,0.814453125,0.5673479437828064,0.35546875,2.8491671085357666,0.00634765625,1.0,0.55810546875,5,0.6,0.712890625,0.7696170806884766,0.091796875,4.344482898712158,0.04833984375,1.0,0.3701171875,31,0.12903225806451613,0.2236328125
low,100,0,neither,5120,0.4550024224806202,2.6562516689300537,0.998046875,0.030502067878842354,0.7470703125,0.9684280157089233,0.60888671875,1.0,0.8896484375,552,0.8369565217391305,0.9970703125,0.028044719249010086,0.765625,0.8782904148101807,0.85595703125,1.0,0.52392578125,838,0.8281622911694511,0.75634765625
low,100,0,neither,10240,0.9683866279069767,0.17992840707302094,1.0,0.001957785338163376,0.8681640625,0.5438632965087891,0.93896484375,1.0,0.98828125,964,0.8775933609958506,0.998046875,0.006439678370952606,0.9140625,0.4093548059463501,0.99072265625,1.0,0.95361328125,1015,0.9192118226600985,0.89111328125
low,100,0,neither,15360,0.9857073643410853,0.0716707780957222,0.99609375,0.016187215223908424,0.89453125,0.47948405146598816,0.97265625,1.0,0.99267578125,992,0.9042338709677419,1.0,0.0005264123319648206,0.9326171875,0.323414146900177,0.99609375,1.0,0.98486328125,1017,0.9341199606686332,0.91357421875
low,100,1,company,0,0.0,8.499757766723633,0.0,8.497808456420898,0.0,8.496450424194336,0.0,0.0,0.0,0,,0.0,8.498394012451172,0.0,8.495986938476562,0.0,0.0,0.0,0,,0.0
low,100,1,company,1280,0.10967781007751938,7.40847635269165,0.771484375,0.874268114566803,0.1572265625,3.9455456733703613,0.0,1.0,0.44091796875,0,,0.751953125,0.9405487775802612,0.05078125,4.519418239593506,0.0,0.96875,0.37548828125,0,,0.10400390625
low,100,1,company,2560,0.1817466085271318,5.6110310554504395,1.0,0.027483072131872177,0.564453125,1.8392043113708496,0.11279296875,1.0,0.7568359375,113,0.7079646017699115,0.9970703125,0.03447718545794487,0.8740234375,0.5800902843475342,0.3173828125,0.96875,0.2041015625,325,0.9661538461538461,0.71923828125
low,100,1,company,5120,0.8510174418604651,1.2317262887954712,1.0,0.0025089820846915245,0.931640625,0.2929683327674866,0.98828125,1.0,0.9951171875,1015,0.9349753694581281,1.0,0.0026725141797214746,0.9638671875,0.1429024636745453,0.99169921875,1.0,0.9140625,1016,0.9655511811023622,0.94775390625
low,100,1,company,10240,0.9800750968992248,0.12634572386741638,0.9990234375,0.010471289046108723,0.943359375,0.3641192615032196,0.9951171875,1.0,0.99560546875,1019,0.9450441609421001,1.0,0.0009314072085544467,0.9443359375,0.29564768075942993,0.99365234375,1.0,0.9794921875,1017,0.9478859390363815,0.94384765625
low,100,1,company,15360,0.9932776162790697,0.030710749328136444,0.9990234375,0.006255310960114002,0.939453125,0.29912739992141724,0.99658203125,1.0,0.99609375,1020,0.9411764705882353,1.0,0.00022486700618173927,0.95703125,0.21064285933971405,0.99658203125,1.0,0.99609375,1019,0.957801766437684,0.9482421875
low,100,1,project,0,0.0,8.499757766723633,0.0,8.497808456420898,0.0,8.496450424194336,0.0,0.0,0.0,0,,0.0,8.498394012451172,0.0,8.495986938476562,0.0,0.0,0.0,0,,0.0
low,100,1,project,1280,0.10828488372093023,7.668711185455322,0.8271484375,0.7234253883361816,0.1240234375,4.108208656311035,0.0,1.0,0.43017578125,0,,0.775390625,0.7842251062393188,0.0322265625,4.982139587402344,0.0,0.984375,0.3720703125,0,,0.078125
low,100,1,project,2560,0.23819040697674418,5.533475399017334,0.9951171875,0.04183460772037506,0.9375,0.3916665315628052,0.0029296875,1.0,0.7109375,5,1.0,0.9990234375,0.027432724833488464,0.9453125,0.25134485960006714,0.36376953125,1.0,0.75439453125,428,0.9813084112149533,0.94140625
low,100,1,project,5120,0.9142441860465116,0.8940543532371521,1.0,0.0023255471605807543,0.94921875,0.20325106382369995,0.9853515625,1.0,0.9892578125,1005,0.9512437810945273,0.9990234375,0.004522813484072685,0.955078125,0.1549331098794937,0.9765625,1.0,0.7900390625,996,0.9618473895582329,0.9521484375
low,100,1,project,10240,0.9864341085271318,0.06612616777420044,0.9853515625,0.0542001947760582,0.908203125,0.47262078523635864,0.9970703125,1.0,0.98828125,1020,0.9117647058823529,0.998046875,0.004801203962415457,0.9541015625,0.21982282400131226,0.99365234375,1.0,0.95361328125,1019,0.957801766437684,0.93115234375
low,100,1,project,15360,0.9949127906976745,0.023768357932567596,1.0,0.0005082944990135729,0.9482421875,0.30451250076293945,0.9970703125,1.0,0.99853515625,1021,0.9500489715964741,0.9970703125,0.007691892329603434,0.9599609375,0.21215254068374634,0.9970703125,1.0,0.982421875,1021,0.9618021547502449,0.9541015625
low,100,1,neither,0,0.0,8.499757766723633,0.0,8.497808456420898,0.0,8.496450424194336,0.0,0.0,0.0,0,,0.0,8.498394012451172,0.0,8.495986938476562,0.0,0.0,0.0,0,,0.0
low,100,1,neither,1280,0.1045906007751938,6.956642150878906,0.791015625,1.2694151401519775,0.1669921875,3.439589500427246,0.0,1.0,0.458984375,0,,0.66796875,1.5219471454620361,0.0361328125,4.1496076583862305,0.0,0.59375,0.328125,0,,0.1015625
low,100,1,neither,2560,0.16139777131782945,4.6866021156311035,0.99609375,0.09505879133939743,0.630859375,1.3707716464996338,0.046875,1.0,0.728515625,46,0.8913043478260869,0.994140625,0.1419219672679901,0.224609375,3.1322567462921143,0.2158203125,1.0,0.21337890625,161,0.43478260869565216,0.427734375
low,100,1,neither,5120,0.8883236434108527,1.1489989757537842,0.9921875,0.02893707901239395,0.9130859375,0.335404634475708,0.9931640625,1.0,0.99462890625,1012,0.9169960474308301,0.9990234375,0.009577994234859943,0.9111328125,0.32348644733428955,0.9765625,1.0,0.95849609375,994,0.9195171026156942,0.912109375
low,100,1,neither,10240,0.9981225775193798,0.020760374143719673,0.9990234375,0.0012132154079154134,0.9560546875,0.18291455507278442,0.98779296875,1.0,1.0,1010,0.9594059405940594,1.0,0.0007324381731450558,0.955078125,0.1561347246170044,0.99951171875,1.0,0.99951171875,1024,0.955078125,0.95556640625
low,100,1,neither,15360,0.9957000968992248,0.024565843865275383,0.9990234375,0.002607368864119053,0.947265625,0.3075481057167053,0.99755859375,1.0,0.99755859375,1020,0.9509803921568627,0.9990234375,0.005233952309936285,0.9580078125,0.18844999372959137,0.99755859375,1.0,0.99609375,1019,0.9617271835132483,0.95263671875
low,101,0,company,0,0.0,8.556145668029785,0.0,8.591917037963867,0.0,8.591690063476562,0.0,0.0,0.0,0,,0.0,8.597515106201172,0.0,8.592657089233398,0.0,0.0,0.0,0,,0.0
low,101,0,company,1280,0.10943556201550388,7.626502990722656,0.791015625,0.813388466835022,0.1669921875,3.9370956420898438,0.0,1.0,0.44970703125,0,,0.744140625,0.9159184694290161,0.0478515625,4.608253479003906,0.0,0.921875,0.36474609375,0,,0.107421875
low,101,0,company,2560,0.2001574612403101,6.488222599029541,0.998046875,0.03657819703221321,0.724609375,1.1051255464553833,0.53369140625,1.0,0.80810546875,436,0.9357798165137615,1.0,0.024689527228474617,0.80078125,0.836162805557251,0.00048828125,1.0,0.2021484375,1,1.0,0.7626953125
low,101,0,company,5120,0.7769500968992248,1.4973082542419434,0.9990234375,0.008854697458446026,0.947265625,0.23130959272384644,0.9921875,1.0,0.9765625,1013,0.9516288252714709,0.9990234375,0.008325719274580479,0.9228515625,0.2724822461605072,0.9013671875,1.0,0.900390625,909,0.9383938393839384,0.93505859375
low,101,0,company,10240,0.9715358527131783,0.1412447690963745,1.0,0.000642140454147011,0.953125,0.19316282868385315,0.99853515625,1.0,0.98876953125,1023,0.9540566959921799,0.9990234375,0.0034318279940634966,0.935546875,0.3039296269416809,0.9970703125,1.0,0.98828125,1020,0.9372549019607843,0.9443359375
low,101,0,company,15360,0.9837088178294574,0.0702599585056305,0.998046875,0.004880118183791637,0.9638671875,0.1459374874830246,0.99365234375,1.0,0.99755859375,1017,0.9665683382497542,0.998046875,0.004040415398776531,0.9423828125,0.35070863366127014,0.994140625,1.0,0.99267578125,1017,0.9469026548672567,0.953125
low,101,0,project,0,0.0,8.556145668029785,0.0,8.591917037963867,0.0,8.591690063476562,0.0,0.0,0.0,0,,0.0,8.597515106201172,0.0,8.592657089233398,0.0,0.0,0.0,0,,0.0
low,101,0,project,1280,0.11518895348837209,7.582403182983398,0.82421875,0.7025395631790161,0.244140625,3.458731174468994,0.0,1.0,0.5126953125,0,,0.703125,0.968377947807312,0.04296875,4.853160381317139,0.0,0.953125,0.34814453125,0,,0.1435546875
low,101,0,project,2560,0.21917393410852712,6.318118095397949,0.9921875,0.04451734572649002,0.9404296875,0.31059980392456055,0.66015625,1.0,0.95703125,668,0.9835329341317365,1.0,0.023318801075220108,0.9384765625,0.2772863209247589,0.00146484375,1.0,0.07666015625,1,1.0,0.939453125
low,101,0,project,5120,0.9023740310077519,1.0020365715026855,1.0,0.004507937468588352,0.9453125,0.21929877996444702,0.9892578125,1.0,0.98876953125,1012,0.9476284584980237,1.0,0.007067532744258642,0.9248046875,0.24040153622627258,0.96875,1.0,0.87158203125,983,0.9379450661241099,0.93505859375
low,101,0,project,10240,0.9903100775193798,0.06389174610376358,1.0,0.0007190683390945196,0.9482421875,0.26424843072891235,0.99462890625,1.0,0.99462890625,1019,0.9499509322865555,0.9990234375,0.004188925959169865,0.96484375,0.1455499678850174,0.97802734375,1.0,0.97998046875,999,0.970970970970971,0.95654296875
low,101,0,project,15360,0.9920663759689923,0.03764079138636589,0.9990234375,0.0014617751585319638,0.943359375,0.3348870873451233,0.99072265625,1.0,0.99560546875,1008,0.9484126984126984,0.9990234375,0.004433692432940006,0.9736328125,0.10081931948661804,0.998046875,1.0,0.98779296875,1024,0.9736328125,0.95849609375
low,101,0,neither,0,0.0,8.556145668029785,0.0,8.591917037963867,0.0,8.591690063476562,0.0,0.0,0.0,0,,0.0,8.597515106201172,0.0,8.592657089233398,0.0,0.0,0.0,0,,0.0
low,101,0,neither,1280,0.11652131782945736,7.277651786804199,0.7861328125,1.034820795059204,0.2138671875,3.3665199279785156,0.0,1.0,0.4921875,0,,0.7109375,1.185009241104126,0.099609375,3.8970701694488525,0.0,0.8125,0.38427734375,0,,0.15673828125
low,101,0,neither,2560,0.2245033914728682,4.480696201324463,0.9970703125,0.09973212331533432,0.794921875,0.8394806385040283,0.54296875,1.0,0.876953125,503,0.9204771371769384,0.96875,0.15924637019634247,0.333984375,2.805281162261963,0.154296875,1.0,0.15625,83,0.7590361445783133,0.564453125
low,101,0,neither,5120,0.7947553294573644,1.4626450538635254,0.998046875,0.009477967396378517,0.9326171875,0.29364216327667236,0.97607421875,1.0,0.986328125,989,0.9373104145601617,1.0,0.004991032183170319,0.86328125,0.5088168978691101,0.9677734375,1.0,0.89501953125,985,0.8802030456852792,0.89794921875
low,101,0,neither,10240,0.9874636627906976,0.0685638040304184,0.998046875,0.007470905780792236,0.9345703125,0.3259640336036682,0.98681640625,1.0,0.986328125,1011,0.9406528189910979,0.9951171875,0.01046463381499052,0.8662109375,0.5487014055252075,0.99267578125,1.0,0.966796875,1012,0.8725296442687747,0.900390625
low,101,0,neither,15360,0.9951550387596899,0.024071047082543373,0.998046875,0.004795079119503498,0.9345703125,0.36948299407958984,0.9931640625,1.0,0.99169921875,1016,0.9340551181102362,1.0,0.00035448846756480634,0.9287109375,0.3551635444164276,0.998046875,1.0,0.99169921875,1022,0.9295499021526419,0.931640625
low,101,1,company,0,0.0,8.515497207641602,0.0,8.440531730651855,0.0,8.43869400024414,0.0,0.0,0.0,0,,0.0,8.459449768066406,0.0,8.462051391601562,0.0,0.0,0.0,0,,0.0
low,101,1,company,1280,0.11131298449612403,7.548937797546387,0.8154296875,0.7722630500793457,0.1240234375,4.023532390594482,0.0,1.0,0.43505859375,0,,0.77734375,0.8619331121444702,0.0908203125,4.33142614364624,0.0,1.0,0.39111328125,0,,0.107421875
low,101,1,company,2560,0.16400193798449614,7.278875827789307,0.9951171875,0.03706895560026169,0.78515625,0.8773413896560669,0.2783203125,1.0,0.8564453125,321,0.8722741433021807,0.99609375,0.0376976802945137,0.884765625,0.5732711553573608,0.00048828125,1.0,0.11669921875,1,1.0,0.8349609375
low,101,1,company,5120,0.9123062015503876,1.0403035879135132,0.9990234375,0.007249647751450539,0.96484375,0.13356176018714905,0.98974609375,1.0,0.97216796875,1012,0.9683794466403162,0.9990234375,0.009116132743656635,0.9091796875,0.4257740080356598,0.98779296875,1.0,0.9599609375,1009,0.9127849355797819,0.93701171875
low,101,1,company,10240,0.990734011627907,0.054132360965013504,0.9921875,0.027816690504550934,0.95703125,0.1818804144859314,0.99462890625,1.0,0.96923828125,1021,0.9578844270323212,1.0,0.0005386800039559603,0.9267578125,0.4160241186618805,0.99658203125,1.0,0.98876953125,1021,0.9265426052889324,0.94189453125
low,101,1,company,15360,0.9963662790697675,0.01767747849225998,1.0,7.768970681354403e-05,0.9833984375,0.09067004919052124,0.9931640625,1.0,0.99609375,1020,0.984313725490196,1.0,0.00012068772775819525,0.9462890625,0.3639288544654846,0.99951171875,1.0,0.9921875,1023,0.9472140762463344,0.96484375
low,101,1,project,0,0.0,8.515497207641602,0.0,8.440531730651855,0.0,8.43869400024414,0.0,0.0,0.0,0,,0.0,8.459449768066406,0.0,8.462051391601562,0.0,0.0,0.0,0,,0.0
low,101,1,project,1280,0.1104045542635659,7.682386875152588,0.8994140625,0.5446244478225708,0.2080078125,3.6978461742401123,0.0,1.0,0.48388671875,0,,0.8388671875,0.728036642074585,0.0517578125,4.8546223640441895,0.0,0.75,0.34326171875,0,,0.1298828125
low,101,1,project,2560,0.15770348837209303,8.072789192199707,0.994140625,0.039151761680841446,0.9365234375,0.3226543664932251,0.03369140625,1.0,0.94775390625,30,0.9333333333333333,0.9990234375,0.019320592284202576,0.9521484375,0.26775825023651123,0.0,1.0,0.2197265625,0,,0.9443359375
low,101,1,project,5120,0.7042756782945736,2.07311749458313,0.9970703125,0.011036555282771587,0.9580078125,0.16885338723659515,0.95751953125,1.0,0.9853515625,974,0.9691991786447639,0.9990234375,0.007421329151839018,0.94140625,0.24098345637321472,0.55615234375,1.0,0.7109375,468,0.9508547008547008,0.94970703125
low,101,1,project,10240,0.9553657945736435,0.2551594376564026,0.998046875,0.007962360046803951,0.962890625,0.16615039110183716,0.98974609375,1.0,0.9912109375,1012,0.9664031620553359,0.9990234375,0.004171082284301519,0.9541015625,0.1950312852859497,0.9365234375,1.0,0.87109375,957,0.9540229885057471,0.95849609375
low,101,1,project,15360,0.9303536821705426,0.3324264585971832,1.0,0.0014802142977714539,0.9736328125,0.12489703297615051,0.99267578125,1.0,0.9912109375,1018,0.9734774066797642,0.9931640625,0.02473604679107666,0.9462890625,0.23746998608112335,0.77880859375,1.0,0.90576171875,792,0.9545454545454546,0.9599609375
low,101,1,neither,0,0.0,8.515497207641602,0.0,8.440531730651855,0.0,8.43869400024414,0.0,0.0,0.0,0,,0.0,8.459449768066406,0.0,8.462051391601562,0.0,0.0,0.0,0,,0.0
low,101,1,neither,1280,0.11773255813953488,7.1197686195373535,0.814453125,0.9797577261924744,0.2509765625,3.2931928634643555,0.0,1.0,0.51025390625,0,,0.6884765625,1.2211220264434814,0.0791015625,4.0486345291137695,0.0,0.984375,0.369140625,0,,0.1650390625
low,101,1,neither,2560,0.18816618217054262,4.556619167327881,0.998046875,0.06440383940935135,0.8818359375,0.4892062246799469,0.33251953125,1.0,0.9013671875,352,0.9573863636363636,0.9921875,0.08054006099700928,0.427734375,2.178114175796509,0.11865234375,1.0,0.07861328125,106,0.7358490566037735,0.65478515625
low,101,1,neither,5120,0.8379966085271318,1.2461153268814087,1.0,0.00459650345146656,0.958984375,0.15223267674446106,0.98291015625,1.0,0.99072265625,1003,0.963110667996012,0.9990234375,0.006049095652997494,0.931640625,0.2703251838684082,0.9921875,1.0,0.98095703125,1015,0.9359605911330049,0.9453125
low,101,1,neither,10240,0.9942466085271318,0.06092043220996857,0.9990234375,0.004680100828409195,0.9326171875,0.3007146120071411,0.9921875,1.0,0.99658203125,1017,0.9360865290068829,1.0,0.0012218761257827282,0.9404296875,0.2609035074710846,0.99951171875,1.0,0.99658203125,1024,0.9404296875,0.9365234375
low,101,1,neither,15360,0.9954578488372093,0.027094054967164993,1.0,0.000546117196790874,0.9404296875,0.2339783012866974,0.9921875,1.0,0.994140625,1014,0.9418145956607495,1.0,0.0009273311006836593,0.95703125,0.1992281675338745,1.0,1.0,0.99365234375,1024,0.95703125,0.94873046875
low,102,0,company,0,0.0,8.535524368286133,0.0,8.545411109924316,0.0,8.545087814331055,0.0,0.0,0.0,0,,0.0,8.547515869140625,0.0,8.549114227294922,0.0,0.0,0.0,0,,0.0
low,102,0,company,1280,0.1104045542635659,7.39139461517334,0.806640625,0.9697701930999756,0.1640625,3.706855058670044,0.0,1.0,0.45849609375,0,,0.7236328125,1.1248927116394043,0.04296875,4.354043483734131,0.0,0.984375,0.36376953125,0,,0.103515625
low,102,0,company,2560,0.171390503875969,6.060473918914795,0.9990234375,0.031499020755290985,0.5537109375,1.8387470245361328,0.1611328125,1.0,0.67333984375,137,0.8248175182481752,0.9990234375,0.031177183613181114,0.8076171875,0.8262916803359985,0.15478515625,1.0,0.31884765625,152,0.9473684210526315,0.6806640625
low,102,0,company,5120,0.6646681201550387,2.049635171890259,0.9990234375,0.0036496571265161037,0.9443359375,0.25292280316352844,0.3525390625,1.0,0.98681640625,341,0.9354838709677419,0.998046875,0.00590097438544035,0.9345703125,0.3294554352760315,0.984375,1.0,0.603515625,1005,0.9402985074626866,0.939453125
low,102,0,company,10240,0.9852228682170543,0.07994989305734634,1.0,0.000271380617050454,0.9541015625,0.19835786521434784,0.92822265625,1.0,0.99267578125,947,0.9588173178458289,0.9970703125,0.00958874262869358,0.935546875,0.44917619228363037,0.9970703125,1.0,0.974609375,1020,0.9362745098039216,0.94482421875
low,102,0,company,15360,0.9921875,0.034976184368133545,0.9990234375,0.003018988762050867,0.9716796875,0.12620572745800018,0.9873046875,1.0,0.98291015625,1010,0.9732673267326732,0.998046875,0.013723338954150677,0.9375,0.4722135066986084,0.998046875,1.0,0.9775390625,1022,0.9373776908023483,0.95458984375
low,102,0,project,0,0.0,8.535524368286133,0.0,8.545411109924316,0.0,8.545087814331055,0.0,0.0,0.0,0,,0.0,8.547515869140625,0.0,8.549114227294922,0.0,0.0,0.0,0,,0.0
low,102,0,project,1280,0.11670300387596899,7.652194023132324,0.826171875,0.7252377271652222,0.2314453125,3.4579763412475586,0.0,1.0,0.5185546875,0,,0.7099609375,0.9994387626647949,0.03125,4.980905532836914,0.0,0.96875,0.35400390625,0,,0.13134765625
low,102,0,project,2560,0.17132994186046513,7.686270236968994,0.9990234375,0.0378241166472435,0.8994140625,0.40902984142303467,0.3193359375,1.0,0.94189453125,386,0.9300518134715026,0.9990234375,0.031678877770900726,0.8642578125,0.595605731010437,0.00048828125,0.984375,0.0498046875,0,,0.8818359375
low,102,0,project,5120,0.803234011627907,1.3411533832550049,0.9990234375,0.007142158225178719,0.923828125,0.31729525327682495,0.98046875,1.0,0.98828125,1006,0.9264413518886679,1.0,0.0038433291483670473,0.931640625,0.27872955799102783,0.9892578125,1.0,0.7275390625,1015,0.9320197044334976,0.927734375
low,102,0,project,10240,0.9660247093023255,0.16322782635688782,0.99609375,0.008688061498105526,0.9189453125,0.4079393744468689,0.9892578125,1.0,0.98486328125,1009,0.9217046580773043,1.0,0.0013433652929961681,0.9560546875,0.2037770003080368,0.99755859375,1.0,0.86767578125,1022,0.9569471624266145,0.9375
low,102,0,project,15360,0.9877664728682171,0.0494067519903183,1.0,0.001143304631114006,0.931640625,0.3695550858974457,0.9990234375,1.0,0.99267578125,1023,0.9315738025415444,1.0,0.0005309035768732429,0.9609375,0.19024819135665894,0.98876953125,1.0,0.9541015625,1010,0.9613861386138614,0.9462890625
low,102,0,neither,0,0.0,8.535524368286133,0.0,8.545411109924316,0.0,8.545087814331055,0.0,0.0,0.0,0,,0.0,8.547515869140625,0.0,8.549114227294922,0.0,0.0,0.0,0,,0.0
low,102,0,neither,1280,0.057109980620155036,6.6738176345825195,0.419921875,2.567903995513916,0.0830078125,3.5410354137420654,0.0,0.875,0.228515625,0,,0.3779296875,2.6223325729370117,0.0576171875,3.650221824645996,0.0,0.09375,0.1982421875,0,,0.0703125
low,102,0,neither,2560,0.15152616279069767,6.0662455558776855,0.8486328125,0.4206119775772095,0.3984375,2.2618305683135986,0.11669921875,1.0,0.60205078125,113,0.504424778761062,0.8095703125,0.5279911756515503,0.154296875,3.605377674102783,0.04443359375,1.0,0.388671875,24,0.7083333333333334,0.2763671875
low,102,0,neither,5120,0.6770833333333334,1.9054300785064697,0.9990234375,0.006484135054051876,0.90234375,0.37554633617401123,0.8837890625,1.0,0.96923828125,878,0.9191343963553531,1.0,0.007335290778428316,0.8466796875,0.5140484571456909,0.95361328125,0.984375,0.8330078125,945,0.8645502645502645,0.87451171875
low,102,0,neither,10240,0.9659035852713178,0.18979646265506744,0.9990234375,0.008562185801565647,0.9677734375,0.16849592328071594,0.9951171875,1.0,0.99609375,1019,0.971540726202159,0.998046875,0.003926598466932774,0.9248046875,0.39613187313079834,0.9921875,0.984375,0.98486328125,997,0.9247743229689067,0.9462890625
low,102,0,neither,15360,0.990734011627907,0.054822877049446106,0.9990234375,0.004048752598464489,0.9521484375,0.15912455320358276,0.9990234375,1.0,0.998046875,1023,0.9521016617790812,0.9990234375,0.006393214222043753,0.93359375,0.3524278998374939,0.9951171875,1.0,0.9814453125,1022,0.9334637964774951,0.94287109375
low,102,1,company,0,0.0,8.52757453918457,0.0,8.441104888916016,0.0,8.438230514526367,0.0,0.0,0.0,0,,0.0,8.487354278564453,0.0,8.482877731323242,0.0,0.0,0.0,0,,0.0
low,102,1,company,1280,0.11131298449612403,7.322509288787842,0.7998046875,0.9651538133621216,0.166015625,3.7507805824279785,0.0,1.0,0.46728515625,0,,0.7109375,1.1520558595657349,0.048828125,4.375617980957031,0.0,0.890625,0.36328125,0,,0.107421875
low,102,1,company,2560,0.24315649224806202,4.655149459838867,0.9931640625,0.11280453205108643,0.353515625,2.6524925231933594,0.38232421875,1.0,0.59814453125,225,0.7777777777777778,0.9951171875,0.08489151298999786,0.46875,2.22813081741333,0.3310546875,1.0,0.568359375,302,0.7781456953642384,0.4111328125
low,102,1,company,5120,0.8161337209302325,1.451931118965149,1.0,0.004468386527150869,0.9091796875,0.39259591698646545,0.8505859375,1.0,0.962890625,861,0.9233449477351916,0.9990234375,0.0057074869982898235,0.876953125,0.4852299094200134,0.9736328125,1.0,0.69140625,996,0.8785140562248996,0.89306640625
low,102,1,company,10240,0.9603318798449613,0.20161353051662445,0.99609375,0.011253409087657928,0.90234375,0.4461170434951782,0.966796875,1.0,0.98583984375,987,0.9088145896656535,0.9970703125,0.010899718850851059,0.9150390625,0.41067245602607727,0.998046875,1.0,0.8759765625,1021,0.9147894221351616,0.90869140625
low,102,1,company,15360,0.9928536821705426,0.03294600546360016,0.9951171875,0.012568132020533085,0.9345703125,0.4040730893611908,0.9892578125,1.0,0.9931640625,1015,0.9389162561576355,0.9990234375,0.0010871334234252572,0.9423828125,0.3111637234687805,0.99951171875,1.0,0.98876953125,1024,0.9423828125,0.9384765625
low,102,1,project,0,0.0,8.52757453918457,0.0,8.441104888916016,0.0,8.438230514526367,0.0,0.0,0.0,0,,0.0,8.487354278564453,0.0,8.482877731323242,0.0,0.0,0.0,0,,0.0
low,102,1,project,1280,0.11633963178294573,7.600666522979736,0.841796875,0.7170793414115906,0.234375,3.4530582427978516,0.0,1.0,0.5185546875,0,,0.70703125,1.0076165199279785,0.0322265625,4.918249130249023,0.0,1.0,0.349609375,0,,0.13330078125
low,102,1,project,2560,0.15528100775193798,6.985661506652832,0.9990234375,0.029825309291481972,0.9111328125,0.4061862826347351,0.17626953125,1.0,0.9296875,180,0.9611111111111111,0.9990234375,0.024664506316184998,0.91796875,0.38099247217178345,0.0009765625,0.96875,0.07666015625,1,1.0,0.91455078125
low,102,1,project,5120,0.9287790697674418,0.9822876453399658,1.0,0.0023015630431473255,0.94140625,0.2479219287633896,0.98193359375,1.0,0.990234375,1006,0.9443339960238568,1.0,0.004429191816598177,0.896484375,0.4193415641784668,0.97412109375,1.0,0.85888671875,994,0.9044265593561368,0.9189453125
low,102,1,project,10240,0.9911579457364341,0.04928383231163025,0.998046875,0.009042407386004925,0.931640625,0.3406858444213867,0.98974609375,1.0,0.994140625,1014,0.9329388560157791,1.0,0.0010314392857253551,0.93359375,0.3323208689689636,0.982421875,1.0,0.97021484375,1005,0.9383084577114428,0.9326171875
low,102,1,project,15360,0.9964874031007752,0.01655995473265648,0.998046875,0.005124910734593868,0.939453125,0.3757469654083252,0.99755859375,1.0,0.9931640625,1020,0.9411764705882353,1.0,0.0009524751221761107,0.947265625,0.3431336581707001,1.0,1.0,0.984375,1024,0.947265625,0.943359375
low,102,1,neither,0,0.0,8.52757453918457,0.0,8.441104888916016,0.0,8.438230514526367,0.0,0.0,0.0,0,,0.0,8.487354278564453,0.0,8.482877731323242,0.0,0.0,0.0,0,,0.0
low,102,1,neither,1280,0.09126695736434108,6.610571384429932,0.6943359375,1.9357926845550537,0.126953125,3.38360333442688,0.0,1.0,0.3798828125,0,,0.6298828125,2.061018705368042,0.0537109375,3.8170411586761475,0.0,0.21875,0.31396484375,0,,0.09033203125
low,102,1,neither,2560,0.18162548449612403,5.245062351226807,0.92578125,0.29782819747924805,0.49609375,1.76934814453125,0.09619140625,1.0,0.6826171875,95,0.7263157894736842,0.8623046875,0.47836804389953613,0.1767578125,3.3269262313842773,0.25439453125,0.96875,0.35986328125,142,0.6126760563380281,0.33642578125
low,102,1,neither,5120,0.7122093023255814,1.8090847730636597,1.0,0.010099060833454132,0.923828125,0.2748847007751465,0.9892578125,1.0,0.97021484375,1013,0.926949654491609,0.99609375,0.01919298991560936,0.8798828125,0.45797526836395264,0.974609375,0.984375,0.880859375,973,0.8920863309352518,0.90185546875
low,102,1,neither,10240,0.9600896317829457,0.20771822333335876,0.9970703125,0.011100326664745808,0.9296875,0.35329684615135193,0.9853515625,1.0,0.990234375,1002,0.93812375249501,1.0,0.0021140603348612785,0.9169921875,0.4433465600013733,0.9990234375,1.0,0.9482421875,1024,0.9169921875,0.92333984375
low,102,1,neither,15360,0.9917635658914729,0.04820207878947258,0.998046875,0.016726218163967133,0.943359375,0.3205382227897644,0.9873046875,1.0,0.99267578125,1009,0.9464816650148662,1.0,0.000422546494519338,0.931640625,0.4168546795845032,0.99951171875,1.0,0.99267578125,1024,0.931640625,0.9375
low,103,0,company,0,0.0,8.53948974609375,0.0,8.538076400756836,0.0,8.533557891845703,0.0,0.0,0.0,0,,0.0,8.51555061340332,0.0,8.515798568725586,0.0,0.0,0.0,0,,0.0
low,103,0,company,1280,0.1108890503875969,7.41222620010376,0.794921875,0.8422806262969971,0.1494140625,3.970524549484253,0.0,1.0,0.451171875,0,,0.7294921875,0.9739580154418945,0.0654296875,4.428972244262695,0.0,0.9375,0.37744140625,0,,0.107421875
low,103,0,company,2560,0.22420058139534885,4.944705009460449,0.9873046875,0.08178435266017914,0.4775390625,2.265615701675415,0.2333984375,1.0,0.671875,150,0.8333333333333334,0.9931640625,0.05634887516498566,0.693359375,1.310200572013855,0.29833984375,1.0,0.5283203125,290,0.8793103448275862,0.58544921875
low,103,0,company,5120,0.7264413759689923,1.6377160549163818,0.9990234375,0.006405448541045189,0.900390625,0.42116034030914307,0.73046875,1.0,0.92333984375,725,0.9172413793103448,0.9990234375,0.007148568518459797,0.8994140625,0.4009491503238678,0.97119140625,1.0,0.73779296875,987,0.9118541033434651,0.89990234375
low,103,0,company,10240,0.9605741279069767,0.1882048398256302,0.998046875,0.008158273994922638,0.9423828125,0.28619542717933655,0.96923828125,1.0,0.97705078125,991,0.9485368314833501,0.998046875,0.010596905834972858,0.921875,0.3882877230644226,0.9658203125,1.0,0.87255859375,988,0.9240890688259109,0.93212890625
low,103,0,company,15360,0.984375,0.07483384758234024,0.9990234375,0.006148948334157467,0.95703125,0.20098088681697845,0.98583984375,1.0,0.99560546875,1010,0.9564356435643564,1.0,0.0002648603403940797,0.94140625,0.36205965280532837,0.98486328125,1.0,0.97509765625,1010,0.9425742574257425,0.94921875
low,103,0,project,0,0.0,8.53948974609375,0.0,8.538076400756836,0.0,8.533557891845703,0.0,0.0,0.0,0,,0.0,8.51555061340332,0.0,8.515798568725586,0.0,0.0,0.0,0,,0.0
low,103,0,project,1280,0.11482558139534883,7.309591770172119,0.8505859375,0.6449966430664062,0.2197265625,3.5831942558288574,0.0,1.0,0.4951171875,0,,0.7392578125,0.895995020866394,0.0380859375,5.013404846191406,0.0,0.96875,0.36376953125,0,,0.12890625
low,103,0,project,2560,0.29421027131782945,5.293731212615967,0.9921875,0.052087459713220596,0.892578125,0.4582846760749817,0.65966796875,1.0,0.93896484375,657,0.9467275494672754,0.9990234375,0.026046311482787132,0.8544921875,0.6531519889831543,0.49462890625,1.0,0.20703125,486,0.934156378600823,0.87353515625
low,103,0,project,5120,0.943374515503876,0.926629364490509,0.99609375,0.012415456585586071,0.9345703125,0.308921217918396,0.98583984375,1.0,0.9892578125,1004,0.9452191235059761,0.9990234375,0.006909590680152178,0.896484375,0.444813072681427,0.9921875,1.0,0.71533203125,1012,0.9011857707509882,0.91552734375
low,103,0,project,10240,0.9896438953488372,0.054848939180374146,0.9970703125,0.01565348543226719,0.94921875,0.25851255655288696,0.99072265625,1.0,0.9921875,1016,0.9517716535433071,1.0,0.0006464584730565548,0.9306640625,0.3428207337856293,0.9912109375,1.0,0.95849609375,1014,0.9319526627218935,0.93994140625
low,103,0,project,15360,0.9959423449612403,0.019015831872820854,0.998046875,0.007370754145085812,0.9482421875,0.30009129643440247,0.99951171875,1.0,0.9931640625,1023,0.9491691104594331,0.9990234375,0.00504425261169672,0.919921875,0.4476245641708374,0.9990234375,1.0,0.97998046875,1023,0.9198435972629521,0.93408203125
low,103,0,neither,0,0.0,8.53948974609375,0.0,8.538076400756836,0.0,8.533557891845703,0.0,0.0,0.0,0,,0.0,8.51555061340332,0.0,8.515798568725586,0.0,0.0,0.0,0,,0.0
low,103,0,neither,1280,0.05565649224806202,6.5554046630859375,0.40234375,2.618154764175415,0.0673828125,3.5316996574401855,0.0009765625,0.875,0.2109375,2,0.0,0.388671875,2.6518826484680176,0.048828125,3.6543478965759277,0.0,0.078125,0.20068359375,0,,0.05810546875
low,103,0,neither,2560,0.1564922480620155,5.369236469268799,0.9345703125,0.25301676988601685,0.423828125,2.235861301422119,0.0546875,1.0,0.611328125,49,0.5510204081632653,0.90234375,0.3633762001991272,0.18359375,3.4080810546875,0.14306640625,0.90625,0.38134765625,65,0.49230769230769234,0.3037109375
low,103,0,neither,5120,0.5948401162790697,2.1202328205108643,0.9990234375,0.00889943540096283,0.8974609375,0.4161490201950073,0.6484375,1.0,0.9677734375,614,0.9299674267100977,0.9990234375,0.009328855201601982,0.8525390625,0.5649187564849854,0.84228515625,1.0,0.78369140625,814,0.8869778869778869,0.875
low,103,0,neither,10240,0.9702640503875969,0.15908172726631165,0.9970703125,0.003909881226718426,0.931640625,0.31995415687561035,0.9814453125,1.0,0.986328125,997,0.9398194583751254,1.0,0.002244589850306511,0.92578125,0.41015002131462097,0.9873046875,1.0,0.9541015625,1011,0.933728981206726,0.9287109375
low,103,0,neither,15360,0.9906734496124031,0.05056219547986984,0.9951171875,0.014870496466755867,0.9384765625,0.2765721380710602,0.9921875,1.0,0.99072265625,1012,0.941699604743083,1.0,0.0003754572826437652,0.9326171875,0.39053499698638916,0.99658203125,1.0,0.9794921875,1019,0.9362119725220804,0.935546875
low,103,1,company,0,0.0,8.525311470031738,0.0,8.532124519348145,0.0,8.53483772277832,0.0,0.0,0.0,0,,0.0,8.527351379394531,0.0,8.526070594787598,0.0,0.0,0.0,0,,0.0
low,103,1,company,1280,0.11094961240310078,7.328685760498047,0.8056640625,0.8060010671615601,0.1328125,4.013616561889648,0.0,1.0,0.4599609375,0,,0.7333984375,0.9487502574920654,0.046875,4.63416051864624,0.0,0.953125,0.3681640625,0,,0.08984375
low,103,1,company,2560,0.1667877906976744,5.639865875244141,1.0,0.041163891553878784,0.517578125,1.9491963386535645,0.193359375,1.0,0.68310546875,146,0.9041095890410958,1.0,0.031954213976860046,0.7587890625,0.9586783647537231,0.00634765625,1.0,0.3837890625,4,1.0,0.63818359375
low,103,1,company,5120,0.9317466085271318,1.021243691444397,0.998046875,0.0070209684781730175,0.9326171875,0.30307716131210327,0.99072265625,1.0,0.982421875,1014,0.9368836291913215,0.9970703125,0.010218484327197075,0.9423828125,0.25177833437919617,0.98583984375,1.0,0.90478515625,1005,0.9472636815920398,0.9375
low,103,1,company,10240,0.994125484496124,0.044823724776506424,0.9912109375,0.031271450221538544,0.9228515625,0.44555941224098206,0.99755859375,1.0,0.984375,1020,0.9264705882352942,1.0,0.0004681033897213638,0.935546875,0.27261263132095337,0.9970703125,1.0,0.98876953125,1023,0.9364613880742912,0.92919921875
low,103,1,company,15360,0.9953972868217055,0.0241481214761734,1.0,0.0003391033096704632,0.93359375,0.40964484214782715,0.9990234375,1.0,0.9970703125,1023,0.9345063538611925,1.0,0.00033034259104169905,0.9521484375,0.2539134621620178,0.990234375,1.0,0.99609375,1017,0.951819075712881,0.94287109375
low,103,1,project,0,0.0,8.525311470031738,0.0,8.532124519348145,0.0,8.53483772277832,0.0,0.0,0.0,0,,0.0,8.527351379394531,0.0,8.526070594787598,0.0,0.0,0.0,0,,0.0
low,103,1,project,1280,0.11300872093023256,7.557765483856201,0.8505859375,0.6703689098358154,0.1962890625,3.6529533863067627,0.0,1.0,0.49951171875,0,,0.7431640625,0.9093515872955322,0.04296875,4.939998149871826,0.0,1.0,0.345703125,0,,0.11962890625
low,103,1,project,2560,0.22868217054263565,5.685294151306152,0.9951171875,0.04050781577825546,0.9560546875,0.25916850566864014,0.4990234375,1.0,0.9501953125,523,0.994263862332696,0.9990234375,0.02854025550186634,0.923828125,0.37708353996276855,0.02685546875,1.0,0.30126953125,28,1.0,0.93994140625
low,103,1,project,5120,0.9067950581395349,0.9651150107383728,0.9990234375,0.010094430297613144,0.9169921875,0.32034891843795776,0.98779296875,1.0,0.97412109375,1012,0.9229249011857708,1.0,0.004144017584621906,0.919921875,0.33930447697639465,0.919921875,1.0,0.94775390625,945,0.9227513227513228,0.91845703125
low,103,1,project,10240,0.9802567829457365,0.11319815367460251,1.0,0.0015543814515694976,0.9443359375,0.38887643814086914,0.98486328125,1.0,0.98779296875,1010,0.9504950495049505,0.9990234375,0.003171319840475917,0.9404296875,0.31989219784736633,0.99755859375,1.0,0.98974609375,1021,0.940254652301665,0.9423828125
low,103,1,project,15360,0.9799539728682171,0.09514892846345901,1.0,0.0010009201942011714,0.9365234375,0.3757840394973755,0.99951171875,1.0,0.99462890625,1023,0.9374389051808406,0.998046875,0.004576725419610739,0.943359375,0.3334771394729614,0.96875,1.0,0.97021484375,995,0.9437185929648241,0.93994140625
low,103,1,neither,0,0.0,8.525311470031738,0.0,8.532124519348145,0.0,8.53483772277832,0.0,0.0,0.0,0,,0.0,8.527351379394531,0.0,8.526070594787598,0.0,0.0,0.0,0,,0.0
low,103,1,neither,1280,0.04281734496124031,7.113372325897217,0.302734375,2.800638198852539,0.04296875,3.5994138717651367,0.0,0.71875,0.162109375,0,,0.2880859375,2.8338088989257812,0.0478515625,3.645353078842163,0.0,0.078125,0.14794921875,0,,0.04541015625
low,103,1,neither,2560,0.13214631782945738,6.350096702575684,0.9990234375,0.0631599947810173,0.671875,1.3284367322921753,0.0068359375,1.0,0.78857421875,4,1.0,0.9990234375,0.07766254246234894,0.248046875,3.429307699203491,0.00927734375,1.0,0.1962890625,7,0.42857142857142855,0.4599609375
low,103,1,neither,5120,0.7873062015503876,1.5440633296966553,0.9990234375,0.007344172801822424,0.955078125,0.1915910243988037,0.99560546875,1.0,0.986328125,1020,0.9558823529411765,0.9990234375,0.009930448606610298,0.9111328125,0.3130250573158264,0.9697265625,1.0,0.8974609375,980,0.9163265306122449,0.93310546875
low,103,1,neither,10240,0.9905523255813954,0.05545612424612045,1.0,0.0006445788312703371,0.9501953125,0.2826302945613861,0.97802734375,1.0,0.9921875,1001,0.952047952047952,0.9990234375,0.004028839059174061,0.95703125,0.19775666296482086,0.9970703125,1.0,0.9794921875,1022,0.9579256360078278,0.95361328125
low,103,1,neither,15360,0.9969113372093024,0.018081434071063995,1.0,0.0001498465717304498,0.955078125,0.29720112681388855,0.99951171875,1.0,0.99755859375,1023,0.9560117302052786,1.0,0.0001643034629523754,0.9638671875,0.1926991045475006,0.99951171875,1.0,0.98828125,1023,0.9648093841642229,0.95947265625
low,104,0,company,0,0.0,8.535379409790039,0.0,8.522550582885742,0.0,8.5213041305542,0.0,0.0,0.0,0,,0.0,8.55470085144043,0.0,8.55197525024414,0.0,0.0,0.0,0,,0.0
low,104,0,company,1280,0.11004118217054264,7.559141635894775,0.8037109375,0.8873822689056396,0.1328125,3.90248441696167,0.0,1.0,0.44580078125,0,,0.734375,1.0115242004394531,0.048828125,4.479433059692383,0.0,1.0,0.369140625,0,,0.0908203125
low,104,0,company,2560,0.19125484496124032,5.778296947479248,0.9970703125,0.04364617168903351,0.5908203125,1.592672348022461,0.2734375,1.0,0.734375,279,0.7849462365591398,0.9990234375,0.03435114026069641,0.6357421875,1.3451108932495117,0.0224609375,1.0,0.43798828125,22,0.9545454545454546,0.61328125
low,104,0,company,5120,0.8612524224806202,1.2280548810958862,0.9990234375,0.009028565138578415,0.9677734375,0.12661093473434448,0.9697265625,1.0,0.9150390625,985,0.9736040609137055,0.9970703125,0.014766762033104897,0.931640625,0.29444578289985657,0.982421875,1.0,0.892578125,998,0.9378757515030061,0.94970703125
low,104,0,company,10240,0.9840721899224806,0.1027204692363739,0.99609375,0.022689931094646454,0.9697265625,0.1093924269080162,0.99560546875,1.0,0.990234375,1017,0.9705014749262537,1.0,0.0005523149156942964,0.943359375,0.22781270742416382,0.99755859375,1.0,0.986328125,1020,0.9470588235294117,0.95654296875
low,104,0,company,15360,0.9887960271317829,0.056592803448438644,0.9990234375,0.0038800241891294718,0.974609375,0.10724632441997528,0.98095703125,1.0,0.98974609375,1001,0.981018981018981,0.9990234375,0.0016698664985597134,0.94921875,0.24854162335395813,0.99755859375,1.0,0.9921875,1021,0.9520078354554359,0.9619140625
low,104,0,project,0,0.0,8.535379409790039,0.0,8.522550582885742,0.0,8.5213041305542,0.0,0.0,0.0,0,,0.0,8.55470085144043,0.0,8.55197525024414,0.0,0.0,0.0,0,,0.0
low,104,0,project,1280,0.11809593023255814,7.678718566894531,0.8359375,0.6903918385505676,0.2392578125,3.4896392822265625,0.0,1.0,0.52978515625,0,,0.7109375,0.972903847694397,0.052734375,4.786580562591553,0.0,1.0,0.3525390625,0,,0.14599609375
low,104,0,project,2560,0.1345687984496124,8.121301651000977,0.99609375,0.03413021191954613,0.943359375,0.2831265330314636,0.0166015625,1.0,0.9541015625,24,1.0,1.0,0.021920815110206604,0.9267578125,0.3139153718948364,0.0,1.0,0.04541015625,0,,0.93505859375
low,104,0,project,5120,0.6105256782945736,2.261934995651245,1.0,0.0033793982584029436,0.9580078125,0.16812767088413239,0.9931640625,1.0,0.78857421875,1014,0.9585798816568047,0.9990234375,0.008448971435427666,0.9306640625,0.2687488794326782,0.53369140625,1.0,0.626953125,579,0.9378238341968912,0.9443359375
low,104,0,project,10240,0.9822553294573644,0.09613950550556183,1.0,0.0002729383413679898,0.96484375,0.18219885230064392,0.99951171875,1.0,0.99560546875,1023,0.9648093841642229,1.0,0.0012411238858476281,0.9599609375,0.18226642906665802,0.9677734375,1.0,0.982421875,997,0.9618856569709128,0.96240234375
low,104,0,project,15360,0.9900678294573644,0.044385481625795364,0.9990234375,0.00391008798032999,0.95703125,0.2006852626800537,0.9833984375,1.0,0.99609375,1003,0.9601196410767697,1.0,0.0004998702206648886,0.9677734375,0.12997418642044067,0.99462890625,1.0,0.98193359375,1018,0.9695481335952849,0.96240234375
low,104,0,neither,0,0.0,8.535379409790039,0.0,8.522550582885742,0.0,8.5213041305542,0.0,0.0,0.0,0,,0.0,8.55470085144043,0.0,8.55197525024414,0.0,0.0,0.0,0,,0.0
low,104,0,neither,1280,0.10065406976744186,6.956836223602295,0.7509765625,1.594477653503418,0.1474609375,3.4683499336242676,0.0,1.0,0.41845703125,0,,0.6845703125,1.7101025581359863,0.07421875,3.8107104301452637,0.0,0.390625,0.34521484375,0,,0.11083984375
low,104,0,neither,2560,0.1373546511627907,6.134207725524902,0.9990234375,0.0464954636991024,0.8095703125,0.8198322057723999,0.0,1.0,0.880859375,0,,0.998046875,0.06004111468791962,0.619140625,1.4613025188446045,0.0517578125,1.0,0.10205078125,43,0.8837209302325582,0.71435546875
low,104,0,neither,5120,0.8447795542635659,1.3652137517929077,0.9990234375,0.008021065965294838,0.919921875,0.3475228548049927,0.9951171875,1.0,0.98046875,1018,0.9204322200392927,1.0,0.003935725428164005,0.974609375,0.0786743015050888,0.9677734375,1.0,0.8037109375,984,0.9735772357723578,0.947265625
low,104,0,neither,10240,0.9913396317829457,0.06426039338111877,0.9990234375,0.007742074318230152,0.9306640625,0.4203527867794037,0.9970703125,1.0,0.98974609375,1020,0.9323529411764706,0.9990234375,0.0037017161957919598,0.9560546875,0.15698614716529846,0.99365234375,1.0,0.970703125,1017,0.9577187807276303,0.943359375
low,104,0,neither,15360,0.9947916666666666,0.027417033910751343,0.9990234375,0.00911042932420969,0.9306640625,0.39457204937934875,0.9921875,1.0,0.99853515625,1018,0.931237721021611,0.9990234375,0.010574796237051487,0.962890625,0.1609029769897461,0.9990234375,1.0,0.9794921875,1024,0.962890625,0.94677734375
low,104,1,company,0,0.0,8.492815971374512,0.0,8.486936569213867,0.0,8.490633010864258,0.0,0.0,0.0,0,,0.0,8.480864524841309,0.0,8.48127555847168,0.0,0.0,0.0,0,,0.0
low,104,1,company,1280,0.10537790697674419,6.9333014488220215,0.814453125,1.1106135845184326,0.150390625,3.710956335067749,0.0,1.0,0.43798828125,0,,0.703125,1.3873646259307861,0.0517578125,4.226966381072998,0.0,1.0,0.34326171875,0,,0.10107421875
low,104,1,company,2560,0.1696342054263566,6.150539398193359,1.0,0.03333967179059982,0.6669921875,1.3818128108978271,0.3466796875,1.0,0.787109375,276,0.9021739130434783,0.9990234375,0.0392320342361927,0.806640625,0.8033899664878845,0.00146484375,1.0,0.158203125,0,,0.73681640625
low,104,1,company,5120,0.8806928294573644,1.1321121454238892,1.0,0.002857122104614973,0.9501953125,0.22859875857830048,0.9482421875,1.0,0.9853515625,957,0.9519331243469175,1.0,0.005493479780852795,0.880859375,0.468511164188385,0.9765625,1.0,0.962890625,990,0.8909090909090909,0.91552734375
low,104,1,company,10240,0.9898255813953488,0.06013398990035057,0.9990234375,0.003197483252733946,0.9482421875,0.22371719777584076,0.99609375,1.0,0.99365234375,1018,0.9489194499017681,1.0,0.0009937684517353773,0.9365234375,0.33040541410446167,0.98388671875,1.0,0.9697265625,1002,0.9401197604790419,0.9423828125
low,104,1,company,15360,0.9844961240310077,0.06667971611022949,0.998046875,0.004472690634429455,0.958984375,0.198129802942276,0.94482421875,1.0,0.99365234375,977,0.9590583418628454,1.0,0.00010216225200565532,0.9462890625,0.2757169008255005,0.9921875,1.0,0.978515625,1019,0.9479882237487733,0.95263671875
low,104,1,project,0,0.0,8.492815971374512,0.0,8.486936569213867,0.0,8.490633010864258,0.0,0.0,0.0,0,,0.0,8.480864524841309,0.0,8.48127555847168,0.0,0.0,0.0,0,,0.0
low,104,1,project,1280,0.1159156976744186,7.533452987670898,0.833984375,0.7425621747970581,0.22265625,3.556915044784546,0.0,1.0,0.51953125,0,,0.7138671875,1.0129534006118774,0.044921875,4.684941291809082,0.0,1.0,0.34619140625,0,,0.1337890625
low,104,1,project,2560,0.1882267441860465,7.515132427215576,0.9970703125,0.02536768838763237,0.9423828125,0.26245826482772827,0.439453125,1.0,0.9541015625,457,0.9715536105032823,1.0,0.03041134402155876,0.87890625,0.57492995262146,0.0,1.0,0.05322265625,0,,0.91064453125
low,104,1,project,5120,0.8495033914728682,1.3647277355194092,0.998046875,0.010882683098316193,0.9453125,0.20422399044036865,0.99169921875,1.0,0.98828125,1015,0.948768472906404,1.0,0.0053565483540296555,0.9013671875,0.3767133951187134,0.74267578125,1.0,0.5458984375,775,0.9096774193548387,0.92333984375
low,104,1,project,10240,0.9768653100775194,0.11915986239910126,0.998046875,0.009767980314791203,0.9580078125,0.19998636841773987,0.97607421875,1.0,0.9873046875,990,0.9656565656565657,0.9970703125,0.005299216136336327,0.935546875,0.3000170588493347,0.98193359375,1.0,0.9365234375,1007,0.9344587884806356,0.94677734375
low,104,1,project,15360,0.9932170542635659,0.03585246577858925,1.0,0.00013288171612657607,0.96484375,0.18607114255428314,0.99951171875,1.0,0.99609375,1023,0.9657869012707723,1.0,0.0009534655837342143,0.9560546875,0.18115204572677612,0.99658203125,1.0,0.99169921875,1018,0.9597249508840865,0.96044921875
low,104,1,neither,0,0.0,8.492815971374512,0.0,8.486936569213867,0.0,8.490633010864258,0.0,0.0,0.0,0,,0.0,8.480864524841309,0.0,8.48127555847168,0.0,0.0,0.0,0,,0.0
low,104,1,neither,1280,0.002180232558139535,7.992168426513672,0.04296875,3.486754894256592,0.0380859375,3.5124216079711914,0.0,0.0625,0.009765625,0,,0.0439453125,3.4842519760131836,0.033203125,3.5103187561035156,0.0,0.03125,0.0048828125,0,,0.03564453125
low,104,1,neither,2560,0.12185077519379844,6.248229026794434,0.869140625,0.4315774440765381,0.3359375,3.0483202934265137,0.00048828125,1.0,0.51708984375,1,0.0,0.8291015625,0.5586280822753906,0.1123046875,4.4862213134765625,0.00048828125,1.0,0.39208984375,1,1.0,0.22412109375
low,104,1,neither,5120,0.4242369186046512,4.294134140014648,0.998046875,0.011791194789111614,0.9384765625,0.20660865306854248,0.7275390625,1.0,0.96240234375,756,0.9523809523809523,1.0,0.009705980308353901,0.9150390625,0.3366435170173645,0.7431640625,1.0,0.87841796875,764,0.93717277486911,0.9267578125
low,104,1,neither,10240,0.875484496124031,0.6057572960853577,0.9970703125,0.004358564969152212,0.947265625,0.1959444135427475,0.95849609375,1.0,0.986328125,986,0.9482758620689655,1.0,0.0018391839694231749,0.9169921875,0.30155470967292786,0.984375,1.0,0.99072265625,1010,0.9188118811881189,0.93212890625
low,104,1,neither,15360,0.9868580426356589,0.06893481314182281,1.0,0.0006891782395541668,0.9501953125,0.2204134464263916,0.998046875,1.0,0.99365234375,1022,0.952054794520548,0.998046875,0.010839218273758888,0.916015625,0.37269315123558044,0.97998046875,1.0,0.98388671875,1000,0.919,0.93310546875
low,105,0,company,0,0.0,8.531367301940918,0.0,8.55203628540039,0.0,8.552358627319336,0.0,0.0,0.0,0,,0.0,8.539593696594238,0.0,8.543041229248047,0.0,0.0,0.0,0,,0.0
low,105,0,company,1280,0.10979893410852713,7.489316463470459,0.8046875,0.8435807228088379,0.154296875,3.928882598876953,0.0,1.0,0.4580078125,0,,0.7265625,1.0190588235855103,0.041015625,4.567093849182129,0.0,0.984375,0.36181640625,0,,0.09765625
low,105,0,company,2560,0.1514656007751938,6.535984992980957,0.994140625,0.07899220287799835,0.439453125,2.1578052043914795,0.00146484375,1.0,0.60400390625,1,1.0,1.0,0.042970046401023865,0.6044921875,1.5131784677505493,0.0,1.0,0.54833984375,0,,0.52197265625
low,105,0,company,5120,0.7903343023255814,1.5080691576004028,1.0,0.0033650712575763464,0.9208984375,0.35797733068466187,0.93310546875,1.0,0.947265625,946,0.9291754756871036,1.0,0.003936159424483776,0.9130859375,0.36934563517570496,0.859375,1.0,0.8056640625,887,0.9278466741826381,0.9169921875
low,105,0,company,10240,0.9825581395348837,0.09745878726243973,0.9990234375,0.004618131555616856,0.9228515625,0.38234058022499084,0.98046875,1.0,0.98095703125,1006,0.9234592445328031,1.0,0.0006468096980825067,0.916015625,0.4149479866027832,0.98583984375,1.0,0.935546875,1011,0.9188921859545005,0.91943359375
low,105,0,company,15360,0.9940043604651163,0.02860088460147381,0.9990234375,0.006340002175420523,0.9267578125,0.3581598699092865,0.9931640625,1.0,0.9931640625,1016,0.9271653543307087,1.0,0.0001528575230622664,0.923828125,0.4414424002170563,0.9990234375,1.0,0.9833984375,1023,0.9247311827956989,0.92529296875
low,105,0,project,0,0.0,8.531367301940918,0.0,8.55203628540039,0.0,8.552358627319336,0.0,0.0,0.0,0,,0.0,8.539593696594238,0.0,8.543041229248047,0.0,0.0,0.0,0,,0.0
low,105,0,project,1280,0.11288759689922481,7.634110927581787,0.8330078125,0.7063698768615723,0.2197265625,3.6439547538757324,0.0,1.0,0.5,0,,0.705078125,0.978632390499115,0.0390625,4.986315727233887,0.0,1.0,0.3447265625,0,,0.12939453125
low,105,0,project,2560,0.1363250968992248,8.123401641845703,0.994140625,0.03983268141746521,0.93359375,0.33386239409446716,0.029296875,1.0,0.9521484375,48,0.9791666666666666,1.0,0.022926289588212967,0.9091796875,0.4263807535171509,0.0,1.0,0.0517578125,0,,0.92138671875
low,105,0,project,5120,0.8690043604651163,1.1977169513702393,0.9990234375,0.003559419186785817,0.96484375,0.13807082176208496,0.998046875,1.0,0.98828125,1022,0.9657534246575342,0.998046875,0.012052097357809544,0.916015625,0.34178251028060913,0.9248046875,1.0,0.841796875,949,0.9220231822971549,0.9404296875
low,105,0,project,10240,0.9904312015503876,0.058302074670791626,0.9990234375,0.005265367217361927,0.953125,0.24923455715179443,0.99267578125,1.0,0.99365234375,1014,0.9575936883629191,0.9990234375,0.004556864034384489,0.9453125,0.31979605555534363,0.9921875,1.0,0.97265625,1014,0.9506903353057199,0.94921875
low,105,0,project,15360,0.9831637596899225,0.03928450495004654,0.998046875,0.0034619448706507683,0.95703125,0.21009038388729095,0.9990234375,1.0,0.99658203125,1023,0.9579667644183774,1.0,0.0017970139160752296,0.94921875,0.2334206998348236,0.95068359375,0.96875,0.9716796875,950,0.9494736842105264,0.953125
low,105,0,neither,0,0.0,8.531367301940918,0.0,8.55203628540039,0.0,8.552358627319336,0.0,0.0,0.0,0,,0.0,8.539593696594238,0.0,8.543041229248047,0.0,0.0,0.0,0,,0.0
low,105,0,neither,1280,0.03573158914728682,7.148467540740967,0.2412109375,2.957840919494629,0.05078125,3.7085318565368652,0.0,0.640625,0.1220703125,0,,0.2529296875,2.9095475673675537,0.052734375,3.6746902465820312,0.0,0.109375,0.13720703125,0,,0.0517578125
low,105,0,neither,2560,0.15497819767441862,5.820608139038086,0.994140625,0.10827046632766724,0.4150390625,2.4872450828552246,0.00439453125,1.0,0.60009765625,2,1.0,0.9892578125,0.1519792079925537,0.220703125,3.281484603881836,0.26123046875,1.0,0.31494140625,168,0.5297619047619048,0.31787109375
low,105,0,neither,5120,0.7126937984496124,1.7107784748077393,1.0,0.004407806787639856,0.91796875,0.29532158374786377,0.9775390625,1.0,0.9765625,1002,0.9261477045908184,0.9990234375,0.011506402865052223,0.9091796875,0.36621540784835815,0.96875,1.0,0.93994140625,995,0.9115577889447236,0.91357421875
low,105,0,neither,10240,0.9886143410852714,0.0685390755534172,1.0,0.0008309063268825412,0.9423828125,0.2431366741657257,0.99169921875,1.0,0.98486328125,1015,0.9467980295566503,0.998046875,0.01886565238237381,0.93359375,0.35312318801879883,0.97998046875,1.0,0.9716796875,998,0.935871743486974,0.93798828125
low,105,0,neither,15360,0.9921269379844961,0.03807602822780609,0.9990234375,0.002249831799417734,0.94921875,0.27757328748703003,0.9951171875,1.0,0.9833984375,1018,0.9518664047151277,1.0,0.0009091737447306514,0.9423828125,0.3602045774459839,0.9951171875,1.0,0.984375,1018,0.9449901768172888,0.94580078125
low,105,1,company,0,0.0,8.536023139953613,0.0,8.527368545532227,0.0,8.518499374389648,0.0,0.0,0.0,0,,0.0,8.531307220458984,0.0,8.534274101257324,0.0,0.0,0.0,0,,0.0
low,105,1,company,1280,0.10889050387596899,7.431883335113525,0.79296875,0.7987301349639893,0.1396484375,4.0232391357421875,0.0,1.0,0.44580078125,0,,0.7509765625,0.9127447605133057,0.0380859375,4.687270164489746,0.0,1.0,0.36474609375,0,,0.0888671875
low,105,1,company,2560,0.18435077519379844,4.54516077041626,0.9990234375,0.03592613339424133,0.599609375,1.6272239685058594,0.025390625,1.0,0.771484375,26,0.8461538461538461,1.0,0.031405553221702576,0.8203125,0.7611467838287354,0.31005859375,1.0,0.279296875,380,0.9394736842105263,0.7099609375
low,105,1,company,5120,0.7174176356589147,1.8010320663452148,1.0,0.0029245316982269287,0.900390625,0.4398452341556549,0.8935546875,1.0,0.9716796875,920,0.9141304347826087,1.0,0.003565556835383177,0.9296875,0.2867855727672577,0.96142578125,1.0,0.43798828125,988,0.9362348178137652,0.9150390625
low,105,1,company,10240,0.7765261627906976,1.1007119417190552,1.0,0.0008245511562563479,0.9189453125,0.3839564025402069,0.90966796875,1.0,0.990234375,926,0.9319654427645788,1.0,0.0013785205082967877,0.939453125,0.34950321912765503,0.8984375,1.0,0.49560546875,953,0.9412381951731374,0.92919921875
low,105,1,company,15360,0.9892199612403101,0.05168871954083443,1.0,0.00033841407275758684,0.9453125,0.3324359953403473,0.9951171875,1.0,0.99609375,1021,0.9451518119490695,0.9990234375,0.007644161581993103,0.9462890625,0.3491036295890808,0.9990234375,1.0,0.95654296875,1023,0.946236559139785,0.94580078125
low,105,1,project,0,0.0,8.536023139953613,0.0,8.527368545532227,0.0,8.518499374389648,0.0,0.0,0.0,0,,0.0,8.531307220458984,0.0,8.534274101257324,0.0,0.0,0.0,0,,0.0
low,105,1,project,1280,0.11312984496124032,7.701442241668701,0.9501953125,0.41926485300064087,0.2568359375,3.4391212463378906,0.0,1.0,0.56982421875,0,,0.908203125,0.5420014262199402,0.0400390625,5.041927337646484,0.0,1.0,0.275390625,0,,0.1484375
low,105,1,project,2560,0.22819767441860464,7.667535305023193,0.9931640625,0.043307967483997345,0.94140625,0.2740039825439453,0.724609375,1.0,0.9453125,729,0.99039780521262,1.0,0.020207848399877548,0.9248046875,0.3494698405265808,0.0,1.0,0.10400390625,0,,0.93310546875
low,105,1,project,5120,0.919937015503876,0.9705806374549866,0.9970703125,0.0102622639387846,0.9501953125,0.1786579191684723,0.99609375,1.0,0.97412109375,1017,0.9528023598820059,0.9990234375,0.009860827587544918,0.9375,0.25094231963157654,0.953125,1.0,0.91748046875,975,0.9415384615384615,0.94384765625
low,105,1,project,10240,0.9873425387596899,0.08091515302658081,0.9990234375,0.004383421503007412,0.9521484375,0.18590101599693298,0.99365234375,1.0,0.9658203125,1019,0.9528949950932286,1.0,0.000523965572938323,0.9580078125,0.20501697063446045,0.9912109375,1.0,0.9912109375,1015,0.9605911330049262,0.955078125
low,105,1,project,15360,0.9565164728682171,0.21185292303562164,0.990234375,0.04456675052642822,0.9345703125,0.295897901058197,0.9853515625,1.0,0.97509765625,1010,0.9396039603960396,0.990234375,0.027950800955295563,0.919921875,0.31934428215026855,0.77978515625,1.0,0.97412109375,814,0.9226044226044227,0.92724609375
low,105,1,neither,0,0.0,8.536023139953613,0.0,8.527368545532227,0.0,8.518499374389648,0.0,0.0,0.0,0,,0.0,8.531307220458984,0.0,8.534274101257324,0.0,0.0,0.0,0,,0.0
low,105,1,neither,1280,0.11107073643410853,7.225459098815918,0.8359375,0.9563090801239014,0.1904296875,3.464904308319092,0.0,1.0,0.49169921875,0,,0.6865234375,1.28994882106781,0.046875,4.366746425628662,0.0,0.765625,0.34423828125,0,,0.11865234375
low,105,1,neither,2560,0.23449612403100775,4.309475421905518,0.9990234375,0.03158804401755333,0.9404296875,0.2803557515144348,0.68408203125,1.0,0.94140625,686,0.9883381924198251,1.0,0.03191934898495674,0.8466796875,0.6446576118469238,0.0771484375,1.0,0.05908203125,81,0.9629629629629629,0.8935546875
low,105,1,neither,5120,0.9252059108527132,1.0523457527160645,0.99609375,0.017416812479496002,0.927734375,0.27493059635162354,0.98876953125,1.0,0.9833984375,1012,0.9298418972332015,1.0,0.0069219255819916725,0.935546875,0.2445937991142273,0.95751953125,1.0,0.8974609375,974,0.9425051334702259,0.931640625
low,105,1,neither,10240,0.9894016472868217,0.06557804346084595,0.9970703125,0.019122065976262093,0.91796875,0.35596680641174316,0.994140625,1.0,0.98583984375,1017,0.9203539823008849,0.9970703125,0.012602051720023155,0.9375,0.2558458149433136,0.998046875,1.0,0.9677734375,1022,0.9383561643835616,0.927734375
low,105,1,neither,15360,0.9955184108527132,0.020200006663799286,1.0,0.0007336417911574244,0.9375,0.35231995582580566,0.99609375,1.0,0.99365234375,1018,0.9420432220039293,1.0,0.00012560898903757334,0.9560546875,0.21751853823661804,0.9951171875,1.0,0.9814453125,1019,0.956820412168793,0.94677734375
low,106,0,company,0,0.0,8.536683082580566,0.0,8.507610321044922,0.0,8.507421493530273,0.0,0.0,0.0,0,,0.0,8.480972290039062,0.0,8.485039710998535,0.0,0.0,0.0,0,,0.0
low,106,0,company,1280,0.11161579457364341,7.38626766204834,0.779296875,0.8108863234519958,0.1572265625,4.0171403884887695,0.0,1.0,0.44287109375,0,,0.7529296875,0.9037283658981323,0.0703125,4.457401275634766,0.0,1.0,0.38818359375,0,,0.11376953125
low,106,0,company,2560,0.13402374031007752,5.746546745300293,0.998046875,0.03397100418806076,0.7802734375,0.8778234720230103,0.01416015625,1.0,0.87255859375,18,0.9444444444444444,0.9970703125,0.04408968985080719,0.9228515625,0.41382884979248047,0.00244140625,1.0,0.0927734375,3,1.0,0.8515625
low,106,0,company,5120,0.8261264534883721,1.3732373714447021,1.0,0.005610133521258831,0.9130859375,0.35814088582992554,0.8525390625,1.0,0.97900390625,866,0.9376443418013857,1.0,0.0057243891060352325,0.9482421875,0.18714888393878937,0.98291015625,1.0,0.80517578125,1013,0.9526159921026653,0.9306640625
low,106,0,company,10240,0.9692950581395349,0.1474951207637787,1.0,0.0016217614756897092,0.9384765625,0.3113653063774109,0.94580078125,1.0,0.99462890625,966,0.9461697722567288,0.9990234375,0.0025078130420297384,0.9638671875,0.1891525685787201,0.9921875,1.0,0.974609375,1011,0.9673590504451038,0.951171875
low,106,0,company,15360,0.9892199612403101,0.05476678907871246,0.998046875,0.004908935632556677,0.9501953125,0.2319279909133911,0.99169921875,1.0,0.9931640625,1013,0.9506416584402764,0.9990234375,0.001582428114488721,0.9658203125,0.1919562667608261,0.998046875,1.0,0.98291015625,1022,0.9667318982387475,0.9580078125
low,106,0,project,0,0.0,8.536683082580566,0.0,8.507610321044922,0.0,8.507421493530273,0.0,0.0,0.0,0,,0.0,8.480972290039062,0.0,8.485039710998535,0.0,0.0,0.0,0,,0.0
low,106,0,project,1280,0.11573401162790697,7.728428840637207,0.8310546875,0.6706165075302124,0.2412109375,3.6278955936431885,0.0,1.0,0.50732421875,0,,0.7294921875,0.8973714113235474,0.0478515625,4.82264518737793,0.0,1.0,0.3583984375,0,,0.14453125
low,106,0,project,2560,0.17732558139534885,6.905640125274658,0.9951171875,0.043351881206035614,0.888671875,0.4916495382785797,0.24169921875,1.0,0.8916015625,272,0.9301470588235294,0.990234375,0.07474210858345032,0.67578125,1.3311173915863037,0.0,1.0,0.22509765625,0,,0.7822265625
low,106,0,project,5120,0.7300750968992248,1.657788872718811,0.99609375,0.018578536808490753,0.92578125,0.3172300457954407,0.978515625,1.0,0.98828125,1000,0.934,0.998046875,0.008591636084020138,0.9365234375,0.2167089581489563,0.86669921875,1.0,0.5380859375,880,0.9488636363636364,0.93115234375
low,106,0,project,10240,0.947734980620155,0.24420461058616638,0.9990234375,0.003446680959314108,0.953125,0.26203033328056335,0.99609375,1.0,0.99365234375,1021,0.9559255631733594,1.0,0.0018515990814194083,0.9560546875,0.16162365674972534,0.9326171875,1.0,0.75537109375,952,0.9621848739495799,0.95458984375
low,106,0,project,15360,0.9867369186046512,0.058578621596097946,0.9990234375,0.0022300072014331818,0.94140625,0.24689209461212158,0.9892578125,1.0,0.99560546875,1012,0.9426877470355731,1.0,0.0003055223496630788,0.978515625,0.08572972565889359,0.9951171875,1.0,0.93359375,1019,0.9784102060843964,0.9599609375
low,106,0,neither,0,0.0,8.536683082580566,0.0,8.507610321044922,0.0,8.507421493530273,0.0,0.0,0.0,0,,0.0,8.480972290039062,0.0,8.485039710998535,0.0,0.0,0.0,0,,0.0
low,106,0,neither,1280,0.11573401162790697,7.128658294677734,0.76953125,1.0654981136322021,0.2080078125,3.4896674156188965,0.0,1.0,0.4794921875,0,,0.7373046875,1.1803538799285889,0.076171875,4.027857303619385,0.0,0.921875,0.388671875,0,,0.14208984375
low,106,0,neither,2560,0.22601744186046513,4.204351425170898,0.9833984375,0.16928845643997192,0.6787109375,1.1373519897460938,0.3134765625,1.0,0.806640625,292,0.8664383561643836,0.96875,0.23380102217197418,0.31640625,2.600773334503174,0.36962890625,1.0,0.23583984375,238,0.6428571428571429,0.49755859375
low,106,0,neither,5120,0.8197068798449613,1.3833794593811035,0.998046875,0.014974783174693584,0.931640625,0.2523346245288849,0.990234375,1.0,0.9833984375,1011,0.9376854599406528,0.998046875,0.010920875705778599,0.9365234375,0.2827301323413849,0.9892578125,1.0,0.96044921875,1009,0.9444995044598612,0.93408203125
low,106,0,neither,10240,0.9899467054263565,0.06574907898902893,0.9990234375,0.009775109589099884,0.931640625,0.3254692852497101,0.9755859375,1.0,0.99365234375,997,0.9398194583751254,1.0,0.00043497601291164756,0.9345703125,0.3394790291786194,0.9970703125,1.0,0.9931640625,1020,0.9352941176470588,0.93310546875
low,106,0,neither,15360,0.9924297480620154,0.02920004352927208,1.0,0.0009188238764181733,0.943359375,0.2761017382144928,0.98583984375,1.0,0.9892578125,1011,0.9455984174085065,0.9990234375,0.008710750378668308,0.9248046875,0.29841291904449463,0.994140625,1.0,0.9814453125,1021,0.9245837414299706,0.93408203125
low,106,1,company,0,0.0,8.511433601379395,0.0,8.487704277038574,0.0,8.486544609069824,0.0,0.0,0.0,0,,0.0,8.5066499710083,0.0,8.507427215576172,0.0,0.0,0.0,0,,0.0
low,106,1,company,1280,0.10979893410852713,7.493615627288818,0.791015625,0.8432546854019165,0.150390625,3.9469573497772217,0.0,1.0,0.45263671875,0,,0.734375,0.9997661709785461,0.05078125,4.560366630554199,0.0,0.9375,0.36669921875,0,,0.1005859375
low,106,1,company,2560,0.22298934108527133,4.339926719665527,1.0,0.04553107172250748,0.404296875,2.643904447555542,0.240234375,1.0,0.6201171875,134,0.835820895522388,0.9990234375,0.04384608566761017,0.6728515625,1.3221696615219116,0.49462890625,0.828125,0.34326171875,393,0.9007633587786259,0.53857421875
low,106,1,company,5120,0.836421996124031,1.3519761562347412,1.0,0.003840239252895117,0.9072265625,0.3858351707458496,0.99169921875,1.0,0.9775390625,1013,0.9111549851924975,1.0,0.004119376186281443,0.9365234375,0.27477946877479553,0.97900390625,1.0,0.921875,1000,0.942,0.921875
low,106,1,company,10240,0.9758357558139535,0.12628918886184692,1.0,0.0009182374342344701,0.9306640625,0.3543033003807068,0.99755859375,1.0,0.99169921875,1019,0.9352306182531894,1.0,0.0005965690943412483,0.9296875,0.3239750862121582,0.98876953125,1.0,0.9794921875,1009,0.929633300297324,0.93017578125
low,106,1,company,15360,0.9917635658914729,0.04184100776910782,1.0,0.0008290769765153527,0.93359375,0.40034219622612,0.99951171875,1.0,0.99267578125,1024,0.93359375,0.998046875,0.0070916637778282166,0.9462890625,0.2918884754180908,0.998046875,1.0,0.9814453125,1023,0.946236559139785,0.93994140625
low,106,1,project,0,0.0,8.511433601379395,0.0,8.487704277038574,0.0,8.486544609069824,0.0,0.0,0.0,0,,0.0,8.5066499710083,0.0,8.507427215576172,0.0,0.0,0.0,0,,0.0
low,106,1,project,1280,0.11197916666666667,7.647175312042236,0.82421875,0.6928569078445435,0.224609375,3.6379833221435547,0.0,1.0,0.49609375,0,,0.7158203125,0.9719551205635071,0.03515625,4.96481990814209,0.0,0.921875,0.341796875,0,,0.1298828125
low,106,1,project,2560,0.12942102713178294,8.585289001464844,0.99609375,0.04006844758987427,0.912109375,0.39167433977127075,0.0,1.0,0.935546875,0,,0.990234375,0.06671301275491714,0.654296875,1.3808735609054565,0.0,0.875,0.04443359375,0,,0.783203125
low,106,1,project,5120,0.7502422480620154,1.5874853134155273,1.0,0.0016021481715142727,0.962890625,0.15481552481651306,0.99560546875,1.0,0.9931640625,1016,0.9665354330708661,1.0,0.005796132609248161,0.9306640625,0.2545669376850128,0.76123046875,1.0,0.83154296875,782,0.9437340153452686,0.94677734375
low,106,1,project,10240,0.966327519379845,0.17343218624591827,0.9990234375,0.0095589030534029,0.95703125,0.2230433225631714,0.9775390625,1.0,0.99755859375,997,0.9618856569709128,0.9951171875,0.008730469271540642,0.9482421875,0.19240105152130127,0.97705078125,1.0,0.9169921875,1001,0.951048951048951,0.95263671875
low,106,1,project,15360,0.9932776162790697,0.03446872532367706,0.9990234375,0.004730402957648039,0.9443359375,0.28070300817489624,0.998046875,1.0,0.99755859375,1022,0.9461839530332681,1.0,0.00018802896374836564,0.958984375,0.16448377072811127,0.9951171875,1.0,0.97216796875,1020,0.9598039215686275,0.95166015625
low,106,1,neither,0,0.0,8.511433601379395,0.0,8.487704277038574,0.0,8.486544609069824,0.0,0.0,0.0,0,,0.0,8.5066499710083,0.0,8.507427215576172,0.0,0.0,0.0,0,,0.0
low,106,1,neither,1280,0.08430232558139535,6.850580215454102,0.6455078125,1.998516321182251,0.0869140625,3.5199079513549805,0.0,0.96875,0.3486328125,0,,0.576171875,2.125185489654541,0.0703125,3.7590491771698,0.0,0.046875,0.2939453125,0,,0.07861328125
low,106,1,neither,2560,0.13953488372093023,5.765651226043701,0.888671875,0.36875149607658386,0.4443359375,2.040177822113037,0.0087890625,1.0,0.6357421875,6,0.6666666666666666,0.8095703125,0.5536109209060669,0.1318359375,3.85215163230896,0.0966796875,0.734375,0.32861328125,31,0.7096774193548387,0.2880859375
low,106,1,neither,5120,0.37681686046511625,3.8091788291931152,0.994140625,0.02985960990190506,0.9228515625,0.3519887328147888,0.859375,1.0,0.947265625,862,0.951276102088167,0.9931640625,0.032134026288986206,0.8701171875,0.49396663904190063,0.76416015625,1.0,0.2197265625,785,0.9019108280254777,0.896484375
low,106,1,neither,10240,0.9393774224806202,0.293963760137558,0.998046875,0.006539894733577967,0.919921875,0.31314989924430847,0.97607421875,1.0,0.97998046875,999,0.9269269269269269,1.0,0.0019993509631603956,0.9228515625,0.36300355195999146,0.9970703125,1.0,0.95849609375,1020,0.9225490196078432,0.92138671875
low,106,1,neither,15360,0.974140019379845,0.10563833266496658,0.998046875,0.011748025193810463,0.9140625,0.34063366055488586,0.99169921875,1.0,0.99072265625,1014,0.9191321499013807,0.9970703125,0.006239812821149826,0.921875,0.3654159903526306,0.98779296875,1.0,0.974609375,1010,0.9237623762376238,0.91796875
low,107,0,company,0,0.0,8.527621269226074,0.0,8.516035079956055,0.0,8.517383575439453,0.0,0.0,0.0,0,,0.0,8.499211311340332,0.0,8.495091438293457,0.0,0.0,0.0,0,,0.0
low,107,0,company,1280,0.1068313953488372,7.371871471405029,0.78515625,0.9053314924240112,0.1240234375,3.9350485801696777,0.0,1.0,0.43798828125,0,,0.6943359375,1.0613107681274414,0.0498046875,4.436195373535156,0.0,1.0,0.35595703125,0,,0.0869140625
low,107,0,company,2560,0.17423691860465115,4.826294422149658,1.0,0.028119096532464027,0.693359375,1.3017516136169434,0.06298828125,1.0,0.6318359375,74,0.918918918918919,0.994140625,0.04633983224630356,0.875,0.6106955409049988,0.24462890625,0.96875,0.3759765625,237,0.9578059071729957,0.7841796875
low,107,0,company,5120,0.6307533914728682,2.1613001823425293,0.9990234375,0.00614628940820694,0.9716796875,0.10889649391174316,0.98583984375,1.0,0.99560546875,999,0.9769769769769769,1.0,0.004615967161953449,0.9287109375,0.27170640230178833,0.8779296875,1.0,0.298828125,882,0.9387755102040817,0.9501953125
low,107,0,company,10240,0.7595687984496124,1.376322627067566,0.998046875,0.008579554036259651,0.955078125,0.22498978674411774,0.9052734375,1.0,0.96533203125,941,0.9617428267800212,0.998046875,0.011305367574095726,0.927734375,0.37741780281066895,0.751953125,1.0,0.7861328125,771,0.933852140077821,0.94140625
low,107,0,company,15360,0.9626937984496124,0.14905251562595367,1.0,0.0027875471860170364,0.958984375,0.19597624242305756,0.99462890625,1.0,0.9912109375,1016,0.9606299212598425,0.998046875,0.0039961012080311775,0.9306640625,0.42558345198631287,0.9892578125,1.0,0.96875,1013,0.9338598223099703,0.94482421875
low,107,0,project,0,0.0,8.527621269226074,0.0,8.516035079956055,0.0,8.517383575439453,0.0,0.0,0.0,0,,0.0,8.499211311340332,0.0,8.495091438293457,0.0,0.0,0.0,0,,0.0
low,107,0,project,1280,0.11349321705426356,7.632568836212158,0.8310546875,0.730878472328186,0.22265625,3.5156219005584717,0.0,1.0,0.49560546875,0,,0.70703125,0.9992129802703857,0.041015625,4.8169965744018555,0.0,1.0,0.35205078125,0,,0.1318359375
low,107,0,project,2560,0.2212936046511628,5.478483200073242,0.9951171875,0.04509603604674339,0.8828125,0.4971804618835449,0.392578125,1.0,0.9150390625,393,0.9414758269720102,0.994140625,0.05251090228557587,0.857421875,0.5838692784309387,0.00048828125,1.0,0.40673828125,1,1.0,0.8701171875
low,107,0,project,5120,0.8578003875968992,1.2607680559158325,0.994140625,0.022199466824531555,0.919921875,0.3526184558868408,0.97412109375,1.0,0.97998046875,995,0.9276381909547738,0.9990234375,0.006725830491632223,0.9462890625,0.23699060082435608,0.98681640625,1.0,0.9453125,1014,0.9506903353057199,0.93310546875
low,107,0,project,10240,0.9778343023255814,0.1210935190320015,0.9970703125,0.012779262848198414,0.9462890625,0.3032745122909546,0.98876953125,1.0,0.99365234375,1009,0.9514370664023786,1.0,0.0006786525482311845,0.94921875,0.258092999458313,0.99853515625,1.0,0.9736328125,1023,0.9501466275659824,0.94775390625
low,107,0,project,15360,0.9904917635658915,0.0457201711833477,1.0,0.0003335461369715631,0.9521484375,0.2674492299556732,0.99658203125,1.0,0.99755859375,1021,0.9520078354554359,1.0,0.00035034582833759487,0.9541015625,0.221876323223114,0.994140625,1.0,0.9912109375,1016,0.9566929133858267,0.953125
low,107,0,neither,0,0.0,8.527621269226074,0.0,8.516035079956055,0.0,8.517383575439453,0.0,0.0,0.0,0,,0.0,8.499211311340332,0.0,8.495091438293457,0.0,0.0,0.0,0,,0.0
low,107,0,neither,1280,0.03785125968992248,6.94530725479126,0.2578125,3.015995979309082,0.048828125,3.5637292861938477,0.0,0.5625,0.14599609375,0,,0.2490234375,3.0331668853759766,0.0380859375,3.5705862045288086,0.0,0.078125,0.134765625,0,,0.04345703125
low,107,0,neither,2560,0.21584302325581395,4.287247657775879,0.826171875,0.45866668224334717,0.4052734375,2.1095657348632812,0.29638671875,1.0,0.58740234375,236,0.7245762711864406,0.7236328125,0.6617312431335449,0.16796875,3.239887237548828,0.353515625,1.0,0.39990234375,199,0.592964824120603,0.28662109375
low,107,0,neither,5120,0.7819161821705426,1.5580004453659058,1.0,0.004915975034236908,0.9501953125,0.17684847116470337,0.9599609375,1.0,0.98388671875,972,0.9639917695473251,1.0,0.006856853142380714,0.9482421875,0.1942475289106369,0.9912109375,1.0,0.94970703125,1012,0.950592885375494,0.94921875
low,107,0,neither,10240,0.9806807170542635,0.12333013117313385,0.9951171875,0.021753553301095963,0.9443359375,0.1977105736732483,0.9921875,1.0,0.994140625,1014,0.9467455621301775,0.9990234375,0.008973881602287292,0.9365234375,0.3215067982673645,0.9990234375,1.0,0.98388671875,1024,0.9365234375,0.9404296875
low,107,0,neither,15360,0.9952156007751938,0.030436890199780464,0.998046875,0.0037463936023414135,0.958984375,0.166214257478714,0.9970703125,1.0,0.99609375,1021,0.9588638589618022,0.9990234375,0.0033685725647956133,0.9443359375,0.35739123821258545,0.99951171875,1.0,0.99658203125,1024,0.9443359375,0.95166015625
low,107,1,company,0,0.0,8.545940399169922,0.0,8.488510131835938,0.0,8.487022399902344,0.0,0.0,0.0,0,,0.0,8.512876510620117,0.0,8.512435913085938,0.0,0.0,0.0,0,,0.0
low,107,1,company,1280,0.10453003875968993,7.168539047241211,0.78515625,1.0967893600463867,0.1396484375,3.6044764518737793,0.0,1.0,0.43896484375,0,,0.697265625,1.3124539852142334,0.044921875,4.227245330810547,0.0,1.0,0.3388671875,0,,0.09228515625
low,107,1,company,2560,0.13160125968992248,6.976069450378418,1.0,0.024201570078730583,0.9287109375,0.31578779220581055,0.05419921875,1.0,0.88720703125,65,1.0,1.0,0.027886398136615753,0.9326171875,0.35357940196990967,0.0029296875,1.0,0.05029296875,2,1.0,0.9306640625
low,107,1,company,5120,0.8063832364341085,1.4980039596557617,1.0,0.0024081850424408913,0.986328125,0.0711723193526268,0.99609375,1.0,0.99658203125,1018,0.9872298624754421,1.0,0.008192974142730236,0.94140625,0.2222265601158142,0.98046875,1.0,0.69189453125,1006,0.9463220675944334,0.9638671875
low,107,1,company,10240,0.9851623062015504,0.09072701632976532,1.0,0.0009792750934138894,0.98046875,0.08795136958360672,0.99267578125,1.0,0.99658203125,1015,0.9832512315270936,0.9990234375,0.002993338042870164,0.962890625,0.18020859360694885,0.974609375,1.0,0.9833984375,996,0.9668674698795181,0.9716796875
low,107,1,company,15360,0.9951550387596899,0.02913217805325985,0.9990234375,0.0038628829643130302,0.966796875,0.12533991038799286,0.99462890625,1.0,0.9951171875,1018,0.9705304518664047,0.9990234375,0.002115401905030012,0.966796875,0.1375737190246582,0.98974609375,1.0,0.98828125,1008,0.9702380952380952,0.966796875
low,107,1,project,0,0.0,8.545940399169922,0.0,8.488510131835938,0.0,8.487022399902344,0.0,0.0,0.0,0,,0.0,8.512876510620117,0.0,8.512435913085938,0.0,0.0,0.0,0,,0.0
low,107,1,project,1280,0.11470445736434108,7.672114849090576,0.833984375,0.7160766124725342,0.25390625,3.3979153633117676,0.0,1.0,0.525390625,0,,0.6943359375,1.0306248664855957,0.0400390625,4.769764423370361,0.0,1.0,0.33349609375,0,,0.14697265625
low,107,1,project,2560,0.1413517441860465,7.729089260101318,0.9951171875,0.03548521548509598,0.94140625,0.30811262130737305,0.02392578125,1.0,0.8759765625,32,0.96875,1.0,0.01708025112748146,0.9423828125,0.2506161034107208,0.0126953125,1.0,0.16064453125,18,0.8888888888888888,0.94189453125
low,107,1,project,5120,0.8455668604651163,1.3596906661987305,0.9990234375,0.005271870642900467,0.9443359375,0.24785500764846802,0.9755859375,1.0,0.9853515625,994,0.9436619718309859,1.0,0.004281270783394575,0.9609375,0.12767285108566284,0.9775390625,1.0,0.66796875,999,0.964964964964965,0.95263671875
low,107,1,project,10240,0.9881904069767442,0.07307658344507217,1.0,0.00031936890445649624,0.9501953125,0.26618605852127075,0.99951171875,1.0,0.99658203125,1023,0.9511241446725318,0.9990234375,0.0030940352007746696,0.970703125,0.11419185996055603,0.9892578125,1.0,0.94970703125,1013,0.9733464955577492,0.96044921875
low,107,1,project,15360,0.9941860465116279,0.028633028268814087,1.0,0.002651854418218136,0.94140625,0.282593309879303,0.9892578125,1.0,0.99609375,1011,0.9426310583580614,0.9990234375,0.0031236966606229544,0.9853515625,0.04807795584201813,0.9990234375,1.0,0.9794921875,1024,0.9853515625,0.96337890625
low,107,1,neither,0,0.0,8.545940399169922,0.0,8.488510131835938,0.0,8.487022399902344,0.0,0.0,0.0,0,,0.0,8.512876510620117,0.0,8.512435913085938,0.0,0.0,0.0,0,,0.0
low,107,1,neither,1280,0.013747577519379845,8.348894119262695,0.0751953125,3.4934020042419434,0.044921875,3.5078330039978027,0.0,0.0625,0.05078125,0,,0.0732421875,3.4946680068969727,0.0283203125,3.5109949111938477,0.0,0.046875,0.05126953125,0,,0.03662109375
low,107,1,neither,2560,0.12784641472868216,6.3346405029296875,0.8154296875,0.5883361101150513,0.3525390625,3.0443530082702637,0.0205078125,1.0,0.52783203125,18,0.2777777777777778,0.767578125,0.6813574433326721,0.0751953125,4.710720062255859,0.01708984375,1.0,0.3896484375,9,0.2222222222222222,0.2138671875
low,107,1,neither,5120,0.5971414728682171,2.2211148738861084,0.9990234375,0.007966430857777596,0.943359375,0.20354816317558289,0.93408203125,1.0,0.96435546875,952,0.9569327731092437,0.9990234375,0.010286401957273483,0.9169921875,0.3232383131980896,0.962890625,1.0,0.86376953125,969,0.9339525283797729,0.93017578125
low,107,1,neither,10240,0.9621487403100775,0.22341711819171906,0.9990234375,0.004499480593949556,0.9677734375,0.1463368535041809,0.978515625,1.0,0.98388671875,1001,0.975024975024975,0.994140625,0.016170088201761246,0.935546875,0.2693789005279541,0.98291015625,1.0,0.9521484375,1006,0.941351888667992,0.95166015625
low,107,1,neither,15360,0.9922480620155039,0.0454181432723999,1.0,0.0006377858808264136,0.9755859375,0.11751110851764679,0.99609375,1.0,0.99658203125,1018,0.9764243614931237,1.0,0.00019858346786350012,0.974609375,0.12556977570056915,0.99951171875,1.0,0.9921875,1023,0.9755620723362659,0.97509765625
high,100,0,company,0,0.0,8.551753044128418,0.0,8.491521835327148,0.0,8.49954605102539,0.0,0.0,0.0,0,,0.0,8.516789436340332,0.0,8.512497901916504,0.0,0.0,0.0,0,,0.0
high,100,0,company,1280,0.016775678294573642,6.767026901245117,0.140625,3.3179876804351807,0.037109375,3.546201229095459,0.0,0.203125,0.06396484375,0,,0.1103515625,3.323638916015625,0.0390625,3.5916526317596436,0.00048828125,0.03125,0.05908203125,0,,0.0380859375
high,100,0,company,2560,0.09235707364341085,6.183000087738037,0.7548828125,0.6807378530502319,0.0625,4.855968952178955,0.0,1.0,0.2255859375,0,,0.775390625,0.6023017764091492,0.2578125,3.6120967864990234,0.1025390625,0.96875,0.33740234375,70,0.8142857142857143,0.16015625
high,100,0,company,5120,0.4351380813953488,2.898543119430542,1.0,0.010055415332317352,0.6611328125,1.3996360301971436,0.828125,1.0,0.77099609375,786,0.7493638676844784,1.0,0.0084688076749444,0.64453125,1.453485369682312,0.845703125,1.0,0.392578125,792,0.7146464646464646,0.65283203125
high,100,0,company,10240,0.9395591085271318,0.3199782371520996,1.0,0.001924785552546382,0.87890625,0.5219917893409729,0.98291015625,1.0,0.9775390625,1006,0.8836978131212724,0.998046875,0.004741952754557133,0.775390625,1.0041804313659668,0.98974609375,1.0,0.8515625,1011,0.7784371909000989,0.8271484375
high,100,0,company,15360,0.9836482558139535,0.08146573603153229,0.9990234375,0.0019606943242251873,0.92578125,0.3147773742675781,0.99560546875,1.0,0.9931640625,1019,0.9254170755642787,0.9990234375,0.004535546991974115,0.828125,0.7122957110404968,0.98486328125,1.0,0.94921875,1006,0.8330019880715706,0.876953125
high,100,0,project,0,0.0,8.551753044128418,0.0,8.491521835327148,0.0,8.49954605102539,0.0,0.0,0.0,0,,0.0,8.516789436340332,0.0,8.512497901916504,0.0,0.0,0.0,0,,0.0
high,100,0,project,1280,0.0755813953488372,7.609768867492676,0.79296875,0.9667786359786987,0.1259765625,4.010898113250732,0.0,1.0,0.32763671875,0,,0.7255859375,1.0289132595062256,0.029296875,4.539068222045898,0.0,0.9375,0.21484375,0,,0.07763671875
high,100,0,project,2560,0.13917151162790697,6.087317943572998,0.9921875,0.09806932508945465,0.373046875,3.204948902130127,0.2236328125,1.0,0.62939453125,174,0.7126436781609196,0.9921875,0.0823156088590622,0.1884765625,4.3523406982421875,0.0,0.984375,0.20068359375,0,,0.28076171875
high,100,0,project,5120,0.6203972868217055,2.2142858505249023,0.9970703125,0.017393458634614944,0.6904296875,1.3269474506378174,0.91845703125,1.0,0.9267578125,917,0.7241003271537623,0.998046875,0.012513380497694016,0.7578125,0.9205625057220459,0.9326171875,1.0,0.552734375,945,0.7714285714285715,0.72412109375
high,100,0,project,10240,0.8822674418604651,0.5433940887451172,0.9951171875,0.011470175348222256,0.7763671875,1.004241943359375,0.98583984375,1.0,0.93359375,1003,0.7856430707876371,1.0,0.002130789216607809,0.837890625,0.692172646522522,0.9765625,1.0,0.88525390625,1000,0.843,0.80712890625
high,100,0,project,15360,0.9705668604651163,0.12632887065410614,0.9990234375,0.003104985225945711,0.7822265625,0.9384664297103882,0.98876953125,1.0,0.97705078125,1008,0.7847222222222222,1.0,0.0009534237906336784,0.87890625,0.4784994125366211,0.9951171875,1.0,0.97802734375,1018,0.8791748526522594,0.83056640625
high,100,0,neither,0,0.0,8.551753044128418,0.0,8.491521835327148,0.0,8.49954605102539,0.0,0.0,0.0,0,,0.0,8.516789436340332,0.0,8.512497901916504,0.0,0.0,0.0,0,,0.0
high,100,0,neither,1280,0.00872093023255814,7.711602687835693,0.03125,3.5089287757873535,0.03125,3.51017165184021,0.0,0.03125,0.03125,0,,0.03125,3.5093307495117188,0.03125,3.5104548931121826,0.0,0.03125,0.0322265625,0,,0.03125
high,100,0,neither,2560,0.020954457364341084,6.0331525802612305,0.1015625,3.1160430908203125,0.0458984375,3.5543932914733887,0.03125,0.078125,0.0634765625,0,,0.1025390625,3.1503539085388184,0.0390625,3.6198267936706543,0.0078125,0.03125,0.04736328125,0,,0.04248046875
high,100,0,neither,5120,0.11767199612403101,4.2209014892578125,0.9853515625,0.11010412126779556,0.259765625,4.2091851234436035,0.15869140625,1.0,0.3828125,103,0.6213592233009708,0.9765625,0.1196897029876709,0.166015625,4.611281394958496,0.1513671875,0.671875,0.12060546875,85,0.4235294117647059,0.212890625
high,100,0,neither,10240,0.6944646317829457,1.6071672439575195,0.998046875,0.01642393320798874,0.5107421875,3.520284652709961,0.80078125,1.0,0.85693359375,756,0.6203703703703703,1.0,0.001724626636132598,0.568359375,2.5179173946380615,0.8466796875,0.96875,0.58740234375,828,0.5978260869565217,0.53955078125
high,100,0,neither,15360,0.8812378875968992,0.4960649311542511,0.9951171875,0.007697130553424358,0.55078125,3.8234028816223145,0.8740234375,1.0,0.947265625,880,0.5647727272727273,1.0,0.00223770784214139,0.6513671875,2.235185146331787,0.91796875,1.0,0.89013671875,926,0.6663066954643628,0.60107421875
high,100,1,company,0,0.0,8.49984073638916,0.0,8.497808456420898,0.0,8.496450424194336,0.0,0.0,0.0,0,,0.0,8.498394012451172,0.0,8.495986938476562,0.0,0.0,0.0,0,,0.0
high,100,1,company,1280,0.06867732558139535,7.114802360534668,0.7890625,1.147214412689209,0.0947265625,3.941692352294922,0.0,1.0,0.2783203125,0,,0.7119140625,1.2830346822738647,0.0322265625,4.322781562805176,0.0,0.78125,0.2138671875,0,,0.0634765625
high,100,1,company,2560,0.10731589147286821,5.722292423248291,0.96875,0.2007937729358673,0.1162109375,4.5704665184021,0.10400390625,1.0,0.18359375,49,0.5102040816326531,0.9765625,0.17665208876132965,0.3466796875,2.919748544692993,0.00390625,1.0,0.5048828125,4,1.0,0.2314453125
high,100,1,company,5120,0.6569767441860465,1.9939709901809692,1.0,0.004969601985067129,0.892578125,0.3953198790550232,0.93603515625,1.0,0.91064453125,942,0.8895966029723992,0.9990234375,0.010583905503153801,0.8037109375,0.783402681350708,0.97900390625,1.0,0.5830078125,997,0.8084252758274825,0.84814453125
high,100,1,company,10240,0.9576671511627907,0.21017979085445404,0.9990234375,0.00181663129478693,0.92578125,0.27437666058540344,0.990234375,1.0,0.98681640625,1018,0.9273084479371316,1.0,0.0004145149141550064,0.8330078125,0.7762081623077393,0.99267578125,1.0,0.791015625,1016,0.8336614173228346,0.87939453125
high,100,1,company,15360,0.9709907945736435,0.12478723376989365,0.9990234375,0.005142694339156151,0.9423828125,0.20112138986587524,0.99072265625,1.0,0.99267578125,1016,0.9429133858267716,0.9990234375,0.002120113233104348,0.853515625,0.640326201915741,0.99755859375,1.0,0.8466796875,1020,0.8549019607843137,0.89794921875
high,100,1,project,0,0.0,8.49984073638916,0.0,8.497808456420898,0.0,8.496450424194336,0.0,0.0,0.0,0,,0.0,8.498394012451172,0.0,8.495986938476562,0.0,0.0,0.0,0,,0.0
high,100,1,project,1280,0.07430959302325581,7.7615251541137695,0.783203125,0.9117074012756348,0.115234375,4.13236141204834,0.0,1.0,0.31591796875,0,,0.7646484375,0.9540634751319885,0.037109375,4.675323009490967,0.0,0.984375,0.21484375,0,,0.076171875
high,100,1,project,2560,0.16012596899224807,5.186331272125244,0.98828125,0.10259377211332321,0.3837890625,3.082000732421875,0.02294921875,1.0,0.693359375,25,0.72,0.994140625,0.0608101487159729,0.25,3.736921787261963,0.1806640625,0.953125,0.31640625,106,0.6226415094339622,0.31689453125
high,100,1,project,5120,0.6773861434108527,1.947853446006775,0.9931640625,0.022353943437337875,0.66015625,1.6453191041946411,0.81591796875,1.0,0.9814453125,786,0.7251908396946565,1.0,0.002920479979366064,0.8603515625,0.624015212059021,0.95849609375,1.0,0.759765625,969,0.8771929824561403,0.76025390625
high,100,1,project,10240,0.9416787790697675,0.26933908462524414,1.0,0.0010043669026345015,0.8154296875,0.8331225514411926,0.99169921875,1.0,0.98876953125,1016,0.8208661417322834,0.9990234375,0.0024413205683231354,0.8583984375,0.6596856117248535,0.94873046875,1.0,0.89453125,968,0.8667355371900827,0.8369140625
high,100,1,project,15360,0.9894622093023255,0.04878576844930649,1.0,0.00024518428836017847,0.89453125,0.40394580364227295,0.9892578125,1.0,0.99853515625,1009,0.8989098116947473,0.9990234375,0.002738345181569457,0.8974609375,0.48155108094215393,0.998046875,1.0,0.98193359375,1020,0.8980392156862745,0.89599609375
high,100,1,neither,0,0.0,8.49984073638916,0.0,8.497808456420898,0.0,8.496450424194336,0.0,0.0,0.0,0,,0.0,8.498394012451172,0.0,8.495986938476562,0.0,0.0,0.0,0,,0.0
high,100,1,neither,1280,0.014050387596899225,6.810481548309326,0.103515625,3.428666591644287,0.0263671875,3.5330874919891357,0.0,0.0625,0.052734375,0,,0.0810546875,3.435995101928711,0.0361328125,3.522475481033325,0.00390625,0.046875,0.046875,0,,0.03125
high,100,1,neither,2560,0.1015625,5.239623546600342,0.9033203125,0.3793772757053375,0.1591796875,4.414557456970215,0.0068359375,1.0,0.3369140625,6,0.16666666666666666,0.8759765625,0.44754916429519653,0.126953125,4.411506652832031,0.01904296875,0.96875,0.35302734375,3,0.6666666666666666,0.14306640625
high,100,1,neither,5120,0.5031492248062015,2.6193506717681885,0.998046875,0.010677618905901909,0.783203125,0.8220398426055908,0.69482421875,1.0,0.8759765625,654,0.7935779816513762,1.0,0.011341799050569534,0.740234375,1.0465083122253418,0.73583984375,1.0,0.52783203125,716,0.7863128491620112,0.76171875
high,100,1,neither,10240,0.9731710271317829,0.15121906995773315,1.0,0.0012408326147124171,0.8544921875,0.5856922268867493,0.98193359375,1.0,0.97216796875,1004,0.8555776892430279,1.0,0.0011266798246651888,0.8037109375,0.9888052344322205,0.99560546875,1.0,0.9052734375,1017,0.8072763028515241,0.8291015625
high,100,1,neither,15360,0.9886143410852714,0.058244738727808,1.0,0.0009186334209516644,0.8740234375,0.5051547884941101,0.96337890625,1.0,0.99951171875,978,0.8875255623721882,1.0,0.0025471022818237543,0.8017578125,0.9993097186088562,0.9970703125,1.0,0.97705078125,1018,0.8025540275049116,0.837890625
high,101,0,company,0,0.0,8.556612968444824,0.0,8.591917037963867,0.0,8.591690063476562,0.0,0.0,0.0,0,,0.0,8.597515106201172,0.0,8.592657089233398,0.0,0.0,0.0,0,,0.0
high,101,0,company,1280,0.07400678294573644,7.387746334075928,0.7626953125,1.0487282276153564,0.0751953125,4.161690711975098,0.0,1.0,0.2587890625,0,,0.7529296875,1.0824003219604492,0.0888671875,4.12237548828125,0.0,0.875,0.27197265625,0,,0.08203125
high,101,0,company,2560,0.11409883720930232,6.497824668884277,0.9951171875,0.09356385469436646,0.173828125,4.268991470336914,0.00439453125,1.0,0.26953125,1,1.0,0.994140625,0.08456506580114365,0.3994140625,2.6368155479431152,0.1533203125,1.0,0.4248046875,112,0.8482142857142857,0.28662109375
high,101,0,company,5120,0.5764898255813954,2.339587688446045,1.0,0.005910179577767849,0.927734375,0.23681674897670746,0.94921875,1.0,0.9521484375,964,0.9377593360995851,0.9990234375,0.012217204086482525,0.8525390625,0.4821450412273407,0.98828125,1.0,0.51953125,1005,0.8577114427860697,0.89013671875
high,101,0,company,10240,0.9725048449612403,0.15787404775619507,0.9970703125,0.01111688558012247,0.8984375,0.3793918490409851,0.9990234375,1.0,0.9765625,1023,0.8993157380254154,0.9990234375,0.00400232570245862,0.806640625,0.7992079257965088,0.9990234375,1.0,0.908203125,1024,0.806640625,0.8525390625
high,101,0,company,15360,0.9887354651162791,0.0503355897963047,1.0,0.0009415038512088358,0.9169921875,0.29087239503860474,0.9921875,1.0,0.99267578125,1019,0.9175662414131501,0.9951171875,0.01611430011689663,0.748046875,1.2374967336654663,0.99609375,1.0,0.96630859375,1021,0.7502448579823702,0.83251953125
high,101,0,project,0,0.0,8.556612968444824,0.0,8.591917037963867,0.0,8.591690063476562,0.0,0.0,0.0,0,,0.0,8.597515106201172,0.0,8.592657089233398,0.0,0.0,0.0,0,,0.0
high,101,0,project,1280,0.07564195736434108,7.7030229568481445,0.775390625,0.8980945348739624,0.125,4.112846374511719,0.0,1.0,0.322265625,0,,0.7470703125,0.9614205956459045,0.05078125,4.574463367462158,0.0,0.921875,0.22021484375,0,,0.087890625
high,101,0,project,2560,0.16279069767441862,5.5614495277404785,0.9931640625,0.0601375550031662,0.4892578125,2.378695249557495,0.39306640625,1.0,0.681640625,319,0.799373040752351,1.0,0.029219752177596092,0.4599609375,2.450474500656128,0.015625,0.984375,0.13916015625,22,0.6818181818181818,0.474609375
high,101,0,project,5120,0.8224927325581395,1.5731786489486694,0.9990234375,0.005137380212545395,0.8359375,0.5904886722564697,0.974609375,1.0,0.94091796875,995,0.8472361809045226,1.0,0.0057364292442798615,0.8505859375,0.543193519115448,0.86962890625,1.0,0.64892578125,896,0.8660714285714286,0.84326171875
high,101,0,project,10240,0.9786216085271318,0.10367406159639359,0.9990234375,0.0036039785481989384,0.8828125,0.45748525857925415,0.99267578125,1.0,0.9892578125,1012,0.8883399209486166,1.0,0.0009217081242240965,0.9150390625,0.34115707874298096,0.98583984375,1.0,0.89208984375,1009,0.9187314172447968,0.89892578125
high,101,0,project,15360,0.9900678294573644,0.04201000556349754,0.9990234375,0.001516026328317821,0.873046875,0.5095798969268799,0.96923828125,1.0,0.98486328125,986,0.8884381338742393,1.0,0.00017625521286390722,0.9326171875,0.2815174460411072,0.99365234375,1.0,0.990234375,1017,0.9351032448377581,0.90283203125
high,101,0,neither,0,0.0,8.556612968444824,0.0,8.591917037963867,0.0,8.591690063476562,0.0,0.0,0.0,0,,0.0,8.597515106201172,0.0,8.592657089233398,0.0,0.0,0.0,0,,0.0
high,101,0,neither,1280,0.06153100775193798,6.878166198730469,0.6806640625,1.9049177169799805,0.0859375,3.7725934982299805,0.0,1.0,0.24951171875,0,,0.6572265625,1.9518873691558838,0.052734375,3.872818946838379,0.0,0.0625,0.20849609375,0,,0.0693359375
high,101,0,neither,2560,0.09665697674418605,5.636634349822998,0.9521484375,0.2761974334716797,0.296875,3.313014030456543,0.0087890625,1.0,0.46875,8,0.875,0.966796875,0.23286929726600647,0.1533203125,4.277656555175781,0.0029296875,0.8125,0.23583984375,0,,0.22509765625
high,101,0,neither,5120,0.5775799418604651,2.1681008338928223,0.998046875,0.00995057262480259,0.763671875,0.9417195916175842,0.927734375,1.0,0.92822265625,927,0.7982740021574973,1.0,0.007190905511379242,0.8701171875,0.44111087918281555,0.97314453125,1.0,0.59375,987,0.8834853090172239,0.81689453125
high,101,0,neither,10240,0.9762596899224806,0.12109805643558502,0.99609375,0.01708103157579899,0.734375,1.2012484073638916,0.97412109375,1.0,0.98291015625,989,0.7472194135490394,1.0,0.0026354696601629257,0.9228515625,0.2913164496421814,0.955078125,1.0,0.9697265625,973,0.9270298047276464,0.82861328125
high,101,0,neither,15360,0.9887354651162791,0.046499915421009064,1.0,0.003053327091038227,0.8232421875,0.7843371629714966,0.9912109375,1.0,0.984375,1012,0.8310276679841897,1.0,0.0006387783214449883,0.9306640625,0.2698160409927368,0.98974609375,1.0,0.9697265625,1012,0.9318181818181818,0.876953125
high,101,1,company,0,0.0,8.515473365783691,0.0,8.440531730651855,0.0,8.43869400024414,0.0,0.0,0.0,0,,0.0,8.459449768066406,0.0,8.462051391601562,0.0,0.0,0.0,0,,0.0
high,101,1,company,1280,0.06916182170542635,7.429131031036377,0.7861328125,1.0272077322006226,0.1044921875,4.057827949523926,0.0,1.0,0.2734375,0,,0.716796875,1.1540217399597168,0.0439453125,4.321601867675781,0.0,0.84375,0.21875,0,,0.07421875
high,101,1,company,2560,0.14298691860465115,4.986377716064453,0.9921875,0.13128016889095306,0.1328125,4.283247947692871,0.2265625,1.0,0.3388671875,83,0.6265060240963856,0.994140625,0.09688796103000641,0.3017578125,3.13600492477417,0.14453125,1.0,0.36474609375,98,0.7653061224489796,0.21728515625
high,101,1,company,5120,0.5701913759689923,2.2908170223236084,0.9990234375,0.007068254053592682,0.8828125,0.42217355966567993,0.9482421875,1.0,0.87890625,958,0.8977035490605428,1.0,0.005726296454668045,0.853515625,0.49134254455566406,0.77685546875,1.0,0.4443359375,771,0.8651102464332037,0.8681640625
high,101,1,company,10240,0.9548207364341085,0.2060393989086151,0.99609375,0.010671176947653294,0.8720703125,0.5167593955993652,0.98291015625,1.0,0.986328125,1003,0.8793619142572283,0.9990234375,0.00597598310559988,0.876953125,0.48607540130615234,0.939453125,1.0,0.939453125,978,0.878323108384458,0.87451171875
high,101,1,company,15360,0.9839510658914729,0.07171124219894409,0.9951171875,0.018385782837867737,0.923828125,0.2658827304840088,0.99658203125,1.0,0.99560546875,1020,0.9245098039215687,0.9990234375,0.0013284943997859955,0.908203125,0.3003096580505371,0.970703125,1.0,0.98095703125,999,0.9079079079079079,0.916015625
high,101,1,project,0,0.0,8.515473365783691,0.0,8.440531730651855,0.0,8.43869400024414,0.0,0.0,0.0,0,,0.0,8.459449768066406,0.0,8.462051391601562,0.0,0.0,0.0,0,,0.0
high,101,1,project,1280,0.07570251937984496,7.779397964477539,0.826171875,0.7853114008903503,0.1298828125,4.200182914733887,0.0,1.0,0.33056640625,0,,0.7890625,0.863402783870697,0.04296875,4.736942291259766,0.0,1.0,0.2109375,0,,0.08642578125
high,101,1,project,2560,0.13868701550387597,7.694008827209473,0.9951171875,0.04039810597896576,0.51953125,2.4465646743774414,0.17919921875,1.0,0.75341796875,142,0.8028169014084507,1.0,0.030320381745696068,0.6640625,1.5383553504943848,0.0,1.0,0.11669921875,0,,0.591796875
high,101,1,project,5120,0.6658793604651163,2.004356622695923,1.0,0.002655784832313657,0.8837890625,0.4258699417114258,0.95654296875,1.0,0.953125,972,0.8909465020576132,0.9921875,0.02426574006676674,0.8857421875,0.42390382289886475,0.70849609375,1.0,0.86669921875,678,0.9144542772861357,0.884765625
high,101,1,project,10240,0.9828609496124031,0.10047804564237595,1.0,0.001693634781986475,0.904296875,0.40768879652023315,0.974609375,1.0,0.97509765625,992,0.9153225806451613,0.9990234375,0.0021957980934530497,0.9697265625,0.09944677352905273,0.9931640625,1.0,0.97705078125,1014,0.9714003944773175,0.93701171875
high,101,1,project,15360,0.9849806201550387,0.06768083572387695,0.998046875,0.006283487193286419,0.9072265625,0.3487134575843811,0.98388671875,1.0,0.98095703125,1009,0.9117938553022795,1.0,0.001416445360518992,0.9560546875,0.15789060294628143,0.98779296875,1.0,0.9833984375,1013,0.9585389930898321,0.931640625
high,101,1,neither,0,0.0,8.515473365783691,0.0,8.440531730651855,0.0,8.43869400024414,0.0,0.0,0.0,0,,0.0,8.459449768066406,0.0,8.462051391601562,0.0,0.0,0.0,0,,0.0
high,101,1,neither,1280,0.036942829457364344,6.916731834411621,0.3447265625,2.735952377319336,0.0458984375,3.65443754196167,0.0,0.796875,0.140625,0,,0.3427734375,2.7558629512786865,0.0361328125,3.7213540077209473,0.0,0.125,0.12451171875,0,,0.041015625
high,101,1,neither,2560,0.09441618217054264,5.631418228149414,0.8955078125,0.3611574172973633,0.1904296875,4.06315803527832,0.00244140625,1.0,0.34326171875,0,,0.8896484375,0.4048164486885071,0.18359375,4.15372896194458,0.00439453125,1.0,0.33154296875,5,0.2,0.18701171875
high,101,1,neither,5120,0.6203367248062015,2.120121717453003,1.0,0.006787204183638096,0.908203125,0.31261762976646423,0.94189453125,1.0,0.92529296875,955,0.9350785340314136,0.998046875,0.01329130120575428,0.853515625,0.5191653966903687,0.87548828125,1.0,0.73583984375,871,0.878300803673938,0.880859375
high,101,1,neither,10240,0.9660852713178295,0.1921379715204239,1.0,0.0025395050179213285,0.9306640625,0.24406278133392334,0.970703125,1.0,0.98876953125,988,0.9402834008097166,1.0,0.00039426435250788927,0.9287109375,0.2971985340118408,0.998046875,1.0,0.865234375,1023,0.9296187683284457,0.9296875
high,101,1,neither,15360,0.9825581395348837,0.07528719305992126,1.0,0.00016007966769393533,0.9677734375,0.11931231617927551,0.99951171875,1.0,0.9677734375,1023,0.9687194525904204,1.0,0.00025337585248053074,0.935546875,0.2644213140010834,0.9990234375,1.0,0.96142578125,1022,0.9354207436399217,0.95166015625
high,102,0,company,0,0.0,8.535619735717773,0.0,8.545411109924316,0.0,8.545087814331055,0.0,0.0,0.0,0,,0.0,8.547515869140625,0.0,8.549114227294922,0.0,0.0,0.0,0,,0.0
high,102,0,company,1280,0.05232558139534884,7.039944171905518,0.6376953125,2.0949394702911377,0.068359375,3.802811622619629,0.0,1.0,0.2021484375,0,,0.5703125,2.2001802921295166,0.0361328125,3.9136123657226562,0.0,0.171875,0.17724609375,0,,0.05224609375
high,102,0,company,2560,0.09635416666666667,6.8141608238220215,0.990234375,0.14386308193206787,0.1171875,4.746952056884766,0.0,1.0,0.21533203125,0,,0.9892578125,0.14106504619121552,0.3330078125,3.0437729358673096,0.0,1.0,0.4912109375,0,,0.22509765625
high,102,0,company,5120,0.6652737403100775,2.0160582065582275,1.0,0.004764228593558073,0.9423828125,0.20593541860580444,0.98681640625,1.0,0.96044921875,1010,0.9455445544554455,0.9990234375,0.010524042882025242,0.8583984375,0.4929810166358948,0.9912109375,1.0,0.65234375,1011,0.8635014836795252,0.900390625
high,102,0,company,10240,0.989280523255814,0.07539381831884384,0.998046875,0.0066268350929021835,0.94921875,0.1983538568019867,0.99658203125,1.0,0.98779296875,1020,0.9509803921568627,1.0,0.0017637968994677067,0.8515625,0.5893810987472534,0.99365234375,1.0,0.95751953125,1013,0.8548864758144127,0.900390625
high,102,0,company,15360,0.9935804263565892,0.032828886061906815,1.0,0.00048022528062574565,0.9521484375,0.17225182056427002,0.9951171875,1.0,0.9951171875,1019,0.9528949950932286,0.9990234375,0.0019066145177930593,0.892578125,0.43726202845573425,0.998046875,1.0,0.98486328125,1022,0.8933463796477495,0.92236328125
high,102,0,project,0,0.0,8.535619735717773,0.0,8.545411109924316,0.0,8.545087814331055,0.0,0.0,0.0,0,,0.0,8.547515869140625,0.0,8.549114227294922,0.0,0.0,0.0,0,,0.0
high,102,0,project,1280,0.07527858527131782,7.507896423339844,0.79296875,0.9945623874664307,0.1220703125,4.033522129058838,0.0,1.0,0.31201171875,0,,0.732421875,1.0472235679626465,0.0458984375,4.431396961212158,0.0,0.96875,0.22509765625,0,,0.083984375
high,102,0,project,2560,0.14117005813953487,6.240762233734131,0.9951171875,0.055421583354473114,0.279296875,3.7907822132110596,0.09228515625,1.0,0.7490234375,44,0.9090909090909091,0.9873046875,0.10646755993366241,0.2109375,4.1542768478393555,0.03564453125,1.0,0.1865234375,20,0.55,0.2451171875
high,102,0,project,5120,0.7267441860465116,1.7676559686660767,1.0,0.004200986586511135,0.845703125,0.648566722869873,0.8115234375,1.0,0.99609375,794,0.8740554156171285,0.9990234375,0.01262241043150425,0.7529296875,1.0873403549194336,0.974609375,1.0,0.8642578125,991,0.751765893037336,0.79931640625
high,102,0,project,10240,0.984859496124031,0.07635412365198135,1.0,0.0008697856683284044,0.943359375,0.17673435807228088,0.9951171875,1.0,0.99462890625,1018,0.9449901768172888,0.9990234375,0.0032329345121979713,0.7822265625,1.0181126594543457,0.9716796875,1.0,0.9736328125,987,0.795339412360689,0.86279296875
high,102,0,project,15360,0.9940043604651163,0.031658485531806946,1.0,0.0002090185007546097,0.9716796875,0.09423394501209259,0.99755859375,1.0,0.99462890625,1021,0.9725759059745348,0.9990234375,0.0054447404108941555,0.830078125,0.7549121379852295,0.984375,1.0,0.9814453125,1010,0.8336633663366336,0.90087890625
high,102,0,neither,0,0.0,8.535619735717773,0.0,8.545411109924316,0.0,8.545087814331055,0.0,0.0,0.0,0,,0.0,8.547515869140625,0.0,8.549114227294922,0.0,0.0,0.0,0,,0.0
high,102,0,neither,1280,0.00872093023255814,8.347167015075684,0.033203125,3.509068012237549,0.0302734375,3.512963056564331,0.0,0.046875,0.03271484375,0,,0.03125,3.508744239807129,0.03125,3.5135064125061035,0.0,0.03125,0.03125,0,,0.03076171875
high,102,0,neither,2560,0.07255329457364341,5.928224563598633,0.7236328125,1.2218148708343506,0.107421875,4.198726654052734,0.0,1.0,0.2783203125,0,,0.7080078125,1.2438023090362549,0.0732421875,4.244983673095703,0.0,0.140625,0.25244140625,0,,0.09033203125
high,102,0,neither,5120,0.23794815891472867,3.5863263607025146,0.9970703125,0.0365389846265316,0.294921875,3.73837947845459,0.3623046875,1.0,0.5439453125,279,0.5483870967741935,0.998046875,0.0390382781624794,0.271484375,3.7298672199249268,0.384765625,0.984375,0.2939453125,280,0.44285714285714284,0.283203125
high,102,0,neither,10240,0.9200581395348837,0.4315146803855896,0.998046875,0.006758265662938356,0.4541015625,3.3125104904174805,0.9052734375,1.0,0.9736328125,921,0.4723127035830619,0.9951171875,0.020643793046474457,0.7197265625,1.4103546142578125,0.97900390625,1.0,0.8525390625,996,0.7269076305220884,0.5869140625
high,102,0,neither,15360,0.9757146317829457,0.11427231132984161,1.0,0.0005790581344626844,0.5498046875,2.9874820709228516,0.9521484375,1.0,0.98876953125,961,0.5619146722164412,0.9990234375,0.003619795199483633,0.810546875,0.9164063930511475,0.97802734375,0.96875,0.9580078125,969,0.8235294117647058,0.68017578125
high,102,1,company,0,0.0,8.527929306030273,0.0,8.441104888916016,0.0,8.438230514526367,0.0,0.0,0.0,0,,0.0,8.487354278564453,0.0,8.482877731323242,0.0,0.0,0.0,0,,0.0
high,102,1,company,1280,0.059895833333333336,6.966594219207764,0.7099609375,1.8740253448486328,0.0791015625,3.68723464012146,0.0,1.0,0.23095703125,0,,0.654296875,1.9905396699905396,0.044921875,3.966031074523926,0.0,0.28125,0.20458984375,0,,0.06201171875
high,102,1,company,2560,0.09035852713178294,6.185739994049072,0.9052734375,0.3537059426307678,0.1142578125,4.591558456420898,0.0,1.0,0.25927734375,0,,0.9013671875,0.3294719457626343,0.2783203125,3.462646722793579,0.0009765625,0.96875,0.4013671875,0,,0.1962890625
high,102,1,company,5120,0.6681807170542635,2.0172159671783447,1.0,0.006913219578564167,0.8798828125,0.4020799994468689,0.96044921875,1.0,0.912109375,969,0.8885448916408669,0.998046875,0.014895034953951836,0.841796875,0.5710406303405762,0.98388671875,1.0,0.62646484375,998,0.8517034068136272,0.86083984375
high,102,1,company,10240,0.9758357558139535,0.12396491318941116,0.9990234375,0.006251414306461811,0.919921875,0.29498112201690674,0.98291015625,1.0,0.98828125,1006,0.9214711729622267,1.0,0.00047779164742678404,0.8798828125,0.4687504768371582,0.99267578125,1.0,0.86767578125,1019,0.8812561334641805,0.89990234375
high,102,1,company,15360,0.9829820736434108,0.07166983932256699,1.0,0.0005410393350757658,0.9580078125,0.1691661924123764,0.99267578125,1.0,0.9921875,1016,0.9576771653543307,0.9990234375,0.005322867538779974,0.9150390625,0.35882946848869324,0.98291015625,1.0,0.95166015625,1009,0.9157581764122894,0.9365234375
high,102,1,project,0,0.0,8.527929306030273,0.0,8.441104888916016,0.0,8.438230514526367,0.0,0.0,0.0,0,,0.0,8.487354278564453,0.0,8.482877731323242,0.0,0.0,0.0,0,,0.0
high,102,1,project,1280,0.0763687015503876,7.586657524108887,0.7783203125,0.9851646423339844,0.138671875,3.9982237815856934,0.0,1.0,0.32421875,0,,0.7548828125,1.0430588722229004,0.0400390625,4.465381145477295,0.0,1.0,0.22021484375,0,,0.08935546875
high,102,1,project,2560,0.14559108527131784,6.5372467041015625,0.998046875,0.0671287402510643,0.4482421875,2.662198305130005,0.2861328125,1.0,0.61572265625,176,0.8465909090909091,1.0,0.04510544240474701,0.3310546875,3.1748251914978027,0.0,0.984375,0.20263671875,0,,0.3896484375
high,102,1,project,5120,0.6979772286821705,1.970184564590454,0.9990234375,0.00536527531221509,0.8671875,0.5020222663879395,0.9814453125,1.0,0.880859375,996,0.8785140562248996,1.0,0.006349107250571251,0.8154296875,0.7145462036132812,0.896484375,1.0,0.8310546875,910,0.8252747252747252,0.84130859375
high,102,1,project,10240,0.9585755813953488,0.21367456018924713,0.9951171875,0.01388094387948513,0.8681640625,0.446790874004364,0.97900390625,1.0,0.94677734375,1001,0.8761238761238761,0.9970703125,0.012622427195310593,0.8525390625,0.5787159204483032,0.97705078125,1.0,0.95751953125,1001,0.8561438561438561,0.8603515625
high,102,1,project,15360,0.9842538759689923,0.07403694838285446,0.9990234375,0.005920682102441788,0.876953125,0.4812139570713043,0.9892578125,1.0,0.9853515625,1011,0.8852621167161226,0.9970703125,0.008673293516039848,0.8798828125,0.4377615749835968,0.98486328125,1.0,0.9775390625,1011,0.8832838773491593,0.87841796875
high,102,1,neither,0,0.0,8.527929306030273,0.0,8.441104888916016,0.0,8.438230514526367,0.0,0.0,0.0,0,,0.0,8.487354278564453,0.0,8.482877731323242,0.0,0.0,0.0,0,,0.0
high,102,1,neither,1280,0.014958817829457365,6.991893768310547,0.14453125,3.228992462158203,0.0341796875,3.5583958625793457,0.00048828125,0.140625,0.04736328125,1,0.0,0.134765625,3.233206033706665,0.0283203125,3.58341646194458,0.005859375,0.0625,0.05517578125,0,,0.03125
high,102,1,neither,2560,0.08963178294573644,5.9194016456604,0.7861328125,0.5592546463012695,0.115234375,4.557490348815918,0.00048828125,1.0,0.28173828125,1,1.0,0.7861328125,0.6109979152679443,0.2001953125,4.071763515472412,0.00048828125,0.953125,0.36669921875,1,1.0,0.15771484375
high,102,1,neither,5120,0.5715237403100775,2.4956893920898438,1.0,0.005529925227165222,0.923828125,0.2717859745025635,0.95849609375,1.0,0.91650390625,968,0.9338842975206612,0.9990234375,0.008526870980858803,0.853515625,0.5562201738357544,0.97265625,0.75,0.5048828125,737,0.8751696065128901,0.888671875
high,102,1,neither,10240,0.9477955426356589,0.2531988024711609,0.9990234375,0.001955881714820862,0.9033203125,0.4281691312789917,0.998046875,1.0,0.984375,1021,0.9040156709108716,0.998046875,0.005534907802939415,0.8232421875,0.7992750406265259,0.99267578125,1.0,0.80517578125,1013,0.8262586377097729,0.86328125
high,102,1,neither,15360,0.9786821705426356,0.10082605481147766,0.998046875,0.007175126578658819,0.9052734375,0.3747485280036926,0.99658203125,1.0,0.99072265625,1020,0.907843137254902,0.9990234375,0.0025718200486153364,0.8271484375,0.7135590314865112,0.9931640625,1.0,0.9404296875,1020,0.8274509803921568,0.8662109375
high,103,0,company,0,0.0,8.539920806884766,0.0,8.538076400756836,0.0,8.533557891845703,0.0,0.0,0.0,0,,0.0,8.51555061340332,0.0,8.515798568725586,0.0,0.0,0.0,0,,0.0
high,103,0,company,1280,0.041061046511627904,6.843555450439453,0.4580078125,2.5598511695861816,0.0546875,3.6596603393554688,0.0,0.984375,0.15234375,0,,0.419921875,2.6235008239746094,0.04296875,3.762223720550537,0.0,0.046875,0.13720703125,0,,0.048828125
high,103,0,company,2560,0.10949612403100775,5.555414199829102,0.98828125,0.1383485496044159,0.1103515625,4.880504608154297,0.01904296875,1.0,0.21826171875,13,0.38461538461538464,0.9794921875,0.15607205033302307,0.3056640625,3.1254115104675293,0.1044921875,1.0,0.47119140625,87,0.7126436781609196,0.2080078125
high,103,0,company,5120,0.6228803294573644,2.103203773498535,1.0,0.004100901074707508,0.90625,0.2936803102493286,0.96533203125,1.0,0.94189453125,976,0.9139344262295082,1.0,0.0069982935674488544,0.8369140625,0.5864652991294861,0.978515625,1.0,0.66259765625,993,0.8469284994964753,0.87158203125
high,103,0,company,10240,0.9694767441860465,0.17209495604038239,1.0,0.00032923740218393505,0.955078125,0.18072748184204102,0.99853515625,1.0,0.9296875,1022,0.9549902152641878,0.9990234375,0.0012800293043255806,0.8662109375,0.5710556507110596,0.99755859375,1.0,0.90087890625,1021,0.8667972575905974,0.91064453125
high,103,0,company,15360,0.9888565891472868,0.05369628220796585,1.0,0.00023172830697149038,0.966796875,0.09679892659187317,0.998046875,1.0,0.99658203125,1023,0.9667644183773216,1.0,0.00019436987349763513,0.9189453125,0.31507575511932373,0.99853515625,1.0,0.970703125,1024,0.9189453125,0.94287109375
high,103,0,project,0,0.0,8.539920806884766,0.0,8.538076400756836,0.0,8.533557891845703,0.0,0.0,0.0,0,,0.0,8.51555061340332,0.0,8.515798568725586,0.0,0.0,0.0,0,,0.0
high,103,0,project,1280,0.07691375968992248,7.1094136238098145,0.8095703125,0.872393012046814,0.1337890625,4.064631938934326,0.0,1.0,0.32763671875,0,,0.7587890625,0.9580215215682983,0.0439453125,4.655557632446289,0.0,0.96875,0.22607421875,0,,0.0888671875
high,103,0,project,2560,0.21148255813953487,4.58864688873291,0.9921875,0.08616387099027634,0.384765625,3.1887500286102295,0.2646484375,1.0,0.650390625,220,0.6954545454545454,0.994140625,0.07140462845563889,0.296875,3.499943494796753,0.45263671875,0.984375,0.25048828125,283,0.6501766784452296,0.3408203125
high,103,0,project,5120,0.8228561046511628,1.4335976839065552,0.9931640625,0.013883134350180626,0.74609375,1.0587941408157349,0.94384765625,1.0,0.93212890625,954,0.7693920335429769,1.0,0.004909113980829716,0.67578125,1.4889583587646484,0.990234375,1.0,0.8232421875,1013,0.6801579466929911,0.7109375
high,103,0,project,10240,0.9753512596899225,0.13689890503883362,0.9970703125,0.006354923360049725,0.837890625,0.6906840205192566,0.98681640625,1.0,0.9228515625,1007,0.846077457795432,0.998046875,0.007593194022774696,0.7138671875,1.5373222827911377,0.98193359375,1.0,0.9619140625,1007,0.717974180734856,0.77587890625
high,103,0,project,15360,0.9923086240310077,0.03692912682890892,0.998046875,0.005446787923574448,0.8203125,0.7723697423934937,0.99462890625,1.0,0.9853515625,1016,0.8238188976377953,1.0,0.0012104674242436886,0.7587890625,1.1848480701446533,0.99267578125,1.0,0.984375,1014,0.76232741617357,0.78955078125
high,103,0,neither,0,0.0,8.539920806884766,0.0,8.538076400756836,0.0,8.533557891845703,0.0,0.0,0.0,0,,0.0,8.51555061340332,0.0,8.515798568725586,0.0,0.0,0.0,0,,0.0
high,103,0,neither,1280,0.009144864341085272,7.992042541503906,0.03125,3.5056920051574707,0.03125,3.5126376152038574,0.0009765625,0.03125,0.03369140625,0,,0.033203125,3.505201816558838,0.0302734375,3.514096260070801,0.0,0.03125,0.03076171875,0,,0.03076171875
high,103,0,neither,2560,0.07194767441860465,6.160894870758057,0.7001953125,1.1555533409118652,0.1005859375,4.254263401031494,0.001953125,1.0,0.24609375,2,0.5,0.75390625,1.0380414724349976,0.111328125,4.196771621704102,0.00048828125,0.09375,0.283203125,0,,0.10595703125
high,103,0,neither,5120,0.3416303294573643,3.144230842590332,1.0,0.016035016626119614,0.4384765625,2.751527786254883,0.4287109375,1.0,0.64208984375,302,0.6887417218543046,1.0,0.020002860575914383,0.4931640625,2.392918109893799,0.6748046875,0.984375,0.38232421875,573,0.7033158813263525,0.4658203125
high,103,0,neither,10240,0.9631177325581395,0.20718435943126678,1.0,0.0022777533158659935,0.73046875,1.4502143859863281,0.96826171875,1.0,0.91552734375,984,0.741869918699187,1.0,0.003403065726161003,0.6494140625,2.2203426361083984,0.978515625,0.96875,0.8876953125,963,0.660436137071651,0.68994140625
high,103,0,neither,15360,0.9860707364341085,0.06139087677001953,0.9951171875,0.014325437135994434,0.7763671875,1.3308606147766113,0.98828125,1.0,0.9775390625,1012,0.7776679841897233,0.9990234375,0.002657146193087101,0.703125,1.8183783292770386,0.99658203125,0.984375,0.95947265625,1005,0.7044776119402985,0.73974609375
high,103,1,company,0,0.0,8.525049209594727,0.0,8.532124519348145,0.0,8.53483772277832,0.0,0.0,0.0,0,,0.0,8.527351379394531,0.0,8.526070594787598,0.0,0.0,0.0,0,,0.0
high,103,1,company,1280,0.052567829457364344,7.228950500488281,0.6337890625,2.192023754119873,0.044921875,3.7771849632263184,0.0,1.0,0.1982421875,0,,0.5380859375,2.3185644149780273,0.0458984375,3.866359233856201,0.0,0.21875,0.17822265625,0,,0.04541015625
high,103,1,company,2560,0.1335392441860465,5.438891410827637,0.8818359375,0.36835581064224243,0.0576171875,4.848816394805908,0.0,1.0,0.23974609375,0,,0.9150390625,0.28699731826782227,0.2568359375,3.728729724884033,0.29345703125,0.65625,0.478515625,142,0.7183098591549296,0.1572265625
high,103,1,company,5120,0.6577640503875969,2.029482364654541,0.9990234375,0.00947820208966732,0.5322265625,2.1653835773468018,0.82373046875,1.0,0.92529296875,797,0.5947302383939774,1.0,0.006075512617826462,0.5615234375,1.9856460094451904,0.97216796875,0.96875,0.89208984375,960,0.5697916666666667,0.546875
high,103,1,company,10240,0.9387112403100775,0.3107748031616211,1.0,0.000932690454646945,0.7119140625,1.4427835941314697,0.99560546875,1.0,0.978515625,1018,0.7141453831041258,1.0,0.0013405709760263562,0.689453125,1.5783753395080566,0.99072265625,1.0,0.974609375,1015,0.6886699507389162,0.70068359375
high,103,1,company,15360,0.9744428294573644,0.11671256273984909,1.0,0.003876681672409177,0.7353515625,1.2416006326675415,0.986328125,1.0,0.98046875,1004,0.7420318725099602,1.0,0.0015468765050172806,0.7412109375,1.1866337060928345,0.9912109375,1.0,0.98974609375,1017,0.7423795476892822,0.73828125
high,103,1,project,0,0.0,8.525049209594727,0.0,8.532124519348145,0.0,8.53483772277832,0.0,0.0,0.0,0,,0.0,8.527351379394531,0.0,8.526070594787598,0.0,0.0,0.0,0,,0.0
high,103,1,project,1280,0.07751937984496124,7.6262688636779785,0.796875,0.8943279385566711,0.1484375,4.078479766845703,0.0,1.0,0.3466796875,0,,0.7470703125,0.9570620059967041,0.0400390625,4.714188575744629,0.0,1.0,0.2119140625,0,,0.09423828125
high,103,1,project,2560,0.11052567829457365,6.601098537445068,0.998046875,0.059846483170986176,0.4775390625,2.727142810821533,0.00048828125,1.0,0.724609375,1,1.0,1.0,0.029861370101571083,0.3291015625,3.1868040561676025,0.0,0.984375,0.0986328125,0,,0.4033203125
high,103,1,project,5120,0.8703972868217055,1.347475528717041,0.9990234375,0.010893642902374268,0.7998046875,0.7977650165557861,0.93896484375,1.0,0.904296875,951,0.8138801261829653,1.0,0.004840416833758354,0.861328125,0.5115659832954407,0.984375,1.0,0.923828125,1006,0.8677932405566601,0.83056640625
high,103,1,project,10240,0.9843144379844961,0.07775360345840454,0.9990234375,0.0027843154966831207,0.841796875,0.7133705615997314,0.97607421875,1.0,0.951171875,996,0.8493975903614458,0.9990234375,0.0024061035364866257,0.8955078125,0.417847216129303,0.9931640625,1.0,0.9755859375,1016,0.8976377952755905,0.86865234375
high,103,1,project,15360,0.9890988372093024,0.050000835210084915,1.0,0.001772257499396801,0.873046875,0.48824989795684814,0.98681640625,1.0,0.97607421875,1015,0.8738916256157635,0.9990234375,0.003280355129390955,0.916015625,0.33719778060913086,0.9951171875,1.0,0.9775390625,1018,0.9165029469548134,0.89453125
high,103,1,neither,0,0.0,8.525049209594727,0.0,8.532124519348145,0.0,8.53483772277832,0.0,0.0,0.0,0,,0.0,8.527351379394531,0.0,8.526070594787598,0.0,0.0,0.0,0,,0.0
high,103,1,neither,1280,0.010174418604651164,8.274662017822266,0.0322265625,3.505476951599121,0.0302734375,3.513092041015625,0.0,0.015625,0.0390625,0,,0.0380859375,3.5059990882873535,0.0263671875,3.5133743286132812,0.0,0.03125,0.03564453125,0,,0.0283203125
high,103,1,neither,2560,0.08145591085271318,6.2569732666015625,0.9521484375,0.35837286710739136,0.11328125,4.609966278076172,0.00830078125,1.0,0.30712890625,5,0.4,0.9521484375,0.3600676655769348,0.095703125,4.799168586730957,0.0,1.0,0.26904296875,0,,0.1044921875
high,103,1,neither,5120,0.39007994186046513,3.14756441116333,1.0,0.007599180564284325,0.4619140625,2.977513551712036,0.7666015625,1.0,0.89599609375,730,0.5534246575342465,0.9990234375,0.012606330215930939,0.271484375,4.39813232421875,0.67041015625,1.0,0.22265625,606,0.35973597359735976,0.36669921875
high,103,1,neither,10240,0.9590600775193798,0.2210434079170227,0.9912109375,0.02993849664926529,0.51953125,3.430933952331543,0.99072265625,1.0,0.9677734375,1012,0.5217391304347826,0.98828125,0.024691281840205193,0.365234375,4.412626266479492,0.978515625,1.0,0.826171875,999,0.36936936936936937,0.4423828125
high,103,1,neither,15360,0.9876453488372093,0.05873829126358032,0.9931640625,0.017577163875102997,0.591796875,2.754929304122925,0.97900390625,1.0,0.98828125,1002,0.5958083832335329,0.9990234375,0.0036029070615768433,0.470703125,3.751657724380493,0.99560546875,1.0,0.96875,1021,0.4720861900097943,0.53125
high,104,0,company,0,0.0,8.535446166992188,0.0,8.522550582885742,0.0,8.5213041305542,0.0,0.0,0.0,0,,0.0,8.55470085144043,0.0,8.55197525024414,0.0,0.0,0.0,0,,0.0
high,104,0,company,1280,0.06365067829457365,7.095160007476807,0.7841796875,1.4786243438720703,0.1044921875,3.6862714290618896,0.0,1.0,0.2705078125,0,,0.6962890625,1.672142744064331,0.0595703125,4.052008628845215,0.0,0.171875,0.19970703125,0,,0.08203125
high,104,0,company,2560,0.10798207364341085,7.604012489318848,1.0,0.07004746794700623,0.09375,4.946354866027832,0.0,1.0,0.26513671875,0,,0.998046875,0.06755092740058899,0.458984375,2.5754690170288086,0.0,1.0,0.5380859375,0,,0.2763671875
high,104,0,company,5120,0.4800750968992248,2.557185173034668,1.0,0.004646799992769957,0.7724609375,0.8745150566101074,0.6767578125,1.0,0.6640625,652,0.8282208588957055,1.0,0.0066129774786531925,0.8251953125,0.7045459747314453,0.9375,1.0,0.67138671875,952,0.8392857142857143,0.798828125
high,104,0,company,10240,0.9801962209302325,0.1207876205444336,0.9990234375,0.007298263255506754,0.7392578125,1.2566194534301758,0.9697265625,1.0,0.974609375,987,0.7497467071935157,0.9990234375,0.004224688280373812,0.830078125,0.7777501344680786,0.99169921875,1.0,0.94970703125,1012,0.8349802371541502,0.78466796875
high,104,0,company,15360,0.9935198643410853,0.038341909646987915,1.0,0.00031953188590705395,0.80078125,0.9189167022705078,1.0,1.0,0.9951171875,1024,0.80078125,0.9990234375,0.005661122966557741,0.8359375,0.7594774961471558,0.97998046875,1.0,0.98974609375,1005,0.8378109452736319,0.818359375
high,104,0,project,0,0.0,8.535446166992188,0.0,8.522550582885742,0.0,8.5213041305542,0.0,0.0,0.0,0,,0.0,8.55470085144043,0.0,8.55197525024414,0.0,0.0,0.0,0,,0.0
high,104,0,project,1280,0.07673207364341085,7.838720321655273,0.7890625,0.944049596786499,0.1171875,4.070909023284912,0.0,1.0,0.33203125,0,,0.7412109375,1.0095046758651733,0.05078125,4.480701446533203,0.0,1.0,0.216796875,0,,0.083984375
high,104,0,project,2560,0.11119186046511628,7.21168327331543,0.986328125,0.08844215422868729,0.5166015625,2.6316680908203125,0.0205078125,1.0,0.71337890625,28,0.9642857142857143,0.9990234375,0.036209262907505035,0.384765625,3.1136362552642822,0.0,1.0,0.09326171875,0,,0.45068359375
high,104,0,project,5120,0.6509205426356589,2.1324164867401123,1.0,0.0031222200486809015,0.92578125,0.2848965525627136,0.98974609375,1.0,0.869140625,1014,0.9299802761341223,0.9990234375,0.008617336861789227,0.8759765625,0.4346725344657898,0.75048828125,1.0,0.7958984375,713,0.8962131837307152,0.90087890625
high,104,0,project,10240,0.9692950581395349,0.17090527713298798,1.0,0.0010452501010149717,0.919921875,0.3157612681388855,0.98974609375,1.0,0.97998046875,1012,0.924901185770751,1.0,0.0007598898955620825,0.916015625,0.3562313914299011,0.9306640625,1.0,0.9599609375,944,0.9184322033898306,0.91796875
high,104,0,project,15360,0.9866763565891473,0.06536645442247391,0.998046875,0.0046410709619522095,0.939453125,0.2251497209072113,0.99462890625,1.0,0.966796875,1019,0.9391560353287537,1.0,0.00034649434383027256,0.9404296875,0.2350388467311859,0.98974609375,1.0,0.97705078125,1012,0.9426877470355731,0.93994140625
high,104,0,neither,0,0.0,8.535446166992188,0.0,8.522550582885742,0.0,8.5213041305542,0.0,0.0,0.0,0,,0.0,8.55470085144043,0.0,8.55197525024414,0.0,0.0,0.0,0,,0.0
high,104,0,neither,1280,0.008963178294573644,8.388558387756348,0.03125,3.506887197494507,0.03125,3.5147783756256104,0.0,0.03125,0.03369140625,0,,0.03125,3.506160259246826,0.03125,3.515871524810791,0.0,0.03125,0.03173828125,0,,0.03125
high,104,0,neither,2560,0.10374273255813954,6.278836250305176,0.7890625,0.624666690826416,0.12890625,4.449275970458984,0.0,1.0,0.3125,0,,0.76171875,0.6790906190872192,0.1611328125,4.276730537414551,0.1142578125,1.0,0.3369140625,63,0.5873015873015873,0.14501953125
high,104,0,neither,5120,0.520530523255814,2.7138218879699707,0.9990234375,0.009254355914890766,0.68359375,1.3896480798721313,0.419921875,1.0,0.955078125,360,0.7777777777777778,0.998046875,0.014748536981642246,0.7353515625,1.1241734027862549,0.93798828125,1.0,0.57568359375,937,0.767342582710779,0.70947265625
high,104,0,neither,10240,0.9778343023255814,0.11782799661159515,0.9990234375,0.0026718443259596825,0.7607421875,1.1588902473449707,0.91796875,1.0,0.98974609375,918,0.7777777777777778,0.9990234375,0.004055192228406668,0.7177734375,1.5040702819824219,0.98779296875,1.0,0.94189453125,1009,0.7224975222993062,0.7392578125
high,104,0,neither,15360,0.9896438953488372,0.05331060662865639,1.0,0.00018266674305777997,0.8408203125,0.8370376229286194,0.978515625,1.0,0.99853515625,997,0.8465396188565697,1.0,0.00039296771865338087,0.7705078125,1.2146694660186768,0.99462890625,1.0,0.9755859375,1021,0.7727717923604309,0.8056640625
high,104,1,company,0,0.0,8.492956161499023,0.0,8.486936569213867,0.0,8.490633010864258,0.0,0.0,0.0,0,,0.0,8.480864524841309,0.0,8.48127555847168,0.0,0.0,0.0,0,,0.0
high,104,1,company,1280,0.014171511627906976,7.4540019035339355,0.1396484375,3.214444875717163,0.052734375,3.5564417839050293,0.0,0.34375,0.05126953125,0,,0.126953125,3.2407386302948,0.044921875,3.568401336669922,0.0,0.0625,0.04931640625,0,,0.048828125
high,104,1,company,2560,0.0876937984496124,7.814342975616455,0.8251953125,0.5095715522766113,0.05078125,5.255742073059082,0.0,1.0,0.236328125,0,,0.84375,0.47398996353149414,0.255859375,3.721470594406128,0.0,0.984375,0.4013671875,0,,0.1533203125
high,104,1,company,5120,0.49636627906976744,2.6874284744262695,1.0,0.00793833564966917,0.822265625,0.6380031108856201,0.9580078125,1.0,0.8486328125,972,0.8374485596707819,0.9990234375,0.012029601261019707,0.765625,0.9491115212440491,0.95849609375,1.0,0.35009765625,963,0.7902388369678089,0.7939453125
high,104,1,company,10240,0.9396196705426356,0.3255241811275482,1.0,0.002599170198664069,0.8798828125,0.4328480362892151,0.99609375,1.0,0.95068359375,1019,0.8812561334641805,0.9990234375,0.009951895102858543,0.8232421875,0.8944259881973267,0.98388671875,1.0,0.80859375,1004,0.8306772908366534,0.8515625
high,104,1,company,15360,0.9799539728682171,0.09725465625524521,1.0,0.0011439248919487,0.8994140625,0.4222168028354645,0.998046875,1.0,0.9921875,1022,0.901174168297456,0.9990234375,0.0024773692712187767,0.822265625,0.8022674918174744,0.99462890625,1.0,0.908203125,1015,0.8246305418719212,0.86083984375
high,104,1,project,0,0.0,8.492956161499023,0.0,8.486936569213867,0.0,8.490633010864258,0.0,0.0,0.0,0,,0.0,8.480864524841309,0.0,8.48127555847168,0.0,0.0,0.0,0,,0.0
high,104,1,project,1280,0.06819282945736434,7.150512218475342,0.755859375,1.2970894575119019,0.0791015625,4.125696182250977,0.0,1.0,0.26123046875,0,,0.75390625,1.2913975715637207,0.0556640625,4.211521625518799,0.0,0.984375,0.22265625,0,,0.0673828125
high,104,1,project,2560,0.1189437984496124,6.967629432678223,0.9951171875,0.09880761802196503,0.412109375,2.794341802597046,0.09716796875,1.0,0.560546875,83,0.8072289156626506,0.9970703125,0.08313830196857452,0.244140625,3.4344632625579834,0.0,1.0,0.23095703125,0,,0.328125
high,104,1,project,5120,0.6438953488372093,1.9975357055664062,0.9990234375,0.006244820076972246,0.8740234375,0.4515284299850464,0.9814453125,1.0,0.95458984375,996,0.8815261044176707,1.0,0.00746355764567852,0.80078125,0.6878700852394104,0.890625,1.0,0.75537109375,894,0.8165548098434005,0.83740234375
high,104,1,project,10240,0.9712936046511628,0.15304267406463623,0.994140625,0.02128005400300026,0.8505859375,0.5817587971687317,0.95849609375,1.0,0.97998046875,979,0.8651685393258427,1.0,0.0015134462155401707,0.8544921875,0.6146461367607117,0.99560546875,1.0,0.962890625,1019,0.858684985279686,0.8525390625
high,104,1,project,15360,0.9895227713178295,0.055105432868003845,1.0,0.0002637385332491249,0.9267578125,0.2165745198726654,0.99755859375,1.0,0.98828125,1022,0.9275929549902152,1.0,0.00026170897763222456,0.8955078125,0.4234502911567688,0.99609375,1.0,0.98486328125,1017,0.8997050147492626,0.9111328125
high,104,1,neither,0,0.0,8.492956161499023,0.0,8.486936569213867,0.0,8.490633010864258,0.0,0.0,0.0,0,,0.0,8.480864524841309,0.0,8.48127555847168,0.0,0.0,0.0,0,,0.0
high,104,1,neither,1280,0.008418120155038759,8.408879280090332,0.03125,3.5113329887390137,0.03125,3.512523651123047,0.0,0.03125,0.03076171875,0,,0.03125,3.5115857124328613,0.03125,3.5127148628234863,0.0,0.03125,0.0322265625,0,,0.03125
high,104,1,neither,2560,0.02779796511627907,7.17984676361084,0.369140625,2.392636775970459,0.052734375,3.8843302726745605,0.0,0.171875,0.10986328125,0,,0.365234375,2.4077930450439453,0.0517578125,3.948904037475586,0.0,0.0625,0.10009765625,0,,0.05224609375
high,104,1,neither,5120,0.24878875968992248,3.6190781593322754,0.99609375,0.043459899723529816,0.46484375,2.9517295360565186,0.39404296875,1.0,0.662109375,280,0.8357142857142857,0.9951171875,0.052353594452142715,0.345703125,3.4761850833892822,0.40380859375,0.953125,0.37255859375,265,0.6981132075471698,0.4052734375
high,104,1,neither,10240,0.8678536821705426,0.7728891968727112,0.998046875,0.013171876780688763,0.73046875,1.562598466873169,0.966796875,1.0,0.91943359375,983,0.7405900305188199,0.9990234375,0.0019151655724272132,0.6591796875,1.9158263206481934,0.97509765625,0.984375,0.841796875,970,0.6783505154639176,0.69482421875
high,104,1,neither,15360,0.958030523255814,0.19205769896507263,0.9990234375,0.0036550562363117933,0.7607421875,1.5731559991836548,0.99267578125,1.0,0.986328125,1013,0.7680157946692991,0.9990234375,0.0021170128602534533,0.7353515625,1.920231580734253,0.98388671875,0.96875,0.908203125,969,0.7409700722394221,0.748046875
high,105,0,company,0,0.0,8.531064987182617,0.0,8.55203628540039,0.0,8.552358627319336,0.0,0.0,0.0,0,,0.0,8.539593696594238,0.0,8.543041229248047,0.0,0.0,0.0,0,,0.0
high,105,0,company,1280,0.04844961240310078,7.294508457183838,0.580078125,2.3820276260375977,0.046875,3.8005502223968506,0.0,0.984375,0.17041015625,0,,0.525390625,2.436016798019409,0.0556640625,3.7975823879241943,0.0,0.234375,0.1767578125,0,,0.05126953125
high,105,0,company,2560,0.07776162790697674,7.87562370300293,0.9541015625,0.26647117733955383,0.07421875,5.225253105163574,0.0,1.0,0.19091796875,0,,0.955078125,0.23888687789440155,0.3330078125,3.057683229446411,0.0,1.0,0.36865234375,0,,0.20361328125
high,105,0,company,5120,0.350593507751938,3.609687089920044,1.0,0.0042131198570132256,0.6875,1.217345952987671,0.669921875,1.0,0.71875,568,0.778169014084507,1.0,0.010721908882260323,0.7744140625,0.785647988319397,0.55517578125,1.0,0.3818359375,560,0.8107142857142857,0.73095703125
high,105,0,company,10240,0.9718992248062015,0.171009361743927,1.0,0.0003151660203002393,0.8603515625,0.5933045148849487,0.99658203125,1.0,0.98779296875,1017,0.8623402163225172,0.998046875,0.005006039515137672,0.814453125,0.7920831441879272,0.974609375,1.0,0.97021484375,990,0.8232323232323232,0.83740234375
high,105,0,company,15360,0.992671996124031,0.036309678107500076,0.9990234375,0.003980391193181276,0.9228515625,0.2942178249359131,0.99853515625,1.0,0.9765625,1022,0.9227005870841487,0.9990234375,0.0036104826722294092,0.861328125,0.5700992345809937,0.9990234375,1.0,0.99267578125,1022,0.8610567514677103,0.89208984375
high,105,0,project,0,0.0,8.531064987182617,0.0,8.55203628540039,0.0,8.552358627319336,0.0,0.0,0.0,0,,0.0,8.539593696594238,0.0,8.543041229248047,0.0,0.0,0.0,0,,0.0
high,105,0,project,1280,0.07388565891472869,7.645369529724121,0.783203125,0.9863871335983276,0.1162109375,4.118915557861328,0.0,1.0,0.30712890625,0,,0.7509765625,1.039093255996704,0.0439453125,4.488941192626953,0.0,1.0,0.22119140625,0,,0.080078125
high,105,0,project,2560,0.15885416666666666,5.498051166534424,0.994140625,0.07035842537879944,0.4697265625,2.6585488319396973,0.26953125,1.0,0.73876953125,244,0.8032786885245902,1.0,0.04822787269949913,0.3974609375,2.8971683979034424,0.08740234375,0.984375,0.107421875,46,0.8260869565217391,0.43359375
high,105,0,project,5120,0.803234011627907,1.5636788606643677,0.998046875,0.007651654537767172,0.7919921875,0.8239465951919556,0.9658203125,1.0,0.96435546875,981,0.8022426095820592,1.0,0.003722838591784239,0.833984375,0.5937761068344116,0.91455078125,1.0,0.90966796875,924,0.8354978354978355,0.81298828125
high,105,0,project,10240,0.9840116279069767,0.09756355732679367,0.994140625,0.021188726648688316,0.84375,0.6868278980255127,0.9677734375,1.0,0.96142578125,985,0.8588832487309644,1.0,0.0014343876391649246,0.8759765625,0.4755433201789856,0.99755859375,1.0,0.982421875,1020,0.8774509803921569,0.85986328125
high,105,0,project,15360,0.9968507751937985,0.021533453837037086,0.998046875,0.004300616681575775,0.9033203125,0.3694577217102051,0.99853515625,1.0,0.98876953125,1023,0.9042033235581622,1.0,0.00013447526725940406,0.9208984375,0.3134268522262573,0.99755859375,1.0,0.9970703125,1019,0.9205103042198234,0.912109375
high,105,0,neither,0,0.0,8.531064987182617,0.0,8.55203628540039,0.0,8.552358627319336,0.0,0.0,0.0,0,,0.0,8.539593696594238,0.0,8.543041229248047,0.0,0.0,0.0,0,,0.0
high,105,0,neither,1280,0.008842054263565892,8.47479248046875,0.03125,3.514773368835449,0.03125,3.5164499282836914,0.0,0.03125,0.0322265625,0,,0.03125,3.513331890106201,0.03125,3.5158579349517822,0.0,0.03125,0.03076171875,0,,0.03125
high,105,0,neither,2560,0.03403585271317829,7.35113525390625,0.3623046875,2.488431930541992,0.0537109375,3.8273918628692627,0.0,0.4375,0.13525390625,0,,0.337890625,2.4854564666748047,0.0458984375,3.8345589637756348,0.0,0.03125,0.11962890625,0,,0.0498046875
high,105,0,neither,5120,0.16279069767441862,4.038712024688721,0.98828125,0.09153387695550919,0.265625,4.360343933105469,0.064453125,1.0,0.5107421875,48,0.5416666666666666,0.9765625,0.1243213340640068,0.3076171875,3.781480312347412,0.3203125,1.0,0.24462890625,175,0.7371428571428571,0.28662109375
high,105,0,neither,10240,0.9602713178294574,0.3658021092414856,0.9990234375,0.00514072272926569,0.4013671875,3.9677517414093018,0.92138671875,1.0,0.96044921875,915,0.4262295081967213,0.99609375,0.02510528266429901,0.611328125,2.469979763031006,0.96435546875,1.0,0.921875,979,0.6189989785495403,0.50634765625
high,105,0,neither,15360,0.9877664728682171,0.0625995323061943,0.998046875,0.006248588673770428,0.509765625,3.3989830017089844,0.97705078125,1.0,0.97412109375,992,0.5151209677419355,0.9990234375,0.00242465827614069,0.658203125,2.3235599994659424,0.984375,1.0,0.97998046875,1005,0.6626865671641791,0.583984375
high,105,1,company,0,0.0,8.536063194274902,0.0,8.527368545532227,0.0,8.518499374389648,0.0,0.0,0.0,0,,0.0,8.531307220458984,0.0,8.534274101257324,0.0,0.0,0.0,0,,0.0
high,105,1,company,1280,0.0687984496124031,7.392621040344238,0.802734375,1.0010268688201904,0.1181640625,4.007536888122559,0.0,1.0,0.2734375,0,,0.71484375,1.1567089557647705,0.0400390625,4.403947830200195,0.0,0.890625,0.21923828125,0,,0.0791015625
high,105,1,company,2560,0.15158672480620156,4.636058330535889,0.9853515625,0.1527773141860962,0.130859375,4.444767951965332,0.05615234375,1.0,0.2890625,10,0.9,0.994140625,0.10606129467487335,0.326171875,3.24273681640625,0.39501953125,1.0,0.3681640625,241,0.7634854771784232,0.228515625
high,105,1,company,5120,0.7230499031007752,1.8498178720474243,1.0,0.002918781014159322,0.8896484375,0.37653037905693054,0.94970703125,1.0,0.96240234375,966,0.8964803312629399,1.0,0.005417592823505402,0.802734375,0.7614588737487793,0.99072265625,1.0,0.671875,1010,0.808910891089109,0.84619140625
high,105,1,company,10240,0.9750484496124031,0.13442400097846985,1.0,0.0004295205289963633,0.9609375,0.1503683626651764,0.994140625,1.0,0.9794921875,1020,0.9627450980392157,1.0,0.000840448890812695,0.8515625,0.6513962149620056,0.99365234375,1.0,0.9501953125,1016,0.8533464566929134,0.90625
high,105,1,company,15360,0.983406007751938,0.07257657498121262,0.9990234375,0.0026890321169048548,0.94921875,0.2379329651594162,0.99755859375,1.0,0.9970703125,1020,0.9509803921568627,0.9970703125,0.008595610037446022,0.8291015625,0.7495220899581909,0.96533203125,1.0,0.966796875,988,0.8380566801619433,0.88916015625
high,105,1,project,0,0.0,8.536063194274902,0.0,8.527368545532227,0.0,8.518499374389648,0.0,0.0,0.0,0,,0.0,8.531307220458984,0.0,8.534274101257324,0.0,0.0,0.0,0,,0.0
high,105,1,project,1280,0.07188711240310078,7.727465629577637,0.833984375,0.8018693923950195,0.1337890625,4.146749973297119,0.0,1.0,0.31982421875,0,,0.802734375,0.8718640804290771,0.0361328125,4.632600784301758,0.0,0.984375,0.19580078125,0,,0.0849609375
high,105,1,project,2560,0.13965600775193798,7.518983840942383,0.9951171875,0.05657729133963585,0.541015625,2.4557504653930664,0.25341796875,1.0,0.74560546875,212,0.8537735849056604,1.0,0.02672847919166088,0.56640625,2.1713695526123047,0.0,0.921875,0.06298828125,0,,0.5537109375
high,105,1,project,5120,0.46457122093023256,2.8236284255981445,0.9990234375,0.0054543111473321915,0.8544921875,0.6248528957366943,0.984375,1.0,0.873046875,1002,0.8682634730538922,0.99609375,0.01976977288722992,0.837890625,0.586103081703186,0.12744140625,1.0,0.4892578125,112,0.9017857142857143,0.84619140625
high,105,1,project,10240,0.982921511627907,0.08677379786968231,0.9990234375,0.002723210956901312,0.8759765625,0.5542258024215698,0.98779296875,1.0,0.9443359375,1012,0.8843873517786561,0.9990234375,0.0025569612625986338,0.921875,0.24947398900985718,0.982421875,1.0,0.96044921875,1014,0.9220907297830375,0.89892578125
high,105,1,project,15360,0.9851623062015504,0.06142950430512428,0.9990234375,0.003404885297641158,0.9013671875,0.3969441056251526,0.99072265625,1.0,0.93701171875,1015,0.9044334975369458,1.0,0.0008564527379348874,0.9091796875,0.3712138235569,0.990234375,1.0,0.974609375,1013,0.9111549851924975,0.9052734375
high,105,1,neither,0,0.0,8.536063194274902,0.0,8.527368545532227,0.0,8.518499374389648,0.0,0.0,0.0,0,,0.0,8.531307220458984,0.0,8.534274101257324,0.0,0.0,0.0,0,,0.0
high,105,1,neither,1280,0.0516593992248062,6.692237854003906,0.619140625,2.1546549797058105,0.0693359375,3.729673385620117,0.0,1.0,0.20556640625,0,,0.5966796875,2.230919361114502,0.0361328125,3.8354501724243164,0.0,0.203125,0.169921875,0,,0.052734375
high,105,1,neither,2560,0.10416666666666667,6.145904541015625,0.86328125,0.42793959379196167,0.228515625,3.864513874053955,0.0966796875,1.0,0.42431640625,58,0.5,0.841796875,0.4626519978046417,0.115234375,4.498452186584473,0.001953125,1.0,0.2509765625,1,0.0,0.171875
high,105,1,neither,5120,0.5408187984496124,2.534613847732544,0.9892578125,0.03841724619269371,0.689453125,1.3258111476898193,0.814453125,1.0,0.853515625,803,0.7447073474470735,0.9990234375,0.015955016016960144,0.6728515625,1.2829034328460693,0.9609375,1.0,0.14892578125,966,0.6946169772256728,0.68115234375
high,105,1,neither,10240,0.9728076550387597,0.12020928412675858,0.9970703125,0.014350502751767635,0.7646484375,1.0640771389007568,0.9609375,1.0,0.970703125,982,0.7739307535641547,0.9990234375,0.006782977841794491,0.7041015625,1.3181408643722534,0.99658203125,1.0,0.87841796875,1020,0.7049019607843138,0.734375
high,105,1,neither,15360,0.9898255813953488,0.0401693619787693,0.9990234375,0.0012847221223637462,0.8447265625,0.6754897832870483,0.9833984375,1.0,0.99267578125,1006,0.8489065606361829,0.998046875,0.004154177848249674,0.7421875,1.1820106506347656,0.9951171875,1.0,0.95947265625,1018,0.7426326129666012,0.79345703125
high,106,0,company,0,0.0,8.537012100219727,0.0,8.507610321044922,0.0,8.507421493530273,0.0,0.0,0.0,0,,0.0,8.480972290039062,0.0,8.485039710998535,0.0,0.0,0.0,0,,0.0
high,106,0,company,1280,0.0718265503875969,7.129308223724365,0.7373046875,1.200232982635498,0.07421875,3.969895362854004,0.0,1.0,0.25341796875,0,,0.763671875,1.2401375770568848,0.068359375,4.084957122802734,0.0,0.921875,0.2587890625,0,,0.0712890625
high,106,0,company,2560,0.10998062015503876,6.136740684509277,0.998046875,0.08852462470531464,0.18359375,4.2258100509643555,0.0,1.0,0.34765625,0,,0.9970703125,0.10827447474002838,0.40625,2.6491289138793945,0.05712890625,1.0,0.4091796875,45,0.8,0.294921875
high,106,0,company,5120,0.6363250968992248,2.1193478107452393,0.9990234375,0.009912366047501564,0.9169921875,0.2806505858898163,0.99267578125,1.0,0.92626953125,1015,0.9211822660098522,0.9990234375,0.01159114483743906,0.861328125,0.5007082223892212,0.93408203125,0.953125,0.54541015625,912,0.8771929824561403,0.88916015625
high,106,0,company,10240,0.9666303294573644,0.16266027092933655,1.0,0.0010876524029299617,0.91015625,0.3690008223056793,0.99609375,1.0,0.98681640625,1017,0.9154375614552606,0.9990234375,0.004491143859922886,0.8798828125,0.5042444467544556,0.990234375,1.0,0.83349609375,1015,0.8807881773399014,0.89501953125
high,106,0,company,15360,0.9887960271317829,0.048009760677814484,0.9990234375,0.0018079739529639482,0.9609375,0.1300794929265976,0.99609375,1.0,0.99658203125,1021,0.960822722820764,1.0,0.0003688942233566195,0.8798828125,0.4809143841266632,0.99658203125,1.0,0.9462890625,1019,0.8822374877330716,0.92041015625
high,106,0,project,0,0.0,8.537012100219727,0.0,8.507610321044922,0.0,8.507421493530273,0.0,0.0,0.0,0,,0.0,8.480972290039062,0.0,8.485039710998535,0.0,0.0,0.0,0,,0.0
high,106,0,project,1280,0.07406734496124032,7.780661582946777,0.7890625,0.8301936388015747,0.1162109375,4.270007133483887,0.0,1.0,0.3017578125,0,,0.7744140625,0.8617463111877441,0.0478515625,4.6667375564575195,0.0,1.0,0.228515625,0,,0.08203125
high,106,0,project,2560,0.19549418604651161,4.5524749755859375,0.9853515625,0.09450896829366684,0.4423828125,2.864468574523926,0.12841796875,1.0,0.626953125,125,0.84,0.998046875,0.0452057421207428,0.3447265625,3.289684772491455,0.41650390625,1.0,0.31591796875,268,0.7611940298507462,0.3935546875
high,106,0,project,5120,0.7526647286821705,1.6501020193099976,0.998046875,0.01191253587603569,0.6630859375,1.5916376113891602,0.93310546875,1.0,0.96240234375,938,0.6982942430703625,0.994140625,0.0169296246021986,0.7001953125,1.473828673362732,0.98681640625,1.0,0.67431640625,1011,0.7042532146389713,0.681640625
high,106,0,project,10240,0.9828003875968992,0.09089654684066772,1.0,0.000751198036596179,0.794921875,1.107088327407837,0.982421875,1.0,0.978515625,1003,0.8005982053838484,1.0,0.0007362515898421407,0.734375,1.4532440900802612,0.998046875,1.0,0.91650390625,1022,0.7348336594911937,0.7646484375
high,106,0,project,15360,0.9842538759689923,0.06025729328393936,0.986328125,0.05932147428393364,0.7392578125,1.2837285995483398,0.96875,1.0,0.9794921875,990,0.7474747474747475,0.9921875,0.02663462609052658,0.73828125,1.5237659215927124,0.9990234375,1.0,0.95068359375,1024,0.73828125,0.73876953125
high,106,0,neither,0,0.0,8.537012100219727,0.0,8.507610321044922,0.0,8.507421493530273,0.0,0.0,0.0,0,,0.0,8.480972290039062,0.0,8.485039710998535,0.0,0.0,0.0,0,,0.0
high,106,0,neither,1280,0.03518653100775194,6.942834854125977,0.3701171875,2.7810702323913574,0.0439453125,3.6550021171569824,0.0,0.71875,0.1337890625,0,,0.3583984375,2.7799129486083984,0.0458984375,3.6398167610168457,0.0,0.140625,0.119140625,0,,0.044921875
high,106,0,neither,2560,0.10592296511627906,6.121395111083984,0.7724609375,0.5688779950141907,0.1650390625,4.057584762573242,0.1416015625,1.0,0.3359375,80,0.75,0.76171875,0.5832810401916504,0.171875,4.024482250213623,0.0,1.0,0.30712890625,0,,0.16845703125
high,106,0,neither,5120,0.5591690891472868,2.424917697906494,1.0,0.008185453712940216,0.8310546875,0.5858966112136841,0.9794921875,1.0,0.8515625,1001,0.8381618381618382,1.0,0.011054378002882004,0.6220703125,1.5171271562576294,0.8564453125,1.0,0.4208984375,794,0.7115869017632241,0.7265625
high,106,0,neither,10240,0.9433139534883721,0.2783399224281311,0.9990234375,0.004786060191690922,0.8955078125,0.4162532687187195,0.99951171875,1.0,0.97412109375,1024,0.8955078125,0.9921875,0.01953992247581482,0.7236328125,1.320216417312622,0.97900390625,1.0,0.8271484375,995,0.7286432160804021,0.8095703125
high,106,0,neither,15360,0.9862524224806202,0.06357056647539139,1.0,0.0004888481926172972,0.919921875,0.2950103282928467,0.99951171875,1.0,0.9912109375,1024,0.919921875,1.0,0.0013666247250512242,0.7626953125,1.1836074590682983,0.9833984375,1.0,0.962890625,1004,0.7739043824701195,0.84130859375
high,106,1,company,0,0.0,8.510964393615723,0.0,8.487704277038574,0.0,8.486544609069824,0.0,0.0,0.0,0,,0.0,8.5066499710083,0.0,8.507427215576172,0.0,0.0,0.0,0,,0.0
high,106,1,company,1280,0.060198643410852716,7.098758697509766,0.7373046875,1.6689329147338867,0.0703125,3.721674680709839,0.0,1.0,0.23974609375,0,,0.62890625,1.8918323516845703,0.048828125,4.041491508483887,0.0,0.296875,0.19970703125,0,,0.0595703125
high,106,1,company,2560,0.08460513565891473,6.1880717277526855,0.9521484375,0.23563209176063538,0.1005859375,5.055339813232422,0.0,1.0,0.20751953125,0,,0.9580078125,0.23898258805274963,0.291015625,3.397007703781128,0.00048828125,0.953125,0.40771484375,1,1.0,0.19580078125
high,106,1,company,5120,0.5933866279069767,2.308574676513672,1.0,0.004500858020037413,0.861328125,0.4980604648590088,0.96826171875,1.0,0.75732421875,976,0.8790983606557377,0.99609375,0.015461655333638191,0.802734375,0.7884729504585266,0.97412109375,1.0,0.5791015625,980,0.8244897959183674,0.83203125
high,106,1,company,10240,0.9577277131782945,0.17997673153877258,1.0,0.000915821292437613,0.9208984375,0.2732597589492798,0.95556640625,1.0,0.984375,975,0.9220512820512821,0.9990234375,0.008470711298286915,0.826171875,0.7807818055152893,0.99951171875,1.0,0.9140625,1024,0.826171875,0.87353515625
high,106,1,company,15360,0.9795300387596899,0.0878446102142334,0.9990234375,0.0042254324071109295,0.9189453125,0.3018105924129486,0.98779296875,1.0,0.98388671875,1009,0.9226957383548068,1.0,0.0001975696941372007,0.8466796875,0.6806920170783997,0.99951171875,1.0,0.97119140625,1023,0.8475073313782991,0.8828125
high,106,1,project,0,0.0,8.510964393615723,0.0,8.487704277038574,0.0,8.486544609069824,0.0,0.0,0.0,0,,0.0,8.5066499710083,0.0,8.507427215576172,0.0,0.0,0.0,0,,0.0
high,106,1,project,1280,0.07497577519379844,7.621403217315674,0.76953125,0.9546960592269897,0.12890625,4.0864763259887695,0.0,1.0,0.3251953125,0,,0.75390625,1.0071933269500732,0.0498046875,4.544325828552246,0.0,0.953125,0.21484375,0,,0.08935546875
high,106,1,project,2560,0.11391715116279069,5.916416645050049,0.994140625,0.1041642427444458,0.4189453125,2.687023162841797,0.02978515625,1.0,0.63134765625,27,0.6666666666666666,0.9990234375,0.061248473823070526,0.287109375,3.2513322830200195,0.00390625,1.0,0.18505859375,3,0.6666666666666666,0.35302734375
high,106,1,project,5120,0.7612645348837209,1.6161854267120361,1.0,0.005394015461206436,0.748046875,0.8905289173126221,0.9443359375,1.0,0.94287109375,945,0.765079365079365,0.9970703125,0.008054817095398903,0.87109375,0.45527052879333496,0.98291015625,1.0,0.8125,1006,0.8717693836978131,0.8095703125
high,106,1,project,10240,0.9719597868217055,0.15028496086597443,0.9990234375,0.0022621219977736473,0.8427734375,0.5521880388259888,0.96875,1.0,0.9619140625,983,0.8524923702950152,0.9990234375,0.0025842003524303436,0.921875,0.2833927869796753,0.9609375,1.0,0.96875,984,0.9217479674796748,0.88232421875
high,106,1,project,15360,0.983406007751938,0.06841374188661575,1.0,0.0015829652547836304,0.8740234375,0.44045156240463257,0.98388671875,1.0,0.96728515625,999,0.8808808808808809,1.0,0.0015695748152211308,0.9140625,0.28119444847106934,0.9912109375,1.0,0.966796875,1012,0.9179841897233202,0.89404296875
high,106,1,neither,0,0.0,8.510964393615723,0.0,8.487704277038574,0.0,8.486544609069824,0.0,0.0,0.0,0,,0.0,8.5066499710083,0.0,8.507427215576172,0.0,0.0,0.0,0,,0.0
high,106,1,neither,1280,0.011325096899224806,7.828823566436768,0.0771484375,3.447078227996826,0.03125,3.5187313556671143,0.0,0.046875,0.03955078125,0,,0.0810546875,3.448604106903076,0.0341796875,3.520930528640747,0.0,0.046875,0.04248046875,0,,0.03271484375
high,106,1,neither,2560,0.08823885658914729,7.098452568054199,0.826171875,0.5888748168945312,0.234375,4.013543605804443,0.0,1.0,0.40966796875,0,,0.7783203125,0.7015447020530701,0.09375,4.717126369476318,0.0,0.953125,0.23583984375,0,,0.1640625
high,106,1,neither,5120,0.47813711240310075,2.693035840988159,1.0,0.012160649523139,0.662109375,1.5639660358428955,0.80615234375,1.0,0.7861328125,746,0.774798927613941,0.998046875,0.01645459420979023,0.7548828125,0.9807940721511841,0.8955078125,1.0,0.52294921875,897,0.8015607580824972,0.70849609375
high,106,1,neither,10240,0.9641472868217055,0.19748403131961823,0.9970703125,0.0105494549497962,0.7734375,1.2707691192626953,0.93115234375,1.0,0.97314453125,933,0.7963558413719185,1.0,0.0011180761503055692,0.869140625,0.49551087617874146,0.98388671875,1.0,0.96728515625,1007,0.8728897715988083,0.8212890625
high,106,1,neither,15360,0.9895833333333334,0.05356471613049507,1.0,0.004018355160951614,0.81640625,1.0370235443115234,0.98876953125,1.0,0.9775390625,1007,0.8222442899702085,0.998046875,0.004660406149923801,0.9072265625,0.37482571601867676,0.9970703125,1.0,0.9755859375,1020,0.9088235294117647,0.86181640625
high,107,0,company,0,0.0,8.527528762817383,0.0,8.516035079956055,0.0,8.517383575439453,0.0,0.0,0.0,0,,0.0,8.499211311340332,0.0,8.495091438293457,0.0,0.0,0.0,0,,0.0
high,107,0,company,1280,0.037063953488372096,6.854190349578857,0.390625,2.766158103942871,0.0478515625,3.649066925048828,0.0,0.9375,0.1328125,0,,0.3310546875,2.858989715576172,0.0341796875,3.675116539001465,0.0,0.0625,0.12841796875,0,,0.041015625
high,107,0,company,2560,0.10144137596899225,5.286515712738037,0.74609375,0.5934809446334839,0.060546875,4.831605911254883,0.0,1.0,0.2177734375,0,,0.7861328125,0.5356746912002563,0.30859375,3.1773931980133057,0.10498046875,0.953125,0.4091796875,75,0.8266666666666667,0.1845703125
high,107,0,company,5120,0.5178657945736435,2.5507025718688965,1.0,0.005484616383910179,0.771484375,0.8571866750717163,0.87744140625,1.0,0.66455078125,857,0.8133022170361727,0.9990234375,0.013529844582080841,0.7958984375,0.7803835272789001,0.9228515625,1.0,0.3876953125,905,0.8408839779005525,0.78369140625
high,107,0,company,10240,0.9017078488372093,0.5048568248748779,0.9990234375,0.0015593520365655422,0.9384765625,0.21271474659442902,0.9931640625,1.0,0.93115234375,1020,0.9401960784313725,0.9990234375,0.0025296839885413647,0.857421875,0.5510878562927246,0.974609375,1.0,0.7314453125,998,0.8667334669338678,0.89794921875
high,107,0,company,15360,0.9582727713178295,0.18193072080612183,1.0,0.0004887976683676243,0.94140625,0.18532945215702057,0.99609375,1.0,0.95849609375,1022,0.9412915851272016,0.9951171875,0.02689695730805397,0.8525390625,0.6698269844055176,0.98779296875,1.0,0.91162109375,1011,0.857566765578635,0.89697265625
high,107,0,project,0,0.0,8.527528762817383,0.0,8.516035079956055,0.0,8.517383575439453,0.0,0.0,0.0,0,,0.0,8.499211311340332,0.0,8.495091438293457,0.0,0.0,0.0,0,,0.0
high,107,0,project,1280,0.07497577519379844,7.599240779876709,0.7646484375,0.9657912254333496,0.126953125,4.008320331573486,0.0,1.0,0.3193359375,0,,0.7353515625,1.0315964221954346,0.0380859375,4.554553985595703,0.0,1.0,0.21875,0,,0.08251953125
high,107,0,project,2560,0.22468507751937986,4.904240608215332,0.990234375,0.08656536042690277,0.439453125,2.867354154586792,0.42822265625,1.0,0.71826171875,351,0.7578347578347578,0.9970703125,0.05264350026845932,0.3720703125,3.21391224861145,0.40771484375,1.0,0.17529296875,256,0.80859375,0.40576171875
high,107,0,project,5120,0.7390382751937985,1.7232050895690918,0.9990234375,0.004629875998944044,0.7138671875,1.2910510301589966,0.93701171875,1.0,0.9814453125,939,0.7497337593184239,0.9990234375,0.0069314343854784966,0.7666015625,0.9347434043884277,0.9814453125,1.0,0.45751953125,1005,0.7721393034825871,0.740234375
high,107,0,project,10240,0.9807412790697675,0.10407627373933792,1.0,0.002571959514170885,0.7666015625,1.0232429504394531,0.9921875,1.0,0.99169921875,1012,0.7707509881422925,1.0,0.0006607205723412335,0.8271484375,0.7436217665672302,0.98681640625,1.0,0.9208984375,1010,0.8297029702970297,0.796875
high,107,0,project,15360,0.9892199612403101,0.043890684843063354,1.0,0.0003835656971205026,0.828125,0.7285780906677246,0.9912109375,1.0,0.99462890625,1014,0.8313609467455622,1.0,0.0005582998273894191,0.8525390625,0.7249883413314819,0.9970703125,1.0,0.9677734375,1023,0.8533724340175953,0.84033203125
high,107,0,neither,0,0.0,8.527528762817383,0.0,8.516035079956055,0.0,8.517383575439453,0.0,0.0,0.0,0,,0.0,8.499211311340332,0.0,8.495091438293457,0.0,0.0,0.0,0,,0.0
high,107,0,neither,1280,0.008296996124031009,8.444071769714355,0.03125,3.513324499130249,0.0302734375,3.515410900115967,0.0,0.03125,0.02978515625,0,,0.03125,3.514352321624756,0.0322265625,3.515289306640625,0.0,0.03125,0.03125,0,,0.03125
high,107,0,neither,2560,0.03439922480620155,5.950092315673828,0.53125,1.7807915210723877,0.060546875,4.231766700744629,0.0,0.65625,0.10986328125,0,,0.490234375,1.929864525794983,0.044921875,4.383033752441406,0.03271484375,0.046875,0.09716796875,1,0.0,0.052734375
high,107,0,neither,5120,0.23897771317829458,3.6837120056152344,0.9990234375,0.01813696324825287,0.42578125,3.1607940196990967,0.48681640625,1.0,0.76806640625,431,0.6032482598607889,0.9931640625,0.04614144563674927,0.3671875,3.680657386779785,0.20263671875,0.90625,0.26904296875,171,0.7309941520467836,0.396484375
high,107,0,neither,10240,0.9571826550387597,0.3370685577392578,1.0,0.0017628059722483158,0.697265625,1.8333858251571655,0.9501953125,1.0,0.98876953125,957,0.7199582027168234,0.9990234375,0.0057579465210437775,0.6826171875,2.0661520957946777,0.9736328125,1.0,0.92138671875,990,0.6868686868686869,0.68994140625
high,107,0,neither,15360,0.9829820736434108,0.07802300155162811,0.998046875,0.006139327306300402,0.810546875,1.1840274333953857,0.98193359375,1.0,0.97607421875,1001,0.8201798201798202,0.99609375,0.02067577838897705,0.701171875,1.9764468669891357,0.97705078125,1.0,0.94921875,1005,0.7064676616915423,0.755859375
high,107,1,company,0,0.0,8.54566478729248,0.0,8.488510131835938,0.0,8.487022399902344,0.0,0.0,0.0,0,,0.0,8.512876510620117,0.0,8.512435913085938,0.0,0.0,0.0,0,,0.0
high,107,1,company,1280,0.013141957364341086,7.2726969718933105,0.0654296875,3.425741195678711,0.0400390625,3.5142030715942383,0.0,0.078125,0.0498046875,0,,0.06640625,3.445971727371216,0.0341796875,3.5246500968933105,0.0,0.03125,0.04541015625,0,,0.037109375
high,107,1,company,2560,0.08993459302325581,7.325420379638672,0.9404296875,0.2992328405380249,0.072265625,5.197115898132324,0.0,1.0,0.1708984375,0,,0.9501953125,0.3081033527851105,0.28125,3.6060640811920166,0.0,1.0,0.482421875,0,,0.1767578125
high,107,1,company,5120,0.5369428294573644,2.470057725906372,1.0,0.006240294314920902,0.953125,0.1725740134716034,0.92626953125,1.0,0.89404296875,937,0.967982924226254,0.9990234375,0.011318042874336243,0.8701171875,0.5226060152053833,0.89111328125,1.0,0.78271484375,917,0.8920392584514721,0.91162109375
high,107,1,company,10240,0.9723231589147286,0.1881570816040039,0.99609375,0.011398212984204292,0.94140625,0.22130554914474487,0.98388671875,1.0,0.9677734375,1005,0.9482587064676616,0.9990234375,0.00231195823289454,0.884765625,0.5184810161590576,0.9853515625,1.0,0.9375,1008,0.8888888888888888,0.9130859375
high,107,1,company,15360,0.9906734496124031,0.04791238531470299,1.0,0.0004384847707115114,0.970703125,0.1119983121752739,0.98974609375,1.0,0.98291015625,1015,0.9724137931034482,1.0,0.0008585838368162513,0.919921875,0.3843764662742615,0.99755859375,1.0,0.984375,1020,0.9225490196078432,0.9453125
high,107,1,project,0,0.0,8.54566478729248,0.0,8.488510131835938,0.0,8.487022399902344,0.0,0.0,0.0,0,,0.0,8.512876510620117,0.0,8.512435913085938,0.0,0.0,0.0,0,,0.0
high,107,1,project,1280,0.0713420542635659,7.071539402008057,0.7421875,1.246181845664978,0.1181640625,3.850341796875,0.0,1.0,0.298828125,0,,0.7255859375,1.2642185688018799,0.04296875,4.180438995361328,0.0,1.0,0.21240234375,0,,0.08056640625
high,107,1,project,2560,0.12045784883720931,6.300761699676514,0.99609375,0.09228542447090149,0.3330078125,3.196207046508789,0.0703125,1.0,0.6748046875,65,0.6153846153846154,1.0,0.06778772175312042,0.1474609375,4.624789237976074,0.0,1.0,0.15771484375,0,,0.240234375
high,107,1,project,5120,0.690406976744186,1.9448949098587036,1.0,0.004332872107625008,0.751953125,0.9636141061782837,0.96044921875,1.0,0.92041015625,979,0.7701736465781409,1.0,0.007123538292944431,0.919921875,0.2767430245876312,0.986328125,1.0,0.83837890625,1006,0.9204771371769384,0.8359375
high,107,1,project,10240,0.9513687015503876,0.2535531520843506,1.0,0.0003926526987925172,0.8505859375,0.5650269985198975,0.974609375,1.0,0.966796875,995,0.8522613065326633,1.0,0.0005058842361904681,0.9521484375,0.12791985273361206,0.9970703125,1.0,0.9599609375,1022,0.952054794520548,0.9013671875
high,107,1,project,15360,0.982921511627907,0.07727838307619095,1.0,0.001811319962143898,0.8818359375,0.505302369594574,0.99658203125,1.0,0.9697265625,1023,0.8826979472140762,0.998046875,0.002302392153069377,0.9619140625,0.12730339169502258,0.9951171875,1.0,0.98828125,1019,0.9627085377821394,0.921875
high,107,1,neither,0,0.0,8.54566478729248,0.0,8.488510131835938,0.0,8.487022399902344,0.0,0.0,0.0,0,,0.0,8.512876510620117,0.0,8.512435913085938,0.0,0.0,0.0,0,,0.0
high,107,1,neither,1280,0.009689922480620155,8.44126033782959,0.0361328125,3.5120208263397217,0.029296875,3.513474941253662,0.0,0.078125,0.037109375,0,,0.04296875,3.5119519233703613,0.03125,3.513669013977051,0.0,0.015625,0.03173828125,0,,0.0302734375
high,107,1,neither,2560,0.022226259689922482,6.2595014572143555,0.18359375,2.875516653060913,0.0419921875,3.6675052642822266,0.01611328125,0.03125,0.0712890625,0,,0.1904296875,2.852656126022339,0.037109375,3.790874481201172,0.01123046875,0.03125,0.0654296875,0,,0.03955078125
high,107,1,neither,5120,0.1451671511627907,4.069022178649902,0.955078125,0.20969386398792267,0.1943359375,4.615839958190918,0.21875,1.0,0.365234375,132,0.5378787878787878,0.9609375,0.19597721099853516,0.158203125,5.228682518005371,0.18505859375,0.9375,0.25146484375,89,0.6292134831460674,0.17626953125
high,107,1,neither,10240,0.711906492248062,1.4824731349945068,0.9970703125,0.015838995575904846,0.4208984375,3.43121337890625,0.75341796875,1.0,0.83349609375,722,0.48614958448753465,0.9951171875,0.010219168849289417,0.41796875,4.073429584503174,0.8876953125,1.0,0.6171875,882,0.4399092970521542,0.41943359375
high,107,1,neither,15360,0.9074612403100775,0.37722301483154297,0.998046875,0.006571508012712002,0.5908203125,2.312391757965088,0.9814453125,1.0,0.98046875,999,0.6026026026026026,0.9970703125,0.00992525089532137,0.5361328125,3.413346529006958,0.98291015625,1.0,0.865234375,1004,0.5408366533864541,0.5634765625
